experiment_id,experiment_type,dataset,group,model,method,decision_stage,contestation_scenario,parameter_key,parameter_json,metric,count,mean,std,standard_error,ci95_lower,ci95_upper,alpha_negative,alpha_positive,rho_negative,rho_positive
REALDATA,SEMISYNTHETIC REAL-DATA EXPERIMENT,adult,ALL,gradient_boosting,group_threshold_calibrated,post,equal_access,8b1b8b56ce23dea1,"{""alpha_negative"": {""Female"": 0.25, ""Male"": 0.25}, ""alpha_positive"": {""Female"": 0.5, ""Male"": 0.5}, ""contestation_scenario"": ""equal_access"", ""rho_negative"": {""Female"": 0.05, ""Male"": 0.05}, ""rho_positive"": {""Female"": 0.8, ""Male"": 0.8}}",demographic_parity_gap,20,0.1759607473427555,0.0095900920698049,0.0021444097778565,0.1717577041781566,0.1801637905073543,"{'Female': 0.25, 'Male': 0.25}","{'Female': 0.5, 'Male': 0.5}","{'Female': 0.05, 'Male': 0.05}","{'Female': 0.8, 'Male': 0.8}"
REALDATA,SEMISYNTHETIC REAL-DATA EXPERIMENT,adult,ALL,gradient_boosting,group_threshold_calibrated,post,equal_access,8b1b8b56ce23dea1,"{""alpha_negative"": {""Female"": 0.25, ""Male"": 0.25}, ""alpha_positive"": {""Female"": 0.5, ""Male"": 0.5}, ""contestation_scenario"": ""equal_access"", ""rho_negative"": {""Female"": 0.05, ""Male"": 0.05}, ""rho_positive"": {""Female"": 0.8, ""Male"": 0.8}}",equal_opportunity_gap,20,0.0235274854200837,0.0160130601653087,0.0035806291057424,0.0165094523728286,0.0305455184673389,"{'Female': 0.25, 'Male': 0.25}","{'Female': 0.5, 'Male': 0.5}","{'Female': 0.05, 'Male': 0.05}","{'Female': 0.8, 'Male': 0.8}"
REALDATA,SEMISYNTHETIC REAL-DATA EXPERIMENT,adult,ALL,gradient_boosting,group_threshold_calibrated,post,equal_access,8b1b8b56ce23dea1,"{""alpha_negative"": {""Female"": 0.25, ""Male"": 0.25}, ""alpha_positive"": {""Female"": 0.5, ""Male"": 0.5}, ""contestation_scenario"": ""equal_access"", ""rho_negative"": {""Female"": 0.05, ""Male"": 0.05}, ""rho_positive"": {""Female"": 0.8, ""Male"": 0.8}}",equalized_odds_gap,20,0.0457441792919032,0.0075573858625151,0.0016898828520779,0.0424320089018304,0.049056349681976,"{'Female': 0.25, 'Male': 0.25}","{'Female': 0.5, 'Male': 0.5}","{'Female': 0.05, 'Male': 0.05}","{'Female': 0.8, 'Male': 0.8}"
REALDATA,SEMISYNTHETIC REAL-DATA EXPERIMENT,adult,ALL,gradient_boosting,group_threshold_calibrated,post,equal_access,8b1b8b56ce23dea1,"{""alpha_negative"": {""Female"": 0.25, ""Male"": 0.25}, ""alpha_positive"": {""Female"": 0.5, ""Male"": 0.5}, ""contestation_scenario"": ""equal_access"", ""rho_negative"": {""Female"": 0.05, ""Male"": 0.05}, ""rho_positive"": {""Female"": 0.8, ""Male"": 0.8}}",fpr_gap,20,0.043511358186411,0.0096033328423906,0.0021473705046141,0.0393025119973672,0.0477202043754547,"{'Female': 0.25, 'Male': 0.25}","{'Female': 0.5, 'Male': 0.5}","{'Female': 0.05, 'Male': 0.05}","{'Female': 0.8, 'Male': 0.8}"
REALDATA,SEMISYNTHETIC REAL-DATA EXPERIMENT,adult,ALL,gradient_boosting,group_threshold_calibrated,post,moderate_first_group,58a445a909825bd5,"{""alpha_negative"": {""Female"": 0.25, ""Male"": 0.25}, ""alpha_positive"": {""Female"": 0.65, ""Male"": 0.35}, ""contestation_scenario"": ""moderate_first_group"", ""rho_negative"": {""Female"": 0.05, ""Male"": 0.05}, ""rho_positive"": {""Female"": 0.8, ""Male"": 0.8}}",demographic_parity_gap,20,0.1591418853398024,0.0125925640223757,0.002815782916505,0.1536229508234525,0.1646608198561523,"{'Female': 0.25, 'Male': 0.25}","{'Female': 0.65, 'Male': 0.35}","{'Female': 0.05, 'Male': 0.05}","{'Female': 0.8, 'Male': 0.8}"
REALDATA,SEMISYNTHETIC REAL-DATA EXPERIMENT,adult,ALL,gradient_boosting,group_threshold_calibrated,post,moderate_first_group,58a445a909825bd5,"{""alpha_negative"": {""Female"": 0.25, ""Male"": 0.25}, ""alpha_positive"": {""Female"": 0.65, ""Male"": 0.35}, ""contestation_scenario"": ""moderate_first_group"", ""rho_negative"": {""Female"": 0.05, ""Male"": 0.05}, ""rho_positive"": {""Female"": 0.8, ""Male"": 0.8}}",equal_opportunity_gap,20,0.0771474052305448,0.033574168332516,0.0075074122679526,0.0624328771853576,0.0918619332757321,"{'Female': 0.25, 'Male': 0.25}","{'Female': 0.65, 'Male': 0.35}","{'Female': 0.05, 'Male': 0.05}","{'Female': 0.8, 'Male': 0.8}"
REALDATA,SEMISYNTHETIC REAL-DATA EXPERIMENT,adult,ALL,gradient_boosting,group_threshold_calibrated,post,moderate_first_group,58a445a909825bd5,"{""alpha_negative"": {""Female"": 0.25, ""Male"": 0.25}, ""alpha_positive"": {""Female"": 0.65, ""Male"": 0.35}, ""contestation_scenario"": ""moderate_first_group"", ""rho_negative"": {""Female"": 0.05, ""Male"": 0.05}, ""rho_positive"": {""Female"": 0.8, ""Male"": 0.8}}",equalized_odds_gap,20,0.0810982499223357,0.0273956026436746,0.0061258429795829,0.0690915976823531,0.0931049021623182,"{'Female': 0.25, 'Male': 0.25}","{'Female': 0.65, 'Male': 0.35}","{'Female': 0.05, 'Male': 0.05}","{'Female': 0.8, 'Male': 0.8}"
REALDATA,SEMISYNTHETIC REAL-DATA EXPERIMENT,adult,ALL,gradient_boosting,group_threshold_calibrated,post,moderate_first_group,58a445a909825bd5,"{""alpha_negative"": {""Female"": 0.25, ""Male"": 0.25}, ""alpha_positive"": {""Female"": 0.65, ""Male"": 0.35}, ""contestation_scenario"": ""moderate_first_group"", ""rho_negative"": {""Female"": 0.05, ""Male"": 0.05}, ""rho_positive"": {""Female"": 0.8, ""Male"": 0.8}}",fpr_gap,20,0.0437973238705289,0.0102138779037191,0.0022838925306598,0.0393208945104355,0.0482737532306222,"{'Female': 0.25, 'Male': 0.25}","{'Female': 0.65, 'Male': 0.35}","{'Female': 0.05, 'Male': 0.05}","{'Female': 0.8, 'Male': 0.8}"
REALDATA,SEMISYNTHETIC REAL-DATA EXPERIMENT,adult,ALL,gradient_boosting,group_threshold_calibrated,post,moderate_second_group,f2d18f38dbf44f65,"{""alpha_negative"": {""Female"": 0.25, ""Male"": 0.25}, ""alpha_positive"": {""Female"": 0.35, ""Male"": 0.65}, ""contestation_scenario"": ""moderate_second_group"", ""rho_negative"": {""Female"": 0.05, ""Male"": 0.05}, ""rho_positive"": {""Female"": 0.8, ""Male"": 0.8}}",demographic_parity_gap,20,0.1930621795905283,0.0117009540387352,0.0026164128632212,0.1879340103786146,0.198190348802442,"{'Female': 0.25, 'Male': 0.25}","{'Female': 0.35, 'Male': 0.65}","{'Female': 0.05, 'Male': 0.05}","{'Female': 0.8, 'Male': 0.8}"
REALDATA,SEMISYNTHETIC REAL-DATA EXPERIMENT,adult,ALL,gradient_boosting,group_threshold_calibrated,post,moderate_second_group,f2d18f38dbf44f65,"{""alpha_negative"": {""Female"": 0.25, ""Male"": 0.25}, ""alpha_positive"": {""Female"": 0.35, ""Male"": 0.65}, ""contestation_scenario"": ""moderate_second_group"", ""rho_negative"": {""Female"": 0.05, ""Male"": 0.05}, ""rho_positive"": {""Female"": 0.8, ""Male"": 0.8}}",equal_opportunity_gap,20,0.0866061258429013,0.0331898588621603,0.0074214780579414,0.0720600288493361,0.1011522228364666,"{'Female': 0.25, 'Male': 0.25}","{'Female': 0.35, 'Male': 0.65}","{'Female': 0.05, 'Male': 0.05}","{'Female': 0.8, 'Male': 0.8}"
REALDATA,SEMISYNTHETIC REAL-DATA EXPERIMENT,adult,ALL,gradient_boosting,group_threshold_calibrated,post,moderate_second_group,f2d18f38dbf44f65,"{""alpha_negative"": {""Female"": 0.25, ""Male"": 0.25}, ""alpha_positive"": {""Female"": 0.35, ""Male"": 0.65}, ""contestation_scenario"": ""moderate_second_group"", ""rho_negative"": {""Female"": 0.05, ""Male"": 0.05}, ""rho_positive"": {""Female"": 0.8, ""Male"": 0.8}}",equalized_odds_gap,20,0.0869968972442587,0.0321737840933012,0.0071942768326023,0.0728961146523582,0.1010976798361592,"{'Female': 0.25, 'Male': 0.25}","{'Female': 0.35, 'Male': 0.65}","{'Female': 0.05, 'Male': 0.05}","{'Female': 0.8, 'Male': 0.8}"
REALDATA,SEMISYNTHETIC REAL-DATA EXPERIMENT,adult,ALL,gradient_boosting,group_threshold_calibrated,post,moderate_second_group,f2d18f38dbf44f65,"{""alpha_negative"": {""Female"": 0.25, ""Male"": 0.25}, ""alpha_positive"": {""Female"": 0.35, ""Male"": 0.65}, ""contestation_scenario"": ""moderate_second_group"", ""rho_negative"": {""Female"": 0.05, ""Male"": 0.05}, ""rho_positive"": {""Female"": 0.8, ""Male"": 0.8}}",fpr_gap,20,0.0432457238580243,0.010400933209432,0.0023257193685725,0.0386873138956222,0.0478041338204264,"{'Female': 0.25, 'Male': 0.25}","{'Female': 0.35, 'Male': 0.65}","{'Female': 0.05, 'Male': 0.05}","{'Female': 0.8, 'Male': 0.8}"
REALDATA,SEMISYNTHETIC REAL-DATA EXPERIMENT,adult,ALL,gradient_boosting,group_threshold_calibrated,post,strong_first_group,80db5b8b411cb1ee,"{""alpha_negative"": {""Female"": 0.25, ""Male"": 0.25}, ""alpha_positive"": {""Female"": 0.75, ""Male"": 0.25}, ""contestation_scenario"": ""strong_first_group"", ""rho_negative"": {""Female"": 0.05, ""Male"": 0.05}, ""rho_positive"": {""Female"": 0.8, ""Male"": 0.8}}",demographic_parity_gap,20,0.1471813162419913,0.0120940131175728,0.0027043035451667,0.1418808812934646,0.1524817511905181,"{'Female': 0.25, 'Male': 0.25}","{'Female': 0.75, 'Male': 0.25}","{'Female': 0.05, 'Male': 0.05}","{'Female': 0.8, 'Male': 0.8}"
REALDATA,SEMISYNTHETIC REAL-DATA EXPERIMENT,adult,ALL,gradient_boosting,group_threshold_calibrated,post,strong_first_group,80db5b8b411cb1ee,"{""alpha_negative"": {""Female"": 0.25, ""Male"": 0.25}, ""alpha_positive"": {""Female"": 0.75, ""Male"": 0.25}, ""contestation_scenario"": ""strong_first_group"", ""rho_negative"": {""Female"": 0.05, ""Male"": 0.05}, ""rho_positive"": {""Female"": 0.8, ""Male"": 0.8}}",equal_opportunity_gap,20,0.1351643657736467,0.0289231820671347,0.0064674201227716,0.1224882223330144,0.1478405092142791,"{'Female': 0.25, 'Male': 0.25}","{'Female': 0.75, 'Male': 0.25}","{'Female': 0.05, 'Male': 0.05}","{'Female': 0.8, 'Male': 0.8}"
REALDATA,SEMISYNTHETIC REAL-DATA EXPERIMENT,adult,ALL,gradient_boosting,group_threshold_calibrated,post,strong_first_group,80db5b8b411cb1ee,"{""alpha_negative"": {""Female"": 0.25, ""Male"": 0.25}, ""alpha_positive"": {""Female"": 0.75, ""Male"": 0.25}, ""contestation_scenario"": ""strong_first_group"", ""rho_negative"": {""Female"": 0.05, ""Male"": 0.05}, ""rho_positive"": {""Female"": 0.8, ""Male"": 0.8}}",equalized_odds_gap,20,0.1351643657736467,0.0289231820671347,0.0064674201227716,0.1224882223330144,0.1478405092142791,"{'Female': 0.25, 'Male': 0.25}","{'Female': 0.75, 'Male': 0.25}","{'Female': 0.05, 'Male': 0.05}","{'Female': 0.8, 'Male': 0.8}"
REALDATA,SEMISYNTHETIC REAL-DATA EXPERIMENT,adult,ALL,gradient_boosting,group_threshold_calibrated,post,strong_first_group,80db5b8b411cb1ee,"{""alpha_negative"": {""Female"": 0.25, ""Male"": 0.25}, ""alpha_positive"": {""Female"": 0.75, ""Male"": 0.25}, ""contestation_scenario"": ""strong_first_group"", ""rho_negative"": {""Female"": 0.05, ""Male"": 0.05}, ""rho_positive"": {""Female"": 0.8, ""Male"": 0.8}}",fpr_gap,20,0.0439063080194674,0.0100106251598738,0.0022384438354747,0.0395189581019368,0.0482936579369979,"{'Female': 0.25, 'Male': 0.25}","{'Female': 0.75, 'Male': 0.25}","{'Female': 0.05, 'Male': 0.05}","{'Female': 0.8, 'Male': 0.8}"
REALDATA,SEMISYNTHETIC REAL-DATA EXPERIMENT,adult,ALL,gradient_boosting,group_threshold_calibrated,post,strong_second_group,1a6f52e99e976851,"{""alpha_negative"": {""Female"": 0.25, ""Male"": 0.25}, ""alpha_positive"": {""Female"": 0.25, ""Male"": 0.75}, ""contestation_scenario"": ""strong_second_group"", ""rho_negative"": {""Female"": 0.05, ""Male"": 0.05}, ""rho_positive"": {""Female"": 0.8, ""Male"": 0.8}}",demographic_parity_gap,20,0.2036127602577128,0.0108575026292079,0.0024278113944791,0.1988542499245336,0.208371270590892,"{'Female': 0.25, 'Male': 0.25}","{'Female': 0.25, 'Male': 0.75}","{'Female': 0.05, 'Male': 0.05}","{'Female': 0.8, 'Male': 0.8}"
REALDATA,SEMISYNTHETIC REAL-DATA EXPERIMENT,adult,ALL,gradient_boosting,group_threshold_calibrated,post,strong_second_group,1a6f52e99e976851,"{""alpha_negative"": {""Female"": 0.25, ""Male"": 0.25}, ""alpha_positive"": {""Female"": 0.25, ""Male"": 0.75}, ""contestation_scenario"": ""strong_second_group"", ""rho_negative"": {""Female"": 0.05, ""Male"": 0.05}, ""rho_positive"": {""Female"": 0.8, ""Male"": 0.8}}",equal_opportunity_gap,20,0.1374934504282849,0.0290250720435288,0.0064902034141159,0.1247726517366177,0.1502142491199521,"{'Female': 0.25, 'Male': 0.25}","{'Female': 0.25, 'Male': 0.75}","{'Female': 0.05, 'Male': 0.05}","{'Female': 0.8, 'Male': 0.8}"
REALDATA,SEMISYNTHETIC REAL-DATA EXPERIMENT,adult,ALL,gradient_boosting,group_threshold_calibrated,post,strong_second_group,1a6f52e99e976851,"{""alpha_negative"": {""Female"": 0.25, ""Male"": 0.25}, ""alpha_positive"": {""Female"": 0.25, ""Male"": 0.75}, ""contestation_scenario"": ""strong_second_group"", ""rho_negative"": {""Female"": 0.05, ""Male"": 0.05}, ""rho_positive"": {""Female"": 0.8, ""Male"": 0.8}}",equalized_odds_gap,20,0.1374934504282849,0.0290250720435288,0.0064902034141159,0.1247726517366177,0.1502142491199521,"{'Female': 0.25, 'Male': 0.25}","{'Female': 0.25, 'Male': 0.75}","{'Female': 0.05, 'Male': 0.05}","{'Female': 0.8, 'Male': 0.8}"
REALDATA,SEMISYNTHETIC REAL-DATA EXPERIMENT,adult,ALL,gradient_boosting,group_threshold_calibrated,post,strong_second_group,1a6f52e99e976851,"{""alpha_negative"": {""Female"": 0.25, ""Male"": 0.25}, ""alpha_positive"": {""Female"": 0.25, ""Male"": 0.75}, ""contestation_scenario"": ""strong_second_group"", ""rho_negative"": {""Female"": 0.05, ""Male"": 0.05}, ""rho_positive"": {""Female"": 0.8, ""Male"": 0.8}}",fpr_gap,20,0.0432473898626098,0.0102207230862429,0.002285423160004,0.0387679604690018,0.0477268192562178,"{'Female': 0.25, 'Male': 0.25}","{'Female': 0.25, 'Male': 0.75}","{'Female': 0.05, 'Male': 0.05}","{'Female': 0.8, 'Male': 0.8}"
REALDATA,SEMISYNTHETIC REAL-DATA EXPERIMENT,adult,ALL,gradient_boosting,group_threshold_calibrated,pre,equal_access,8b1b8b56ce23dea1,"{""alpha_negative"": {""Female"": 0.25, ""Male"": 0.25}, ""alpha_positive"": {""Female"": 0.5, ""Male"": 0.5}, ""contestation_scenario"": ""equal_access"", ""rho_negative"": {""Female"": 0.05, ""Male"": 0.05}, ""rho_positive"": {""Female"": 0.8, ""Male"": 0.8}}",demographic_parity_gap,20,0.1520358220330608,0.0134507560846728,0.0030076804954097,0.1461407682620577,0.1579308758040639,"{'Female': 0.25, 'Male': 0.25}","{'Female': 0.5, 'Male': 0.5}","{'Female': 0.05, 'Male': 0.05}","{'Female': 0.8, 'Male': 0.8}"
REALDATA,SEMISYNTHETIC REAL-DATA EXPERIMENT,adult,ALL,gradient_boosting,group_threshold_calibrated,pre,equal_access,8b1b8b56ce23dea1,"{""alpha_negative"": {""Female"": 0.25, ""Male"": 0.25}, ""alpha_positive"": {""Female"": 0.5, ""Male"": 0.5}, ""contestation_scenario"": ""equal_access"", ""rho_negative"": {""Female"": 0.05, ""Male"": 0.05}, ""rho_positive"": {""Female"": 0.8, ""Male"": 0.8}}",equal_opportunity_gap,20,0.0334485203663203,0.0273539683849503,0.0061165332763129,0.021460115144747,0.0454369255878936,"{'Female': 0.25, 'Male': 0.25}","{'Female': 0.5, 'Male': 0.5}","{'Female': 0.05, 'Male': 0.05}","{'Female': 0.8, 'Male': 0.8}"
REALDATA,SEMISYNTHETIC REAL-DATA EXPERIMENT,adult,ALL,gradient_boosting,group_threshold_calibrated,pre,equal_access,8b1b8b56ce23dea1,"{""alpha_negative"": {""Female"": 0.25, ""Male"": 0.25}, ""alpha_positive"": {""Female"": 0.5, ""Male"": 0.5}, ""contestation_scenario"": ""equal_access"", ""rho_negative"": {""Female"": 0.05, ""Male"": 0.05}, ""rho_positive"": {""Female"": 0.8, ""Male"": 0.8}}",equalized_odds_gap,20,0.0531906730346415,0.015674859934861,0.0035050052352137,0.0463208627736226,0.0600604832956604,"{'Female': 0.25, 'Male': 0.25}","{'Female': 0.5, 'Male': 0.5}","{'Female': 0.05, 'Male': 0.05}","{'Female': 0.8, 'Male': 0.8}"
REALDATA,SEMISYNTHETIC REAL-DATA EXPERIMENT,adult,ALL,gradient_boosting,group_threshold_calibrated,pre,equal_access,8b1b8b56ce23dea1,"{""alpha_negative"": {""Female"": 0.25, ""Male"": 0.25}, ""alpha_positive"": {""Female"": 0.5, ""Male"": 0.5}, ""contestation_scenario"": ""equal_access"", ""rho_negative"": {""Female"": 0.05, ""Male"": 0.05}, ""rho_positive"": {""Female"": 0.8, ""Male"": 0.8}}",fpr_gap,20,0.0447740409799003,0.0097177853834346,0.0021729628708113,0.0405150337531101,0.0490330482066906,"{'Female': 0.25, 'Male': 0.25}","{'Female': 0.5, 'Male': 0.5}","{'Female': 0.05, 'Male': 0.05}","{'Female': 0.8, 'Male': 0.8}"
REALDATA,SEMISYNTHETIC REAL-DATA EXPERIMENT,adult,ALL,gradient_boosting,group_threshold_calibrated,pre,moderate_first_group,58a445a909825bd5,"{""alpha_negative"": {""Female"": 0.25, ""Male"": 0.25}, ""alpha_positive"": {""Female"": 0.65, ""Male"": 0.35}, ""contestation_scenario"": ""moderate_first_group"", ""rho_negative"": {""Female"": 0.05, ""Male"": 0.05}, ""rho_positive"": {""Female"": 0.8, ""Male"": 0.8}}",demographic_parity_gap,20,0.1520358220330608,0.0134507560846728,0.0030076804954097,0.1461407682620577,0.1579308758040639,"{'Female': 0.25, 'Male': 0.25}","{'Female': 0.65, 'Male': 0.35}","{'Female': 0.05, 'Male': 0.05}","{'Female': 0.8, 'Male': 0.8}"
REALDATA,SEMISYNTHETIC REAL-DATA EXPERIMENT,adult,ALL,gradient_boosting,group_threshold_calibrated,pre,moderate_first_group,58a445a909825bd5,"{""alpha_negative"": {""Female"": 0.25, ""Male"": 0.25}, ""alpha_positive"": {""Female"": 0.65, ""Male"": 0.35}, ""contestation_scenario"": ""moderate_first_group"", ""rho_negative"": {""Female"": 0.05, ""Male"": 0.05}, ""rho_positive"": {""Female"": 0.8, ""Male"": 0.8}}",equal_opportunity_gap,20,0.0334485203663203,0.0273539683849503,0.0061165332763129,0.021460115144747,0.0454369255878936,"{'Female': 0.25, 'Male': 0.25}","{'Female': 0.65, 'Male': 0.35}","{'Female': 0.05, 'Male': 0.05}","{'Female': 0.8, 'Male': 0.8}"
REALDATA,SEMISYNTHETIC REAL-DATA EXPERIMENT,adult,ALL,gradient_boosting,group_threshold_calibrated,pre,moderate_first_group,58a445a909825bd5,"{""alpha_negative"": {""Female"": 0.25, ""Male"": 0.25}, ""alpha_positive"": {""Female"": 0.65, ""Male"": 0.35}, ""contestation_scenario"": ""moderate_first_group"", ""rho_negative"": {""Female"": 0.05, ""Male"": 0.05}, ""rho_positive"": {""Female"": 0.8, ""Male"": 0.8}}",equalized_odds_gap,20,0.0531906730346415,0.015674859934861,0.0035050052352137,0.0463208627736226,0.0600604832956604,"{'Female': 0.25, 'Male': 0.25}","{'Female': 0.65, 'Male': 0.35}","{'Female': 0.05, 'Male': 0.05}","{'Female': 0.8, 'Male': 0.8}"
REALDATA,SEMISYNTHETIC REAL-DATA EXPERIMENT,adult,ALL,gradient_boosting,group_threshold_calibrated,pre,moderate_first_group,58a445a909825bd5,"{""alpha_negative"": {""Female"": 0.25, ""Male"": 0.25}, ""alpha_positive"": {""Female"": 0.65, ""Male"": 0.35}, ""contestation_scenario"": ""moderate_first_group"", ""rho_negative"": {""Female"": 0.05, ""Male"": 0.05}, ""rho_positive"": {""Female"": 0.8, ""Male"": 0.8}}",fpr_gap,20,0.0447740409799003,0.0097177853834346,0.0021729628708113,0.0405150337531101,0.0490330482066906,"{'Female': 0.25, 'Male': 0.25}","{'Female': 0.65, 'Male': 0.35}","{'Female': 0.05, 'Male': 0.05}","{'Female': 0.8, 'Male': 0.8}"
REALDATA,SEMISYNTHETIC REAL-DATA EXPERIMENT,adult,ALL,gradient_boosting,group_threshold_calibrated,pre,moderate_second_group,f2d18f38dbf44f65,"{""alpha_negative"": {""Female"": 0.25, ""Male"": 0.25}, ""alpha_positive"": {""Female"": 0.35, ""Male"": 0.65}, ""contestation_scenario"": ""moderate_second_group"", ""rho_negative"": {""Female"": 0.05, ""Male"": 0.05}, ""rho_positive"": {""Female"": 0.8, ""Male"": 0.8}}",demographic_parity_gap,20,0.1520358220330608,0.0134507560846728,0.0030076804954097,0.1461407682620577,0.1579308758040639,"{'Female': 0.25, 'Male': 0.25}","{'Female': 0.35, 'Male': 0.65}","{'Female': 0.05, 'Male': 0.05}","{'Female': 0.8, 'Male': 0.8}"
REALDATA,SEMISYNTHETIC REAL-DATA EXPERIMENT,adult,ALL,gradient_boosting,group_threshold_calibrated,pre,moderate_second_group,f2d18f38dbf44f65,"{""alpha_negative"": {""Female"": 0.25, ""Male"": 0.25}, ""alpha_positive"": {""Female"": 0.35, ""Male"": 0.65}, ""contestation_scenario"": ""moderate_second_group"", ""rho_negative"": {""Female"": 0.05, ""Male"": 0.05}, ""rho_positive"": {""Female"": 0.8, ""Male"": 0.8}}",equal_opportunity_gap,20,0.0334485203663203,0.0273539683849503,0.0061165332763129,0.021460115144747,0.0454369255878936,"{'Female': 0.25, 'Male': 0.25}","{'Female': 0.35, 'Male': 0.65}","{'Female': 0.05, 'Male': 0.05}","{'Female': 0.8, 'Male': 0.8}"
REALDATA,SEMISYNTHETIC REAL-DATA EXPERIMENT,adult,ALL,gradient_boosting,group_threshold_calibrated,pre,moderate_second_group,f2d18f38dbf44f65,"{""alpha_negative"": {""Female"": 0.25, ""Male"": 0.25}, ""alpha_positive"": {""Female"": 0.35, ""Male"": 0.65}, ""contestation_scenario"": ""moderate_second_group"", ""rho_negative"": {""Female"": 0.05, ""Male"": 0.05}, ""rho_positive"": {""Female"": 0.8, ""Male"": 0.8}}",equalized_odds_gap,20,0.0531906730346415,0.015674859934861,0.0035050052352137,0.0463208627736226,0.0600604832956604,"{'Female': 0.25, 'Male': 0.25}","{'Female': 0.35, 'Male': 0.65}","{'Female': 0.05, 'Male': 0.05}","{'Female': 0.8, 'Male': 0.8}"
REALDATA,SEMISYNTHETIC REAL-DATA EXPERIMENT,adult,ALL,gradient_boosting,group_threshold_calibrated,pre,moderate_second_group,f2d18f38dbf44f65,"{""alpha_negative"": {""Female"": 0.25, ""Male"": 0.25}, ""alpha_positive"": {""Female"": 0.35, ""Male"": 0.65}, ""contestation_scenario"": ""moderate_second_group"", ""rho_negative"": {""Female"": 0.05, ""Male"": 0.05}, ""rho_positive"": {""Female"": 0.8, ""Male"": 0.8}}",fpr_gap,20,0.0447740409799003,0.0097177853834346,0.0021729628708113,0.0405150337531101,0.0490330482066906,"{'Female': 0.25, 'Male': 0.25}","{'Female': 0.35, 'Male': 0.65}","{'Female': 0.05, 'Male': 0.05}","{'Female': 0.8, 'Male': 0.8}"
REALDATA,SEMISYNTHETIC REAL-DATA EXPERIMENT,adult,ALL,gradient_boosting,group_threshold_calibrated,pre,strong_first_group,80db5b8b411cb1ee,"{""alpha_negative"": {""Female"": 0.25, ""Male"": 0.25}, ""alpha_positive"": {""Female"": 0.75, ""Male"": 0.25}, ""contestation_scenario"": ""strong_first_group"", ""rho_negative"": {""Female"": 0.05, ""Male"": 0.05}, ""rho_positive"": {""Female"": 0.8, ""Male"": 0.8}}",demographic_parity_gap,20,0.1520358220330608,0.0134507560846728,0.0030076804954097,0.1461407682620577,0.1579308758040639,"{'Female': 0.25, 'Male': 0.25}","{'Female': 0.75, 'Male': 0.25}","{'Female': 0.05, 'Male': 0.05}","{'Female': 0.8, 'Male': 0.8}"
REALDATA,SEMISYNTHETIC REAL-DATA EXPERIMENT,adult,ALL,gradient_boosting,group_threshold_calibrated,pre,strong_first_group,80db5b8b411cb1ee,"{""alpha_negative"": {""Female"": 0.25, ""Male"": 0.25}, ""alpha_positive"": {""Female"": 0.75, ""Male"": 0.25}, ""contestation_scenario"": ""strong_first_group"", ""rho_negative"": {""Female"": 0.05, ""Male"": 0.05}, ""rho_positive"": {""Female"": 0.8, ""Male"": 0.8}}",equal_opportunity_gap,20,0.0334485203663203,0.0273539683849503,0.0061165332763129,0.021460115144747,0.0454369255878936,"{'Female': 0.25, 'Male': 0.25}","{'Female': 0.75, 'Male': 0.25}","{'Female': 0.05, 'Male': 0.05}","{'Female': 0.8, 'Male': 0.8}"
REALDATA,SEMISYNTHETIC REAL-DATA EXPERIMENT,adult,ALL,gradient_boosting,group_threshold_calibrated,pre,strong_first_group,80db5b8b411cb1ee,"{""alpha_negative"": {""Female"": 0.25, ""Male"": 0.25}, ""alpha_positive"": {""Female"": 0.75, ""Male"": 0.25}, ""contestation_scenario"": ""strong_first_group"", ""rho_negative"": {""Female"": 0.05, ""Male"": 0.05}, ""rho_positive"": {""Female"": 0.8, ""Male"": 0.8}}",equalized_odds_gap,20,0.0531906730346415,0.015674859934861,0.0035050052352137,0.0463208627736226,0.0600604832956604,"{'Female': 0.25, 'Male': 0.25}","{'Female': 0.75, 'Male': 0.25}","{'Female': 0.05, 'Male': 0.05}","{'Female': 0.8, 'Male': 0.8}"
REALDATA,SEMISYNTHETIC REAL-DATA EXPERIMENT,adult,ALL,gradient_boosting,group_threshold_calibrated,pre,strong_first_group,80db5b8b411cb1ee,"{""alpha_negative"": {""Female"": 0.25, ""Male"": 0.25}, ""alpha_positive"": {""Female"": 0.75, ""Male"": 0.25}, ""contestation_scenario"": ""strong_first_group"", ""rho_negative"": {""Female"": 0.05, ""Male"": 0.05}, ""rho_positive"": {""Female"": 0.8, ""Male"": 0.8}}",fpr_gap,20,0.0447740409799003,0.0097177853834346,0.0021729628708113,0.0405150337531101,0.0490330482066906,"{'Female': 0.25, 'Male': 0.25}","{'Female': 0.75, 'Male': 0.25}","{'Female': 0.05, 'Male': 0.05}","{'Female': 0.8, 'Male': 0.8}"
REALDATA,SEMISYNTHETIC REAL-DATA EXPERIMENT,adult,ALL,gradient_boosting,group_threshold_calibrated,pre,strong_second_group,1a6f52e99e976851,"{""alpha_negative"": {""Female"": 0.25, ""Male"": 0.25}, ""alpha_positive"": {""Female"": 0.25, ""Male"": 0.75}, ""contestation_scenario"": ""strong_second_group"", ""rho_negative"": {""Female"": 0.05, ""Male"": 0.05}, ""rho_positive"": {""Female"": 0.8, ""Male"": 0.8}}",demographic_parity_gap,20,0.1520358220330608,0.0134507560846728,0.0030076804954097,0.1461407682620577,0.1579308758040639,"{'Female': 0.25, 'Male': 0.25}","{'Female': 0.25, 'Male': 0.75}","{'Female': 0.05, 'Male': 0.05}","{'Female': 0.8, 'Male': 0.8}"
REALDATA,SEMISYNTHETIC REAL-DATA EXPERIMENT,adult,ALL,gradient_boosting,group_threshold_calibrated,pre,strong_second_group,1a6f52e99e976851,"{""alpha_negative"": {""Female"": 0.25, ""Male"": 0.25}, ""alpha_positive"": {""Female"": 0.25, ""Male"": 0.75}, ""contestation_scenario"": ""strong_second_group"", ""rho_negative"": {""Female"": 0.05, ""Male"": 0.05}, ""rho_positive"": {""Female"": 0.8, ""Male"": 0.8}}",equal_opportunity_gap,20,0.0334485203663203,0.0273539683849503,0.0061165332763129,0.021460115144747,0.0454369255878936,"{'Female': 0.25, 'Male': 0.25}","{'Female': 0.25, 'Male': 0.75}","{'Female': 0.05, 'Male': 0.05}","{'Female': 0.8, 'Male': 0.8}"
REALDATA,SEMISYNTHETIC REAL-DATA EXPERIMENT,adult,ALL,gradient_boosting,group_threshold_calibrated,pre,strong_second_group,1a6f52e99e976851,"{""alpha_negative"": {""Female"": 0.25, ""Male"": 0.25}, ""alpha_positive"": {""Female"": 0.25, ""Male"": 0.75}, ""contestation_scenario"": ""strong_second_group"", ""rho_negative"": {""Female"": 0.05, ""Male"": 0.05}, ""rho_positive"": {""Female"": 0.8, ""Male"": 0.8}}",equalized_odds_gap,20,0.0531906730346415,0.015674859934861,0.0035050052352137,0.0463208627736226,0.0600604832956604,"{'Female': 0.25, 'Male': 0.25}","{'Female': 0.25, 'Male': 0.75}","{'Female': 0.05, 'Male': 0.05}","{'Female': 0.8, 'Male': 0.8}"
REALDATA,SEMISYNTHETIC REAL-DATA EXPERIMENT,adult,ALL,gradient_boosting,group_threshold_calibrated,pre,strong_second_group,1a6f52e99e976851,"{""alpha_negative"": {""Female"": 0.25, ""Male"": 0.25}, ""alpha_positive"": {""Female"": 0.25, ""Male"": 0.75}, ""contestation_scenario"": ""strong_second_group"", ""rho_negative"": {""Female"": 0.05, ""Male"": 0.05}, ""rho_positive"": {""Female"": 0.8, ""Male"": 0.8}}",fpr_gap,20,0.0447740409799003,0.0097177853834346,0.0021729628708113,0.0405150337531101,0.0490330482066906,"{'Female': 0.25, 'Male': 0.25}","{'Female': 0.25, 'Male': 0.75}","{'Female': 0.05, 'Male': 0.05}","{'Female': 0.8, 'Male': 0.8}"
REALDATA,SEMISYNTHETIC REAL-DATA EXPERIMENT,adult,ALL,logistic,group_threshold_calibrated,post,equal_access,8b1b8b56ce23dea1,"{""alpha_negative"": {""Female"": 0.25, ""Male"": 0.25}, ""alpha_positive"": {""Female"": 0.5, ""Male"": 0.5}, ""contestation_scenario"": ""equal_access"", ""rho_negative"": {""Female"": 0.05, ""Male"": 0.05}, ""rho_positive"": {""Female"": 0.8, ""Male"": 0.8}}",demographic_parity_gap,20,0.1743915961054661,0.0117965038220205,0.0026377784442873,0.1692215503546628,0.1795616418562694,"{'Female': 0.25, 'Male': 0.25}","{'Female': 0.5, 'Male': 0.5}","{'Female': 0.05, 'Male': 0.05}","{'Female': 0.8, 'Male': 0.8}"
REALDATA,SEMISYNTHETIC REAL-DATA EXPERIMENT,adult,ALL,logistic,group_threshold_calibrated,post,equal_access,8b1b8b56ce23dea1,"{""alpha_negative"": {""Female"": 0.25, ""Male"": 0.25}, ""alpha_positive"": {""Female"": 0.5, ""Male"": 0.5}, ""contestation_scenario"": ""equal_access"", ""rho_negative"": {""Female"": 0.05, ""Male"": 0.05}, ""rho_positive"": {""Female"": 0.8, ""Male"": 0.8}}",equal_opportunity_gap,20,0.0288436019227263,0.0214887375350906,0.0048050277879113,0.01942574745842,0.0382614563870327,"{'Female': 0.25, 'Male': 0.25}","{'Female': 0.5, 'Male': 0.5}","{'Female': 0.05, 'Male': 0.05}","{'Female': 0.8, 'Male': 0.8}"
REALDATA,SEMISYNTHETIC REAL-DATA EXPERIMENT,adult,ALL,logistic,group_threshold_calibrated,post,equal_access,8b1b8b56ce23dea1,"{""alpha_negative"": {""Female"": 0.25, ""Male"": 0.25}, ""alpha_positive"": {""Female"": 0.5, ""Male"": 0.5}, ""contestation_scenario"": ""equal_access"", ""rho_negative"": {""Female"": 0.05, ""Male"": 0.05}, ""rho_positive"": {""Female"": 0.8, ""Male"": 0.8}}",equalized_odds_gap,20,0.0549671194068375,0.009066378052246,0.0020273037634534,0.0509936040304688,0.0589406347832063,"{'Female': 0.25, 'Male': 0.25}","{'Female': 0.5, 'Male': 0.5}","{'Female': 0.05, 'Male': 0.05}","{'Female': 0.8, 'Male': 0.8}"
REALDATA,SEMISYNTHETIC REAL-DATA EXPERIMENT,adult,ALL,logistic,group_threshold_calibrated,post,equal_access,8b1b8b56ce23dea1,"{""alpha_negative"": {""Female"": 0.25, ""Male"": 0.25}, ""alpha_positive"": {""Female"": 0.5, ""Male"": 0.5}, ""contestation_scenario"": ""equal_access"", ""rho_negative"": {""Female"": 0.05, ""Male"": 0.05}, ""rho_positive"": {""Female"": 0.8, ""Male"": 0.8}}",fpr_gap,20,0.0527473178088646,0.0097594447797141,0.0021822781950096,0.0484700525466457,0.0570245830710834,"{'Female': 0.25, 'Male': 0.25}","{'Female': 0.5, 'Male': 0.5}","{'Female': 0.05, 'Male': 0.05}","{'Female': 0.8, 'Male': 0.8}"
REALDATA,SEMISYNTHETIC REAL-DATA EXPERIMENT,adult,ALL,logistic,group_threshold_calibrated,post,moderate_first_group,58a445a909825bd5,"{""alpha_negative"": {""Female"": 0.25, ""Male"": 0.25}, ""alpha_positive"": {""Female"": 0.65, ""Male"": 0.35}, ""contestation_scenario"": ""moderate_first_group"", ""rho_negative"": {""Female"": 0.05, ""Male"": 0.05}, ""rho_positive"": {""Female"": 0.8, ""Male"": 0.8}}",demographic_parity_gap,20,0.1544405780053303,0.0125446838108439,0.0028050765757288,0.1489426279169018,0.1599385280937587,"{'Female': 0.25, 'Male': 0.25}","{'Female': 0.65, 'Male': 0.35}","{'Female': 0.05, 'Male': 0.05}","{'Female': 0.8, 'Male': 0.8}"
REALDATA,SEMISYNTHETIC REAL-DATA EXPERIMENT,adult,ALL,logistic,group_threshold_calibrated,post,moderate_first_group,58a445a909825bd5,"{""alpha_negative"": {""Female"": 0.25, ""Male"": 0.25}, ""alpha_positive"": {""Female"": 0.65, ""Male"": 0.35}, ""contestation_scenario"": ""moderate_first_group"", ""rho_negative"": {""Female"": 0.05, ""Male"": 0.05}, ""rho_positive"": {""Female"": 0.8, ""Male"": 0.8}}",equal_opportunity_gap,20,0.0953898134226352,0.0330807050751886,0.0073970705291744,0.0808915551854534,0.1098880716598171,"{'Female': 0.25, 'Male': 0.25}","{'Female': 0.65, 'Male': 0.35}","{'Female': 0.05, 'Male': 0.05}","{'Female': 0.8, 'Male': 0.8}"
REALDATA,SEMISYNTHETIC REAL-DATA EXPERIMENT,adult,ALL,logistic,group_threshold_calibrated,post,moderate_first_group,58a445a909825bd5,"{""alpha_negative"": {""Female"": 0.25, ""Male"": 0.25}, ""alpha_positive"": {""Female"": 0.65, ""Male"": 0.35}, ""contestation_scenario"": ""moderate_first_group"", ""rho_negative"": {""Female"": 0.05, ""Male"": 0.05}, ""rho_positive"": {""Female"": 0.8, ""Male"": 0.8}}",equalized_odds_gap,20,0.0986070020456506,0.0271848832542833,0.0060787246916973,0.0866927016499239,0.1105213024413774,"{'Female': 0.25, 'Male': 0.25}","{'Female': 0.65, 'Male': 0.35}","{'Female': 0.05, 'Male': 0.05}","{'Female': 0.8, 'Male': 0.8}"
REALDATA,SEMISYNTHETIC REAL-DATA EXPERIMENT,adult,ALL,logistic,group_threshold_calibrated,post,moderate_first_group,58a445a909825bd5,"{""alpha_negative"": {""Female"": 0.25, ""Male"": 0.25}, ""alpha_positive"": {""Female"": 0.65, ""Male"": 0.35}, ""contestation_scenario"": ""moderate_first_group"", ""rho_negative"": {""Female"": 0.05, ""Male"": 0.05}, ""rho_positive"": {""Female"": 0.8, ""Male"": 0.8}}",fpr_gap,20,0.0528733013043633,0.0103644764444608,0.0023175673881009,0.0483308692236854,0.0574157333850412,"{'Female': 0.25, 'Male': 0.25}","{'Female': 0.65, 'Male': 0.35}","{'Female': 0.05, 'Male': 0.05}","{'Female': 0.8, 'Male': 0.8}"
REALDATA,SEMISYNTHETIC REAL-DATA EXPERIMENT,adult,ALL,logistic,group_threshold_calibrated,post,moderate_second_group,f2d18f38dbf44f65,"{""alpha_negative"": {""Female"": 0.25, ""Male"": 0.25}, ""alpha_positive"": {""Female"": 0.35, ""Male"": 0.65}, ""contestation_scenario"": ""moderate_second_group"", ""rho_negative"": {""Female"": 0.05, ""Male"": 0.05}, ""rho_positive"": {""Female"": 0.8, ""Male"": 0.8}}",demographic_parity_gap,20,0.194582105436849,0.01263298543713,0.0028248214196187,0.1890454554543962,0.2001187554193018,"{'Female': 0.25, 'Male': 0.25}","{'Female': 0.35, 'Male': 0.65}","{'Female': 0.05, 'Male': 0.05}","{'Female': 0.8, 'Male': 0.8}"
REALDATA,SEMISYNTHETIC REAL-DATA EXPERIMENT,adult,ALL,logistic,group_threshold_calibrated,post,moderate_second_group,f2d18f38dbf44f65,"{""alpha_negative"": {""Female"": 0.25, ""Male"": 0.25}, ""alpha_positive"": {""Female"": 0.35, ""Male"": 0.65}, ""contestation_scenario"": ""moderate_second_group"", ""rho_negative"": {""Female"": 0.05, ""Male"": 0.05}, ""rho_positive"": {""Female"": 0.8, ""Male"": 0.8}}",equal_opportunity_gap,20,0.0980385456533624,0.0403617468165016,0.0090251609572333,0.080349230177185,0.1157278611295398,"{'Female': 0.25, 'Male': 0.25}","{'Female': 0.35, 'Male': 0.65}","{'Female': 0.05, 'Male': 0.05}","{'Female': 0.8, 'Male': 0.8}"
REALDATA,SEMISYNTHETIC REAL-DATA EXPERIMENT,adult,ALL,logistic,group_threshold_calibrated,post,moderate_second_group,f2d18f38dbf44f65,"{""alpha_negative"": {""Female"": 0.25, ""Male"": 0.25}, ""alpha_positive"": {""Female"": 0.35, ""Male"": 0.65}, ""contestation_scenario"": ""moderate_second_group"", ""rho_negative"": {""Female"": 0.05, ""Male"": 0.05}, ""rho_positive"": {""Female"": 0.8, ""Male"": 0.8}}",equalized_odds_gap,20,0.0998989539445523,0.037111179045426,0.0082983119070738,0.0836342626066876,0.116163645282417,"{'Female': 0.25, 'Male': 0.25}","{'Female': 0.35, 'Male': 0.65}","{'Female': 0.05, 'Male': 0.05}","{'Female': 0.8, 'Male': 0.8}"
REALDATA,SEMISYNTHETIC REAL-DATA EXPERIMENT,adult,ALL,logistic,group_threshold_calibrated,post,moderate_second_group,f2d18f38dbf44f65,"{""alpha_negative"": {""Female"": 0.25, ""Male"": 0.25}, ""alpha_positive"": {""Female"": 0.35, ""Male"": 0.65}, ""contestation_scenario"": ""moderate_second_group"", ""rho_negative"": {""Female"": 0.05, ""Male"": 0.05}, ""rho_positive"": {""Female"": 0.8, ""Male"": 0.8}}",fpr_gap,20,0.0527309894389795,0.0101634500502928,0.0022726165198378,0.0482766610600974,0.0571853178178617,"{'Female': 0.25, 'Male': 0.25}","{'Female': 0.35, 'Male': 0.65}","{'Female': 0.05, 'Male': 0.05}","{'Female': 0.8, 'Male': 0.8}"
REALDATA,SEMISYNTHETIC REAL-DATA EXPERIMENT,adult,ALL,logistic,group_threshold_calibrated,post,strong_first_group,80db5b8b411cb1ee,"{""alpha_negative"": {""Female"": 0.25, ""Male"": 0.25}, ""alpha_positive"": {""Female"": 0.75, ""Male"": 0.25}, ""contestation_scenario"": ""strong_first_group"", ""rho_negative"": {""Female"": 0.05, ""Male"": 0.05}, ""rho_positive"": {""Female"": 0.8, ""Male"": 0.8}}",demographic_parity_gap,20,0.1411802037476826,0.0113298640495779,0.0025334346190687,0.1362146718943079,0.1461457356010573,"{'Female': 0.25, 'Male': 0.25}","{'Female': 0.75, 'Male': 0.25}","{'Female': 0.05, 'Male': 0.05}","{'Female': 0.8, 'Male': 0.8}"
REALDATA,SEMISYNTHETIC REAL-DATA EXPERIMENT,adult,ALL,logistic,group_threshold_calibrated,post,strong_first_group,80db5b8b411cb1ee,"{""alpha_negative"": {""Female"": 0.25, ""Male"": 0.25}, ""alpha_positive"": {""Female"": 0.75, ""Male"": 0.25}, ""contestation_scenario"": ""strong_first_group"", ""rho_negative"": {""Female"": 0.05, ""Male"": 0.05}, ""rho_positive"": {""Female"": 0.8, ""Male"": 0.8}}",equal_opportunity_gap,20,0.159867072170585,0.0279360819112077,0.0062466978178462,0.1476235444476063,0.1721105998935636,"{'Female': 0.25, 'Male': 0.25}","{'Female': 0.75, 'Male': 0.25}","{'Female': 0.05, 'Male': 0.05}","{'Female': 0.8, 'Male': 0.8}"
REALDATA,SEMISYNTHETIC REAL-DATA EXPERIMENT,adult,ALL,logistic,group_threshold_calibrated,post,strong_first_group,80db5b8b411cb1ee,"{""alpha_negative"": {""Female"": 0.25, ""Male"": 0.25}, ""alpha_positive"": {""Female"": 0.75, ""Male"": 0.25}, ""contestation_scenario"": ""strong_first_group"", ""rho_negative"": {""Female"": 0.05, ""Male"": 0.05}, ""rho_positive"": {""Female"": 0.8, ""Male"": 0.8}}",equalized_odds_gap,20,0.159867072170585,0.0279360819112077,0.0062466978178462,0.1476235444476063,0.1721105998935636,"{'Female': 0.25, 'Male': 0.25}","{'Female': 0.75, 'Male': 0.25}","{'Female': 0.05, 'Male': 0.05}","{'Female': 0.8, 'Male': 0.8}"
REALDATA,SEMISYNTHETIC REAL-DATA EXPERIMENT,adult,ALL,logistic,group_threshold_calibrated,post,strong_first_group,80db5b8b411cb1ee,"{""alpha_negative"": {""Female"": 0.25, ""Male"": 0.25}, ""alpha_positive"": {""Female"": 0.75, ""Male"": 0.25}, ""contestation_scenario"": ""strong_first_group"", ""rho_negative"": {""Female"": 0.05, ""Male"": 0.05}, ""rho_positive"": {""Female"": 0.8, ""Male"": 0.8}}",fpr_gap,20,0.0527443174756637,0.0099285448716993,0.0022200901250776,0.0483929408305114,0.0570956941208159,"{'Female': 0.25, 'Male': 0.25}","{'Female': 0.75, 'Male': 0.25}","{'Female': 0.05, 'Male': 0.05}","{'Female': 0.8, 'Male': 0.8}"
REALDATA,SEMISYNTHETIC REAL-DATA EXPERIMENT,adult,ALL,logistic,group_threshold_calibrated,post,strong_second_group,1a6f52e99e976851,"{""alpha_negative"": {""Female"": 0.25, ""Male"": 0.25}, ""alpha_positive"": {""Female"": 0.25, ""Male"": 0.75}, ""contestation_scenario"": ""strong_second_group"", ""rho_negative"": {""Female"": 0.05, ""Male"": 0.05}, ""rho_positive"": {""Female"": 0.8, ""Male"": 0.8}}",demographic_parity_gap,20,0.2076075722423923,0.0117602860251625,0.0026296798987104,0.2024533996409198,0.2127617448438647,"{'Female': 0.25, 'Male': 0.25}","{'Female': 0.25, 'Male': 0.75}","{'Female': 0.05, 'Male': 0.05}","{'Female': 0.8, 'Male': 0.8}"
REALDATA,SEMISYNTHETIC REAL-DATA EXPERIMENT,adult,ALL,logistic,group_threshold_calibrated,post,strong_second_group,1a6f52e99e976851,"{""alpha_negative"": {""Female"": 0.25, ""Male"": 0.25}, ""alpha_positive"": {""Female"": 0.25, ""Male"": 0.75}, ""contestation_scenario"": ""strong_second_group"", ""rho_negative"": {""Female"": 0.05, ""Male"": 0.05}, ""rho_positive"": {""Female"": 0.8, ""Male"": 0.8}}",equal_opportunity_gap,20,0.163076077546929,0.0370856428547624,0.0082926018412528,0.1468225779380735,0.1793295771557846,"{'Female': 0.25, 'Male': 0.25}","{'Female': 0.25, 'Male': 0.75}","{'Female': 0.05, 'Male': 0.05}","{'Female': 0.8, 'Male': 0.8}"
REALDATA,SEMISYNTHETIC REAL-DATA EXPERIMENT,adult,ALL,logistic,group_threshold_calibrated,post,strong_second_group,1a6f52e99e976851,"{""alpha_negative"": {""Female"": 0.25, ""Male"": 0.25}, ""alpha_positive"": {""Female"": 0.25, ""Male"": 0.75}, ""contestation_scenario"": ""strong_second_group"", ""rho_negative"": {""Female"": 0.05, ""Male"": 0.05}, ""rho_positive"": {""Female"": 0.8, ""Male"": 0.8}}",equalized_odds_gap,20,0.163076077546929,0.0370856428547624,0.0082926018412528,0.1468225779380735,0.1793295771557846,"{'Female': 0.25, 'Male': 0.25}","{'Female': 0.25, 'Male': 0.75}","{'Female': 0.05, 'Male': 0.05}","{'Female': 0.8, 'Male': 0.8}"
REALDATA,SEMISYNTHETIC REAL-DATA EXPERIMENT,adult,ALL,logistic,group_threshold_calibrated,post,strong_second_group,1a6f52e99e976851,"{""alpha_negative"": {""Female"": 0.25, ""Male"": 0.25}, ""alpha_positive"": {""Female"": 0.25, ""Male"": 0.75}, ""contestation_scenario"": ""strong_second_group"", ""rho_negative"": {""Female"": 0.05, ""Male"": 0.05}, ""rho_positive"": {""Female"": 0.8, ""Male"": 0.8}}",fpr_gap,20,0.0524913478320209,0.0099114888070207,0.0022162762730726,0.0481474463367985,0.0568352493272433,"{'Female': 0.25, 'Male': 0.25}","{'Female': 0.25, 'Male': 0.75}","{'Female': 0.05, 'Male': 0.05}","{'Female': 0.8, 'Male': 0.8}"
REALDATA,SEMISYNTHETIC REAL-DATA EXPERIMENT,adult,ALL,logistic,group_threshold_calibrated,pre,equal_access,8b1b8b56ce23dea1,"{""alpha_negative"": {""Female"": 0.25, ""Male"": 0.25}, ""alpha_positive"": {""Female"": 0.5, ""Male"": 0.5}, ""contestation_scenario"": ""equal_access"", ""rho_negative"": {""Female"": 0.05, ""Male"": 0.05}, ""rho_positive"": {""Female"": 0.8, ""Male"": 0.8}}",demographic_parity_gap,20,0.1464272857550138,0.0138268840218845,0.0030917852589939,0.1403673866473857,0.152487184862642,"{'Female': 0.25, 'Male': 0.25}","{'Female': 0.5, 'Male': 0.5}","{'Female': 0.05, 'Male': 0.05}","{'Female': 0.8, 'Male': 0.8}"
REALDATA,SEMISYNTHETIC REAL-DATA EXPERIMENT,adult,ALL,logistic,group_threshold_calibrated,pre,equal_access,8b1b8b56ce23dea1,"{""alpha_negative"": {""Female"": 0.25, ""Male"": 0.25}, ""alpha_positive"": {""Female"": 0.5, ""Male"": 0.5}, ""contestation_scenario"": ""equal_access"", ""rho_negative"": {""Female"": 0.05, ""Male"": 0.05}, ""rho_positive"": {""Female"": 0.8, ""Male"": 0.8}}",equal_opportunity_gap,20,0.0393580850191361,0.0264871551935949,0.0059227079543464,0.0277495774286169,0.0509665926096552,"{'Female': 0.25, 'Male': 0.25}","{'Female': 0.5, 'Male': 0.5}","{'Female': 0.05, 'Male': 0.05}","{'Female': 0.8, 'Male': 0.8}"
REALDATA,SEMISYNTHETIC REAL-DATA EXPERIMENT,adult,ALL,logistic,group_threshold_calibrated,pre,equal_access,8b1b8b56ce23dea1,"{""alpha_negative"": {""Female"": 0.25, ""Male"": 0.25}, ""alpha_positive"": {""Female"": 0.5, ""Male"": 0.5}, ""contestation_scenario"": ""equal_access"", ""rho_negative"": {""Female"": 0.05, ""Male"": 0.05}, ""rho_positive"": {""Female"": 0.8, ""Male"": 0.8}}",equalized_odds_gap,20,0.0605333485638664,0.0129041344050095,0.0028854521720395,0.0548778623066689,0.0661888348210638,"{'Female': 0.25, 'Male': 0.25}","{'Female': 0.5, 'Male': 0.5}","{'Female': 0.05, 'Male': 0.05}","{'Female': 0.8, 'Male': 0.8}"
REALDATA,SEMISYNTHETIC REAL-DATA EXPERIMENT,adult,ALL,logistic,group_threshold_calibrated,pre,equal_access,8b1b8b56ce23dea1,"{""alpha_negative"": {""Female"": 0.25, ""Male"": 0.25}, ""alpha_positive"": {""Female"": 0.5, ""Male"": 0.5}, ""contestation_scenario"": ""equal_access"", ""rho_negative"": {""Female"": 0.05, ""Male"": 0.05}, ""rho_positive"": {""Female"": 0.8, ""Male"": 0.8}}",fpr_gap,20,0.05409465803445,0.0098122543350978,0.0021940867705795,0.049794247964114,0.058395068104786,"{'Female': 0.25, 'Male': 0.25}","{'Female': 0.5, 'Male': 0.5}","{'Female': 0.05, 'Male': 0.05}","{'Female': 0.8, 'Male': 0.8}"
REALDATA,SEMISYNTHETIC REAL-DATA EXPERIMENT,adult,ALL,logistic,group_threshold_calibrated,pre,moderate_first_group,58a445a909825bd5,"{""alpha_negative"": {""Female"": 0.25, ""Male"": 0.25}, ""alpha_positive"": {""Female"": 0.65, ""Male"": 0.35}, ""contestation_scenario"": ""moderate_first_group"", ""rho_negative"": {""Female"": 0.05, ""Male"": 0.05}, ""rho_positive"": {""Female"": 0.8, ""Male"": 0.8}}",demographic_parity_gap,20,0.1464272857550138,0.0138268840218845,0.0030917852589939,0.1403673866473857,0.152487184862642,"{'Female': 0.25, 'Male': 0.25}","{'Female': 0.65, 'Male': 0.35}","{'Female': 0.05, 'Male': 0.05}","{'Female': 0.8, 'Male': 0.8}"
REALDATA,SEMISYNTHETIC REAL-DATA EXPERIMENT,adult,ALL,logistic,group_threshold_calibrated,pre,moderate_first_group,58a445a909825bd5,"{""alpha_negative"": {""Female"": 0.25, ""Male"": 0.25}, ""alpha_positive"": {""Female"": 0.65, ""Male"": 0.35}, ""contestation_scenario"": ""moderate_first_group"", ""rho_negative"": {""Female"": 0.05, ""Male"": 0.05}, ""rho_positive"": {""Female"": 0.8, ""Male"": 0.8}}",equal_opportunity_gap,20,0.0393580850191361,0.0264871551935949,0.0059227079543464,0.0277495774286169,0.0509665926096552,"{'Female': 0.25, 'Male': 0.25}","{'Female': 0.65, 'Male': 0.35}","{'Female': 0.05, 'Male': 0.05}","{'Female': 0.8, 'Male': 0.8}"
REALDATA,SEMISYNTHETIC REAL-DATA EXPERIMENT,adult,ALL,logistic,group_threshold_calibrated,pre,moderate_first_group,58a445a909825bd5,"{""alpha_negative"": {""Female"": 0.25, ""Male"": 0.25}, ""alpha_positive"": {""Female"": 0.65, ""Male"": 0.35}, ""contestation_scenario"": ""moderate_first_group"", ""rho_negative"": {""Female"": 0.05, ""Male"": 0.05}, ""rho_positive"": {""Female"": 0.8, ""Male"": 0.8}}",equalized_odds_gap,20,0.0605333485638664,0.0129041344050095,0.0028854521720395,0.0548778623066689,0.0661888348210638,"{'Female': 0.25, 'Male': 0.25}","{'Female': 0.65, 'Male': 0.35}","{'Female': 0.05, 'Male': 0.05}","{'Female': 0.8, 'Male': 0.8}"
REALDATA,SEMISYNTHETIC REAL-DATA EXPERIMENT,adult,ALL,logistic,group_threshold_calibrated,pre,moderate_first_group,58a445a909825bd5,"{""alpha_negative"": {""Female"": 0.25, ""Male"": 0.25}, ""alpha_positive"": {""Female"": 0.65, ""Male"": 0.35}, ""contestation_scenario"": ""moderate_first_group"", ""rho_negative"": {""Female"": 0.05, ""Male"": 0.05}, ""rho_positive"": {""Female"": 0.8, ""Male"": 0.8}}",fpr_gap,20,0.05409465803445,0.0098122543350978,0.0021940867705795,0.049794247964114,0.058395068104786,"{'Female': 0.25, 'Male': 0.25}","{'Female': 0.65, 'Male': 0.35}","{'Female': 0.05, 'Male': 0.05}","{'Female': 0.8, 'Male': 0.8}"
REALDATA,SEMISYNTHETIC REAL-DATA EXPERIMENT,adult,ALL,logistic,group_threshold_calibrated,pre,moderate_second_group,f2d18f38dbf44f65,"{""alpha_negative"": {""Female"": 0.25, ""Male"": 0.25}, ""alpha_positive"": {""Female"": 0.35, ""Male"": 0.65}, ""contestation_scenario"": ""moderate_second_group"", ""rho_negative"": {""Female"": 0.05, ""Male"": 0.05}, ""rho_positive"": {""Female"": 0.8, ""Male"": 0.8}}",demographic_parity_gap,20,0.1464272857550138,0.0138268840218845,0.0030917852589939,0.1403673866473857,0.152487184862642,"{'Female': 0.25, 'Male': 0.25}","{'Female': 0.35, 'Male': 0.65}","{'Female': 0.05, 'Male': 0.05}","{'Female': 0.8, 'Male': 0.8}"
REALDATA,SEMISYNTHETIC REAL-DATA EXPERIMENT,adult,ALL,logistic,group_threshold_calibrated,pre,moderate_second_group,f2d18f38dbf44f65,"{""alpha_negative"": {""Female"": 0.25, ""Male"": 0.25}, ""alpha_positive"": {""Female"": 0.35, ""Male"": 0.65}, ""contestation_scenario"": ""moderate_second_group"", ""rho_negative"": {""Female"": 0.05, ""Male"": 0.05}, ""rho_positive"": {""Female"": 0.8, ""Male"": 0.8}}",equal_opportunity_gap,20,0.0393580850191361,0.0264871551935949,0.0059227079543464,0.0277495774286169,0.0509665926096552,"{'Female': 0.25, 'Male': 0.25}","{'Female': 0.35, 'Male': 0.65}","{'Female': 0.05, 'Male': 0.05}","{'Female': 0.8, 'Male': 0.8}"
REALDATA,SEMISYNTHETIC REAL-DATA EXPERIMENT,adult,ALL,logistic,group_threshold_calibrated,pre,moderate_second_group,f2d18f38dbf44f65,"{""alpha_negative"": {""Female"": 0.25, ""Male"": 0.25}, ""alpha_positive"": {""Female"": 0.35, ""Male"": 0.65}, ""contestation_scenario"": ""moderate_second_group"", ""rho_negative"": {""Female"": 0.05, ""Male"": 0.05}, ""rho_positive"": {""Female"": 0.8, ""Male"": 0.8}}",equalized_odds_gap,20,0.0605333485638664,0.0129041344050095,0.0028854521720395,0.0548778623066689,0.0661888348210638,"{'Female': 0.25, 'Male': 0.25}","{'Female': 0.35, 'Male': 0.65}","{'Female': 0.05, 'Male': 0.05}","{'Female': 0.8, 'Male': 0.8}"
REALDATA,SEMISYNTHETIC REAL-DATA EXPERIMENT,adult,ALL,logistic,group_threshold_calibrated,pre,moderate_second_group,f2d18f38dbf44f65,"{""alpha_negative"": {""Female"": 0.25, ""Male"": 0.25}, ""alpha_positive"": {""Female"": 0.35, ""Male"": 0.65}, ""contestation_scenario"": ""moderate_second_group"", ""rho_negative"": {""Female"": 0.05, ""Male"": 0.05}, ""rho_positive"": {""Female"": 0.8, ""Male"": 0.8}}",fpr_gap,20,0.05409465803445,0.0098122543350978,0.0021940867705795,0.049794247964114,0.058395068104786,"{'Female': 0.25, 'Male': 0.25}","{'Female': 0.35, 'Male': 0.65}","{'Female': 0.05, 'Male': 0.05}","{'Female': 0.8, 'Male': 0.8}"
REALDATA,SEMISYNTHETIC REAL-DATA EXPERIMENT,adult,ALL,logistic,group_threshold_calibrated,pre,strong_first_group,80db5b8b411cb1ee,"{""alpha_negative"": {""Female"": 0.25, ""Male"": 0.25}, ""alpha_positive"": {""Female"": 0.75, ""Male"": 0.25}, ""contestation_scenario"": ""strong_first_group"", ""rho_negative"": {""Female"": 0.05, ""Male"": 0.05}, ""rho_positive"": {""Female"": 0.8, ""Male"": 0.8}}",demographic_parity_gap,20,0.1464272857550138,0.0138268840218845,0.0030917852589939,0.1403673866473857,0.152487184862642,"{'Female': 0.25, 'Male': 0.25}","{'Female': 0.75, 'Male': 0.25}","{'Female': 0.05, 'Male': 0.05}","{'Female': 0.8, 'Male': 0.8}"
REALDATA,SEMISYNTHETIC REAL-DATA EXPERIMENT,adult,ALL,logistic,group_threshold_calibrated,pre,strong_first_group,80db5b8b411cb1ee,"{""alpha_negative"": {""Female"": 0.25, ""Male"": 0.25}, ""alpha_positive"": {""Female"": 0.75, ""Male"": 0.25}, ""contestation_scenario"": ""strong_first_group"", ""rho_negative"": {""Female"": 0.05, ""Male"": 0.05}, ""rho_positive"": {""Female"": 0.8, ""Male"": 0.8}}",equal_opportunity_gap,20,0.0393580850191361,0.0264871551935949,0.0059227079543464,0.0277495774286169,0.0509665926096552,"{'Female': 0.25, 'Male': 0.25}","{'Female': 0.75, 'Male': 0.25}","{'Female': 0.05, 'Male': 0.05}","{'Female': 0.8, 'Male': 0.8}"
REALDATA,SEMISYNTHETIC REAL-DATA EXPERIMENT,adult,ALL,logistic,group_threshold_calibrated,pre,strong_first_group,80db5b8b411cb1ee,"{""alpha_negative"": {""Female"": 0.25, ""Male"": 0.25}, ""alpha_positive"": {""Female"": 0.75, ""Male"": 0.25}, ""contestation_scenario"": ""strong_first_group"", ""rho_negative"": {""Female"": 0.05, ""Male"": 0.05}, ""rho_positive"": {""Female"": 0.8, ""Male"": 0.8}}",equalized_odds_gap,20,0.0605333485638664,0.0129041344050095,0.0028854521720395,0.0548778623066689,0.0661888348210638,"{'Female': 0.25, 'Male': 0.25}","{'Female': 0.75, 'Male': 0.25}","{'Female': 0.05, 'Male': 0.05}","{'Female': 0.8, 'Male': 0.8}"
REALDATA,SEMISYNTHETIC REAL-DATA EXPERIMENT,adult,ALL,logistic,group_threshold_calibrated,pre,strong_first_group,80db5b8b411cb1ee,"{""alpha_negative"": {""Female"": 0.25, ""Male"": 0.25}, ""alpha_positive"": {""Female"": 0.75, ""Male"": 0.25}, ""contestation_scenario"": ""strong_first_group"", ""rho_negative"": {""Female"": 0.05, ""Male"": 0.05}, ""rho_positive"": {""Female"": 0.8, ""Male"": 0.8}}",fpr_gap,20,0.05409465803445,0.0098122543350978,0.0021940867705795,0.049794247964114,0.058395068104786,"{'Female': 0.25, 'Male': 0.25}","{'Female': 0.75, 'Male': 0.25}","{'Female': 0.05, 'Male': 0.05}","{'Female': 0.8, 'Male': 0.8}"
REALDATA,SEMISYNTHETIC REAL-DATA EXPERIMENT,adult,ALL,logistic,group_threshold_calibrated,pre,strong_second_group,1a6f52e99e976851,"{""alpha_negative"": {""Female"": 0.25, ""Male"": 0.25}, ""alpha_positive"": {""Female"": 0.25, ""Male"": 0.75}, ""contestation_scenario"": ""strong_second_group"", ""rho_negative"": {""Female"": 0.05, ""Male"": 0.05}, ""rho_positive"": {""Female"": 0.8, ""Male"": 0.8}}",demographic_parity_gap,20,0.1464272857550138,0.0138268840218845,0.0030917852589939,0.1403673866473857,0.152487184862642,"{'Female': 0.25, 'Male': 0.25}","{'Female': 0.25, 'Male': 0.75}","{'Female': 0.05, 'Male': 0.05}","{'Female': 0.8, 'Male': 0.8}"
REALDATA,SEMISYNTHETIC REAL-DATA EXPERIMENT,adult,ALL,logistic,group_threshold_calibrated,pre,strong_second_group,1a6f52e99e976851,"{""alpha_negative"": {""Female"": 0.25, ""Male"": 0.25}, ""alpha_positive"": {""Female"": 0.25, ""Male"": 0.75}, ""contestation_scenario"": ""strong_second_group"", ""rho_negative"": {""Female"": 0.05, ""Male"": 0.05}, ""rho_positive"": {""Female"": 0.8, ""Male"": 0.8}}",equal_opportunity_gap,20,0.0393580850191361,0.0264871551935949,0.0059227079543464,0.0277495774286169,0.0509665926096552,"{'Female': 0.25, 'Male': 0.25}","{'Female': 0.25, 'Male': 0.75}","{'Female': 0.05, 'Male': 0.05}","{'Female': 0.8, 'Male': 0.8}"
REALDATA,SEMISYNTHETIC REAL-DATA EXPERIMENT,adult,ALL,logistic,group_threshold_calibrated,pre,strong_second_group,1a6f52e99e976851,"{""alpha_negative"": {""Female"": 0.25, ""Male"": 0.25}, ""alpha_positive"": {""Female"": 0.25, ""Male"": 0.75}, ""contestation_scenario"": ""strong_second_group"", ""rho_negative"": {""Female"": 0.05, ""Male"": 0.05}, ""rho_positive"": {""Female"": 0.8, ""Male"": 0.8}}",equalized_odds_gap,20,0.0605333485638664,0.0129041344050095,0.0028854521720395,0.0548778623066689,0.0661888348210638,"{'Female': 0.25, 'Male': 0.25}","{'Female': 0.25, 'Male': 0.75}","{'Female': 0.05, 'Male': 0.05}","{'Female': 0.8, 'Male': 0.8}"
REALDATA,SEMISYNTHETIC REAL-DATA EXPERIMENT,adult,ALL,logistic,group_threshold_calibrated,pre,strong_second_group,1a6f52e99e976851,"{""alpha_negative"": {""Female"": 0.25, ""Male"": 0.25}, ""alpha_positive"": {""Female"": 0.25, ""Male"": 0.75}, ""contestation_scenario"": ""strong_second_group"", ""rho_negative"": {""Female"": 0.05, ""Male"": 0.05}, ""rho_positive"": {""Female"": 0.8, ""Male"": 0.8}}",fpr_gap,20,0.05409465803445,0.0098122543350978,0.0021940867705795,0.049794247964114,0.058395068104786,"{'Female': 0.25, 'Male': 0.25}","{'Female': 0.25, 'Male': 0.75}","{'Female': 0.05, 'Male': 0.05}","{'Female': 0.8, 'Male': 0.8}"
REALDATA,SEMISYNTHETIC REAL-DATA EXPERIMENT,adult,ALL,random_forest,group_threshold_calibrated,post,equal_access,8b1b8b56ce23dea1,"{""alpha_negative"": {""Female"": 0.25, ""Male"": 0.25}, ""alpha_positive"": {""Female"": 0.5, ""Male"": 0.5}, ""contestation_scenario"": ""equal_access"", ""rho_negative"": {""Female"": 0.05, ""Male"": 0.05}, ""rho_positive"": {""Female"": 0.8, ""Male"": 0.8}}",demographic_parity_gap,20,0.162120157422909,0.0099422750166072,0.0022231602788131,0.1577627632764352,0.1664775515693828,"{'Female': 0.25, 'Male': 0.25}","{'Female': 0.5, 'Male': 0.5}","{'Female': 0.05, 'Male': 0.05}","{'Female': 0.8, 'Male': 0.8}"
REALDATA,SEMISYNTHETIC REAL-DATA EXPERIMENT,adult,ALL,random_forest,group_threshold_calibrated,post,equal_access,8b1b8b56ce23dea1,"{""alpha_negative"": {""Female"": 0.25, ""Male"": 0.25}, ""alpha_positive"": {""Female"": 0.5, ""Male"": 0.5}, ""contestation_scenario"": ""equal_access"", ""rho_negative"": {""Female"": 0.05, ""Male"": 0.05}, ""rho_positive"": {""Female"": 0.8, ""Male"": 0.8}}",equal_opportunity_gap,20,0.0321195268361581,0.0180929919999271,0.0040457160028197,0.0241899234706315,0.0400491302016847,"{'Female': 0.25, 'Male': 0.25}","{'Female': 0.5, 'Male': 0.5}","{'Female': 0.05, 'Male': 0.05}","{'Female': 0.8, 'Male': 0.8}"
REALDATA,SEMISYNTHETIC REAL-DATA EXPERIMENT,adult,ALL,random_forest,group_threshold_calibrated,post,equal_access,8b1b8b56ce23dea1,"{""alpha_negative"": {""Female"": 0.25, ""Male"": 0.25}, ""alpha_positive"": {""Female"": 0.5, ""Male"": 0.5}, ""contestation_scenario"": ""equal_access"", ""rho_negative"": {""Female"": 0.05, ""Male"": 0.05}, ""rho_positive"": {""Female"": 0.8, ""Male"": 0.8}}",equalized_odds_gap,20,0.042195903656396,0.0119273192329294,0.002667029659417,0.0369685255239385,0.0474232817888535,"{'Female': 0.25, 'Male': 0.25}","{'Female': 0.5, 'Male': 0.5}","{'Female': 0.05, 'Male': 0.05}","{'Female': 0.8, 'Male': 0.8}"
REALDATA,SEMISYNTHETIC REAL-DATA EXPERIMENT,adult,ALL,random_forest,group_threshold_calibrated,post,equal_access,8b1b8b56ce23dea1,"{""alpha_negative"": {""Female"": 0.25, ""Male"": 0.25}, ""alpha_positive"": {""Female"": 0.5, ""Male"": 0.5}, ""contestation_scenario"": ""equal_access"", ""rho_negative"": {""Female"": 0.05, ""Male"": 0.05}, ""rho_positive"": {""Female"": 0.8, ""Male"": 0.8}}",fpr_gap,20,0.0376319250702046,0.0077117172091668,0.0017243923902952,0.034252115985226,0.0410117341551832,"{'Female': 0.25, 'Male': 0.25}","{'Female': 0.5, 'Male': 0.5}","{'Female': 0.05, 'Male': 0.05}","{'Female': 0.8, 'Male': 0.8}"
REALDATA,SEMISYNTHETIC REAL-DATA EXPERIMENT,adult,ALL,random_forest,group_threshold_calibrated,post,moderate_first_group,58a445a909825bd5,"{""alpha_negative"": {""Female"": 0.25, ""Male"": 0.25}, ""alpha_positive"": {""Female"": 0.65, ""Male"": 0.35}, ""contestation_scenario"": ""moderate_first_group"", ""rho_negative"": {""Female"": 0.05, ""Male"": 0.05}, ""rho_positive"": {""Female"": 0.8, ""Male"": 0.8}}",demographic_parity_gap,20,0.1384582852458101,0.0085374197837739,0.001909025098897,0.134716596051972,0.1421999744396482,"{'Female': 0.25, 'Male': 0.25}","{'Female': 0.65, 'Male': 0.35}","{'Female': 0.05, 'Male': 0.05}","{'Female': 0.8, 'Male': 0.8}"
REALDATA,SEMISYNTHETIC REAL-DATA EXPERIMENT,adult,ALL,random_forest,group_threshold_calibrated,post,moderate_first_group,58a445a909825bd5,"{""alpha_negative"": {""Female"": 0.25, ""Male"": 0.25}, ""alpha_positive"": {""Female"": 0.65, ""Male"": 0.35}, ""contestation_scenario"": ""moderate_first_group"", ""rho_negative"": {""Female"": 0.05, ""Male"": 0.05}, ""rho_positive"": {""Female"": 0.8, ""Male"": 0.8}}",equal_opportunity_gap,20,0.1082490431930016,0.0251529611647338,0.0056243730999757,0.0972252719170492,0.119272814468954,"{'Female': 0.25, 'Male': 0.25}","{'Female': 0.65, 'Male': 0.35}","{'Female': 0.05, 'Male': 0.05}","{'Female': 0.8, 'Male': 0.8}"
REALDATA,SEMISYNTHETIC REAL-DATA EXPERIMENT,adult,ALL,random_forest,group_threshold_calibrated,post,moderate_first_group,58a445a909825bd5,"{""alpha_negative"": {""Female"": 0.25, ""Male"": 0.25}, ""alpha_positive"": {""Female"": 0.65, ""Male"": 0.35}, ""contestation_scenario"": ""moderate_first_group"", ""rho_negative"": {""Female"": 0.05, ""Male"": 0.05}, ""rho_positive"": {""Female"": 0.8, ""Male"": 0.8}}",equalized_odds_gap,20,0.1082490431930016,0.0251529611647338,0.0056243730999757,0.0972252719170492,0.119272814468954,"{'Female': 0.25, 'Male': 0.25}","{'Female': 0.65, 'Male': 0.35}","{'Female': 0.05, 'Male': 0.05}","{'Female': 0.8, 'Male': 0.8}"
REALDATA,SEMISYNTHETIC REAL-DATA EXPERIMENT,adult,ALL,random_forest,group_threshold_calibrated,post,moderate_first_group,58a445a909825bd5,"{""alpha_negative"": {""Female"": 0.25, ""Male"": 0.25}, ""alpha_positive"": {""Female"": 0.65, ""Male"": 0.35}, ""contestation_scenario"": ""moderate_first_group"", ""rho_negative"": {""Female"": 0.05, ""Male"": 0.05}, ""rho_positive"": {""Female"": 0.8, ""Male"": 0.8}}",fpr_gap,20,0.0377979079252256,0.0076243868591268,0.0017048647303763,0.034456373053688,0.0411394427967633,"{'Female': 0.25, 'Male': 0.25}","{'Female': 0.65, 'Male': 0.35}","{'Female': 0.05, 'Male': 0.05}","{'Female': 0.8, 'Male': 0.8}"
REALDATA,SEMISYNTHETIC REAL-DATA EXPERIMENT,adult,ALL,random_forest,group_threshold_calibrated,post,moderate_second_group,f2d18f38dbf44f65,"{""alpha_negative"": {""Female"": 0.25, ""Male"": 0.25}, ""alpha_positive"": {""Female"": 0.35, ""Male"": 0.65}, ""contestation_scenario"": ""moderate_second_group"", ""rho_negative"": {""Female"": 0.05, ""Male"": 0.05}, ""rho_positive"": {""Female"": 0.8, ""Male"": 0.8}}",demographic_parity_gap,20,0.1845023680100913,0.0089519111873717,0.0020017081943503,0.1805790199491646,0.1884257160710181,"{'Female': 0.25, 'Male': 0.25}","{'Female': 0.35, 'Male': 0.65}","{'Female': 0.05, 'Male': 0.05}","{'Female': 0.8, 'Male': 0.8}"
REALDATA,SEMISYNTHETIC REAL-DATA EXPERIMENT,adult,ALL,random_forest,group_threshold_calibrated,post,moderate_second_group,f2d18f38dbf44f65,"{""alpha_negative"": {""Female"": 0.25, ""Male"": 0.25}, ""alpha_positive"": {""Female"": 0.35, ""Male"": 0.65}, ""contestation_scenario"": ""moderate_second_group"", ""rho_negative"": {""Female"": 0.05, ""Male"": 0.05}, ""rho_positive"": {""Female"": 0.8, ""Male"": 0.8}}",equal_opportunity_gap,20,0.1178078583470019,0.0353423395076248,0.0079027873622925,0.1023183951169085,0.1332973215770953,"{'Female': 0.25, 'Male': 0.25}","{'Female': 0.35, 'Male': 0.65}","{'Female': 0.05, 'Male': 0.05}","{'Female': 0.8, 'Male': 0.8}"
REALDATA,SEMISYNTHETIC REAL-DATA EXPERIMENT,adult,ALL,random_forest,group_threshold_calibrated,post,moderate_second_group,f2d18f38dbf44f65,"{""alpha_negative"": {""Female"": 0.25, ""Male"": 0.25}, ""alpha_positive"": {""Female"": 0.35, ""Male"": 0.65}, ""contestation_scenario"": ""moderate_second_group"", ""rho_negative"": {""Female"": 0.05, ""Male"": 0.05}, ""rho_positive"": {""Female"": 0.8, ""Male"": 0.8}}",equalized_odds_gap,20,0.1178078583470019,0.0353423395076248,0.0079027873622925,0.1023183951169085,0.1332973215770953,"{'Female': 0.25, 'Male': 0.25}","{'Female': 0.35, 'Male': 0.65}","{'Female': 0.05, 'Male': 0.05}","{'Female': 0.8, 'Male': 0.8}"
REALDATA,SEMISYNTHETIC REAL-DATA EXPERIMENT,adult,ALL,random_forest,group_threshold_calibrated,post,moderate_second_group,f2d18f38dbf44f65,"{""alpha_negative"": {""Female"": 0.25, ""Male"": 0.25}, ""alpha_positive"": {""Female"": 0.35, ""Male"": 0.65}, ""contestation_scenario"": ""moderate_second_group"", ""rho_negative"": {""Female"": 0.05, ""Male"": 0.05}, ""rho_positive"": {""Female"": 0.8, ""Male"": 0.8}}",fpr_gap,20,0.0378955617180357,0.0073153158282522,0.0016357543468852,0.0346894831981406,0.0411016402379307,"{'Female': 0.25, 'Male': 0.25}","{'Female': 0.35, 'Male': 0.65}","{'Female': 0.05, 'Male': 0.05}","{'Female': 0.8, 'Male': 0.8}"
REALDATA,SEMISYNTHETIC REAL-DATA EXPERIMENT,adult,ALL,random_forest,group_threshold_calibrated,post,strong_first_group,80db5b8b411cb1ee,"{""alpha_negative"": {""Female"": 0.25, ""Male"": 0.25}, ""alpha_positive"": {""Female"": 0.75, ""Male"": 0.25}, ""contestation_scenario"": ""strong_first_group"", ""rho_negative"": {""Female"": 0.05, ""Male"": 0.05}, ""rho_positive"": {""Female"": 0.8, ""Male"": 0.8}}",demographic_parity_gap,20,0.1243255083645104,0.0087481353037131,0.0019561425215468,0.1204914690222786,0.1281595477067421,"{'Female': 0.25, 'Male': 0.25}","{'Female': 0.75, 'Male': 0.25}","{'Female': 0.05, 'Male': 0.05}","{'Female': 0.8, 'Male': 0.8}"
REALDATA,SEMISYNTHETIC REAL-DATA EXPERIMENT,adult,ALL,random_forest,group_threshold_calibrated,post,strong_first_group,80db5b8b411cb1ee,"{""alpha_negative"": {""Female"": 0.25, ""Male"": 0.25}, ""alpha_positive"": {""Female"": 0.75, ""Male"": 0.25}, ""contestation_scenario"": ""strong_first_group"", ""rho_negative"": {""Female"": 0.05, ""Male"": 0.05}, ""rho_positive"": {""Female"": 0.8, ""Male"": 0.8}}",equal_opportunity_gap,20,0.176168956169127,0.0269438960016957,0.0060248383038476,0.1643602730935856,0.1879776392446684,"{'Female': 0.25, 'Male': 0.25}","{'Female': 0.75, 'Male': 0.25}","{'Female': 0.05, 'Male': 0.05}","{'Female': 0.8, 'Male': 0.8}"
REALDATA,SEMISYNTHETIC REAL-DATA EXPERIMENT,adult,ALL,random_forest,group_threshold_calibrated,post,strong_first_group,80db5b8b411cb1ee,"{""alpha_negative"": {""Female"": 0.25, ""Male"": 0.25}, ""alpha_positive"": {""Female"": 0.75, ""Male"": 0.25}, ""contestation_scenario"": ""strong_first_group"", ""rho_negative"": {""Female"": 0.05, ""Male"": 0.05}, ""rho_positive"": {""Female"": 0.8, ""Male"": 0.8}}",equalized_odds_gap,20,0.176168956169127,0.0269438960016957,0.0060248383038476,0.1643602730935856,0.1879776392446684,"{'Female': 0.25, 'Male': 0.25}","{'Female': 0.75, 'Male': 0.25}","{'Female': 0.05, 'Male': 0.05}","{'Female': 0.8, 'Male': 0.8}"
REALDATA,SEMISYNTHETIC REAL-DATA EXPERIMENT,adult,ALL,random_forest,group_threshold_calibrated,post,strong_first_group,80db5b8b411cb1ee,"{""alpha_negative"": {""Female"": 0.25, ""Male"": 0.25}, ""alpha_positive"": {""Female"": 0.75, ""Male"": 0.25}, ""contestation_scenario"": ""strong_first_group"", ""rho_negative"": {""Female"": 0.05, ""Male"": 0.05}, ""rho_positive"": {""Female"": 0.8, ""Male"": 0.8}}",fpr_gap,20,0.0378545673306031,0.0077746304582276,0.0017384602204537,0.0344471852985138,0.0412619493626924,"{'Female': 0.25, 'Male': 0.25}","{'Female': 0.75, 'Male': 0.25}","{'Female': 0.05, 'Male': 0.05}","{'Female': 0.8, 'Male': 0.8}"
REALDATA,SEMISYNTHETIC REAL-DATA EXPERIMENT,adult,ALL,random_forest,group_threshold_calibrated,post,strong_second_group,1a6f52e99e976851,"{""alpha_negative"": {""Female"": 0.25, ""Male"": 0.25}, ""alpha_positive"": {""Female"": 0.25, ""Male"": 0.75}, ""contestation_scenario"": ""strong_second_group"", ""rho_negative"": {""Female"": 0.05, ""Male"": 0.05}, ""rho_positive"": {""Female"": 0.8, ""Male"": 0.8}}",demographic_parity_gap,20,0.2003809335590787,0.0095774205986852,0.0021415763507766,0.1961834439115564,0.204578423206601,"{'Female': 0.25, 'Male': 0.25}","{'Female': 0.25, 'Male': 0.75}","{'Female': 0.05, 'Male': 0.05}","{'Female': 0.8, 'Male': 0.8}"
REALDATA,SEMISYNTHETIC REAL-DATA EXPERIMENT,adult,ALL,random_forest,group_threshold_calibrated,post,strong_second_group,1a6f52e99e976851,"{""alpha_negative"": {""Female"": 0.25, ""Male"": 0.25}, ""alpha_positive"": {""Female"": 0.25, ""Male"": 0.75}, ""contestation_scenario"": ""strong_second_group"", ""rho_negative"": {""Female"": 0.05, ""Male"": 0.05}, ""rho_positive"": {""Female"": 0.8, ""Male"": 0.8}}",equal_opportunity_gap,20,0.1907780606433387,0.0412059165449817,0.0092139230469762,0.1727187714712653,0.2088373498154122,"{'Female': 0.25, 'Male': 0.25}","{'Female': 0.25, 'Male': 0.75}","{'Female': 0.05, 'Male': 0.05}","{'Female': 0.8, 'Male': 0.8}"
REALDATA,SEMISYNTHETIC REAL-DATA EXPERIMENT,adult,ALL,random_forest,group_threshold_calibrated,post,strong_second_group,1a6f52e99e976851,"{""alpha_negative"": {""Female"": 0.25, ""Male"": 0.25}, ""alpha_positive"": {""Female"": 0.25, ""Male"": 0.75}, ""contestation_scenario"": ""strong_second_group"", ""rho_negative"": {""Female"": 0.05, ""Male"": 0.05}, ""rho_positive"": {""Female"": 0.8, ""Male"": 0.8}}",equalized_odds_gap,20,0.1907780606433387,0.0412059165449817,0.0092139230469762,0.1727187714712653,0.2088373498154122,"{'Female': 0.25, 'Male': 0.25}","{'Female': 0.25, 'Male': 0.75}","{'Female': 0.05, 'Male': 0.05}","{'Female': 0.8, 'Male': 0.8}"
REALDATA,SEMISYNTHETIC REAL-DATA EXPERIMENT,adult,ALL,random_forest,group_threshold_calibrated,post,strong_second_group,1a6f52e99e976851,"{""alpha_negative"": {""Female"": 0.25, ""Male"": 0.25}, ""alpha_positive"": {""Female"": 0.25, ""Male"": 0.75}, ""contestation_scenario"": ""strong_second_group"", ""rho_negative"": {""Female"": 0.05, ""Male"": 0.05}, ""rho_positive"": {""Female"": 0.8, ""Male"": 0.8}}",fpr_gap,20,0.038098204298673,0.0072031985927703,0.0016106841708865,0.0349412633237354,0.0412551452736106,"{'Female': 0.25, 'Male': 0.25}","{'Female': 0.25, 'Male': 0.75}","{'Female': 0.05, 'Male': 0.05}","{'Female': 0.8, 'Male': 0.8}"
REALDATA,SEMISYNTHETIC REAL-DATA EXPERIMENT,adult,ALL,random_forest,group_threshold_calibrated,pre,equal_access,8b1b8b56ce23dea1,"{""alpha_negative"": {""Female"": 0.25, ""Male"": 0.25}, ""alpha_positive"": {""Female"": 0.5, ""Male"": 0.5}, ""contestation_scenario"": ""equal_access"", ""rho_negative"": {""Female"": 0.05, ""Male"": 0.05}, ""rho_positive"": {""Female"": 0.8, ""Male"": 0.8}}",demographic_parity_gap,20,0.1305165912001841,0.0112054684164837,0.0025056189098984,0.1256055781367832,0.1354276042635851,"{'Female': 0.25, 'Male': 0.25}","{'Female': 0.5, 'Male': 0.5}","{'Female': 0.05, 'Male': 0.05}","{'Female': 0.8, 'Male': 0.8}"
REALDATA,SEMISYNTHETIC REAL-DATA EXPERIMENT,adult,ALL,random_forest,group_threshold_calibrated,pre,equal_access,8b1b8b56ce23dea1,"{""alpha_negative"": {""Female"": 0.25, ""Male"": 0.25}, ""alpha_positive"": {""Female"": 0.5, ""Male"": 0.5}, ""contestation_scenario"": ""equal_access"", ""rho_negative"": {""Female"": 0.05, ""Male"": 0.05}, ""rho_positive"": {""Female"": 0.8, ""Male"": 0.8}}",equal_opportunity_gap,20,0.0394365374977218,0.0261359282491963,0.005844171222026,0.0279819619025508,0.0508911130928928,"{'Female': 0.25, 'Male': 0.25}","{'Female': 0.5, 'Male': 0.5}","{'Female': 0.05, 'Male': 0.05}","{'Female': 0.8, 'Male': 0.8}"
REALDATA,SEMISYNTHETIC REAL-DATA EXPERIMENT,adult,ALL,random_forest,group_threshold_calibrated,pre,equal_access,8b1b8b56ce23dea1,"{""alpha_negative"": {""Female"": 0.25, ""Male"": 0.25}, ""alpha_positive"": {""Female"": 0.5, ""Male"": 0.5}, ""contestation_scenario"": ""equal_access"", ""rho_negative"": {""Female"": 0.05, ""Male"": 0.05}, ""rho_positive"": {""Female"": 0.8, ""Male"": 0.8}}",equalized_odds_gap,20,0.0498607314192877,0.017136152376089,0.0038317601585729,0.0423504815084847,0.0573709813300907,"{'Female': 0.25, 'Male': 0.25}","{'Female': 0.5, 'Male': 0.5}","{'Female': 0.05, 'Male': 0.05}","{'Female': 0.8, 'Male': 0.8}"
REALDATA,SEMISYNTHETIC REAL-DATA EXPERIMENT,adult,ALL,random_forest,group_threshold_calibrated,pre,equal_access,8b1b8b56ce23dea1,"{""alpha_negative"": {""Female"": 0.25, ""Male"": 0.25}, ""alpha_positive"": {""Female"": 0.5, ""Male"": 0.5}, ""contestation_scenario"": ""equal_access"", ""rho_negative"": {""Female"": 0.05, ""Male"": 0.05}, ""rho_positive"": {""Female"": 0.8, ""Male"": 0.8}}",fpr_gap,20,0.0393762128094021,0.0075315337104657,0.0016841021351432,0.0360753726245213,0.0426770529942829,"{'Female': 0.25, 'Male': 0.25}","{'Female': 0.5, 'Male': 0.5}","{'Female': 0.05, 'Male': 0.05}","{'Female': 0.8, 'Male': 0.8}"
REALDATA,SEMISYNTHETIC REAL-DATA EXPERIMENT,adult,ALL,random_forest,group_threshold_calibrated,pre,moderate_first_group,58a445a909825bd5,"{""alpha_negative"": {""Female"": 0.25, ""Male"": 0.25}, ""alpha_positive"": {""Female"": 0.65, ""Male"": 0.35}, ""contestation_scenario"": ""moderate_first_group"", ""rho_negative"": {""Female"": 0.05, ""Male"": 0.05}, ""rho_positive"": {""Female"": 0.8, ""Male"": 0.8}}",demographic_parity_gap,20,0.1305165912001841,0.0112054684164837,0.0025056189098984,0.1256055781367832,0.1354276042635851,"{'Female': 0.25, 'Male': 0.25}","{'Female': 0.65, 'Male': 0.35}","{'Female': 0.05, 'Male': 0.05}","{'Female': 0.8, 'Male': 0.8}"
REALDATA,SEMISYNTHETIC REAL-DATA EXPERIMENT,adult,ALL,random_forest,group_threshold_calibrated,pre,moderate_first_group,58a445a909825bd5,"{""alpha_negative"": {""Female"": 0.25, ""Male"": 0.25}, ""alpha_positive"": {""Female"": 0.65, ""Male"": 0.35}, ""contestation_scenario"": ""moderate_first_group"", ""rho_negative"": {""Female"": 0.05, ""Male"": 0.05}, ""rho_positive"": {""Female"": 0.8, ""Male"": 0.8}}",equal_opportunity_gap,20,0.0394365374977218,0.0261359282491963,0.005844171222026,0.0279819619025508,0.0508911130928928,"{'Female': 0.25, 'Male': 0.25}","{'Female': 0.65, 'Male': 0.35}","{'Female': 0.05, 'Male': 0.05}","{'Female': 0.8, 'Male': 0.8}"
REALDATA,SEMISYNTHETIC REAL-DATA EXPERIMENT,adult,ALL,random_forest,group_threshold_calibrated,pre,moderate_first_group,58a445a909825bd5,"{""alpha_negative"": {""Female"": 0.25, ""Male"": 0.25}, ""alpha_positive"": {""Female"": 0.65, ""Male"": 0.35}, ""contestation_scenario"": ""moderate_first_group"", ""rho_negative"": {""Female"": 0.05, ""Male"": 0.05}, ""rho_positive"": {""Female"": 0.8, ""Male"": 0.8}}",equalized_odds_gap,20,0.0498607314192877,0.017136152376089,0.0038317601585729,0.0423504815084847,0.0573709813300907,"{'Female': 0.25, 'Male': 0.25}","{'Female': 0.65, 'Male': 0.35}","{'Female': 0.05, 'Male': 0.05}","{'Female': 0.8, 'Male': 0.8}"
REALDATA,SEMISYNTHETIC REAL-DATA EXPERIMENT,adult,ALL,random_forest,group_threshold_calibrated,pre,moderate_first_group,58a445a909825bd5,"{""alpha_negative"": {""Female"": 0.25, ""Male"": 0.25}, ""alpha_positive"": {""Female"": 0.65, ""Male"": 0.35}, ""contestation_scenario"": ""moderate_first_group"", ""rho_negative"": {""Female"": 0.05, ""Male"": 0.05}, ""rho_positive"": {""Female"": 0.8, ""Male"": 0.8}}",fpr_gap,20,0.0393762128094021,0.0075315337104657,0.0016841021351432,0.0360753726245213,0.0426770529942829,"{'Female': 0.25, 'Male': 0.25}","{'Female': 0.65, 'Male': 0.35}","{'Female': 0.05, 'Male': 0.05}","{'Female': 0.8, 'Male': 0.8}"
REALDATA,SEMISYNTHETIC REAL-DATA EXPERIMENT,adult,ALL,random_forest,group_threshold_calibrated,pre,moderate_second_group,f2d18f38dbf44f65,"{""alpha_negative"": {""Female"": 0.25, ""Male"": 0.25}, ""alpha_positive"": {""Female"": 0.35, ""Male"": 0.65}, ""contestation_scenario"": ""moderate_second_group"", ""rho_negative"": {""Female"": 0.05, ""Male"": 0.05}, ""rho_positive"": {""Female"": 0.8, ""Male"": 0.8}}",demographic_parity_gap,20,0.1305165912001841,0.0112054684164837,0.0025056189098984,0.1256055781367832,0.1354276042635851,"{'Female': 0.25, 'Male': 0.25}","{'Female': 0.35, 'Male': 0.65}","{'Female': 0.05, 'Male': 0.05}","{'Female': 0.8, 'Male': 0.8}"
REALDATA,SEMISYNTHETIC REAL-DATA EXPERIMENT,adult,ALL,random_forest,group_threshold_calibrated,pre,moderate_second_group,f2d18f38dbf44f65,"{""alpha_negative"": {""Female"": 0.25, ""Male"": 0.25}, ""alpha_positive"": {""Female"": 0.35, ""Male"": 0.65}, ""contestation_scenario"": ""moderate_second_group"", ""rho_negative"": {""Female"": 0.05, ""Male"": 0.05}, ""rho_positive"": {""Female"": 0.8, ""Male"": 0.8}}",equal_opportunity_gap,20,0.0394365374977218,0.0261359282491963,0.005844171222026,0.0279819619025508,0.0508911130928928,"{'Female': 0.25, 'Male': 0.25}","{'Female': 0.35, 'Male': 0.65}","{'Female': 0.05, 'Male': 0.05}","{'Female': 0.8, 'Male': 0.8}"
REALDATA,SEMISYNTHETIC REAL-DATA EXPERIMENT,adult,ALL,random_forest,group_threshold_calibrated,pre,moderate_second_group,f2d18f38dbf44f65,"{""alpha_negative"": {""Female"": 0.25, ""Male"": 0.25}, ""alpha_positive"": {""Female"": 0.35, ""Male"": 0.65}, ""contestation_scenario"": ""moderate_second_group"", ""rho_negative"": {""Female"": 0.05, ""Male"": 0.05}, ""rho_positive"": {""Female"": 0.8, ""Male"": 0.8}}",equalized_odds_gap,20,0.0498607314192877,0.017136152376089,0.0038317601585729,0.0423504815084847,0.0573709813300907,"{'Female': 0.25, 'Male': 0.25}","{'Female': 0.35, 'Male': 0.65}","{'Female': 0.05, 'Male': 0.05}","{'Female': 0.8, 'Male': 0.8}"
REALDATA,SEMISYNTHETIC REAL-DATA EXPERIMENT,adult,ALL,random_forest,group_threshold_calibrated,pre,moderate_second_group,f2d18f38dbf44f65,"{""alpha_negative"": {""Female"": 0.25, ""Male"": 0.25}, ""alpha_positive"": {""Female"": 0.35, ""Male"": 0.65}, ""contestation_scenario"": ""moderate_second_group"", ""rho_negative"": {""Female"": 0.05, ""Male"": 0.05}, ""rho_positive"": {""Female"": 0.8, ""Male"": 0.8}}",fpr_gap,20,0.0393762128094021,0.0075315337104657,0.0016841021351432,0.0360753726245213,0.0426770529942829,"{'Female': 0.25, 'Male': 0.25}","{'Female': 0.35, 'Male': 0.65}","{'Female': 0.05, 'Male': 0.05}","{'Female': 0.8, 'Male': 0.8}"
REALDATA,SEMISYNTHETIC REAL-DATA EXPERIMENT,adult,ALL,random_forest,group_threshold_calibrated,pre,strong_first_group,80db5b8b411cb1ee,"{""alpha_negative"": {""Female"": 0.25, ""Male"": 0.25}, ""alpha_positive"": {""Female"": 0.75, ""Male"": 0.25}, ""contestation_scenario"": ""strong_first_group"", ""rho_negative"": {""Female"": 0.05, ""Male"": 0.05}, ""rho_positive"": {""Female"": 0.8, ""Male"": 0.8}}",demographic_parity_gap,20,0.1305165912001841,0.0112054684164837,0.0025056189098984,0.1256055781367832,0.1354276042635851,"{'Female': 0.25, 'Male': 0.25}","{'Female': 0.75, 'Male': 0.25}","{'Female': 0.05, 'Male': 0.05}","{'Female': 0.8, 'Male': 0.8}"
REALDATA,SEMISYNTHETIC REAL-DATA EXPERIMENT,adult,ALL,random_forest,group_threshold_calibrated,pre,strong_first_group,80db5b8b411cb1ee,"{""alpha_negative"": {""Female"": 0.25, ""Male"": 0.25}, ""alpha_positive"": {""Female"": 0.75, ""Male"": 0.25}, ""contestation_scenario"": ""strong_first_group"", ""rho_negative"": {""Female"": 0.05, ""Male"": 0.05}, ""rho_positive"": {""Female"": 0.8, ""Male"": 0.8}}",equal_opportunity_gap,20,0.0394365374977218,0.0261359282491963,0.005844171222026,0.0279819619025508,0.0508911130928928,"{'Female': 0.25, 'Male': 0.25}","{'Female': 0.75, 'Male': 0.25}","{'Female': 0.05, 'Male': 0.05}","{'Female': 0.8, 'Male': 0.8}"
REALDATA,SEMISYNTHETIC REAL-DATA EXPERIMENT,adult,ALL,random_forest,group_threshold_calibrated,pre,strong_first_group,80db5b8b411cb1ee,"{""alpha_negative"": {""Female"": 0.25, ""Male"": 0.25}, ""alpha_positive"": {""Female"": 0.75, ""Male"": 0.25}, ""contestation_scenario"": ""strong_first_group"", ""rho_negative"": {""Female"": 0.05, ""Male"": 0.05}, ""rho_positive"": {""Female"": 0.8, ""Male"": 0.8}}",equalized_odds_gap,20,0.0498607314192877,0.017136152376089,0.0038317601585729,0.0423504815084847,0.0573709813300907,"{'Female': 0.25, 'Male': 0.25}","{'Female': 0.75, 'Male': 0.25}","{'Female': 0.05, 'Male': 0.05}","{'Female': 0.8, 'Male': 0.8}"
REALDATA,SEMISYNTHETIC REAL-DATA EXPERIMENT,adult,ALL,random_forest,group_threshold_calibrated,pre,strong_first_group,80db5b8b411cb1ee,"{""alpha_negative"": {""Female"": 0.25, ""Male"": 0.25}, ""alpha_positive"": {""Female"": 0.75, ""Male"": 0.25}, ""contestation_scenario"": ""strong_first_group"", ""rho_negative"": {""Female"": 0.05, ""Male"": 0.05}, ""rho_positive"": {""Female"": 0.8, ""Male"": 0.8}}",fpr_gap,20,0.0393762128094021,0.0075315337104657,0.0016841021351432,0.0360753726245213,0.0426770529942829,"{'Female': 0.25, 'Male': 0.25}","{'Female': 0.75, 'Male': 0.25}","{'Female': 0.05, 'Male': 0.05}","{'Female': 0.8, 'Male': 0.8}"
REALDATA,SEMISYNTHETIC REAL-DATA EXPERIMENT,adult,ALL,random_forest,group_threshold_calibrated,pre,strong_second_group,1a6f52e99e976851,"{""alpha_negative"": {""Female"": 0.25, ""Male"": 0.25}, ""alpha_positive"": {""Female"": 0.25, ""Male"": 0.75}, ""contestation_scenario"": ""strong_second_group"", ""rho_negative"": {""Female"": 0.05, ""Male"": 0.05}, ""rho_positive"": {""Female"": 0.8, ""Male"": 0.8}}",demographic_parity_gap,20,0.1305165912001841,0.0112054684164837,0.0025056189098984,0.1256055781367832,0.1354276042635851,"{'Female': 0.25, 'Male': 0.25}","{'Female': 0.25, 'Male': 0.75}","{'Female': 0.05, 'Male': 0.05}","{'Female': 0.8, 'Male': 0.8}"
REALDATA,SEMISYNTHETIC REAL-DATA EXPERIMENT,adult,ALL,random_forest,group_threshold_calibrated,pre,strong_second_group,1a6f52e99e976851,"{""alpha_negative"": {""Female"": 0.25, ""Male"": 0.25}, ""alpha_positive"": {""Female"": 0.25, ""Male"": 0.75}, ""contestation_scenario"": ""strong_second_group"", ""rho_negative"": {""Female"": 0.05, ""Male"": 0.05}, ""rho_positive"": {""Female"": 0.8, ""Male"": 0.8}}",equal_opportunity_gap,20,0.0394365374977218,0.0261359282491963,0.005844171222026,0.0279819619025508,0.0508911130928928,"{'Female': 0.25, 'Male': 0.25}","{'Female': 0.25, 'Male': 0.75}","{'Female': 0.05, 'Male': 0.05}","{'Female': 0.8, 'Male': 0.8}"
REALDATA,SEMISYNTHETIC REAL-DATA EXPERIMENT,adult,ALL,random_forest,group_threshold_calibrated,pre,strong_second_group,1a6f52e99e976851,"{""alpha_negative"": {""Female"": 0.25, ""Male"": 0.25}, ""alpha_positive"": {""Female"": 0.25, ""Male"": 0.75}, ""contestation_scenario"": ""strong_second_group"", ""rho_negative"": {""Female"": 0.05, ""Male"": 0.05}, ""rho_positive"": {""Female"": 0.8, ""Male"": 0.8}}",equalized_odds_gap,20,0.0498607314192877,0.017136152376089,0.0038317601585729,0.0423504815084847,0.0573709813300907,"{'Female': 0.25, 'Male': 0.25}","{'Female': 0.25, 'Male': 0.75}","{'Female': 0.05, 'Male': 0.05}","{'Female': 0.8, 'Male': 0.8}"
REALDATA,SEMISYNTHETIC REAL-DATA EXPERIMENT,adult,ALL,random_forest,group_threshold_calibrated,pre,strong_second_group,1a6f52e99e976851,"{""alpha_negative"": {""Female"": 0.25, ""Male"": 0.25}, ""alpha_positive"": {""Female"": 0.25, ""Male"": 0.75}, ""contestation_scenario"": ""strong_second_group"", ""rho_negative"": {""Female"": 0.05, ""Male"": 0.05}, ""rho_positive"": {""Female"": 0.8, ""Male"": 0.8}}",fpr_gap,20,0.0393762128094021,0.0075315337104657,0.0016841021351432,0.0360753726245213,0.0426770529942829,"{'Female': 0.25, 'Male': 0.25}","{'Female': 0.25, 'Male': 0.75}","{'Female': 0.05, 'Male': 0.05}","{'Female': 0.8, 'Male': 0.8}"
REALDATA,SEMISYNTHETIC REAL-DATA EXPERIMENT,adult,Female,gradient_boosting,group_threshold_calibrated,post,equal_access,8b1b8b56ce23dea1,"{""alpha_negative"": {""Female"": 0.25, ""Male"": 0.25}, ""alpha_positive"": {""Female"": 0.5, ""Male"": 0.5}, ""contestation_scenario"": ""equal_access"", ""rho_negative"": {""Female"": 0.05, ""Male"": 0.05}, ""rho_positive"": {""Female"": 0.8, ""Male"": 0.8}}",accuracy,20,0.93782031491201,0.0048603480907914,0.0010868068725321,0.935690173441847,0.9399504563821728,"{'Female': 0.25, 'Male': 0.25}","{'Female': 0.5, 'Male': 0.5}","{'Female': 0.05, 'Male': 0.05}","{'Female': 0.8, 'Male': 0.8}"
REALDATA,SEMISYNTHETIC REAL-DATA EXPERIMENT,adult,Female,gradient_boosting,group_threshold_calibrated,post,equal_access,8b1b8b56ce23dea1,"{""alpha_negative"": {""Female"": 0.25, ""Male"": 0.25}, ""alpha_positive"": {""Female"": 0.5, ""Male"": 0.5}, ""contestation_scenario"": ""equal_access"", ""rho_negative"": {""Female"": 0.05, ""Male"": 0.05}, ""rho_positive"": {""Female"": 0.8, ""Male"": 0.8}}",fnr,20,0.2146892655367231,0.0254484962123344,0.0056904567455925,0.2035359703153617,0.2258425607580845,"{'Female': 0.25, 'Male': 0.25}","{'Female': 0.5, 'Male': 0.5}","{'Female': 0.05, 'Male': 0.05}","{'Female': 0.8, 'Male': 0.8}"
REALDATA,SEMISYNTHETIC REAL-DATA EXPERIMENT,adult,Female,gradient_boosting,group_threshold_calibrated,post,equal_access,8b1b8b56ce23dea1,"{""alpha_negative"": {""Female"": 0.25, ""Male"": 0.25}, ""alpha_positive"": {""Female"": 0.5, ""Male"": 0.5}, ""contestation_scenario"": ""equal_access"", ""rho_negative"": {""Female"": 0.05, ""Male"": 0.05}, ""rho_positive"": {""Female"": 0.8, ""Male"": 0.8}}",fpr,20,0.0434662045060658,0.0058784728698438,0.0013144664940859,0.0408898501776574,0.0460425588344741,"{'Female': 0.25, 'Male': 0.25}","{'Female': 0.5, 'Male': 0.5}","{'Female': 0.05, 'Male': 0.05}","{'Female': 0.8, 'Male': 0.8}"
REALDATA,SEMISYNTHETIC REAL-DATA EXPERIMENT,adult,Female,gradient_boosting,group_threshold_calibrated,post,equal_access,8b1b8b56ce23dea1,"{""alpha_negative"": {""Female"": 0.25, ""Male"": 0.25}, ""alpha_positive"": {""Female"": 0.5, ""Male"": 0.5}, ""contestation_scenario"": ""equal_access"", ""rho_negative"": {""Female"": 0.05, ""Male"": 0.05}, ""rho_positive"": {""Female"": 0.8, ""Male"": 0.8}}",n,20,3239.0,0.0,0.0,3239.0,3239.0,"{'Female': 0.25, 'Male': 0.25}","{'Female': 0.5, 'Male': 0.5}","{'Female': 0.05, 'Male': 0.05}","{'Female': 0.8, 'Male': 0.8}"
REALDATA,SEMISYNTHETIC REAL-DATA EXPERIMENT,adult,Female,gradient_boosting,group_threshold_calibrated,post,equal_access,8b1b8b56ce23dea1,"{""alpha_negative"": {""Female"": 0.25, ""Male"": 0.25}, ""alpha_positive"": {""Female"": 0.5, ""Male"": 0.5}, ""contestation_scenario"": ""equal_access"", ""rho_negative"": {""Female"": 0.05, ""Male"": 0.05}, ""rho_positive"": {""Female"": 0.8, ""Male"": 0.8}}",positive_rate,20,0.1245446125347329,0.0068322818343784,0.0015277446623107,0.1215502329966038,0.1275389920728619,"{'Female': 0.25, 'Male': 0.25}","{'Female': 0.5, 'Male': 0.5}","{'Female': 0.05, 'Male': 0.05}","{'Female': 0.8, 'Male': 0.8}"
REALDATA,SEMISYNTHETIC REAL-DATA EXPERIMENT,adult,Female,gradient_boosting,group_threshold_calibrated,post,equal_access,8b1b8b56ce23dea1,"{""alpha_negative"": {""Female"": 0.25, ""Male"": 0.25}, ""alpha_positive"": {""Female"": 0.5, ""Male"": 0.5}, ""contestation_scenario"": ""equal_access"", ""rho_negative"": {""Female"": 0.05, ""Male"": 0.05}, ""rho_positive"": {""Female"": 0.8, ""Male"": 0.8}}",prevalence,20,0.1092929916640938,0.0,0.0,0.1092929916640938,0.1092929916640938,"{'Female': 0.25, 'Male': 0.25}","{'Female': 0.5, 'Male': 0.5}","{'Female': 0.05, 'Male': 0.05}","{'Female': 0.8, 'Male': 0.8}"
REALDATA,SEMISYNTHETIC REAL-DATA EXPERIMENT,adult,Female,gradient_boosting,group_threshold_calibrated,post,equal_access,8b1b8b56ce23dea1,"{""alpha_negative"": {""Female"": 0.25, ""Male"": 0.25}, ""alpha_positive"": {""Female"": 0.5, ""Male"": 0.5}, ""contestation_scenario"": ""equal_access"", ""rho_negative"": {""Female"": 0.05, ""Male"": 0.05}, ""rho_positive"": {""Female"": 0.8, ""Male"": 0.8}}",tnr,20,0.956533795493934,0.0058784728698438,0.0013144664940859,0.9539574411655256,0.9591101498223426,"{'Female': 0.25, 'Male': 0.25}","{'Female': 0.5, 'Male': 0.5}","{'Female': 0.05, 'Male': 0.05}","{'Female': 0.8, 'Male': 0.8}"
REALDATA,SEMISYNTHETIC REAL-DATA EXPERIMENT,adult,Female,gradient_boosting,group_threshold_calibrated,post,equal_access,8b1b8b56ce23dea1,"{""alpha_negative"": {""Female"": 0.25, ""Male"": 0.25}, ""alpha_positive"": {""Female"": 0.5, ""Male"": 0.5}, ""contestation_scenario"": ""equal_access"", ""rho_negative"": {""Female"": 0.05, ""Male"": 0.05}, ""rho_positive"": {""Female"": 0.8, ""Male"": 0.8}}",tpr,20,0.7853107344632768,0.0254484962123344,0.0056904567455925,0.7741574392419154,0.7964640296846383,"{'Female': 0.25, 'Male': 0.25}","{'Female': 0.5, 'Male': 0.5}","{'Female': 0.05, 'Male': 0.05}","{'Female': 0.8, 'Male': 0.8}"
REALDATA,SEMISYNTHETIC REAL-DATA EXPERIMENT,adult,Female,gradient_boosting,group_threshold_calibrated,post,moderate_first_group,58a445a909825bd5,"{""alpha_negative"": {""Female"": 0.25, ""Male"": 0.25}, ""alpha_positive"": {""Female"": 0.65, ""Male"": 0.35}, ""contestation_scenario"": ""moderate_first_group"", ""rho_negative"": {""Female"": 0.05, ""Male"": 0.05}, ""rho_positive"": {""Female"": 0.8, ""Male"": 0.8}}",accuracy,20,0.9421889472059276,0.0041419936678766,0.0009261779403745,0.9403736384427936,0.944004255969062,"{'Female': 0.25, 'Male': 0.25}","{'Female': 0.65, 'Male': 0.35}","{'Female': 0.05, 'Male': 0.05}","{'Female': 0.8, 'Male': 0.8}"
REALDATA,SEMISYNTHETIC REAL-DATA EXPERIMENT,adult,Female,gradient_boosting,group_threshold_calibrated,post,moderate_first_group,58a445a909825bd5,"{""alpha_negative"": {""Female"": 0.25, ""Male"": 0.25}, ""alpha_positive"": {""Female"": 0.65, ""Male"": 0.35}, ""contestation_scenario"": ""moderate_first_group"", ""rho_negative"": {""Female"": 0.05, ""Male"": 0.05}, ""rho_positive"": {""Female"": 0.8, ""Male"": 0.8}}",fnr,20,0.1747175141242937,0.0259595144393393,0.005804723894925,0.1633402552902407,0.1860947729583467,"{'Female': 0.25, 'Male': 0.25}","{'Female': 0.65, 'Male': 0.35}","{'Female': 0.05, 'Male': 0.05}","{'Female': 0.8, 'Male': 0.8}"
REALDATA,SEMISYNTHETIC REAL-DATA EXPERIMENT,adult,Female,gradient_boosting,group_threshold_calibrated,post,moderate_first_group,58a445a909825bd5,"{""alpha_negative"": {""Female"": 0.25, ""Male"": 0.25}, ""alpha_positive"": {""Female"": 0.65, ""Male"": 0.35}, ""contestation_scenario"": ""moderate_first_group"", ""rho_negative"": {""Female"": 0.05, ""Male"": 0.05}, ""rho_positive"": {""Female"": 0.8, ""Male"": 0.8}}",fpr,20,0.0434662045060658,0.0061815372734858,0.0013822337548963,0.040757026346469,0.0461753826656625,"{'Female': 0.25, 'Male': 0.25}","{'Female': 0.65, 'Male': 0.35}","{'Female': 0.05, 'Male': 0.05}","{'Female': 0.8, 'Male': 0.8}"
REALDATA,SEMISYNTHETIC REAL-DATA EXPERIMENT,adult,Female,gradient_boosting,group_threshold_calibrated,post,moderate_first_group,58a445a909825bd5,"{""alpha_negative"": {""Female"": 0.25, ""Male"": 0.25}, ""alpha_positive"": {""Female"": 0.65, ""Male"": 0.35}, ""contestation_scenario"": ""moderate_first_group"", ""rho_negative"": {""Female"": 0.05, ""Male"": 0.05}, ""rho_positive"": {""Female"": 0.8, ""Male"": 0.8}}",n,20,3239.0,0.0,0.0,3239.0,3239.0,"{'Female': 0.25, 'Male': 0.25}","{'Female': 0.65, 'Male': 0.35}","{'Female': 0.05, 'Male': 0.05}","{'Female': 0.8, 'Male': 0.8}"
REALDATA,SEMISYNTHETIC REAL-DATA EXPERIMENT,adult,Female,gradient_boosting,group_threshold_calibrated,post,moderate_first_group,58a445a909825bd5,"{""alpha_negative"": {""Female"": 0.25, ""Male"": 0.25}, ""alpha_positive"": {""Female"": 0.65, ""Male"": 0.35}, ""contestation_scenario"": ""moderate_first_group"", ""rho_negative"": {""Female"": 0.05, ""Male"": 0.05}, ""rho_positive"": {""Female"": 0.8, ""Male"": 0.8}}",positive_rate,20,0.1289132448286508,0.007718415365349,0.0017258901435499,0.1255305001472929,0.1322959895100086,"{'Female': 0.25, 'Male': 0.25}","{'Female': 0.65, 'Male': 0.35}","{'Female': 0.05, 'Male': 0.05}","{'Female': 0.8, 'Male': 0.8}"
REALDATA,SEMISYNTHETIC REAL-DATA EXPERIMENT,adult,Female,gradient_boosting,group_threshold_calibrated,post,moderate_first_group,58a445a909825bd5,"{""alpha_negative"": {""Female"": 0.25, ""Male"": 0.25}, ""alpha_positive"": {""Female"": 0.65, ""Male"": 0.35}, ""contestation_scenario"": ""moderate_first_group"", ""rho_negative"": {""Female"": 0.05, ""Male"": 0.05}, ""rho_positive"": {""Female"": 0.8, ""Male"": 0.8}}",prevalence,20,0.1092929916640938,0.0,0.0,0.1092929916640938,0.1092929916640938,"{'Female': 0.25, 'Male': 0.25}","{'Female': 0.65, 'Male': 0.35}","{'Female': 0.05, 'Male': 0.05}","{'Female': 0.8, 'Male': 0.8}"
REALDATA,SEMISYNTHETIC REAL-DATA EXPERIMENT,adult,Female,gradient_boosting,group_threshold_calibrated,post,moderate_first_group,58a445a909825bd5,"{""alpha_negative"": {""Female"": 0.25, ""Male"": 0.25}, ""alpha_positive"": {""Female"": 0.65, ""Male"": 0.35}, ""contestation_scenario"": ""moderate_first_group"", ""rho_negative"": {""Female"": 0.05, ""Male"": 0.05}, ""rho_positive"": {""Female"": 0.8, ""Male"": 0.8}}",tnr,20,0.956533795493934,0.0061815372734858,0.0013822337548963,0.9538246173343372,0.959242973653531,"{'Female': 0.25, 'Male': 0.25}","{'Female': 0.65, 'Male': 0.35}","{'Female': 0.05, 'Male': 0.05}","{'Female': 0.8, 'Male': 0.8}"
REALDATA,SEMISYNTHETIC REAL-DATA EXPERIMENT,adult,Female,gradient_boosting,group_threshold_calibrated,post,moderate_first_group,58a445a909825bd5,"{""alpha_negative"": {""Female"": 0.25, ""Male"": 0.25}, ""alpha_positive"": {""Female"": 0.65, ""Male"": 0.35}, ""contestation_scenario"": ""moderate_first_group"", ""rho_negative"": {""Female"": 0.05, ""Male"": 0.05}, ""rho_positive"": {""Female"": 0.8, ""Male"": 0.8}}",tpr,20,0.8252824858757062,0.0259595144393392,0.005804723894925,0.8139052270416531,0.8366597447097592,"{'Female': 0.25, 'Male': 0.25}","{'Female': 0.65, 'Male': 0.35}","{'Female': 0.05, 'Male': 0.05}","{'Female': 0.8, 'Male': 0.8}"
REALDATA,SEMISYNTHETIC REAL-DATA EXPERIMENT,adult,Female,gradient_boosting,group_threshold_calibrated,post,moderate_second_group,f2d18f38dbf44f65,"{""alpha_negative"": {""Female"": 0.25, ""Male"": 0.25}, ""alpha_positive"": {""Female"": 0.35, ""Male"": 0.65}, ""contestation_scenario"": ""moderate_second_group"", ""rho_negative"": {""Female"": 0.05, ""Male"": 0.05}, ""rho_positive"": {""Female"": 0.8, ""Male"": 0.8}}",accuracy,20,0.9334825563445508,0.0043598514149763,0.0009748924135685,0.9315717672139564,0.9353933454751452,"{'Female': 0.25, 'Male': 0.25}","{'Female': 0.35, 'Male': 0.65}","{'Female': 0.05, 'Male': 0.05}","{'Female': 0.8, 'Male': 0.8}"
REALDATA,SEMISYNTHETIC REAL-DATA EXPERIMENT,adult,Female,gradient_boosting,group_threshold_calibrated,post,moderate_second_group,f2d18f38dbf44f65,"{""alpha_negative"": {""Female"": 0.25, ""Male"": 0.25}, ""alpha_positive"": {""Female"": 0.35, ""Male"": 0.65}, ""contestation_scenario"": ""moderate_second_group"", ""rho_negative"": {""Female"": 0.05, ""Male"": 0.05}, ""rho_positive"": {""Female"": 0.8, ""Male"": 0.8}}",fnr,20,0.2540960451977401,0.0280467813846118,0.0062714509726067,0.2418040012914308,0.2663880891040494,"{'Female': 0.25, 'Male': 0.25}","{'Female': 0.35, 'Male': 0.65}","{'Female': 0.05, 'Male': 0.05}","{'Female': 0.8, 'Male': 0.8}"
REALDATA,SEMISYNTHETIC REAL-DATA EXPERIMENT,adult,Female,gradient_boosting,group_threshold_calibrated,post,moderate_second_group,f2d18f38dbf44f65,"{""alpha_negative"": {""Female"": 0.25, ""Male"": 0.25}, ""alpha_positive"": {""Female"": 0.35, ""Male"": 0.65}, ""contestation_scenario"": ""moderate_second_group"", ""rho_negative"": {""Female"": 0.05, ""Male"": 0.05}, ""rho_positive"": {""Female"": 0.8, ""Male"": 0.8}}",fpr,20,0.0435008665511264,0.0060930314839677,0.0013624432587198,0.0408304777640356,0.0461712553382173,"{'Female': 0.25, 'Male': 0.25}","{'Female': 0.35, 'Male': 0.65}","{'Female': 0.05, 'Male': 0.05}","{'Female': 0.8, 'Male': 0.8}"
REALDATA,SEMISYNTHETIC REAL-DATA EXPERIMENT,adult,Female,gradient_boosting,group_threshold_calibrated,post,moderate_second_group,f2d18f38dbf44f65,"{""alpha_negative"": {""Female"": 0.25, ""Male"": 0.25}, ""alpha_positive"": {""Female"": 0.35, ""Male"": 0.65}, ""contestation_scenario"": ""moderate_second_group"", ""rho_negative"": {""Female"": 0.05, ""Male"": 0.05}, ""rho_positive"": {""Female"": 0.8, ""Male"": 0.8}}",n,20,3239.0,0.0,0.0,3239.0,3239.0,"{'Female': 0.25, 'Male': 0.25}","{'Female': 0.35, 'Male': 0.65}","{'Female': 0.05, 'Male': 0.05}","{'Female': 0.8, 'Male': 0.8}"
REALDATA,SEMISYNTHETIC REAL-DATA EXPERIMENT,adult,Female,gradient_boosting,group_threshold_calibrated,post,moderate_second_group,f2d18f38dbf44f65,"{""alpha_negative"": {""Female"": 0.25, ""Male"": 0.25}, ""alpha_positive"": {""Female"": 0.35, ""Male"": 0.65}, ""contestation_scenario"": ""moderate_second_group"", ""rho_negative"": {""Female"": 0.05, ""Male"": 0.05}, ""rho_positive"": {""Female"": 0.8, ""Male"": 0.8}}",positive_rate,20,0.1202686014201913,0.0076610040854389,0.0017130525910945,0.1169110183416461,0.1236261844987366,"{'Female': 0.25, 'Male': 0.25}","{'Female': 0.35, 'Male': 0.65}","{'Female': 0.05, 'Male': 0.05}","{'Female': 0.8, 'Male': 0.8}"
REALDATA,SEMISYNTHETIC REAL-DATA EXPERIMENT,adult,Female,gradient_boosting,group_threshold_calibrated,post,moderate_second_group,f2d18f38dbf44f65,"{""alpha_negative"": {""Female"": 0.25, ""Male"": 0.25}, ""alpha_positive"": {""Female"": 0.35, ""Male"": 0.65}, ""contestation_scenario"": ""moderate_second_group"", ""rho_negative"": {""Female"": 0.05, ""Male"": 0.05}, ""rho_positive"": {""Female"": 0.8, ""Male"": 0.8}}",prevalence,20,0.1092929916640938,0.0,0.0,0.1092929916640938,0.1092929916640938,"{'Female': 0.25, 'Male': 0.25}","{'Female': 0.35, 'Male': 0.65}","{'Female': 0.05, 'Male': 0.05}","{'Female': 0.8, 'Male': 0.8}"
REALDATA,SEMISYNTHETIC REAL-DATA EXPERIMENT,adult,Female,gradient_boosting,group_threshold_calibrated,post,moderate_second_group,f2d18f38dbf44f65,"{""alpha_negative"": {""Female"": 0.25, ""Male"": 0.25}, ""alpha_positive"": {""Female"": 0.35, ""Male"": 0.65}, ""contestation_scenario"": ""moderate_second_group"", ""rho_negative"": {""Female"": 0.05, ""Male"": 0.05}, ""rho_positive"": {""Female"": 0.8, ""Male"": 0.8}}",tnr,20,0.9564991334488736,0.0060930314839677,0.0013624432587198,0.9538287446617826,0.9591695222359644,"{'Female': 0.25, 'Male': 0.25}","{'Female': 0.35, 'Male': 0.65}","{'Female': 0.05, 'Male': 0.05}","{'Female': 0.8, 'Male': 0.8}"
REALDATA,SEMISYNTHETIC REAL-DATA EXPERIMENT,adult,Female,gradient_boosting,group_threshold_calibrated,post,moderate_second_group,f2d18f38dbf44f65,"{""alpha_negative"": {""Female"": 0.25, ""Male"": 0.25}, ""alpha_positive"": {""Female"": 0.35, ""Male"": 0.65}, ""contestation_scenario"": ""moderate_second_group"", ""rho_negative"": {""Female"": 0.05, ""Male"": 0.05}, ""rho_positive"": {""Female"": 0.8, ""Male"": 0.8}}",tpr,20,0.7459039548022599,0.0280467813846118,0.0062714509726067,0.7336119108959507,0.7581959987085691,"{'Female': 0.25, 'Male': 0.25}","{'Female': 0.35, 'Male': 0.65}","{'Female': 0.05, 'Male': 0.05}","{'Female': 0.8, 'Male': 0.8}"
REALDATA,SEMISYNTHETIC REAL-DATA EXPERIMENT,adult,Female,gradient_boosting,group_threshold_calibrated,post,strong_first_group,80db5b8b411cb1ee,"{""alpha_negative"": {""Female"": 0.25, ""Male"": 0.25}, ""alpha_positive"": {""Female"": 0.75, ""Male"": 0.25}, ""contestation_scenario"": ""strong_first_group"", ""rho_negative"": {""Female"": 0.05, ""Male"": 0.05}, ""rho_positive"": {""Female"": 0.8, ""Male"": 0.8}}",accuracy,20,0.9454924359370176,0.0040235404301656,0.0008996909912069,0.943729041594252,0.9472558302797832,"{'Female': 0.25, 'Male': 0.25}","{'Female': 0.75, 'Male': 0.25}","{'Female': 0.05, 'Male': 0.05}","{'Female': 0.8, 'Male': 0.8}"
REALDATA,SEMISYNTHETIC REAL-DATA EXPERIMENT,adult,Female,gradient_boosting,group_threshold_calibrated,post,strong_first_group,80db5b8b411cb1ee,"{""alpha_negative"": {""Female"": 0.25, ""Male"": 0.25}, ""alpha_positive"": {""Female"": 0.75, ""Male"": 0.25}, ""contestation_scenario"": ""strong_first_group"", ""rho_negative"": {""Female"": 0.05, ""Male"": 0.05}, ""rho_positive"": {""Female"": 0.8, ""Male"": 0.8}}",fnr,20,0.146186440677966,0.021176526573222,0.0047352152945055,0.1369054187007352,0.1554674626551969,"{'Female': 0.25, 'Male': 0.25}","{'Female': 0.75, 'Male': 0.25}","{'Female': 0.05, 'Male': 0.05}","{'Female': 0.8, 'Male': 0.8}"
REALDATA,SEMISYNTHETIC REAL-DATA EXPERIMENT,adult,Female,gradient_boosting,group_threshold_calibrated,post,strong_first_group,80db5b8b411cb1ee,"{""alpha_negative"": {""Female"": 0.25, ""Male"": 0.25}, ""alpha_positive"": {""Female"": 0.75, ""Male"": 0.25}, ""contestation_scenario"": ""strong_first_group"", ""rho_negative"": {""Female"": 0.05, ""Male"": 0.05}, ""rho_positive"": {""Female"": 0.8, ""Male"": 0.8}}",fpr,20,0.0432582322357018,0.00602425104548,0.0013470634851217,0.0406179878048632,0.0458984766665405,"{'Female': 0.25, 'Male': 0.25}","{'Female': 0.75, 'Male': 0.25}","{'Female': 0.05, 'Male': 0.05}","{'Female': 0.8, 'Male': 0.8}"
REALDATA,SEMISYNTHETIC REAL-DATA EXPERIMENT,adult,Female,gradient_boosting,group_threshold_calibrated,post,strong_first_group,80db5b8b411cb1ee,"{""alpha_negative"": {""Female"": 0.25, ""Male"": 0.25}, ""alpha_positive"": {""Female"": 0.75, ""Male"": 0.25}, ""contestation_scenario"": ""strong_first_group"", ""rho_negative"": {""Female"": 0.05, ""Male"": 0.05}, ""rho_positive"": {""Female"": 0.8, ""Male"": 0.8}}",n,20,3239.0,0.0,0.0,3239.0,3239.0,"{'Female': 0.25, 'Male': 0.25}","{'Female': 0.75, 'Male': 0.25}","{'Female': 0.05, 'Male': 0.05}","{'Female': 0.8, 'Male': 0.8}"
REALDATA,SEMISYNTHETIC REAL-DATA EXPERIMENT,adult,Female,gradient_boosting,group_threshold_calibrated,post,strong_first_group,80db5b8b411cb1ee,"{""alpha_negative"": {""Female"": 0.25, ""Male"": 0.25}, ""alpha_positive"": {""Female"": 0.75, ""Male"": 0.25}, ""contestation_scenario"": ""strong_first_group"", ""rho_negative"": {""Female"": 0.05, ""Male"": 0.05}, ""rho_positive"": {""Female"": 0.8, ""Male"": 0.8}}",positive_rate,20,0.1318462488422352,0.0072186547655284,0.0016141402761824,0.1286825339009176,0.1350099637835528,"{'Female': 0.25, 'Male': 0.25}","{'Female': 0.75, 'Male': 0.25}","{'Female': 0.05, 'Male': 0.05}","{'Female': 0.8, 'Male': 0.8}"
REALDATA,SEMISYNTHETIC REAL-DATA EXPERIMENT,adult,Female,gradient_boosting,group_threshold_calibrated,post,strong_first_group,80db5b8b411cb1ee,"{""alpha_negative"": {""Female"": 0.25, ""Male"": 0.25}, ""alpha_positive"": {""Female"": 0.75, ""Male"": 0.25}, ""contestation_scenario"": ""strong_first_group"", ""rho_negative"": {""Female"": 0.05, ""Male"": 0.05}, ""rho_positive"": {""Female"": 0.8, ""Male"": 0.8}}",prevalence,20,0.1092929916640938,0.0,0.0,0.1092929916640938,0.1092929916640938,"{'Female': 0.25, 'Male': 0.25}","{'Female': 0.75, 'Male': 0.25}","{'Female': 0.05, 'Male': 0.05}","{'Female': 0.8, 'Male': 0.8}"
REALDATA,SEMISYNTHETIC REAL-DATA EXPERIMENT,adult,Female,gradient_boosting,group_threshold_calibrated,post,strong_first_group,80db5b8b411cb1ee,"{""alpha_negative"": {""Female"": 0.25, ""Male"": 0.25}, ""alpha_positive"": {""Female"": 0.75, ""Male"": 0.25}, ""contestation_scenario"": ""strong_first_group"", ""rho_negative"": {""Female"": 0.05, ""Male"": 0.05}, ""rho_positive"": {""Female"": 0.8, ""Male"": 0.8}}",tnr,20,0.956741767764298,0.00602425104548,0.0013470634851217,0.9541015233334594,0.9593820121951367,"{'Female': 0.25, 'Male': 0.25}","{'Female': 0.75, 'Male': 0.25}","{'Female': 0.05, 'Male': 0.05}","{'Female': 0.8, 'Male': 0.8}"
REALDATA,SEMISYNTHETIC REAL-DATA EXPERIMENT,adult,Female,gradient_boosting,group_threshold_calibrated,post,strong_first_group,80db5b8b411cb1ee,"{""alpha_negative"": {""Female"": 0.25, ""Male"": 0.25}, ""alpha_positive"": {""Female"": 0.75, ""Male"": 0.25}, ""contestation_scenario"": ""strong_first_group"", ""rho_negative"": {""Female"": 0.05, ""Male"": 0.05}, ""rho_positive"": {""Female"": 0.8, ""Male"": 0.8}}",tpr,20,0.853813559322034,0.021176526573222,0.0047352152945055,0.8445325373448032,0.8630945812992648,"{'Female': 0.25, 'Male': 0.25}","{'Female': 0.75, 'Male': 0.25}","{'Female': 0.05, 'Male': 0.05}","{'Female': 0.8, 'Male': 0.8}"
REALDATA,SEMISYNTHETIC REAL-DATA EXPERIMENT,adult,Female,gradient_boosting,group_threshold_calibrated,post,strong_second_group,1a6f52e99e976851,"{""alpha_negative"": {""Female"": 0.25, ""Male"": 0.25}, ""alpha_positive"": {""Female"": 0.25, ""Male"": 0.75}, ""contestation_scenario"": ""strong_second_group"", ""rho_negative"": {""Female"": 0.05, ""Male"": 0.05}, ""rho_positive"": {""Female"": 0.8, ""Male"": 0.8}}",accuracy,20,0.9307502315529484,0.0044052109676015,0.0009850351178784,0.9288195627219068,0.9326809003839902,"{'Female': 0.25, 'Male': 0.25}","{'Female': 0.25, 'Male': 0.75}","{'Female': 0.05, 'Male': 0.05}","{'Female': 0.8, 'Male': 0.8}"
REALDATA,SEMISYNTHETIC REAL-DATA EXPERIMENT,adult,Female,gradient_boosting,group_threshold_calibrated,post,strong_second_group,1a6f52e99e976851,"{""alpha_negative"": {""Female"": 0.25, ""Male"": 0.25}, ""alpha_positive"": {""Female"": 0.25, ""Male"": 0.75}, ""contestation_scenario"": ""strong_second_group"", ""rho_negative"": {""Female"": 0.05, ""Male"": 0.05}, ""rho_positive"": {""Female"": 0.8, ""Male"": 0.8}}",fnr,20,0.2793785310734463,0.0271400079392937,0.0060686902662144,0.2674838981516659,0.2912731639952267,"{'Female': 0.25, 'Male': 0.25}","{'Female': 0.25, 'Male': 0.75}","{'Female': 0.05, 'Male': 0.05}","{'Female': 0.8, 'Male': 0.8}"
REALDATA,SEMISYNTHETIC REAL-DATA EXPERIMENT,adult,Female,gradient_boosting,group_threshold_calibrated,post,strong_second_group,1a6f52e99e976851,"{""alpha_negative"": {""Female"": 0.25, ""Male"": 0.25}, ""alpha_positive"": {""Female"": 0.25, ""Male"": 0.75}, ""contestation_scenario"": ""strong_second_group"", ""rho_negative"": {""Female"": 0.05, ""Male"": 0.05}, ""rho_positive"": {""Female"": 0.8, ""Male"": 0.8}}",fpr,20,0.0434662045060658,0.0061528277493351,0.001375814110136,0.0407696088501991,0.0461628001619324,"{'Female': 0.25, 'Male': 0.25}","{'Female': 0.25, 'Male': 0.75}","{'Female': 0.05, 'Male': 0.05}","{'Female': 0.8, 'Male': 0.8}"
REALDATA,SEMISYNTHETIC REAL-DATA EXPERIMENT,adult,Female,gradient_boosting,group_threshold_calibrated,post,strong_second_group,1a6f52e99e976851,"{""alpha_negative"": {""Female"": 0.25, ""Male"": 0.25}, ""alpha_positive"": {""Female"": 0.25, ""Male"": 0.75}, ""contestation_scenario"": ""strong_second_group"", ""rho_negative"": {""Female"": 0.05, ""Male"": 0.05}, ""rho_positive"": {""Female"": 0.8, ""Male"": 0.8}}",n,20,3239.0,0.0,0.0,3239.0,3239.0,"{'Female': 0.25, 'Male': 0.25}","{'Female': 0.25, 'Male': 0.75}","{'Female': 0.05, 'Male': 0.05}","{'Female': 0.8, 'Male': 0.8}"
REALDATA,SEMISYNTHETIC REAL-DATA EXPERIMENT,adult,Female,gradient_boosting,group_threshold_calibrated,post,strong_second_group,1a6f52e99e976851,"{""alpha_negative"": {""Female"": 0.25, ""Male"": 0.25}, ""alpha_positive"": {""Female"": 0.25, ""Male"": 0.75}, ""contestation_scenario"": ""strong_second_group"", ""rho_negative"": {""Female"": 0.05, ""Male"": 0.05}, ""rho_positive"": {""Female"": 0.8, ""Male"": 0.8}}",positive_rate,20,0.1174745291756714,0.0076328102233407,0.0017067482518745,0.1141293026019974,0.1208197557493455,"{'Female': 0.25, 'Male': 0.25}","{'Female': 0.25, 'Male': 0.75}","{'Female': 0.05, 'Male': 0.05}","{'Female': 0.8, 'Male': 0.8}"
REALDATA,SEMISYNTHETIC REAL-DATA EXPERIMENT,adult,Female,gradient_boosting,group_threshold_calibrated,post,strong_second_group,1a6f52e99e976851,"{""alpha_negative"": {""Female"": 0.25, ""Male"": 0.25}, ""alpha_positive"": {""Female"": 0.25, ""Male"": 0.75}, ""contestation_scenario"": ""strong_second_group"", ""rho_negative"": {""Female"": 0.05, ""Male"": 0.05}, ""rho_positive"": {""Female"": 0.8, ""Male"": 0.8}}",prevalence,20,0.1092929916640938,0.0,0.0,0.1092929916640938,0.1092929916640938,"{'Female': 0.25, 'Male': 0.25}","{'Female': 0.25, 'Male': 0.75}","{'Female': 0.05, 'Male': 0.05}","{'Female': 0.8, 'Male': 0.8}"
REALDATA,SEMISYNTHETIC REAL-DATA EXPERIMENT,adult,Female,gradient_boosting,group_threshold_calibrated,post,strong_second_group,1a6f52e99e976851,"{""alpha_negative"": {""Female"": 0.25, ""Male"": 0.25}, ""alpha_positive"": {""Female"": 0.25, ""Male"": 0.75}, ""contestation_scenario"": ""strong_second_group"", ""rho_negative"": {""Female"": 0.05, ""Male"": 0.05}, ""rho_positive"": {""Female"": 0.8, ""Male"": 0.8}}",tnr,20,0.956533795493934,0.0061528277493352,0.001375814110136,0.9538371998380676,0.9592303911498008,"{'Female': 0.25, 'Male': 0.25}","{'Female': 0.25, 'Male': 0.75}","{'Female': 0.05, 'Male': 0.05}","{'Female': 0.8, 'Male': 0.8}"
REALDATA,SEMISYNTHETIC REAL-DATA EXPERIMENT,adult,Female,gradient_boosting,group_threshold_calibrated,post,strong_second_group,1a6f52e99e976851,"{""alpha_negative"": {""Female"": 0.25, ""Male"": 0.25}, ""alpha_positive"": {""Female"": 0.25, ""Male"": 0.75}, ""contestation_scenario"": ""strong_second_group"", ""rho_negative"": {""Female"": 0.05, ""Male"": 0.05}, ""rho_positive"": {""Female"": 0.8, ""Male"": 0.8}}",tpr,20,0.7206214689265538,0.0271400079392937,0.0060686902662144,0.7087268360047734,0.7325161018483342,"{'Female': 0.25, 'Male': 0.25}","{'Female': 0.25, 'Male': 0.75}","{'Female': 0.05, 'Male': 0.05}","{'Female': 0.8, 'Male': 0.8}"
REALDATA,SEMISYNTHETIC REAL-DATA EXPERIMENT,adult,Female,gradient_boosting,group_threshold_calibrated,pre,equal_access,8b1b8b56ce23dea1,"{""alpha_negative"": {""Female"": 0.25, ""Male"": 0.25}, ""alpha_positive"": {""Female"": 0.5, ""Male"": 0.5}, ""contestation_scenario"": ""equal_access"", ""rho_negative"": {""Female"": 0.05, ""Male"": 0.05}, ""rho_positive"": {""Female"": 0.8, ""Male"": 0.8}}",accuracy,20,0.933606051250386,0.0034907724437837,0.0007805604478283,0.9320761527726424,0.9351359497281296,"{'Female': 0.25, 'Male': 0.25}","{'Female': 0.5, 'Male': 0.5}","{'Female': 0.05, 'Male': 0.05}","{'Female': 0.8, 'Male': 0.8}"
REALDATA,SEMISYNTHETIC REAL-DATA EXPERIMENT,adult,Female,gradient_boosting,group_threshold_calibrated,pre,equal_access,8b1b8b56ce23dea1,"{""alpha_negative"": {""Female"": 0.25, ""Male"": 0.25}, ""alpha_positive"": {""Female"": 0.5, ""Male"": 0.5}, ""contestation_scenario"": ""equal_access"", ""rho_negative"": {""Female"": 0.05, ""Male"": 0.05}, ""rho_positive"": {""Female"": 0.8, ""Male"": 0.8}}",fnr,20,0.3545197740112994,0.0335683715751127,0.0075061160735923,0.3398077865070583,0.3692317615155405,"{'Female': 0.25, 'Male': 0.25}","{'Female': 0.5, 'Male': 0.5}","{'Female': 0.05, 'Male': 0.05}","{'Female': 0.8, 'Male': 0.8}"
REALDATA,SEMISYNTHETIC REAL-DATA EXPERIMENT,adult,Female,gradient_boosting,group_threshold_calibrated,pre,equal_access,8b1b8b56ce23dea1,"{""alpha_negative"": {""Female"": 0.25, ""Male"": 0.25}, ""alpha_positive"": {""Female"": 0.5, ""Male"": 0.5}, ""contestation_scenario"": ""equal_access"", ""rho_negative"": {""Female"": 0.05, ""Male"": 0.05}, ""rho_positive"": {""Female"": 0.8, ""Male"": 0.8}}",fpr,20,0.0310398613518197,0.0058331999086869,0.0013043431522169,0.0284833487734744,0.0335963739301649,"{'Female': 0.25, 'Male': 0.25}","{'Female': 0.5, 'Male': 0.5}","{'Female': 0.05, 'Male': 0.05}","{'Female': 0.8, 'Male': 0.8}"
REALDATA,SEMISYNTHETIC REAL-DATA EXPERIMENT,adult,Female,gradient_boosting,group_threshold_calibrated,pre,equal_access,8b1b8b56ce23dea1,"{""alpha_negative"": {""Female"": 0.25, ""Male"": 0.25}, ""alpha_positive"": {""Female"": 0.5, ""Male"": 0.5}, ""contestation_scenario"": ""equal_access"", ""rho_negative"": {""Female"": 0.05, ""Male"": 0.05}, ""rho_positive"": {""Female"": 0.8, ""Male"": 0.8}}",n,20,3239.0,0.0,0.0,3239.0,3239.0,"{'Female': 0.25, 'Male': 0.25}","{'Female': 0.5, 'Male': 0.5}","{'Female': 0.05, 'Male': 0.05}","{'Female': 0.8, 'Male': 0.8}"
REALDATA,SEMISYNTHETIC REAL-DATA EXPERIMENT,adult,Female,gradient_boosting,group_threshold_calibrated,pre,equal_access,8b1b8b56ce23dea1,"{""alpha_negative"": {""Female"": 0.25, ""Male"": 0.25}, ""alpha_positive"": {""Female"": 0.5, ""Male"": 0.5}, ""contestation_scenario"": ""equal_access"", ""rho_negative"": {""Female"": 0.05, ""Male"": 0.05}, ""rho_positive"": {""Female"": 0.8, ""Male"": 0.8}}",positive_rate,20,0.0981938870021611,0.0082900259838189,0.0018537061635058,0.0945606229216895,0.1018271510826326,"{'Female': 0.25, 'Male': 0.25}","{'Female': 0.5, 'Male': 0.5}","{'Female': 0.05, 'Male': 0.05}","{'Female': 0.8, 'Male': 0.8}"
REALDATA,SEMISYNTHETIC REAL-DATA EXPERIMENT,adult,Female,gradient_boosting,group_threshold_calibrated,pre,equal_access,8b1b8b56ce23dea1,"{""alpha_negative"": {""Female"": 0.25, ""Male"": 0.25}, ""alpha_positive"": {""Female"": 0.5, ""Male"": 0.5}, ""contestation_scenario"": ""equal_access"", ""rho_negative"": {""Female"": 0.05, ""Male"": 0.05}, ""rho_positive"": {""Female"": 0.8, ""Male"": 0.8}}",prevalence,20,0.1092929916640938,0.0,0.0,0.1092929916640938,0.1092929916640938,"{'Female': 0.25, 'Male': 0.25}","{'Female': 0.5, 'Male': 0.5}","{'Female': 0.05, 'Male': 0.05}","{'Female': 0.8, 'Male': 0.8}"
REALDATA,SEMISYNTHETIC REAL-DATA EXPERIMENT,adult,Female,gradient_boosting,group_threshold_calibrated,pre,equal_access,8b1b8b56ce23dea1,"{""alpha_negative"": {""Female"": 0.25, ""Male"": 0.25}, ""alpha_positive"": {""Female"": 0.5, ""Male"": 0.5}, ""contestation_scenario"": ""equal_access"", ""rho_negative"": {""Female"": 0.05, ""Male"": 0.05}, ""rho_positive"": {""Female"": 0.8, ""Male"": 0.8}}",tnr,20,0.9689601386481804,0.005833199908687,0.0013043431522169,0.9664036260698352,0.9715166512265256,"{'Female': 0.25, 'Male': 0.25}","{'Female': 0.5, 'Male': 0.5}","{'Female': 0.05, 'Male': 0.05}","{'Female': 0.8, 'Male': 0.8}"
REALDATA,SEMISYNTHETIC REAL-DATA EXPERIMENT,adult,Female,gradient_boosting,group_threshold_calibrated,pre,equal_access,8b1b8b56ce23dea1,"{""alpha_negative"": {""Female"": 0.25, ""Male"": 0.25}, ""alpha_positive"": {""Female"": 0.5, ""Male"": 0.5}, ""contestation_scenario"": ""equal_access"", ""rho_negative"": {""Female"": 0.05, ""Male"": 0.05}, ""rho_positive"": {""Female"": 0.8, ""Male"": 0.8}}",tpr,20,0.6454802259887006,0.0335683715751127,0.0075061160735923,0.6307682384844595,0.6601922134929417,"{'Female': 0.25, 'Male': 0.25}","{'Female': 0.5, 'Male': 0.5}","{'Female': 0.05, 'Male': 0.05}","{'Female': 0.8, 'Male': 0.8}"
REALDATA,SEMISYNTHETIC REAL-DATA EXPERIMENT,adult,Female,gradient_boosting,group_threshold_calibrated,pre,moderate_first_group,58a445a909825bd5,"{""alpha_negative"": {""Female"": 0.25, ""Male"": 0.25}, ""alpha_positive"": {""Female"": 0.65, ""Male"": 0.35}, ""contestation_scenario"": ""moderate_first_group"", ""rho_negative"": {""Female"": 0.05, ""Male"": 0.05}, ""rho_positive"": {""Female"": 0.8, ""Male"": 0.8}}",accuracy,20,0.933606051250386,0.0034907724437837,0.0007805604478283,0.9320761527726424,0.9351359497281296,"{'Female': 0.25, 'Male': 0.25}","{'Female': 0.65, 'Male': 0.35}","{'Female': 0.05, 'Male': 0.05}","{'Female': 0.8, 'Male': 0.8}"
REALDATA,SEMISYNTHETIC REAL-DATA EXPERIMENT,adult,Female,gradient_boosting,group_threshold_calibrated,pre,moderate_first_group,58a445a909825bd5,"{""alpha_negative"": {""Female"": 0.25, ""Male"": 0.25}, ""alpha_positive"": {""Female"": 0.65, ""Male"": 0.35}, ""contestation_scenario"": ""moderate_first_group"", ""rho_negative"": {""Female"": 0.05, ""Male"": 0.05}, ""rho_positive"": {""Female"": 0.8, ""Male"": 0.8}}",fnr,20,0.3545197740112994,0.0335683715751127,0.0075061160735923,0.3398077865070583,0.3692317615155405,"{'Female': 0.25, 'Male': 0.25}","{'Female': 0.65, 'Male': 0.35}","{'Female': 0.05, 'Male': 0.05}","{'Female': 0.8, 'Male': 0.8}"
REALDATA,SEMISYNTHETIC REAL-DATA EXPERIMENT,adult,Female,gradient_boosting,group_threshold_calibrated,pre,moderate_first_group,58a445a909825bd5,"{""alpha_negative"": {""Female"": 0.25, ""Male"": 0.25}, ""alpha_positive"": {""Female"": 0.65, ""Male"": 0.35}, ""contestation_scenario"": ""moderate_first_group"", ""rho_negative"": {""Female"": 0.05, ""Male"": 0.05}, ""rho_positive"": {""Female"": 0.8, ""Male"": 0.8}}",fpr,20,0.0310398613518197,0.0058331999086869,0.0013043431522169,0.0284833487734744,0.0335963739301649,"{'Female': 0.25, 'Male': 0.25}","{'Female': 0.65, 'Male': 0.35}","{'Female': 0.05, 'Male': 0.05}","{'Female': 0.8, 'Male': 0.8}"
REALDATA,SEMISYNTHETIC REAL-DATA EXPERIMENT,adult,Female,gradient_boosting,group_threshold_calibrated,pre,moderate_first_group,58a445a909825bd5,"{""alpha_negative"": {""Female"": 0.25, ""Male"": 0.25}, ""alpha_positive"": {""Female"": 0.65, ""Male"": 0.35}, ""contestation_scenario"": ""moderate_first_group"", ""rho_negative"": {""Female"": 0.05, ""Male"": 0.05}, ""rho_positive"": {""Female"": 0.8, ""Male"": 0.8}}",n,20,3239.0,0.0,0.0,3239.0,3239.0,"{'Female': 0.25, 'Male': 0.25}","{'Female': 0.65, 'Male': 0.35}","{'Female': 0.05, 'Male': 0.05}","{'Female': 0.8, 'Male': 0.8}"
REALDATA,SEMISYNTHETIC REAL-DATA EXPERIMENT,adult,Female,gradient_boosting,group_threshold_calibrated,pre,moderate_first_group,58a445a909825bd5,"{""alpha_negative"": {""Female"": 0.25, ""Male"": 0.25}, ""alpha_positive"": {""Female"": 0.65, ""Male"": 0.35}, ""contestation_scenario"": ""moderate_first_group"", ""rho_negative"": {""Female"": 0.05, ""Male"": 0.05}, ""rho_positive"": {""Female"": 0.8, ""Male"": 0.8}}",positive_rate,20,0.0981938870021611,0.0082900259838189,0.0018537061635058,0.0945606229216895,0.1018271510826326,"{'Female': 0.25, 'Male': 0.25}","{'Female': 0.65, 'Male': 0.35}","{'Female': 0.05, 'Male': 0.05}","{'Female': 0.8, 'Male': 0.8}"
REALDATA,SEMISYNTHETIC REAL-DATA EXPERIMENT,adult,Female,gradient_boosting,group_threshold_calibrated,pre,moderate_first_group,58a445a909825bd5,"{""alpha_negative"": {""Female"": 0.25, ""Male"": 0.25}, ""alpha_positive"": {""Female"": 0.65, ""Male"": 0.35}, ""contestation_scenario"": ""moderate_first_group"", ""rho_negative"": {""Female"": 0.05, ""Male"": 0.05}, ""rho_positive"": {""Female"": 0.8, ""Male"": 0.8}}",prevalence,20,0.1092929916640938,0.0,0.0,0.1092929916640938,0.1092929916640938,"{'Female': 0.25, 'Male': 0.25}","{'Female': 0.65, 'Male': 0.35}","{'Female': 0.05, 'Male': 0.05}","{'Female': 0.8, 'Male': 0.8}"
REALDATA,SEMISYNTHETIC REAL-DATA EXPERIMENT,adult,Female,gradient_boosting,group_threshold_calibrated,pre,moderate_first_group,58a445a909825bd5,"{""alpha_negative"": {""Female"": 0.25, ""Male"": 0.25}, ""alpha_positive"": {""Female"": 0.65, ""Male"": 0.35}, ""contestation_scenario"": ""moderate_first_group"", ""rho_negative"": {""Female"": 0.05, ""Male"": 0.05}, ""rho_positive"": {""Female"": 0.8, ""Male"": 0.8}}",tnr,20,0.9689601386481804,0.005833199908687,0.0013043431522169,0.9664036260698352,0.9715166512265256,"{'Female': 0.25, 'Male': 0.25}","{'Female': 0.65, 'Male': 0.35}","{'Female': 0.05, 'Male': 0.05}","{'Female': 0.8, 'Male': 0.8}"
REALDATA,SEMISYNTHETIC REAL-DATA EXPERIMENT,adult,Female,gradient_boosting,group_threshold_calibrated,pre,moderate_first_group,58a445a909825bd5,"{""alpha_negative"": {""Female"": 0.25, ""Male"": 0.25}, ""alpha_positive"": {""Female"": 0.65, ""Male"": 0.35}, ""contestation_scenario"": ""moderate_first_group"", ""rho_negative"": {""Female"": 0.05, ""Male"": 0.05}, ""rho_positive"": {""Female"": 0.8, ""Male"": 0.8}}",tpr,20,0.6454802259887006,0.0335683715751127,0.0075061160735923,0.6307682384844595,0.6601922134929417,"{'Female': 0.25, 'Male': 0.25}","{'Female': 0.65, 'Male': 0.35}","{'Female': 0.05, 'Male': 0.05}","{'Female': 0.8, 'Male': 0.8}"
REALDATA,SEMISYNTHETIC REAL-DATA EXPERIMENT,adult,Female,gradient_boosting,group_threshold_calibrated,pre,moderate_second_group,f2d18f38dbf44f65,"{""alpha_negative"": {""Female"": 0.25, ""Male"": 0.25}, ""alpha_positive"": {""Female"": 0.35, ""Male"": 0.65}, ""contestation_scenario"": ""moderate_second_group"", ""rho_negative"": {""Female"": 0.05, ""Male"": 0.05}, ""rho_positive"": {""Female"": 0.8, ""Male"": 0.8}}",accuracy,20,0.933606051250386,0.0034907724437837,0.0007805604478283,0.9320761527726424,0.9351359497281296,"{'Female': 0.25, 'Male': 0.25}","{'Female': 0.35, 'Male': 0.65}","{'Female': 0.05, 'Male': 0.05}","{'Female': 0.8, 'Male': 0.8}"
REALDATA,SEMISYNTHETIC REAL-DATA EXPERIMENT,adult,Female,gradient_boosting,group_threshold_calibrated,pre,moderate_second_group,f2d18f38dbf44f65,"{""alpha_negative"": {""Female"": 0.25, ""Male"": 0.25}, ""alpha_positive"": {""Female"": 0.35, ""Male"": 0.65}, ""contestation_scenario"": ""moderate_second_group"", ""rho_negative"": {""Female"": 0.05, ""Male"": 0.05}, ""rho_positive"": {""Female"": 0.8, ""Male"": 0.8}}",fnr,20,0.3545197740112994,0.0335683715751127,0.0075061160735923,0.3398077865070583,0.3692317615155405,"{'Female': 0.25, 'Male': 0.25}","{'Female': 0.35, 'Male': 0.65}","{'Female': 0.05, 'Male': 0.05}","{'Female': 0.8, 'Male': 0.8}"
REALDATA,SEMISYNTHETIC REAL-DATA EXPERIMENT,adult,Female,gradient_boosting,group_threshold_calibrated,pre,moderate_second_group,f2d18f38dbf44f65,"{""alpha_negative"": {""Female"": 0.25, ""Male"": 0.25}, ""alpha_positive"": {""Female"": 0.35, ""Male"": 0.65}, ""contestation_scenario"": ""moderate_second_group"", ""rho_negative"": {""Female"": 0.05, ""Male"": 0.05}, ""rho_positive"": {""Female"": 0.8, ""Male"": 0.8}}",fpr,20,0.0310398613518197,0.0058331999086869,0.0013043431522169,0.0284833487734744,0.0335963739301649,"{'Female': 0.25, 'Male': 0.25}","{'Female': 0.35, 'Male': 0.65}","{'Female': 0.05, 'Male': 0.05}","{'Female': 0.8, 'Male': 0.8}"
REALDATA,SEMISYNTHETIC REAL-DATA EXPERIMENT,adult,Female,gradient_boosting,group_threshold_calibrated,pre,moderate_second_group,f2d18f38dbf44f65,"{""alpha_negative"": {""Female"": 0.25, ""Male"": 0.25}, ""alpha_positive"": {""Female"": 0.35, ""Male"": 0.65}, ""contestation_scenario"": ""moderate_second_group"", ""rho_negative"": {""Female"": 0.05, ""Male"": 0.05}, ""rho_positive"": {""Female"": 0.8, ""Male"": 0.8}}",n,20,3239.0,0.0,0.0,3239.0,3239.0,"{'Female': 0.25, 'Male': 0.25}","{'Female': 0.35, 'Male': 0.65}","{'Female': 0.05, 'Male': 0.05}","{'Female': 0.8, 'Male': 0.8}"
REALDATA,SEMISYNTHETIC REAL-DATA EXPERIMENT,adult,Female,gradient_boosting,group_threshold_calibrated,pre,moderate_second_group,f2d18f38dbf44f65,"{""alpha_negative"": {""Female"": 0.25, ""Male"": 0.25}, ""alpha_positive"": {""Female"": 0.35, ""Male"": 0.65}, ""contestation_scenario"": ""moderate_second_group"", ""rho_negative"": {""Female"": 0.05, ""Male"": 0.05}, ""rho_positive"": {""Female"": 0.8, ""Male"": 0.8}}",positive_rate,20,0.0981938870021611,0.0082900259838189,0.0018537061635058,0.0945606229216895,0.1018271510826326,"{'Female': 0.25, 'Male': 0.25}","{'Female': 0.35, 'Male': 0.65}","{'Female': 0.05, 'Male': 0.05}","{'Female': 0.8, 'Male': 0.8}"
REALDATA,SEMISYNTHETIC REAL-DATA EXPERIMENT,adult,Female,gradient_boosting,group_threshold_calibrated,pre,moderate_second_group,f2d18f38dbf44f65,"{""alpha_negative"": {""Female"": 0.25, ""Male"": 0.25}, ""alpha_positive"": {""Female"": 0.35, ""Male"": 0.65}, ""contestation_scenario"": ""moderate_second_group"", ""rho_negative"": {""Female"": 0.05, ""Male"": 0.05}, ""rho_positive"": {""Female"": 0.8, ""Male"": 0.8}}",prevalence,20,0.1092929916640938,0.0,0.0,0.1092929916640938,0.1092929916640938,"{'Female': 0.25, 'Male': 0.25}","{'Female': 0.35, 'Male': 0.65}","{'Female': 0.05, 'Male': 0.05}","{'Female': 0.8, 'Male': 0.8}"
REALDATA,SEMISYNTHETIC REAL-DATA EXPERIMENT,adult,Female,gradient_boosting,group_threshold_calibrated,pre,moderate_second_group,f2d18f38dbf44f65,"{""alpha_negative"": {""Female"": 0.25, ""Male"": 0.25}, ""alpha_positive"": {""Female"": 0.35, ""Male"": 0.65}, ""contestation_scenario"": ""moderate_second_group"", ""rho_negative"": {""Female"": 0.05, ""Male"": 0.05}, ""rho_positive"": {""Female"": 0.8, ""Male"": 0.8}}",tnr,20,0.9689601386481804,0.005833199908687,0.0013043431522169,0.9664036260698352,0.9715166512265256,"{'Female': 0.25, 'Male': 0.25}","{'Female': 0.35, 'Male': 0.65}","{'Female': 0.05, 'Male': 0.05}","{'Female': 0.8, 'Male': 0.8}"
REALDATA,SEMISYNTHETIC REAL-DATA EXPERIMENT,adult,Female,gradient_boosting,group_threshold_calibrated,pre,moderate_second_group,f2d18f38dbf44f65,"{""alpha_negative"": {""Female"": 0.25, ""Male"": 0.25}, ""alpha_positive"": {""Female"": 0.35, ""Male"": 0.65}, ""contestation_scenario"": ""moderate_second_group"", ""rho_negative"": {""Female"": 0.05, ""Male"": 0.05}, ""rho_positive"": {""Female"": 0.8, ""Male"": 0.8}}",tpr,20,0.6454802259887006,0.0335683715751127,0.0075061160735923,0.6307682384844595,0.6601922134929417,"{'Female': 0.25, 'Male': 0.25}","{'Female': 0.35, 'Male': 0.65}","{'Female': 0.05, 'Male': 0.05}","{'Female': 0.8, 'Male': 0.8}"
REALDATA,SEMISYNTHETIC REAL-DATA EXPERIMENT,adult,Female,gradient_boosting,group_threshold_calibrated,pre,strong_first_group,80db5b8b411cb1ee,"{""alpha_negative"": {""Female"": 0.25, ""Male"": 0.25}, ""alpha_positive"": {""Female"": 0.75, ""Male"": 0.25}, ""contestation_scenario"": ""strong_first_group"", ""rho_negative"": {""Female"": 0.05, ""Male"": 0.05}, ""rho_positive"": {""Female"": 0.8, ""Male"": 0.8}}",accuracy,20,0.933606051250386,0.0034907724437837,0.0007805604478283,0.9320761527726424,0.9351359497281296,"{'Female': 0.25, 'Male': 0.25}","{'Female': 0.75, 'Male': 0.25}","{'Female': 0.05, 'Male': 0.05}","{'Female': 0.8, 'Male': 0.8}"
REALDATA,SEMISYNTHETIC REAL-DATA EXPERIMENT,adult,Female,gradient_boosting,group_threshold_calibrated,pre,strong_first_group,80db5b8b411cb1ee,"{""alpha_negative"": {""Female"": 0.25, ""Male"": 0.25}, ""alpha_positive"": {""Female"": 0.75, ""Male"": 0.25}, ""contestation_scenario"": ""strong_first_group"", ""rho_negative"": {""Female"": 0.05, ""Male"": 0.05}, ""rho_positive"": {""Female"": 0.8, ""Male"": 0.8}}",fnr,20,0.3545197740112994,0.0335683715751127,0.0075061160735923,0.3398077865070583,0.3692317615155405,"{'Female': 0.25, 'Male': 0.25}","{'Female': 0.75, 'Male': 0.25}","{'Female': 0.05, 'Male': 0.05}","{'Female': 0.8, 'Male': 0.8}"
REALDATA,SEMISYNTHETIC REAL-DATA EXPERIMENT,adult,Female,gradient_boosting,group_threshold_calibrated,pre,strong_first_group,80db5b8b411cb1ee,"{""alpha_negative"": {""Female"": 0.25, ""Male"": 0.25}, ""alpha_positive"": {""Female"": 0.75, ""Male"": 0.25}, ""contestation_scenario"": ""strong_first_group"", ""rho_negative"": {""Female"": 0.05, ""Male"": 0.05}, ""rho_positive"": {""Female"": 0.8, ""Male"": 0.8}}",fpr,20,0.0310398613518197,0.0058331999086869,0.0013043431522169,0.0284833487734744,0.0335963739301649,"{'Female': 0.25, 'Male': 0.25}","{'Female': 0.75, 'Male': 0.25}","{'Female': 0.05, 'Male': 0.05}","{'Female': 0.8, 'Male': 0.8}"
REALDATA,SEMISYNTHETIC REAL-DATA EXPERIMENT,adult,Female,gradient_boosting,group_threshold_calibrated,pre,strong_first_group,80db5b8b411cb1ee,"{""alpha_negative"": {""Female"": 0.25, ""Male"": 0.25}, ""alpha_positive"": {""Female"": 0.75, ""Male"": 0.25}, ""contestation_scenario"": ""strong_first_group"", ""rho_negative"": {""Female"": 0.05, ""Male"": 0.05}, ""rho_positive"": {""Female"": 0.8, ""Male"": 0.8}}",n,20,3239.0,0.0,0.0,3239.0,3239.0,"{'Female': 0.25, 'Male': 0.25}","{'Female': 0.75, 'Male': 0.25}","{'Female': 0.05, 'Male': 0.05}","{'Female': 0.8, 'Male': 0.8}"
REALDATA,SEMISYNTHETIC REAL-DATA EXPERIMENT,adult,Female,gradient_boosting,group_threshold_calibrated,pre,strong_first_group,80db5b8b411cb1ee,"{""alpha_negative"": {""Female"": 0.25, ""Male"": 0.25}, ""alpha_positive"": {""Female"": 0.75, ""Male"": 0.25}, ""contestation_scenario"": ""strong_first_group"", ""rho_negative"": {""Female"": 0.05, ""Male"": 0.05}, ""rho_positive"": {""Female"": 0.8, ""Male"": 0.8}}",positive_rate,20,0.0981938870021611,0.0082900259838189,0.0018537061635058,0.0945606229216895,0.1018271510826326,"{'Female': 0.25, 'Male': 0.25}","{'Female': 0.75, 'Male': 0.25}","{'Female': 0.05, 'Male': 0.05}","{'Female': 0.8, 'Male': 0.8}"
REALDATA,SEMISYNTHETIC REAL-DATA EXPERIMENT,adult,Female,gradient_boosting,group_threshold_calibrated,pre,strong_first_group,80db5b8b411cb1ee,"{""alpha_negative"": {""Female"": 0.25, ""Male"": 0.25}, ""alpha_positive"": {""Female"": 0.75, ""Male"": 0.25}, ""contestation_scenario"": ""strong_first_group"", ""rho_negative"": {""Female"": 0.05, ""Male"": 0.05}, ""rho_positive"": {""Female"": 0.8, ""Male"": 0.8}}",prevalence,20,0.1092929916640938,0.0,0.0,0.1092929916640938,0.1092929916640938,"{'Female': 0.25, 'Male': 0.25}","{'Female': 0.75, 'Male': 0.25}","{'Female': 0.05, 'Male': 0.05}","{'Female': 0.8, 'Male': 0.8}"
REALDATA,SEMISYNTHETIC REAL-DATA EXPERIMENT,adult,Female,gradient_boosting,group_threshold_calibrated,pre,strong_first_group,80db5b8b411cb1ee,"{""alpha_negative"": {""Female"": 0.25, ""Male"": 0.25}, ""alpha_positive"": {""Female"": 0.75, ""Male"": 0.25}, ""contestation_scenario"": ""strong_first_group"", ""rho_negative"": {""Female"": 0.05, ""Male"": 0.05}, ""rho_positive"": {""Female"": 0.8, ""Male"": 0.8}}",tnr,20,0.9689601386481804,0.005833199908687,0.0013043431522169,0.9664036260698352,0.9715166512265256,"{'Female': 0.25, 'Male': 0.25}","{'Female': 0.75, 'Male': 0.25}","{'Female': 0.05, 'Male': 0.05}","{'Female': 0.8, 'Male': 0.8}"
REALDATA,SEMISYNTHETIC REAL-DATA EXPERIMENT,adult,Female,gradient_boosting,group_threshold_calibrated,pre,strong_first_group,80db5b8b411cb1ee,"{""alpha_negative"": {""Female"": 0.25, ""Male"": 0.25}, ""alpha_positive"": {""Female"": 0.75, ""Male"": 0.25}, ""contestation_scenario"": ""strong_first_group"", ""rho_negative"": {""Female"": 0.05, ""Male"": 0.05}, ""rho_positive"": {""Female"": 0.8, ""Male"": 0.8}}",tpr,20,0.6454802259887006,0.0335683715751127,0.0075061160735923,0.6307682384844595,0.6601922134929417,"{'Female': 0.25, 'Male': 0.25}","{'Female': 0.75, 'Male': 0.25}","{'Female': 0.05, 'Male': 0.05}","{'Female': 0.8, 'Male': 0.8}"
REALDATA,SEMISYNTHETIC REAL-DATA EXPERIMENT,adult,Female,gradient_boosting,group_threshold_calibrated,pre,strong_second_group,1a6f52e99e976851,"{""alpha_negative"": {""Female"": 0.25, ""Male"": 0.25}, ""alpha_positive"": {""Female"": 0.25, ""Male"": 0.75}, ""contestation_scenario"": ""strong_second_group"", ""rho_negative"": {""Female"": 0.05, ""Male"": 0.05}, ""rho_positive"": {""Female"": 0.8, ""Male"": 0.8}}",accuracy,20,0.933606051250386,0.0034907724437837,0.0007805604478283,0.9320761527726424,0.9351359497281296,"{'Female': 0.25, 'Male': 0.25}","{'Female': 0.25, 'Male': 0.75}","{'Female': 0.05, 'Male': 0.05}","{'Female': 0.8, 'Male': 0.8}"
REALDATA,SEMISYNTHETIC REAL-DATA EXPERIMENT,adult,Female,gradient_boosting,group_threshold_calibrated,pre,strong_second_group,1a6f52e99e976851,"{""alpha_negative"": {""Female"": 0.25, ""Male"": 0.25}, ""alpha_positive"": {""Female"": 0.25, ""Male"": 0.75}, ""contestation_scenario"": ""strong_second_group"", ""rho_negative"": {""Female"": 0.05, ""Male"": 0.05}, ""rho_positive"": {""Female"": 0.8, ""Male"": 0.8}}",fnr,20,0.3545197740112994,0.0335683715751127,0.0075061160735923,0.3398077865070583,0.3692317615155405,"{'Female': 0.25, 'Male': 0.25}","{'Female': 0.25, 'Male': 0.75}","{'Female': 0.05, 'Male': 0.05}","{'Female': 0.8, 'Male': 0.8}"
REALDATA,SEMISYNTHETIC REAL-DATA EXPERIMENT,adult,Female,gradient_boosting,group_threshold_calibrated,pre,strong_second_group,1a6f52e99e976851,"{""alpha_negative"": {""Female"": 0.25, ""Male"": 0.25}, ""alpha_positive"": {""Female"": 0.25, ""Male"": 0.75}, ""contestation_scenario"": ""strong_second_group"", ""rho_negative"": {""Female"": 0.05, ""Male"": 0.05}, ""rho_positive"": {""Female"": 0.8, ""Male"": 0.8}}",fpr,20,0.0310398613518197,0.0058331999086869,0.0013043431522169,0.0284833487734744,0.0335963739301649,"{'Female': 0.25, 'Male': 0.25}","{'Female': 0.25, 'Male': 0.75}","{'Female': 0.05, 'Male': 0.05}","{'Female': 0.8, 'Male': 0.8}"
REALDATA,SEMISYNTHETIC REAL-DATA EXPERIMENT,adult,Female,gradient_boosting,group_threshold_calibrated,pre,strong_second_group,1a6f52e99e976851,"{""alpha_negative"": {""Female"": 0.25, ""Male"": 0.25}, ""alpha_positive"": {""Female"": 0.25, ""Male"": 0.75}, ""contestation_scenario"": ""strong_second_group"", ""rho_negative"": {""Female"": 0.05, ""Male"": 0.05}, ""rho_positive"": {""Female"": 0.8, ""Male"": 0.8}}",n,20,3239.0,0.0,0.0,3239.0,3239.0,"{'Female': 0.25, 'Male': 0.25}","{'Female': 0.25, 'Male': 0.75}","{'Female': 0.05, 'Male': 0.05}","{'Female': 0.8, 'Male': 0.8}"
REALDATA,SEMISYNTHETIC REAL-DATA EXPERIMENT,adult,Female,gradient_boosting,group_threshold_calibrated,pre,strong_second_group,1a6f52e99e976851,"{""alpha_negative"": {""Female"": 0.25, ""Male"": 0.25}, ""alpha_positive"": {""Female"": 0.25, ""Male"": 0.75}, ""contestation_scenario"": ""strong_second_group"", ""rho_negative"": {""Female"": 0.05, ""Male"": 0.05}, ""rho_positive"": {""Female"": 0.8, ""Male"": 0.8}}",positive_rate,20,0.0981938870021611,0.0082900259838189,0.0018537061635058,0.0945606229216895,0.1018271510826326,"{'Female': 0.25, 'Male': 0.25}","{'Female': 0.25, 'Male': 0.75}","{'Female': 0.05, 'Male': 0.05}","{'Female': 0.8, 'Male': 0.8}"
REALDATA,SEMISYNTHETIC REAL-DATA EXPERIMENT,adult,Female,gradient_boosting,group_threshold_calibrated,pre,strong_second_group,1a6f52e99e976851,"{""alpha_negative"": {""Female"": 0.25, ""Male"": 0.25}, ""alpha_positive"": {""Female"": 0.25, ""Male"": 0.75}, ""contestation_scenario"": ""strong_second_group"", ""rho_negative"": {""Female"": 0.05, ""Male"": 0.05}, ""rho_positive"": {""Female"": 0.8, ""Male"": 0.8}}",prevalence,20,0.1092929916640938,0.0,0.0,0.1092929916640938,0.1092929916640938,"{'Female': 0.25, 'Male': 0.25}","{'Female': 0.25, 'Male': 0.75}","{'Female': 0.05, 'Male': 0.05}","{'Female': 0.8, 'Male': 0.8}"
REALDATA,SEMISYNTHETIC REAL-DATA EXPERIMENT,adult,Female,gradient_boosting,group_threshold_calibrated,pre,strong_second_group,1a6f52e99e976851,"{""alpha_negative"": {""Female"": 0.25, ""Male"": 0.25}, ""alpha_positive"": {""Female"": 0.25, ""Male"": 0.75}, ""contestation_scenario"": ""strong_second_group"", ""rho_negative"": {""Female"": 0.05, ""Male"": 0.05}, ""rho_positive"": {""Female"": 0.8, ""Male"": 0.8}}",tnr,20,0.9689601386481804,0.005833199908687,0.0013043431522169,0.9664036260698352,0.9715166512265256,"{'Female': 0.25, 'Male': 0.25}","{'Female': 0.25, 'Male': 0.75}","{'Female': 0.05, 'Male': 0.05}","{'Female': 0.8, 'Male': 0.8}"
REALDATA,SEMISYNTHETIC REAL-DATA EXPERIMENT,adult,Female,gradient_boosting,group_threshold_calibrated,pre,strong_second_group,1a6f52e99e976851,"{""alpha_negative"": {""Female"": 0.25, ""Male"": 0.25}, ""alpha_positive"": {""Female"": 0.25, ""Male"": 0.75}, ""contestation_scenario"": ""strong_second_group"", ""rho_negative"": {""Female"": 0.05, ""Male"": 0.05}, ""rho_positive"": {""Female"": 0.8, ""Male"": 0.8}}",tpr,20,0.6454802259887006,0.0335683715751127,0.0075061160735923,0.6307682384844595,0.6601922134929417,"{'Female': 0.25, 'Male': 0.25}","{'Female': 0.25, 'Male': 0.75}","{'Female': 0.05, 'Male': 0.05}","{'Female': 0.8, 'Male': 0.8}"
REALDATA,SEMISYNTHETIC REAL-DATA EXPERIMENT,adult,Female,gradient_boosting,validation_selected_threshold,frozen_policy,equal_access,8b1b8b56ce23dea1,"{""alpha_negative"": {""Female"": 0.25, ""Male"": 0.25}, ""alpha_positive"": {""Female"": 0.5, ""Male"": 0.5}, ""contestation_scenario"": ""equal_access"", ""rho_negative"": {""Female"": 0.05, ""Male"": 0.05}, ""rho_positive"": {""Female"": 0.8, ""Male"": 0.8}}",decision_threshold,20,0.4115,0.0358762492905528,0.0080221732191404,0.3957765404904847,0.4272234595095153,"{'Female': 0.25, 'Male': 0.25}","{'Female': 0.5, 'Male': 0.5}","{'Female': 0.05, 'Male': 0.05}","{'Female': 0.8, 'Male': 0.8}"
REALDATA,SEMISYNTHETIC REAL-DATA EXPERIMENT,adult,Female,gradient_boosting,validation_selected_threshold,frozen_policy,moderate_first_group,58a445a909825bd5,"{""alpha_negative"": {""Female"": 0.25, ""Male"": 0.25}, ""alpha_positive"": {""Female"": 0.65, ""Male"": 0.35}, ""contestation_scenario"": ""moderate_first_group"", ""rho_negative"": {""Female"": 0.05, ""Male"": 0.05}, ""rho_positive"": {""Female"": 0.8, ""Male"": 0.8}}",decision_threshold,20,0.4115,0.0358762492905528,0.0080221732191404,0.3957765404904847,0.4272234595095153,"{'Female': 0.25, 'Male': 0.25}","{'Female': 0.65, 'Male': 0.35}","{'Female': 0.05, 'Male': 0.05}","{'Female': 0.8, 'Male': 0.8}"
REALDATA,SEMISYNTHETIC REAL-DATA EXPERIMENT,adult,Female,gradient_boosting,validation_selected_threshold,frozen_policy,moderate_second_group,f2d18f38dbf44f65,"{""alpha_negative"": {""Female"": 0.25, ""Male"": 0.25}, ""alpha_positive"": {""Female"": 0.35, ""Male"": 0.65}, ""contestation_scenario"": ""moderate_second_group"", ""rho_negative"": {""Female"": 0.05, ""Male"": 0.05}, ""rho_positive"": {""Female"": 0.8, ""Male"": 0.8}}",decision_threshold,20,0.4115,0.0358762492905528,0.0080221732191404,0.3957765404904847,0.4272234595095153,"{'Female': 0.25, 'Male': 0.25}","{'Female': 0.35, 'Male': 0.65}","{'Female': 0.05, 'Male': 0.05}","{'Female': 0.8, 'Male': 0.8}"
REALDATA,SEMISYNTHETIC REAL-DATA EXPERIMENT,adult,Female,gradient_boosting,validation_selected_threshold,frozen_policy,strong_first_group,80db5b8b411cb1ee,"{""alpha_negative"": {""Female"": 0.25, ""Male"": 0.25}, ""alpha_positive"": {""Female"": 0.75, ""Male"": 0.25}, ""contestation_scenario"": ""strong_first_group"", ""rho_negative"": {""Female"": 0.05, ""Male"": 0.05}, ""rho_positive"": {""Female"": 0.8, ""Male"": 0.8}}",decision_threshold,20,0.4115,0.0358762492905528,0.0080221732191404,0.3957765404904847,0.4272234595095153,"{'Female': 0.25, 'Male': 0.25}","{'Female': 0.75, 'Male': 0.25}","{'Female': 0.05, 'Male': 0.05}","{'Female': 0.8, 'Male': 0.8}"
REALDATA,SEMISYNTHETIC REAL-DATA EXPERIMENT,adult,Female,gradient_boosting,validation_selected_threshold,frozen_policy,strong_second_group,1a6f52e99e976851,"{""alpha_negative"": {""Female"": 0.25, ""Male"": 0.25}, ""alpha_positive"": {""Female"": 0.25, ""Male"": 0.75}, ""contestation_scenario"": ""strong_second_group"", ""rho_negative"": {""Female"": 0.05, ""Male"": 0.05}, ""rho_positive"": {""Female"": 0.8, ""Male"": 0.8}}",decision_threshold,20,0.4115,0.0358762492905528,0.0080221732191404,0.3957765404904847,0.4272234595095153,"{'Female': 0.25, 'Male': 0.25}","{'Female': 0.25, 'Male': 0.75}","{'Female': 0.05, 'Male': 0.05}","{'Female': 0.8, 'Male': 0.8}"
REALDATA,SEMISYNTHETIC REAL-DATA EXPERIMENT,adult,Female,logistic,group_threshold_calibrated,post,equal_access,8b1b8b56ce23dea1,"{""alpha_negative"": {""Female"": 0.25, ""Male"": 0.25}, ""alpha_positive"": {""Female"": 0.5, ""Male"": 0.5}, ""contestation_scenario"": ""equal_access"", ""rho_negative"": {""Female"": 0.05, ""Male"": 0.05}, ""rho_positive"": {""Female"": 0.8, ""Male"": 0.8}}",accuracy,20,0.9296387774004324,0.0050432171117272,0.0011276976287112,0.9274284900481584,0.9318490647527063,"{'Female': 0.25, 'Male': 0.25}","{'Female': 0.5, 'Male': 0.5}","{'Female': 0.05, 'Male': 0.05}","{'Female': 0.8, 'Male': 0.8}"
REALDATA,SEMISYNTHETIC REAL-DATA EXPERIMENT,adult,Female,logistic,group_threshold_calibrated,post,equal_access,8b1b8b56ce23dea1,"{""alpha_negative"": {""Female"": 0.25, ""Male"": 0.25}, ""alpha_positive"": {""Female"": 0.5, ""Male"": 0.5}, ""contestation_scenario"": ""equal_access"", ""rho_negative"": {""Female"": 0.05, ""Male"": 0.05}, ""rho_positive"": {""Female"": 0.8, ""Male"": 0.8}}",fnr,20,0.2480225988700564,0.0323981672904168,0.0072444504407782,0.2338234760061311,0.2622217217339818,"{'Female': 0.25, 'Male': 0.25}","{'Female': 0.5, 'Male': 0.5}","{'Female': 0.05, 'Male': 0.05}","{'Female': 0.8, 'Male': 0.8}"
REALDATA,SEMISYNTHETIC REAL-DATA EXPERIMENT,adult,Female,logistic,group_threshold_calibrated,post,equal_access,8b1b8b56ce23dea1,"{""alpha_negative"": {""Female"": 0.25, ""Male"": 0.25}, ""alpha_positive"": {""Female"": 0.5, ""Male"": 0.5}, ""contestation_scenario"": ""equal_access"", ""rho_negative"": {""Female"": 0.05, ""Male"": 0.05}, ""rho_positive"": {""Female"": 0.8, ""Male"": 0.8}}",fpr,20,0.0485615251299826,0.0071124126674218,0.0015903838208385,0.045444372841139,0.0516786774188262,"{'Female': 0.25, 'Male': 0.25}","{'Female': 0.5, 'Male': 0.5}","{'Female': 0.05, 'Male': 0.05}","{'Female': 0.8, 'Male': 0.8}"
REALDATA,SEMISYNTHETIC REAL-DATA EXPERIMENT,adult,Female,logistic,group_threshold_calibrated,post,equal_access,8b1b8b56ce23dea1,"{""alpha_negative"": {""Female"": 0.25, ""Male"": 0.25}, ""alpha_positive"": {""Female"": 0.5, ""Male"": 0.5}, ""contestation_scenario"": ""equal_access"", ""rho_negative"": {""Female"": 0.05, ""Male"": 0.05}, ""rho_positive"": {""Female"": 0.8, ""Male"": 0.8}}",n,20,3239.0,0.0,0.0,3239.0,3239.0,"{'Female': 0.25, 'Male': 0.25}","{'Female': 0.5, 'Male': 0.5}","{'Female': 0.05, 'Male': 0.05}","{'Female': 0.8, 'Male': 0.8}"
REALDATA,SEMISYNTHETIC REAL-DATA EXPERIMENT,adult,Female,logistic,group_threshold_calibrated,post,equal_access,8b1b8b56ce23dea1,"{""alpha_negative"": {""Female"": 0.25, ""Male"": 0.25}, ""alpha_positive"": {""Female"": 0.5, ""Male"": 0.5}, ""contestation_scenario"": ""equal_access"", ""rho_negative"": {""Female"": 0.05, ""Male"": 0.05}, ""rho_positive"": {""Female"": 0.8, ""Male"": 0.8}}",positive_rate,20,0.1254399506020376,0.0089391371718543,0.0019988518376461,0.1215222010002511,0.129357700203824,"{'Female': 0.25, 'Male': 0.25}","{'Female': 0.5, 'Male': 0.5}","{'Female': 0.05, 'Male': 0.05}","{'Female': 0.8, 'Male': 0.8}"
REALDATA,SEMISYNTHETIC REAL-DATA EXPERIMENT,adult,Female,logistic,group_threshold_calibrated,post,equal_access,8b1b8b56ce23dea1,"{""alpha_negative"": {""Female"": 0.25, ""Male"": 0.25}, ""alpha_positive"": {""Female"": 0.5, ""Male"": 0.5}, ""contestation_scenario"": ""equal_access"", ""rho_negative"": {""Female"": 0.05, ""Male"": 0.05}, ""rho_positive"": {""Female"": 0.8, ""Male"": 0.8}}",prevalence,20,0.1092929916640938,0.0,0.0,0.1092929916640938,0.1092929916640938,"{'Female': 0.25, 'Male': 0.25}","{'Female': 0.5, 'Male': 0.5}","{'Female': 0.05, 'Male': 0.05}","{'Female': 0.8, 'Male': 0.8}"
REALDATA,SEMISYNTHETIC REAL-DATA EXPERIMENT,adult,Female,logistic,group_threshold_calibrated,post,equal_access,8b1b8b56ce23dea1,"{""alpha_negative"": {""Female"": 0.25, ""Male"": 0.25}, ""alpha_positive"": {""Female"": 0.5, ""Male"": 0.5}, ""contestation_scenario"": ""equal_access"", ""rho_negative"": {""Female"": 0.05, ""Male"": 0.05}, ""rho_positive"": {""Female"": 0.8, ""Male"": 0.8}}",tnr,20,0.9514384748700172,0.0071124126674218,0.0015903838208385,0.9483213225811736,0.954555627158861,"{'Female': 0.25, 'Male': 0.25}","{'Female': 0.5, 'Male': 0.5}","{'Female': 0.05, 'Male': 0.05}","{'Female': 0.8, 'Male': 0.8}"
REALDATA,SEMISYNTHETIC REAL-DATA EXPERIMENT,adult,Female,logistic,group_threshold_calibrated,post,equal_access,8b1b8b56ce23dea1,"{""alpha_negative"": {""Female"": 0.25, ""Male"": 0.25}, ""alpha_positive"": {""Female"": 0.5, ""Male"": 0.5}, ""contestation_scenario"": ""equal_access"", ""rho_negative"": {""Female"": 0.05, ""Male"": 0.05}, ""rho_positive"": {""Female"": 0.8, ""Male"": 0.8}}",tpr,20,0.7519774011299435,0.0323981672904168,0.0072444504407782,0.7377782782660182,0.7661765239938688,"{'Female': 0.25, 'Male': 0.25}","{'Female': 0.5, 'Male': 0.5}","{'Female': 0.05, 'Male': 0.05}","{'Female': 0.8, 'Male': 0.8}"
REALDATA,SEMISYNTHETIC REAL-DATA EXPERIMENT,adult,Female,logistic,group_threshold_calibrated,post,moderate_first_group,58a445a909825bd5,"{""alpha_negative"": {""Female"": 0.25, ""Male"": 0.25}, ""alpha_positive"": {""Female"": 0.65, ""Male"": 0.35}, ""contestation_scenario"": ""moderate_first_group"", ""rho_negative"": {""Female"": 0.05, ""Male"": 0.05}, ""rho_positive"": {""Female"": 0.8, ""Male"": 0.8}}",accuracy,20,0.9352114850262426,0.0044888887303842,0.0010037460344571,0.9332441427987066,0.9371788272537788,"{'Female': 0.25, 'Male': 0.25}","{'Female': 0.65, 'Male': 0.35}","{'Female': 0.05, 'Male': 0.05}","{'Female': 0.8, 'Male': 0.8}"
REALDATA,SEMISYNTHETIC REAL-DATA EXPERIMENT,adult,Female,logistic,group_threshold_calibrated,post,moderate_first_group,58a445a909825bd5,"{""alpha_negative"": {""Female"": 0.25, ""Male"": 0.25}, ""alpha_positive"": {""Female"": 0.65, ""Male"": 0.35}, ""contestation_scenario"": ""moderate_first_group"", ""rho_negative"": {""Female"": 0.05, ""Male"": 0.05}, ""rho_positive"": {""Female"": 0.8, ""Male"": 0.8}}",fnr,20,0.1978813559322033,0.0272877785203645,0.0061017327726493,0.1859219596978105,0.2098407521665961,"{'Female': 0.25, 'Male': 0.25}","{'Female': 0.65, 'Male': 0.35}","{'Female': 0.05, 'Male': 0.05}","{'Female': 0.8, 'Male': 0.8}"
REALDATA,SEMISYNTHETIC REAL-DATA EXPERIMENT,adult,Female,logistic,group_threshold_calibrated,post,moderate_first_group,58a445a909825bd5,"{""alpha_negative"": {""Female"": 0.25, ""Male"": 0.25}, ""alpha_positive"": {""Female"": 0.65, ""Male"": 0.35}, ""contestation_scenario"": ""moderate_first_group"", ""rho_negative"": {""Female"": 0.05, ""Male"": 0.05}, ""rho_positive"": {""Female"": 0.8, ""Male"": 0.8}}",fpr,20,0.0484575389948006,0.0073422584908613,0.001641778909394,0.0452396523323882,0.051675425657213,"{'Female': 0.25, 'Male': 0.25}","{'Female': 0.65, 'Male': 0.35}","{'Female': 0.05, 'Male': 0.05}","{'Female': 0.8, 'Male': 0.8}"
REALDATA,SEMISYNTHETIC REAL-DATA EXPERIMENT,adult,Female,logistic,group_threshold_calibrated,post,moderate_first_group,58a445a909825bd5,"{""alpha_negative"": {""Female"": 0.25, ""Male"": 0.25}, ""alpha_positive"": {""Female"": 0.65, ""Male"": 0.35}, ""contestation_scenario"": ""moderate_first_group"", ""rho_negative"": {""Female"": 0.05, ""Male"": 0.05}, ""rho_positive"": {""Female"": 0.8, ""Male"": 0.8}}",n,20,3239.0,0.0,0.0,3239.0,3239.0,"{'Female': 0.25, 'Male': 0.25}","{'Female': 0.65, 'Male': 0.35}","{'Female': 0.05, 'Male': 0.05}","{'Female': 0.8, 'Male': 0.8}"
REALDATA,SEMISYNTHETIC REAL-DATA EXPERIMENT,adult,Female,logistic,group_threshold_calibrated,post,moderate_first_group,58a445a909825bd5,"{""alpha_negative"": {""Female"": 0.25, ""Male"": 0.25}, ""alpha_positive"": {""Female"": 0.65, ""Male"": 0.35}, ""contestation_scenario"": ""moderate_first_group"", ""rho_negative"": {""Female"": 0.05, ""Male"": 0.05}, ""rho_positive"": {""Female"": 0.8, ""Male"": 0.8}}",positive_rate,20,0.1308274158690953,0.0091201344409655,0.0020393240573936,0.1268303407166039,0.1348244910215868,"{'Female': 0.25, 'Male': 0.25}","{'Female': 0.65, 'Male': 0.35}","{'Female': 0.05, 'Male': 0.05}","{'Female': 0.8, 'Male': 0.8}"
REALDATA,SEMISYNTHETIC REAL-DATA EXPERIMENT,adult,Female,logistic,group_threshold_calibrated,post,moderate_first_group,58a445a909825bd5,"{""alpha_negative"": {""Female"": 0.25, ""Male"": 0.25}, ""alpha_positive"": {""Female"": 0.65, ""Male"": 0.35}, ""contestation_scenario"": ""moderate_first_group"", ""rho_negative"": {""Female"": 0.05, ""Male"": 0.05}, ""rho_positive"": {""Female"": 0.8, ""Male"": 0.8}}",prevalence,20,0.1092929916640938,0.0,0.0,0.1092929916640938,0.1092929916640938,"{'Female': 0.25, 'Male': 0.25}","{'Female': 0.65, 'Male': 0.35}","{'Female': 0.05, 'Male': 0.05}","{'Female': 0.8, 'Male': 0.8}"
REALDATA,SEMISYNTHETIC REAL-DATA EXPERIMENT,adult,Female,logistic,group_threshold_calibrated,post,moderate_first_group,58a445a909825bd5,"{""alpha_negative"": {""Female"": 0.25, ""Male"": 0.25}, ""alpha_positive"": {""Female"": 0.65, ""Male"": 0.35}, ""contestation_scenario"": ""moderate_first_group"", ""rho_negative"": {""Female"": 0.05, ""Male"": 0.05}, ""rho_positive"": {""Female"": 0.8, ""Male"": 0.8}}",tnr,20,0.9515424610051992,0.0073422584908613,0.001641778909394,0.9483245743427868,0.9547603476676116,"{'Female': 0.25, 'Male': 0.25}","{'Female': 0.65, 'Male': 0.35}","{'Female': 0.05, 'Male': 0.05}","{'Female': 0.8, 'Male': 0.8}"
REALDATA,SEMISYNTHETIC REAL-DATA EXPERIMENT,adult,Female,logistic,group_threshold_calibrated,post,moderate_first_group,58a445a909825bd5,"{""alpha_negative"": {""Female"": 0.25, ""Male"": 0.25}, ""alpha_positive"": {""Female"": 0.65, ""Male"": 0.35}, ""contestation_scenario"": ""moderate_first_group"", ""rho_negative"": {""Female"": 0.05, ""Male"": 0.05}, ""rho_positive"": {""Female"": 0.8, ""Male"": 0.8}}",tpr,20,0.8021186440677965,0.0272877785203645,0.0061017327726493,0.7901592478334037,0.8140780403021893,"{'Female': 0.25, 'Male': 0.25}","{'Female': 0.65, 'Male': 0.35}","{'Female': 0.05, 'Male': 0.05}","{'Female': 0.8, 'Male': 0.8}"
REALDATA,SEMISYNTHETIC REAL-DATA EXPERIMENT,adult,Female,logistic,group_threshold_calibrated,post,moderate_second_group,f2d18f38dbf44f65,"{""alpha_negative"": {""Female"": 0.25, ""Male"": 0.25}, ""alpha_positive"": {""Female"": 0.35, ""Male"": 0.65}, ""contestation_scenario"": ""moderate_second_group"", ""rho_negative"": {""Female"": 0.05, ""Male"": 0.05}, ""rho_positive"": {""Female"": 0.8, ""Male"": 0.8}}",accuracy,20,0.9245446125347327,0.0038213642350764,0.0008544830196417,0.922869825816235,0.9262193992532308,"{'Female': 0.25, 'Male': 0.25}","{'Female': 0.35, 'Male': 0.65}","{'Female': 0.05, 'Male': 0.05}","{'Female': 0.8, 'Male': 0.8}"
REALDATA,SEMISYNTHETIC REAL-DATA EXPERIMENT,adult,Female,logistic,group_threshold_calibrated,post,moderate_second_group,f2d18f38dbf44f65,"{""alpha_negative"": {""Female"": 0.25, ""Male"": 0.25}, ""alpha_positive"": {""Female"": 0.35, ""Male"": 0.65}, ""contestation_scenario"": ""moderate_second_group"", ""rho_negative"": {""Female"": 0.05, ""Male"": 0.05}, ""rho_positive"": {""Female"": 0.8, ""Male"": 0.8}}",fnr,20,0.2927966101694915,0.0389732994479072,0.0087146946872975,0.2757158085823882,0.3098774117565947,"{'Female': 0.25, 'Male': 0.25}","{'Female': 0.35, 'Male': 0.65}","{'Female': 0.05, 'Male': 0.05}","{'Female': 0.8, 'Male': 0.8}"
REALDATA,SEMISYNTHETIC REAL-DATA EXPERIMENT,adult,Female,logistic,group_threshold_calibrated,post,moderate_second_group,f2d18f38dbf44f65,"{""alpha_negative"": {""Female"": 0.25, ""Male"": 0.25}, ""alpha_positive"": {""Female"": 0.35, ""Male"": 0.65}, ""contestation_scenario"": ""moderate_second_group"", ""rho_negative"": {""Female"": 0.05, ""Male"": 0.05}, ""rho_positive"": {""Female"": 0.8, ""Male"": 0.8}}",fpr,20,0.0487868284228768,0.0073304284168307,0.0016391336244229,0.0455741265190078,0.0519995303267458,"{'Female': 0.25, 'Male': 0.25}","{'Female': 0.35, 'Male': 0.65}","{'Female': 0.05, 'Male': 0.05}","{'Female': 0.8, 'Male': 0.8}"
REALDATA,SEMISYNTHETIC REAL-DATA EXPERIMENT,adult,Female,logistic,group_threshold_calibrated,post,moderate_second_group,f2d18f38dbf44f65,"{""alpha_negative"": {""Female"": 0.25, ""Male"": 0.25}, ""alpha_positive"": {""Female"": 0.35, ""Male"": 0.65}, ""contestation_scenario"": ""moderate_second_group"", ""rho_negative"": {""Female"": 0.05, ""Male"": 0.05}, ""rho_positive"": {""Female"": 0.8, ""Male"": 0.8}}",n,20,3239.0,0.0,0.0,3239.0,3239.0,"{'Female': 0.25, 'Male': 0.25}","{'Female': 0.35, 'Male': 0.65}","{'Female': 0.05, 'Male': 0.05}","{'Female': 0.8, 'Male': 0.8}"
REALDATA,SEMISYNTHETIC REAL-DATA EXPERIMENT,adult,Female,logistic,group_threshold_calibrated,post,moderate_second_group,f2d18f38dbf44f65,"{""alpha_negative"": {""Female"": 0.25, ""Male"": 0.25}, ""alpha_positive"": {""Female"": 0.35, ""Male"": 0.65}, ""contestation_scenario"": ""moderate_second_group"", ""rho_negative"": {""Female"": 0.05, ""Male"": 0.05}, ""rho_positive"": {""Female"": 0.8, ""Male"": 0.8}}",positive_rate,20,0.1207471441803025,0.0103414977838304,0.0023124292033808,0.1162147829416761,0.1252795054189289,"{'Female': 0.25, 'Male': 0.25}","{'Female': 0.35, 'Male': 0.65}","{'Female': 0.05, 'Male': 0.05}","{'Female': 0.8, 'Male': 0.8}"
REALDATA,SEMISYNTHETIC REAL-DATA EXPERIMENT,adult,Female,logistic,group_threshold_calibrated,post,moderate_second_group,f2d18f38dbf44f65,"{""alpha_negative"": {""Female"": 0.25, ""Male"": 0.25}, ""alpha_positive"": {""Female"": 0.35, ""Male"": 0.65}, ""contestation_scenario"": ""moderate_second_group"", ""rho_negative"": {""Female"": 0.05, ""Male"": 0.05}, ""rho_positive"": {""Female"": 0.8, ""Male"": 0.8}}",prevalence,20,0.1092929916640938,0.0,0.0,0.1092929916640938,0.1092929916640938,"{'Female': 0.25, 'Male': 0.25}","{'Female': 0.35, 'Male': 0.65}","{'Female': 0.05, 'Male': 0.05}","{'Female': 0.8, 'Male': 0.8}"
REALDATA,SEMISYNTHETIC REAL-DATA EXPERIMENT,adult,Female,logistic,group_threshold_calibrated,post,moderate_second_group,f2d18f38dbf44f65,"{""alpha_negative"": {""Female"": 0.25, ""Male"": 0.25}, ""alpha_positive"": {""Female"": 0.35, ""Male"": 0.65}, ""contestation_scenario"": ""moderate_second_group"", ""rho_negative"": {""Female"": 0.05, ""Male"": 0.05}, ""rho_positive"": {""Female"": 0.8, ""Male"": 0.8}}",tnr,20,0.951213171577123,0.0073304284168307,0.0016391336244229,0.948000469673254,0.954425873480992,"{'Female': 0.25, 'Male': 0.25}","{'Female': 0.35, 'Male': 0.65}","{'Female': 0.05, 'Male': 0.05}","{'Female': 0.8, 'Male': 0.8}"
REALDATA,SEMISYNTHETIC REAL-DATA EXPERIMENT,adult,Female,logistic,group_threshold_calibrated,post,moderate_second_group,f2d18f38dbf44f65,"{""alpha_negative"": {""Female"": 0.25, ""Male"": 0.25}, ""alpha_positive"": {""Female"": 0.35, ""Male"": 0.65}, ""contestation_scenario"": ""moderate_second_group"", ""rho_negative"": {""Female"": 0.05, ""Male"": 0.05}, ""rho_positive"": {""Female"": 0.8, ""Male"": 0.8}}",tpr,20,0.7072033898305085,0.0389732994479072,0.0087146946872975,0.6901225882434052,0.7242841914176117,"{'Female': 0.25, 'Male': 0.25}","{'Female': 0.35, 'Male': 0.65}","{'Female': 0.05, 'Male': 0.05}","{'Female': 0.8, 'Male': 0.8}"
REALDATA,SEMISYNTHETIC REAL-DATA EXPERIMENT,adult,Female,logistic,group_threshold_calibrated,post,strong_first_group,80db5b8b411cb1ee,"{""alpha_negative"": {""Female"": 0.25, ""Male"": 0.25}, ""alpha_positive"": {""Female"": 0.75, ""Male"": 0.25}, ""contestation_scenario"": ""strong_first_group"", ""rho_negative"": {""Female"": 0.05, ""Male"": 0.05}, ""rho_positive"": {""Female"": 0.8, ""Male"": 0.8}}",accuracy,20,0.9387774004322322,0.0053203045071717,0.0011896562539034,0.9364456741745816,0.941109126689883,"{'Female': 0.25, 'Male': 0.25}","{'Female': 0.75, 'Male': 0.25}","{'Female': 0.05, 'Male': 0.05}","{'Female': 0.8, 'Male': 0.8}"
REALDATA,SEMISYNTHETIC REAL-DATA EXPERIMENT,adult,Female,logistic,group_threshold_calibrated,post,strong_first_group,80db5b8b411cb1ee,"{""alpha_negative"": {""Female"": 0.25, ""Male"": 0.25}, ""alpha_positive"": {""Female"": 0.75, ""Male"": 0.25}, ""contestation_scenario"": ""strong_first_group"", ""rho_negative"": {""Female"": 0.05, ""Male"": 0.05}, ""rho_positive"": {""Female"": 0.8, ""Male"": 0.8}}",fnr,20,0.1648305084745762,0.023209035349749,0.0051896980734234,0.1546587002506662,0.1750023166984862,"{'Female': 0.25, 'Male': 0.25}","{'Female': 0.75, 'Male': 0.25}","{'Female': 0.05, 'Male': 0.05}","{'Female': 0.8, 'Male': 0.8}"
REALDATA,SEMISYNTHETIC REAL-DATA EXPERIMENT,adult,Female,logistic,group_threshold_calibrated,post,strong_first_group,80db5b8b411cb1ee,"{""alpha_negative"": {""Female"": 0.25, ""Male"": 0.25}, ""alpha_positive"": {""Female"": 0.75, ""Male"": 0.25}, ""contestation_scenario"": ""strong_first_group"", ""rho_negative"": {""Female"": 0.05, ""Male"": 0.05}, ""rho_positive"": {""Female"": 0.8, ""Male"": 0.8}}",fpr,20,0.0485095320623916,0.0072319444193613,0.0016171119331192,0.0453399926734779,0.0516790714513052,"{'Female': 0.25, 'Male': 0.25}","{'Female': 0.75, 'Male': 0.25}","{'Female': 0.05, 'Male': 0.05}","{'Female': 0.8, 'Male': 0.8}"
REALDATA,SEMISYNTHETIC REAL-DATA EXPERIMENT,adult,Female,logistic,group_threshold_calibrated,post,strong_first_group,80db5b8b411cb1ee,"{""alpha_negative"": {""Female"": 0.25, ""Male"": 0.25}, ""alpha_positive"": {""Female"": 0.75, ""Male"": 0.25}, ""contestation_scenario"": ""strong_first_group"", ""rho_negative"": {""Female"": 0.05, ""Male"": 0.05}, ""rho_positive"": {""Female"": 0.8, ""Male"": 0.8}}",n,20,3239.0,0.0,0.0,3239.0,3239.0,"{'Female': 0.25, 'Male': 0.25}","{'Female': 0.75, 'Male': 0.25}","{'Female': 0.05, 'Male': 0.05}","{'Female': 0.8, 'Male': 0.8}"
REALDATA,SEMISYNTHETIC REAL-DATA EXPERIMENT,adult,Female,logistic,group_threshold_calibrated,post,strong_first_group,80db5b8b411cb1ee,"{""alpha_negative"": {""Female"": 0.25, ""Male"": 0.25}, ""alpha_positive"": {""Female"": 0.75, ""Male"": 0.25}, ""contestation_scenario"": ""strong_first_group"", ""rho_negative"": {""Female"": 0.05, ""Male"": 0.05}, ""rho_positive"": {""Female"": 0.8, ""Male"": 0.8}}",positive_rate,20,0.1344859524544612,0.0082188717761116,0.001837795598974,0.1308838730804721,0.1380880318284502,"{'Female': 0.25, 'Male': 0.25}","{'Female': 0.75, 'Male': 0.25}","{'Female': 0.05, 'Male': 0.05}","{'Female': 0.8, 'Male': 0.8}"
REALDATA,SEMISYNTHETIC REAL-DATA EXPERIMENT,adult,Female,logistic,group_threshold_calibrated,post,strong_first_group,80db5b8b411cb1ee,"{""alpha_negative"": {""Female"": 0.25, ""Male"": 0.25}, ""alpha_positive"": {""Female"": 0.75, ""Male"": 0.25}, ""contestation_scenario"": ""strong_first_group"", ""rho_negative"": {""Female"": 0.05, ""Male"": 0.05}, ""rho_positive"": {""Female"": 0.8, ""Male"": 0.8}}",prevalence,20,0.1092929916640938,0.0,0.0,0.1092929916640938,0.1092929916640938,"{'Female': 0.25, 'Male': 0.25}","{'Female': 0.75, 'Male': 0.25}","{'Female': 0.05, 'Male': 0.05}","{'Female': 0.8, 'Male': 0.8}"
REALDATA,SEMISYNTHETIC REAL-DATA EXPERIMENT,adult,Female,logistic,group_threshold_calibrated,post,strong_first_group,80db5b8b411cb1ee,"{""alpha_negative"": {""Female"": 0.25, ""Male"": 0.25}, ""alpha_positive"": {""Female"": 0.75, ""Male"": 0.25}, ""contestation_scenario"": ""strong_first_group"", ""rho_negative"": {""Female"": 0.05, ""Male"": 0.05}, ""rho_positive"": {""Female"": 0.8, ""Male"": 0.8}}",tnr,20,0.9514904679376084,0.0072319444193613,0.0016171119331192,0.9483209285486948,0.954660007326522,"{'Female': 0.25, 'Male': 0.25}","{'Female': 0.75, 'Male': 0.25}","{'Female': 0.05, 'Male': 0.05}","{'Female': 0.8, 'Male': 0.8}"
REALDATA,SEMISYNTHETIC REAL-DATA EXPERIMENT,adult,Female,logistic,group_threshold_calibrated,post,strong_first_group,80db5b8b411cb1ee,"{""alpha_negative"": {""Female"": 0.25, ""Male"": 0.25}, ""alpha_positive"": {""Female"": 0.75, ""Male"": 0.25}, ""contestation_scenario"": ""strong_first_group"", ""rho_negative"": {""Female"": 0.05, ""Male"": 0.05}, ""rho_positive"": {""Female"": 0.8, ""Male"": 0.8}}",tpr,20,0.8351694915254237,0.023209035349749,0.0051896980734234,0.8249976833015138,0.8453412997493337,"{'Female': 0.25, 'Male': 0.25}","{'Female': 0.75, 'Male': 0.25}","{'Female': 0.05, 'Male': 0.05}","{'Female': 0.8, 'Male': 0.8}"
REALDATA,SEMISYNTHETIC REAL-DATA EXPERIMENT,adult,Female,logistic,group_threshold_calibrated,post,strong_second_group,1a6f52e99e976851,"{""alpha_negative"": {""Female"": 0.25, ""Male"": 0.25}, ""alpha_positive"": {""Female"": 0.25, ""Male"": 0.75}, ""contestation_scenario"": ""strong_second_group"", ""rho_negative"": {""Female"": 0.05, ""Male"": 0.05}, ""rho_positive"": {""Female"": 0.8, ""Male"": 0.8}}",accuracy,20,0.9210713183081198,0.0041206214475175,0.0009213989666192,0.919265376333546,0.9228772602826936,"{'Female': 0.25, 'Male': 0.25}","{'Female': 0.25, 'Male': 0.75}","{'Female': 0.05, 'Male': 0.05}","{'Female': 0.8, 'Male': 0.8}"
REALDATA,SEMISYNTHETIC REAL-DATA EXPERIMENT,adult,Female,logistic,group_threshold_calibrated,post,strong_second_group,1a6f52e99e976851,"{""alpha_negative"": {""Female"": 0.25, ""Male"": 0.25}, ""alpha_positive"": {""Female"": 0.25, ""Male"": 0.75}, ""contestation_scenario"": ""strong_second_group"", ""rho_negative"": {""Female"": 0.05, ""Male"": 0.05}, ""rho_positive"": {""Female"": 0.8, ""Male"": 0.8}}",fnr,20,0.3268361581920903,0.033973798382468,0.007596772263707,0.3119464845552244,0.3417258318289562,"{'Female': 0.25, 'Male': 0.25}","{'Female': 0.25, 'Male': 0.75}","{'Female': 0.05, 'Male': 0.05}","{'Female': 0.8, 'Male': 0.8}"
REALDATA,SEMISYNTHETIC REAL-DATA EXPERIMENT,adult,Female,logistic,group_threshold_calibrated,post,strong_second_group,1a6f52e99e976851,"{""alpha_negative"": {""Female"": 0.25, ""Male"": 0.25}, ""alpha_positive"": {""Female"": 0.25, ""Male"": 0.75}, ""contestation_scenario"": ""strong_second_group"", ""rho_negative"": {""Female"": 0.05, ""Male"": 0.05}, ""rho_positive"": {""Female"": 0.8, ""Male"": 0.8}}",fpr,20,0.0485095320623916,0.0069090869213768,0.0015449188018653,0.0454814912107355,0.0515375729140476,"{'Female': 0.25, 'Male': 0.25}","{'Female': 0.25, 'Male': 0.75}","{'Female': 0.05, 'Male': 0.05}","{'Female': 0.8, 'Male': 0.8}"
REALDATA,SEMISYNTHETIC REAL-DATA EXPERIMENT,adult,Female,logistic,group_threshold_calibrated,post,strong_second_group,1a6f52e99e976851,"{""alpha_negative"": {""Female"": 0.25, ""Male"": 0.25}, ""alpha_positive"": {""Female"": 0.25, ""Male"": 0.75}, ""contestation_scenario"": ""strong_second_group"", ""rho_negative"": {""Female"": 0.05, ""Male"": 0.05}, ""rho_positive"": {""Female"": 0.8, ""Male"": 0.8}}",n,20,3239.0,0.0,0.0,3239.0,3239.0,"{'Female': 0.25, 'Male': 0.25}","{'Female': 0.25, 'Male': 0.75}","{'Female': 0.05, 'Male': 0.05}","{'Female': 0.8, 'Male': 0.8}"
REALDATA,SEMISYNTHETIC REAL-DATA EXPERIMENT,adult,Female,logistic,group_threshold_calibrated,post,strong_second_group,1a6f52e99e976851,"{""alpha_negative"": {""Female"": 0.25, ""Male"": 0.25}, ""alpha_positive"": {""Female"": 0.25, ""Male"": 0.75}, ""contestation_scenario"": ""strong_second_group"", ""rho_negative"": {""Female"": 0.05, ""Male"": 0.05}, ""rho_positive"": {""Female"": 0.8, ""Male"": 0.8}}",positive_rate,20,0.1167798703303488,0.0092917931312583,0.0020777081074359,0.1127075624397744,0.1208521782209232,"{'Female': 0.25, 'Male': 0.25}","{'Female': 0.25, 'Male': 0.75}","{'Female': 0.05, 'Male': 0.05}","{'Female': 0.8, 'Male': 0.8}"
REALDATA,SEMISYNTHETIC REAL-DATA EXPERIMENT,adult,Female,logistic,group_threshold_calibrated,post,strong_second_group,1a6f52e99e976851,"{""alpha_negative"": {""Female"": 0.25, ""Male"": 0.25}, ""alpha_positive"": {""Female"": 0.25, ""Male"": 0.75}, ""contestation_scenario"": ""strong_second_group"", ""rho_negative"": {""Female"": 0.05, ""Male"": 0.05}, ""rho_positive"": {""Female"": 0.8, ""Male"": 0.8}}",prevalence,20,0.1092929916640938,0.0,0.0,0.1092929916640938,0.1092929916640938,"{'Female': 0.25, 'Male': 0.25}","{'Female': 0.25, 'Male': 0.75}","{'Female': 0.05, 'Male': 0.05}","{'Female': 0.8, 'Male': 0.8}"
REALDATA,SEMISYNTHETIC REAL-DATA EXPERIMENT,adult,Female,logistic,group_threshold_calibrated,post,strong_second_group,1a6f52e99e976851,"{""alpha_negative"": {""Female"": 0.25, ""Male"": 0.25}, ""alpha_positive"": {""Female"": 0.25, ""Male"": 0.75}, ""contestation_scenario"": ""strong_second_group"", ""rho_negative"": {""Female"": 0.05, ""Male"": 0.05}, ""rho_positive"": {""Female"": 0.8, ""Male"": 0.8}}",tnr,20,0.9514904679376084,0.0069090869213768,0.0015449188018653,0.9484624270859524,0.9545185087892644,"{'Female': 0.25, 'Male': 0.25}","{'Female': 0.25, 'Male': 0.75}","{'Female': 0.05, 'Male': 0.05}","{'Female': 0.8, 'Male': 0.8}"
REALDATA,SEMISYNTHETIC REAL-DATA EXPERIMENT,adult,Female,logistic,group_threshold_calibrated,post,strong_second_group,1a6f52e99e976851,"{""alpha_negative"": {""Female"": 0.25, ""Male"": 0.25}, ""alpha_positive"": {""Female"": 0.25, ""Male"": 0.75}, ""contestation_scenario"": ""strong_second_group"", ""rho_negative"": {""Female"": 0.05, ""Male"": 0.05}, ""rho_positive"": {""Female"": 0.8, ""Male"": 0.8}}",tpr,20,0.6731638418079096,0.033973798382468,0.007596772263707,0.6582741681710437,0.6880535154447754,"{'Female': 0.25, 'Male': 0.25}","{'Female': 0.25, 'Male': 0.75}","{'Female': 0.05, 'Male': 0.05}","{'Female': 0.8, 'Male': 0.8}"
REALDATA,SEMISYNTHETIC REAL-DATA EXPERIMENT,adult,Female,logistic,group_threshold_calibrated,pre,equal_access,8b1b8b56ce23dea1,"{""alpha_negative"": {""Female"": 0.25, ""Male"": 0.25}, ""alpha_positive"": {""Female"": 0.5, ""Male"": 0.5}, ""contestation_scenario"": ""equal_access"", ""rho_negative"": {""Female"": 0.05, ""Male"": 0.05}, ""rho_positive"": {""Female"": 0.8, ""Male"": 0.8}}",accuracy,20,0.9229391787588762,0.0030306285026161,0.0006776691346398,0.9216109472549822,0.9242674102627704,"{'Female': 0.25, 'Male': 0.25}","{'Female': 0.5, 'Male': 0.5}","{'Female': 0.05, 'Male': 0.05}","{'Female': 0.8, 'Male': 0.8}"
REALDATA,SEMISYNTHETIC REAL-DATA EXPERIMENT,adult,Female,logistic,group_threshold_calibrated,pre,equal_access,8b1b8b56ce23dea1,"{""alpha_negative"": {""Female"": 0.25, ""Male"": 0.25}, ""alpha_positive"": {""Female"": 0.5, ""Male"": 0.5}, ""contestation_scenario"": ""equal_access"", ""rho_negative"": {""Female"": 0.05, ""Male"": 0.05}, ""rho_positive"": {""Female"": 0.8, ""Male"": 0.8}}",fnr,20,0.4100282485875706,0.0432535598480503,0.0096717900089095,0.3910715401701077,0.4289849570050334,"{'Female': 0.25, 'Male': 0.25}","{'Female': 0.5, 'Male': 0.5}","{'Female': 0.05, 'Male': 0.05}","{'Female': 0.8, 'Male': 0.8}"
REALDATA,SEMISYNTHETIC REAL-DATA EXPERIMENT,adult,Female,logistic,group_threshold_calibrated,pre,equal_access,8b1b8b56ce23dea1,"{""alpha_negative"": {""Female"": 0.25, ""Male"": 0.25}, ""alpha_positive"": {""Female"": 0.5, ""Male"": 0.5}, ""contestation_scenario"": ""equal_access"", ""rho_negative"": {""Female"": 0.05, ""Male"": 0.05}, ""rho_positive"": {""Female"": 0.8, ""Male"": 0.8}}",fpr,20,0.0362045060658578,0.0069592429666229,0.0015561340345306,0.0331544833581778,0.0392545287735378,"{'Female': 0.25, 'Male': 0.25}","{'Female': 0.5, 'Male': 0.5}","{'Female': 0.05, 'Male': 0.05}","{'Female': 0.8, 'Male': 0.8}"
REALDATA,SEMISYNTHETIC REAL-DATA EXPERIMENT,adult,Female,logistic,group_threshold_calibrated,pre,equal_access,8b1b8b56ce23dea1,"{""alpha_negative"": {""Female"": 0.25, ""Male"": 0.25}, ""alpha_positive"": {""Female"": 0.5, ""Male"": 0.5}, ""contestation_scenario"": ""equal_access"", ""rho_negative"": {""Female"": 0.05, ""Male"": 0.05}, ""rho_positive"": {""Female"": 0.8, ""Male"": 0.8}}",n,20,3239.0,0.0,0.0,3239.0,3239.0,"{'Female': 0.25, 'Male': 0.25}","{'Female': 0.5, 'Male': 0.5}","{'Female': 0.05, 'Male': 0.05}","{'Female': 0.8, 'Male': 0.8}"
REALDATA,SEMISYNTHETIC REAL-DATA EXPERIMENT,adult,Female,logistic,group_threshold_calibrated,pre,equal_access,8b1b8b56ce23dea1,"{""alpha_negative"": {""Female"": 0.25, ""Male"": 0.25}, ""alpha_positive"": {""Female"": 0.5, ""Male"": 0.5}, ""contestation_scenario"": ""equal_access"", ""rho_negative"": {""Female"": 0.05, ""Male"": 0.05}, ""rho_positive"": {""Female"": 0.8, ""Male"": 0.8}}",positive_rate,20,0.0967273849953689,0.0105998426908822,0.0023701968807617,0.0920817991090759,0.1013729708816618,"{'Female': 0.25, 'Male': 0.25}","{'Female': 0.5, 'Male': 0.5}","{'Female': 0.05, 'Male': 0.05}","{'Female': 0.8, 'Male': 0.8}"
REALDATA,SEMISYNTHETIC REAL-DATA EXPERIMENT,adult,Female,logistic,group_threshold_calibrated,pre,equal_access,8b1b8b56ce23dea1,"{""alpha_negative"": {""Female"": 0.25, ""Male"": 0.25}, ""alpha_positive"": {""Female"": 0.5, ""Male"": 0.5}, ""contestation_scenario"": ""equal_access"", ""rho_negative"": {""Female"": 0.05, ""Male"": 0.05}, ""rho_positive"": {""Female"": 0.8, ""Male"": 0.8}}",prevalence,20,0.1092929916640938,0.0,0.0,0.1092929916640938,0.1092929916640938,"{'Female': 0.25, 'Male': 0.25}","{'Female': 0.5, 'Male': 0.5}","{'Female': 0.05, 'Male': 0.05}","{'Female': 0.8, 'Male': 0.8}"
REALDATA,SEMISYNTHETIC REAL-DATA EXPERIMENT,adult,Female,logistic,group_threshold_calibrated,pre,equal_access,8b1b8b56ce23dea1,"{""alpha_negative"": {""Female"": 0.25, ""Male"": 0.25}, ""alpha_positive"": {""Female"": 0.5, ""Male"": 0.5}, ""contestation_scenario"": ""equal_access"", ""rho_negative"": {""Female"": 0.05, ""Male"": 0.05}, ""rho_positive"": {""Female"": 0.8, ""Male"": 0.8}}",tnr,20,0.963795493934142,0.0069592429666229,0.0015561340345306,0.960745471226462,0.9668455166418222,"{'Female': 0.25, 'Male': 0.25}","{'Female': 0.5, 'Male': 0.5}","{'Female': 0.05, 'Male': 0.05}","{'Female': 0.8, 'Male': 0.8}"
REALDATA,SEMISYNTHETIC REAL-DATA EXPERIMENT,adult,Female,logistic,group_threshold_calibrated,pre,equal_access,8b1b8b56ce23dea1,"{""alpha_negative"": {""Female"": 0.25, ""Male"": 0.25}, ""alpha_positive"": {""Female"": 0.5, ""Male"": 0.5}, ""contestation_scenario"": ""equal_access"", ""rho_negative"": {""Female"": 0.05, ""Male"": 0.05}, ""rho_positive"": {""Female"": 0.8, ""Male"": 0.8}}",tpr,20,0.5899717514124294,0.0432535598480503,0.0096717900089095,0.5710150429949666,0.6089284598298922,"{'Female': 0.25, 'Male': 0.25}","{'Female': 0.5, 'Male': 0.5}","{'Female': 0.05, 'Male': 0.05}","{'Female': 0.8, 'Male': 0.8}"
REALDATA,SEMISYNTHETIC REAL-DATA EXPERIMENT,adult,Female,logistic,group_threshold_calibrated,pre,moderate_first_group,58a445a909825bd5,"{""alpha_negative"": {""Female"": 0.25, ""Male"": 0.25}, ""alpha_positive"": {""Female"": 0.65, ""Male"": 0.35}, ""contestation_scenario"": ""moderate_first_group"", ""rho_negative"": {""Female"": 0.05, ""Male"": 0.05}, ""rho_positive"": {""Female"": 0.8, ""Male"": 0.8}}",accuracy,20,0.9229391787588762,0.0030306285026161,0.0006776691346398,0.9216109472549822,0.9242674102627704,"{'Female': 0.25, 'Male': 0.25}","{'Female': 0.65, 'Male': 0.35}","{'Female': 0.05, 'Male': 0.05}","{'Female': 0.8, 'Male': 0.8}"
REALDATA,SEMISYNTHETIC REAL-DATA EXPERIMENT,adult,Female,logistic,group_threshold_calibrated,pre,moderate_first_group,58a445a909825bd5,"{""alpha_negative"": {""Female"": 0.25, ""Male"": 0.25}, ""alpha_positive"": {""Female"": 0.65, ""Male"": 0.35}, ""contestation_scenario"": ""moderate_first_group"", ""rho_negative"": {""Female"": 0.05, ""Male"": 0.05}, ""rho_positive"": {""Female"": 0.8, ""Male"": 0.8}}",fnr,20,0.4100282485875706,0.0432535598480503,0.0096717900089095,0.3910715401701077,0.4289849570050334,"{'Female': 0.25, 'Male': 0.25}","{'Female': 0.65, 'Male': 0.35}","{'Female': 0.05, 'Male': 0.05}","{'Female': 0.8, 'Male': 0.8}"
REALDATA,SEMISYNTHETIC REAL-DATA EXPERIMENT,adult,Female,logistic,group_threshold_calibrated,pre,moderate_first_group,58a445a909825bd5,"{""alpha_negative"": {""Female"": 0.25, ""Male"": 0.25}, ""alpha_positive"": {""Female"": 0.65, ""Male"": 0.35}, ""contestation_scenario"": ""moderate_first_group"", ""rho_negative"": {""Female"": 0.05, ""Male"": 0.05}, ""rho_positive"": {""Female"": 0.8, ""Male"": 0.8}}",fpr,20,0.0362045060658578,0.0069592429666229,0.0015561340345306,0.0331544833581778,0.0392545287735378,"{'Female': 0.25, 'Male': 0.25}","{'Female': 0.65, 'Male': 0.35}","{'Female': 0.05, 'Male': 0.05}","{'Female': 0.8, 'Male': 0.8}"
REALDATA,SEMISYNTHETIC REAL-DATA EXPERIMENT,adult,Female,logistic,group_threshold_calibrated,pre,moderate_first_group,58a445a909825bd5,"{""alpha_negative"": {""Female"": 0.25, ""Male"": 0.25}, ""alpha_positive"": {""Female"": 0.65, ""Male"": 0.35}, ""contestation_scenario"": ""moderate_first_group"", ""rho_negative"": {""Female"": 0.05, ""Male"": 0.05}, ""rho_positive"": {""Female"": 0.8, ""Male"": 0.8}}",n,20,3239.0,0.0,0.0,3239.0,3239.0,"{'Female': 0.25, 'Male': 0.25}","{'Female': 0.65, 'Male': 0.35}","{'Female': 0.05, 'Male': 0.05}","{'Female': 0.8, 'Male': 0.8}"
REALDATA,SEMISYNTHETIC REAL-DATA EXPERIMENT,adult,Female,logistic,group_threshold_calibrated,pre,moderate_first_group,58a445a909825bd5,"{""alpha_negative"": {""Female"": 0.25, ""Male"": 0.25}, ""alpha_positive"": {""Female"": 0.65, ""Male"": 0.35}, ""contestation_scenario"": ""moderate_first_group"", ""rho_negative"": {""Female"": 0.05, ""Male"": 0.05}, ""rho_positive"": {""Female"": 0.8, ""Male"": 0.8}}",positive_rate,20,0.0967273849953689,0.0105998426908822,0.0023701968807617,0.0920817991090759,0.1013729708816618,"{'Female': 0.25, 'Male': 0.25}","{'Female': 0.65, 'Male': 0.35}","{'Female': 0.05, 'Male': 0.05}","{'Female': 0.8, 'Male': 0.8}"
REALDATA,SEMISYNTHETIC REAL-DATA EXPERIMENT,adult,Female,logistic,group_threshold_calibrated,pre,moderate_first_group,58a445a909825bd5,"{""alpha_negative"": {""Female"": 0.25, ""Male"": 0.25}, ""alpha_positive"": {""Female"": 0.65, ""Male"": 0.35}, ""contestation_scenario"": ""moderate_first_group"", ""rho_negative"": {""Female"": 0.05, ""Male"": 0.05}, ""rho_positive"": {""Female"": 0.8, ""Male"": 0.8}}",prevalence,20,0.1092929916640938,0.0,0.0,0.1092929916640938,0.1092929916640938,"{'Female': 0.25, 'Male': 0.25}","{'Female': 0.65, 'Male': 0.35}","{'Female': 0.05, 'Male': 0.05}","{'Female': 0.8, 'Male': 0.8}"
REALDATA,SEMISYNTHETIC REAL-DATA EXPERIMENT,adult,Female,logistic,group_threshold_calibrated,pre,moderate_first_group,58a445a909825bd5,"{""alpha_negative"": {""Female"": 0.25, ""Male"": 0.25}, ""alpha_positive"": {""Female"": 0.65, ""Male"": 0.35}, ""contestation_scenario"": ""moderate_first_group"", ""rho_negative"": {""Female"": 0.05, ""Male"": 0.05}, ""rho_positive"": {""Female"": 0.8, ""Male"": 0.8}}",tnr,20,0.963795493934142,0.0069592429666229,0.0015561340345306,0.960745471226462,0.9668455166418222,"{'Female': 0.25, 'Male': 0.25}","{'Female': 0.65, 'Male': 0.35}","{'Female': 0.05, 'Male': 0.05}","{'Female': 0.8, 'Male': 0.8}"
REALDATA,SEMISYNTHETIC REAL-DATA EXPERIMENT,adult,Female,logistic,group_threshold_calibrated,pre,moderate_first_group,58a445a909825bd5,"{""alpha_negative"": {""Female"": 0.25, ""Male"": 0.25}, ""alpha_positive"": {""Female"": 0.65, ""Male"": 0.35}, ""contestation_scenario"": ""moderate_first_group"", ""rho_negative"": {""Female"": 0.05, ""Male"": 0.05}, ""rho_positive"": {""Female"": 0.8, ""Male"": 0.8}}",tpr,20,0.5899717514124294,0.0432535598480503,0.0096717900089095,0.5710150429949666,0.6089284598298922,"{'Female': 0.25, 'Male': 0.25}","{'Female': 0.65, 'Male': 0.35}","{'Female': 0.05, 'Male': 0.05}","{'Female': 0.8, 'Male': 0.8}"
REALDATA,SEMISYNTHETIC REAL-DATA EXPERIMENT,adult,Female,logistic,group_threshold_calibrated,pre,moderate_second_group,f2d18f38dbf44f65,"{""alpha_negative"": {""Female"": 0.25, ""Male"": 0.25}, ""alpha_positive"": {""Female"": 0.35, ""Male"": 0.65}, ""contestation_scenario"": ""moderate_second_group"", ""rho_negative"": {""Female"": 0.05, ""Male"": 0.05}, ""rho_positive"": {""Female"": 0.8, ""Male"": 0.8}}",accuracy,20,0.9229391787588762,0.0030306285026161,0.0006776691346398,0.9216109472549822,0.9242674102627704,"{'Female': 0.25, 'Male': 0.25}","{'Female': 0.35, 'Male': 0.65}","{'Female': 0.05, 'Male': 0.05}","{'Female': 0.8, 'Male': 0.8}"
REALDATA,SEMISYNTHETIC REAL-DATA EXPERIMENT,adult,Female,logistic,group_threshold_calibrated,pre,moderate_second_group,f2d18f38dbf44f65,"{""alpha_negative"": {""Female"": 0.25, ""Male"": 0.25}, ""alpha_positive"": {""Female"": 0.35, ""Male"": 0.65}, ""contestation_scenario"": ""moderate_second_group"", ""rho_negative"": {""Female"": 0.05, ""Male"": 0.05}, ""rho_positive"": {""Female"": 0.8, ""Male"": 0.8}}",fnr,20,0.4100282485875706,0.0432535598480503,0.0096717900089095,0.3910715401701077,0.4289849570050334,"{'Female': 0.25, 'Male': 0.25}","{'Female': 0.35, 'Male': 0.65}","{'Female': 0.05, 'Male': 0.05}","{'Female': 0.8, 'Male': 0.8}"
REALDATA,SEMISYNTHETIC REAL-DATA EXPERIMENT,adult,Female,logistic,group_threshold_calibrated,pre,moderate_second_group,f2d18f38dbf44f65,"{""alpha_negative"": {""Female"": 0.25, ""Male"": 0.25}, ""alpha_positive"": {""Female"": 0.35, ""Male"": 0.65}, ""contestation_scenario"": ""moderate_second_group"", ""rho_negative"": {""Female"": 0.05, ""Male"": 0.05}, ""rho_positive"": {""Female"": 0.8, ""Male"": 0.8}}",fpr,20,0.0362045060658578,0.0069592429666229,0.0015561340345306,0.0331544833581778,0.0392545287735378,"{'Female': 0.25, 'Male': 0.25}","{'Female': 0.35, 'Male': 0.65}","{'Female': 0.05, 'Male': 0.05}","{'Female': 0.8, 'Male': 0.8}"
REALDATA,SEMISYNTHETIC REAL-DATA EXPERIMENT,adult,Female,logistic,group_threshold_calibrated,pre,moderate_second_group,f2d18f38dbf44f65,"{""alpha_negative"": {""Female"": 0.25, ""Male"": 0.25}, ""alpha_positive"": {""Female"": 0.35, ""Male"": 0.65}, ""contestation_scenario"": ""moderate_second_group"", ""rho_negative"": {""Female"": 0.05, ""Male"": 0.05}, ""rho_positive"": {""Female"": 0.8, ""Male"": 0.8}}",n,20,3239.0,0.0,0.0,3239.0,3239.0,"{'Female': 0.25, 'Male': 0.25}","{'Female': 0.35, 'Male': 0.65}","{'Female': 0.05, 'Male': 0.05}","{'Female': 0.8, 'Male': 0.8}"
REALDATA,SEMISYNTHETIC REAL-DATA EXPERIMENT,adult,Female,logistic,group_threshold_calibrated,pre,moderate_second_group,f2d18f38dbf44f65,"{""alpha_negative"": {""Female"": 0.25, ""Male"": 0.25}, ""alpha_positive"": {""Female"": 0.35, ""Male"": 0.65}, ""contestation_scenario"": ""moderate_second_group"", ""rho_negative"": {""Female"": 0.05, ""Male"": 0.05}, ""rho_positive"": {""Female"": 0.8, ""Male"": 0.8}}",positive_rate,20,0.0967273849953689,0.0105998426908822,0.0023701968807617,0.0920817991090759,0.1013729708816618,"{'Female': 0.25, 'Male': 0.25}","{'Female': 0.35, 'Male': 0.65}","{'Female': 0.05, 'Male': 0.05}","{'Female': 0.8, 'Male': 0.8}"
REALDATA,SEMISYNTHETIC REAL-DATA EXPERIMENT,adult,Female,logistic,group_threshold_calibrated,pre,moderate_second_group,f2d18f38dbf44f65,"{""alpha_negative"": {""Female"": 0.25, ""Male"": 0.25}, ""alpha_positive"": {""Female"": 0.35, ""Male"": 0.65}, ""contestation_scenario"": ""moderate_second_group"", ""rho_negative"": {""Female"": 0.05, ""Male"": 0.05}, ""rho_positive"": {""Female"": 0.8, ""Male"": 0.8}}",prevalence,20,0.1092929916640938,0.0,0.0,0.1092929916640938,0.1092929916640938,"{'Female': 0.25, 'Male': 0.25}","{'Female': 0.35, 'Male': 0.65}","{'Female': 0.05, 'Male': 0.05}","{'Female': 0.8, 'Male': 0.8}"
REALDATA,SEMISYNTHETIC REAL-DATA EXPERIMENT,adult,Female,logistic,group_threshold_calibrated,pre,moderate_second_group,f2d18f38dbf44f65,"{""alpha_negative"": {""Female"": 0.25, ""Male"": 0.25}, ""alpha_positive"": {""Female"": 0.35, ""Male"": 0.65}, ""contestation_scenario"": ""moderate_second_group"", ""rho_negative"": {""Female"": 0.05, ""Male"": 0.05}, ""rho_positive"": {""Female"": 0.8, ""Male"": 0.8}}",tnr,20,0.963795493934142,0.0069592429666229,0.0015561340345306,0.960745471226462,0.9668455166418222,"{'Female': 0.25, 'Male': 0.25}","{'Female': 0.35, 'Male': 0.65}","{'Female': 0.05, 'Male': 0.05}","{'Female': 0.8, 'Male': 0.8}"
REALDATA,SEMISYNTHETIC REAL-DATA EXPERIMENT,adult,Female,logistic,group_threshold_calibrated,pre,moderate_second_group,f2d18f38dbf44f65,"{""alpha_negative"": {""Female"": 0.25, ""Male"": 0.25}, ""alpha_positive"": {""Female"": 0.35, ""Male"": 0.65}, ""contestation_scenario"": ""moderate_second_group"", ""rho_negative"": {""Female"": 0.05, ""Male"": 0.05}, ""rho_positive"": {""Female"": 0.8, ""Male"": 0.8}}",tpr,20,0.5899717514124294,0.0432535598480503,0.0096717900089095,0.5710150429949666,0.6089284598298922,"{'Female': 0.25, 'Male': 0.25}","{'Female': 0.35, 'Male': 0.65}","{'Female': 0.05, 'Male': 0.05}","{'Female': 0.8, 'Male': 0.8}"
REALDATA,SEMISYNTHETIC REAL-DATA EXPERIMENT,adult,Female,logistic,group_threshold_calibrated,pre,strong_first_group,80db5b8b411cb1ee,"{""alpha_negative"": {""Female"": 0.25, ""Male"": 0.25}, ""alpha_positive"": {""Female"": 0.75, ""Male"": 0.25}, ""contestation_scenario"": ""strong_first_group"", ""rho_negative"": {""Female"": 0.05, ""Male"": 0.05}, ""rho_positive"": {""Female"": 0.8, ""Male"": 0.8}}",accuracy,20,0.9229391787588762,0.0030306285026161,0.0006776691346398,0.9216109472549822,0.9242674102627704,"{'Female': 0.25, 'Male': 0.25}","{'Female': 0.75, 'Male': 0.25}","{'Female': 0.05, 'Male': 0.05}","{'Female': 0.8, 'Male': 0.8}"
REALDATA,SEMISYNTHETIC REAL-DATA EXPERIMENT,adult,Female,logistic,group_threshold_calibrated,pre,strong_first_group,80db5b8b411cb1ee,"{""alpha_negative"": {""Female"": 0.25, ""Male"": 0.25}, ""alpha_positive"": {""Female"": 0.75, ""Male"": 0.25}, ""contestation_scenario"": ""strong_first_group"", ""rho_negative"": {""Female"": 0.05, ""Male"": 0.05}, ""rho_positive"": {""Female"": 0.8, ""Male"": 0.8}}",fnr,20,0.4100282485875706,0.0432535598480503,0.0096717900089095,0.3910715401701077,0.4289849570050334,"{'Female': 0.25, 'Male': 0.25}","{'Female': 0.75, 'Male': 0.25}","{'Female': 0.05, 'Male': 0.05}","{'Female': 0.8, 'Male': 0.8}"
REALDATA,SEMISYNTHETIC REAL-DATA EXPERIMENT,adult,Female,logistic,group_threshold_calibrated,pre,strong_first_group,80db5b8b411cb1ee,"{""alpha_negative"": {""Female"": 0.25, ""Male"": 0.25}, ""alpha_positive"": {""Female"": 0.75, ""Male"": 0.25}, ""contestation_scenario"": ""strong_first_group"", ""rho_negative"": {""Female"": 0.05, ""Male"": 0.05}, ""rho_positive"": {""Female"": 0.8, ""Male"": 0.8}}",fpr,20,0.0362045060658578,0.0069592429666229,0.0015561340345306,0.0331544833581778,0.0392545287735378,"{'Female': 0.25, 'Male': 0.25}","{'Female': 0.75, 'Male': 0.25}","{'Female': 0.05, 'Male': 0.05}","{'Female': 0.8, 'Male': 0.8}"
REALDATA,SEMISYNTHETIC REAL-DATA EXPERIMENT,adult,Female,logistic,group_threshold_calibrated,pre,strong_first_group,80db5b8b411cb1ee,"{""alpha_negative"": {""Female"": 0.25, ""Male"": 0.25}, ""alpha_positive"": {""Female"": 0.75, ""Male"": 0.25}, ""contestation_scenario"": ""strong_first_group"", ""rho_negative"": {""Female"": 0.05, ""Male"": 0.05}, ""rho_positive"": {""Female"": 0.8, ""Male"": 0.8}}",n,20,3239.0,0.0,0.0,3239.0,3239.0,"{'Female': 0.25, 'Male': 0.25}","{'Female': 0.75, 'Male': 0.25}","{'Female': 0.05, 'Male': 0.05}","{'Female': 0.8, 'Male': 0.8}"
REALDATA,SEMISYNTHETIC REAL-DATA EXPERIMENT,adult,Female,logistic,group_threshold_calibrated,pre,strong_first_group,80db5b8b411cb1ee,"{""alpha_negative"": {""Female"": 0.25, ""Male"": 0.25}, ""alpha_positive"": {""Female"": 0.75, ""Male"": 0.25}, ""contestation_scenario"": ""strong_first_group"", ""rho_negative"": {""Female"": 0.05, ""Male"": 0.05}, ""rho_positive"": {""Female"": 0.8, ""Male"": 0.8}}",positive_rate,20,0.0967273849953689,0.0105998426908822,0.0023701968807617,0.0920817991090759,0.1013729708816618,"{'Female': 0.25, 'Male': 0.25}","{'Female': 0.75, 'Male': 0.25}","{'Female': 0.05, 'Male': 0.05}","{'Female': 0.8, 'Male': 0.8}"
REALDATA,SEMISYNTHETIC REAL-DATA EXPERIMENT,adult,Female,logistic,group_threshold_calibrated,pre,strong_first_group,80db5b8b411cb1ee,"{""alpha_negative"": {""Female"": 0.25, ""Male"": 0.25}, ""alpha_positive"": {""Female"": 0.75, ""Male"": 0.25}, ""contestation_scenario"": ""strong_first_group"", ""rho_negative"": {""Female"": 0.05, ""Male"": 0.05}, ""rho_positive"": {""Female"": 0.8, ""Male"": 0.8}}",prevalence,20,0.1092929916640938,0.0,0.0,0.1092929916640938,0.1092929916640938,"{'Female': 0.25, 'Male': 0.25}","{'Female': 0.75, 'Male': 0.25}","{'Female': 0.05, 'Male': 0.05}","{'Female': 0.8, 'Male': 0.8}"
REALDATA,SEMISYNTHETIC REAL-DATA EXPERIMENT,adult,Female,logistic,group_threshold_calibrated,pre,strong_first_group,80db5b8b411cb1ee,"{""alpha_negative"": {""Female"": 0.25, ""Male"": 0.25}, ""alpha_positive"": {""Female"": 0.75, ""Male"": 0.25}, ""contestation_scenario"": ""strong_first_group"", ""rho_negative"": {""Female"": 0.05, ""Male"": 0.05}, ""rho_positive"": {""Female"": 0.8, ""Male"": 0.8}}",tnr,20,0.963795493934142,0.0069592429666229,0.0015561340345306,0.960745471226462,0.9668455166418222,"{'Female': 0.25, 'Male': 0.25}","{'Female': 0.75, 'Male': 0.25}","{'Female': 0.05, 'Male': 0.05}","{'Female': 0.8, 'Male': 0.8}"
REALDATA,SEMISYNTHETIC REAL-DATA EXPERIMENT,adult,Female,logistic,group_threshold_calibrated,pre,strong_first_group,80db5b8b411cb1ee,"{""alpha_negative"": {""Female"": 0.25, ""Male"": 0.25}, ""alpha_positive"": {""Female"": 0.75, ""Male"": 0.25}, ""contestation_scenario"": ""strong_first_group"", ""rho_negative"": {""Female"": 0.05, ""Male"": 0.05}, ""rho_positive"": {""Female"": 0.8, ""Male"": 0.8}}",tpr,20,0.5899717514124294,0.0432535598480503,0.0096717900089095,0.5710150429949666,0.6089284598298922,"{'Female': 0.25, 'Male': 0.25}","{'Female': 0.75, 'Male': 0.25}","{'Female': 0.05, 'Male': 0.05}","{'Female': 0.8, 'Male': 0.8}"
REALDATA,SEMISYNTHETIC REAL-DATA EXPERIMENT,adult,Female,logistic,group_threshold_calibrated,pre,strong_second_group,1a6f52e99e976851,"{""alpha_negative"": {""Female"": 0.25, ""Male"": 0.25}, ""alpha_positive"": {""Female"": 0.25, ""Male"": 0.75}, ""contestation_scenario"": ""strong_second_group"", ""rho_negative"": {""Female"": 0.05, ""Male"": 0.05}, ""rho_positive"": {""Female"": 0.8, ""Male"": 0.8}}",accuracy,20,0.9229391787588762,0.0030306285026161,0.0006776691346398,0.9216109472549822,0.9242674102627704,"{'Female': 0.25, 'Male': 0.25}","{'Female': 0.25, 'Male': 0.75}","{'Female': 0.05, 'Male': 0.05}","{'Female': 0.8, 'Male': 0.8}"
REALDATA,SEMISYNTHETIC REAL-DATA EXPERIMENT,adult,Female,logistic,group_threshold_calibrated,pre,strong_second_group,1a6f52e99e976851,"{""alpha_negative"": {""Female"": 0.25, ""Male"": 0.25}, ""alpha_positive"": {""Female"": 0.25, ""Male"": 0.75}, ""contestation_scenario"": ""strong_second_group"", ""rho_negative"": {""Female"": 0.05, ""Male"": 0.05}, ""rho_positive"": {""Female"": 0.8, ""Male"": 0.8}}",fnr,20,0.4100282485875706,0.0432535598480503,0.0096717900089095,0.3910715401701077,0.4289849570050334,"{'Female': 0.25, 'Male': 0.25}","{'Female': 0.25, 'Male': 0.75}","{'Female': 0.05, 'Male': 0.05}","{'Female': 0.8, 'Male': 0.8}"
REALDATA,SEMISYNTHETIC REAL-DATA EXPERIMENT,adult,Female,logistic,group_threshold_calibrated,pre,strong_second_group,1a6f52e99e976851,"{""alpha_negative"": {""Female"": 0.25, ""Male"": 0.25}, ""alpha_positive"": {""Female"": 0.25, ""Male"": 0.75}, ""contestation_scenario"": ""strong_second_group"", ""rho_negative"": {""Female"": 0.05, ""Male"": 0.05}, ""rho_positive"": {""Female"": 0.8, ""Male"": 0.8}}",fpr,20,0.0362045060658578,0.0069592429666229,0.0015561340345306,0.0331544833581778,0.0392545287735378,"{'Female': 0.25, 'Male': 0.25}","{'Female': 0.25, 'Male': 0.75}","{'Female': 0.05, 'Male': 0.05}","{'Female': 0.8, 'Male': 0.8}"
REALDATA,SEMISYNTHETIC REAL-DATA EXPERIMENT,adult,Female,logistic,group_threshold_calibrated,pre,strong_second_group,1a6f52e99e976851,"{""alpha_negative"": {""Female"": 0.25, ""Male"": 0.25}, ""alpha_positive"": {""Female"": 0.25, ""Male"": 0.75}, ""contestation_scenario"": ""strong_second_group"", ""rho_negative"": {""Female"": 0.05, ""Male"": 0.05}, ""rho_positive"": {""Female"": 0.8, ""Male"": 0.8}}",n,20,3239.0,0.0,0.0,3239.0,3239.0,"{'Female': 0.25, 'Male': 0.25}","{'Female': 0.25, 'Male': 0.75}","{'Female': 0.05, 'Male': 0.05}","{'Female': 0.8, 'Male': 0.8}"
REALDATA,SEMISYNTHETIC REAL-DATA EXPERIMENT,adult,Female,logistic,group_threshold_calibrated,pre,strong_second_group,1a6f52e99e976851,"{""alpha_negative"": {""Female"": 0.25, ""Male"": 0.25}, ""alpha_positive"": {""Female"": 0.25, ""Male"": 0.75}, ""contestation_scenario"": ""strong_second_group"", ""rho_negative"": {""Female"": 0.05, ""Male"": 0.05}, ""rho_positive"": {""Female"": 0.8, ""Male"": 0.8}}",positive_rate,20,0.0967273849953689,0.0105998426908822,0.0023701968807617,0.0920817991090759,0.1013729708816618,"{'Female': 0.25, 'Male': 0.25}","{'Female': 0.25, 'Male': 0.75}","{'Female': 0.05, 'Male': 0.05}","{'Female': 0.8, 'Male': 0.8}"
REALDATA,SEMISYNTHETIC REAL-DATA EXPERIMENT,adult,Female,logistic,group_threshold_calibrated,pre,strong_second_group,1a6f52e99e976851,"{""alpha_negative"": {""Female"": 0.25, ""Male"": 0.25}, ""alpha_positive"": {""Female"": 0.25, ""Male"": 0.75}, ""contestation_scenario"": ""strong_second_group"", ""rho_negative"": {""Female"": 0.05, ""Male"": 0.05}, ""rho_positive"": {""Female"": 0.8, ""Male"": 0.8}}",prevalence,20,0.1092929916640938,0.0,0.0,0.1092929916640938,0.1092929916640938,"{'Female': 0.25, 'Male': 0.25}","{'Female': 0.25, 'Male': 0.75}","{'Female': 0.05, 'Male': 0.05}","{'Female': 0.8, 'Male': 0.8}"
REALDATA,SEMISYNTHETIC REAL-DATA EXPERIMENT,adult,Female,logistic,group_threshold_calibrated,pre,strong_second_group,1a6f52e99e976851,"{""alpha_negative"": {""Female"": 0.25, ""Male"": 0.25}, ""alpha_positive"": {""Female"": 0.25, ""Male"": 0.75}, ""contestation_scenario"": ""strong_second_group"", ""rho_negative"": {""Female"": 0.05, ""Male"": 0.05}, ""rho_positive"": {""Female"": 0.8, ""Male"": 0.8}}",tnr,20,0.963795493934142,0.0069592429666229,0.0015561340345306,0.960745471226462,0.9668455166418222,"{'Female': 0.25, 'Male': 0.25}","{'Female': 0.25, 'Male': 0.75}","{'Female': 0.05, 'Male': 0.05}","{'Female': 0.8, 'Male': 0.8}"
REALDATA,SEMISYNTHETIC REAL-DATA EXPERIMENT,adult,Female,logistic,group_threshold_calibrated,pre,strong_second_group,1a6f52e99e976851,"{""alpha_negative"": {""Female"": 0.25, ""Male"": 0.25}, ""alpha_positive"": {""Female"": 0.25, ""Male"": 0.75}, ""contestation_scenario"": ""strong_second_group"", ""rho_negative"": {""Female"": 0.05, ""Male"": 0.05}, ""rho_positive"": {""Female"": 0.8, ""Male"": 0.8}}",tpr,20,0.5899717514124294,0.0432535598480503,0.0096717900089095,0.5710150429949666,0.6089284598298922,"{'Female': 0.25, 'Male': 0.25}","{'Female': 0.25, 'Male': 0.75}","{'Female': 0.05, 'Male': 0.05}","{'Female': 0.8, 'Male': 0.8}"
REALDATA,SEMISYNTHETIC REAL-DATA EXPERIMENT,adult,Female,logistic,validation_selected_threshold,frozen_policy,equal_access,8b1b8b56ce23dea1,"{""alpha_negative"": {""Female"": 0.25, ""Male"": 0.25}, ""alpha_positive"": {""Female"": 0.5, ""Male"": 0.5}, ""contestation_scenario"": ""equal_access"", ""rho_negative"": {""Female"": 0.05, ""Male"": 0.05}, ""rho_positive"": {""Female"": 0.8, ""Male"": 0.8}}",decision_threshold,20,0.407,0.0326222397501426,0.0072945545659614,0.3927026730507155,0.4212973269492845,"{'Female': 0.25, 'Male': 0.25}","{'Female': 0.5, 'Male': 0.5}","{'Female': 0.05, 'Male': 0.05}","{'Female': 0.8, 'Male': 0.8}"
REALDATA,SEMISYNTHETIC REAL-DATA EXPERIMENT,adult,Female,logistic,validation_selected_threshold,frozen_policy,moderate_first_group,58a445a909825bd5,"{""alpha_negative"": {""Female"": 0.25, ""Male"": 0.25}, ""alpha_positive"": {""Female"": 0.65, ""Male"": 0.35}, ""contestation_scenario"": ""moderate_first_group"", ""rho_negative"": {""Female"": 0.05, ""Male"": 0.05}, ""rho_positive"": {""Female"": 0.8, ""Male"": 0.8}}",decision_threshold,20,0.407,0.0326222397501426,0.0072945545659614,0.3927026730507155,0.4212973269492845,"{'Female': 0.25, 'Male': 0.25}","{'Female': 0.65, 'Male': 0.35}","{'Female': 0.05, 'Male': 0.05}","{'Female': 0.8, 'Male': 0.8}"
REALDATA,SEMISYNTHETIC REAL-DATA EXPERIMENT,adult,Female,logistic,validation_selected_threshold,frozen_policy,moderate_second_group,f2d18f38dbf44f65,"{""alpha_negative"": {""Female"": 0.25, ""Male"": 0.25}, ""alpha_positive"": {""Female"": 0.35, ""Male"": 0.65}, ""contestation_scenario"": ""moderate_second_group"", ""rho_negative"": {""Female"": 0.05, ""Male"": 0.05}, ""rho_positive"": {""Female"": 0.8, ""Male"": 0.8}}",decision_threshold,20,0.407,0.0326222397501426,0.0072945545659614,0.3927026730507155,0.4212973269492845,"{'Female': 0.25, 'Male': 0.25}","{'Female': 0.35, 'Male': 0.65}","{'Female': 0.05, 'Male': 0.05}","{'Female': 0.8, 'Male': 0.8}"
REALDATA,SEMISYNTHETIC REAL-DATA EXPERIMENT,adult,Female,logistic,validation_selected_threshold,frozen_policy,strong_first_group,80db5b8b411cb1ee,"{""alpha_negative"": {""Female"": 0.25, ""Male"": 0.25}, ""alpha_positive"": {""Female"": 0.75, ""Male"": 0.25}, ""contestation_scenario"": ""strong_first_group"", ""rho_negative"": {""Female"": 0.05, ""Male"": 0.05}, ""rho_positive"": {""Female"": 0.8, ""Male"": 0.8}}",decision_threshold,20,0.407,0.0326222397501426,0.0072945545659614,0.3927026730507155,0.4212973269492845,"{'Female': 0.25, 'Male': 0.25}","{'Female': 0.75, 'Male': 0.25}","{'Female': 0.05, 'Male': 0.05}","{'Female': 0.8, 'Male': 0.8}"
REALDATA,SEMISYNTHETIC REAL-DATA EXPERIMENT,adult,Female,logistic,validation_selected_threshold,frozen_policy,strong_second_group,1a6f52e99e976851,"{""alpha_negative"": {""Female"": 0.25, ""Male"": 0.25}, ""alpha_positive"": {""Female"": 0.25, ""Male"": 0.75}, ""contestation_scenario"": ""strong_second_group"", ""rho_negative"": {""Female"": 0.05, ""Male"": 0.05}, ""rho_positive"": {""Female"": 0.8, ""Male"": 0.8}}",decision_threshold,20,0.407,0.0326222397501426,0.0072945545659614,0.3927026730507155,0.4212973269492845,"{'Female': 0.25, 'Male': 0.25}","{'Female': 0.25, 'Male': 0.75}","{'Female': 0.05, 'Male': 0.05}","{'Female': 0.8, 'Male': 0.8}"
REALDATA,SEMISYNTHETIC REAL-DATA EXPERIMENT,adult,Female,random_forest,group_threshold_calibrated,post,equal_access,8b1b8b56ce23dea1,"{""alpha_negative"": {""Female"": 0.25, ""Male"": 0.25}, ""alpha_positive"": {""Female"": 0.5, ""Male"": 0.5}, ""contestation_scenario"": ""equal_access"", ""rho_negative"": {""Female"": 0.05, ""Male"": 0.05}, ""rho_positive"": {""Female"": 0.8, ""Male"": 0.8}}",accuracy,20,0.93959555418339,0.0035756815263322,0.0007995466958769,0.9380284426594712,0.9411626657073088,"{'Female': 0.25, 'Male': 0.25}","{'Female': 0.5, 'Male': 0.5}","{'Female': 0.05, 'Male': 0.05}","{'Female': 0.8, 'Male': 0.8}"
REALDATA,SEMISYNTHETIC REAL-DATA EXPERIMENT,adult,Female,random_forest,group_threshold_calibrated,post,equal_access,8b1b8b56ce23dea1,"{""alpha_negative"": {""Female"": 0.25, ""Male"": 0.25}, ""alpha_positive"": {""Female"": 0.5, ""Male"": 0.5}, ""contestation_scenario"": ""equal_access"", ""rho_negative"": {""Female"": 0.05, ""Male"": 0.05}, ""rho_positive"": {""Female"": 0.8, ""Male"": 0.8}}",fnr,20,0.2831920903954802,0.0312133605647057,0.0069795196028893,0.2695122319738171,0.2968719488171433,"{'Female': 0.25, 'Male': 0.25}","{'Female': 0.5, 'Male': 0.5}","{'Female': 0.05, 'Male': 0.05}","{'Female': 0.8, 'Male': 0.8}"
REALDATA,SEMISYNTHETIC REAL-DATA EXPERIMENT,adult,Female,random_forest,group_threshold_calibrated,post,equal_access,8b1b8b56ce23dea1,"{""alpha_negative"": {""Female"": 0.25, ""Male"": 0.25}, ""alpha_positive"": {""Female"": 0.5, ""Male"": 0.5}, ""contestation_scenario"": ""equal_access"", ""rho_negative"": {""Female"": 0.05, ""Male"": 0.05}, ""rho_positive"": {""Female"": 0.8, ""Male"": 0.8}}",fpr,20,0.0330675909878682,0.0051108656671505,0.0011428243055618,0.030827655348967,0.0353075266267694,"{'Female': 0.25, 'Male': 0.25}","{'Female': 0.5, 'Male': 0.5}","{'Female': 0.05, 'Male': 0.05}","{'Female': 0.8, 'Male': 0.8}"
REALDATA,SEMISYNTHETIC REAL-DATA EXPERIMENT,adult,Female,random_forest,group_threshold_calibrated,post,equal_access,8b1b8b56ce23dea1,"{""alpha_negative"": {""Female"": 0.25, ""Male"": 0.25}, ""alpha_positive"": {""Female"": 0.5, ""Male"": 0.5}, ""contestation_scenario"": ""equal_access"", ""rho_negative"": {""Female"": 0.05, ""Male"": 0.05}, ""rho_positive"": {""Female"": 0.8, ""Male"": 0.8}}",n,20,3239.0,0.0,0.0,3239.0,3239.0,"{'Female': 0.25, 'Male': 0.25}","{'Female': 0.5, 'Male': 0.5}","{'Female': 0.05, 'Male': 0.05}","{'Female': 0.8, 'Male': 0.8}"
REALDATA,SEMISYNTHETIC REAL-DATA EXPERIMENT,adult,Female,random_forest,group_threshold_calibrated,post,equal_access,8b1b8b56ce23dea1,"{""alpha_negative"": {""Female"": 0.25, ""Male"": 0.25}, ""alpha_positive"": {""Female"": 0.5, ""Male"": 0.5}, ""contestation_scenario"": ""equal_access"", ""rho_negative"": {""Female"": 0.05, ""Male"": 0.05}, ""rho_positive"": {""Female"": 0.8, ""Male"": 0.8}}",positive_rate,20,0.1077956159308428,0.0072066913082068,0.0016114651658007,0.1046371442058733,0.1109540876558122,"{'Female': 0.25, 'Male': 0.25}","{'Female': 0.5, 'Male': 0.5}","{'Female': 0.05, 'Male': 0.05}","{'Female': 0.8, 'Male': 0.8}"
REALDATA,SEMISYNTHETIC REAL-DATA EXPERIMENT,adult,Female,random_forest,group_threshold_calibrated,post,equal_access,8b1b8b56ce23dea1,"{""alpha_negative"": {""Female"": 0.25, ""Male"": 0.25}, ""alpha_positive"": {""Female"": 0.5, ""Male"": 0.5}, ""contestation_scenario"": ""equal_access"", ""rho_negative"": {""Female"": 0.05, ""Male"": 0.05}, ""rho_positive"": {""Female"": 0.8, ""Male"": 0.8}}",prevalence,20,0.1092929916640938,0.0,0.0,0.1092929916640938,0.1092929916640938,"{'Female': 0.25, 'Male': 0.25}","{'Female': 0.5, 'Male': 0.5}","{'Female': 0.05, 'Male': 0.05}","{'Female': 0.8, 'Male': 0.8}"
REALDATA,SEMISYNTHETIC REAL-DATA EXPERIMENT,adult,Female,random_forest,group_threshold_calibrated,post,equal_access,8b1b8b56ce23dea1,"{""alpha_negative"": {""Female"": 0.25, ""Male"": 0.25}, ""alpha_positive"": {""Female"": 0.5, ""Male"": 0.5}, ""contestation_scenario"": ""equal_access"", ""rho_negative"": {""Female"": 0.05, ""Male"": 0.05}, ""rho_positive"": {""Female"": 0.8, ""Male"": 0.8}}",tnr,20,0.9669324090121318,0.0051108656671505,0.0011428243055618,0.9646924733732306,0.9691723446510332,"{'Female': 0.25, 'Male': 0.25}","{'Female': 0.5, 'Male': 0.5}","{'Female': 0.05, 'Male': 0.05}","{'Female': 0.8, 'Male': 0.8}"
REALDATA,SEMISYNTHETIC REAL-DATA EXPERIMENT,adult,Female,random_forest,group_threshold_calibrated,post,equal_access,8b1b8b56ce23dea1,"{""alpha_negative"": {""Female"": 0.25, ""Male"": 0.25}, ""alpha_positive"": {""Female"": 0.5, ""Male"": 0.5}, ""contestation_scenario"": ""equal_access"", ""rho_negative"": {""Female"": 0.05, ""Male"": 0.05}, ""rho_positive"": {""Female"": 0.8, ""Male"": 0.8}}",tpr,20,0.7168079096045198,0.0312133605647057,0.0069795196028893,0.7031280511828567,0.7304877680261829,"{'Female': 0.25, 'Male': 0.25}","{'Female': 0.5, 'Male': 0.5}","{'Female': 0.05, 'Male': 0.05}","{'Female': 0.8, 'Male': 0.8}"
REALDATA,SEMISYNTHETIC REAL-DATA EXPERIMENT,adult,Female,random_forest,group_threshold_calibrated,post,moderate_first_group,58a445a909825bd5,"{""alpha_negative"": {""Female"": 0.25, ""Male"": 0.25}, ""alpha_positive"": {""Female"": 0.65, ""Male"": 0.35}, ""contestation_scenario"": ""moderate_first_group"", ""rho_negative"": {""Female"": 0.05, ""Male"": 0.05}, ""rho_positive"": {""Female"": 0.8, ""Male"": 0.8}}",accuracy,20,0.9461870947823404,0.0033223343136312,0.0007428965369259,0.9447310175699656,0.9476431719947151,"{'Female': 0.25, 'Male': 0.25}","{'Female': 0.65, 'Male': 0.35}","{'Female': 0.05, 'Male': 0.05}","{'Female': 0.8, 'Male': 0.8}"
REALDATA,SEMISYNTHETIC REAL-DATA EXPERIMENT,adult,Female,random_forest,group_threshold_calibrated,post,moderate_first_group,58a445a909825bd5,"{""alpha_negative"": {""Female"": 0.25, ""Male"": 0.25}, ""alpha_positive"": {""Female"": 0.65, ""Male"": 0.35}, ""contestation_scenario"": ""moderate_first_group"", ""rho_negative"": {""Female"": 0.05, ""Male"": 0.05}, ""rho_positive"": {""Female"": 0.8, ""Male"": 0.8}}",fnr,20,0.221186440677966,0.0240589162460436,0.0053797372191127,0.210642155728505,0.2317307256274271,"{'Female': 0.25, 'Male': 0.25}","{'Female': 0.65, 'Male': 0.35}","{'Female': 0.05, 'Male': 0.05}","{'Female': 0.8, 'Male': 0.8}"
REALDATA,SEMISYNTHETIC REAL-DATA EXPERIMENT,adult,Female,random_forest,group_threshold_calibrated,post,moderate_first_group,58a445a909825bd5,"{""alpha_negative"": {""Female"": 0.25, ""Male"": 0.25}, ""alpha_positive"": {""Female"": 0.65, ""Male"": 0.35}, ""contestation_scenario"": ""moderate_first_group"", ""rho_negative"": {""Female"": 0.05, ""Male"": 0.05}, ""rho_positive"": {""Female"": 0.8, ""Male"": 0.8}}",fpr,20,0.0332755632582321,0.0050793420940384,0.0011357754203246,0.0310494434343959,0.0355016830820684,"{'Female': 0.25, 'Male': 0.25}","{'Female': 0.65, 'Male': 0.35}","{'Female': 0.05, 'Male': 0.05}","{'Female': 0.8, 'Male': 0.8}"
REALDATA,SEMISYNTHETIC REAL-DATA EXPERIMENT,adult,Female,random_forest,group_threshold_calibrated,post,moderate_first_group,58a445a909825bd5,"{""alpha_negative"": {""Female"": 0.25, ""Male"": 0.25}, ""alpha_positive"": {""Female"": 0.65, ""Male"": 0.35}, ""contestation_scenario"": ""moderate_first_group"", ""rho_negative"": {""Female"": 0.05, ""Male"": 0.05}, ""rho_positive"": {""Female"": 0.8, ""Male"": 0.8}}",n,20,3239.0,0.0,0.0,3239.0,3239.0,"{'Female': 0.25, 'Male': 0.25}","{'Female': 0.65, 'Male': 0.35}","{'Female': 0.05, 'Male': 0.05}","{'Female': 0.8, 'Male': 0.8}"
REALDATA,SEMISYNTHETIC REAL-DATA EXPERIMENT,adult,Female,random_forest,group_threshold_calibrated,post,moderate_first_group,58a445a909825bd5,"{""alpha_negative"": {""Female"": 0.25, ""Male"": 0.25}, ""alpha_positive"": {""Female"": 0.65, ""Male"": 0.35}, ""contestation_scenario"": ""moderate_first_group"", ""rho_negative"": {""Female"": 0.05, ""Male"": 0.05}, ""rho_positive"": {""Female"": 0.8, ""Male"": 0.8}}",positive_rate,20,0.1147576412472985,0.0066126546952733,0.0014786345410364,0.111859517546867,0.1176557649477299,"{'Female': 0.25, 'Male': 0.25}","{'Female': 0.65, 'Male': 0.35}","{'Female': 0.05, 'Male': 0.05}","{'Female': 0.8, 'Male': 0.8}"
REALDATA,SEMISYNTHETIC REAL-DATA EXPERIMENT,adult,Female,random_forest,group_threshold_calibrated,post,moderate_first_group,58a445a909825bd5,"{""alpha_negative"": {""Female"": 0.25, ""Male"": 0.25}, ""alpha_positive"": {""Female"": 0.65, ""Male"": 0.35}, ""contestation_scenario"": ""moderate_first_group"", ""rho_negative"": {""Female"": 0.05, ""Male"": 0.05}, ""rho_positive"": {""Female"": 0.8, ""Male"": 0.8}}",prevalence,20,0.1092929916640938,0.0,0.0,0.1092929916640938,0.1092929916640938,"{'Female': 0.25, 'Male': 0.25}","{'Female': 0.65, 'Male': 0.35}","{'Female': 0.05, 'Male': 0.05}","{'Female': 0.8, 'Male': 0.8}"
REALDATA,SEMISYNTHETIC REAL-DATA EXPERIMENT,adult,Female,random_forest,group_threshold_calibrated,post,moderate_first_group,58a445a909825bd5,"{""alpha_negative"": {""Female"": 0.25, ""Male"": 0.25}, ""alpha_positive"": {""Female"": 0.65, ""Male"": 0.35}, ""contestation_scenario"": ""moderate_first_group"", ""rho_negative"": {""Female"": 0.05, ""Male"": 0.05}, ""rho_positive"": {""Female"": 0.8, ""Male"": 0.8}}",tnr,20,0.9667244367417676,0.0050793420940384,0.0011357754203246,0.9644983169179314,0.968950556565604,"{'Female': 0.25, 'Male': 0.25}","{'Female': 0.65, 'Male': 0.35}","{'Female': 0.05, 'Male': 0.05}","{'Female': 0.8, 'Male': 0.8}"
REALDATA,SEMISYNTHETIC REAL-DATA EXPERIMENT,adult,Female,random_forest,group_threshold_calibrated,post,moderate_first_group,58a445a909825bd5,"{""alpha_negative"": {""Female"": 0.25, ""Male"": 0.25}, ""alpha_positive"": {""Female"": 0.65, ""Male"": 0.35}, ""contestation_scenario"": ""moderate_first_group"", ""rho_negative"": {""Female"": 0.05, ""Male"": 0.05}, ""rho_positive"": {""Female"": 0.8, ""Male"": 0.8}}",tpr,20,0.7788135593220339,0.0240589162460436,0.0053797372191127,0.7682692743725729,0.7893578442714949,"{'Female': 0.25, 'Male': 0.25}","{'Female': 0.65, 'Male': 0.35}","{'Female': 0.05, 'Male': 0.05}","{'Female': 0.8, 'Male': 0.8}"
REALDATA,SEMISYNTHETIC REAL-DATA EXPERIMENT,adult,Female,random_forest,group_threshold_calibrated,post,moderate_second_group,f2d18f38dbf44f65,"{""alpha_negative"": {""Female"": 0.25, ""Male"": 0.25}, ""alpha_positive"": {""Female"": 0.35, ""Male"": 0.65}, ""contestation_scenario"": ""moderate_second_group"", ""rho_negative"": {""Female"": 0.05, ""Male"": 0.05}, ""rho_positive"": {""Female"": 0.8, ""Male"": 0.8}}",accuracy,20,0.9334979932077804,0.0035235651440252,0.0007878931185189,0.9319537226954832,0.9350422637200774,"{'Female': 0.25, 'Male': 0.25}","{'Female': 0.35, 'Male': 0.65}","{'Female': 0.05, 'Male': 0.05}","{'Female': 0.8, 'Male': 0.8}"
REALDATA,SEMISYNTHETIC REAL-DATA EXPERIMENT,adult,Female,random_forest,group_threshold_calibrated,post,moderate_second_group,f2d18f38dbf44f65,"{""alpha_negative"": {""Female"": 0.25, ""Male"": 0.25}, ""alpha_positive"": {""Female"": 0.35, ""Male"": 0.65}, ""contestation_scenario"": ""moderate_second_group"", ""rho_negative"": {""Female"": 0.05, ""Male"": 0.05}, ""rho_positive"": {""Female"": 0.8, ""Male"": 0.8}}",fnr,20,0.3379943502824858,0.0344546841971348,0.0077043016008081,0.3228939191449019,0.3530947814200698,"{'Female': 0.25, 'Male': 0.25}","{'Female': 0.35, 'Male': 0.65}","{'Female': 0.05, 'Male': 0.05}","{'Female': 0.8, 'Male': 0.8}"
REALDATA,SEMISYNTHETIC REAL-DATA EXPERIMENT,adult,Female,random_forest,group_threshold_calibrated,post,moderate_second_group,f2d18f38dbf44f65,"{""alpha_negative"": {""Female"": 0.25, ""Male"": 0.25}, ""alpha_positive"": {""Female"": 0.35, ""Male"": 0.65}, ""contestation_scenario"": ""moderate_second_group"", ""rho_negative"": {""Female"": 0.05, ""Male"": 0.05}, ""rho_positive"": {""Female"": 0.8, ""Male"": 0.8}}",fpr,20,0.0331889081455805,0.004732453259624,0.0010582087188859,0.0311148190565639,0.035262997234597,"{'Female': 0.25, 'Male': 0.25}","{'Female': 0.35, 'Male': 0.65}","{'Female': 0.05, 'Male': 0.05}","{'Female': 0.8, 'Male': 0.8}"
REALDATA,SEMISYNTHETIC REAL-DATA EXPERIMENT,adult,Female,random_forest,group_threshold_calibrated,post,moderate_second_group,f2d18f38dbf44f65,"{""alpha_negative"": {""Female"": 0.25, ""Male"": 0.25}, ""alpha_positive"": {""Female"": 0.35, ""Male"": 0.65}, ""contestation_scenario"": ""moderate_second_group"", ""rho_negative"": {""Female"": 0.05, ""Male"": 0.05}, ""rho_positive"": {""Female"": 0.8, ""Male"": 0.8}}",n,20,3239.0,0.0,0.0,3239.0,3239.0,"{'Female': 0.25, 'Male': 0.25}","{'Female': 0.35, 'Male': 0.65}","{'Female': 0.05, 'Male': 0.05}","{'Female': 0.8, 'Male': 0.8}"
REALDATA,SEMISYNTHETIC REAL-DATA EXPERIMENT,adult,Female,random_forest,group_threshold_calibrated,post,moderate_second_group,f2d18f38dbf44f65,"{""alpha_negative"": {""Female"": 0.25, ""Male"": 0.25}, ""alpha_positive"": {""Female"": 0.35, ""Male"": 0.65}, ""contestation_scenario"": ""moderate_second_group"", ""rho_negative"": {""Female"": 0.05, ""Male"": 0.05}, ""rho_positive"": {""Female"": 0.8, ""Male"": 0.8}}",positive_rate,20,0.1019141710404445,0.0071750350108477,0.0016043866025196,0.098769573299506,0.105058768781383,"{'Female': 0.25, 'Male': 0.25}","{'Female': 0.35, 'Male': 0.65}","{'Female': 0.05, 'Male': 0.05}","{'Female': 0.8, 'Male': 0.8}"
REALDATA,SEMISYNTHETIC REAL-DATA EXPERIMENT,adult,Female,random_forest,group_threshold_calibrated,post,moderate_second_group,f2d18f38dbf44f65,"{""alpha_negative"": {""Female"": 0.25, ""Male"": 0.25}, ""alpha_positive"": {""Female"": 0.35, ""Male"": 0.65}, ""contestation_scenario"": ""moderate_second_group"", ""rho_negative"": {""Female"": 0.05, ""Male"": 0.05}, ""rho_positive"": {""Female"": 0.8, ""Male"": 0.8}}",prevalence,20,0.1092929916640938,0.0,0.0,0.1092929916640938,0.1092929916640938,"{'Female': 0.25, 'Male': 0.25}","{'Female': 0.35, 'Male': 0.65}","{'Female': 0.05, 'Male': 0.05}","{'Female': 0.8, 'Male': 0.8}"
REALDATA,SEMISYNTHETIC REAL-DATA EXPERIMENT,adult,Female,random_forest,group_threshold_calibrated,post,moderate_second_group,f2d18f38dbf44f65,"{""alpha_negative"": {""Female"": 0.25, ""Male"": 0.25}, ""alpha_positive"": {""Female"": 0.35, ""Male"": 0.65}, ""contestation_scenario"": ""moderate_second_group"", ""rho_negative"": {""Female"": 0.05, ""Male"": 0.05}, ""rho_positive"": {""Female"": 0.8, ""Male"": 0.8}}",tnr,20,0.9668110918544194,0.004732453259624,0.0010582087188859,0.9647370027654028,0.968885180943436,"{'Female': 0.25, 'Male': 0.25}","{'Female': 0.35, 'Male': 0.65}","{'Female': 0.05, 'Male': 0.05}","{'Female': 0.8, 'Male': 0.8}"
REALDATA,SEMISYNTHETIC REAL-DATA EXPERIMENT,adult,Female,random_forest,group_threshold_calibrated,post,moderate_second_group,f2d18f38dbf44f65,"{""alpha_negative"": {""Female"": 0.25, ""Male"": 0.25}, ""alpha_positive"": {""Female"": 0.35, ""Male"": 0.65}, ""contestation_scenario"": ""moderate_second_group"", ""rho_negative"": {""Female"": 0.05, ""Male"": 0.05}, ""rho_positive"": {""Female"": 0.8, ""Male"": 0.8}}",tpr,20,0.6620056497175141,0.0344546841971348,0.0077043016008081,0.6469052185799301,0.677106080855098,"{'Female': 0.25, 'Male': 0.25}","{'Female': 0.35, 'Male': 0.65}","{'Female': 0.05, 'Male': 0.05}","{'Female': 0.8, 'Male': 0.8}"
REALDATA,SEMISYNTHETIC REAL-DATA EXPERIMENT,adult,Female,random_forest,group_threshold_calibrated,post,strong_first_group,80db5b8b411cb1ee,"{""alpha_negative"": {""Female"": 0.25, ""Male"": 0.25}, ""alpha_positive"": {""Female"": 0.75, ""Male"": 0.25}, ""contestation_scenario"": ""strong_first_group"", ""rho_negative"": {""Female"": 0.05, ""Male"": 0.05}, ""rho_positive"": {""Female"": 0.8, ""Male"": 0.8}}",accuracy,20,0.949845631367706,0.0038541426820428,0.0008618125032031,0.948156478861428,0.9515347838739842,"{'Female': 0.25, 'Male': 0.25}","{'Female': 0.75, 'Male': 0.25}","{'Female': 0.05, 'Male': 0.05}","{'Female': 0.8, 'Male': 0.8}"
REALDATA,SEMISYNTHETIC REAL-DATA EXPERIMENT,adult,Female,random_forest,group_threshold_calibrated,post,strong_first_group,80db5b8b411cb1ee,"{""alpha_negative"": {""Female"": 0.25, ""Male"": 0.25}, ""alpha_positive"": {""Female"": 0.75, ""Male"": 0.25}, ""contestation_scenario"": ""strong_first_group"", ""rho_negative"": {""Female"": 0.05, ""Male"": 0.05}, ""rho_positive"": {""Female"": 0.8, ""Male"": 0.8}}",fnr,20,0.1879943502824858,0.022005192612792,0.0049205106540179,0.1783501494006107,0.1976385511643609,"{'Female': 0.25, 'Male': 0.25}","{'Female': 0.75, 'Male': 0.25}","{'Female': 0.05, 'Male': 0.05}","{'Female': 0.8, 'Male': 0.8}"
REALDATA,SEMISYNTHETIC REAL-DATA EXPERIMENT,adult,Female,random_forest,group_threshold_calibrated,post,strong_first_group,80db5b8b411cb1ee,"{""alpha_negative"": {""Female"": 0.25, ""Male"": 0.25}, ""alpha_positive"": {""Female"": 0.75, ""Male"": 0.25}, ""contestation_scenario"": ""strong_first_group"", ""rho_negative"": {""Female"": 0.05, ""Male"": 0.05}, ""rho_positive"": {""Female"": 0.8, ""Male"": 0.8}}",fpr,20,0.0332409012131715,0.0051398589941446,0.0011493074105671,0.0309882586884599,0.035493543737883,"{'Female': 0.25, 'Male': 0.25}","{'Female': 0.75, 'Male': 0.25}","{'Female': 0.05, 'Male': 0.05}","{'Female': 0.8, 'Male': 0.8}"
REALDATA,SEMISYNTHETIC REAL-DATA EXPERIMENT,adult,Female,random_forest,group_threshold_calibrated,post,strong_first_group,80db5b8b411cb1ee,"{""alpha_negative"": {""Female"": 0.25, ""Male"": 0.25}, ""alpha_positive"": {""Female"": 0.75, ""Male"": 0.25}, ""contestation_scenario"": ""strong_first_group"", ""rho_negative"": {""Female"": 0.05, ""Male"": 0.05}, ""rho_positive"": {""Female"": 0.8, ""Male"": 0.8}}",n,20,3239.0,0.0,0.0,3239.0,3239.0,"{'Female': 0.25, 'Male': 0.25}","{'Female': 0.75, 'Male': 0.25}","{'Female': 0.05, 'Male': 0.05}","{'Female': 0.8, 'Male': 0.8}"
REALDATA,SEMISYNTHETIC REAL-DATA EXPERIMENT,adult,Female,random_forest,group_threshold_calibrated,post,strong_first_group,80db5b8b411cb1ee,"{""alpha_negative"": {""Female"": 0.25, ""Male"": 0.25}, ""alpha_positive"": {""Female"": 0.75, ""Male"": 0.25}, ""contestation_scenario"": ""strong_first_group"", ""rho_negative"": {""Female"": 0.05, ""Male"": 0.05}, ""rho_positive"": {""Female"": 0.8, ""Male"": 0.8}}",positive_rate,20,0.1183544303797468,0.0062154578274106,0.0013898186213373,0.1156303858819256,0.1210784748775679,"{'Female': 0.25, 'Male': 0.25}","{'Female': 0.75, 'Male': 0.25}","{'Female': 0.05, 'Male': 0.05}","{'Female': 0.8, 'Male': 0.8}"
REALDATA,SEMISYNTHETIC REAL-DATA EXPERIMENT,adult,Female,random_forest,group_threshold_calibrated,post,strong_first_group,80db5b8b411cb1ee,"{""alpha_negative"": {""Female"": 0.25, ""Male"": 0.25}, ""alpha_positive"": {""Female"": 0.75, ""Male"": 0.25}, ""contestation_scenario"": ""strong_first_group"", ""rho_negative"": {""Female"": 0.05, ""Male"": 0.05}, ""rho_positive"": {""Female"": 0.8, ""Male"": 0.8}}",prevalence,20,0.1092929916640938,0.0,0.0,0.1092929916640938,0.1092929916640938,"{'Female': 0.25, 'Male': 0.25}","{'Female': 0.75, 'Male': 0.25}","{'Female': 0.05, 'Male': 0.05}","{'Female': 0.8, 'Male': 0.8}"
REALDATA,SEMISYNTHETIC REAL-DATA EXPERIMENT,adult,Female,random_forest,group_threshold_calibrated,post,strong_first_group,80db5b8b411cb1ee,"{""alpha_negative"": {""Female"": 0.25, ""Male"": 0.25}, ""alpha_positive"": {""Female"": 0.75, ""Male"": 0.25}, ""contestation_scenario"": ""strong_first_group"", ""rho_negative"": {""Female"": 0.05, ""Male"": 0.05}, ""rho_positive"": {""Female"": 0.8, ""Male"": 0.8}}",tnr,20,0.9667590987868284,0.0051398589941446,0.0011493074105671,0.9645064562621168,0.96901174131154,"{'Female': 0.25, 'Male': 0.25}","{'Female': 0.75, 'Male': 0.25}","{'Female': 0.05, 'Male': 0.05}","{'Female': 0.8, 'Male': 0.8}"
REALDATA,SEMISYNTHETIC REAL-DATA EXPERIMENT,adult,Female,random_forest,group_threshold_calibrated,post,strong_first_group,80db5b8b411cb1ee,"{""alpha_negative"": {""Female"": 0.25, ""Male"": 0.25}, ""alpha_positive"": {""Female"": 0.75, ""Male"": 0.25}, ""contestation_scenario"": ""strong_first_group"", ""rho_negative"": {""Female"": 0.05, ""Male"": 0.05}, ""rho_positive"": {""Female"": 0.8, ""Male"": 0.8}}",tpr,20,0.8120056497175142,0.022005192612792,0.0049205106540179,0.8023614488356391,0.8216498505993893,"{'Female': 0.25, 'Male': 0.25}","{'Female': 0.75, 'Male': 0.25}","{'Female': 0.05, 'Male': 0.05}","{'Female': 0.8, 'Male': 0.8}"
REALDATA,SEMISYNTHETIC REAL-DATA EXPERIMENT,adult,Female,random_forest,group_threshold_calibrated,post,strong_second_group,1a6f52e99e976851,"{""alpha_negative"": {""Female"": 0.25, ""Male"": 0.25}, ""alpha_positive"": {""Female"": 0.25, ""Male"": 0.75}, ""contestation_scenario"": ""strong_second_group"", ""rho_negative"": {""Female"": 0.05, ""Male"": 0.05}, ""rho_positive"": {""Female"": 0.8, ""Male"": 0.8}}",accuracy,20,0.9298703303488732,0.0037268201689153,0.0008333423237612,0.9282369793943012,0.9315036813034452,"{'Female': 0.25, 'Male': 0.25}","{'Female': 0.25, 'Male': 0.75}","{'Female': 0.05, 'Male': 0.05}","{'Female': 0.8, 'Male': 0.8}"
REALDATA,SEMISYNTHETIC REAL-DATA EXPERIMENT,adult,Female,random_forest,group_threshold_calibrated,post,strong_second_group,1a6f52e99e976851,"{""alpha_negative"": {""Female"": 0.25, ""Male"": 0.25}, ""alpha_positive"": {""Female"": 0.25, ""Male"": 0.75}, ""contestation_scenario"": ""strong_second_group"", ""rho_negative"": {""Female"": 0.05, ""Male"": 0.05}, ""rho_positive"": {""Female"": 0.8, ""Male"": 0.8}}",fnr,20,0.3710451977401129,0.0389625215825034,0.008712284683328,0.35396911976079,0.3881212757194359,"{'Female': 0.25, 'Male': 0.25}","{'Female': 0.25, 'Male': 0.75}","{'Female': 0.05, 'Male': 0.05}","{'Female': 0.8, 'Male': 0.8}"
REALDATA,SEMISYNTHETIC REAL-DATA EXPERIMENT,adult,Female,random_forest,group_threshold_calibrated,post,strong_second_group,1a6f52e99e976851,"{""alpha_negative"": {""Female"": 0.25, ""Male"": 0.25}, ""alpha_positive"": {""Female"": 0.25, ""Male"": 0.75}, ""contestation_scenario"": ""strong_second_group"", ""rho_negative"": {""Female"": 0.05, ""Male"": 0.05}, ""rho_positive"": {""Female"": 0.8, ""Male"": 0.8}}",fpr,20,0.0332062391681108,0.0050237628203694,0.0011233475169182,0.0310044780349511,0.0354080003012705,"{'Female': 0.25, 'Male': 0.25}","{'Female': 0.25, 'Male': 0.75}","{'Female': 0.05, 'Male': 0.05}","{'Female': 0.8, 'Male': 0.8}"
REALDATA,SEMISYNTHETIC REAL-DATA EXPERIMENT,adult,Female,random_forest,group_threshold_calibrated,post,strong_second_group,1a6f52e99e976851,"{""alpha_negative"": {""Female"": 0.25, ""Male"": 0.25}, ""alpha_positive"": {""Female"": 0.25, ""Male"": 0.75}, ""contestation_scenario"": ""strong_second_group"", ""rho_negative"": {""Female"": 0.05, ""Male"": 0.05}, ""rho_positive"": {""Female"": 0.8, ""Male"": 0.8}}",n,20,3239.0,0.0,0.0,3239.0,3239.0,"{'Female': 0.25, 'Male': 0.25}","{'Female': 0.25, 'Male': 0.75}","{'Female': 0.05, 'Male': 0.05}","{'Female': 0.8, 'Male': 0.8}"
REALDATA,SEMISYNTHETIC REAL-DATA EXPERIMENT,adult,Female,random_forest,group_threshold_calibrated,post,strong_second_group,1a6f52e99e976851,"{""alpha_negative"": {""Female"": 0.25, ""Male"": 0.25}, ""alpha_positive"": {""Female"": 0.25, ""Male"": 0.75}, ""contestation_scenario"": ""strong_second_group"", ""rho_negative"": {""Female"": 0.05, ""Male"": 0.05}, ""rho_positive"": {""Female"": 0.8, ""Male"": 0.8}}",positive_rate,20,0.0983173819079962,0.0079008520528609,0.0017666842270365,0.0948546808230045,0.1017800829929879,"{'Female': 0.25, 'Male': 0.25}","{'Female': 0.25, 'Male': 0.75}","{'Female': 0.05, 'Male': 0.05}","{'Female': 0.8, 'Male': 0.8}"
REALDATA,SEMISYNTHETIC REAL-DATA EXPERIMENT,adult,Female,random_forest,group_threshold_calibrated,post,strong_second_group,1a6f52e99e976851,"{""alpha_negative"": {""Female"": 0.25, ""Male"": 0.25}, ""alpha_positive"": {""Female"": 0.25, ""Male"": 0.75}, ""contestation_scenario"": ""strong_second_group"", ""rho_negative"": {""Female"": 0.05, ""Male"": 0.05}, ""rho_positive"": {""Female"": 0.8, ""Male"": 0.8}}",prevalence,20,0.1092929916640938,0.0,0.0,0.1092929916640938,0.1092929916640938,"{'Female': 0.25, 'Male': 0.25}","{'Female': 0.25, 'Male': 0.75}","{'Female': 0.05, 'Male': 0.05}","{'Female': 0.8, 'Male': 0.8}"
REALDATA,SEMISYNTHETIC REAL-DATA EXPERIMENT,adult,Female,random_forest,group_threshold_calibrated,post,strong_second_group,1a6f52e99e976851,"{""alpha_negative"": {""Female"": 0.25, ""Male"": 0.25}, ""alpha_positive"": {""Female"": 0.25, ""Male"": 0.75}, ""contestation_scenario"": ""strong_second_group"", ""rho_negative"": {""Female"": 0.05, ""Male"": 0.05}, ""rho_positive"": {""Female"": 0.8, ""Male"": 0.8}}",tnr,20,0.9667937608318892,0.0050237628203694,0.0011233475169182,0.9645919996987292,0.9689955219650488,"{'Female': 0.25, 'Male': 0.25}","{'Female': 0.25, 'Male': 0.75}","{'Female': 0.05, 'Male': 0.05}","{'Female': 0.8, 'Male': 0.8}"
REALDATA,SEMISYNTHETIC REAL-DATA EXPERIMENT,adult,Female,random_forest,group_threshold_calibrated,post,strong_second_group,1a6f52e99e976851,"{""alpha_negative"": {""Female"": 0.25, ""Male"": 0.25}, ""alpha_positive"": {""Female"": 0.25, ""Male"": 0.75}, ""contestation_scenario"": ""strong_second_group"", ""rho_negative"": {""Female"": 0.05, ""Male"": 0.05}, ""rho_positive"": {""Female"": 0.8, ""Male"": 0.8}}",tpr,20,0.628954802259887,0.0389625215825034,0.008712284683328,0.611878724280564,0.64603088023921,"{'Female': 0.25, 'Male': 0.25}","{'Female': 0.25, 'Male': 0.75}","{'Female': 0.05, 'Male': 0.05}","{'Female': 0.8, 'Male': 0.8}"
REALDATA,SEMISYNTHETIC REAL-DATA EXPERIMENT,adult,Female,random_forest,group_threshold_calibrated,pre,equal_access,8b1b8b56ce23dea1,"{""alpha_negative"": {""Female"": 0.25, ""Male"": 0.25}, ""alpha_positive"": {""Female"": 0.5, ""Male"": 0.5}, ""contestation_scenario"": ""equal_access"", ""rho_negative"": {""Female"": 0.05, ""Male"": 0.05}, ""rho_positive"": {""Female"": 0.8, ""Male"": 0.8}}",accuracy,20,0.9309354739117012,0.0032304631956756,0.0007223535304341,0.9295196609920502,0.9323512868313522,"{'Female': 0.25, 'Male': 0.25}","{'Female': 0.5, 'Male': 0.5}","{'Female': 0.05, 'Male': 0.05}","{'Female': 0.8, 'Male': 0.8}"
REALDATA,SEMISYNTHETIC REAL-DATA EXPERIMENT,adult,Female,random_forest,group_threshold_calibrated,pre,equal_access,8b1b8b56ce23dea1,"{""alpha_negative"": {""Female"": 0.25, ""Male"": 0.25}, ""alpha_positive"": {""Female"": 0.5, ""Male"": 0.5}, ""contestation_scenario"": ""equal_access"", ""rho_negative"": {""Female"": 0.05, ""Male"": 0.05}, ""rho_positive"": {""Female"": 0.8, ""Male"": 0.8}}",fnr,20,0.4661016949152542,0.0414053478640937,0.0092585172456139,0.4479550011138509,0.4842483887166575,"{'Female': 0.25, 'Male': 0.25}","{'Female': 0.5, 'Male': 0.5}","{'Female': 0.05, 'Male': 0.05}","{'Female': 0.8, 'Male': 0.8}"
REALDATA,SEMISYNTHETIC REAL-DATA EXPERIMENT,adult,Female,random_forest,group_threshold_calibrated,pre,equal_access,8b1b8b56ce23dea1,"{""alpha_negative"": {""Female"": 0.25, ""Male"": 0.25}, ""alpha_positive"": {""Female"": 0.5, ""Male"": 0.5}, ""contestation_scenario"": ""equal_access"", ""rho_negative"": {""Female"": 0.05, ""Male"": 0.05}, ""rho_positive"": {""Female"": 0.8, ""Male"": 0.8}}",fpr,20,0.0203466204506065,0.0043118715882449,0.0009641637981565,0.0184568594062196,0.0222363814949934,"{'Female': 0.25, 'Male': 0.25}","{'Female': 0.5, 'Male': 0.5}","{'Female': 0.05, 'Male': 0.05}","{'Female': 0.8, 'Male': 0.8}"
REALDATA,SEMISYNTHETIC REAL-DATA EXPERIMENT,adult,Female,random_forest,group_threshold_calibrated,pre,equal_access,8b1b8b56ce23dea1,"{""alpha_negative"": {""Female"": 0.25, ""Male"": 0.25}, ""alpha_positive"": {""Female"": 0.5, ""Male"": 0.5}, ""contestation_scenario"": ""equal_access"", ""rho_negative"": {""Female"": 0.05, ""Male"": 0.05}, ""rho_positive"": {""Female"": 0.8, ""Male"": 0.8}}",n,20,3239.0,0.0,0.0,3239.0,3239.0,"{'Female': 0.25, 'Male': 0.25}","{'Female': 0.5, 'Male': 0.5}","{'Female': 0.05, 'Male': 0.05}","{'Female': 0.8, 'Male': 0.8}"
REALDATA,SEMISYNTHETIC REAL-DATA EXPERIMENT,adult,Female,random_forest,group_threshold_calibrated,pre,equal_access,8b1b8b56ce23dea1,"{""alpha_negative"": {""Female"": 0.25, ""Male"": 0.25}, ""alpha_positive"": {""Female"": 0.5, ""Male"": 0.5}, ""contestation_scenario"": ""equal_access"", ""rho_negative"": {""Female"": 0.05, ""Male"": 0.05}, ""rho_positive"": {""Female"": 0.8, ""Male"": 0.8}}",positive_rate,20,0.0764742204384068,0.0077473661844873,0.0017323637435096,0.0730787875011278,0.0798696533756858,"{'Female': 0.25, 'Male': 0.25}","{'Female': 0.5, 'Male': 0.5}","{'Female': 0.05, 'Male': 0.05}","{'Female': 0.8, 'Male': 0.8}"
REALDATA,SEMISYNTHETIC REAL-DATA EXPERIMENT,adult,Female,random_forest,group_threshold_calibrated,pre,equal_access,8b1b8b56ce23dea1,"{""alpha_negative"": {""Female"": 0.25, ""Male"": 0.25}, ""alpha_positive"": {""Female"": 0.5, ""Male"": 0.5}, ""contestation_scenario"": ""equal_access"", ""rho_negative"": {""Female"": 0.05, ""Male"": 0.05}, ""rho_positive"": {""Female"": 0.8, ""Male"": 0.8}}",prevalence,20,0.1092929916640938,0.0,0.0,0.1092929916640938,0.1092929916640938,"{'Female': 0.25, 'Male': 0.25}","{'Female': 0.5, 'Male': 0.5}","{'Female': 0.05, 'Male': 0.05}","{'Female': 0.8, 'Male': 0.8}"
REALDATA,SEMISYNTHETIC REAL-DATA EXPERIMENT,adult,Female,random_forest,group_threshold_calibrated,pre,equal_access,8b1b8b56ce23dea1,"{""alpha_negative"": {""Female"": 0.25, ""Male"": 0.25}, ""alpha_positive"": {""Female"": 0.5, ""Male"": 0.5}, ""contestation_scenario"": ""equal_access"", ""rho_negative"": {""Female"": 0.05, ""Male"": 0.05}, ""rho_positive"": {""Female"": 0.8, ""Male"": 0.8}}",tnr,20,0.9796533795493934,0.0043118715882449,0.0009641637981565,0.9777636185050064,0.9815431405937802,"{'Female': 0.25, 'Male': 0.25}","{'Female': 0.5, 'Male': 0.5}","{'Female': 0.05, 'Male': 0.05}","{'Female': 0.8, 'Male': 0.8}"
REALDATA,SEMISYNTHETIC REAL-DATA EXPERIMENT,adult,Female,random_forest,group_threshold_calibrated,pre,equal_access,8b1b8b56ce23dea1,"{""alpha_negative"": {""Female"": 0.25, ""Male"": 0.25}, ""alpha_positive"": {""Female"": 0.5, ""Male"": 0.5}, ""contestation_scenario"": ""equal_access"", ""rho_negative"": {""Female"": 0.05, ""Male"": 0.05}, ""rho_positive"": {""Female"": 0.8, ""Male"": 0.8}}",tpr,20,0.5338983050847458,0.0414053478640936,0.0092585172456139,0.5157516112833425,0.5520449988861491,"{'Female': 0.25, 'Male': 0.25}","{'Female': 0.5, 'Male': 0.5}","{'Female': 0.05, 'Male': 0.05}","{'Female': 0.8, 'Male': 0.8}"
REALDATA,SEMISYNTHETIC REAL-DATA EXPERIMENT,adult,Female,random_forest,group_threshold_calibrated,pre,moderate_first_group,58a445a909825bd5,"{""alpha_negative"": {""Female"": 0.25, ""Male"": 0.25}, ""alpha_positive"": {""Female"": 0.65, ""Male"": 0.35}, ""contestation_scenario"": ""moderate_first_group"", ""rho_negative"": {""Female"": 0.05, ""Male"": 0.05}, ""rho_positive"": {""Female"": 0.8, ""Male"": 0.8}}",accuracy,20,0.9309354739117012,0.0032304631956756,0.0007223535304341,0.9295196609920502,0.9323512868313522,"{'Female': 0.25, 'Male': 0.25}","{'Female': 0.65, 'Male': 0.35}","{'Female': 0.05, 'Male': 0.05}","{'Female': 0.8, 'Male': 0.8}"
REALDATA,SEMISYNTHETIC REAL-DATA EXPERIMENT,adult,Female,random_forest,group_threshold_calibrated,pre,moderate_first_group,58a445a909825bd5,"{""alpha_negative"": {""Female"": 0.25, ""Male"": 0.25}, ""alpha_positive"": {""Female"": 0.65, ""Male"": 0.35}, ""contestation_scenario"": ""moderate_first_group"", ""rho_negative"": {""Female"": 0.05, ""Male"": 0.05}, ""rho_positive"": {""Female"": 0.8, ""Male"": 0.8}}",fnr,20,0.4661016949152542,0.0414053478640937,0.0092585172456139,0.4479550011138509,0.4842483887166575,"{'Female': 0.25, 'Male': 0.25}","{'Female': 0.65, 'Male': 0.35}","{'Female': 0.05, 'Male': 0.05}","{'Female': 0.8, 'Male': 0.8}"
REALDATA,SEMISYNTHETIC REAL-DATA EXPERIMENT,adult,Female,random_forest,group_threshold_calibrated,pre,moderate_first_group,58a445a909825bd5,"{""alpha_negative"": {""Female"": 0.25, ""Male"": 0.25}, ""alpha_positive"": {""Female"": 0.65, ""Male"": 0.35}, ""contestation_scenario"": ""moderate_first_group"", ""rho_negative"": {""Female"": 0.05, ""Male"": 0.05}, ""rho_positive"": {""Female"": 0.8, ""Male"": 0.8}}",fpr,20,0.0203466204506065,0.0043118715882449,0.0009641637981565,0.0184568594062196,0.0222363814949934,"{'Female': 0.25, 'Male': 0.25}","{'Female': 0.65, 'Male': 0.35}","{'Female': 0.05, 'Male': 0.05}","{'Female': 0.8, 'Male': 0.8}"
REALDATA,SEMISYNTHETIC REAL-DATA EXPERIMENT,adult,Female,random_forest,group_threshold_calibrated,pre,moderate_first_group,58a445a909825bd5,"{""alpha_negative"": {""Female"": 0.25, ""Male"": 0.25}, ""alpha_positive"": {""Female"": 0.65, ""Male"": 0.35}, ""contestation_scenario"": ""moderate_first_group"", ""rho_negative"": {""Female"": 0.05, ""Male"": 0.05}, ""rho_positive"": {""Female"": 0.8, ""Male"": 0.8}}",n,20,3239.0,0.0,0.0,3239.0,3239.0,"{'Female': 0.25, 'Male': 0.25}","{'Female': 0.65, 'Male': 0.35}","{'Female': 0.05, 'Male': 0.05}","{'Female': 0.8, 'Male': 0.8}"
REALDATA,SEMISYNTHETIC REAL-DATA EXPERIMENT,adult,Female,random_forest,group_threshold_calibrated,pre,moderate_first_group,58a445a909825bd5,"{""alpha_negative"": {""Female"": 0.25, ""Male"": 0.25}, ""alpha_positive"": {""Female"": 0.65, ""Male"": 0.35}, ""contestation_scenario"": ""moderate_first_group"", ""rho_negative"": {""Female"": 0.05, ""Male"": 0.05}, ""rho_positive"": {""Female"": 0.8, ""Male"": 0.8}}",positive_rate,20,0.0764742204384068,0.0077473661844873,0.0017323637435096,0.0730787875011278,0.0798696533756858,"{'Female': 0.25, 'Male': 0.25}","{'Female': 0.65, 'Male': 0.35}","{'Female': 0.05, 'Male': 0.05}","{'Female': 0.8, 'Male': 0.8}"
REALDATA,SEMISYNTHETIC REAL-DATA EXPERIMENT,adult,Female,random_forest,group_threshold_calibrated,pre,moderate_first_group,58a445a909825bd5,"{""alpha_negative"": {""Female"": 0.25, ""Male"": 0.25}, ""alpha_positive"": {""Female"": 0.65, ""Male"": 0.35}, ""contestation_scenario"": ""moderate_first_group"", ""rho_negative"": {""Female"": 0.05, ""Male"": 0.05}, ""rho_positive"": {""Female"": 0.8, ""Male"": 0.8}}",prevalence,20,0.1092929916640938,0.0,0.0,0.1092929916640938,0.1092929916640938,"{'Female': 0.25, 'Male': 0.25}","{'Female': 0.65, 'Male': 0.35}","{'Female': 0.05, 'Male': 0.05}","{'Female': 0.8, 'Male': 0.8}"
REALDATA,SEMISYNTHETIC REAL-DATA EXPERIMENT,adult,Female,random_forest,group_threshold_calibrated,pre,moderate_first_group,58a445a909825bd5,"{""alpha_negative"": {""Female"": 0.25, ""Male"": 0.25}, ""alpha_positive"": {""Female"": 0.65, ""Male"": 0.35}, ""contestation_scenario"": ""moderate_first_group"", ""rho_negative"": {""Female"": 0.05, ""Male"": 0.05}, ""rho_positive"": {""Female"": 0.8, ""Male"": 0.8}}",tnr,20,0.9796533795493934,0.0043118715882449,0.0009641637981565,0.9777636185050064,0.9815431405937802,"{'Female': 0.25, 'Male': 0.25}","{'Female': 0.65, 'Male': 0.35}","{'Female': 0.05, 'Male': 0.05}","{'Female': 0.8, 'Male': 0.8}"
REALDATA,SEMISYNTHETIC REAL-DATA EXPERIMENT,adult,Female,random_forest,group_threshold_calibrated,pre,moderate_first_group,58a445a909825bd5,"{""alpha_negative"": {""Female"": 0.25, ""Male"": 0.25}, ""alpha_positive"": {""Female"": 0.65, ""Male"": 0.35}, ""contestation_scenario"": ""moderate_first_group"", ""rho_negative"": {""Female"": 0.05, ""Male"": 0.05}, ""rho_positive"": {""Female"": 0.8, ""Male"": 0.8}}",tpr,20,0.5338983050847458,0.0414053478640936,0.0092585172456139,0.5157516112833425,0.5520449988861491,"{'Female': 0.25, 'Male': 0.25}","{'Female': 0.65, 'Male': 0.35}","{'Female': 0.05, 'Male': 0.05}","{'Female': 0.8, 'Male': 0.8}"
REALDATA,SEMISYNTHETIC REAL-DATA EXPERIMENT,adult,Female,random_forest,group_threshold_calibrated,pre,moderate_second_group,f2d18f38dbf44f65,"{""alpha_negative"": {""Female"": 0.25, ""Male"": 0.25}, ""alpha_positive"": {""Female"": 0.35, ""Male"": 0.65}, ""contestation_scenario"": ""moderate_second_group"", ""rho_negative"": {""Female"": 0.05, ""Male"": 0.05}, ""rho_positive"": {""Female"": 0.8, ""Male"": 0.8}}",accuracy,20,0.9309354739117012,0.0032304631956756,0.0007223535304341,0.9295196609920502,0.9323512868313522,"{'Female': 0.25, 'Male': 0.25}","{'Female': 0.35, 'Male': 0.65}","{'Female': 0.05, 'Male': 0.05}","{'Female': 0.8, 'Male': 0.8}"
REALDATA,SEMISYNTHETIC REAL-DATA EXPERIMENT,adult,Female,random_forest,group_threshold_calibrated,pre,moderate_second_group,f2d18f38dbf44f65,"{""alpha_negative"": {""Female"": 0.25, ""Male"": 0.25}, ""alpha_positive"": {""Female"": 0.35, ""Male"": 0.65}, ""contestation_scenario"": ""moderate_second_group"", ""rho_negative"": {""Female"": 0.05, ""Male"": 0.05}, ""rho_positive"": {""Female"": 0.8, ""Male"": 0.8}}",fnr,20,0.4661016949152542,0.0414053478640937,0.0092585172456139,0.4479550011138509,0.4842483887166575,"{'Female': 0.25, 'Male': 0.25}","{'Female': 0.35, 'Male': 0.65}","{'Female': 0.05, 'Male': 0.05}","{'Female': 0.8, 'Male': 0.8}"
REALDATA,SEMISYNTHETIC REAL-DATA EXPERIMENT,adult,Female,random_forest,group_threshold_calibrated,pre,moderate_second_group,f2d18f38dbf44f65,"{""alpha_negative"": {""Female"": 0.25, ""Male"": 0.25}, ""alpha_positive"": {""Female"": 0.35, ""Male"": 0.65}, ""contestation_scenario"": ""moderate_second_group"", ""rho_negative"": {""Female"": 0.05, ""Male"": 0.05}, ""rho_positive"": {""Female"": 0.8, ""Male"": 0.8}}",fpr,20,0.0203466204506065,0.0043118715882449,0.0009641637981565,0.0184568594062196,0.0222363814949934,"{'Female': 0.25, 'Male': 0.25}","{'Female': 0.35, 'Male': 0.65}","{'Female': 0.05, 'Male': 0.05}","{'Female': 0.8, 'Male': 0.8}"
REALDATA,SEMISYNTHETIC REAL-DATA EXPERIMENT,adult,Female,random_forest,group_threshold_calibrated,pre,moderate_second_group,f2d18f38dbf44f65,"{""alpha_negative"": {""Female"": 0.25, ""Male"": 0.25}, ""alpha_positive"": {""Female"": 0.35, ""Male"": 0.65}, ""contestation_scenario"": ""moderate_second_group"", ""rho_negative"": {""Female"": 0.05, ""Male"": 0.05}, ""rho_positive"": {""Female"": 0.8, ""Male"": 0.8}}",n,20,3239.0,0.0,0.0,3239.0,3239.0,"{'Female': 0.25, 'Male': 0.25}","{'Female': 0.35, 'Male': 0.65}","{'Female': 0.05, 'Male': 0.05}","{'Female': 0.8, 'Male': 0.8}"
REALDATA,SEMISYNTHETIC REAL-DATA EXPERIMENT,adult,Female,random_forest,group_threshold_calibrated,pre,moderate_second_group,f2d18f38dbf44f65,"{""alpha_negative"": {""Female"": 0.25, ""Male"": 0.25}, ""alpha_positive"": {""Female"": 0.35, ""Male"": 0.65}, ""contestation_scenario"": ""moderate_second_group"", ""rho_negative"": {""Female"": 0.05, ""Male"": 0.05}, ""rho_positive"": {""Female"": 0.8, ""Male"": 0.8}}",positive_rate,20,0.0764742204384068,0.0077473661844873,0.0017323637435096,0.0730787875011278,0.0798696533756858,"{'Female': 0.25, 'Male': 0.25}","{'Female': 0.35, 'Male': 0.65}","{'Female': 0.05, 'Male': 0.05}","{'Female': 0.8, 'Male': 0.8}"
REALDATA,SEMISYNTHETIC REAL-DATA EXPERIMENT,adult,Female,random_forest,group_threshold_calibrated,pre,moderate_second_group,f2d18f38dbf44f65,"{""alpha_negative"": {""Female"": 0.25, ""Male"": 0.25}, ""alpha_positive"": {""Female"": 0.35, ""Male"": 0.65}, ""contestation_scenario"": ""moderate_second_group"", ""rho_negative"": {""Female"": 0.05, ""Male"": 0.05}, ""rho_positive"": {""Female"": 0.8, ""Male"": 0.8}}",prevalence,20,0.1092929916640938,0.0,0.0,0.1092929916640938,0.1092929916640938,"{'Female': 0.25, 'Male': 0.25}","{'Female': 0.35, 'Male': 0.65}","{'Female': 0.05, 'Male': 0.05}","{'Female': 0.8, 'Male': 0.8}"
REALDATA,SEMISYNTHETIC REAL-DATA EXPERIMENT,adult,Female,random_forest,group_threshold_calibrated,pre,moderate_second_group,f2d18f38dbf44f65,"{""alpha_negative"": {""Female"": 0.25, ""Male"": 0.25}, ""alpha_positive"": {""Female"": 0.35, ""Male"": 0.65}, ""contestation_scenario"": ""moderate_second_group"", ""rho_negative"": {""Female"": 0.05, ""Male"": 0.05}, ""rho_positive"": {""Female"": 0.8, ""Male"": 0.8}}",tnr,20,0.9796533795493934,0.0043118715882449,0.0009641637981565,0.9777636185050064,0.9815431405937802,"{'Female': 0.25, 'Male': 0.25}","{'Female': 0.35, 'Male': 0.65}","{'Female': 0.05, 'Male': 0.05}","{'Female': 0.8, 'Male': 0.8}"
REALDATA,SEMISYNTHETIC REAL-DATA EXPERIMENT,adult,Female,random_forest,group_threshold_calibrated,pre,moderate_second_group,f2d18f38dbf44f65,"{""alpha_negative"": {""Female"": 0.25, ""Male"": 0.25}, ""alpha_positive"": {""Female"": 0.35, ""Male"": 0.65}, ""contestation_scenario"": ""moderate_second_group"", ""rho_negative"": {""Female"": 0.05, ""Male"": 0.05}, ""rho_positive"": {""Female"": 0.8, ""Male"": 0.8}}",tpr,20,0.5338983050847458,0.0414053478640936,0.0092585172456139,0.5157516112833425,0.5520449988861491,"{'Female': 0.25, 'Male': 0.25}","{'Female': 0.35, 'Male': 0.65}","{'Female': 0.05, 'Male': 0.05}","{'Female': 0.8, 'Male': 0.8}"
REALDATA,SEMISYNTHETIC REAL-DATA EXPERIMENT,adult,Female,random_forest,group_threshold_calibrated,pre,strong_first_group,80db5b8b411cb1ee,"{""alpha_negative"": {""Female"": 0.25, ""Male"": 0.25}, ""alpha_positive"": {""Female"": 0.75, ""Male"": 0.25}, ""contestation_scenario"": ""strong_first_group"", ""rho_negative"": {""Female"": 0.05, ""Male"": 0.05}, ""rho_positive"": {""Female"": 0.8, ""Male"": 0.8}}",accuracy,20,0.9309354739117012,0.0032304631956756,0.0007223535304341,0.9295196609920502,0.9323512868313522,"{'Female': 0.25, 'Male': 0.25}","{'Female': 0.75, 'Male': 0.25}","{'Female': 0.05, 'Male': 0.05}","{'Female': 0.8, 'Male': 0.8}"
REALDATA,SEMISYNTHETIC REAL-DATA EXPERIMENT,adult,Female,random_forest,group_threshold_calibrated,pre,strong_first_group,80db5b8b411cb1ee,"{""alpha_negative"": {""Female"": 0.25, ""Male"": 0.25}, ""alpha_positive"": {""Female"": 0.75, ""Male"": 0.25}, ""contestation_scenario"": ""strong_first_group"", ""rho_negative"": {""Female"": 0.05, ""Male"": 0.05}, ""rho_positive"": {""Female"": 0.8, ""Male"": 0.8}}",fnr,20,0.4661016949152542,0.0414053478640937,0.0092585172456139,0.4479550011138509,0.4842483887166575,"{'Female': 0.25, 'Male': 0.25}","{'Female': 0.75, 'Male': 0.25}","{'Female': 0.05, 'Male': 0.05}","{'Female': 0.8, 'Male': 0.8}"
REALDATA,SEMISYNTHETIC REAL-DATA EXPERIMENT,adult,Female,random_forest,group_threshold_calibrated,pre,strong_first_group,80db5b8b411cb1ee,"{""alpha_negative"": {""Female"": 0.25, ""Male"": 0.25}, ""alpha_positive"": {""Female"": 0.75, ""Male"": 0.25}, ""contestation_scenario"": ""strong_first_group"", ""rho_negative"": {""Female"": 0.05, ""Male"": 0.05}, ""rho_positive"": {""Female"": 0.8, ""Male"": 0.8}}",fpr,20,0.0203466204506065,0.0043118715882449,0.0009641637981565,0.0184568594062196,0.0222363814949934,"{'Female': 0.25, 'Male': 0.25}","{'Female': 0.75, 'Male': 0.25}","{'Female': 0.05, 'Male': 0.05}","{'Female': 0.8, 'Male': 0.8}"
REALDATA,SEMISYNTHETIC REAL-DATA EXPERIMENT,adult,Female,random_forest,group_threshold_calibrated,pre,strong_first_group,80db5b8b411cb1ee,"{""alpha_negative"": {""Female"": 0.25, ""Male"": 0.25}, ""alpha_positive"": {""Female"": 0.75, ""Male"": 0.25}, ""contestation_scenario"": ""strong_first_group"", ""rho_negative"": {""Female"": 0.05, ""Male"": 0.05}, ""rho_positive"": {""Female"": 0.8, ""Male"": 0.8}}",n,20,3239.0,0.0,0.0,3239.0,3239.0,"{'Female': 0.25, 'Male': 0.25}","{'Female': 0.75, 'Male': 0.25}","{'Female': 0.05, 'Male': 0.05}","{'Female': 0.8, 'Male': 0.8}"
REALDATA,SEMISYNTHETIC REAL-DATA EXPERIMENT,adult,Female,random_forest,group_threshold_calibrated,pre,strong_first_group,80db5b8b411cb1ee,"{""alpha_negative"": {""Female"": 0.25, ""Male"": 0.25}, ""alpha_positive"": {""Female"": 0.75, ""Male"": 0.25}, ""contestation_scenario"": ""strong_first_group"", ""rho_negative"": {""Female"": 0.05, ""Male"": 0.05}, ""rho_positive"": {""Female"": 0.8, ""Male"": 0.8}}",positive_rate,20,0.0764742204384068,0.0077473661844873,0.0017323637435096,0.0730787875011278,0.0798696533756858,"{'Female': 0.25, 'Male': 0.25}","{'Female': 0.75, 'Male': 0.25}","{'Female': 0.05, 'Male': 0.05}","{'Female': 0.8, 'Male': 0.8}"
REALDATA,SEMISYNTHETIC REAL-DATA EXPERIMENT,adult,Female,random_forest,group_threshold_calibrated,pre,strong_first_group,80db5b8b411cb1ee,"{""alpha_negative"": {""Female"": 0.25, ""Male"": 0.25}, ""alpha_positive"": {""Female"": 0.75, ""Male"": 0.25}, ""contestation_scenario"": ""strong_first_group"", ""rho_negative"": {""Female"": 0.05, ""Male"": 0.05}, ""rho_positive"": {""Female"": 0.8, ""Male"": 0.8}}",prevalence,20,0.1092929916640938,0.0,0.0,0.1092929916640938,0.1092929916640938,"{'Female': 0.25, 'Male': 0.25}","{'Female': 0.75, 'Male': 0.25}","{'Female': 0.05, 'Male': 0.05}","{'Female': 0.8, 'Male': 0.8}"
REALDATA,SEMISYNTHETIC REAL-DATA EXPERIMENT,adult,Female,random_forest,group_threshold_calibrated,pre,strong_first_group,80db5b8b411cb1ee,"{""alpha_negative"": {""Female"": 0.25, ""Male"": 0.25}, ""alpha_positive"": {""Female"": 0.75, ""Male"": 0.25}, ""contestation_scenario"": ""strong_first_group"", ""rho_negative"": {""Female"": 0.05, ""Male"": 0.05}, ""rho_positive"": {""Female"": 0.8, ""Male"": 0.8}}",tnr,20,0.9796533795493934,0.0043118715882449,0.0009641637981565,0.9777636185050064,0.9815431405937802,"{'Female': 0.25, 'Male': 0.25}","{'Female': 0.75, 'Male': 0.25}","{'Female': 0.05, 'Male': 0.05}","{'Female': 0.8, 'Male': 0.8}"
REALDATA,SEMISYNTHETIC REAL-DATA EXPERIMENT,adult,Female,random_forest,group_threshold_calibrated,pre,strong_first_group,80db5b8b411cb1ee,"{""alpha_negative"": {""Female"": 0.25, ""Male"": 0.25}, ""alpha_positive"": {""Female"": 0.75, ""Male"": 0.25}, ""contestation_scenario"": ""strong_first_group"", ""rho_negative"": {""Female"": 0.05, ""Male"": 0.05}, ""rho_positive"": {""Female"": 0.8, ""Male"": 0.8}}",tpr,20,0.5338983050847458,0.0414053478640936,0.0092585172456139,0.5157516112833425,0.5520449988861491,"{'Female': 0.25, 'Male': 0.25}","{'Female': 0.75, 'Male': 0.25}","{'Female': 0.05, 'Male': 0.05}","{'Female': 0.8, 'Male': 0.8}"
REALDATA,SEMISYNTHETIC REAL-DATA EXPERIMENT,adult,Female,random_forest,group_threshold_calibrated,pre,strong_second_group,1a6f52e99e976851,"{""alpha_negative"": {""Female"": 0.25, ""Male"": 0.25}, ""alpha_positive"": {""Female"": 0.25, ""Male"": 0.75}, ""contestation_scenario"": ""strong_second_group"", ""rho_negative"": {""Female"": 0.05, ""Male"": 0.05}, ""rho_positive"": {""Female"": 0.8, ""Male"": 0.8}}",accuracy,20,0.9309354739117012,0.0032304631956756,0.0007223535304341,0.9295196609920502,0.9323512868313522,"{'Female': 0.25, 'Male': 0.25}","{'Female': 0.25, 'Male': 0.75}","{'Female': 0.05, 'Male': 0.05}","{'Female': 0.8, 'Male': 0.8}"
REALDATA,SEMISYNTHETIC REAL-DATA EXPERIMENT,adult,Female,random_forest,group_threshold_calibrated,pre,strong_second_group,1a6f52e99e976851,"{""alpha_negative"": {""Female"": 0.25, ""Male"": 0.25}, ""alpha_positive"": {""Female"": 0.25, ""Male"": 0.75}, ""contestation_scenario"": ""strong_second_group"", ""rho_negative"": {""Female"": 0.05, ""Male"": 0.05}, ""rho_positive"": {""Female"": 0.8, ""Male"": 0.8}}",fnr,20,0.4661016949152542,0.0414053478640937,0.0092585172456139,0.4479550011138509,0.4842483887166575,"{'Female': 0.25, 'Male': 0.25}","{'Female': 0.25, 'Male': 0.75}","{'Female': 0.05, 'Male': 0.05}","{'Female': 0.8, 'Male': 0.8}"
REALDATA,SEMISYNTHETIC REAL-DATA EXPERIMENT,adult,Female,random_forest,group_threshold_calibrated,pre,strong_second_group,1a6f52e99e976851,"{""alpha_negative"": {""Female"": 0.25, ""Male"": 0.25}, ""alpha_positive"": {""Female"": 0.25, ""Male"": 0.75}, ""contestation_scenario"": ""strong_second_group"", ""rho_negative"": {""Female"": 0.05, ""Male"": 0.05}, ""rho_positive"": {""Female"": 0.8, ""Male"": 0.8}}",fpr,20,0.0203466204506065,0.0043118715882449,0.0009641637981565,0.0184568594062196,0.0222363814949934,"{'Female': 0.25, 'Male': 0.25}","{'Female': 0.25, 'Male': 0.75}","{'Female': 0.05, 'Male': 0.05}","{'Female': 0.8, 'Male': 0.8}"
REALDATA,SEMISYNTHETIC REAL-DATA EXPERIMENT,adult,Female,random_forest,group_threshold_calibrated,pre,strong_second_group,1a6f52e99e976851,"{""alpha_negative"": {""Female"": 0.25, ""Male"": 0.25}, ""alpha_positive"": {""Female"": 0.25, ""Male"": 0.75}, ""contestation_scenario"": ""strong_second_group"", ""rho_negative"": {""Female"": 0.05, ""Male"": 0.05}, ""rho_positive"": {""Female"": 0.8, ""Male"": 0.8}}",n,20,3239.0,0.0,0.0,3239.0,3239.0,"{'Female': 0.25, 'Male': 0.25}","{'Female': 0.25, 'Male': 0.75}","{'Female': 0.05, 'Male': 0.05}","{'Female': 0.8, 'Male': 0.8}"
REALDATA,SEMISYNTHETIC REAL-DATA EXPERIMENT,adult,Female,random_forest,group_threshold_calibrated,pre,strong_second_group,1a6f52e99e976851,"{""alpha_negative"": {""Female"": 0.25, ""Male"": 0.25}, ""alpha_positive"": {""Female"": 0.25, ""Male"": 0.75}, ""contestation_scenario"": ""strong_second_group"", ""rho_negative"": {""Female"": 0.05, ""Male"": 0.05}, ""rho_positive"": {""Female"": 0.8, ""Male"": 0.8}}",positive_rate,20,0.0764742204384068,0.0077473661844873,0.0017323637435096,0.0730787875011278,0.0798696533756858,"{'Female': 0.25, 'Male': 0.25}","{'Female': 0.25, 'Male': 0.75}","{'Female': 0.05, 'Male': 0.05}","{'Female': 0.8, 'Male': 0.8}"
REALDATA,SEMISYNTHETIC REAL-DATA EXPERIMENT,adult,Female,random_forest,group_threshold_calibrated,pre,strong_second_group,1a6f52e99e976851,"{""alpha_negative"": {""Female"": 0.25, ""Male"": 0.25}, ""alpha_positive"": {""Female"": 0.25, ""Male"": 0.75}, ""contestation_scenario"": ""strong_second_group"", ""rho_negative"": {""Female"": 0.05, ""Male"": 0.05}, ""rho_positive"": {""Female"": 0.8, ""Male"": 0.8}}",prevalence,20,0.1092929916640938,0.0,0.0,0.1092929916640938,0.1092929916640938,"{'Female': 0.25, 'Male': 0.25}","{'Female': 0.25, 'Male': 0.75}","{'Female': 0.05, 'Male': 0.05}","{'Female': 0.8, 'Male': 0.8}"
REALDATA,SEMISYNTHETIC REAL-DATA EXPERIMENT,adult,Female,random_forest,group_threshold_calibrated,pre,strong_second_group,1a6f52e99e976851,"{""alpha_negative"": {""Female"": 0.25, ""Male"": 0.25}, ""alpha_positive"": {""Female"": 0.25, ""Male"": 0.75}, ""contestation_scenario"": ""strong_second_group"", ""rho_negative"": {""Female"": 0.05, ""Male"": 0.05}, ""rho_positive"": {""Female"": 0.8, ""Male"": 0.8}}",tnr,20,0.9796533795493934,0.0043118715882449,0.0009641637981565,0.9777636185050064,0.9815431405937802,"{'Female': 0.25, 'Male': 0.25}","{'Female': 0.25, 'Male': 0.75}","{'Female': 0.05, 'Male': 0.05}","{'Female': 0.8, 'Male': 0.8}"
REALDATA,SEMISYNTHETIC REAL-DATA EXPERIMENT,adult,Female,random_forest,group_threshold_calibrated,pre,strong_second_group,1a6f52e99e976851,"{""alpha_negative"": {""Female"": 0.25, ""Male"": 0.25}, ""alpha_positive"": {""Female"": 0.25, ""Male"": 0.75}, ""contestation_scenario"": ""strong_second_group"", ""rho_negative"": {""Female"": 0.05, ""Male"": 0.05}, ""rho_positive"": {""Female"": 0.8, ""Male"": 0.8}}",tpr,20,0.5338983050847458,0.0414053478640936,0.0092585172456139,0.5157516112833425,0.5520449988861491,"{'Female': 0.25, 'Male': 0.25}","{'Female': 0.25, 'Male': 0.75}","{'Female': 0.05, 'Male': 0.05}","{'Female': 0.8, 'Male': 0.8}"
REALDATA,SEMISYNTHETIC REAL-DATA EXPERIMENT,adult,Female,random_forest,validation_selected_threshold,frozen_policy,equal_access,8b1b8b56ce23dea1,"{""alpha_negative"": {""Female"": 0.25, ""Male"": 0.25}, ""alpha_positive"": {""Female"": 0.5, ""Male"": 0.5}, ""contestation_scenario"": ""equal_access"", ""rho_negative"": {""Female"": 0.05, ""Male"": 0.05}, ""rho_positive"": {""Female"": 0.8, ""Male"": 0.8}}",decision_threshold,20,0.391,0.0226878126337746,0.0050731491309898,0.3810566277032599,0.4009433722967401,"{'Female': 0.25, 'Male': 0.25}","{'Female': 0.5, 'Male': 0.5}","{'Female': 0.05, 'Male': 0.05}","{'Female': 0.8, 'Male': 0.8}"
REALDATA,SEMISYNTHETIC REAL-DATA EXPERIMENT,adult,Female,random_forest,validation_selected_threshold,frozen_policy,moderate_first_group,58a445a909825bd5,"{""alpha_negative"": {""Female"": 0.25, ""Male"": 0.25}, ""alpha_positive"": {""Female"": 0.65, ""Male"": 0.35}, ""contestation_scenario"": ""moderate_first_group"", ""rho_negative"": {""Female"": 0.05, ""Male"": 0.05}, ""rho_positive"": {""Female"": 0.8, ""Male"": 0.8}}",decision_threshold,20,0.391,0.0226878126337746,0.0050731491309898,0.3810566277032599,0.4009433722967401,"{'Female': 0.25, 'Male': 0.25}","{'Female': 0.65, 'Male': 0.35}","{'Female': 0.05, 'Male': 0.05}","{'Female': 0.8, 'Male': 0.8}"
REALDATA,SEMISYNTHETIC REAL-DATA EXPERIMENT,adult,Female,random_forest,validation_selected_threshold,frozen_policy,moderate_second_group,f2d18f38dbf44f65,"{""alpha_negative"": {""Female"": 0.25, ""Male"": 0.25}, ""alpha_positive"": {""Female"": 0.35, ""Male"": 0.65}, ""contestation_scenario"": ""moderate_second_group"", ""rho_negative"": {""Female"": 0.05, ""Male"": 0.05}, ""rho_positive"": {""Female"": 0.8, ""Male"": 0.8}}",decision_threshold,20,0.391,0.0226878126337746,0.0050731491309898,0.3810566277032599,0.4009433722967401,"{'Female': 0.25, 'Male': 0.25}","{'Female': 0.35, 'Male': 0.65}","{'Female': 0.05, 'Male': 0.05}","{'Female': 0.8, 'Male': 0.8}"
REALDATA,SEMISYNTHETIC REAL-DATA EXPERIMENT,adult,Female,random_forest,validation_selected_threshold,frozen_policy,strong_first_group,80db5b8b411cb1ee,"{""alpha_negative"": {""Female"": 0.25, ""Male"": 0.25}, ""alpha_positive"": {""Female"": 0.75, ""Male"": 0.25}, ""contestation_scenario"": ""strong_first_group"", ""rho_negative"": {""Female"": 0.05, ""Male"": 0.05}, ""rho_positive"": {""Female"": 0.8, ""Male"": 0.8}}",decision_threshold,20,0.391,0.0226878126337746,0.0050731491309898,0.3810566277032599,0.4009433722967401,"{'Female': 0.25, 'Male': 0.25}","{'Female': 0.75, 'Male': 0.25}","{'Female': 0.05, 'Male': 0.05}","{'Female': 0.8, 'Male': 0.8}"
REALDATA,SEMISYNTHETIC REAL-DATA EXPERIMENT,adult,Female,random_forest,validation_selected_threshold,frozen_policy,strong_second_group,1a6f52e99e976851,"{""alpha_negative"": {""Female"": 0.25, ""Male"": 0.25}, ""alpha_positive"": {""Female"": 0.25, ""Male"": 0.75}, ""contestation_scenario"": ""strong_second_group"", ""rho_negative"": {""Female"": 0.05, ""Male"": 0.05}, ""rho_positive"": {""Female"": 0.8, ""Male"": 0.8}}",decision_threshold,20,0.391,0.0226878126337746,0.0050731491309898,0.3810566277032599,0.4009433722967401,"{'Female': 0.25, 'Male': 0.25}","{'Female': 0.25, 'Male': 0.75}","{'Female': 0.05, 'Male': 0.05}","{'Female': 0.8, 'Male': 0.8}"
REALDATA,SEMISYNTHETIC REAL-DATA EXPERIMENT,adult,Male,gradient_boosting,group_threshold_calibrated,post,equal_access,8b1b8b56ce23dea1,"{""alpha_negative"": {""Female"": 0.25, ""Male"": 0.25}, ""alpha_positive"": {""Female"": 0.5, ""Male"": 0.5}, ""contestation_scenario"": ""equal_access"", ""rho_negative"": {""Female"": 0.05, ""Male"": 0.05}, ""rho_positive"": {""Female"": 0.8, ""Male"": 0.8}}",accuracy,20,0.8755742725880552,0.0041281900302789,0.000923091353174,0.873765013535834,0.8773835316402764,"{'Female': 0.25, 'Male': 0.25}","{'Female': 0.5, 'Male': 0.5}","{'Female': 0.05, 'Male': 0.05}","{'Female': 0.8, 'Male': 0.8}"
REALDATA,SEMISYNTHETIC REAL-DATA EXPERIMENT,adult,Male,gradient_boosting,group_threshold_calibrated,post,equal_access,8b1b8b56ce23dea1,"{""alpha_negative"": {""Female"": 0.25, ""Male"": 0.25}, ""alpha_positive"": {""Female"": 0.5, ""Male"": 0.5}, ""contestation_scenario"": ""equal_access"", ""rho_negative"": {""Female"": 0.05, ""Male"": 0.05}, ""rho_positive"": {""Female"": 0.8, ""Male"": 0.8}}",fnr,20,0.2102318548387096,0.007857765996254,0.001757049891891,0.2067880370506032,0.2136756726268161,"{'Female': 0.25, 'Male': 0.25}","{'Female': 0.5, 'Male': 0.5}","{'Female': 0.05, 'Male': 0.05}","{'Female': 0.8, 'Male': 0.8}"
REALDATA,SEMISYNTHETIC REAL-DATA EXPERIMENT,adult,Male,gradient_boosting,group_threshold_calibrated,post,equal_access,8b1b8b56ce23dea1,"{""alpha_negative"": {""Female"": 0.25, ""Male"": 0.25}, ""alpha_positive"": {""Female"": 0.5, ""Male"": 0.5}, ""contestation_scenario"": ""equal_access"", ""rho_negative"": {""Female"": 0.05, ""Male"": 0.05}, ""rho_positive"": {""Female"": 0.8, ""Male"": 0.8}}",fpr,20,0.0869775626924768,0.0054190541140685,0.0012117373372807,0.0846025575114066,0.089352567873547,"{'Female': 0.25, 'Male': 0.25}","{'Female': 0.5, 'Male': 0.5}","{'Female': 0.05, 'Male': 0.05}","{'Female': 0.8, 'Male': 0.8}"
REALDATA,SEMISYNTHETIC REAL-DATA EXPERIMENT,adult,Male,gradient_boosting,group_threshold_calibrated,post,equal_access,8b1b8b56ce23dea1,"{""alpha_negative"": {""Female"": 0.25, ""Male"": 0.25}, ""alpha_positive"": {""Female"": 0.5, ""Male"": 0.5}, ""contestation_scenario"": ""equal_access"", ""rho_negative"": {""Female"": 0.05, ""Male"": 0.05}, ""rho_positive"": {""Female"": 0.8, ""Male"": 0.8}}",n,20,6530.0,0.0,0.0,6530.0,6530.0,"{'Female': 0.25, 'Male': 0.25}","{'Female': 0.5, 'Male': 0.5}","{'Female': 0.05, 'Male': 0.05}","{'Female': 0.8, 'Male': 0.8}"
REALDATA,SEMISYNTHETIC REAL-DATA EXPERIMENT,adult,Male,gradient_boosting,group_threshold_calibrated,post,equal_access,8b1b8b56ce23dea1,"{""alpha_negative"": {""Female"": 0.25, ""Male"": 0.25}, ""alpha_positive"": {""Female"": 0.5, ""Male"": 0.5}, ""contestation_scenario"": ""equal_access"", ""rho_negative"": {""Female"": 0.05, ""Male"": 0.05}, ""rho_positive"": {""Female"": 0.8, ""Male"": 0.8}}",positive_rate,20,0.3005053598774885,0.0047772813889251,0.0010682325933281,0.2984116239945654,0.3025990957604116,"{'Female': 0.25, 'Male': 0.25}","{'Female': 0.5, 'Male': 0.5}","{'Female': 0.05, 'Male': 0.05}","{'Female': 0.8, 'Male': 0.8}"
REALDATA,SEMISYNTHETIC REAL-DATA EXPERIMENT,adult,Male,gradient_boosting,group_threshold_calibrated,post,equal_access,8b1b8b56ce23dea1,"{""alpha_negative"": {""Female"": 0.25, ""Male"": 0.25}, ""alpha_positive"": {""Female"": 0.5, ""Male"": 0.5}, ""contestation_scenario"": ""equal_access"", ""rho_negative"": {""Female"": 0.05, ""Male"": 0.05}, ""rho_positive"": {""Female"": 0.8, ""Male"": 0.8}}",prevalence,20,0.3038284839203675,0.0,0.0,0.3038284839203675,0.3038284839203675,"{'Female': 0.25, 'Male': 0.25}","{'Female': 0.5, 'Male': 0.5}","{'Female': 0.05, 'Male': 0.05}","{'Female': 0.8, 'Male': 0.8}"
REALDATA,SEMISYNTHETIC REAL-DATA EXPERIMENT,adult,Male,gradient_boosting,group_threshold_calibrated,post,equal_access,8b1b8b56ce23dea1,"{""alpha_negative"": {""Female"": 0.25, ""Male"": 0.25}, ""alpha_positive"": {""Female"": 0.5, ""Male"": 0.5}, ""contestation_scenario"": ""equal_access"", ""rho_negative"": {""Female"": 0.05, ""Male"": 0.05}, ""rho_positive"": {""Female"": 0.8, ""Male"": 0.8}}",tnr,20,0.9130224373075232,0.0054190541140686,0.0012117373372807,0.9106474321264528,0.9153974424885932,"{'Female': 0.25, 'Male': 0.25}","{'Female': 0.5, 'Male': 0.5}","{'Female': 0.05, 'Male': 0.05}","{'Female': 0.8, 'Male': 0.8}"
REALDATA,SEMISYNTHETIC REAL-DATA EXPERIMENT,adult,Male,gradient_boosting,group_threshold_calibrated,post,equal_access,8b1b8b56ce23dea1,"{""alpha_negative"": {""Female"": 0.25, ""Male"": 0.25}, ""alpha_positive"": {""Female"": 0.5, ""Male"": 0.5}, ""contestation_scenario"": ""equal_access"", ""rho_negative"": {""Female"": 0.05, ""Male"": 0.05}, ""rho_positive"": {""Female"": 0.8, ""Male"": 0.8}}",tpr,20,0.7897681451612903,0.0078577659962541,0.001757049891891,0.7863243273731839,0.7932119629493968,"{'Female': 0.25, 'Male': 0.25}","{'Female': 0.5, 'Male': 0.5}","{'Female': 0.05, 'Male': 0.05}","{'Female': 0.8, 'Male': 0.8}"
REALDATA,SEMISYNTHETIC REAL-DATA EXPERIMENT,adult,Male,gradient_boosting,group_threshold_calibrated,post,moderate_first_group,58a445a909825bd5,"{""alpha_negative"": {""Female"": 0.25, ""Male"": 0.25}, ""alpha_positive"": {""Female"": 0.65, ""Male"": 0.35}, ""contestation_scenario"": ""moderate_first_group"", ""rho_negative"": {""Female"": 0.05, ""Male"": 0.05}, ""rho_positive"": {""Female"": 0.8, ""Male"": 0.8}}",accuracy,20,0.8627258805513017,0.0032525254144421,0.0007272867925238,0.861300398437955,0.8641513626646484,"{'Female': 0.25, 'Male': 0.25}","{'Female': 0.65, 'Male': 0.35}","{'Female': 0.05, 'Male': 0.05}","{'Female': 0.8, 'Male': 0.8}"
REALDATA,SEMISYNTHETIC REAL-DATA EXPERIMENT,adult,Male,gradient_boosting,group_threshold_calibrated,post,moderate_first_group,58a445a909825bd5,"{""alpha_negative"": {""Female"": 0.25, ""Male"": 0.25}, ""alpha_positive"": {""Female"": 0.65, ""Male"": 0.35}, ""contestation_scenario"": ""moderate_first_group"", ""rho_negative"": {""Female"": 0.05, ""Male"": 0.05}, ""rho_positive"": {""Female"": 0.8, ""Male"": 0.8}}",fnr,20,0.2518649193548387,0.0103865151600471,0.0023224953947197,0.2473128283811879,0.2564170103284894,"{'Female': 0.25, 'Male': 0.25}","{'Female': 0.65, 'Male': 0.35}","{'Female': 0.05, 'Male': 0.05}","{'Female': 0.8, 'Male': 0.8}"
REALDATA,SEMISYNTHETIC REAL-DATA EXPERIMENT,adult,Male,gradient_boosting,group_threshold_calibrated,post,moderate_first_group,58a445a909825bd5,"{""alpha_negative"": {""Female"": 0.25, ""Male"": 0.25}, ""alpha_positive"": {""Female"": 0.65, ""Male"": 0.35}, ""contestation_scenario"": ""moderate_first_group"", ""rho_negative"": {""Female"": 0.05, ""Male"": 0.05}, ""rho_positive"": {""Female"": 0.8, ""Male"": 0.8}}",fpr,20,0.0872635283765947,0.0056827273534778,0.0012706964659973,0.0847729633032398,0.0897540934499496,"{'Female': 0.25, 'Male': 0.25}","{'Female': 0.65, 'Male': 0.35}","{'Female': 0.05, 'Male': 0.05}","{'Female': 0.8, 'Male': 0.8}"
REALDATA,SEMISYNTHETIC REAL-DATA EXPERIMENT,adult,Male,gradient_boosting,group_threshold_calibrated,post,moderate_first_group,58a445a909825bd5,"{""alpha_negative"": {""Female"": 0.25, ""Male"": 0.25}, ""alpha_positive"": {""Female"": 0.65, ""Male"": 0.35}, ""contestation_scenario"": ""moderate_first_group"", ""rho_negative"": {""Female"": 0.05, ""Male"": 0.05}, ""rho_positive"": {""Female"": 0.8, ""Male"": 0.8}}",n,20,6530.0,0.0,0.0,6530.0,6530.0,"{'Female': 0.25, 'Male': 0.25}","{'Female': 0.65, 'Male': 0.35}","{'Female': 0.05, 'Male': 0.05}","{'Female': 0.8, 'Male': 0.8}"
REALDATA,SEMISYNTHETIC REAL-DATA EXPERIMENT,adult,Male,gradient_boosting,group_threshold_calibrated,post,moderate_first_group,58a445a909825bd5,"{""alpha_negative"": {""Female"": 0.25, ""Male"": 0.25}, ""alpha_positive"": {""Female"": 0.65, ""Male"": 0.35}, ""contestation_scenario"": ""moderate_first_group"", ""rho_negative"": {""Female"": 0.05, ""Male"": 0.05}, ""rho_positive"": {""Female"": 0.8, ""Male"": 0.8}}",positive_rate,20,0.2880551301684533,0.0063749899605809,0.0014254910907737,0.2852611676305367,0.2908490927063699,"{'Female': 0.25, 'Male': 0.25}","{'Female': 0.65, 'Male': 0.35}","{'Female': 0.05, 'Male': 0.05}","{'Female': 0.8, 'Male': 0.8}"
REALDATA,SEMISYNTHETIC REAL-DATA EXPERIMENT,adult,Male,gradient_boosting,group_threshold_calibrated,post,moderate_first_group,58a445a909825bd5,"{""alpha_negative"": {""Female"": 0.25, ""Male"": 0.25}, ""alpha_positive"": {""Female"": 0.65, ""Male"": 0.35}, ""contestation_scenario"": ""moderate_first_group"", ""rho_negative"": {""Female"": 0.05, ""Male"": 0.05}, ""rho_positive"": {""Female"": 0.8, ""Male"": 0.8}}",prevalence,20,0.3038284839203675,0.0,0.0,0.3038284839203675,0.3038284839203675,"{'Female': 0.25, 'Male': 0.25}","{'Female': 0.65, 'Male': 0.35}","{'Female': 0.05, 'Male': 0.05}","{'Female': 0.8, 'Male': 0.8}"
REALDATA,SEMISYNTHETIC REAL-DATA EXPERIMENT,adult,Male,gradient_boosting,group_threshold_calibrated,post,moderate_first_group,58a445a909825bd5,"{""alpha_negative"": {""Female"": 0.25, ""Male"": 0.25}, ""alpha_positive"": {""Female"": 0.65, ""Male"": 0.35}, ""contestation_scenario"": ""moderate_first_group"", ""rho_negative"": {""Female"": 0.05, ""Male"": 0.05}, ""rho_positive"": {""Female"": 0.8, ""Male"": 0.8}}",tnr,20,0.9127364716234052,0.0056827273534778,0.0012706964659973,0.9102459065500504,0.91522703669676,"{'Female': 0.25, 'Male': 0.25}","{'Female': 0.65, 'Male': 0.35}","{'Female': 0.05, 'Male': 0.05}","{'Female': 0.8, 'Male': 0.8}"
REALDATA,SEMISYNTHETIC REAL-DATA EXPERIMENT,adult,Male,gradient_boosting,group_threshold_calibrated,post,moderate_first_group,58a445a909825bd5,"{""alpha_negative"": {""Female"": 0.25, ""Male"": 0.25}, ""alpha_positive"": {""Female"": 0.65, ""Male"": 0.35}, ""contestation_scenario"": ""moderate_first_group"", ""rho_negative"": {""Female"": 0.05, ""Male"": 0.05}, ""rho_positive"": {""Female"": 0.8, ""Male"": 0.8}}",tpr,20,0.7481350806451613,0.0103865151600471,0.0023224953947197,0.7435829896715106,0.752687171618812,"{'Female': 0.25, 'Male': 0.25}","{'Female': 0.65, 'Male': 0.35}","{'Female': 0.05, 'Male': 0.05}","{'Female': 0.8, 'Male': 0.8}"
REALDATA,SEMISYNTHETIC REAL-DATA EXPERIMENT,adult,Male,gradient_boosting,group_threshold_calibrated,post,moderate_second_group,f2d18f38dbf44f65,"{""alpha_negative"": {""Female"": 0.25, ""Male"": 0.25}, ""alpha_positive"": {""Female"": 0.35, ""Male"": 0.65}, ""contestation_scenario"": ""moderate_second_group"", ""rho_negative"": {""Female"": 0.05, ""Male"": 0.05}, ""rho_positive"": {""Female"": 0.8, ""Male"": 0.8}}",accuracy,20,0.8887212863705972,0.0037722230283176,0.0008434947117608,0.887068036735546,0.8903745360056484,"{'Female': 0.25, 'Male': 0.25}","{'Female': 0.35, 'Male': 0.65}","{'Female': 0.05, 'Male': 0.05}","{'Female': 0.8, 'Male': 0.8}"
REALDATA,SEMISYNTHETIC REAL-DATA EXPERIMENT,adult,Male,gradient_boosting,group_threshold_calibrated,post,moderate_second_group,f2d18f38dbf44f65,"{""alpha_negative"": {""Female"": 0.25, ""Male"": 0.25}, ""alpha_positive"": {""Female"": 0.35, ""Male"": 0.65}, ""contestation_scenario"": ""moderate_second_group"", ""rho_negative"": {""Female"": 0.05, ""Male"": 0.05}, ""rho_positive"": {""Female"": 0.8, ""Male"": 0.8}}",fnr,20,0.1674899193548386,0.006656882451954,0.0014885241680794,0.1645724119854029,0.1704074267242744,"{'Female': 0.25, 'Male': 0.25}","{'Female': 0.35, 'Male': 0.65}","{'Female': 0.05, 'Male': 0.05}","{'Female': 0.8, 'Male': 0.8}"
REALDATA,SEMISYNTHETIC REAL-DATA EXPERIMENT,adult,Male,gradient_boosting,group_threshold_calibrated,post,moderate_second_group,f2d18f38dbf44f65,"{""alpha_negative"": {""Female"": 0.25, ""Male"": 0.25}, ""alpha_positive"": {""Female"": 0.35, ""Male"": 0.65}, ""contestation_scenario"": ""moderate_second_group"", ""rho_negative"": {""Female"": 0.05, ""Male"": 0.05}, ""rho_positive"": {""Female"": 0.8, ""Male"": 0.8}}",fpr,20,0.0867465904091508,0.0060074079028592,0.0013432972439362,0.0841137278110357,0.0893794530072659,"{'Female': 0.25, 'Male': 0.25}","{'Female': 0.35, 'Male': 0.65}","{'Female': 0.05, 'Male': 0.05}","{'Female': 0.8, 'Male': 0.8}"
REALDATA,SEMISYNTHETIC REAL-DATA EXPERIMENT,adult,Male,gradient_boosting,group_threshold_calibrated,post,moderate_second_group,f2d18f38dbf44f65,"{""alpha_negative"": {""Female"": 0.25, ""Male"": 0.25}, ""alpha_positive"": {""Female"": 0.35, ""Male"": 0.65}, ""contestation_scenario"": ""moderate_second_group"", ""rho_negative"": {""Female"": 0.05, ""Male"": 0.05}, ""rho_positive"": {""Female"": 0.8, ""Male"": 0.8}}",n,20,6530.0,0.0,0.0,6530.0,6530.0,"{'Female': 0.25, 'Male': 0.25}","{'Female': 0.35, 'Male': 0.65}","{'Female': 0.05, 'Male': 0.05}","{'Female': 0.8, 'Male': 0.8}"
REALDATA,SEMISYNTHETIC REAL-DATA EXPERIMENT,adult,Male,gradient_boosting,group_threshold_calibrated,post,moderate_second_group,f2d18f38dbf44f65,"{""alpha_negative"": {""Female"": 0.25, ""Male"": 0.25}, ""alpha_positive"": {""Female"": 0.35, ""Male"": 0.65}, ""contestation_scenario"": ""moderate_second_group"", ""rho_negative"": {""Female"": 0.05, ""Male"": 0.05}, ""rho_positive"": {""Female"": 0.8, ""Male"": 0.8}}",positive_rate,20,0.3133307810107197,0.0053789514266513,0.0012027701037661,0.3109733516073379,0.3156882104141014,"{'Female': 0.25, 'Male': 0.25}","{'Female': 0.35, 'Male': 0.65}","{'Female': 0.05, 'Male': 0.05}","{'Female': 0.8, 'Male': 0.8}"
REALDATA,SEMISYNTHETIC REAL-DATA EXPERIMENT,adult,Male,gradient_boosting,group_threshold_calibrated,post,moderate_second_group,f2d18f38dbf44f65,"{""alpha_negative"": {""Female"": 0.25, ""Male"": 0.25}, ""alpha_positive"": {""Female"": 0.35, ""Male"": 0.65}, ""contestation_scenario"": ""moderate_second_group"", ""rho_negative"": {""Female"": 0.05, ""Male"": 0.05}, ""rho_positive"": {""Female"": 0.8, ""Male"": 0.8}}",prevalence,20,0.3038284839203675,0.0,0.0,0.3038284839203675,0.3038284839203675,"{'Female': 0.25, 'Male': 0.25}","{'Female': 0.35, 'Male': 0.65}","{'Female': 0.05, 'Male': 0.05}","{'Female': 0.8, 'Male': 0.8}"
REALDATA,SEMISYNTHETIC REAL-DATA EXPERIMENT,adult,Male,gradient_boosting,group_threshold_calibrated,post,moderate_second_group,f2d18f38dbf44f65,"{""alpha_negative"": {""Female"": 0.25, ""Male"": 0.25}, ""alpha_positive"": {""Female"": 0.35, ""Male"": 0.65}, ""contestation_scenario"": ""moderate_second_group"", ""rho_negative"": {""Female"": 0.05, ""Male"": 0.05}, ""rho_positive"": {""Female"": 0.8, ""Male"": 0.8}}",tnr,20,0.9132534095908492,0.0060074079028592,0.0013432972439362,0.910620546992734,0.9158862721889642,"{'Female': 0.25, 'Male': 0.25}","{'Female': 0.35, 'Male': 0.65}","{'Female': 0.05, 'Male': 0.05}","{'Female': 0.8, 'Male': 0.8}"
REALDATA,SEMISYNTHETIC REAL-DATA EXPERIMENT,adult,Male,gradient_boosting,group_threshold_calibrated,post,moderate_second_group,f2d18f38dbf44f65,"{""alpha_negative"": {""Female"": 0.25, ""Male"": 0.25}, ""alpha_positive"": {""Female"": 0.35, ""Male"": 0.65}, ""contestation_scenario"": ""moderate_second_group"", ""rho_negative"": {""Female"": 0.05, ""Male"": 0.05}, ""rho_positive"": {""Female"": 0.8, ""Male"": 0.8}}",tpr,20,0.8325100806451612,0.006656882451954,0.0014885241680794,0.8295925732757254,0.8354275880145969,"{'Female': 0.25, 'Male': 0.25}","{'Female': 0.35, 'Male': 0.65}","{'Female': 0.05, 'Male': 0.05}","{'Female': 0.8, 'Male': 0.8}"
REALDATA,SEMISYNTHETIC REAL-DATA EXPERIMENT,adult,Male,gradient_boosting,group_threshold_calibrated,post,strong_first_group,80db5b8b411cb1ee,"{""alpha_negative"": {""Female"": 0.25, ""Male"": 0.25}, ""alpha_positive"": {""Female"": 0.75, ""Male"": 0.25}, ""contestation_scenario"": ""strong_first_group"", ""rho_negative"": {""Female"": 0.05, ""Male"": 0.05}, ""rho_positive"": {""Female"": 0.8, ""Male"": 0.8}}",accuracy,20,0.8538361408882083,0.0041913842788238,0.0009372220167274,0.8519991857354225,0.855673096040994,"{'Female': 0.25, 'Male': 0.25}","{'Female': 0.75, 'Male': 0.25}","{'Female': 0.05, 'Male': 0.05}","{'Female': 0.8, 'Male': 0.8}"
REALDATA,SEMISYNTHETIC REAL-DATA EXPERIMENT,adult,Male,gradient_boosting,group_threshold_calibrated,post,strong_first_group,80db5b8b411cb1ee,"{""alpha_negative"": {""Female"": 0.25, ""Male"": 0.25}, ""alpha_positive"": {""Female"": 0.75, ""Male"": 0.25}, ""contestation_scenario"": ""strong_first_group"", ""rho_negative"": {""Female"": 0.05, ""Male"": 0.05}, ""rho_positive"": {""Female"": 0.8, ""Male"": 0.8}}",fnr,20,0.2813508064516129,0.0122577451286467,0.0027409151358521,0.2759786127853428,0.286723000117883,"{'Female': 0.25, 'Male': 0.25}","{'Female': 0.75, 'Male': 0.25}","{'Female': 0.05, 'Male': 0.05}","{'Female': 0.8, 'Male': 0.8}"
REALDATA,SEMISYNTHETIC REAL-DATA EXPERIMENT,adult,Male,gradient_boosting,group_threshold_calibrated,post,strong_first_group,80db5b8b411cb1ee,"{""alpha_negative"": {""Female"": 0.25, ""Male"": 0.25}, ""alpha_positive"": {""Female"": 0.75, ""Male"": 0.25}, ""contestation_scenario"": ""strong_first_group"", ""rho_negative"": {""Female"": 0.05, ""Male"": 0.05}, ""rho_positive"": {""Female"": 0.8, ""Male"": 0.8}}",fpr,20,0.0871645402551693,0.0057644991776476,0.0012889812017461,0.0846381370997468,0.0896909434105918,"{'Female': 0.25, 'Male': 0.25}","{'Female': 0.75, 'Male': 0.25}","{'Female': 0.05, 'Male': 0.05}","{'Female': 0.8, 'Male': 0.8}"
REALDATA,SEMISYNTHETIC REAL-DATA EXPERIMENT,adult,Male,gradient_boosting,group_threshold_calibrated,post,strong_first_group,80db5b8b411cb1ee,"{""alpha_negative"": {""Female"": 0.25, ""Male"": 0.25}, ""alpha_positive"": {""Female"": 0.75, ""Male"": 0.25}, ""contestation_scenario"": ""strong_first_group"", ""rho_negative"": {""Female"": 0.05, ""Male"": 0.05}, ""rho_positive"": {""Female"": 0.8, ""Male"": 0.8}}",n,20,6530.0,0.0,0.0,6530.0,6530.0,"{'Female': 0.25, 'Male': 0.25}","{'Female': 0.75, 'Male': 0.25}","{'Female': 0.05, 'Male': 0.05}","{'Female': 0.8, 'Male': 0.8}"
REALDATA,SEMISYNTHETIC REAL-DATA EXPERIMENT,adult,Male,gradient_boosting,group_threshold_calibrated,post,strong_first_group,80db5b8b411cb1ee,"{""alpha_negative"": {""Female"": 0.25, ""Male"": 0.25}, ""alpha_positive"": {""Female"": 0.75, ""Male"": 0.25}, ""contestation_scenario"": ""strong_first_group"", ""rho_negative"": {""Female"": 0.05, ""Male"": 0.05}, ""rho_positive"": {""Female"": 0.8, ""Male"": 0.8}}",positive_rate,20,0.2790275650842266,0.0065101482168674,0.0014557133956514,0.2761743668287497,0.2818807633397034,"{'Female': 0.25, 'Male': 0.25}","{'Female': 0.75, 'Male': 0.25}","{'Female': 0.05, 'Male': 0.05}","{'Female': 0.8, 'Male': 0.8}"
REALDATA,SEMISYNTHETIC REAL-DATA EXPERIMENT,adult,Male,gradient_boosting,group_threshold_calibrated,post,strong_first_group,80db5b8b411cb1ee,"{""alpha_negative"": {""Female"": 0.25, ""Male"": 0.25}, ""alpha_positive"": {""Female"": 0.75, ""Male"": 0.25}, ""contestation_scenario"": ""strong_first_group"", ""rho_negative"": {""Female"": 0.05, ""Male"": 0.05}, ""rho_positive"": {""Female"": 0.8, ""Male"": 0.8}}",prevalence,20,0.3038284839203675,0.0,0.0,0.3038284839203675,0.3038284839203675,"{'Female': 0.25, 'Male': 0.25}","{'Female': 0.75, 'Male': 0.25}","{'Female': 0.05, 'Male': 0.05}","{'Female': 0.8, 'Male': 0.8}"
REALDATA,SEMISYNTHETIC REAL-DATA EXPERIMENT,adult,Male,gradient_boosting,group_threshold_calibrated,post,strong_first_group,80db5b8b411cb1ee,"{""alpha_negative"": {""Female"": 0.25, ""Male"": 0.25}, ""alpha_positive"": {""Female"": 0.75, ""Male"": 0.25}, ""contestation_scenario"": ""strong_first_group"", ""rho_negative"": {""Female"": 0.05, ""Male"": 0.05}, ""rho_positive"": {""Female"": 0.8, ""Male"": 0.8}}",tnr,20,0.9128354597448306,0.0057644991776476,0.0012889812017461,0.910309056589408,0.9153618629002532,"{'Female': 0.25, 'Male': 0.25}","{'Female': 0.75, 'Male': 0.25}","{'Female': 0.05, 'Male': 0.05}","{'Female': 0.8, 'Male': 0.8}"
REALDATA,SEMISYNTHETIC REAL-DATA EXPERIMENT,adult,Male,gradient_boosting,group_threshold_calibrated,post,strong_first_group,80db5b8b411cb1ee,"{""alpha_negative"": {""Female"": 0.25, ""Male"": 0.25}, ""alpha_positive"": {""Female"": 0.75, ""Male"": 0.25}, ""contestation_scenario"": ""strong_first_group"", ""rho_negative"": {""Female"": 0.05, ""Male"": 0.05}, ""rho_positive"": {""Female"": 0.8, ""Male"": 0.8}}",tpr,20,0.7186491935483871,0.0122577451286467,0.0027409151358521,0.7132769998821169,0.7240213872146573,"{'Female': 0.25, 'Male': 0.25}","{'Female': 0.75, 'Male': 0.25}","{'Female': 0.05, 'Male': 0.05}","{'Female': 0.8, 'Male': 0.8}"
REALDATA,SEMISYNTHETIC REAL-DATA EXPERIMENT,adult,Male,gradient_boosting,group_threshold_calibrated,post,strong_second_group,1a6f52e99e976851,"{""alpha_negative"": {""Female"": 0.25, ""Male"": 0.25}, ""alpha_positive"": {""Female"": 0.25, ""Male"": 0.75}, ""contestation_scenario"": ""strong_second_group"", ""rho_negative"": {""Female"": 0.05, ""Male"": 0.05}, ""rho_positive"": {""Female"": 0.8, ""Male"": 0.8}}",accuracy,20,0.8965237366003063,0.0034551957142684,0.000772605249267,0.8950094303117428,0.8980380428888697,"{'Female': 0.25, 'Male': 0.25}","{'Female': 0.25, 'Male': 0.75}","{'Female': 0.05, 'Male': 0.05}","{'Female': 0.8, 'Male': 0.8}"
REALDATA,SEMISYNTHETIC REAL-DATA EXPERIMENT,adult,Male,gradient_boosting,group_threshold_calibrated,post,strong_second_group,1a6f52e99e976851,"{""alpha_negative"": {""Female"": 0.25, ""Male"": 0.25}, ""alpha_positive"": {""Female"": 0.25, ""Male"": 0.75}, ""contestation_scenario"": ""strong_second_group"", ""rho_negative"": {""Female"": 0.05, ""Male"": 0.05}, ""rho_positive"": {""Female"": 0.8, ""Male"": 0.8}}",fnr,20,0.1418850806451612,0.0050389960053937,0.001126753760641,0.1396766432743048,0.1440935180160176,"{'Female': 0.25, 'Male': 0.25}","{'Female': 0.25, 'Male': 0.75}","{'Female': 0.05, 'Male': 0.05}","{'Female': 0.8, 'Male': 0.8}"
REALDATA,SEMISYNTHETIC REAL-DATA EXPERIMENT,adult,Male,gradient_boosting,group_threshold_calibrated,post,strong_second_group,1a6f52e99e976851,"{""alpha_negative"": {""Female"": 0.25, ""Male"": 0.25}, ""alpha_positive"": {""Female"": 0.25, ""Male"": 0.75}, ""contestation_scenario"": ""strong_second_group"", ""rho_negative"": {""Female"": 0.05, ""Male"": 0.05}, ""rho_positive"": {""Female"": 0.8, ""Male"": 0.8}}",fpr,20,0.0867135943686757,0.0057169086069178,0.0012783396266222,0.0842080487004961,0.0892191400368552,"{'Female': 0.25, 'Male': 0.25}","{'Female': 0.25, 'Male': 0.75}","{'Female': 0.05, 'Male': 0.05}","{'Female': 0.8, 'Male': 0.8}"
REALDATA,SEMISYNTHETIC REAL-DATA EXPERIMENT,adult,Male,gradient_boosting,group_threshold_calibrated,post,strong_second_group,1a6f52e99e976851,"{""alpha_negative"": {""Female"": 0.25, ""Male"": 0.25}, ""alpha_positive"": {""Female"": 0.25, ""Male"": 0.75}, ""contestation_scenario"": ""strong_second_group"", ""rho_negative"": {""Female"": 0.05, ""Male"": 0.05}, ""rho_positive"": {""Female"": 0.8, ""Male"": 0.8}}",n,20,6530.0,0.0,0.0,6530.0,6530.0,"{'Female': 0.25, 'Male': 0.25}","{'Female': 0.25, 'Male': 0.75}","{'Female': 0.05, 'Male': 0.05}","{'Female': 0.8, 'Male': 0.8}"
REALDATA,SEMISYNTHETIC REAL-DATA EXPERIMENT,adult,Male,gradient_boosting,group_threshold_calibrated,post,strong_second_group,1a6f52e99e976851,"{""alpha_negative"": {""Female"": 0.25, ""Male"": 0.25}, ""alpha_positive"": {""Female"": 0.25, ""Male"": 0.75}, ""contestation_scenario"": ""strong_second_group"", ""rho_negative"": {""Female"": 0.05, ""Male"": 0.05}, ""rho_positive"": {""Female"": 0.8, ""Male"": 0.8}}",positive_rate,20,0.3210872894333844,0.004942618082198,0.0011052030018614,0.3189210915497359,0.3232534873170328,"{'Female': 0.25, 'Male': 0.25}","{'Female': 0.25, 'Male': 0.75}","{'Female': 0.05, 'Male': 0.05}","{'Female': 0.8, 'Male': 0.8}"
REALDATA,SEMISYNTHETIC REAL-DATA EXPERIMENT,adult,Male,gradient_boosting,group_threshold_calibrated,post,strong_second_group,1a6f52e99e976851,"{""alpha_negative"": {""Female"": 0.25, ""Male"": 0.25}, ""alpha_positive"": {""Female"": 0.25, ""Male"": 0.75}, ""contestation_scenario"": ""strong_second_group"", ""rho_negative"": {""Female"": 0.05, ""Male"": 0.05}, ""rho_positive"": {""Female"": 0.8, ""Male"": 0.8}}",prevalence,20,0.3038284839203675,0.0,0.0,0.3038284839203675,0.3038284839203675,"{'Female': 0.25, 'Male': 0.25}","{'Female': 0.25, 'Male': 0.75}","{'Female': 0.05, 'Male': 0.05}","{'Female': 0.8, 'Male': 0.8}"
REALDATA,SEMISYNTHETIC REAL-DATA EXPERIMENT,adult,Male,gradient_boosting,group_threshold_calibrated,post,strong_second_group,1a6f52e99e976851,"{""alpha_negative"": {""Female"": 0.25, ""Male"": 0.25}, ""alpha_positive"": {""Female"": 0.25, ""Male"": 0.75}, ""contestation_scenario"": ""strong_second_group"", ""rho_negative"": {""Female"": 0.05, ""Male"": 0.05}, ""rho_positive"": {""Female"": 0.8, ""Male"": 0.8}}",tnr,20,0.913286405631324,0.0057169086069179,0.0012783396266222,0.9107808599631446,0.9157919512995036,"{'Female': 0.25, 'Male': 0.25}","{'Female': 0.25, 'Male': 0.75}","{'Female': 0.05, 'Male': 0.05}","{'Female': 0.8, 'Male': 0.8}"
REALDATA,SEMISYNTHETIC REAL-DATA EXPERIMENT,adult,Male,gradient_boosting,group_threshold_calibrated,post,strong_second_group,1a6f52e99e976851,"{""alpha_negative"": {""Female"": 0.25, ""Male"": 0.25}, ""alpha_positive"": {""Female"": 0.25, ""Male"": 0.75}, ""contestation_scenario"": ""strong_second_group"", ""rho_negative"": {""Female"": 0.05, ""Male"": 0.05}, ""rho_positive"": {""Female"": 0.8, ""Male"": 0.8}}",tpr,20,0.8581149193548387,0.0050389960053936,0.001126753760641,0.8559064819839823,0.8603233567256952,"{'Female': 0.25, 'Male': 0.25}","{'Female': 0.25, 'Male': 0.75}","{'Female': 0.05, 'Male': 0.05}","{'Female': 0.8, 'Male': 0.8}"
REALDATA,SEMISYNTHETIC REAL-DATA EXPERIMENT,adult,Male,gradient_boosting,group_threshold_calibrated,pre,equal_access,8b1b8b56ce23dea1,"{""alpha_negative"": {""Female"": 0.25, ""Male"": 0.25}, ""alpha_positive"": {""Female"": 0.5, ""Male"": 0.5}, ""contestation_scenario"": ""equal_access"", ""rho_negative"": {""Female"": 0.05, ""Male"": 0.05}, ""rho_positive"": {""Female"": 0.8, ""Male"": 0.8}}",accuracy,20,0.8408422664624808,0.0037508366835833,0.0008387125796992,0.8391983898062704,0.8424861431186913,"{'Female': 0.25, 'Male': 0.25}","{'Female': 0.5, 'Male': 0.5}","{'Female': 0.05, 'Male': 0.05}","{'Female': 0.8, 'Male': 0.8}"
REALDATA,SEMISYNTHETIC REAL-DATA EXPERIMENT,adult,Male,gradient_boosting,group_threshold_calibrated,pre,equal_access,8b1b8b56ce23dea1,"{""alpha_negative"": {""Female"": 0.25, ""Male"": 0.25}, ""alpha_positive"": {""Female"": 0.5, ""Male"": 0.5}, ""contestation_scenario"": ""equal_access"", ""rho_negative"": {""Female"": 0.05, ""Male"": 0.05}, ""rho_positive"": {""Female"": 0.8, ""Male"": 0.8}}",fnr,20,0.3501260080645161,0.0132229428550179,0.0029567399086415,0.3443307978435787,0.3559212182854535,"{'Female': 0.25, 'Male': 0.25}","{'Female': 0.5, 'Male': 0.5}","{'Female': 0.05, 'Male': 0.05}","{'Female': 0.8, 'Male': 0.8}"
REALDATA,SEMISYNTHETIC REAL-DATA EXPERIMENT,adult,Male,gradient_boosting,group_threshold_calibrated,pre,equal_access,8b1b8b56ce23dea1,"{""alpha_negative"": {""Female"": 0.25, ""Male"": 0.25}, ""alpha_positive"": {""Female"": 0.5, ""Male"": 0.5}, ""contestation_scenario"": ""equal_access"", ""rho_negative"": {""Female"": 0.05, ""Male"": 0.05}, ""rho_positive"": {""Female"": 0.8, ""Male"": 0.8}}",fpr,20,0.0758139023317201,0.0055678118592801,0.0012450005803279,0.0733737011942772,0.078254103469163,"{'Female': 0.25, 'Male': 0.25}","{'Female': 0.5, 'Male': 0.5}","{'Female': 0.05, 'Male': 0.05}","{'Female': 0.8, 'Male': 0.8}"
REALDATA,SEMISYNTHETIC REAL-DATA EXPERIMENT,adult,Male,gradient_boosting,group_threshold_calibrated,pre,equal_access,8b1b8b56ce23dea1,"{""alpha_negative"": {""Female"": 0.25, ""Male"": 0.25}, ""alpha_positive"": {""Female"": 0.5, ""Male"": 0.5}, ""contestation_scenario"": ""equal_access"", ""rho_negative"": {""Female"": 0.05, ""Male"": 0.05}, ""rho_positive"": {""Female"": 0.8, ""Male"": 0.8}}",n,20,6530.0,0.0,0.0,6530.0,6530.0,"{'Female': 0.25, 'Male': 0.25}","{'Female': 0.5, 'Male': 0.5}","{'Female': 0.05, 'Male': 0.05}","{'Female': 0.8, 'Male': 0.8}"
REALDATA,SEMISYNTHETIC REAL-DATA EXPERIMENT,adult,Male,gradient_boosting,group_threshold_calibrated,pre,equal_access,8b1b8b56ce23dea1,"{""alpha_negative"": {""Female"": 0.25, ""Male"": 0.25}, ""alpha_positive"": {""Female"": 0.5, ""Male"": 0.5}, ""contestation_scenario"": ""equal_access"", ""rho_negative"": {""Female"": 0.05, ""Male"": 0.05}, ""rho_positive"": {""Female"": 0.8, ""Male"": 0.8}}",positive_rate,20,0.250229709035222,0.0069470175648477,0.0015534003515884,0.2471850443461086,0.2532743737243354,"{'Female': 0.25, 'Male': 0.25}","{'Female': 0.5, 'Male': 0.5}","{'Female': 0.05, 'Male': 0.05}","{'Female': 0.8, 'Male': 0.8}"
REALDATA,SEMISYNTHETIC REAL-DATA EXPERIMENT,adult,Male,gradient_boosting,group_threshold_calibrated,pre,equal_access,8b1b8b56ce23dea1,"{""alpha_negative"": {""Female"": 0.25, ""Male"": 0.25}, ""alpha_positive"": {""Female"": 0.5, ""Male"": 0.5}, ""contestation_scenario"": ""equal_access"", ""rho_negative"": {""Female"": 0.05, ""Male"": 0.05}, ""rho_positive"": {""Female"": 0.8, ""Male"": 0.8}}",prevalence,20,0.3038284839203675,0.0,0.0,0.3038284839203675,0.3038284839203675,"{'Female': 0.25, 'Male': 0.25}","{'Female': 0.5, 'Male': 0.5}","{'Female': 0.05, 'Male': 0.05}","{'Female': 0.8, 'Male': 0.8}"
REALDATA,SEMISYNTHETIC REAL-DATA EXPERIMENT,adult,Male,gradient_boosting,group_threshold_calibrated,pre,equal_access,8b1b8b56ce23dea1,"{""alpha_negative"": {""Female"": 0.25, ""Male"": 0.25}, ""alpha_positive"": {""Female"": 0.5, ""Male"": 0.5}, ""contestation_scenario"": ""equal_access"", ""rho_negative"": {""Female"": 0.05, ""Male"": 0.05}, ""rho_positive"": {""Female"": 0.8, ""Male"": 0.8}}",tnr,20,0.9241860976682796,0.00556781185928,0.0012450005803279,0.9217458965308368,0.9266262988057226,"{'Female': 0.25, 'Male': 0.25}","{'Female': 0.5, 'Male': 0.5}","{'Female': 0.05, 'Male': 0.05}","{'Female': 0.8, 'Male': 0.8}"
REALDATA,SEMISYNTHETIC REAL-DATA EXPERIMENT,adult,Male,gradient_boosting,group_threshold_calibrated,pre,equal_access,8b1b8b56ce23dea1,"{""alpha_negative"": {""Female"": 0.25, ""Male"": 0.25}, ""alpha_positive"": {""Female"": 0.5, ""Male"": 0.5}, ""contestation_scenario"": ""equal_access"", ""rho_negative"": {""Female"": 0.05, ""Male"": 0.05}, ""rho_positive"": {""Female"": 0.8, ""Male"": 0.8}}",tpr,20,0.6498739919354839,0.0132229428550179,0.0029567399086415,0.6440787817145465,0.6556692021564213,"{'Female': 0.25, 'Male': 0.25}","{'Female': 0.5, 'Male': 0.5}","{'Female': 0.05, 'Male': 0.05}","{'Female': 0.8, 'Male': 0.8}"
REALDATA,SEMISYNTHETIC REAL-DATA EXPERIMENT,adult,Male,gradient_boosting,group_threshold_calibrated,pre,moderate_first_group,58a445a909825bd5,"{""alpha_negative"": {""Female"": 0.25, ""Male"": 0.25}, ""alpha_positive"": {""Female"": 0.65, ""Male"": 0.35}, ""contestation_scenario"": ""moderate_first_group"", ""rho_negative"": {""Female"": 0.05, ""Male"": 0.05}, ""rho_positive"": {""Female"": 0.8, ""Male"": 0.8}}",accuracy,20,0.8408422664624808,0.0037508366835833,0.0008387125796992,0.8391983898062704,0.8424861431186913,"{'Female': 0.25, 'Male': 0.25}","{'Female': 0.65, 'Male': 0.35}","{'Female': 0.05, 'Male': 0.05}","{'Female': 0.8, 'Male': 0.8}"
REALDATA,SEMISYNTHETIC REAL-DATA EXPERIMENT,adult,Male,gradient_boosting,group_threshold_calibrated,pre,moderate_first_group,58a445a909825bd5,"{""alpha_negative"": {""Female"": 0.25, ""Male"": 0.25}, ""alpha_positive"": {""Female"": 0.65, ""Male"": 0.35}, ""contestation_scenario"": ""moderate_first_group"", ""rho_negative"": {""Female"": 0.05, ""Male"": 0.05}, ""rho_positive"": {""Female"": 0.8, ""Male"": 0.8}}",fnr,20,0.3501260080645161,0.0132229428550179,0.0029567399086415,0.3443307978435787,0.3559212182854535,"{'Female': 0.25, 'Male': 0.25}","{'Female': 0.65, 'Male': 0.35}","{'Female': 0.05, 'Male': 0.05}","{'Female': 0.8, 'Male': 0.8}"
REALDATA,SEMISYNTHETIC REAL-DATA EXPERIMENT,adult,Male,gradient_boosting,group_threshold_calibrated,pre,moderate_first_group,58a445a909825bd5,"{""alpha_negative"": {""Female"": 0.25, ""Male"": 0.25}, ""alpha_positive"": {""Female"": 0.65, ""Male"": 0.35}, ""contestation_scenario"": ""moderate_first_group"", ""rho_negative"": {""Female"": 0.05, ""Male"": 0.05}, ""rho_positive"": {""Female"": 0.8, ""Male"": 0.8}}",fpr,20,0.0758139023317201,0.0055678118592801,0.0012450005803279,0.0733737011942772,0.078254103469163,"{'Female': 0.25, 'Male': 0.25}","{'Female': 0.65, 'Male': 0.35}","{'Female': 0.05, 'Male': 0.05}","{'Female': 0.8, 'Male': 0.8}"
REALDATA,SEMISYNTHETIC REAL-DATA EXPERIMENT,adult,Male,gradient_boosting,group_threshold_calibrated,pre,moderate_first_group,58a445a909825bd5,"{""alpha_negative"": {""Female"": 0.25, ""Male"": 0.25}, ""alpha_positive"": {""Female"": 0.65, ""Male"": 0.35}, ""contestation_scenario"": ""moderate_first_group"", ""rho_negative"": {""Female"": 0.05, ""Male"": 0.05}, ""rho_positive"": {""Female"": 0.8, ""Male"": 0.8}}",n,20,6530.0,0.0,0.0,6530.0,6530.0,"{'Female': 0.25, 'Male': 0.25}","{'Female': 0.65, 'Male': 0.35}","{'Female': 0.05, 'Male': 0.05}","{'Female': 0.8, 'Male': 0.8}"
REALDATA,SEMISYNTHETIC REAL-DATA EXPERIMENT,adult,Male,gradient_boosting,group_threshold_calibrated,pre,moderate_first_group,58a445a909825bd5,"{""alpha_negative"": {""Female"": 0.25, ""Male"": 0.25}, ""alpha_positive"": {""Female"": 0.65, ""Male"": 0.35}, ""contestation_scenario"": ""moderate_first_group"", ""rho_negative"": {""Female"": 0.05, ""Male"": 0.05}, ""rho_positive"": {""Female"": 0.8, ""Male"": 0.8}}",positive_rate,20,0.250229709035222,0.0069470175648477,0.0015534003515884,0.2471850443461086,0.2532743737243354,"{'Female': 0.25, 'Male': 0.25}","{'Female': 0.65, 'Male': 0.35}","{'Female': 0.05, 'Male': 0.05}","{'Female': 0.8, 'Male': 0.8}"
REALDATA,SEMISYNTHETIC REAL-DATA EXPERIMENT,adult,Male,gradient_boosting,group_threshold_calibrated,pre,moderate_first_group,58a445a909825bd5,"{""alpha_negative"": {""Female"": 0.25, ""Male"": 0.25}, ""alpha_positive"": {""Female"": 0.65, ""Male"": 0.35}, ""contestation_scenario"": ""moderate_first_group"", ""rho_negative"": {""Female"": 0.05, ""Male"": 0.05}, ""rho_positive"": {""Female"": 0.8, ""Male"": 0.8}}",prevalence,20,0.3038284839203675,0.0,0.0,0.3038284839203675,0.3038284839203675,"{'Female': 0.25, 'Male': 0.25}","{'Female': 0.65, 'Male': 0.35}","{'Female': 0.05, 'Male': 0.05}","{'Female': 0.8, 'Male': 0.8}"
REALDATA,SEMISYNTHETIC REAL-DATA EXPERIMENT,adult,Male,gradient_boosting,group_threshold_calibrated,pre,moderate_first_group,58a445a909825bd5,"{""alpha_negative"": {""Female"": 0.25, ""Male"": 0.25}, ""alpha_positive"": {""Female"": 0.65, ""Male"": 0.35}, ""contestation_scenario"": ""moderate_first_group"", ""rho_negative"": {""Female"": 0.05, ""Male"": 0.05}, ""rho_positive"": {""Female"": 0.8, ""Male"": 0.8}}",tnr,20,0.9241860976682796,0.00556781185928,0.0012450005803279,0.9217458965308368,0.9266262988057226,"{'Female': 0.25, 'Male': 0.25}","{'Female': 0.65, 'Male': 0.35}","{'Female': 0.05, 'Male': 0.05}","{'Female': 0.8, 'Male': 0.8}"
REALDATA,SEMISYNTHETIC REAL-DATA EXPERIMENT,adult,Male,gradient_boosting,group_threshold_calibrated,pre,moderate_first_group,58a445a909825bd5,"{""alpha_negative"": {""Female"": 0.25, ""Male"": 0.25}, ""alpha_positive"": {""Female"": 0.65, ""Male"": 0.35}, ""contestation_scenario"": ""moderate_first_group"", ""rho_negative"": {""Female"": 0.05, ""Male"": 0.05}, ""rho_positive"": {""Female"": 0.8, ""Male"": 0.8}}",tpr,20,0.6498739919354839,0.0132229428550179,0.0029567399086415,0.6440787817145465,0.6556692021564213,"{'Female': 0.25, 'Male': 0.25}","{'Female': 0.65, 'Male': 0.35}","{'Female': 0.05, 'Male': 0.05}","{'Female': 0.8, 'Male': 0.8}"
REALDATA,SEMISYNTHETIC REAL-DATA EXPERIMENT,adult,Male,gradient_boosting,group_threshold_calibrated,pre,moderate_second_group,f2d18f38dbf44f65,"{""alpha_negative"": {""Female"": 0.25, ""Male"": 0.25}, ""alpha_positive"": {""Female"": 0.35, ""Male"": 0.65}, ""contestation_scenario"": ""moderate_second_group"", ""rho_negative"": {""Female"": 0.05, ""Male"": 0.05}, ""rho_positive"": {""Female"": 0.8, ""Male"": 0.8}}",accuracy,20,0.8408422664624808,0.0037508366835833,0.0008387125796992,0.8391983898062704,0.8424861431186913,"{'Female': 0.25, 'Male': 0.25}","{'Female': 0.35, 'Male': 0.65}","{'Female': 0.05, 'Male': 0.05}","{'Female': 0.8, 'Male': 0.8}"
REALDATA,SEMISYNTHETIC REAL-DATA EXPERIMENT,adult,Male,gradient_boosting,group_threshold_calibrated,pre,moderate_second_group,f2d18f38dbf44f65,"{""alpha_negative"": {""Female"": 0.25, ""Male"": 0.25}, ""alpha_positive"": {""Female"": 0.35, ""Male"": 0.65}, ""contestation_scenario"": ""moderate_second_group"", ""rho_negative"": {""Female"": 0.05, ""Male"": 0.05}, ""rho_positive"": {""Female"": 0.8, ""Male"": 0.8}}",fnr,20,0.3501260080645161,0.0132229428550179,0.0029567399086415,0.3443307978435787,0.3559212182854535,"{'Female': 0.25, 'Male': 0.25}","{'Female': 0.35, 'Male': 0.65}","{'Female': 0.05, 'Male': 0.05}","{'Female': 0.8, 'Male': 0.8}"
REALDATA,SEMISYNTHETIC REAL-DATA EXPERIMENT,adult,Male,gradient_boosting,group_threshold_calibrated,pre,moderate_second_group,f2d18f38dbf44f65,"{""alpha_negative"": {""Female"": 0.25, ""Male"": 0.25}, ""alpha_positive"": {""Female"": 0.35, ""Male"": 0.65}, ""contestation_scenario"": ""moderate_second_group"", ""rho_negative"": {""Female"": 0.05, ""Male"": 0.05}, ""rho_positive"": {""Female"": 0.8, ""Male"": 0.8}}",fpr,20,0.0758139023317201,0.0055678118592801,0.0012450005803279,0.0733737011942772,0.078254103469163,"{'Female': 0.25, 'Male': 0.25}","{'Female': 0.35, 'Male': 0.65}","{'Female': 0.05, 'Male': 0.05}","{'Female': 0.8, 'Male': 0.8}"
REALDATA,SEMISYNTHETIC REAL-DATA EXPERIMENT,adult,Male,gradient_boosting,group_threshold_calibrated,pre,moderate_second_group,f2d18f38dbf44f65,"{""alpha_negative"": {""Female"": 0.25, ""Male"": 0.25}, ""alpha_positive"": {""Female"": 0.35, ""Male"": 0.65}, ""contestation_scenario"": ""moderate_second_group"", ""rho_negative"": {""Female"": 0.05, ""Male"": 0.05}, ""rho_positive"": {""Female"": 0.8, ""Male"": 0.8}}",n,20,6530.0,0.0,0.0,6530.0,6530.0,"{'Female': 0.25, 'Male': 0.25}","{'Female': 0.35, 'Male': 0.65}","{'Female': 0.05, 'Male': 0.05}","{'Female': 0.8, 'Male': 0.8}"
REALDATA,SEMISYNTHETIC REAL-DATA EXPERIMENT,adult,Male,gradient_boosting,group_threshold_calibrated,pre,moderate_second_group,f2d18f38dbf44f65,"{""alpha_negative"": {""Female"": 0.25, ""Male"": 0.25}, ""alpha_positive"": {""Female"": 0.35, ""Male"": 0.65}, ""contestation_scenario"": ""moderate_second_group"", ""rho_negative"": {""Female"": 0.05, ""Male"": 0.05}, ""rho_positive"": {""Female"": 0.8, ""Male"": 0.8}}",positive_rate,20,0.250229709035222,0.0069470175648477,0.0015534003515884,0.2471850443461086,0.2532743737243354,"{'Female': 0.25, 'Male': 0.25}","{'Female': 0.35, 'Male': 0.65}","{'Female': 0.05, 'Male': 0.05}","{'Female': 0.8, 'Male': 0.8}"
REALDATA,SEMISYNTHETIC REAL-DATA EXPERIMENT,adult,Male,gradient_boosting,group_threshold_calibrated,pre,moderate_second_group,f2d18f38dbf44f65,"{""alpha_negative"": {""Female"": 0.25, ""Male"": 0.25}, ""alpha_positive"": {""Female"": 0.35, ""Male"": 0.65}, ""contestation_scenario"": ""moderate_second_group"", ""rho_negative"": {""Female"": 0.05, ""Male"": 0.05}, ""rho_positive"": {""Female"": 0.8, ""Male"": 0.8}}",prevalence,20,0.3038284839203675,0.0,0.0,0.3038284839203675,0.3038284839203675,"{'Female': 0.25, 'Male': 0.25}","{'Female': 0.35, 'Male': 0.65}","{'Female': 0.05, 'Male': 0.05}","{'Female': 0.8, 'Male': 0.8}"
REALDATA,SEMISYNTHETIC REAL-DATA EXPERIMENT,adult,Male,gradient_boosting,group_threshold_calibrated,pre,moderate_second_group,f2d18f38dbf44f65,"{""alpha_negative"": {""Female"": 0.25, ""Male"": 0.25}, ""alpha_positive"": {""Female"": 0.35, ""Male"": 0.65}, ""contestation_scenario"": ""moderate_second_group"", ""rho_negative"": {""Female"": 0.05, ""Male"": 0.05}, ""rho_positive"": {""Female"": 0.8, ""Male"": 0.8}}",tnr,20,0.9241860976682796,0.00556781185928,0.0012450005803279,0.9217458965308368,0.9266262988057226,"{'Female': 0.25, 'Male': 0.25}","{'Female': 0.35, 'Male': 0.65}","{'Female': 0.05, 'Male': 0.05}","{'Female': 0.8, 'Male': 0.8}"
REALDATA,SEMISYNTHETIC REAL-DATA EXPERIMENT,adult,Male,gradient_boosting,group_threshold_calibrated,pre,moderate_second_group,f2d18f38dbf44f65,"{""alpha_negative"": {""Female"": 0.25, ""Male"": 0.25}, ""alpha_positive"": {""Female"": 0.35, ""Male"": 0.65}, ""contestation_scenario"": ""moderate_second_group"", ""rho_negative"": {""Female"": 0.05, ""Male"": 0.05}, ""rho_positive"": {""Female"": 0.8, ""Male"": 0.8}}",tpr,20,0.6498739919354839,0.0132229428550179,0.0029567399086415,0.6440787817145465,0.6556692021564213,"{'Female': 0.25, 'Male': 0.25}","{'Female': 0.35, 'Male': 0.65}","{'Female': 0.05, 'Male': 0.05}","{'Female': 0.8, 'Male': 0.8}"
REALDATA,SEMISYNTHETIC REAL-DATA EXPERIMENT,adult,Male,gradient_boosting,group_threshold_calibrated,pre,strong_first_group,80db5b8b411cb1ee,"{""alpha_negative"": {""Female"": 0.25, ""Male"": 0.25}, ""alpha_positive"": {""Female"": 0.75, ""Male"": 0.25}, ""contestation_scenario"": ""strong_first_group"", ""rho_negative"": {""Female"": 0.05, ""Male"": 0.05}, ""rho_positive"": {""Female"": 0.8, ""Male"": 0.8}}",accuracy,20,0.8408422664624808,0.0037508366835833,0.0008387125796992,0.8391983898062704,0.8424861431186913,"{'Female': 0.25, 'Male': 0.25}","{'Female': 0.75, 'Male': 0.25}","{'Female': 0.05, 'Male': 0.05}","{'Female': 0.8, 'Male': 0.8}"
REALDATA,SEMISYNTHETIC REAL-DATA EXPERIMENT,adult,Male,gradient_boosting,group_threshold_calibrated,pre,strong_first_group,80db5b8b411cb1ee,"{""alpha_negative"": {""Female"": 0.25, ""Male"": 0.25}, ""alpha_positive"": {""Female"": 0.75, ""Male"": 0.25}, ""contestation_scenario"": ""strong_first_group"", ""rho_negative"": {""Female"": 0.05, ""Male"": 0.05}, ""rho_positive"": {""Female"": 0.8, ""Male"": 0.8}}",fnr,20,0.3501260080645161,0.0132229428550179,0.0029567399086415,0.3443307978435787,0.3559212182854535,"{'Female': 0.25, 'Male': 0.25}","{'Female': 0.75, 'Male': 0.25}","{'Female': 0.05, 'Male': 0.05}","{'Female': 0.8, 'Male': 0.8}"
REALDATA,SEMISYNTHETIC REAL-DATA EXPERIMENT,adult,Male,gradient_boosting,group_threshold_calibrated,pre,strong_first_group,80db5b8b411cb1ee,"{""alpha_negative"": {""Female"": 0.25, ""Male"": 0.25}, ""alpha_positive"": {""Female"": 0.75, ""Male"": 0.25}, ""contestation_scenario"": ""strong_first_group"", ""rho_negative"": {""Female"": 0.05, ""Male"": 0.05}, ""rho_positive"": {""Female"": 0.8, ""Male"": 0.8}}",fpr,20,0.0758139023317201,0.0055678118592801,0.0012450005803279,0.0733737011942772,0.078254103469163,"{'Female': 0.25, 'Male': 0.25}","{'Female': 0.75, 'Male': 0.25}","{'Female': 0.05, 'Male': 0.05}","{'Female': 0.8, 'Male': 0.8}"
REALDATA,SEMISYNTHETIC REAL-DATA EXPERIMENT,adult,Male,gradient_boosting,group_threshold_calibrated,pre,strong_first_group,80db5b8b411cb1ee,"{""alpha_negative"": {""Female"": 0.25, ""Male"": 0.25}, ""alpha_positive"": {""Female"": 0.75, ""Male"": 0.25}, ""contestation_scenario"": ""strong_first_group"", ""rho_negative"": {""Female"": 0.05, ""Male"": 0.05}, ""rho_positive"": {""Female"": 0.8, ""Male"": 0.8}}",n,20,6530.0,0.0,0.0,6530.0,6530.0,"{'Female': 0.25, 'Male': 0.25}","{'Female': 0.75, 'Male': 0.25}","{'Female': 0.05, 'Male': 0.05}","{'Female': 0.8, 'Male': 0.8}"
REALDATA,SEMISYNTHETIC REAL-DATA EXPERIMENT,adult,Male,gradient_boosting,group_threshold_calibrated,pre,strong_first_group,80db5b8b411cb1ee,"{""alpha_negative"": {""Female"": 0.25, ""Male"": 0.25}, ""alpha_positive"": {""Female"": 0.75, ""Male"": 0.25}, ""contestation_scenario"": ""strong_first_group"", ""rho_negative"": {""Female"": 0.05, ""Male"": 0.05}, ""rho_positive"": {""Female"": 0.8, ""Male"": 0.8}}",positive_rate,20,0.250229709035222,0.0069470175648477,0.0015534003515884,0.2471850443461086,0.2532743737243354,"{'Female': 0.25, 'Male': 0.25}","{'Female': 0.75, 'Male': 0.25}","{'Female': 0.05, 'Male': 0.05}","{'Female': 0.8, 'Male': 0.8}"
REALDATA,SEMISYNTHETIC REAL-DATA EXPERIMENT,adult,Male,gradient_boosting,group_threshold_calibrated,pre,strong_first_group,80db5b8b411cb1ee,"{""alpha_negative"": {""Female"": 0.25, ""Male"": 0.25}, ""alpha_positive"": {""Female"": 0.75, ""Male"": 0.25}, ""contestation_scenario"": ""strong_first_group"", ""rho_negative"": {""Female"": 0.05, ""Male"": 0.05}, ""rho_positive"": {""Female"": 0.8, ""Male"": 0.8}}",prevalence,20,0.3038284839203675,0.0,0.0,0.3038284839203675,0.3038284839203675,"{'Female': 0.25, 'Male': 0.25}","{'Female': 0.75, 'Male': 0.25}","{'Female': 0.05, 'Male': 0.05}","{'Female': 0.8, 'Male': 0.8}"
REALDATA,SEMISYNTHETIC REAL-DATA EXPERIMENT,adult,Male,gradient_boosting,group_threshold_calibrated,pre,strong_first_group,80db5b8b411cb1ee,"{""alpha_negative"": {""Female"": 0.25, ""Male"": 0.25}, ""alpha_positive"": {""Female"": 0.75, ""Male"": 0.25}, ""contestation_scenario"": ""strong_first_group"", ""rho_negative"": {""Female"": 0.05, ""Male"": 0.05}, ""rho_positive"": {""Female"": 0.8, ""Male"": 0.8}}",tnr,20,0.9241860976682796,0.00556781185928,0.0012450005803279,0.9217458965308368,0.9266262988057226,"{'Female': 0.25, 'Male': 0.25}","{'Female': 0.75, 'Male': 0.25}","{'Female': 0.05, 'Male': 0.05}","{'Female': 0.8, 'Male': 0.8}"
REALDATA,SEMISYNTHETIC REAL-DATA EXPERIMENT,adult,Male,gradient_boosting,group_threshold_calibrated,pre,strong_first_group,80db5b8b411cb1ee,"{""alpha_negative"": {""Female"": 0.25, ""Male"": 0.25}, ""alpha_positive"": {""Female"": 0.75, ""Male"": 0.25}, ""contestation_scenario"": ""strong_first_group"", ""rho_negative"": {""Female"": 0.05, ""Male"": 0.05}, ""rho_positive"": {""Female"": 0.8, ""Male"": 0.8}}",tpr,20,0.6498739919354839,0.0132229428550179,0.0029567399086415,0.6440787817145465,0.6556692021564213,"{'Female': 0.25, 'Male': 0.25}","{'Female': 0.75, 'Male': 0.25}","{'Female': 0.05, 'Male': 0.05}","{'Female': 0.8, 'Male': 0.8}"
REALDATA,SEMISYNTHETIC REAL-DATA EXPERIMENT,adult,Male,gradient_boosting,group_threshold_calibrated,pre,strong_second_group,1a6f52e99e976851,"{""alpha_negative"": {""Female"": 0.25, ""Male"": 0.25}, ""alpha_positive"": {""Female"": 0.25, ""Male"": 0.75}, ""contestation_scenario"": ""strong_second_group"", ""rho_negative"": {""Female"": 0.05, ""Male"": 0.05}, ""rho_positive"": {""Female"": 0.8, ""Male"": 0.8}}",accuracy,20,0.8408422664624808,0.0037508366835833,0.0008387125796992,0.8391983898062704,0.8424861431186913,"{'Female': 0.25, 'Male': 0.25}","{'Female': 0.25, 'Male': 0.75}","{'Female': 0.05, 'Male': 0.05}","{'Female': 0.8, 'Male': 0.8}"
REALDATA,SEMISYNTHETIC REAL-DATA EXPERIMENT,adult,Male,gradient_boosting,group_threshold_calibrated,pre,strong_second_group,1a6f52e99e976851,"{""alpha_negative"": {""Female"": 0.25, ""Male"": 0.25}, ""alpha_positive"": {""Female"": 0.25, ""Male"": 0.75}, ""contestation_scenario"": ""strong_second_group"", ""rho_negative"": {""Female"": 0.05, ""Male"": 0.05}, ""rho_positive"": {""Female"": 0.8, ""Male"": 0.8}}",fnr,20,0.3501260080645161,0.0132229428550179,0.0029567399086415,0.3443307978435787,0.3559212182854535,"{'Female': 0.25, 'Male': 0.25}","{'Female': 0.25, 'Male': 0.75}","{'Female': 0.05, 'Male': 0.05}","{'Female': 0.8, 'Male': 0.8}"
REALDATA,SEMISYNTHETIC REAL-DATA EXPERIMENT,adult,Male,gradient_boosting,group_threshold_calibrated,pre,strong_second_group,1a6f52e99e976851,"{""alpha_negative"": {""Female"": 0.25, ""Male"": 0.25}, ""alpha_positive"": {""Female"": 0.25, ""Male"": 0.75}, ""contestation_scenario"": ""strong_second_group"", ""rho_negative"": {""Female"": 0.05, ""Male"": 0.05}, ""rho_positive"": {""Female"": 0.8, ""Male"": 0.8}}",fpr,20,0.0758139023317201,0.0055678118592801,0.0012450005803279,0.0733737011942772,0.078254103469163,"{'Female': 0.25, 'Male': 0.25}","{'Female': 0.25, 'Male': 0.75}","{'Female': 0.05, 'Male': 0.05}","{'Female': 0.8, 'Male': 0.8}"
REALDATA,SEMISYNTHETIC REAL-DATA EXPERIMENT,adult,Male,gradient_boosting,group_threshold_calibrated,pre,strong_second_group,1a6f52e99e976851,"{""alpha_negative"": {""Female"": 0.25, ""Male"": 0.25}, ""alpha_positive"": {""Female"": 0.25, ""Male"": 0.75}, ""contestation_scenario"": ""strong_second_group"", ""rho_negative"": {""Female"": 0.05, ""Male"": 0.05}, ""rho_positive"": {""Female"": 0.8, ""Male"": 0.8}}",n,20,6530.0,0.0,0.0,6530.0,6530.0,"{'Female': 0.25, 'Male': 0.25}","{'Female': 0.25, 'Male': 0.75}","{'Female': 0.05, 'Male': 0.05}","{'Female': 0.8, 'Male': 0.8}"
REALDATA,SEMISYNTHETIC REAL-DATA EXPERIMENT,adult,Male,gradient_boosting,group_threshold_calibrated,pre,strong_second_group,1a6f52e99e976851,"{""alpha_negative"": {""Female"": 0.25, ""Male"": 0.25}, ""alpha_positive"": {""Female"": 0.25, ""Male"": 0.75}, ""contestation_scenario"": ""strong_second_group"", ""rho_negative"": {""Female"": 0.05, ""Male"": 0.05}, ""rho_positive"": {""Female"": 0.8, ""Male"": 0.8}}",positive_rate,20,0.250229709035222,0.0069470175648477,0.0015534003515884,0.2471850443461086,0.2532743737243354,"{'Female': 0.25, 'Male': 0.25}","{'Female': 0.25, 'Male': 0.75}","{'Female': 0.05, 'Male': 0.05}","{'Female': 0.8, 'Male': 0.8}"
REALDATA,SEMISYNTHETIC REAL-DATA EXPERIMENT,adult,Male,gradient_boosting,group_threshold_calibrated,pre,strong_second_group,1a6f52e99e976851,"{""alpha_negative"": {""Female"": 0.25, ""Male"": 0.25}, ""alpha_positive"": {""Female"": 0.25, ""Male"": 0.75}, ""contestation_scenario"": ""strong_second_group"", ""rho_negative"": {""Female"": 0.05, ""Male"": 0.05}, ""rho_positive"": {""Female"": 0.8, ""Male"": 0.8}}",prevalence,20,0.3038284839203675,0.0,0.0,0.3038284839203675,0.3038284839203675,"{'Female': 0.25, 'Male': 0.25}","{'Female': 0.25, 'Male': 0.75}","{'Female': 0.05, 'Male': 0.05}","{'Female': 0.8, 'Male': 0.8}"
REALDATA,SEMISYNTHETIC REAL-DATA EXPERIMENT,adult,Male,gradient_boosting,group_threshold_calibrated,pre,strong_second_group,1a6f52e99e976851,"{""alpha_negative"": {""Female"": 0.25, ""Male"": 0.25}, ""alpha_positive"": {""Female"": 0.25, ""Male"": 0.75}, ""contestation_scenario"": ""strong_second_group"", ""rho_negative"": {""Female"": 0.05, ""Male"": 0.05}, ""rho_positive"": {""Female"": 0.8, ""Male"": 0.8}}",tnr,20,0.9241860976682796,0.00556781185928,0.0012450005803279,0.9217458965308368,0.9266262988057226,"{'Female': 0.25, 'Male': 0.25}","{'Female': 0.25, 'Male': 0.75}","{'Female': 0.05, 'Male': 0.05}","{'Female': 0.8, 'Male': 0.8}"
REALDATA,SEMISYNTHETIC REAL-DATA EXPERIMENT,adult,Male,gradient_boosting,group_threshold_calibrated,pre,strong_second_group,1a6f52e99e976851,"{""alpha_negative"": {""Female"": 0.25, ""Male"": 0.25}, ""alpha_positive"": {""Female"": 0.25, ""Male"": 0.75}, ""contestation_scenario"": ""strong_second_group"", ""rho_negative"": {""Female"": 0.05, ""Male"": 0.05}, ""rho_positive"": {""Female"": 0.8, ""Male"": 0.8}}",tpr,20,0.6498739919354839,0.0132229428550179,0.0029567399086415,0.6440787817145465,0.6556692021564213,"{'Female': 0.25, 'Male': 0.25}","{'Female': 0.25, 'Male': 0.75}","{'Female': 0.05, 'Male': 0.05}","{'Female': 0.8, 'Male': 0.8}"
REALDATA,SEMISYNTHETIC REAL-DATA EXPERIMENT,adult,Male,gradient_boosting,validation_selected_threshold,frozen_policy,equal_access,8b1b8b56ce23dea1,"{""alpha_negative"": {""Female"": 0.25, ""Male"": 0.25}, ""alpha_positive"": {""Female"": 0.5, ""Male"": 0.5}, ""contestation_scenario"": ""equal_access"", ""rho_negative"": {""Female"": 0.05, ""Male"": 0.05}, ""rho_positive"": {""Female"": 0.8, ""Male"": 0.8}}",decision_threshold,20,0.5145000000000001,0.0068633274115325,0.0015346866644024,0.5114920141377712,0.5175079858622289,"{'Female': 0.25, 'Male': 0.25}","{'Female': 0.5, 'Male': 0.5}","{'Female': 0.05, 'Male': 0.05}","{'Female': 0.8, 'Male': 0.8}"
REALDATA,SEMISYNTHETIC REAL-DATA EXPERIMENT,adult,Male,gradient_boosting,validation_selected_threshold,frozen_policy,moderate_first_group,58a445a909825bd5,"{""alpha_negative"": {""Female"": 0.25, ""Male"": 0.25}, ""alpha_positive"": {""Female"": 0.65, ""Male"": 0.35}, ""contestation_scenario"": ""moderate_first_group"", ""rho_negative"": {""Female"": 0.05, ""Male"": 0.05}, ""rho_positive"": {""Female"": 0.8, ""Male"": 0.8}}",decision_threshold,20,0.5145000000000001,0.0068633274115325,0.0015346866644024,0.5114920141377712,0.5175079858622289,"{'Female': 0.25, 'Male': 0.25}","{'Female': 0.65, 'Male': 0.35}","{'Female': 0.05, 'Male': 0.05}","{'Female': 0.8, 'Male': 0.8}"
REALDATA,SEMISYNTHETIC REAL-DATA EXPERIMENT,adult,Male,gradient_boosting,validation_selected_threshold,frozen_policy,moderate_second_group,f2d18f38dbf44f65,"{""alpha_negative"": {""Female"": 0.25, ""Male"": 0.25}, ""alpha_positive"": {""Female"": 0.35, ""Male"": 0.65}, ""contestation_scenario"": ""moderate_second_group"", ""rho_negative"": {""Female"": 0.05, ""Male"": 0.05}, ""rho_positive"": {""Female"": 0.8, ""Male"": 0.8}}",decision_threshold,20,0.5145000000000001,0.0068633274115325,0.0015346866644024,0.5114920141377712,0.5175079858622289,"{'Female': 0.25, 'Male': 0.25}","{'Female': 0.35, 'Male': 0.65}","{'Female': 0.05, 'Male': 0.05}","{'Female': 0.8, 'Male': 0.8}"
REALDATA,SEMISYNTHETIC REAL-DATA EXPERIMENT,adult,Male,gradient_boosting,validation_selected_threshold,frozen_policy,strong_first_group,80db5b8b411cb1ee,"{""alpha_negative"": {""Female"": 0.25, ""Male"": 0.25}, ""alpha_positive"": {""Female"": 0.75, ""Male"": 0.25}, ""contestation_scenario"": ""strong_first_group"", ""rho_negative"": {""Female"": 0.05, ""Male"": 0.05}, ""rho_positive"": {""Female"": 0.8, ""Male"": 0.8}}",decision_threshold,20,0.5145000000000001,0.0068633274115325,0.0015346866644024,0.5114920141377712,0.5175079858622289,"{'Female': 0.25, 'Male': 0.25}","{'Female': 0.75, 'Male': 0.25}","{'Female': 0.05, 'Male': 0.05}","{'Female': 0.8, 'Male': 0.8}"
REALDATA,SEMISYNTHETIC REAL-DATA EXPERIMENT,adult,Male,gradient_boosting,validation_selected_threshold,frozen_policy,strong_second_group,1a6f52e99e976851,"{""alpha_negative"": {""Female"": 0.25, ""Male"": 0.25}, ""alpha_positive"": {""Female"": 0.25, ""Male"": 0.75}, ""contestation_scenario"": ""strong_second_group"", ""rho_negative"": {""Female"": 0.05, ""Male"": 0.05}, ""rho_positive"": {""Female"": 0.8, ""Male"": 0.8}}",decision_threshold,20,0.5145000000000001,0.0068633274115325,0.0015346866644024,0.5114920141377712,0.5175079858622289,"{'Female': 0.25, 'Male': 0.25}","{'Female': 0.25, 'Male': 0.75}","{'Female': 0.05, 'Male': 0.05}","{'Female': 0.8, 'Male': 0.8}"
REALDATA,SEMISYNTHETIC REAL-DATA EXPERIMENT,adult,Male,logistic,group_threshold_calibrated,post,equal_access,8b1b8b56ce23dea1,"{""alpha_negative"": {""Female"": 0.25, ""Male"": 0.25}, ""alpha_positive"": {""Female"": 0.5, ""Male"": 0.5}, ""contestation_scenario"": ""equal_access"", ""rho_negative"": {""Female"": 0.05, ""Male"": 0.05}, ""rho_positive"": {""Female"": 0.8, ""Male"": 0.8}}",accuracy,20,0.8549464012251148,0.0048075438122248,0.0010749994768943,0.8528394022504019,0.8570534001998277,"{'Female': 0.25, 'Male': 0.25}","{'Female': 0.5, 'Male': 0.5}","{'Female': 0.05, 'Male': 0.05}","{'Female': 0.8, 'Male': 0.8}"
REALDATA,SEMISYNTHETIC REAL-DATA EXPERIMENT,adult,Male,logistic,group_threshold_calibrated,post,equal_access,8b1b8b56ce23dea1,"{""alpha_negative"": {""Female"": 0.25, ""Male"": 0.25}, ""alpha_positive"": {""Female"": 0.5, ""Male"": 0.5}, ""contestation_scenario"": ""equal_access"", ""rho_negative"": {""Female"": 0.05, ""Male"": 0.05}, ""rho_positive"": {""Female"": 0.8, ""Male"": 0.8}}",fnr,20,0.2452872983870967,0.0116832470926984,0.00261245346972,0.2401668895864454,0.2504077071877481,"{'Female': 0.25, 'Male': 0.25}","{'Female': 0.5, 'Male': 0.5}","{'Female': 0.05, 'Male': 0.05}","{'Female': 0.8, 'Male': 0.8}"
REALDATA,SEMISYNTHETIC REAL-DATA EXPERIMENT,adult,Male,logistic,group_threshold_calibrated,post,equal_access,8b1b8b56ce23dea1,"{""alpha_negative"": {""Female"": 0.25, ""Male"": 0.25}, ""alpha_positive"": {""Female"": 0.5, ""Male"": 0.5}, ""contestation_scenario"": ""equal_access"", ""rho_negative"": {""Female"": 0.05, ""Male"": 0.05}, ""rho_positive"": {""Female"": 0.8, ""Male"": 0.8}}",fpr,20,0.1013088429388473,0.0065186283772837,0.0014576096171665,0.0984519280892008,0.1041657577884937,"{'Female': 0.25, 'Male': 0.25}","{'Female': 0.5, 'Male': 0.5}","{'Female': 0.05, 'Male': 0.05}","{'Female': 0.8, 'Male': 0.8}"
REALDATA,SEMISYNTHETIC REAL-DATA EXPERIMENT,adult,Male,logistic,group_threshold_calibrated,post,equal_access,8b1b8b56ce23dea1,"{""alpha_negative"": {""Female"": 0.25, ""Male"": 0.25}, ""alpha_positive"": {""Female"": 0.5, ""Male"": 0.5}, ""contestation_scenario"": ""equal_access"", ""rho_negative"": {""Female"": 0.05, ""Male"": 0.05}, ""rho_positive"": {""Female"": 0.8, ""Male"": 0.8}}",n,20,6530.0,0.0,0.0,6530.0,6530.0,"{'Female': 0.25, 'Male': 0.25}","{'Female': 0.5, 'Male': 0.5}","{'Female': 0.05, 'Male': 0.05}","{'Female': 0.8, 'Male': 0.8}"
REALDATA,SEMISYNTHETIC REAL-DATA EXPERIMENT,adult,Male,logistic,group_threshold_calibrated,post,equal_access,8b1b8b56ce23dea1,"{""alpha_negative"": {""Female"": 0.25, ""Male"": 0.25}, ""alpha_positive"": {""Female"": 0.5, ""Male"": 0.5}, ""contestation_scenario"": ""equal_access"", ""rho_negative"": {""Female"": 0.05, ""Male"": 0.05}, ""rho_positive"": {""Female"": 0.8, ""Male"": 0.8}}",positive_rate,20,0.2998315467075038,0.0065785036850325,0.0014709981429965,0.2969483903472305,0.302714703067777,"{'Female': 0.25, 'Male': 0.25}","{'Female': 0.5, 'Male': 0.5}","{'Female': 0.05, 'Male': 0.05}","{'Female': 0.8, 'Male': 0.8}"
REALDATA,SEMISYNTHETIC REAL-DATA EXPERIMENT,adult,Male,logistic,group_threshold_calibrated,post,equal_access,8b1b8b56ce23dea1,"{""alpha_negative"": {""Female"": 0.25, ""Male"": 0.25}, ""alpha_positive"": {""Female"": 0.5, ""Male"": 0.5}, ""contestation_scenario"": ""equal_access"", ""rho_negative"": {""Female"": 0.05, ""Male"": 0.05}, ""rho_positive"": {""Female"": 0.8, ""Male"": 0.8}}",prevalence,20,0.3038284839203675,0.0,0.0,0.3038284839203675,0.3038284839203675,"{'Female': 0.25, 'Male': 0.25}","{'Female': 0.5, 'Male': 0.5}","{'Female': 0.05, 'Male': 0.05}","{'Female': 0.8, 'Male': 0.8}"
REALDATA,SEMISYNTHETIC REAL-DATA EXPERIMENT,adult,Male,logistic,group_threshold_calibrated,post,equal_access,8b1b8b56ce23dea1,"{""alpha_negative"": {""Female"": 0.25, ""Male"": 0.25}, ""alpha_positive"": {""Female"": 0.5, ""Male"": 0.5}, ""contestation_scenario"": ""equal_access"", ""rho_negative"": {""Female"": 0.05, ""Male"": 0.05}, ""rho_positive"": {""Female"": 0.8, ""Male"": 0.8}}",tnr,20,0.8986911570611527,0.0065186283772837,0.0014576096171665,0.8958342422115062,0.9015480719107992,"{'Female': 0.25, 'Male': 0.25}","{'Female': 0.5, 'Male': 0.5}","{'Female': 0.05, 'Male': 0.05}","{'Female': 0.8, 'Male': 0.8}"
REALDATA,SEMISYNTHETIC REAL-DATA EXPERIMENT,adult,Male,logistic,group_threshold_calibrated,post,equal_access,8b1b8b56ce23dea1,"{""alpha_negative"": {""Female"": 0.25, ""Male"": 0.25}, ""alpha_positive"": {""Female"": 0.5, ""Male"": 0.5}, ""contestation_scenario"": ""equal_access"", ""rho_negative"": {""Female"": 0.05, ""Male"": 0.05}, ""rho_positive"": {""Female"": 0.8, ""Male"": 0.8}}",tpr,20,0.7547127016129032,0.0116832470926983,0.00261245346972,0.7495922928122519,0.7598331104135544,"{'Female': 0.25, 'Male': 0.25}","{'Female': 0.5, 'Male': 0.5}","{'Female': 0.05, 'Male': 0.05}","{'Female': 0.8, 'Male': 0.8}"
REALDATA,SEMISYNTHETIC REAL-DATA EXPERIMENT,adult,Male,logistic,group_threshold_calibrated,post,moderate_first_group,58a445a909825bd5,"{""alpha_negative"": {""Female"": 0.25, ""Male"": 0.25}, ""alpha_positive"": {""Female"": 0.65, ""Male"": 0.35}, ""contestation_scenario"": ""moderate_first_group"", ""rho_negative"": {""Female"": 0.05, ""Male"": 0.05}, ""rho_positive"": {""Female"": 0.8, ""Male"": 0.8}}",accuracy,20,0.8403522205206737,0.005036472858366,0.0011261895678139,0.8381448889677584,0.842559552073589,"{'Female': 0.25, 'Male': 0.25}","{'Female': 0.65, 'Male': 0.35}","{'Female': 0.05, 'Male': 0.05}","{'Female': 0.8, 'Male': 0.8}"
REALDATA,SEMISYNTHETIC REAL-DATA EXPERIMENT,adult,Male,logistic,group_threshold_calibrated,post,moderate_first_group,58a445a909825bd5,"{""alpha_negative"": {""Female"": 0.25, ""Male"": 0.25}, ""alpha_positive"": {""Female"": 0.65, ""Male"": 0.35}, ""contestation_scenario"": ""moderate_first_group"", ""rho_negative"": {""Female"": 0.05, ""Male"": 0.05}, ""rho_positive"": {""Female"": 0.8, ""Male"": 0.8}}",fnr,20,0.2932711693548387,0.0123063809553535,0.0027517904373179,0.2878776600976955,0.2986646786119818,"{'Female': 0.25, 'Male': 0.25}","{'Female': 0.65, 'Male': 0.35}","{'Female': 0.05, 'Male': 0.05}","{'Female': 0.8, 'Male': 0.8}"
REALDATA,SEMISYNTHETIC REAL-DATA EXPERIMENT,adult,Male,logistic,group_threshold_calibrated,post,moderate_first_group,58a445a909825bd5,"{""alpha_negative"": {""Female"": 0.25, ""Male"": 0.25}, ""alpha_positive"": {""Female"": 0.65, ""Male"": 0.35}, ""contestation_scenario"": ""moderate_first_group"", ""rho_negative"": {""Female"": 0.05, ""Male"": 0.05}, ""rho_positive"": {""Female"": 0.8, ""Male"": 0.8}}",fpr,20,0.101330840299164,0.006975288492378,0.0015597219231629,0.0982737853297646,0.1043878952685633,"{'Female': 0.25, 'Male': 0.25}","{'Female': 0.65, 'Male': 0.35}","{'Female': 0.05, 'Male': 0.05}","{'Female': 0.8, 'Male': 0.8}"
REALDATA,SEMISYNTHETIC REAL-DATA EXPERIMENT,adult,Male,logistic,group_threshold_calibrated,post,moderate_first_group,58a445a909825bd5,"{""alpha_negative"": {""Female"": 0.25, ""Male"": 0.25}, ""alpha_positive"": {""Female"": 0.65, ""Male"": 0.35}, ""contestation_scenario"": ""moderate_first_group"", ""rho_negative"": {""Female"": 0.05, ""Male"": 0.05}, ""rho_positive"": {""Female"": 0.8, ""Male"": 0.8}}",n,20,6530.0,0.0,0.0,6530.0,6530.0,"{'Female': 0.25, 'Male': 0.25}","{'Female': 0.65, 'Male': 0.35}","{'Female': 0.05, 'Male': 0.05}","{'Female': 0.8, 'Male': 0.8}"
REALDATA,SEMISYNTHETIC REAL-DATA EXPERIMENT,adult,Male,logistic,group_threshold_calibrated,post,moderate_first_group,58a445a909825bd5,"{""alpha_negative"": {""Female"": 0.25, ""Male"": 0.25}, ""alpha_positive"": {""Female"": 0.65, ""Male"": 0.35}, ""contestation_scenario"": ""moderate_first_group"", ""rho_negative"": {""Female"": 0.05, ""Male"": 0.05}, ""rho_positive"": {""Female"": 0.8, ""Male"": 0.8}}",positive_rate,20,0.2852679938744257,0.0070537957740857,0.0015772766850256,0.2821765315717754,0.288359456177076,"{'Female': 0.25, 'Male': 0.25}","{'Female': 0.65, 'Male': 0.35}","{'Female': 0.05, 'Male': 0.05}","{'Female': 0.8, 'Male': 0.8}"
REALDATA,SEMISYNTHETIC REAL-DATA EXPERIMENT,adult,Male,logistic,group_threshold_calibrated,post,moderate_first_group,58a445a909825bd5,"{""alpha_negative"": {""Female"": 0.25, ""Male"": 0.25}, ""alpha_positive"": {""Female"": 0.65, ""Male"": 0.35}, ""contestation_scenario"": ""moderate_first_group"", ""rho_negative"": {""Female"": 0.05, ""Male"": 0.05}, ""rho_positive"": {""Female"": 0.8, ""Male"": 0.8}}",prevalence,20,0.3038284839203675,0.0,0.0,0.3038284839203675,0.3038284839203675,"{'Female': 0.25, 'Male': 0.25}","{'Female': 0.65, 'Male': 0.35}","{'Female': 0.05, 'Male': 0.05}","{'Female': 0.8, 'Male': 0.8}"
REALDATA,SEMISYNTHETIC REAL-DATA EXPERIMENT,adult,Male,logistic,group_threshold_calibrated,post,moderate_first_group,58a445a909825bd5,"{""alpha_negative"": {""Female"": 0.25, ""Male"": 0.25}, ""alpha_positive"": {""Female"": 0.65, ""Male"": 0.35}, ""contestation_scenario"": ""moderate_first_group"", ""rho_negative"": {""Female"": 0.05, ""Male"": 0.05}, ""rho_positive"": {""Female"": 0.8, ""Male"": 0.8}}",tnr,20,0.8986691597008359,0.006975288492378,0.0015597219231629,0.8956121047314366,0.9017262146702352,"{'Female': 0.25, 'Male': 0.25}","{'Female': 0.65, 'Male': 0.35}","{'Female': 0.05, 'Male': 0.05}","{'Female': 0.8, 'Male': 0.8}"
REALDATA,SEMISYNTHETIC REAL-DATA EXPERIMENT,adult,Male,logistic,group_threshold_calibrated,post,moderate_first_group,58a445a909825bd5,"{""alpha_negative"": {""Female"": 0.25, ""Male"": 0.25}, ""alpha_positive"": {""Female"": 0.65, ""Male"": 0.35}, ""contestation_scenario"": ""moderate_first_group"", ""rho_negative"": {""Female"": 0.05, ""Male"": 0.05}, ""rho_positive"": {""Female"": 0.8, ""Male"": 0.8}}",tpr,20,0.7067288306451613,0.0123063809553535,0.0027517904373179,0.7013353213880181,0.7121223399023046,"{'Female': 0.25, 'Male': 0.25}","{'Female': 0.65, 'Male': 0.35}","{'Female': 0.05, 'Male': 0.05}","{'Female': 0.8, 'Male': 0.8}"
REALDATA,SEMISYNTHETIC REAL-DATA EXPERIMENT,adult,Male,logistic,group_threshold_calibrated,post,moderate_second_group,f2d18f38dbf44f65,"{""alpha_negative"": {""Female"": 0.25, ""Male"": 0.25}, ""alpha_positive"": {""Female"": 0.35, ""Male"": 0.65}, ""contestation_scenario"": ""moderate_second_group"", ""rho_negative"": {""Female"": 0.05, ""Male"": 0.05}, ""rho_positive"": {""Female"": 0.8, ""Male"": 0.8}}",accuracy,20,0.8701531393568146,0.0041408479082426,0.0009259217407318,0.8683383327449802,0.871967945968649,"{'Female': 0.25, 'Male': 0.25}","{'Female': 0.35, 'Male': 0.65}","{'Female': 0.05, 'Male': 0.05}","{'Female': 0.8, 'Male': 0.8}"
REALDATA,SEMISYNTHETIC REAL-DATA EXPERIMENT,adult,Male,logistic,group_threshold_calibrated,post,moderate_second_group,f2d18f38dbf44f65,"{""alpha_negative"": {""Female"": 0.25, ""Male"": 0.25}, ""alpha_positive"": {""Female"": 0.35, ""Male"": 0.65}, ""contestation_scenario"": ""moderate_second_group"", ""rho_negative"": {""Female"": 0.05, ""Male"": 0.05}, ""rho_positive"": {""Female"": 0.8, ""Male"": 0.8}}",fnr,20,0.194758064516129,0.0066915409062393,0.0014962740340571,0.1918253674093769,0.197690761622881,"{'Female': 0.25, 'Male': 0.25}","{'Female': 0.35, 'Male': 0.65}","{'Female': 0.05, 'Male': 0.05}","{'Female': 0.8, 'Male': 0.8}"
REALDATA,SEMISYNTHETIC REAL-DATA EXPERIMENT,adult,Male,logistic,group_threshold_calibrated,post,moderate_second_group,f2d18f38dbf44f65,"{""alpha_negative"": {""Female"": 0.25, ""Male"": 0.25}, ""alpha_positive"": {""Female"": 0.35, ""Male"": 0.65}, ""contestation_scenario"": ""moderate_second_group"", ""rho_negative"": {""Female"": 0.05, ""Male"": 0.05}, ""rho_positive"": {""Female"": 0.8, ""Male"": 0.8}}",fpr,20,0.1015178178618565,0.0067527540305739,0.0015099617047698,0.0985582929205075,0.1044773428032055,"{'Female': 0.25, 'Male': 0.25}","{'Female': 0.35, 'Male': 0.65}","{'Female': 0.05, 'Male': 0.05}","{'Female': 0.8, 'Male': 0.8}"
REALDATA,SEMISYNTHETIC REAL-DATA EXPERIMENT,adult,Male,logistic,group_threshold_calibrated,post,moderate_second_group,f2d18f38dbf44f65,"{""alpha_negative"": {""Female"": 0.25, ""Male"": 0.25}, ""alpha_positive"": {""Female"": 0.35, ""Male"": 0.65}, ""contestation_scenario"": ""moderate_second_group"", ""rho_negative"": {""Female"": 0.05, ""Male"": 0.05}, ""rho_positive"": {""Female"": 0.8, ""Male"": 0.8}}",n,20,6530.0,0.0,0.0,6530.0,6530.0,"{'Female': 0.25, 'Male': 0.25}","{'Female': 0.35, 'Male': 0.65}","{'Female': 0.05, 'Male': 0.05}","{'Female': 0.8, 'Male': 0.8}"
REALDATA,SEMISYNTHETIC REAL-DATA EXPERIMENT,adult,Male,logistic,group_threshold_calibrated,post,moderate_second_group,f2d18f38dbf44f65,"{""alpha_negative"": {""Female"": 0.25, ""Male"": 0.25}, ""alpha_positive"": {""Female"": 0.35, ""Male"": 0.65}, ""contestation_scenario"": ""moderate_second_group"", ""rho_negative"": {""Female"": 0.05, ""Male"": 0.05}, ""rho_positive"": {""Female"": 0.8, ""Male"": 0.8}}",positive_rate,20,0.3153292496171516,0.0059430989913109,0.0013289173341581,0.3127245716422016,0.3179339275921016,"{'Female': 0.25, 'Male': 0.25}","{'Female': 0.35, 'Male': 0.65}","{'Female': 0.05, 'Male': 0.05}","{'Female': 0.8, 'Male': 0.8}"
REALDATA,SEMISYNTHETIC REAL-DATA EXPERIMENT,adult,Male,logistic,group_threshold_calibrated,post,moderate_second_group,f2d18f38dbf44f65,"{""alpha_negative"": {""Female"": 0.25, ""Male"": 0.25}, ""alpha_positive"": {""Female"": 0.35, ""Male"": 0.65}, ""contestation_scenario"": ""moderate_second_group"", ""rho_negative"": {""Female"": 0.05, ""Male"": 0.05}, ""rho_positive"": {""Female"": 0.8, ""Male"": 0.8}}",prevalence,20,0.3038284839203675,0.0,0.0,0.3038284839203675,0.3038284839203675,"{'Female': 0.25, 'Male': 0.25}","{'Female': 0.35, 'Male': 0.65}","{'Female': 0.05, 'Male': 0.05}","{'Female': 0.8, 'Male': 0.8}"
REALDATA,SEMISYNTHETIC REAL-DATA EXPERIMENT,adult,Male,logistic,group_threshold_calibrated,post,moderate_second_group,f2d18f38dbf44f65,"{""alpha_negative"": {""Female"": 0.25, ""Male"": 0.25}, ""alpha_positive"": {""Female"": 0.35, ""Male"": 0.65}, ""contestation_scenario"": ""moderate_second_group"", ""rho_negative"": {""Female"": 0.05, ""Male"": 0.05}, ""rho_positive"": {""Female"": 0.8, ""Male"": 0.8}}",tnr,20,0.8984821821381435,0.0067527540305739,0.0015099617047699,0.8955226571967945,0.9014417070794924,"{'Female': 0.25, 'Male': 0.25}","{'Female': 0.35, 'Male': 0.65}","{'Female': 0.05, 'Male': 0.05}","{'Female': 0.8, 'Male': 0.8}"
REALDATA,SEMISYNTHETIC REAL-DATA EXPERIMENT,adult,Male,logistic,group_threshold_calibrated,post,moderate_second_group,f2d18f38dbf44f65,"{""alpha_negative"": {""Female"": 0.25, ""Male"": 0.25}, ""alpha_positive"": {""Female"": 0.35, ""Male"": 0.65}, ""contestation_scenario"": ""moderate_second_group"", ""rho_negative"": {""Female"": 0.05, ""Male"": 0.05}, ""rho_positive"": {""Female"": 0.8, ""Male"": 0.8}}",tpr,20,0.805241935483871,0.0066915409062393,0.0014962740340571,0.802309238377119,0.808174632590623,"{'Female': 0.25, 'Male': 0.25}","{'Female': 0.35, 'Male': 0.65}","{'Female': 0.05, 'Male': 0.05}","{'Female': 0.8, 'Male': 0.8}"
REALDATA,SEMISYNTHETIC REAL-DATA EXPERIMENT,adult,Male,logistic,group_threshold_calibrated,post,strong_first_group,80db5b8b411cb1ee,"{""alpha_negative"": {""Female"": 0.25, ""Male"": 0.25}, ""alpha_positive"": {""Female"": 0.75, ""Male"": 0.25}, ""contestation_scenario"": ""strong_first_group"", ""rho_negative"": {""Female"": 0.05, ""Male"": 0.05}, ""rho_positive"": {""Female"": 0.8, ""Male"": 0.8}}",accuracy,20,0.8308575803981624,0.0042649560485119,0.0009536731645521,0.8289883809956402,0.8327267798006845,"{'Female': 0.25, 'Male': 0.25}","{'Female': 0.75, 'Male': 0.25}","{'Female': 0.05, 'Male': 0.05}","{'Female': 0.8, 'Male': 0.8}"
REALDATA,SEMISYNTHETIC REAL-DATA EXPERIMENT,adult,Male,logistic,group_threshold_calibrated,post,strong_first_group,80db5b8b411cb1ee,"{""alpha_negative"": {""Female"": 0.25, ""Male"": 0.25}, ""alpha_positive"": {""Female"": 0.75, ""Male"": 0.25}, ""contestation_scenario"": ""strong_first_group"", ""rho_negative"": {""Female"": 0.05, ""Male"": 0.05}, ""rho_positive"": {""Female"": 0.8, ""Male"": 0.8}}",fnr,20,0.3246975806451612,0.0103858714701897,0.0023223514612919,0.3201457717810289,0.3292493895092935,"{'Female': 0.25, 'Male': 0.25}","{'Female': 0.75, 'Male': 0.25}","{'Female': 0.05, 'Male': 0.05}","{'Female': 0.8, 'Male': 0.8}"
REALDATA,SEMISYNTHETIC REAL-DATA EXPERIMENT,adult,Male,logistic,group_threshold_calibrated,post,strong_first_group,80db5b8b411cb1ee,"{""alpha_negative"": {""Female"": 0.25, ""Male"": 0.25}, ""alpha_positive"": {""Female"": 0.75, ""Male"": 0.25}, ""contestation_scenario"": ""strong_first_group"", ""rho_negative"": {""Female"": 0.05, ""Male"": 0.05}, ""rho_positive"": {""Female"": 0.8, ""Male"": 0.8}}",fpr,20,0.1012538495380553,0.0067405235058778,0.0015072268763078,0.098299684860492,0.1042080142156186,"{'Female': 0.25, 'Male': 0.25}","{'Female': 0.75, 'Male': 0.25}","{'Female': 0.05, 'Male': 0.05}","{'Female': 0.8, 'Male': 0.8}"
REALDATA,SEMISYNTHETIC REAL-DATA EXPERIMENT,adult,Male,logistic,group_threshold_calibrated,post,strong_first_group,80db5b8b411cb1ee,"{""alpha_negative"": {""Female"": 0.25, ""Male"": 0.25}, ""alpha_positive"": {""Female"": 0.75, ""Male"": 0.25}, ""contestation_scenario"": ""strong_first_group"", ""rho_negative"": {""Female"": 0.05, ""Male"": 0.05}, ""rho_positive"": {""Female"": 0.8, ""Male"": 0.8}}",n,20,6530.0,0.0,0.0,6530.0,6530.0,"{'Female': 0.25, 'Male': 0.25}","{'Female': 0.75, 'Male': 0.25}","{'Female': 0.05, 'Male': 0.05}","{'Female': 0.8, 'Male': 0.8}"
REALDATA,SEMISYNTHETIC REAL-DATA EXPERIMENT,adult,Male,logistic,group_threshold_calibrated,post,strong_first_group,80db5b8b411cb1ee,"{""alpha_negative"": {""Female"": 0.25, ""Male"": 0.25}, ""alpha_positive"": {""Female"": 0.75, ""Male"": 0.25}, ""contestation_scenario"": ""strong_first_group"", ""rho_negative"": {""Female"": 0.05, ""Male"": 0.05}, ""rho_positive"": {""Female"": 0.8, ""Male"": 0.8}}",positive_rate,20,0.2756661562021439,0.0067649874771684,0.0015126971865883,0.2727012697164308,0.2786310426878571,"{'Female': 0.25, 'Male': 0.25}","{'Female': 0.75, 'Male': 0.25}","{'Female': 0.05, 'Male': 0.05}","{'Female': 0.8, 'Male': 0.8}"
REALDATA,SEMISYNTHETIC REAL-DATA EXPERIMENT,adult,Male,logistic,group_threshold_calibrated,post,strong_first_group,80db5b8b411cb1ee,"{""alpha_negative"": {""Female"": 0.25, ""Male"": 0.25}, ""alpha_positive"": {""Female"": 0.75, ""Male"": 0.25}, ""contestation_scenario"": ""strong_first_group"", ""rho_negative"": {""Female"": 0.05, ""Male"": 0.05}, ""rho_positive"": {""Female"": 0.8, ""Male"": 0.8}}",prevalence,20,0.3038284839203675,0.0,0.0,0.3038284839203675,0.3038284839203675,"{'Female': 0.25, 'Male': 0.25}","{'Female': 0.75, 'Male': 0.25}","{'Female': 0.05, 'Male': 0.05}","{'Female': 0.8, 'Male': 0.8}"
REALDATA,SEMISYNTHETIC REAL-DATA EXPERIMENT,adult,Male,logistic,group_threshold_calibrated,post,strong_first_group,80db5b8b411cb1ee,"{""alpha_negative"": {""Female"": 0.25, ""Male"": 0.25}, ""alpha_positive"": {""Female"": 0.75, ""Male"": 0.25}, ""contestation_scenario"": ""strong_first_group"", ""rho_negative"": {""Female"": 0.05, ""Male"": 0.05}, ""rho_positive"": {""Female"": 0.8, ""Male"": 0.8}}",tnr,20,0.8987461504619446,0.0067405235058778,0.0015072268763078,0.8957919857843814,0.901700315139508,"{'Female': 0.25, 'Male': 0.25}","{'Female': 0.75, 'Male': 0.25}","{'Female': 0.05, 'Male': 0.05}","{'Female': 0.8, 'Male': 0.8}"
REALDATA,SEMISYNTHETIC REAL-DATA EXPERIMENT,adult,Male,logistic,group_threshold_calibrated,post,strong_first_group,80db5b8b411cb1ee,"{""alpha_negative"": {""Female"": 0.25, ""Male"": 0.25}, ""alpha_positive"": {""Female"": 0.75, ""Male"": 0.25}, ""contestation_scenario"": ""strong_first_group"", ""rho_negative"": {""Female"": 0.05, ""Male"": 0.05}, ""rho_positive"": {""Female"": 0.8, ""Male"": 0.8}}",tpr,20,0.6753024193548387,0.0103858714701897,0.0023223514612919,0.6707506104907064,0.679854228218971,"{'Female': 0.25, 'Male': 0.25}","{'Female': 0.75, 'Male': 0.25}","{'Female': 0.05, 'Male': 0.05}","{'Female': 0.8, 'Male': 0.8}"
REALDATA,SEMISYNTHETIC REAL-DATA EXPERIMENT,adult,Male,logistic,group_threshold_calibrated,post,strong_second_group,1a6f52e99e976851,"{""alpha_negative"": {""Female"": 0.25, ""Male"": 0.25}, ""alpha_positive"": {""Female"": 0.25, ""Male"": 0.75}, ""contestation_scenario"": ""strong_second_group"", ""rho_negative"": {""Female"": 0.05, ""Male"": 0.05}, ""rho_positive"": {""Female"": 0.8, ""Male"": 0.8}}",accuracy,20,0.8799310872894333,0.0049499483346641,0.001106842096142,0.8777616767809948,0.8821004977978717,"{'Female': 0.25, 'Male': 0.25}","{'Female': 0.25, 'Male': 0.75}","{'Female': 0.05, 'Male': 0.05}","{'Female': 0.8, 'Male': 0.8}"
REALDATA,SEMISYNTHETIC REAL-DATA EXPERIMENT,adult,Male,logistic,group_threshold_calibrated,post,strong_second_group,1a6f52e99e976851,"{""alpha_negative"": {""Female"": 0.25, ""Male"": 0.25}, ""alpha_positive"": {""Female"": 0.25, ""Male"": 0.75}, ""contestation_scenario"": ""strong_second_group"", ""rho_negative"": {""Female"": 0.05, ""Male"": 0.05}, ""rho_positive"": {""Female"": 0.8, ""Male"": 0.8}}",fnr,20,0.1637600806451612,0.0086375554415252,0.0019314161126673,0.1599745050643332,0.1675456562259893,"{'Female': 0.25, 'Male': 0.25}","{'Female': 0.25, 'Male': 0.75}","{'Female': 0.05, 'Male': 0.05}","{'Female': 0.8, 'Male': 0.8}"
REALDATA,SEMISYNTHETIC REAL-DATA EXPERIMENT,adult,Male,logistic,group_threshold_calibrated,post,strong_second_group,1a6f52e99e976851,"{""alpha_negative"": {""Female"": 0.25, ""Male"": 0.25}, ""alpha_positive"": {""Female"": 0.25, ""Male"": 0.75}, ""contestation_scenario"": ""strong_second_group"", ""rho_negative"": {""Female"": 0.05, ""Male"": 0.05}, ""rho_positive"": {""Female"": 0.8, ""Male"": 0.8}}",fpr,20,0.1010008798944126,0.0065076016178892,0.0014551439588087,0.0981487977351473,0.1038529620536778,"{'Female': 0.25, 'Male': 0.25}","{'Female': 0.25, 'Male': 0.75}","{'Female': 0.05, 'Male': 0.05}","{'Female': 0.8, 'Male': 0.8}"
REALDATA,SEMISYNTHETIC REAL-DATA EXPERIMENT,adult,Male,logistic,group_threshold_calibrated,post,strong_second_group,1a6f52e99e976851,"{""alpha_negative"": {""Female"": 0.25, ""Male"": 0.25}, ""alpha_positive"": {""Female"": 0.25, ""Male"": 0.75}, ""contestation_scenario"": ""strong_second_group"", ""rho_negative"": {""Female"": 0.05, ""Male"": 0.05}, ""rho_positive"": {""Female"": 0.8, ""Male"": 0.8}}",n,20,6530.0,0.0,0.0,6530.0,6530.0,"{'Female': 0.25, 'Male': 0.25}","{'Female': 0.25, 'Male': 0.75}","{'Female': 0.05, 'Male': 0.05}","{'Female': 0.8, 'Male': 0.8}"
REALDATA,SEMISYNTHETIC REAL-DATA EXPERIMENT,adult,Male,logistic,group_threshold_calibrated,post,strong_second_group,1a6f52e99e976851,"{""alpha_negative"": {""Female"": 0.25, ""Male"": 0.25}, ""alpha_positive"": {""Female"": 0.25, ""Male"": 0.75}, ""contestation_scenario"": ""strong_second_group"", ""rho_negative"": {""Female"": 0.05, ""Male"": 0.05}, ""rho_positive"": {""Female"": 0.8, ""Male"": 0.8}}",positive_rate,20,0.3243874425727411,0.0055064922479312,0.001231289098395,0.3219741159398869,0.3268007692055953,"{'Female': 0.25, 'Male': 0.25}","{'Female': 0.25, 'Male': 0.75}","{'Female': 0.05, 'Male': 0.05}","{'Female': 0.8, 'Male': 0.8}"
REALDATA,SEMISYNTHETIC REAL-DATA EXPERIMENT,adult,Male,logistic,group_threshold_calibrated,post,strong_second_group,1a6f52e99e976851,"{""alpha_negative"": {""Female"": 0.25, ""Male"": 0.25}, ""alpha_positive"": {""Female"": 0.25, ""Male"": 0.75}, ""contestation_scenario"": ""strong_second_group"", ""rho_negative"": {""Female"": 0.05, ""Male"": 0.05}, ""rho_positive"": {""Female"": 0.8, ""Male"": 0.8}}",prevalence,20,0.3038284839203675,0.0,0.0,0.3038284839203675,0.3038284839203675,"{'Female': 0.25, 'Male': 0.25}","{'Female': 0.25, 'Male': 0.75}","{'Female': 0.05, 'Male': 0.05}","{'Female': 0.8, 'Male': 0.8}"
REALDATA,SEMISYNTHETIC REAL-DATA EXPERIMENT,adult,Male,logistic,group_threshold_calibrated,post,strong_second_group,1a6f52e99e976851,"{""alpha_negative"": {""Female"": 0.25, ""Male"": 0.25}, ""alpha_positive"": {""Female"": 0.25, ""Male"": 0.75}, ""contestation_scenario"": ""strong_second_group"", ""rho_negative"": {""Female"": 0.05, ""Male"": 0.05}, ""rho_positive"": {""Female"": 0.8, ""Male"": 0.8}}",tnr,20,0.8989991201055874,0.0065076016178892,0.0014551439588087,0.8961470379463221,0.9018512022648526,"{'Female': 0.25, 'Male': 0.25}","{'Female': 0.25, 'Male': 0.75}","{'Female': 0.05, 'Male': 0.05}","{'Female': 0.8, 'Male': 0.8}"
REALDATA,SEMISYNTHETIC REAL-DATA EXPERIMENT,adult,Male,logistic,group_threshold_calibrated,post,strong_second_group,1a6f52e99e976851,"{""alpha_negative"": {""Female"": 0.25, ""Male"": 0.25}, ""alpha_positive"": {""Female"": 0.25, ""Male"": 0.75}, ""contestation_scenario"": ""strong_second_group"", ""rho_negative"": {""Female"": 0.05, ""Male"": 0.05}, ""rho_positive"": {""Female"": 0.8, ""Male"": 0.8}}",tpr,20,0.8362399193548388,0.0086375554415252,0.0019314161126673,0.8324543437740107,0.8400254949356668,"{'Female': 0.25, 'Male': 0.25}","{'Female': 0.25, 'Male': 0.75}","{'Female': 0.05, 'Male': 0.05}","{'Female': 0.8, 'Male': 0.8}"
REALDATA,SEMISYNTHETIC REAL-DATA EXPERIMENT,adult,Male,logistic,group_threshold_calibrated,pre,equal_access,8b1b8b56ce23dea1,"{""alpha_negative"": {""Female"": 0.25, ""Male"": 0.25}, ""alpha_positive"": {""Female"": 0.5, ""Male"": 0.5}, ""contestation_scenario"": ""equal_access"", ""rho_negative"": {""Female"": 0.05, ""Male"": 0.05}, ""rho_positive"": {""Female"": 0.8, ""Male"": 0.8}}",accuracy,20,0.8135987748851455,0.0034165777244263,0.0007639700042228,0.8121013936768687,0.8150961560934223,"{'Female': 0.25, 'Male': 0.25}","{'Female': 0.5, 'Male': 0.5}","{'Female': 0.05, 'Male': 0.05}","{'Female': 0.8, 'Male': 0.8}"
REALDATA,SEMISYNTHETIC REAL-DATA EXPERIMENT,adult,Male,logistic,group_threshold_calibrated,pre,equal_access,8b1b8b56ce23dea1,"{""alpha_negative"": {""Female"": 0.25, ""Male"": 0.25}, ""alpha_positive"": {""Female"": 0.5, ""Male"": 0.5}, ""contestation_scenario"": ""equal_access"", ""rho_negative"": {""Female"": 0.05, ""Male"": 0.05}, ""rho_positive"": {""Female"": 0.8, ""Male"": 0.8}}",fnr,20,0.4066028225806451,0.0116417727437711,0.0026031795233676,0.4015005907148445,0.4117050544464457,"{'Female': 0.25, 'Male': 0.25}","{'Female': 0.5, 'Male': 0.5}","{'Female': 0.05, 'Male': 0.05}","{'Female': 0.8, 'Male': 0.8}"
REALDATA,SEMISYNTHETIC REAL-DATA EXPERIMENT,adult,Male,logistic,group_threshold_calibrated,pre,equal_access,8b1b8b56ce23dea1,"{""alpha_negative"": {""Female"": 0.25, ""Male"": 0.25}, ""alpha_positive"": {""Female"": 0.5, ""Male"": 0.5}, ""contestation_scenario"": ""equal_access"", ""rho_negative"": {""Female"": 0.05, ""Male"": 0.05}, ""rho_positive"": {""Female"": 0.8, ""Male"": 0.8}}",fpr,20,0.0902991641003079,0.0066405647554604,0.0014848754202198,0.0873888082766769,0.0932095199239388,"{'Female': 0.25, 'Male': 0.25}","{'Female': 0.5, 'Male': 0.5}","{'Female': 0.05, 'Male': 0.05}","{'Female': 0.8, 'Male': 0.8}"
REALDATA,SEMISYNTHETIC REAL-DATA EXPERIMENT,adult,Male,logistic,group_threshold_calibrated,pre,equal_access,8b1b8b56ce23dea1,"{""alpha_negative"": {""Female"": 0.25, ""Male"": 0.25}, ""alpha_positive"": {""Female"": 0.5, ""Male"": 0.5}, ""contestation_scenario"": ""equal_access"", ""rho_negative"": {""Female"": 0.05, ""Male"": 0.05}, ""rho_positive"": {""Female"": 0.8, ""Male"": 0.8}}",n,20,6530.0,0.0,0.0,6530.0,6530.0,"{'Female': 0.25, 'Male': 0.25}","{'Female': 0.5, 'Male': 0.5}","{'Female': 0.05, 'Male': 0.05}","{'Female': 0.8, 'Male': 0.8}"
REALDATA,SEMISYNTHETIC REAL-DATA EXPERIMENT,adult,Male,logistic,group_threshold_calibrated,pre,equal_access,8b1b8b56ce23dea1,"{""alpha_negative"": {""Female"": 0.25, ""Male"": 0.25}, ""alpha_positive"": {""Female"": 0.5, ""Male"": 0.5}, ""contestation_scenario"": ""equal_access"", ""rho_negative"": {""Female"": 0.05, ""Male"": 0.05}, ""rho_positive"": {""Female"": 0.8, ""Male"": 0.8}}",positive_rate,20,0.2431546707503828,0.0074895207402179,0.0016747077494021,0.2398722435615545,0.2464370979392111,"{'Female': 0.25, 'Male': 0.25}","{'Female': 0.5, 'Male': 0.5}","{'Female': 0.05, 'Male': 0.05}","{'Female': 0.8, 'Male': 0.8}"
REALDATA,SEMISYNTHETIC REAL-DATA EXPERIMENT,adult,Male,logistic,group_threshold_calibrated,pre,equal_access,8b1b8b56ce23dea1,"{""alpha_negative"": {""Female"": 0.25, ""Male"": 0.25}, ""alpha_positive"": {""Female"": 0.5, ""Male"": 0.5}, ""contestation_scenario"": ""equal_access"", ""rho_negative"": {""Female"": 0.05, ""Male"": 0.05}, ""rho_positive"": {""Female"": 0.8, ""Male"": 0.8}}",prevalence,20,0.3038284839203675,0.0,0.0,0.3038284839203675,0.3038284839203675,"{'Female': 0.25, 'Male': 0.25}","{'Female': 0.5, 'Male': 0.5}","{'Female': 0.05, 'Male': 0.05}","{'Female': 0.8, 'Male': 0.8}"
REALDATA,SEMISYNTHETIC REAL-DATA EXPERIMENT,adult,Male,logistic,group_threshold_calibrated,pre,equal_access,8b1b8b56ce23dea1,"{""alpha_negative"": {""Female"": 0.25, ""Male"": 0.25}, ""alpha_positive"": {""Female"": 0.5, ""Male"": 0.5}, ""contestation_scenario"": ""equal_access"", ""rho_negative"": {""Female"": 0.05, ""Male"": 0.05}, ""rho_positive"": {""Female"": 0.8, ""Male"": 0.8}}",tnr,20,0.909700835899692,0.0066405647554604,0.0014848754202198,0.906790480076061,0.912611191723323,"{'Female': 0.25, 'Male': 0.25}","{'Female': 0.5, 'Male': 0.5}","{'Female': 0.05, 'Male': 0.05}","{'Female': 0.8, 'Male': 0.8}"
REALDATA,SEMISYNTHETIC REAL-DATA EXPERIMENT,adult,Male,logistic,group_threshold_calibrated,pre,equal_access,8b1b8b56ce23dea1,"{""alpha_negative"": {""Female"": 0.25, ""Male"": 0.25}, ""alpha_positive"": {""Female"": 0.5, ""Male"": 0.5}, ""contestation_scenario"": ""equal_access"", ""rho_negative"": {""Female"": 0.05, ""Male"": 0.05}, ""rho_positive"": {""Female"": 0.8, ""Male"": 0.8}}",tpr,20,0.5933971774193548,0.0116417727437711,0.0026031795233676,0.5882949455535542,0.5984994092851554,"{'Female': 0.25, 'Male': 0.25}","{'Female': 0.5, 'Male': 0.5}","{'Female': 0.05, 'Male': 0.05}","{'Female': 0.8, 'Male': 0.8}"
REALDATA,SEMISYNTHETIC REAL-DATA EXPERIMENT,adult,Male,logistic,group_threshold_calibrated,pre,moderate_first_group,58a445a909825bd5,"{""alpha_negative"": {""Female"": 0.25, ""Male"": 0.25}, ""alpha_positive"": {""Female"": 0.65, ""Male"": 0.35}, ""contestation_scenario"": ""moderate_first_group"", ""rho_negative"": {""Female"": 0.05, ""Male"": 0.05}, ""rho_positive"": {""Female"": 0.8, ""Male"": 0.8}}",accuracy,20,0.8135987748851455,0.0034165777244263,0.0007639700042228,0.8121013936768687,0.8150961560934223,"{'Female': 0.25, 'Male': 0.25}","{'Female': 0.65, 'Male': 0.35}","{'Female': 0.05, 'Male': 0.05}","{'Female': 0.8, 'Male': 0.8}"
REALDATA,SEMISYNTHETIC REAL-DATA EXPERIMENT,adult,Male,logistic,group_threshold_calibrated,pre,moderate_first_group,58a445a909825bd5,"{""alpha_negative"": {""Female"": 0.25, ""Male"": 0.25}, ""alpha_positive"": {""Female"": 0.65, ""Male"": 0.35}, ""contestation_scenario"": ""moderate_first_group"", ""rho_negative"": {""Female"": 0.05, ""Male"": 0.05}, ""rho_positive"": {""Female"": 0.8, ""Male"": 0.8}}",fnr,20,0.4066028225806451,0.0116417727437711,0.0026031795233676,0.4015005907148445,0.4117050544464457,"{'Female': 0.25, 'Male': 0.25}","{'Female': 0.65, 'Male': 0.35}","{'Female': 0.05, 'Male': 0.05}","{'Female': 0.8, 'Male': 0.8}"
REALDATA,SEMISYNTHETIC REAL-DATA EXPERIMENT,adult,Male,logistic,group_threshold_calibrated,pre,moderate_first_group,58a445a909825bd5,"{""alpha_negative"": {""Female"": 0.25, ""Male"": 0.25}, ""alpha_positive"": {""Female"": 0.65, ""Male"": 0.35}, ""contestation_scenario"": ""moderate_first_group"", ""rho_negative"": {""Female"": 0.05, ""Male"": 0.05}, ""rho_positive"": {""Female"": 0.8, ""Male"": 0.8}}",fpr,20,0.0902991641003079,0.0066405647554604,0.0014848754202198,0.0873888082766769,0.0932095199239388,"{'Female': 0.25, 'Male': 0.25}","{'Female': 0.65, 'Male': 0.35}","{'Female': 0.05, 'Male': 0.05}","{'Female': 0.8, 'Male': 0.8}"
REALDATA,SEMISYNTHETIC REAL-DATA EXPERIMENT,adult,Male,logistic,group_threshold_calibrated,pre,moderate_first_group,58a445a909825bd5,"{""alpha_negative"": {""Female"": 0.25, ""Male"": 0.25}, ""alpha_positive"": {""Female"": 0.65, ""Male"": 0.35}, ""contestation_scenario"": ""moderate_first_group"", ""rho_negative"": {""Female"": 0.05, ""Male"": 0.05}, ""rho_positive"": {""Female"": 0.8, ""Male"": 0.8}}",n,20,6530.0,0.0,0.0,6530.0,6530.0,"{'Female': 0.25, 'Male': 0.25}","{'Female': 0.65, 'Male': 0.35}","{'Female': 0.05, 'Male': 0.05}","{'Female': 0.8, 'Male': 0.8}"
REALDATA,SEMISYNTHETIC REAL-DATA EXPERIMENT,adult,Male,logistic,group_threshold_calibrated,pre,moderate_first_group,58a445a909825bd5,"{""alpha_negative"": {""Female"": 0.25, ""Male"": 0.25}, ""alpha_positive"": {""Female"": 0.65, ""Male"": 0.35}, ""contestation_scenario"": ""moderate_first_group"", ""rho_negative"": {""Female"": 0.05, ""Male"": 0.05}, ""rho_positive"": {""Female"": 0.8, ""Male"": 0.8}}",positive_rate,20,0.2431546707503828,0.0074895207402179,0.0016747077494021,0.2398722435615545,0.2464370979392111,"{'Female': 0.25, 'Male': 0.25}","{'Female': 0.65, 'Male': 0.35}","{'Female': 0.05, 'Male': 0.05}","{'Female': 0.8, 'Male': 0.8}"
REALDATA,SEMISYNTHETIC REAL-DATA EXPERIMENT,adult,Male,logistic,group_threshold_calibrated,pre,moderate_first_group,58a445a909825bd5,"{""alpha_negative"": {""Female"": 0.25, ""Male"": 0.25}, ""alpha_positive"": {""Female"": 0.65, ""Male"": 0.35}, ""contestation_scenario"": ""moderate_first_group"", ""rho_negative"": {""Female"": 0.05, ""Male"": 0.05}, ""rho_positive"": {""Female"": 0.8, ""Male"": 0.8}}",prevalence,20,0.3038284839203675,0.0,0.0,0.3038284839203675,0.3038284839203675,"{'Female': 0.25, 'Male': 0.25}","{'Female': 0.65, 'Male': 0.35}","{'Female': 0.05, 'Male': 0.05}","{'Female': 0.8, 'Male': 0.8}"
REALDATA,SEMISYNTHETIC REAL-DATA EXPERIMENT,adult,Male,logistic,group_threshold_calibrated,pre,moderate_first_group,58a445a909825bd5,"{""alpha_negative"": {""Female"": 0.25, ""Male"": 0.25}, ""alpha_positive"": {""Female"": 0.65, ""Male"": 0.35}, ""contestation_scenario"": ""moderate_first_group"", ""rho_negative"": {""Female"": 0.05, ""Male"": 0.05}, ""rho_positive"": {""Female"": 0.8, ""Male"": 0.8}}",tnr,20,0.909700835899692,0.0066405647554604,0.0014848754202198,0.906790480076061,0.912611191723323,"{'Female': 0.25, 'Male': 0.25}","{'Female': 0.65, 'Male': 0.35}","{'Female': 0.05, 'Male': 0.05}","{'Female': 0.8, 'Male': 0.8}"
REALDATA,SEMISYNTHETIC REAL-DATA EXPERIMENT,adult,Male,logistic,group_threshold_calibrated,pre,moderate_first_group,58a445a909825bd5,"{""alpha_negative"": {""Female"": 0.25, ""Male"": 0.25}, ""alpha_positive"": {""Female"": 0.65, ""Male"": 0.35}, ""contestation_scenario"": ""moderate_first_group"", ""rho_negative"": {""Female"": 0.05, ""Male"": 0.05}, ""rho_positive"": {""Female"": 0.8, ""Male"": 0.8}}",tpr,20,0.5933971774193548,0.0116417727437711,0.0026031795233676,0.5882949455535542,0.5984994092851554,"{'Female': 0.25, 'Male': 0.25}","{'Female': 0.65, 'Male': 0.35}","{'Female': 0.05, 'Male': 0.05}","{'Female': 0.8, 'Male': 0.8}"
REALDATA,SEMISYNTHETIC REAL-DATA EXPERIMENT,adult,Male,logistic,group_threshold_calibrated,pre,moderate_second_group,f2d18f38dbf44f65,"{""alpha_negative"": {""Female"": 0.25, ""Male"": 0.25}, ""alpha_positive"": {""Female"": 0.35, ""Male"": 0.65}, ""contestation_scenario"": ""moderate_second_group"", ""rho_negative"": {""Female"": 0.05, ""Male"": 0.05}, ""rho_positive"": {""Female"": 0.8, ""Male"": 0.8}}",accuracy,20,0.8135987748851455,0.0034165777244263,0.0007639700042228,0.8121013936768687,0.8150961560934223,"{'Female': 0.25, 'Male': 0.25}","{'Female': 0.35, 'Male': 0.65}","{'Female': 0.05, 'Male': 0.05}","{'Female': 0.8, 'Male': 0.8}"
REALDATA,SEMISYNTHETIC REAL-DATA EXPERIMENT,adult,Male,logistic,group_threshold_calibrated,pre,moderate_second_group,f2d18f38dbf44f65,"{""alpha_negative"": {""Female"": 0.25, ""Male"": 0.25}, ""alpha_positive"": {""Female"": 0.35, ""Male"": 0.65}, ""contestation_scenario"": ""moderate_second_group"", ""rho_negative"": {""Female"": 0.05, ""Male"": 0.05}, ""rho_positive"": {""Female"": 0.8, ""Male"": 0.8}}",fnr,20,0.4066028225806451,0.0116417727437711,0.0026031795233676,0.4015005907148445,0.4117050544464457,"{'Female': 0.25, 'Male': 0.25}","{'Female': 0.35, 'Male': 0.65}","{'Female': 0.05, 'Male': 0.05}","{'Female': 0.8, 'Male': 0.8}"
REALDATA,SEMISYNTHETIC REAL-DATA EXPERIMENT,adult,Male,logistic,group_threshold_calibrated,pre,moderate_second_group,f2d18f38dbf44f65,"{""alpha_negative"": {""Female"": 0.25, ""Male"": 0.25}, ""alpha_positive"": {""Female"": 0.35, ""Male"": 0.65}, ""contestation_scenario"": ""moderate_second_group"", ""rho_negative"": {""Female"": 0.05, ""Male"": 0.05}, ""rho_positive"": {""Female"": 0.8, ""Male"": 0.8}}",fpr,20,0.0902991641003079,0.0066405647554604,0.0014848754202198,0.0873888082766769,0.0932095199239388,"{'Female': 0.25, 'Male': 0.25}","{'Female': 0.35, 'Male': 0.65}","{'Female': 0.05, 'Male': 0.05}","{'Female': 0.8, 'Male': 0.8}"
REALDATA,SEMISYNTHETIC REAL-DATA EXPERIMENT,adult,Male,logistic,group_threshold_calibrated,pre,moderate_second_group,f2d18f38dbf44f65,"{""alpha_negative"": {""Female"": 0.25, ""Male"": 0.25}, ""alpha_positive"": {""Female"": 0.35, ""Male"": 0.65}, ""contestation_scenario"": ""moderate_second_group"", ""rho_negative"": {""Female"": 0.05, ""Male"": 0.05}, ""rho_positive"": {""Female"": 0.8, ""Male"": 0.8}}",n,20,6530.0,0.0,0.0,6530.0,6530.0,"{'Female': 0.25, 'Male': 0.25}","{'Female': 0.35, 'Male': 0.65}","{'Female': 0.05, 'Male': 0.05}","{'Female': 0.8, 'Male': 0.8}"
REALDATA,SEMISYNTHETIC REAL-DATA EXPERIMENT,adult,Male,logistic,group_threshold_calibrated,pre,moderate_second_group,f2d18f38dbf44f65,"{""alpha_negative"": {""Female"": 0.25, ""Male"": 0.25}, ""alpha_positive"": {""Female"": 0.35, ""Male"": 0.65}, ""contestation_scenario"": ""moderate_second_group"", ""rho_negative"": {""Female"": 0.05, ""Male"": 0.05}, ""rho_positive"": {""Female"": 0.8, ""Male"": 0.8}}",positive_rate,20,0.2431546707503828,0.0074895207402179,0.0016747077494021,0.2398722435615545,0.2464370979392111,"{'Female': 0.25, 'Male': 0.25}","{'Female': 0.35, 'Male': 0.65}","{'Female': 0.05, 'Male': 0.05}","{'Female': 0.8, 'Male': 0.8}"
REALDATA,SEMISYNTHETIC REAL-DATA EXPERIMENT,adult,Male,logistic,group_threshold_calibrated,pre,moderate_second_group,f2d18f38dbf44f65,"{""alpha_negative"": {""Female"": 0.25, ""Male"": 0.25}, ""alpha_positive"": {""Female"": 0.35, ""Male"": 0.65}, ""contestation_scenario"": ""moderate_second_group"", ""rho_negative"": {""Female"": 0.05, ""Male"": 0.05}, ""rho_positive"": {""Female"": 0.8, ""Male"": 0.8}}",prevalence,20,0.3038284839203675,0.0,0.0,0.3038284839203675,0.3038284839203675,"{'Female': 0.25, 'Male': 0.25}","{'Female': 0.35, 'Male': 0.65}","{'Female': 0.05, 'Male': 0.05}","{'Female': 0.8, 'Male': 0.8}"
REALDATA,SEMISYNTHETIC REAL-DATA EXPERIMENT,adult,Male,logistic,group_threshold_calibrated,pre,moderate_second_group,f2d18f38dbf44f65,"{""alpha_negative"": {""Female"": 0.25, ""Male"": 0.25}, ""alpha_positive"": {""Female"": 0.35, ""Male"": 0.65}, ""contestation_scenario"": ""moderate_second_group"", ""rho_negative"": {""Female"": 0.05, ""Male"": 0.05}, ""rho_positive"": {""Female"": 0.8, ""Male"": 0.8}}",tnr,20,0.909700835899692,0.0066405647554604,0.0014848754202198,0.906790480076061,0.912611191723323,"{'Female': 0.25, 'Male': 0.25}","{'Female': 0.35, 'Male': 0.65}","{'Female': 0.05, 'Male': 0.05}","{'Female': 0.8, 'Male': 0.8}"
REALDATA,SEMISYNTHETIC REAL-DATA EXPERIMENT,adult,Male,logistic,group_threshold_calibrated,pre,moderate_second_group,f2d18f38dbf44f65,"{""alpha_negative"": {""Female"": 0.25, ""Male"": 0.25}, ""alpha_positive"": {""Female"": 0.35, ""Male"": 0.65}, ""contestation_scenario"": ""moderate_second_group"", ""rho_negative"": {""Female"": 0.05, ""Male"": 0.05}, ""rho_positive"": {""Female"": 0.8, ""Male"": 0.8}}",tpr,20,0.5933971774193548,0.0116417727437711,0.0026031795233676,0.5882949455535542,0.5984994092851554,"{'Female': 0.25, 'Male': 0.25}","{'Female': 0.35, 'Male': 0.65}","{'Female': 0.05, 'Male': 0.05}","{'Female': 0.8, 'Male': 0.8}"
REALDATA,SEMISYNTHETIC REAL-DATA EXPERIMENT,adult,Male,logistic,group_threshold_calibrated,pre,strong_first_group,80db5b8b411cb1ee,"{""alpha_negative"": {""Female"": 0.25, ""Male"": 0.25}, ""alpha_positive"": {""Female"": 0.75, ""Male"": 0.25}, ""contestation_scenario"": ""strong_first_group"", ""rho_negative"": {""Female"": 0.05, ""Male"": 0.05}, ""rho_positive"": {""Female"": 0.8, ""Male"": 0.8}}",accuracy,20,0.8135987748851455,0.0034165777244263,0.0007639700042228,0.8121013936768687,0.8150961560934223,"{'Female': 0.25, 'Male': 0.25}","{'Female': 0.75, 'Male': 0.25}","{'Female': 0.05, 'Male': 0.05}","{'Female': 0.8, 'Male': 0.8}"
REALDATA,SEMISYNTHETIC REAL-DATA EXPERIMENT,adult,Male,logistic,group_threshold_calibrated,pre,strong_first_group,80db5b8b411cb1ee,"{""alpha_negative"": {""Female"": 0.25, ""Male"": 0.25}, ""alpha_positive"": {""Female"": 0.75, ""Male"": 0.25}, ""contestation_scenario"": ""strong_first_group"", ""rho_negative"": {""Female"": 0.05, ""Male"": 0.05}, ""rho_positive"": {""Female"": 0.8, ""Male"": 0.8}}",fnr,20,0.4066028225806451,0.0116417727437711,0.0026031795233676,0.4015005907148445,0.4117050544464457,"{'Female': 0.25, 'Male': 0.25}","{'Female': 0.75, 'Male': 0.25}","{'Female': 0.05, 'Male': 0.05}","{'Female': 0.8, 'Male': 0.8}"
REALDATA,SEMISYNTHETIC REAL-DATA EXPERIMENT,adult,Male,logistic,group_threshold_calibrated,pre,strong_first_group,80db5b8b411cb1ee,"{""alpha_negative"": {""Female"": 0.25, ""Male"": 0.25}, ""alpha_positive"": {""Female"": 0.75, ""Male"": 0.25}, ""contestation_scenario"": ""strong_first_group"", ""rho_negative"": {""Female"": 0.05, ""Male"": 0.05}, ""rho_positive"": {""Female"": 0.8, ""Male"": 0.8}}",fpr,20,0.0902991641003079,0.0066405647554604,0.0014848754202198,0.0873888082766769,0.0932095199239388,"{'Female': 0.25, 'Male': 0.25}","{'Female': 0.75, 'Male': 0.25}","{'Female': 0.05, 'Male': 0.05}","{'Female': 0.8, 'Male': 0.8}"
REALDATA,SEMISYNTHETIC REAL-DATA EXPERIMENT,adult,Male,logistic,group_threshold_calibrated,pre,strong_first_group,80db5b8b411cb1ee,"{""alpha_negative"": {""Female"": 0.25, ""Male"": 0.25}, ""alpha_positive"": {""Female"": 0.75, ""Male"": 0.25}, ""contestation_scenario"": ""strong_first_group"", ""rho_negative"": {""Female"": 0.05, ""Male"": 0.05}, ""rho_positive"": {""Female"": 0.8, ""Male"": 0.8}}",n,20,6530.0,0.0,0.0,6530.0,6530.0,"{'Female': 0.25, 'Male': 0.25}","{'Female': 0.75, 'Male': 0.25}","{'Female': 0.05, 'Male': 0.05}","{'Female': 0.8, 'Male': 0.8}"
REALDATA,SEMISYNTHETIC REAL-DATA EXPERIMENT,adult,Male,logistic,group_threshold_calibrated,pre,strong_first_group,80db5b8b411cb1ee,"{""alpha_negative"": {""Female"": 0.25, ""Male"": 0.25}, ""alpha_positive"": {""Female"": 0.75, ""Male"": 0.25}, ""contestation_scenario"": ""strong_first_group"", ""rho_negative"": {""Female"": 0.05, ""Male"": 0.05}, ""rho_positive"": {""Female"": 0.8, ""Male"": 0.8}}",positive_rate,20,0.2431546707503828,0.0074895207402179,0.0016747077494021,0.2398722435615545,0.2464370979392111,"{'Female': 0.25, 'Male': 0.25}","{'Female': 0.75, 'Male': 0.25}","{'Female': 0.05, 'Male': 0.05}","{'Female': 0.8, 'Male': 0.8}"
REALDATA,SEMISYNTHETIC REAL-DATA EXPERIMENT,adult,Male,logistic,group_threshold_calibrated,pre,strong_first_group,80db5b8b411cb1ee,"{""alpha_negative"": {""Female"": 0.25, ""Male"": 0.25}, ""alpha_positive"": {""Female"": 0.75, ""Male"": 0.25}, ""contestation_scenario"": ""strong_first_group"", ""rho_negative"": {""Female"": 0.05, ""Male"": 0.05}, ""rho_positive"": {""Female"": 0.8, ""Male"": 0.8}}",prevalence,20,0.3038284839203675,0.0,0.0,0.3038284839203675,0.3038284839203675,"{'Female': 0.25, 'Male': 0.25}","{'Female': 0.75, 'Male': 0.25}","{'Female': 0.05, 'Male': 0.05}","{'Female': 0.8, 'Male': 0.8}"
REALDATA,SEMISYNTHETIC REAL-DATA EXPERIMENT,adult,Male,logistic,group_threshold_calibrated,pre,strong_first_group,80db5b8b411cb1ee,"{""alpha_negative"": {""Female"": 0.25, ""Male"": 0.25}, ""alpha_positive"": {""Female"": 0.75, ""Male"": 0.25}, ""contestation_scenario"": ""strong_first_group"", ""rho_negative"": {""Female"": 0.05, ""Male"": 0.05}, ""rho_positive"": {""Female"": 0.8, ""Male"": 0.8}}",tnr,20,0.909700835899692,0.0066405647554604,0.0014848754202198,0.906790480076061,0.912611191723323,"{'Female': 0.25, 'Male': 0.25}","{'Female': 0.75, 'Male': 0.25}","{'Female': 0.05, 'Male': 0.05}","{'Female': 0.8, 'Male': 0.8}"
REALDATA,SEMISYNTHETIC REAL-DATA EXPERIMENT,adult,Male,logistic,group_threshold_calibrated,pre,strong_first_group,80db5b8b411cb1ee,"{""alpha_negative"": {""Female"": 0.25, ""Male"": 0.25}, ""alpha_positive"": {""Female"": 0.75, ""Male"": 0.25}, ""contestation_scenario"": ""strong_first_group"", ""rho_negative"": {""Female"": 0.05, ""Male"": 0.05}, ""rho_positive"": {""Female"": 0.8, ""Male"": 0.8}}",tpr,20,0.5933971774193548,0.0116417727437711,0.0026031795233676,0.5882949455535542,0.5984994092851554,"{'Female': 0.25, 'Male': 0.25}","{'Female': 0.75, 'Male': 0.25}","{'Female': 0.05, 'Male': 0.05}","{'Female': 0.8, 'Male': 0.8}"
REALDATA,SEMISYNTHETIC REAL-DATA EXPERIMENT,adult,Male,logistic,group_threshold_calibrated,pre,strong_second_group,1a6f52e99e976851,"{""alpha_negative"": {""Female"": 0.25, ""Male"": 0.25}, ""alpha_positive"": {""Female"": 0.25, ""Male"": 0.75}, ""contestation_scenario"": ""strong_second_group"", ""rho_negative"": {""Female"": 0.05, ""Male"": 0.05}, ""rho_positive"": {""Female"": 0.8, ""Male"": 0.8}}",accuracy,20,0.8135987748851455,0.0034165777244263,0.0007639700042228,0.8121013936768687,0.8150961560934223,"{'Female': 0.25, 'Male': 0.25}","{'Female': 0.25, 'Male': 0.75}","{'Female': 0.05, 'Male': 0.05}","{'Female': 0.8, 'Male': 0.8}"
REALDATA,SEMISYNTHETIC REAL-DATA EXPERIMENT,adult,Male,logistic,group_threshold_calibrated,pre,strong_second_group,1a6f52e99e976851,"{""alpha_negative"": {""Female"": 0.25, ""Male"": 0.25}, ""alpha_positive"": {""Female"": 0.25, ""Male"": 0.75}, ""contestation_scenario"": ""strong_second_group"", ""rho_negative"": {""Female"": 0.05, ""Male"": 0.05}, ""rho_positive"": {""Female"": 0.8, ""Male"": 0.8}}",fnr,20,0.4066028225806451,0.0116417727437711,0.0026031795233676,0.4015005907148445,0.4117050544464457,"{'Female': 0.25, 'Male': 0.25}","{'Female': 0.25, 'Male': 0.75}","{'Female': 0.05, 'Male': 0.05}","{'Female': 0.8, 'Male': 0.8}"
REALDATA,SEMISYNTHETIC REAL-DATA EXPERIMENT,adult,Male,logistic,group_threshold_calibrated,pre,strong_second_group,1a6f52e99e976851,"{""alpha_negative"": {""Female"": 0.25, ""Male"": 0.25}, ""alpha_positive"": {""Female"": 0.25, ""Male"": 0.75}, ""contestation_scenario"": ""strong_second_group"", ""rho_negative"": {""Female"": 0.05, ""Male"": 0.05}, ""rho_positive"": {""Female"": 0.8, ""Male"": 0.8}}",fpr,20,0.0902991641003079,0.0066405647554604,0.0014848754202198,0.0873888082766769,0.0932095199239388,"{'Female': 0.25, 'Male': 0.25}","{'Female': 0.25, 'Male': 0.75}","{'Female': 0.05, 'Male': 0.05}","{'Female': 0.8, 'Male': 0.8}"
REALDATA,SEMISYNTHETIC REAL-DATA EXPERIMENT,adult,Male,logistic,group_threshold_calibrated,pre,strong_second_group,1a6f52e99e976851,"{""alpha_negative"": {""Female"": 0.25, ""Male"": 0.25}, ""alpha_positive"": {""Female"": 0.25, ""Male"": 0.75}, ""contestation_scenario"": ""strong_second_group"", ""rho_negative"": {""Female"": 0.05, ""Male"": 0.05}, ""rho_positive"": {""Female"": 0.8, ""Male"": 0.8}}",n,20,6530.0,0.0,0.0,6530.0,6530.0,"{'Female': 0.25, 'Male': 0.25}","{'Female': 0.25, 'Male': 0.75}","{'Female': 0.05, 'Male': 0.05}","{'Female': 0.8, 'Male': 0.8}"
REALDATA,SEMISYNTHETIC REAL-DATA EXPERIMENT,adult,Male,logistic,group_threshold_calibrated,pre,strong_second_group,1a6f52e99e976851,"{""alpha_negative"": {""Female"": 0.25, ""Male"": 0.25}, ""alpha_positive"": {""Female"": 0.25, ""Male"": 0.75}, ""contestation_scenario"": ""strong_second_group"", ""rho_negative"": {""Female"": 0.05, ""Male"": 0.05}, ""rho_positive"": {""Female"": 0.8, ""Male"": 0.8}}",positive_rate,20,0.2431546707503828,0.0074895207402179,0.0016747077494021,0.2398722435615545,0.2464370979392111,"{'Female': 0.25, 'Male': 0.25}","{'Female': 0.25, 'Male': 0.75}","{'Female': 0.05, 'Male': 0.05}","{'Female': 0.8, 'Male': 0.8}"
REALDATA,SEMISYNTHETIC REAL-DATA EXPERIMENT,adult,Male,logistic,group_threshold_calibrated,pre,strong_second_group,1a6f52e99e976851,"{""alpha_negative"": {""Female"": 0.25, ""Male"": 0.25}, ""alpha_positive"": {""Female"": 0.25, ""Male"": 0.75}, ""contestation_scenario"": ""strong_second_group"", ""rho_negative"": {""Female"": 0.05, ""Male"": 0.05}, ""rho_positive"": {""Female"": 0.8, ""Male"": 0.8}}",prevalence,20,0.3038284839203675,0.0,0.0,0.3038284839203675,0.3038284839203675,"{'Female': 0.25, 'Male': 0.25}","{'Female': 0.25, 'Male': 0.75}","{'Female': 0.05, 'Male': 0.05}","{'Female': 0.8, 'Male': 0.8}"
REALDATA,SEMISYNTHETIC REAL-DATA EXPERIMENT,adult,Male,logistic,group_threshold_calibrated,pre,strong_second_group,1a6f52e99e976851,"{""alpha_negative"": {""Female"": 0.25, ""Male"": 0.25}, ""alpha_positive"": {""Female"": 0.25, ""Male"": 0.75}, ""contestation_scenario"": ""strong_second_group"", ""rho_negative"": {""Female"": 0.05, ""Male"": 0.05}, ""rho_positive"": {""Female"": 0.8, ""Male"": 0.8}}",tnr,20,0.909700835899692,0.0066405647554604,0.0014848754202198,0.906790480076061,0.912611191723323,"{'Female': 0.25, 'Male': 0.25}","{'Female': 0.25, 'Male': 0.75}","{'Female': 0.05, 'Male': 0.05}","{'Female': 0.8, 'Male': 0.8}"
REALDATA,SEMISYNTHETIC REAL-DATA EXPERIMENT,adult,Male,logistic,group_threshold_calibrated,pre,strong_second_group,1a6f52e99e976851,"{""alpha_negative"": {""Female"": 0.25, ""Male"": 0.25}, ""alpha_positive"": {""Female"": 0.25, ""Male"": 0.75}, ""contestation_scenario"": ""strong_second_group"", ""rho_negative"": {""Female"": 0.05, ""Male"": 0.05}, ""rho_positive"": {""Female"": 0.8, ""Male"": 0.8}}",tpr,20,0.5933971774193548,0.0116417727437711,0.0026031795233676,0.5882949455535542,0.5984994092851554,"{'Female': 0.25, 'Male': 0.25}","{'Female': 0.25, 'Male': 0.75}","{'Female': 0.05, 'Male': 0.05}","{'Female': 0.8, 'Male': 0.8}"
REALDATA,SEMISYNTHETIC REAL-DATA EXPERIMENT,adult,Male,logistic,validation_selected_threshold,frozen_policy,equal_access,8b1b8b56ce23dea1,"{""alpha_negative"": {""Female"": 0.25, ""Male"": 0.25}, ""alpha_positive"": {""Female"": 0.5, ""Male"": 0.5}, ""contestation_scenario"": ""equal_access"", ""rho_negative"": {""Female"": 0.05, ""Male"": 0.05}, ""rho_positive"": {""Female"": 0.8, ""Male"": 0.8}}",decision_threshold,20,0.5125,0.0071635039941138,0.0016018081887929,0.5093604559499657,0.5156395440500342,"{'Female': 0.25, 'Male': 0.25}","{'Female': 0.5, 'Male': 0.5}","{'Female': 0.05, 'Male': 0.05}","{'Female': 0.8, 'Male': 0.8}"
REALDATA,SEMISYNTHETIC REAL-DATA EXPERIMENT,adult,Male,logistic,validation_selected_threshold,frozen_policy,moderate_first_group,58a445a909825bd5,"{""alpha_negative"": {""Female"": 0.25, ""Male"": 0.25}, ""alpha_positive"": {""Female"": 0.65, ""Male"": 0.35}, ""contestation_scenario"": ""moderate_first_group"", ""rho_negative"": {""Female"": 0.05, ""Male"": 0.05}, ""rho_positive"": {""Female"": 0.8, ""Male"": 0.8}}",decision_threshold,20,0.5125,0.0071635039941138,0.0016018081887929,0.5093604559499657,0.5156395440500342,"{'Female': 0.25, 'Male': 0.25}","{'Female': 0.65, 'Male': 0.35}","{'Female': 0.05, 'Male': 0.05}","{'Female': 0.8, 'Male': 0.8}"
REALDATA,SEMISYNTHETIC REAL-DATA EXPERIMENT,adult,Male,logistic,validation_selected_threshold,frozen_policy,moderate_second_group,f2d18f38dbf44f65,"{""alpha_negative"": {""Female"": 0.25, ""Male"": 0.25}, ""alpha_positive"": {""Female"": 0.35, ""Male"": 0.65}, ""contestation_scenario"": ""moderate_second_group"", ""rho_negative"": {""Female"": 0.05, ""Male"": 0.05}, ""rho_positive"": {""Female"": 0.8, ""Male"": 0.8}}",decision_threshold,20,0.5125,0.0071635039941138,0.0016018081887929,0.5093604559499657,0.5156395440500342,"{'Female': 0.25, 'Male': 0.25}","{'Female': 0.35, 'Male': 0.65}","{'Female': 0.05, 'Male': 0.05}","{'Female': 0.8, 'Male': 0.8}"
REALDATA,SEMISYNTHETIC REAL-DATA EXPERIMENT,adult,Male,logistic,validation_selected_threshold,frozen_policy,strong_first_group,80db5b8b411cb1ee,"{""alpha_negative"": {""Female"": 0.25, ""Male"": 0.25}, ""alpha_positive"": {""Female"": 0.75, ""Male"": 0.25}, ""contestation_scenario"": ""strong_first_group"", ""rho_negative"": {""Female"": 0.05, ""Male"": 0.05}, ""rho_positive"": {""Female"": 0.8, ""Male"": 0.8}}",decision_threshold,20,0.5125,0.0071635039941138,0.0016018081887929,0.5093604559499657,0.5156395440500342,"{'Female': 0.25, 'Male': 0.25}","{'Female': 0.75, 'Male': 0.25}","{'Female': 0.05, 'Male': 0.05}","{'Female': 0.8, 'Male': 0.8}"
REALDATA,SEMISYNTHETIC REAL-DATA EXPERIMENT,adult,Male,logistic,validation_selected_threshold,frozen_policy,strong_second_group,1a6f52e99e976851,"{""alpha_negative"": {""Female"": 0.25, ""Male"": 0.25}, ""alpha_positive"": {""Female"": 0.25, ""Male"": 0.75}, ""contestation_scenario"": ""strong_second_group"", ""rho_negative"": {""Female"": 0.05, ""Male"": 0.05}, ""rho_positive"": {""Female"": 0.8, ""Male"": 0.8}}",decision_threshold,20,0.5125,0.0071635039941138,0.0016018081887929,0.5093604559499657,0.5156395440500342,"{'Female': 0.25, 'Male': 0.25}","{'Female': 0.25, 'Male': 0.75}","{'Female': 0.05, 'Male': 0.05}","{'Female': 0.8, 'Male': 0.8}"
REALDATA,SEMISYNTHETIC REAL-DATA EXPERIMENT,adult,Male,random_forest,group_threshold_calibrated,post,equal_access,8b1b8b56ce23dea1,"{""alpha_negative"": {""Female"": 0.25, ""Male"": 0.25}, ""alpha_positive"": {""Female"": 0.5, ""Male"": 0.5}, ""contestation_scenario"": ""equal_access"", ""rho_negative"": {""Female"": 0.05, ""Male"": 0.05}, ""rho_positive"": {""Female"": 0.8, ""Male"": 0.8}}",accuracy,20,0.8676493108728943,0.0045040663713344,0.0010071398581474,0.8656753167509253,0.8696233049948633,"{'Female': 0.25, 'Male': 0.25}","{'Female': 0.5, 'Male': 0.5}","{'Female': 0.05, 'Male': 0.05}","{'Female': 0.8, 'Male': 0.8}"
REALDATA,SEMISYNTHETIC REAL-DATA EXPERIMENT,adult,Male,random_forest,group_threshold_calibrated,post,equal_access,8b1b8b56ce23dea1,"{""alpha_negative"": {""Female"": 0.25, ""Male"": 0.25}, ""alpha_positive"": {""Female"": 0.5, ""Male"": 0.5}, ""contestation_scenario"": ""equal_access"", ""rho_negative"": {""Female"": 0.05, ""Male"": 0.05}, ""rho_positive"": {""Female"": 0.8, ""Male"": 0.8}}",fnr,20,0.2736139112903225,0.0108661428136646,0.0024297433984574,0.2688516142293458,0.2783762083512992,"{'Female': 0.25, 'Male': 0.25}","{'Female': 0.5, 'Male': 0.5}","{'Female': 0.05, 'Male': 0.05}","{'Female': 0.8, 'Male': 0.8}"
REALDATA,SEMISYNTHETIC REAL-DATA EXPERIMENT,adult,Male,random_forest,group_threshold_calibrated,post,equal_access,8b1b8b56ce23dea1,"{""alpha_negative"": {""Female"": 0.25, ""Male"": 0.25}, ""alpha_positive"": {""Female"": 0.5, ""Male"": 0.5}, ""contestation_scenario"": ""equal_access"", ""rho_negative"": {""Female"": 0.05, ""Male"": 0.05}, ""rho_positive"": {""Female"": 0.8, ""Male"": 0.8}}",fpr,20,0.0706995160580729,0.0056985253557081,0.0012742290066869,0.0682020272049665,0.0731970049111794,"{'Female': 0.25, 'Male': 0.25}","{'Female': 0.5, 'Male': 0.5}","{'Female': 0.05, 'Male': 0.05}","{'Female': 0.8, 'Male': 0.8}"
REALDATA,SEMISYNTHETIC REAL-DATA EXPERIMENT,adult,Male,random_forest,group_threshold_calibrated,post,equal_access,8b1b8b56ce23dea1,"{""alpha_negative"": {""Female"": 0.25, ""Male"": 0.25}, ""alpha_positive"": {""Female"": 0.5, ""Male"": 0.5}, ""contestation_scenario"": ""equal_access"", ""rho_negative"": {""Female"": 0.05, ""Male"": 0.05}, ""rho_positive"": {""Female"": 0.8, ""Male"": 0.8}}",n,20,6530.0,0.0,0.0,6530.0,6530.0,"{'Female': 0.25, 'Male': 0.25}","{'Female': 0.5, 'Male': 0.5}","{'Female': 0.05, 'Male': 0.05}","{'Female': 0.8, 'Male': 0.8}"
REALDATA,SEMISYNTHETIC REAL-DATA EXPERIMENT,adult,Male,random_forest,group_threshold_calibrated,post,equal_access,8b1b8b56ce23dea1,"{""alpha_negative"": {""Female"": 0.25, ""Male"": 0.25}, ""alpha_positive"": {""Female"": 0.5, ""Male"": 0.5}, ""contestation_scenario"": ""equal_access"", ""rho_negative"": {""Female"": 0.05, ""Male"": 0.05}, ""rho_positive"": {""Female"": 0.8, ""Male"": 0.8}}",positive_rate,20,0.2699157733537519,0.0057436070359152,0.0012843095768352,0.2673985265831547,0.272433020124349,"{'Female': 0.25, 'Male': 0.25}","{'Female': 0.5, 'Male': 0.5}","{'Female': 0.05, 'Male': 0.05}","{'Female': 0.8, 'Male': 0.8}"
REALDATA,SEMISYNTHETIC REAL-DATA EXPERIMENT,adult,Male,random_forest,group_threshold_calibrated,post,equal_access,8b1b8b56ce23dea1,"{""alpha_negative"": {""Female"": 0.25, ""Male"": 0.25}, ""alpha_positive"": {""Female"": 0.5, ""Male"": 0.5}, ""contestation_scenario"": ""equal_access"", ""rho_negative"": {""Female"": 0.05, ""Male"": 0.05}, ""rho_positive"": {""Female"": 0.8, ""Male"": 0.8}}",prevalence,20,0.3038284839203675,0.0,0.0,0.3038284839203675,0.3038284839203675,"{'Female': 0.25, 'Male': 0.25}","{'Female': 0.5, 'Male': 0.5}","{'Female': 0.05, 'Male': 0.05}","{'Female': 0.8, 'Male': 0.8}"
REALDATA,SEMISYNTHETIC REAL-DATA EXPERIMENT,adult,Male,random_forest,group_threshold_calibrated,post,equal_access,8b1b8b56ce23dea1,"{""alpha_negative"": {""Female"": 0.25, ""Male"": 0.25}, ""alpha_positive"": {""Female"": 0.5, ""Male"": 0.5}, ""contestation_scenario"": ""equal_access"", ""rho_negative"": {""Female"": 0.05, ""Male"": 0.05}, ""rho_positive"": {""Female"": 0.8, ""Male"": 0.8}}",tnr,20,0.929300483941927,0.0056985253557081,0.0012742290066869,0.9268029950888206,0.9317979727950334,"{'Female': 0.25, 'Male': 0.25}","{'Female': 0.5, 'Male': 0.5}","{'Female': 0.05, 'Male': 0.05}","{'Female': 0.8, 'Male': 0.8}"
REALDATA,SEMISYNTHETIC REAL-DATA EXPERIMENT,adult,Male,random_forest,group_threshold_calibrated,post,equal_access,8b1b8b56ce23dea1,"{""alpha_negative"": {""Female"": 0.25, ""Male"": 0.25}, ""alpha_positive"": {""Female"": 0.5, ""Male"": 0.5}, ""contestation_scenario"": ""equal_access"", ""rho_negative"": {""Female"": 0.05, ""Male"": 0.05}, ""rho_positive"": {""Female"": 0.8, ""Male"": 0.8}}",tpr,20,0.7263860887096774,0.0108661428136646,0.0024297433984574,0.7216237916487007,0.731148385770654,"{'Female': 0.25, 'Male': 0.25}","{'Female': 0.5, 'Male': 0.5}","{'Female': 0.05, 'Male': 0.05}","{'Female': 0.8, 'Male': 0.8}"
REALDATA,SEMISYNTHETIC REAL-DATA EXPERIMENT,adult,Male,random_forest,group_threshold_calibrated,post,moderate_first_group,58a445a909825bd5,"{""alpha_negative"": {""Female"": 0.25, ""Male"": 0.25}, ""alpha_positive"": {""Female"": 0.65, ""Male"": 0.35}, ""contestation_scenario"": ""moderate_first_group"", ""rho_negative"": {""Female"": 0.05, ""Male"": 0.05}, ""rho_positive"": {""Female"": 0.8, ""Male"": 0.8}}",accuracy,20,0.8504287901990812,0.0049979966415242,0.0011175860241763,0.8482383215916955,0.8526192588064669,"{'Female': 0.25, 'Male': 0.25}","{'Female': 0.65, 'Male': 0.35}","{'Female': 0.05, 'Male': 0.05}","{'Female': 0.8, 'Male': 0.8}"
REALDATA,SEMISYNTHETIC REAL-DATA EXPERIMENT,adult,Male,random_forest,group_threshold_calibrated,post,moderate_first_group,58a445a909825bd5,"{""alpha_negative"": {""Female"": 0.25, ""Male"": 0.25}, ""alpha_positive"": {""Female"": 0.65, ""Male"": 0.35}, ""contestation_scenario"": ""moderate_first_group"", ""rho_negative"": {""Female"": 0.05, ""Male"": 0.05}, ""rho_positive"": {""Female"": 0.8, ""Male"": 0.8}}",fnr,20,0.3294354838709677,0.0100851539152877,0.0022551089718131,0.3250154702862139,0.3338554974557216,"{'Female': 0.25, 'Male': 0.25}","{'Female': 0.65, 'Male': 0.35}","{'Female': 0.05, 'Male': 0.05}","{'Female': 0.8, 'Male': 0.8}"
REALDATA,SEMISYNTHETIC REAL-DATA EXPERIMENT,adult,Male,random_forest,group_threshold_calibrated,post,moderate_first_group,58a445a909825bd5,"{""alpha_negative"": {""Female"": 0.25, ""Male"": 0.25}, ""alpha_positive"": {""Female"": 0.65, ""Male"": 0.35}, ""contestation_scenario"": ""moderate_first_group"", ""rho_negative"": {""Female"": 0.05, ""Male"": 0.05}, ""rho_positive"": {""Female"": 0.8, ""Male"": 0.8}}",fpr,20,0.0710734711834579,0.0055712984973945,0.0012457802163116,0.068631741959487,0.0735152004074288,"{'Female': 0.25, 'Male': 0.25}","{'Female': 0.65, 'Male': 0.35}","{'Female': 0.05, 'Male': 0.05}","{'Female': 0.8, 'Male': 0.8}"
REALDATA,SEMISYNTHETIC REAL-DATA EXPERIMENT,adult,Male,random_forest,group_threshold_calibrated,post,moderate_first_group,58a445a909825bd5,"{""alpha_negative"": {""Female"": 0.25, ""Male"": 0.25}, ""alpha_positive"": {""Female"": 0.65, ""Male"": 0.35}, ""contestation_scenario"": ""moderate_first_group"", ""rho_negative"": {""Female"": 0.05, ""Male"": 0.05}, ""rho_positive"": {""Female"": 0.8, ""Male"": 0.8}}",n,20,6530.0,0.0,0.0,6530.0,6530.0,"{'Female': 0.25, 'Male': 0.25}","{'Female': 0.65, 'Male': 0.35}","{'Female': 0.05, 'Male': 0.05}","{'Female': 0.8, 'Male': 0.8}"
REALDATA,SEMISYNTHETIC REAL-DATA EXPERIMENT,adult,Male,random_forest,group_threshold_calibrated,post,moderate_first_group,58a445a909825bd5,"{""alpha_negative"": {""Female"": 0.25, ""Male"": 0.25}, ""alpha_positive"": {""Female"": 0.65, ""Male"": 0.35}, ""contestation_scenario"": ""moderate_first_group"", ""rho_negative"": {""Female"": 0.05, ""Male"": 0.05}, ""rho_positive"": {""Female"": 0.8, ""Male"": 0.8}}",positive_rate,20,0.2532159264931087,0.0048872181468406,0.0010928151997206,0.2510740087016563,0.2553578442845611,"{'Female': 0.25, 'Male': 0.25}","{'Female': 0.65, 'Male': 0.35}","{'Female': 0.05, 'Male': 0.05}","{'Female': 0.8, 'Male': 0.8}"
REALDATA,SEMISYNTHETIC REAL-DATA EXPERIMENT,adult,Male,random_forest,group_threshold_calibrated,post,moderate_first_group,58a445a909825bd5,"{""alpha_negative"": {""Female"": 0.25, ""Male"": 0.25}, ""alpha_positive"": {""Female"": 0.65, ""Male"": 0.35}, ""contestation_scenario"": ""moderate_first_group"", ""rho_negative"": {""Female"": 0.05, ""Male"": 0.05}, ""rho_positive"": {""Female"": 0.8, ""Male"": 0.8}}",prevalence,20,0.3038284839203675,0.0,0.0,0.3038284839203675,0.3038284839203675,"{'Female': 0.25, 'Male': 0.25}","{'Female': 0.65, 'Male': 0.35}","{'Female': 0.05, 'Male': 0.05}","{'Female': 0.8, 'Male': 0.8}"
REALDATA,SEMISYNTHETIC REAL-DATA EXPERIMENT,adult,Male,random_forest,group_threshold_calibrated,post,moderate_first_group,58a445a909825bd5,"{""alpha_negative"": {""Female"": 0.25, ""Male"": 0.25}, ""alpha_positive"": {""Female"": 0.65, ""Male"": 0.35}, ""contestation_scenario"": ""moderate_first_group"", ""rho_negative"": {""Female"": 0.05, ""Male"": 0.05}, ""rho_positive"": {""Female"": 0.8, ""Male"": 0.8}}",tnr,20,0.928926528816542,0.0055712984973945,0.0012457802163116,0.9264847995925712,0.9313682580405128,"{'Female': 0.25, 'Male': 0.25}","{'Female': 0.65, 'Male': 0.35}","{'Female': 0.05, 'Male': 0.05}","{'Female': 0.8, 'Male': 0.8}"
REALDATA,SEMISYNTHETIC REAL-DATA EXPERIMENT,adult,Male,random_forest,group_threshold_calibrated,post,moderate_first_group,58a445a909825bd5,"{""alpha_negative"": {""Female"": 0.25, ""Male"": 0.25}, ""alpha_positive"": {""Female"": 0.65, ""Male"": 0.35}, ""contestation_scenario"": ""moderate_first_group"", ""rho_negative"": {""Female"": 0.05, ""Male"": 0.05}, ""rho_positive"": {""Female"": 0.8, ""Male"": 0.8}}",tpr,20,0.6705645161290322,0.0100851539152877,0.0022551089718131,0.6661445025442785,0.674984529713786,"{'Female': 0.25, 'Male': 0.25}","{'Female': 0.65, 'Male': 0.35}","{'Female': 0.05, 'Male': 0.05}","{'Female': 0.8, 'Male': 0.8}"
REALDATA,SEMISYNTHETIC REAL-DATA EXPERIMENT,adult,Male,random_forest,group_threshold_calibrated,post,moderate_second_group,f2d18f38dbf44f65,"{""alpha_negative"": {""Female"": 0.25, ""Male"": 0.25}, ""alpha_positive"": {""Female"": 0.35, ""Male"": 0.65}, ""contestation_scenario"": ""moderate_second_group"", ""rho_negative"": {""Female"": 0.05, ""Male"": 0.05}, ""rho_positive"": {""Female"": 0.8, ""Male"": 0.8}}",accuracy,20,0.883614088820827,0.004165544590098,0.0009314440866765,0.881788458410941,0.8854397192307131,"{'Female': 0.25, 'Male': 0.25}","{'Female': 0.35, 'Male': 0.65}","{'Female': 0.05, 'Male': 0.05}","{'Female': 0.8, 'Male': 0.8}"
REALDATA,SEMISYNTHETIC REAL-DATA EXPERIMENT,adult,Male,random_forest,group_threshold_calibrated,post,moderate_second_group,f2d18f38dbf44f65,"{""alpha_negative"": {""Female"": 0.25, ""Male"": 0.25}, ""alpha_positive"": {""Female"": 0.35, ""Male"": 0.65}, ""contestation_scenario"": ""moderate_second_group"", ""rho_negative"": {""Female"": 0.05, ""Male"": 0.05}, ""rho_positive"": {""Female"": 0.8, ""Male"": 0.8}}",fnr,20,0.2201864919354838,0.006874618406106,0.0015372114075424,0.2171735575767006,0.2231994262942669,"{'Female': 0.25, 'Male': 0.25}","{'Female': 0.35, 'Male': 0.65}","{'Female': 0.05, 'Male': 0.05}","{'Female': 0.8, 'Male': 0.8}"
REALDATA,SEMISYNTHETIC REAL-DATA EXPERIMENT,adult,Male,random_forest,group_threshold_calibrated,post,moderate_second_group,f2d18f38dbf44f65,"{""alpha_negative"": {""Female"": 0.25, ""Male"": 0.25}, ""alpha_positive"": {""Female"": 0.35, ""Male"": 0.65}, ""contestation_scenario"": ""moderate_second_group"", ""rho_negative"": {""Female"": 0.05, ""Male"": 0.05}, ""rho_positive"": {""Female"": 0.8, ""Male"": 0.8}}",fpr,20,0.0710844698636163,0.0059181420409909,0.0013233367904155,0.0684907297544019,0.0736782099728306,"{'Female': 0.25, 'Male': 0.25}","{'Female': 0.35, 'Male': 0.65}","{'Female': 0.05, 'Male': 0.05}","{'Female': 0.8, 'Male': 0.8}"
REALDATA,SEMISYNTHETIC REAL-DATA EXPERIMENT,adult,Male,random_forest,group_threshold_calibrated,post,moderate_second_group,f2d18f38dbf44f65,"{""alpha_negative"": {""Female"": 0.25, ""Male"": 0.25}, ""alpha_positive"": {""Female"": 0.35, ""Male"": 0.65}, ""contestation_scenario"": ""moderate_second_group"", ""rho_negative"": {""Female"": 0.05, ""Male"": 0.05}, ""rho_positive"": {""Female"": 0.8, ""Male"": 0.8}}",n,20,6530.0,0.0,0.0,6530.0,6530.0,"{'Female': 0.25, 'Male': 0.25}","{'Female': 0.35, 'Male': 0.65}","{'Female': 0.05, 'Male': 0.05}","{'Female': 0.8, 'Male': 0.8}"
REALDATA,SEMISYNTHETIC REAL-DATA EXPERIMENT,adult,Male,random_forest,group_threshold_calibrated,post,moderate_second_group,f2d18f38dbf44f65,"{""alpha_negative"": {""Female"": 0.25, ""Male"": 0.25}, ""alpha_positive"": {""Female"": 0.35, ""Male"": 0.65}, ""contestation_scenario"": ""moderate_second_group"", ""rho_negative"": {""Female"": 0.05, ""Male"": 0.05}, ""rho_positive"": {""Female"": 0.8, ""Male"": 0.8}}",positive_rate,20,0.286416539050536,0.0050322068003559,0.0011252356482432,0.2842110771799792,0.2886220009210928,"{'Female': 0.25, 'Male': 0.25}","{'Female': 0.35, 'Male': 0.65}","{'Female': 0.05, 'Male': 0.05}","{'Female': 0.8, 'Male': 0.8}"
REALDATA,SEMISYNTHETIC REAL-DATA EXPERIMENT,adult,Male,random_forest,group_threshold_calibrated,post,moderate_second_group,f2d18f38dbf44f65,"{""alpha_negative"": {""Female"": 0.25, ""Male"": 0.25}, ""alpha_positive"": {""Female"": 0.35, ""Male"": 0.65}, ""contestation_scenario"": ""moderate_second_group"", ""rho_negative"": {""Female"": 0.05, ""Male"": 0.05}, ""rho_positive"": {""Female"": 0.8, ""Male"": 0.8}}",prevalence,20,0.3038284839203675,0.0,0.0,0.3038284839203675,0.3038284839203675,"{'Female': 0.25, 'Male': 0.25}","{'Female': 0.35, 'Male': 0.65}","{'Female': 0.05, 'Male': 0.05}","{'Female': 0.8, 'Male': 0.8}"
REALDATA,SEMISYNTHETIC REAL-DATA EXPERIMENT,adult,Male,random_forest,group_threshold_calibrated,post,moderate_second_group,f2d18f38dbf44f65,"{""alpha_negative"": {""Female"": 0.25, ""Male"": 0.25}, ""alpha_positive"": {""Female"": 0.35, ""Male"": 0.65}, ""contestation_scenario"": ""moderate_second_group"", ""rho_negative"": {""Female"": 0.05, ""Male"": 0.05}, ""rho_positive"": {""Female"": 0.8, ""Male"": 0.8}}",tnr,20,0.9289155301363836,0.0059181420409909,0.0013233367904155,0.9263217900271692,0.931509270245598,"{'Female': 0.25, 'Male': 0.25}","{'Female': 0.35, 'Male': 0.65}","{'Female': 0.05, 'Male': 0.05}","{'Female': 0.8, 'Male': 0.8}"
REALDATA,SEMISYNTHETIC REAL-DATA EXPERIMENT,adult,Male,random_forest,group_threshold_calibrated,post,moderate_second_group,f2d18f38dbf44f65,"{""alpha_negative"": {""Female"": 0.25, ""Male"": 0.25}, ""alpha_positive"": {""Female"": 0.35, ""Male"": 0.65}, ""contestation_scenario"": ""moderate_second_group"", ""rho_negative"": {""Female"": 0.05, ""Male"": 0.05}, ""rho_positive"": {""Female"": 0.8, ""Male"": 0.8}}",tpr,20,0.7798135080645161,0.006874618406106,0.0015372114075424,0.776800573705733,0.7828264424232992,"{'Female': 0.25, 'Male': 0.25}","{'Female': 0.35, 'Male': 0.65}","{'Female': 0.05, 'Male': 0.05}","{'Female': 0.8, 'Male': 0.8}"
REALDATA,SEMISYNTHETIC REAL-DATA EXPERIMENT,adult,Male,random_forest,group_threshold_calibrated,post,strong_first_group,80db5b8b411cb1ee,"{""alpha_negative"": {""Female"": 0.25, ""Male"": 0.25}, ""alpha_positive"": {""Female"": 0.75, ""Male"": 0.25}, ""contestation_scenario"": ""strong_first_group"", ""rho_negative"": {""Female"": 0.05, ""Male"": 0.05}, ""rho_positive"": {""Female"": 0.8, ""Male"": 0.8}}",accuracy,20,0.8398621745788668,0.0050661859553721,0.0011328336182866,0.8376418206870249,0.8420825284707087,"{'Female': 0.25, 'Male': 0.25}","{'Female': 0.75, 'Male': 0.25}","{'Female': 0.05, 'Male': 0.05}","{'Female': 0.8, 'Male': 0.8}"
REALDATA,SEMISYNTHETIC REAL-DATA EXPERIMENT,adult,Male,random_forest,group_threshold_calibrated,post,strong_first_group,80db5b8b411cb1ee,"{""alpha_negative"": {""Female"": 0.25, ""Male"": 0.25}, ""alpha_positive"": {""Female"": 0.75, ""Male"": 0.25}, ""contestation_scenario"": ""strong_first_group"", ""rho_negative"": {""Female"": 0.05, ""Male"": 0.05}, ""rho_positive"": {""Female"": 0.8, ""Male"": 0.8}}",fnr,20,0.3641633064516129,0.0097591727102982,0.0021822173584387,0.3598861604290729,0.3684404524741528,"{'Female': 0.25, 'Male': 0.25}","{'Female': 0.75, 'Male': 0.25}","{'Female': 0.05, 'Male': 0.05}","{'Female': 0.8, 'Male': 0.8}"
REALDATA,SEMISYNTHETIC REAL-DATA EXPERIMENT,adult,Male,random_forest,group_threshold_calibrated,post,strong_first_group,80db5b8b411cb1ee,"{""alpha_negative"": {""Female"": 0.25, ""Male"": 0.25}, ""alpha_positive"": {""Female"": 0.75, ""Male"": 0.25}, ""contestation_scenario"": ""strong_first_group"", ""rho_negative"": {""Female"": 0.05, ""Male"": 0.05}, ""rho_positive"": {""Female"": 0.8, ""Male"": 0.8}}",fpr,20,0.0710954685437747,0.0061221838027213,0.0013689619153633,0.0684123031896626,0.0737786338978868,"{'Female': 0.25, 'Male': 0.25}","{'Female': 0.75, 'Male': 0.25}","{'Female': 0.05, 'Male': 0.05}","{'Female': 0.8, 'Male': 0.8}"
REALDATA,SEMISYNTHETIC REAL-DATA EXPERIMENT,adult,Male,random_forest,group_threshold_calibrated,post,strong_first_group,80db5b8b411cb1ee,"{""alpha_negative"": {""Female"": 0.25, ""Male"": 0.25}, ""alpha_positive"": {""Female"": 0.75, ""Male"": 0.25}, ""contestation_scenario"": ""strong_first_group"", ""rho_negative"": {""Female"": 0.05, ""Male"": 0.05}, ""rho_positive"": {""Female"": 0.8, ""Male"": 0.8}}",n,20,6530.0,0.0,0.0,6530.0,6530.0,"{'Female': 0.25, 'Male': 0.25}","{'Female': 0.75, 'Male': 0.25}","{'Female': 0.05, 'Male': 0.05}","{'Female': 0.8, 'Male': 0.8}"
REALDATA,SEMISYNTHETIC REAL-DATA EXPERIMENT,adult,Male,random_forest,group_threshold_calibrated,post,strong_first_group,80db5b8b411cb1ee,"{""alpha_negative"": {""Female"": 0.25, ""Male"": 0.25}, ""alpha_positive"": {""Female"": 0.75, ""Male"": 0.25}, ""contestation_scenario"": ""strong_first_group"", ""rho_negative"": {""Female"": 0.05, ""Male"": 0.05}, ""rho_positive"": {""Female"": 0.8, ""Male"": 0.8}}",positive_rate,20,0.2426799387442572,0.0053149216002771,0.0011884525993301,0.2403505716495701,0.2450093058389443,"{'Female': 0.25, 'Male': 0.25}","{'Female': 0.75, 'Male': 0.25}","{'Female': 0.05, 'Male': 0.05}","{'Female': 0.8, 'Male': 0.8}"
REALDATA,SEMISYNTHETIC REAL-DATA EXPERIMENT,adult,Male,random_forest,group_threshold_calibrated,post,strong_first_group,80db5b8b411cb1ee,"{""alpha_negative"": {""Female"": 0.25, ""Male"": 0.25}, ""alpha_positive"": {""Female"": 0.75, ""Male"": 0.25}, ""contestation_scenario"": ""strong_first_group"", ""rho_negative"": {""Female"": 0.05, ""Male"": 0.05}, ""rho_positive"": {""Female"": 0.8, ""Male"": 0.8}}",prevalence,20,0.3038284839203675,0.0,0.0,0.3038284839203675,0.3038284839203675,"{'Female': 0.25, 'Male': 0.25}","{'Female': 0.75, 'Male': 0.25}","{'Female': 0.05, 'Male': 0.05}","{'Female': 0.8, 'Male': 0.8}"
REALDATA,SEMISYNTHETIC REAL-DATA EXPERIMENT,adult,Male,random_forest,group_threshold_calibrated,post,strong_first_group,80db5b8b411cb1ee,"{""alpha_negative"": {""Female"": 0.25, ""Male"": 0.25}, ""alpha_positive"": {""Female"": 0.75, ""Male"": 0.25}, ""contestation_scenario"": ""strong_first_group"", ""rho_negative"": {""Female"": 0.05, ""Male"": 0.05}, ""rho_positive"": {""Female"": 0.8, ""Male"": 0.8}}",tnr,20,0.9289045314562252,0.0061221838027213,0.0013689619153633,0.9262213661021133,0.9315876968103372,"{'Female': 0.25, 'Male': 0.25}","{'Female': 0.75, 'Male': 0.25}","{'Female': 0.05, 'Male': 0.05}","{'Female': 0.8, 'Male': 0.8}"
REALDATA,SEMISYNTHETIC REAL-DATA EXPERIMENT,adult,Male,random_forest,group_threshold_calibrated,post,strong_first_group,80db5b8b411cb1ee,"{""alpha_negative"": {""Female"": 0.25, ""Male"": 0.25}, ""alpha_positive"": {""Female"": 0.75, ""Male"": 0.25}, ""contestation_scenario"": ""strong_first_group"", ""rho_negative"": {""Female"": 0.05, ""Male"": 0.05}, ""rho_positive"": {""Female"": 0.8, ""Male"": 0.8}}",tpr,20,0.6358366935483871,0.0097591727102982,0.0021822173584387,0.6315595475258471,0.6401138395709272,"{'Female': 0.25, 'Male': 0.25}","{'Female': 0.75, 'Male': 0.25}","{'Female': 0.05, 'Male': 0.05}","{'Female': 0.8, 'Male': 0.8}"
REALDATA,SEMISYNTHETIC REAL-DATA EXPERIMENT,adult,Male,random_forest,group_threshold_calibrated,post,strong_second_group,1a6f52e99e976851,"{""alpha_negative"": {""Female"": 0.25, ""Male"": 0.25}, ""alpha_positive"": {""Female"": 0.25, ""Male"": 0.75}, ""contestation_scenario"": ""strong_second_group"", ""rho_negative"": {""Female"": 0.05, ""Male"": 0.05}, ""rho_positive"": {""Female"": 0.8, ""Male"": 0.8}}",accuracy,20,0.8955895865237367,0.0035176817123143,0.0007865775431942,0.8940478945390758,0.8971312785083975,"{'Female': 0.25, 'Male': 0.25}","{'Female': 0.25, 'Male': 0.75}","{'Female': 0.05, 'Male': 0.05}","{'Female': 0.8, 'Male': 0.8}"
REALDATA,SEMISYNTHETIC REAL-DATA EXPERIMENT,adult,Male,random_forest,group_threshold_calibrated,post,strong_second_group,1a6f52e99e976851,"{""alpha_negative"": {""Female"": 0.25, ""Male"": 0.25}, ""alpha_positive"": {""Female"": 0.25, ""Male"": 0.75}, ""contestation_scenario"": ""strong_second_group"", ""rho_negative"": {""Female"": 0.05, ""Male"": 0.05}, ""rho_positive"": {""Female"": 0.8, ""Male"": 0.8}}",fnr,20,0.1802671370967741,0.007747018006072,0.0017322858884491,0.1768718567554137,0.1836624174381345,"{'Female': 0.25, 'Male': 0.25}","{'Female': 0.25, 'Male': 0.75}","{'Female': 0.05, 'Male': 0.05}","{'Female': 0.8, 'Male': 0.8}"
REALDATA,SEMISYNTHETIC REAL-DATA EXPERIMENT,adult,Male,random_forest,group_threshold_calibrated,post,strong_second_group,1a6f52e99e976851,"{""alpha_negative"": {""Female"": 0.25, ""Male"": 0.25}, ""alpha_positive"": {""Female"": 0.25, ""Male"": 0.75}, ""contestation_scenario"": ""strong_second_group"", ""rho_negative"": {""Female"": 0.05, ""Male"": 0.05}, ""rho_positive"": {""Female"": 0.8, ""Male"": 0.8}}",fpr,20,0.0713044434667839,0.0052953939492099,0.0011840860838074,0.0689836347425213,0.0736252521910465,"{'Female': 0.25, 'Male': 0.25}","{'Female': 0.25, 'Male': 0.75}","{'Female': 0.05, 'Male': 0.05}","{'Female': 0.8, 'Male': 0.8}"
REALDATA,SEMISYNTHETIC REAL-DATA EXPERIMENT,adult,Male,random_forest,group_threshold_calibrated,post,strong_second_group,1a6f52e99e976851,"{""alpha_negative"": {""Female"": 0.25, ""Male"": 0.25}, ""alpha_positive"": {""Female"": 0.25, ""Male"": 0.75}, ""contestation_scenario"": ""strong_second_group"", ""rho_negative"": {""Female"": 0.05, ""Male"": 0.05}, ""rho_positive"": {""Female"": 0.8, ""Male"": 0.8}}",n,20,6530.0,0.0,0.0,6530.0,6530.0,"{'Female': 0.25, 'Male': 0.25}","{'Female': 0.25, 'Male': 0.75}","{'Female': 0.05, 'Male': 0.05}","{'Female': 0.8, 'Male': 0.8}"
REALDATA,SEMISYNTHETIC REAL-DATA EXPERIMENT,adult,Male,random_forest,group_threshold_calibrated,post,strong_second_group,1a6f52e99e976851,"{""alpha_negative"": {""Female"": 0.25, ""Male"": 0.25}, ""alpha_positive"": {""Female"": 0.25, ""Male"": 0.75}, ""contestation_scenario"": ""strong_second_group"", ""rho_negative"": {""Female"": 0.05, ""Male"": 0.05}, ""rho_positive"": {""Female"": 0.8, ""Male"": 0.8}}",positive_rate,20,0.298698315467075,0.005087920264952,0.0011376935576531,0.2964684360940748,0.3009281948400751,"{'Female': 0.25, 'Male': 0.25}","{'Female': 0.25, 'Male': 0.75}","{'Female': 0.05, 'Male': 0.05}","{'Female': 0.8, 'Male': 0.8}"
REALDATA,SEMISYNTHETIC REAL-DATA EXPERIMENT,adult,Male,random_forest,group_threshold_calibrated,post,strong_second_group,1a6f52e99e976851,"{""alpha_negative"": {""Female"": 0.25, ""Male"": 0.25}, ""alpha_positive"": {""Female"": 0.25, ""Male"": 0.75}, ""contestation_scenario"": ""strong_second_group"", ""rho_negative"": {""Female"": 0.05, ""Male"": 0.05}, ""rho_positive"": {""Female"": 0.8, ""Male"": 0.8}}",prevalence,20,0.3038284839203675,0.0,0.0,0.3038284839203675,0.3038284839203675,"{'Female': 0.25, 'Male': 0.25}","{'Female': 0.25, 'Male': 0.75}","{'Female': 0.05, 'Male': 0.05}","{'Female': 0.8, 'Male': 0.8}"
REALDATA,SEMISYNTHETIC REAL-DATA EXPERIMENT,adult,Male,random_forest,group_threshold_calibrated,post,strong_second_group,1a6f52e99e976851,"{""alpha_negative"": {""Female"": 0.25, ""Male"": 0.25}, ""alpha_positive"": {""Female"": 0.25, ""Male"": 0.75}, ""contestation_scenario"": ""strong_second_group"", ""rho_negative"": {""Female"": 0.05, ""Male"": 0.05}, ""rho_positive"": {""Female"": 0.8, ""Male"": 0.8}}",tnr,20,0.928695556533216,0.0052953939492099,0.0011840860838074,0.9263747478089536,0.9310163652574786,"{'Female': 0.25, 'Male': 0.25}","{'Female': 0.25, 'Male': 0.75}","{'Female': 0.05, 'Male': 0.05}","{'Female': 0.8, 'Male': 0.8}"
REALDATA,SEMISYNTHETIC REAL-DATA EXPERIMENT,adult,Male,random_forest,group_threshold_calibrated,post,strong_second_group,1a6f52e99e976851,"{""alpha_negative"": {""Female"": 0.25, ""Male"": 0.25}, ""alpha_positive"": {""Female"": 0.25, ""Male"": 0.75}, ""contestation_scenario"": ""strong_second_group"", ""rho_negative"": {""Female"": 0.05, ""Male"": 0.05}, ""rho_positive"": {""Female"": 0.8, ""Male"": 0.8}}",tpr,20,0.8197328629032258,0.007747018006072,0.0017322858884491,0.8163375825618654,0.8231281432445862,"{'Female': 0.25, 'Male': 0.25}","{'Female': 0.25, 'Male': 0.75}","{'Female': 0.05, 'Male': 0.05}","{'Female': 0.8, 'Male': 0.8}"
REALDATA,SEMISYNTHETIC REAL-DATA EXPERIMENT,adult,Male,random_forest,group_threshold_calibrated,pre,equal_access,8b1b8b56ce23dea1,"{""alpha_negative"": {""Female"": 0.25, ""Male"": 0.25}, ""alpha_positive"": {""Female"": 0.5, ""Male"": 0.5}, ""contestation_scenario"": ""equal_access"", ""rho_negative"": {""Female"": 0.05, ""Male"": 0.05}, ""rho_positive"": {""Female"": 0.8, ""Male"": 0.8}}",accuracy,20,0.8200076569678407,0.0039415166995831,0.0008813499274718,0.8182802111099958,0.8217351028256856,"{'Female': 0.25, 'Male': 0.25}","{'Female': 0.5, 'Male': 0.5}","{'Female': 0.05, 'Male': 0.05}","{'Female': 0.8, 'Male': 0.8}"
REALDATA,SEMISYNTHETIC REAL-DATA EXPERIMENT,adult,Male,random_forest,group_threshold_calibrated,pre,equal_access,8b1b8b56ce23dea1,"{""alpha_negative"": {""Female"": 0.25, ""Male"": 0.25}, ""alpha_positive"": {""Female"": 0.5, ""Male"": 0.5}, ""contestation_scenario"": ""equal_access"", ""rho_negative"": {""Female"": 0.05, ""Male"": 0.05}, ""rho_positive"": {""Female"": 0.8, ""Male"": 0.8}}",fnr,20,0.4555695564516129,0.0096069672967868,0.0021481831933232,0.4513591173926992,0.4597799955105265,"{'Female': 0.25, 'Male': 0.25}","{'Female': 0.5, 'Male': 0.5}","{'Female': 0.05, 'Male': 0.05}","{'Female': 0.8, 'Male': 0.8}"
REALDATA,SEMISYNTHETIC REAL-DATA EXPERIMENT,adult,Male,random_forest,group_threshold_calibrated,pre,equal_access,8b1b8b56ce23dea1,"{""alpha_negative"": {""Female"": 0.25, ""Male"": 0.25}, ""alpha_positive"": {""Female"": 0.5, ""Male"": 0.5}, ""contestation_scenario"": ""equal_access"", ""rho_negative"": {""Female"": 0.05, ""Male"": 0.05}, ""rho_positive"": {""Female"": 0.8, ""Male"": 0.8}}",fpr,20,0.0597228332600087,0.005800449023645,0.0012970198316892,0.0571806743898977,0.0622649921301197,"{'Female': 0.25, 'Male': 0.25}","{'Female': 0.5, 'Male': 0.5}","{'Female': 0.05, 'Male': 0.05}","{'Female': 0.8, 'Male': 0.8}"
REALDATA,SEMISYNTHETIC REAL-DATA EXPERIMENT,adult,Male,random_forest,group_threshold_calibrated,pre,equal_access,8b1b8b56ce23dea1,"{""alpha_negative"": {""Female"": 0.25, ""Male"": 0.25}, ""alpha_positive"": {""Female"": 0.5, ""Male"": 0.5}, ""contestation_scenario"": ""equal_access"", ""rho_negative"": {""Female"": 0.05, ""Male"": 0.05}, ""rho_positive"": {""Female"": 0.8, ""Male"": 0.8}}",n,20,6530.0,0.0,0.0,6530.0,6530.0,"{'Female': 0.25, 'Male': 0.25}","{'Female': 0.5, 'Male': 0.5}","{'Female': 0.05, 'Male': 0.05}","{'Female': 0.8, 'Male': 0.8}"
REALDATA,SEMISYNTHETIC REAL-DATA EXPERIMENT,adult,Male,random_forest,group_threshold_calibrated,pre,equal_access,8b1b8b56ce23dea1,"{""alpha_negative"": {""Female"": 0.25, ""Male"": 0.25}, ""alpha_positive"": {""Female"": 0.5, ""Male"": 0.5}, ""contestation_scenario"": ""equal_access"", ""rho_negative"": {""Female"": 0.05, ""Male"": 0.05}, ""rho_positive"": {""Female"": 0.8, ""Male"": 0.8}}",positive_rate,20,0.2069908116385911,0.0058409482504928,0.001306075734116,0.2044309031997236,0.2095507200774585,"{'Female': 0.25, 'Male': 0.25}","{'Female': 0.5, 'Male': 0.5}","{'Female': 0.05, 'Male': 0.05}","{'Female': 0.8, 'Male': 0.8}"
REALDATA,SEMISYNTHETIC REAL-DATA EXPERIMENT,adult,Male,random_forest,group_threshold_calibrated,pre,equal_access,8b1b8b56ce23dea1,"{""alpha_negative"": {""Female"": 0.25, ""Male"": 0.25}, ""alpha_positive"": {""Female"": 0.5, ""Male"": 0.5}, ""contestation_scenario"": ""equal_access"", ""rho_negative"": {""Female"": 0.05, ""Male"": 0.05}, ""rho_positive"": {""Female"": 0.8, ""Male"": 0.8}}",prevalence,20,0.3038284839203675,0.0,0.0,0.3038284839203675,0.3038284839203675,"{'Female': 0.25, 'Male': 0.25}","{'Female': 0.5, 'Male': 0.5}","{'Female': 0.05, 'Male': 0.05}","{'Female': 0.8, 'Male': 0.8}"
REALDATA,SEMISYNTHETIC REAL-DATA EXPERIMENT,adult,Male,random_forest,group_threshold_calibrated,pre,equal_access,8b1b8b56ce23dea1,"{""alpha_negative"": {""Female"": 0.25, ""Male"": 0.25}, ""alpha_positive"": {""Female"": 0.5, ""Male"": 0.5}, ""contestation_scenario"": ""equal_access"", ""rho_negative"": {""Female"": 0.05, ""Male"": 0.05}, ""rho_positive"": {""Female"": 0.8, ""Male"": 0.8}}",tnr,20,0.9402771667399912,0.005800449023645,0.0012970198316892,0.9377350078698804,0.9428193256101024,"{'Female': 0.25, 'Male': 0.25}","{'Female': 0.5, 'Male': 0.5}","{'Female': 0.05, 'Male': 0.05}","{'Female': 0.8, 'Male': 0.8}"
REALDATA,SEMISYNTHETIC REAL-DATA EXPERIMENT,adult,Male,random_forest,group_threshold_calibrated,pre,equal_access,8b1b8b56ce23dea1,"{""alpha_negative"": {""Female"": 0.25, ""Male"": 0.25}, ""alpha_positive"": {""Female"": 0.5, ""Male"": 0.5}, ""contestation_scenario"": ""equal_access"", ""rho_negative"": {""Female"": 0.05, ""Male"": 0.05}, ""rho_positive"": {""Female"": 0.8, ""Male"": 0.8}}",tpr,20,0.5444304435483871,0.0096069672967868,0.0021481831933232,0.5402200044894735,0.5486408826073007,"{'Female': 0.25, 'Male': 0.25}","{'Female': 0.5, 'Male': 0.5}","{'Female': 0.05, 'Male': 0.05}","{'Female': 0.8, 'Male': 0.8}"
REALDATA,SEMISYNTHETIC REAL-DATA EXPERIMENT,adult,Male,random_forest,group_threshold_calibrated,pre,moderate_first_group,58a445a909825bd5,"{""alpha_negative"": {""Female"": 0.25, ""Male"": 0.25}, ""alpha_positive"": {""Female"": 0.65, ""Male"": 0.35}, ""contestation_scenario"": ""moderate_first_group"", ""rho_negative"": {""Female"": 0.05, ""Male"": 0.05}, ""rho_positive"": {""Female"": 0.8, ""Male"": 0.8}}",accuracy,20,0.8200076569678407,0.0039415166995831,0.0008813499274718,0.8182802111099958,0.8217351028256856,"{'Female': 0.25, 'Male': 0.25}","{'Female': 0.65, 'Male': 0.35}","{'Female': 0.05, 'Male': 0.05}","{'Female': 0.8, 'Male': 0.8}"
REALDATA,SEMISYNTHETIC REAL-DATA EXPERIMENT,adult,Male,random_forest,group_threshold_calibrated,pre,moderate_first_group,58a445a909825bd5,"{""alpha_negative"": {""Female"": 0.25, ""Male"": 0.25}, ""alpha_positive"": {""Female"": 0.65, ""Male"": 0.35}, ""contestation_scenario"": ""moderate_first_group"", ""rho_negative"": {""Female"": 0.05, ""Male"": 0.05}, ""rho_positive"": {""Female"": 0.8, ""Male"": 0.8}}",fnr,20,0.4555695564516129,0.0096069672967868,0.0021481831933232,0.4513591173926992,0.4597799955105265,"{'Female': 0.25, 'Male': 0.25}","{'Female': 0.65, 'Male': 0.35}","{'Female': 0.05, 'Male': 0.05}","{'Female': 0.8, 'Male': 0.8}"
REALDATA,SEMISYNTHETIC REAL-DATA EXPERIMENT,adult,Male,random_forest,group_threshold_calibrated,pre,moderate_first_group,58a445a909825bd5,"{""alpha_negative"": {""Female"": 0.25, ""Male"": 0.25}, ""alpha_positive"": {""Female"": 0.65, ""Male"": 0.35}, ""contestation_scenario"": ""moderate_first_group"", ""rho_negative"": {""Female"": 0.05, ""Male"": 0.05}, ""rho_positive"": {""Female"": 0.8, ""Male"": 0.8}}",fpr,20,0.0597228332600087,0.005800449023645,0.0012970198316892,0.0571806743898977,0.0622649921301197,"{'Female': 0.25, 'Male': 0.25}","{'Female': 0.65, 'Male': 0.35}","{'Female': 0.05, 'Male': 0.05}","{'Female': 0.8, 'Male': 0.8}"
REALDATA,SEMISYNTHETIC REAL-DATA EXPERIMENT,adult,Male,random_forest,group_threshold_calibrated,pre,moderate_first_group,58a445a909825bd5,"{""alpha_negative"": {""Female"": 0.25, ""Male"": 0.25}, ""alpha_positive"": {""Female"": 0.65, ""Male"": 0.35}, ""contestation_scenario"": ""moderate_first_group"", ""rho_negative"": {""Female"": 0.05, ""Male"": 0.05}, ""rho_positive"": {""Female"": 0.8, ""Male"": 0.8}}",n,20,6530.0,0.0,0.0,6530.0,6530.0,"{'Female': 0.25, 'Male': 0.25}","{'Female': 0.65, 'Male': 0.35}","{'Female': 0.05, 'Male': 0.05}","{'Female': 0.8, 'Male': 0.8}"
REALDATA,SEMISYNTHETIC REAL-DATA EXPERIMENT,adult,Male,random_forest,group_threshold_calibrated,pre,moderate_first_group,58a445a909825bd5,"{""alpha_negative"": {""Female"": 0.25, ""Male"": 0.25}, ""alpha_positive"": {""Female"": 0.65, ""Male"": 0.35}, ""contestation_scenario"": ""moderate_first_group"", ""rho_negative"": {""Female"": 0.05, ""Male"": 0.05}, ""rho_positive"": {""Female"": 0.8, ""Male"": 0.8}}",positive_rate,20,0.2069908116385911,0.0058409482504928,0.001306075734116,0.2044309031997236,0.2095507200774585,"{'Female': 0.25, 'Male': 0.25}","{'Female': 0.65, 'Male': 0.35}","{'Female': 0.05, 'Male': 0.05}","{'Female': 0.8, 'Male': 0.8}"
REALDATA,SEMISYNTHETIC REAL-DATA EXPERIMENT,adult,Male,random_forest,group_threshold_calibrated,pre,moderate_first_group,58a445a909825bd5,"{""alpha_negative"": {""Female"": 0.25, ""Male"": 0.25}, ""alpha_positive"": {""Female"": 0.65, ""Male"": 0.35}, ""contestation_scenario"": ""moderate_first_group"", ""rho_negative"": {""Female"": 0.05, ""Male"": 0.05}, ""rho_positive"": {""Female"": 0.8, ""Male"": 0.8}}",prevalence,20,0.3038284839203675,0.0,0.0,0.3038284839203675,0.3038284839203675,"{'Female': 0.25, 'Male': 0.25}","{'Female': 0.65, 'Male': 0.35}","{'Female': 0.05, 'Male': 0.05}","{'Female': 0.8, 'Male': 0.8}"
REALDATA,SEMISYNTHETIC REAL-DATA EXPERIMENT,adult,Male,random_forest,group_threshold_calibrated,pre,moderate_first_group,58a445a909825bd5,"{""alpha_negative"": {""Female"": 0.25, ""Male"": 0.25}, ""alpha_positive"": {""Female"": 0.65, ""Male"": 0.35}, ""contestation_scenario"": ""moderate_first_group"", ""rho_negative"": {""Female"": 0.05, ""Male"": 0.05}, ""rho_positive"": {""Female"": 0.8, ""Male"": 0.8}}",tnr,20,0.9402771667399912,0.005800449023645,0.0012970198316892,0.9377350078698804,0.9428193256101024,"{'Female': 0.25, 'Male': 0.25}","{'Female': 0.65, 'Male': 0.35}","{'Female': 0.05, 'Male': 0.05}","{'Female': 0.8, 'Male': 0.8}"
REALDATA,SEMISYNTHETIC REAL-DATA EXPERIMENT,adult,Male,random_forest,group_threshold_calibrated,pre,moderate_first_group,58a445a909825bd5,"{""alpha_negative"": {""Female"": 0.25, ""Male"": 0.25}, ""alpha_positive"": {""Female"": 0.65, ""Male"": 0.35}, ""contestation_scenario"": ""moderate_first_group"", ""rho_negative"": {""Female"": 0.05, ""Male"": 0.05}, ""rho_positive"": {""Female"": 0.8, ""Male"": 0.8}}",tpr,20,0.5444304435483871,0.0096069672967868,0.0021481831933232,0.5402200044894735,0.5486408826073007,"{'Female': 0.25, 'Male': 0.25}","{'Female': 0.65, 'Male': 0.35}","{'Female': 0.05, 'Male': 0.05}","{'Female': 0.8, 'Male': 0.8}"
REALDATA,SEMISYNTHETIC REAL-DATA EXPERIMENT,adult,Male,random_forest,group_threshold_calibrated,pre,moderate_second_group,f2d18f38dbf44f65,"{""alpha_negative"": {""Female"": 0.25, ""Male"": 0.25}, ""alpha_positive"": {""Female"": 0.35, ""Male"": 0.65}, ""contestation_scenario"": ""moderate_second_group"", ""rho_negative"": {""Female"": 0.05, ""Male"": 0.05}, ""rho_positive"": {""Female"": 0.8, ""Male"": 0.8}}",accuracy,20,0.8200076569678407,0.0039415166995831,0.0008813499274718,0.8182802111099958,0.8217351028256856,"{'Female': 0.25, 'Male': 0.25}","{'Female': 0.35, 'Male': 0.65}","{'Female': 0.05, 'Male': 0.05}","{'Female': 0.8, 'Male': 0.8}"
REALDATA,SEMISYNTHETIC REAL-DATA EXPERIMENT,adult,Male,random_forest,group_threshold_calibrated,pre,moderate_second_group,f2d18f38dbf44f65,"{""alpha_negative"": {""Female"": 0.25, ""Male"": 0.25}, ""alpha_positive"": {""Female"": 0.35, ""Male"": 0.65}, ""contestation_scenario"": ""moderate_second_group"", ""rho_negative"": {""Female"": 0.05, ""Male"": 0.05}, ""rho_positive"": {""Female"": 0.8, ""Male"": 0.8}}",fnr,20,0.4555695564516129,0.0096069672967868,0.0021481831933232,0.4513591173926992,0.4597799955105265,"{'Female': 0.25, 'Male': 0.25}","{'Female': 0.35, 'Male': 0.65}","{'Female': 0.05, 'Male': 0.05}","{'Female': 0.8, 'Male': 0.8}"
REALDATA,SEMISYNTHETIC REAL-DATA EXPERIMENT,adult,Male,random_forest,group_threshold_calibrated,pre,moderate_second_group,f2d18f38dbf44f65,"{""alpha_negative"": {""Female"": 0.25, ""Male"": 0.25}, ""alpha_positive"": {""Female"": 0.35, ""Male"": 0.65}, ""contestation_scenario"": ""moderate_second_group"", ""rho_negative"": {""Female"": 0.05, ""Male"": 0.05}, ""rho_positive"": {""Female"": 0.8, ""Male"": 0.8}}",fpr,20,0.0597228332600087,0.005800449023645,0.0012970198316892,0.0571806743898977,0.0622649921301197,"{'Female': 0.25, 'Male': 0.25}","{'Female': 0.35, 'Male': 0.65}","{'Female': 0.05, 'Male': 0.05}","{'Female': 0.8, 'Male': 0.8}"
REALDATA,SEMISYNTHETIC REAL-DATA EXPERIMENT,adult,Male,random_forest,group_threshold_calibrated,pre,moderate_second_group,f2d18f38dbf44f65,"{""alpha_negative"": {""Female"": 0.25, ""Male"": 0.25}, ""alpha_positive"": {""Female"": 0.35, ""Male"": 0.65}, ""contestation_scenario"": ""moderate_second_group"", ""rho_negative"": {""Female"": 0.05, ""Male"": 0.05}, ""rho_positive"": {""Female"": 0.8, ""Male"": 0.8}}",n,20,6530.0,0.0,0.0,6530.0,6530.0,"{'Female': 0.25, 'Male': 0.25}","{'Female': 0.35, 'Male': 0.65}","{'Female': 0.05, 'Male': 0.05}","{'Female': 0.8, 'Male': 0.8}"
REALDATA,SEMISYNTHETIC REAL-DATA EXPERIMENT,adult,Male,random_forest,group_threshold_calibrated,pre,moderate_second_group,f2d18f38dbf44f65,"{""alpha_negative"": {""Female"": 0.25, ""Male"": 0.25}, ""alpha_positive"": {""Female"": 0.35, ""Male"": 0.65}, ""contestation_scenario"": ""moderate_second_group"", ""rho_negative"": {""Female"": 0.05, ""Male"": 0.05}, ""rho_positive"": {""Female"": 0.8, ""Male"": 0.8}}",positive_rate,20,0.2069908116385911,0.0058409482504928,0.001306075734116,0.2044309031997236,0.2095507200774585,"{'Female': 0.25, 'Male': 0.25}","{'Female': 0.35, 'Male': 0.65}","{'Female': 0.05, 'Male': 0.05}","{'Female': 0.8, 'Male': 0.8}"
REALDATA,SEMISYNTHETIC REAL-DATA EXPERIMENT,adult,Male,random_forest,group_threshold_calibrated,pre,moderate_second_group,f2d18f38dbf44f65,"{""alpha_negative"": {""Female"": 0.25, ""Male"": 0.25}, ""alpha_positive"": {""Female"": 0.35, ""Male"": 0.65}, ""contestation_scenario"": ""moderate_second_group"", ""rho_negative"": {""Female"": 0.05, ""Male"": 0.05}, ""rho_positive"": {""Female"": 0.8, ""Male"": 0.8}}",prevalence,20,0.3038284839203675,0.0,0.0,0.3038284839203675,0.3038284839203675,"{'Female': 0.25, 'Male': 0.25}","{'Female': 0.35, 'Male': 0.65}","{'Female': 0.05, 'Male': 0.05}","{'Female': 0.8, 'Male': 0.8}"
REALDATA,SEMISYNTHETIC REAL-DATA EXPERIMENT,adult,Male,random_forest,group_threshold_calibrated,pre,moderate_second_group,f2d18f38dbf44f65,"{""alpha_negative"": {""Female"": 0.25, ""Male"": 0.25}, ""alpha_positive"": {""Female"": 0.35, ""Male"": 0.65}, ""contestation_scenario"": ""moderate_second_group"", ""rho_negative"": {""Female"": 0.05, ""Male"": 0.05}, ""rho_positive"": {""Female"": 0.8, ""Male"": 0.8}}",tnr,20,0.9402771667399912,0.005800449023645,0.0012970198316892,0.9377350078698804,0.9428193256101024,"{'Female': 0.25, 'Male': 0.25}","{'Female': 0.35, 'Male': 0.65}","{'Female': 0.05, 'Male': 0.05}","{'Female': 0.8, 'Male': 0.8}"
REALDATA,SEMISYNTHETIC REAL-DATA EXPERIMENT,adult,Male,random_forest,group_threshold_calibrated,pre,moderate_second_group,f2d18f38dbf44f65,"{""alpha_negative"": {""Female"": 0.25, ""Male"": 0.25}, ""alpha_positive"": {""Female"": 0.35, ""Male"": 0.65}, ""contestation_scenario"": ""moderate_second_group"", ""rho_negative"": {""Female"": 0.05, ""Male"": 0.05}, ""rho_positive"": {""Female"": 0.8, ""Male"": 0.8}}",tpr,20,0.5444304435483871,0.0096069672967868,0.0021481831933232,0.5402200044894735,0.5486408826073007,"{'Female': 0.25, 'Male': 0.25}","{'Female': 0.35, 'Male': 0.65}","{'Female': 0.05, 'Male': 0.05}","{'Female': 0.8, 'Male': 0.8}"
REALDATA,SEMISYNTHETIC REAL-DATA EXPERIMENT,adult,Male,random_forest,group_threshold_calibrated,pre,strong_first_group,80db5b8b411cb1ee,"{""alpha_negative"": {""Female"": 0.25, ""Male"": 0.25}, ""alpha_positive"": {""Female"": 0.75, ""Male"": 0.25}, ""contestation_scenario"": ""strong_first_group"", ""rho_negative"": {""Female"": 0.05, ""Male"": 0.05}, ""rho_positive"": {""Female"": 0.8, ""Male"": 0.8}}",accuracy,20,0.8200076569678407,0.0039415166995831,0.0008813499274718,0.8182802111099958,0.8217351028256856,"{'Female': 0.25, 'Male': 0.25}","{'Female': 0.75, 'Male': 0.25}","{'Female': 0.05, 'Male': 0.05}","{'Female': 0.8, 'Male': 0.8}"
REALDATA,SEMISYNTHETIC REAL-DATA EXPERIMENT,adult,Male,random_forest,group_threshold_calibrated,pre,strong_first_group,80db5b8b411cb1ee,"{""alpha_negative"": {""Female"": 0.25, ""Male"": 0.25}, ""alpha_positive"": {""Female"": 0.75, ""Male"": 0.25}, ""contestation_scenario"": ""strong_first_group"", ""rho_negative"": {""Female"": 0.05, ""Male"": 0.05}, ""rho_positive"": {""Female"": 0.8, ""Male"": 0.8}}",fnr,20,0.4555695564516129,0.0096069672967868,0.0021481831933232,0.4513591173926992,0.4597799955105265,"{'Female': 0.25, 'Male': 0.25}","{'Female': 0.75, 'Male': 0.25}","{'Female': 0.05, 'Male': 0.05}","{'Female': 0.8, 'Male': 0.8}"
REALDATA,SEMISYNTHETIC REAL-DATA EXPERIMENT,adult,Male,random_forest,group_threshold_calibrated,pre,strong_first_group,80db5b8b411cb1ee,"{""alpha_negative"": {""Female"": 0.25, ""Male"": 0.25}, ""alpha_positive"": {""Female"": 0.75, ""Male"": 0.25}, ""contestation_scenario"": ""strong_first_group"", ""rho_negative"": {""Female"": 0.05, ""Male"": 0.05}, ""rho_positive"": {""Female"": 0.8, ""Male"": 0.8}}",fpr,20,0.0597228332600087,0.005800449023645,0.0012970198316892,0.0571806743898977,0.0622649921301197,"{'Female': 0.25, 'Male': 0.25}","{'Female': 0.75, 'Male': 0.25}","{'Female': 0.05, 'Male': 0.05}","{'Female': 0.8, 'Male': 0.8}"
REALDATA,SEMISYNTHETIC REAL-DATA EXPERIMENT,adult,Male,random_forest,group_threshold_calibrated,pre,strong_first_group,80db5b8b411cb1ee,"{""alpha_negative"": {""Female"": 0.25, ""Male"": 0.25}, ""alpha_positive"": {""Female"": 0.75, ""Male"": 0.25}, ""contestation_scenario"": ""strong_first_group"", ""rho_negative"": {""Female"": 0.05, ""Male"": 0.05}, ""rho_positive"": {""Female"": 0.8, ""Male"": 0.8}}",n,20,6530.0,0.0,0.0,6530.0,6530.0,"{'Female': 0.25, 'Male': 0.25}","{'Female': 0.75, 'Male': 0.25}","{'Female': 0.05, 'Male': 0.05}","{'Female': 0.8, 'Male': 0.8}"
REALDATA,SEMISYNTHETIC REAL-DATA EXPERIMENT,adult,Male,random_forest,group_threshold_calibrated,pre,strong_first_group,80db5b8b411cb1ee,"{""alpha_negative"": {""Female"": 0.25, ""Male"": 0.25}, ""alpha_positive"": {""Female"": 0.75, ""Male"": 0.25}, ""contestation_scenario"": ""strong_first_group"", ""rho_negative"": {""Female"": 0.05, ""Male"": 0.05}, ""rho_positive"": {""Female"": 0.8, ""Male"": 0.8}}",positive_rate,20,0.2069908116385911,0.0058409482504928,0.001306075734116,0.2044309031997236,0.2095507200774585,"{'Female': 0.25, 'Male': 0.25}","{'Female': 0.75, 'Male': 0.25}","{'Female': 0.05, 'Male': 0.05}","{'Female': 0.8, 'Male': 0.8}"
REALDATA,SEMISYNTHETIC REAL-DATA EXPERIMENT,adult,Male,random_forest,group_threshold_calibrated,pre,strong_first_group,80db5b8b411cb1ee,"{""alpha_negative"": {""Female"": 0.25, ""Male"": 0.25}, ""alpha_positive"": {""Female"": 0.75, ""Male"": 0.25}, ""contestation_scenario"": ""strong_first_group"", ""rho_negative"": {""Female"": 0.05, ""Male"": 0.05}, ""rho_positive"": {""Female"": 0.8, ""Male"": 0.8}}",prevalence,20,0.3038284839203675,0.0,0.0,0.3038284839203675,0.3038284839203675,"{'Female': 0.25, 'Male': 0.25}","{'Female': 0.75, 'Male': 0.25}","{'Female': 0.05, 'Male': 0.05}","{'Female': 0.8, 'Male': 0.8}"
REALDATA,SEMISYNTHETIC REAL-DATA EXPERIMENT,adult,Male,random_forest,group_threshold_calibrated,pre,strong_first_group,80db5b8b411cb1ee,"{""alpha_negative"": {""Female"": 0.25, ""Male"": 0.25}, ""alpha_positive"": {""Female"": 0.75, ""Male"": 0.25}, ""contestation_scenario"": ""strong_first_group"", ""rho_negative"": {""Female"": 0.05, ""Male"": 0.05}, ""rho_positive"": {""Female"": 0.8, ""Male"": 0.8}}",tnr,20,0.9402771667399912,0.005800449023645,0.0012970198316892,0.9377350078698804,0.9428193256101024,"{'Female': 0.25, 'Male': 0.25}","{'Female': 0.75, 'Male': 0.25}","{'Female': 0.05, 'Male': 0.05}","{'Female': 0.8, 'Male': 0.8}"
REALDATA,SEMISYNTHETIC REAL-DATA EXPERIMENT,adult,Male,random_forest,group_threshold_calibrated,pre,strong_first_group,80db5b8b411cb1ee,"{""alpha_negative"": {""Female"": 0.25, ""Male"": 0.25}, ""alpha_positive"": {""Female"": 0.75, ""Male"": 0.25}, ""contestation_scenario"": ""strong_first_group"", ""rho_negative"": {""Female"": 0.05, ""Male"": 0.05}, ""rho_positive"": {""Female"": 0.8, ""Male"": 0.8}}",tpr,20,0.5444304435483871,0.0096069672967868,0.0021481831933232,0.5402200044894735,0.5486408826073007,"{'Female': 0.25, 'Male': 0.25}","{'Female': 0.75, 'Male': 0.25}","{'Female': 0.05, 'Male': 0.05}","{'Female': 0.8, 'Male': 0.8}"
REALDATA,SEMISYNTHETIC REAL-DATA EXPERIMENT,adult,Male,random_forest,group_threshold_calibrated,pre,strong_second_group,1a6f52e99e976851,"{""alpha_negative"": {""Female"": 0.25, ""Male"": 0.25}, ""alpha_positive"": {""Female"": 0.25, ""Male"": 0.75}, ""contestation_scenario"": ""strong_second_group"", ""rho_negative"": {""Female"": 0.05, ""Male"": 0.05}, ""rho_positive"": {""Female"": 0.8, ""Male"": 0.8}}",accuracy,20,0.8200076569678407,0.0039415166995831,0.0008813499274718,0.8182802111099958,0.8217351028256856,"{'Female': 0.25, 'Male': 0.25}","{'Female': 0.25, 'Male': 0.75}","{'Female': 0.05, 'Male': 0.05}","{'Female': 0.8, 'Male': 0.8}"
REALDATA,SEMISYNTHETIC REAL-DATA EXPERIMENT,adult,Male,random_forest,group_threshold_calibrated,pre,strong_second_group,1a6f52e99e976851,"{""alpha_negative"": {""Female"": 0.25, ""Male"": 0.25}, ""alpha_positive"": {""Female"": 0.25, ""Male"": 0.75}, ""contestation_scenario"": ""strong_second_group"", ""rho_negative"": {""Female"": 0.05, ""Male"": 0.05}, ""rho_positive"": {""Female"": 0.8, ""Male"": 0.8}}",fnr,20,0.4555695564516129,0.0096069672967868,0.0021481831933232,0.4513591173926992,0.4597799955105265,"{'Female': 0.25, 'Male': 0.25}","{'Female': 0.25, 'Male': 0.75}","{'Female': 0.05, 'Male': 0.05}","{'Female': 0.8, 'Male': 0.8}"
REALDATA,SEMISYNTHETIC REAL-DATA EXPERIMENT,adult,Male,random_forest,group_threshold_calibrated,pre,strong_second_group,1a6f52e99e976851,"{""alpha_negative"": {""Female"": 0.25, ""Male"": 0.25}, ""alpha_positive"": {""Female"": 0.25, ""Male"": 0.75}, ""contestation_scenario"": ""strong_second_group"", ""rho_negative"": {""Female"": 0.05, ""Male"": 0.05}, ""rho_positive"": {""Female"": 0.8, ""Male"": 0.8}}",fpr,20,0.0597228332600087,0.005800449023645,0.0012970198316892,0.0571806743898977,0.0622649921301197,"{'Female': 0.25, 'Male': 0.25}","{'Female': 0.25, 'Male': 0.75}","{'Female': 0.05, 'Male': 0.05}","{'Female': 0.8, 'Male': 0.8}"
REALDATA,SEMISYNTHETIC REAL-DATA EXPERIMENT,adult,Male,random_forest,group_threshold_calibrated,pre,strong_second_group,1a6f52e99e976851,"{""alpha_negative"": {""Female"": 0.25, ""Male"": 0.25}, ""alpha_positive"": {""Female"": 0.25, ""Male"": 0.75}, ""contestation_scenario"": ""strong_second_group"", ""rho_negative"": {""Female"": 0.05, ""Male"": 0.05}, ""rho_positive"": {""Female"": 0.8, ""Male"": 0.8}}",n,20,6530.0,0.0,0.0,6530.0,6530.0,"{'Female': 0.25, 'Male': 0.25}","{'Female': 0.25, 'Male': 0.75}","{'Female': 0.05, 'Male': 0.05}","{'Female': 0.8, 'Male': 0.8}"
REALDATA,SEMISYNTHETIC REAL-DATA EXPERIMENT,adult,Male,random_forest,group_threshold_calibrated,pre,strong_second_group,1a6f52e99e976851,"{""alpha_negative"": {""Female"": 0.25, ""Male"": 0.25}, ""alpha_positive"": {""Female"": 0.25, ""Male"": 0.75}, ""contestation_scenario"": ""strong_second_group"", ""rho_negative"": {""Female"": 0.05, ""Male"": 0.05}, ""rho_positive"": {""Female"": 0.8, ""Male"": 0.8}}",positive_rate,20,0.2069908116385911,0.0058409482504928,0.001306075734116,0.2044309031997236,0.2095507200774585,"{'Female': 0.25, 'Male': 0.25}","{'Female': 0.25, 'Male': 0.75}","{'Female': 0.05, 'Male': 0.05}","{'Female': 0.8, 'Male': 0.8}"
REALDATA,SEMISYNTHETIC REAL-DATA EXPERIMENT,adult,Male,random_forest,group_threshold_calibrated,pre,strong_second_group,1a6f52e99e976851,"{""alpha_negative"": {""Female"": 0.25, ""Male"": 0.25}, ""alpha_positive"": {""Female"": 0.25, ""Male"": 0.75}, ""contestation_scenario"": ""strong_second_group"", ""rho_negative"": {""Female"": 0.05, ""Male"": 0.05}, ""rho_positive"": {""Female"": 0.8, ""Male"": 0.8}}",prevalence,20,0.3038284839203675,0.0,0.0,0.3038284839203675,0.3038284839203675,"{'Female': 0.25, 'Male': 0.25}","{'Female': 0.25, 'Male': 0.75}","{'Female': 0.05, 'Male': 0.05}","{'Female': 0.8, 'Male': 0.8}"
REALDATA,SEMISYNTHETIC REAL-DATA EXPERIMENT,adult,Male,random_forest,group_threshold_calibrated,pre,strong_second_group,1a6f52e99e976851,"{""alpha_negative"": {""Female"": 0.25, ""Male"": 0.25}, ""alpha_positive"": {""Female"": 0.25, ""Male"": 0.75}, ""contestation_scenario"": ""strong_second_group"", ""rho_negative"": {""Female"": 0.05, ""Male"": 0.05}, ""rho_positive"": {""Female"": 0.8, ""Male"": 0.8}}",tnr,20,0.9402771667399912,0.005800449023645,0.0012970198316892,0.9377350078698804,0.9428193256101024,"{'Female': 0.25, 'Male': 0.25}","{'Female': 0.25, 'Male': 0.75}","{'Female': 0.05, 'Male': 0.05}","{'Female': 0.8, 'Male': 0.8}"
REALDATA,SEMISYNTHETIC REAL-DATA EXPERIMENT,adult,Male,random_forest,group_threshold_calibrated,pre,strong_second_group,1a6f52e99e976851,"{""alpha_negative"": {""Female"": 0.25, ""Male"": 0.25}, ""alpha_positive"": {""Female"": 0.25, ""Male"": 0.75}, ""contestation_scenario"": ""strong_second_group"", ""rho_negative"": {""Female"": 0.05, ""Male"": 0.05}, ""rho_positive"": {""Female"": 0.8, ""Male"": 0.8}}",tpr,20,0.5444304435483871,0.0096069672967868,0.0021481831933232,0.5402200044894735,0.5486408826073007,"{'Female': 0.25, 'Male': 0.25}","{'Female': 0.25, 'Male': 0.75}","{'Female': 0.05, 'Male': 0.05}","{'Female': 0.8, 'Male': 0.8}"
REALDATA,SEMISYNTHETIC REAL-DATA EXPERIMENT,adult,Male,random_forest,validation_selected_threshold,frozen_policy,equal_access,8b1b8b56ce23dea1,"{""alpha_negative"": {""Female"": 0.25, ""Male"": 0.25}, ""alpha_positive"": {""Female"": 0.5, ""Male"": 0.5}, ""contestation_scenario"": ""equal_access"", ""rho_negative"": {""Female"": 0.05, ""Male"": 0.05}, ""rho_positive"": {""Female"": 0.8, ""Male"": 0.8}}",decision_threshold,20,0.5225000000000001,0.0055011960422018,0.0012301048307916,0.5200889945316486,0.5249110054683516,"{'Female': 0.25, 'Male': 0.25}","{'Female': 0.5, 'Male': 0.5}","{'Female': 0.05, 'Male': 0.05}","{'Female': 0.8, 'Male': 0.8}"
REALDATA,SEMISYNTHETIC REAL-DATA EXPERIMENT,adult,Male,random_forest,validation_selected_threshold,frozen_policy,moderate_first_group,58a445a909825bd5,"{""alpha_negative"": {""Female"": 0.25, ""Male"": 0.25}, ""alpha_positive"": {""Female"": 0.65, ""Male"": 0.35}, ""contestation_scenario"": ""moderate_first_group"", ""rho_negative"": {""Female"": 0.05, ""Male"": 0.05}, ""rho_positive"": {""Female"": 0.8, ""Male"": 0.8}}",decision_threshold,20,0.5225000000000001,0.0055011960422018,0.0012301048307916,0.5200889945316486,0.5249110054683516,"{'Female': 0.25, 'Male': 0.25}","{'Female': 0.65, 'Male': 0.35}","{'Female': 0.05, 'Male': 0.05}","{'Female': 0.8, 'Male': 0.8}"
REALDATA,SEMISYNTHETIC REAL-DATA EXPERIMENT,adult,Male,random_forest,validation_selected_threshold,frozen_policy,moderate_second_group,f2d18f38dbf44f65,"{""alpha_negative"": {""Female"": 0.25, ""Male"": 0.25}, ""alpha_positive"": {""Female"": 0.35, ""Male"": 0.65}, ""contestation_scenario"": ""moderate_second_group"", ""rho_negative"": {""Female"": 0.05, ""Male"": 0.05}, ""rho_positive"": {""Female"": 0.8, ""Male"": 0.8}}",decision_threshold,20,0.5225000000000001,0.0055011960422018,0.0012301048307916,0.5200889945316486,0.5249110054683516,"{'Female': 0.25, 'Male': 0.25}","{'Female': 0.35, 'Male': 0.65}","{'Female': 0.05, 'Male': 0.05}","{'Female': 0.8, 'Male': 0.8}"
REALDATA,SEMISYNTHETIC REAL-DATA EXPERIMENT,adult,Male,random_forest,validation_selected_threshold,frozen_policy,strong_first_group,80db5b8b411cb1ee,"{""alpha_negative"": {""Female"": 0.25, ""Male"": 0.25}, ""alpha_positive"": {""Female"": 0.75, ""Male"": 0.25}, ""contestation_scenario"": ""strong_first_group"", ""rho_negative"": {""Female"": 0.05, ""Male"": 0.05}, ""rho_positive"": {""Female"": 0.8, ""Male"": 0.8}}",decision_threshold,20,0.5225000000000001,0.0055011960422018,0.0012301048307916,0.5200889945316486,0.5249110054683516,"{'Female': 0.25, 'Male': 0.25}","{'Female': 0.75, 'Male': 0.25}","{'Female': 0.05, 'Male': 0.05}","{'Female': 0.8, 'Male': 0.8}"
REALDATA,SEMISYNTHETIC REAL-DATA EXPERIMENT,adult,Male,random_forest,validation_selected_threshold,frozen_policy,strong_second_group,1a6f52e99e976851,"{""alpha_negative"": {""Female"": 0.25, ""Male"": 0.25}, ""alpha_positive"": {""Female"": 0.25, ""Male"": 0.75}, ""contestation_scenario"": ""strong_second_group"", ""rho_negative"": {""Female"": 0.05, ""Male"": 0.05}, ""rho_positive"": {""Female"": 0.8, ""Male"": 0.8}}",decision_threshold,20,0.5225000000000001,0.0055011960422018,0.0012301048307916,0.5200889945316486,0.5249110054683516,"{'Female': 0.25, 'Male': 0.25}","{'Female': 0.25, 'Male': 0.75}","{'Female': 0.05, 'Male': 0.05}","{'Female': 0.8, 'Male': 0.8}"
REALDATA,SEMISYNTHETIC REAL-DATA EXPERIMENT,german,ALL,gradient_boosting,group_threshold_calibrated,post,equal_access,8b1b8b56ce23dea1,"{""alpha_negative"": {""Female"": 0.25, ""Male"": 0.25}, ""alpha_positive"": {""Female"": 0.5, ""Male"": 0.5}, ""contestation_scenario"": ""equal_access"", ""rho_negative"": {""Female"": 0.05, ""Male"": 0.05}, ""rho_positive"": {""Female"": 0.8, ""Male"": 0.8}}",demographic_parity_gap,20,0.0702080411407199,0.0463825754050435,0.0103714591577187,0.0498799811915912,0.0905361010898486,"{'Female': 0.25, 'Male': 0.25}","{'Female': 0.5, 'Male': 0.5}","{'Female': 0.05, 'Male': 0.05}","{'Female': 0.8, 'Male': 0.8}"
REALDATA,SEMISYNTHETIC REAL-DATA EXPERIMENT,german,ALL,gradient_boosting,group_threshold_calibrated,post,equal_access,8b1b8b56ce23dea1,"{""alpha_negative"": {""Female"": 0.25, ""Male"": 0.25}, ""alpha_positive"": {""Female"": 0.5, ""Male"": 0.5}, ""contestation_scenario"": ""equal_access"", ""rho_negative"": {""Female"": 0.05, ""Male"": 0.05}, ""rho_positive"": {""Female"": 0.8, ""Male"": 0.8}}",equal_opportunity_gap,20,0.0602499999999999,0.0335007855367444,0.0074910033759802,0.0455676333830786,0.0749323666169212,"{'Female': 0.25, 'Male': 0.25}","{'Female': 0.5, 'Male': 0.5}","{'Female': 0.05, 'Male': 0.05}","{'Female': 0.8, 'Male': 0.8}"
REALDATA,SEMISYNTHETIC REAL-DATA EXPERIMENT,german,ALL,gradient_boosting,group_threshold_calibrated,post,equal_access,8b1b8b56ce23dea1,"{""alpha_negative"": {""Female"": 0.25, ""Male"": 0.25}, ""alpha_positive"": {""Female"": 0.5, ""Male"": 0.5}, ""contestation_scenario"": ""equal_access"", ""rho_negative"": {""Female"": 0.05, ""Male"": 0.05}, ""rho_positive"": {""Female"": 0.8, ""Male"": 0.8}}",equalized_odds_gap,20,0.1478803827751195,0.0917208756562959,0.0205094112923283,0.107681936642156,0.1880788289080831,"{'Female': 0.25, 'Male': 0.25}","{'Female': 0.5, 'Male': 0.5}","{'Female': 0.05, 'Male': 0.05}","{'Female': 0.8, 'Male': 0.8}"
REALDATA,SEMISYNTHETIC REAL-DATA EXPERIMENT,german,ALL,gradient_boosting,group_threshold_calibrated,post,equal_access,8b1b8b56ce23dea1,"{""alpha_negative"": {""Female"": 0.25, ""Male"": 0.25}, ""alpha_positive"": {""Female"": 0.5, ""Male"": 0.5}, ""contestation_scenario"": ""equal_access"", ""rho_negative"": {""Female"": 0.05, ""Male"": 0.05}, ""rho_positive"": {""Female"": 0.8, ""Male"": 0.8}}",fpr_gap,20,0.1357655502392344,0.1018448513807633,0.022773201084575,0.0911300761134674,0.1804010243650015,"{'Female': 0.25, 'Male': 0.25}","{'Female': 0.5, 'Male': 0.5}","{'Female': 0.05, 'Male': 0.05}","{'Female': 0.8, 'Male': 0.8}"
REALDATA,SEMISYNTHETIC REAL-DATA EXPERIMENT,german,ALL,gradient_boosting,group_threshold_calibrated,post,moderate_first_group,58a445a909825bd5,"{""alpha_negative"": {""Female"": 0.25, ""Male"": 0.25}, ""alpha_positive"": {""Female"": 0.65, ""Male"": 0.35}, ""contestation_scenario"": ""moderate_first_group"", ""rho_negative"": {""Female"": 0.05, ""Male"": 0.05}, ""rho_positive"": {""Female"": 0.8, ""Male"": 0.8}}",demographic_parity_gap,20,0.0723585787751285,0.0435168373235713,0.0097306606421305,0.0532864839165526,0.0914306736337043,"{'Female': 0.25, 'Male': 0.25}","{'Female': 0.65, 'Male': 0.35}","{'Female': 0.05, 'Male': 0.05}","{'Female': 0.8, 'Male': 0.8}"
REALDATA,SEMISYNTHETIC REAL-DATA EXPERIMENT,german,ALL,gradient_boosting,group_threshold_calibrated,post,moderate_first_group,58a445a909825bd5,"{""alpha_negative"": {""Female"": 0.25, ""Male"": 0.25}, ""alpha_positive"": {""Female"": 0.65, ""Male"": 0.35}, ""contestation_scenario"": ""moderate_first_group"", ""rho_negative"": {""Female"": 0.05, ""Male"": 0.05}, ""rho_positive"": {""Female"": 0.8, ""Male"": 0.8}}",equal_opportunity_gap,20,0.0692499999999999,0.0415893141639962,0.009299653360829,0.051022679412775,0.0874773205872248,"{'Female': 0.25, 'Male': 0.25}","{'Female': 0.65, 'Male': 0.35}","{'Female': 0.05, 'Male': 0.05}","{'Female': 0.8, 'Male': 0.8}"
REALDATA,SEMISYNTHETIC REAL-DATA EXPERIMENT,german,ALL,gradient_boosting,group_threshold_calibrated,post,moderate_first_group,58a445a909825bd5,"{""alpha_negative"": {""Female"": 0.25, ""Male"": 0.25}, ""alpha_positive"": {""Female"": 0.65, ""Male"": 0.35}, ""contestation_scenario"": ""moderate_first_group"", ""rho_negative"": {""Female"": 0.05, ""Male"": 0.05}, ""rho_positive"": {""Female"": 0.8, ""Male"": 0.8}}",equalized_odds_gap,20,0.1504868421052631,0.0874243145123829,0.0195486710136009,0.1121714469186052,0.188802237291921,"{'Female': 0.25, 'Male': 0.25}","{'Female': 0.65, 'Male': 0.35}","{'Female': 0.05, 'Male': 0.05}","{'Female': 0.8, 'Male': 0.8}"
REALDATA,SEMISYNTHETIC REAL-DATA EXPERIMENT,german,ALL,gradient_boosting,group_threshold_calibrated,post,moderate_first_group,58a445a909825bd5,"{""alpha_negative"": {""Female"": 0.25, ""Male"": 0.25}, ""alpha_positive"": {""Female"": 0.65, ""Male"": 0.35}, ""contestation_scenario"": ""moderate_first_group"", ""rho_negative"": {""Female"": 0.05, ""Male"": 0.05}, ""rho_positive"": {""Female"": 0.8, ""Male"": 0.8}}",fpr_gap,20,0.1308612440191387,0.1041182788807003,0.0232815549277526,0.0852293963607434,0.1764930916775339,"{'Female': 0.25, 'Male': 0.25}","{'Female': 0.65, 'Male': 0.35}","{'Female': 0.05, 'Male': 0.05}","{'Female': 0.8, 'Male': 0.8}"
REALDATA,SEMISYNTHETIC REAL-DATA EXPERIMENT,german,ALL,gradient_boosting,group_threshold_calibrated,post,moderate_second_group,f2d18f38dbf44f65,"{""alpha_negative"": {""Female"": 0.25, ""Male"": 0.25}, ""alpha_positive"": {""Female"": 0.35, ""Male"": 0.65}, ""contestation_scenario"": ""moderate_second_group"", ""rho_negative"": {""Female"": 0.05, ""Male"": 0.05}, ""rho_positive"": {""Female"": 0.8, ""Male"": 0.8}}",demographic_parity_gap,20,0.0727208976157082,0.057163618400277,0.0127821736582877,0.0476678372454642,0.0977739579859521,"{'Female': 0.25, 'Male': 0.25}","{'Female': 0.35, 'Male': 0.65}","{'Female': 0.05, 'Male': 0.05}","{'Female': 0.8, 'Male': 0.8}"
REALDATA,SEMISYNTHETIC REAL-DATA EXPERIMENT,german,ALL,gradient_boosting,group_threshold_calibrated,post,moderate_second_group,f2d18f38dbf44f65,"{""alpha_negative"": {""Female"": 0.25, ""Male"": 0.25}, ""alpha_positive"": {""Female"": 0.35, ""Male"": 0.65}, ""contestation_scenario"": ""moderate_second_group"", ""rho_negative"": {""Female"": 0.05, ""Male"": 0.05}, ""rho_positive"": {""Female"": 0.8, ""Male"": 0.8}}",equal_opportunity_gap,20,0.0569999999999999,0.0409235487476985,0.009150783688038,0.0390644639714453,0.0749355360285544,"{'Female': 0.25, 'Male': 0.25}","{'Female': 0.35, 'Male': 0.65}","{'Female': 0.05, 'Male': 0.05}","{'Female': 0.8, 'Male': 0.8}"
REALDATA,SEMISYNTHETIC REAL-DATA EXPERIMENT,german,ALL,gradient_boosting,group_threshold_calibrated,post,moderate_second_group,f2d18f38dbf44f65,"{""alpha_negative"": {""Female"": 0.25, ""Male"": 0.25}, ""alpha_positive"": {""Female"": 0.35, ""Male"": 0.65}, ""contestation_scenario"": ""moderate_second_group"", ""rho_negative"": {""Female"": 0.05, ""Male"": 0.05}, ""rho_positive"": {""Female"": 0.8, ""Male"": 0.8}}",equalized_odds_gap,20,0.1497177033492822,0.0951302221960608,0.0212717643545051,0.1080250452144521,0.1914103614841123,"{'Female': 0.25, 'Male': 0.25}","{'Female': 0.35, 'Male': 0.65}","{'Female': 0.05, 'Male': 0.05}","{'Female': 0.8, 'Male': 0.8}"
REALDATA,SEMISYNTHETIC REAL-DATA EXPERIMENT,german,ALL,gradient_boosting,group_threshold_calibrated,post,moderate_second_group,f2d18f38dbf44f65,"{""alpha_negative"": {""Female"": 0.25, ""Male"": 0.25}, ""alpha_positive"": {""Female"": 0.35, ""Male"": 0.65}, ""contestation_scenario"": ""moderate_second_group"", ""rho_negative"": {""Female"": 0.05, ""Male"": 0.05}, ""rho_positive"": {""Female"": 0.8, ""Male"": 0.8}}",fpr_gap,20,0.1383971291866028,0.1029901417970809,0.0230292958070615,0.0932597094047622,0.1835345489684434,"{'Female': 0.25, 'Male': 0.25}","{'Female': 0.35, 'Male': 0.65}","{'Female': 0.05, 'Male': 0.05}","{'Female': 0.8, 'Male': 0.8}"
REALDATA,SEMISYNTHETIC REAL-DATA EXPERIMENT,german,ALL,gradient_boosting,group_threshold_calibrated,post,strong_first_group,80db5b8b411cb1ee,"{""alpha_negative"": {""Female"": 0.25, ""Male"": 0.25}, ""alpha_positive"": {""Female"": 0.75, ""Male"": 0.25}, ""contestation_scenario"": ""strong_first_group"", ""rho_negative"": {""Female"": 0.05, ""Male"": 0.05}, ""rho_positive"": {""Female"": 0.8, ""Male"": 0.8}}",demographic_parity_gap,20,0.0772674146797568,0.0447473366105428,0.0100058086473238,0.057656029731002,0.0968787996285116,"{'Female': 0.25, 'Male': 0.25}","{'Female': 0.75, 'Male': 0.25}","{'Female': 0.05, 'Male': 0.05}","{'Female': 0.8, 'Male': 0.8}"
REALDATA,SEMISYNTHETIC REAL-DATA EXPERIMENT,german,ALL,gradient_boosting,group_threshold_calibrated,post,strong_first_group,80db5b8b411cb1ee,"{""alpha_negative"": {""Female"": 0.25, ""Male"": 0.25}, ""alpha_positive"": {""Female"": 0.75, ""Male"": 0.25}, ""contestation_scenario"": ""strong_first_group"", ""rho_negative"": {""Female"": 0.05, ""Male"": 0.05}, ""rho_positive"": {""Female"": 0.8, ""Male"": 0.8}}",equal_opportunity_gap,20,0.0862499999999999,0.0485276643835896,0.0108511156351001,0.0649818133552035,0.1075181866447963,"{'Female': 0.25, 'Male': 0.25}","{'Female': 0.75, 'Male': 0.25}","{'Female': 0.05, 'Male': 0.05}","{'Female': 0.8, 'Male': 0.8}"
REALDATA,SEMISYNTHETIC REAL-DATA EXPERIMENT,german,ALL,gradient_boosting,group_threshold_calibrated,post,strong_first_group,80db5b8b411cb1ee,"{""alpha_negative"": {""Female"": 0.25, ""Male"": 0.25}, ""alpha_positive"": {""Female"": 0.75, ""Male"": 0.25}, ""contestation_scenario"": ""strong_first_group"", ""rho_negative"": {""Female"": 0.05, ""Male"": 0.05}, ""rho_positive"": {""Female"": 0.8, ""Male"": 0.8}}",equalized_odds_gap,20,0.1591710526315789,0.0794751992724263,0.0177711948098487,0.1243395108042754,0.1940025944588824,"{'Female': 0.25, 'Male': 0.25}","{'Female': 0.75, 'Male': 0.25}","{'Female': 0.05, 'Male': 0.05}","{'Female': 0.8, 'Male': 0.8}"
REALDATA,SEMISYNTHETIC REAL-DATA EXPERIMENT,german,ALL,gradient_boosting,group_threshold_calibrated,post,strong_first_group,80db5b8b411cb1ee,"{""alpha_negative"": {""Female"": 0.25, ""Male"": 0.25}, ""alpha_positive"": {""Female"": 0.75, ""Male"": 0.25}, ""contestation_scenario"": ""strong_first_group"", ""rho_negative"": {""Female"": 0.05, ""Male"": 0.05}, ""rho_positive"": {""Female"": 0.8, ""Male"": 0.8}}",fpr_gap,20,0.1321770334928229,0.1005739823758705,0.0224890261360312,0.0880985422662017,0.1762555247194441,"{'Female': 0.25, 'Male': 0.25}","{'Female': 0.75, 'Male': 0.25}","{'Female': 0.05, 'Male': 0.05}","{'Female': 0.8, 'Male': 0.8}"
REALDATA,SEMISYNTHETIC REAL-DATA EXPERIMENT,german,ALL,gradient_boosting,group_threshold_calibrated,post,strong_second_group,1a6f52e99e976851,"{""alpha_negative"": {""Female"": 0.25, ""Male"": 0.25}, ""alpha_positive"": {""Female"": 0.25, ""Male"": 0.75}, ""contestation_scenario"": ""strong_second_group"", ""rho_negative"": {""Female"": 0.05, ""Male"": 0.05}, ""rho_positive"": {""Female"": 0.8, ""Male"": 0.8}}",demographic_parity_gap,20,0.075607760635811,0.0544730966704457,0.0121805547100034,0.0517338734042043,0.0994816478674177,"{'Female': 0.25, 'Male': 0.25}","{'Female': 0.25, 'Male': 0.75}","{'Female': 0.05, 'Male': 0.05}","{'Female': 0.8, 'Male': 0.8}"
REALDATA,SEMISYNTHETIC REAL-DATA EXPERIMENT,german,ALL,gradient_boosting,group_threshold_calibrated,post,strong_second_group,1a6f52e99e976851,"{""alpha_negative"": {""Female"": 0.25, ""Male"": 0.25}, ""alpha_positive"": {""Female"": 0.25, ""Male"": 0.75}, ""contestation_scenario"": ""strong_second_group"", ""rho_negative"": {""Female"": 0.05, ""Male"": 0.05}, ""rho_positive"": {""Female"": 0.8, ""Male"": 0.8}}",equal_opportunity_gap,20,0.0522499999999999,0.0477238492734364,0.0106713771123357,0.0313341008598218,0.073165899140178,"{'Female': 0.25, 'Male': 0.25}","{'Female': 0.25, 'Male': 0.75}","{'Female': 0.05, 'Male': 0.05}","{'Female': 0.8, 'Male': 0.8}"
REALDATA,SEMISYNTHETIC REAL-DATA EXPERIMENT,german,ALL,gradient_boosting,group_threshold_calibrated,post,strong_second_group,1a6f52e99e976851,"{""alpha_negative"": {""Female"": 0.25, ""Male"": 0.25}, ""alpha_positive"": {""Female"": 0.25, ""Male"": 0.75}, ""contestation_scenario"": ""strong_second_group"", ""rho_negative"": {""Female"": 0.05, ""Male"": 0.05}, ""rho_positive"": {""Female"": 0.8, ""Male"": 0.8}}",equalized_odds_gap,20,0.1480861244019138,0.0956688950267839,0.021392215261218,0.1061573824899265,0.1900148663139012,"{'Female': 0.25, 'Male': 0.25}","{'Female': 0.25, 'Male': 0.75}","{'Female': 0.05, 'Male': 0.05}","{'Female': 0.8, 'Male': 0.8}"
REALDATA,SEMISYNTHETIC REAL-DATA EXPERIMENT,german,ALL,gradient_boosting,group_threshold_calibrated,post,strong_second_group,1a6f52e99e976851,"{""alpha_negative"": {""Female"": 0.25, ""Male"": 0.25}, ""alpha_positive"": {""Female"": 0.25, ""Male"": 0.75}, ""contestation_scenario"": ""strong_second_group"", ""rho_negative"": {""Female"": 0.05, ""Male"": 0.05}, ""rho_positive"": {""Female"": 0.8, ""Male"": 0.8}}",fpr_gap,20,0.1370813397129186,0.1014038641843733,0.0226745933497415,0.0926391367474252,0.181523542678412,"{'Female': 0.25, 'Male': 0.25}","{'Female': 0.25, 'Male': 0.75}","{'Female': 0.05, 'Male': 0.05}","{'Female': 0.8, 'Male': 0.8}"
REALDATA,SEMISYNTHETIC REAL-DATA EXPERIMENT,german,ALL,gradient_boosting,group_threshold_calibrated,pre,equal_access,8b1b8b56ce23dea1,"{""alpha_negative"": {""Female"": 0.25, ""Male"": 0.25}, ""alpha_positive"": {""Female"": 0.5, ""Male"": 0.5}, ""contestation_scenario"": ""equal_access"", ""rho_negative"": {""Female"": 0.05, ""Male"": 0.05}, ""rho_positive"": {""Female"": 0.8, ""Male"": 0.8}}",demographic_parity_gap,20,0.0958976157082748,0.0522863802369739,0.0116915900507275,0.0729820992088488,0.1188131322077008,"{'Female': 0.25, 'Male': 0.25}","{'Female': 0.5, 'Male': 0.5}","{'Female': 0.05, 'Male': 0.05}","{'Female': 0.8, 'Male': 0.8}"
REALDATA,SEMISYNTHETIC REAL-DATA EXPERIMENT,german,ALL,gradient_boosting,group_threshold_calibrated,pre,equal_access,8b1b8b56ce23dea1,"{""alpha_negative"": {""Female"": 0.25, ""Male"": 0.25}, ""alpha_positive"": {""Female"": 0.5, ""Male"": 0.5}, ""contestation_scenario"": ""equal_access"", ""rho_negative"": {""Female"": 0.05, ""Male"": 0.05}, ""rho_positive"": {""Female"": 0.8, ""Male"": 0.8}}",equal_opportunity_gap,20,0.0947499999999999,0.0420987248212929,0.0094135610466468,0.076299420348572,0.1132005796514278,"{'Female': 0.25, 'Male': 0.25}","{'Female': 0.5, 'Male': 0.5}","{'Female': 0.05, 'Male': 0.05}","{'Female': 0.8, 'Male': 0.8}"
REALDATA,SEMISYNTHETIC REAL-DATA EXPERIMENT,german,ALL,gradient_boosting,group_threshold_calibrated,pre,equal_access,8b1b8b56ce23dea1,"{""alpha_negative"": {""Female"": 0.25, ""Male"": 0.25}, ""alpha_positive"": {""Female"": 0.5, ""Male"": 0.5}, ""contestation_scenario"": ""equal_access"", ""rho_negative"": {""Female"": 0.05, ""Male"": 0.05}, ""rho_positive"": {""Female"": 0.8, ""Male"": 0.8}}",equalized_odds_gap,20,0.1581351674641148,0.0844454451879029,0.0188825755830383,0.1211253193213596,0.1951450156068699,"{'Female': 0.25, 'Male': 0.25}","{'Female': 0.5, 'Male': 0.5}","{'Female': 0.05, 'Male': 0.05}","{'Female': 0.8, 'Male': 0.8}"
REALDATA,SEMISYNTHETIC REAL-DATA EXPERIMENT,german,ALL,gradient_boosting,group_threshold_calibrated,pre,equal_access,8b1b8b56ce23dea1,"{""alpha_negative"": {""Female"": 0.25, ""Male"": 0.25}, ""alpha_positive"": {""Female"": 0.5, ""Male"": 0.5}, ""contestation_scenario"": ""equal_access"", ""rho_negative"": {""Female"": 0.05, ""Male"": 0.05}, ""rho_positive"": {""Female"": 0.8, ""Male"": 0.8}}",fpr_gap,20,0.1350478468899521,0.1029731764814223,0.0230255022471543,0.0899178624855297,0.1801778312943746,"{'Female': 0.25, 'Male': 0.25}","{'Female': 0.5, 'Male': 0.5}","{'Female': 0.05, 'Male': 0.05}","{'Female': 0.8, 'Male': 0.8}"
REALDATA,SEMISYNTHETIC REAL-DATA EXPERIMENT,german,ALL,gradient_boosting,group_threshold_calibrated,pre,moderate_first_group,58a445a909825bd5,"{""alpha_negative"": {""Female"": 0.25, ""Male"": 0.25}, ""alpha_positive"": {""Female"": 0.65, ""Male"": 0.35}, ""contestation_scenario"": ""moderate_first_group"", ""rho_negative"": {""Female"": 0.05, ""Male"": 0.05}, ""rho_positive"": {""Female"": 0.8, ""Male"": 0.8}}",demographic_parity_gap,20,0.0958976157082748,0.0522863802369739,0.0116915900507275,0.0729820992088488,0.1188131322077008,"{'Female': 0.25, 'Male': 0.25}","{'Female': 0.65, 'Male': 0.35}","{'Female': 0.05, 'Male': 0.05}","{'Female': 0.8, 'Male': 0.8}"
REALDATA,SEMISYNTHETIC REAL-DATA EXPERIMENT,german,ALL,gradient_boosting,group_threshold_calibrated,pre,moderate_first_group,58a445a909825bd5,"{""alpha_negative"": {""Female"": 0.25, ""Male"": 0.25}, ""alpha_positive"": {""Female"": 0.65, ""Male"": 0.35}, ""contestation_scenario"": ""moderate_first_group"", ""rho_negative"": {""Female"": 0.05, ""Male"": 0.05}, ""rho_positive"": {""Female"": 0.8, ""Male"": 0.8}}",equal_opportunity_gap,20,0.0947499999999999,0.0420987248212929,0.0094135610466468,0.076299420348572,0.1132005796514278,"{'Female': 0.25, 'Male': 0.25}","{'Female': 0.65, 'Male': 0.35}","{'Female': 0.05, 'Male': 0.05}","{'Female': 0.8, 'Male': 0.8}"
REALDATA,SEMISYNTHETIC REAL-DATA EXPERIMENT,german,ALL,gradient_boosting,group_threshold_calibrated,pre,moderate_first_group,58a445a909825bd5,"{""alpha_negative"": {""Female"": 0.25, ""Male"": 0.25}, ""alpha_positive"": {""Female"": 0.65, ""Male"": 0.35}, ""contestation_scenario"": ""moderate_first_group"", ""rho_negative"": {""Female"": 0.05, ""Male"": 0.05}, ""rho_positive"": {""Female"": 0.8, ""Male"": 0.8}}",equalized_odds_gap,20,0.1581351674641148,0.0844454451879029,0.0188825755830383,0.1211253193213596,0.1951450156068699,"{'Female': 0.25, 'Male': 0.25}","{'Female': 0.65, 'Male': 0.35}","{'Female': 0.05, 'Male': 0.05}","{'Female': 0.8, 'Male': 0.8}"
REALDATA,SEMISYNTHETIC REAL-DATA EXPERIMENT,german,ALL,gradient_boosting,group_threshold_calibrated,pre,moderate_first_group,58a445a909825bd5,"{""alpha_negative"": {""Female"": 0.25, ""Male"": 0.25}, ""alpha_positive"": {""Female"": 0.65, ""Male"": 0.35}, ""contestation_scenario"": ""moderate_first_group"", ""rho_negative"": {""Female"": 0.05, ""Male"": 0.05}, ""rho_positive"": {""Female"": 0.8, ""Male"": 0.8}}",fpr_gap,20,0.1350478468899521,0.1029731764814223,0.0230255022471543,0.0899178624855297,0.1801778312943746,"{'Female': 0.25, 'Male': 0.25}","{'Female': 0.65, 'Male': 0.35}","{'Female': 0.05, 'Male': 0.05}","{'Female': 0.8, 'Male': 0.8}"
REALDATA,SEMISYNTHETIC REAL-DATA EXPERIMENT,german,ALL,gradient_boosting,group_threshold_calibrated,pre,moderate_second_group,f2d18f38dbf44f65,"{""alpha_negative"": {""Female"": 0.25, ""Male"": 0.25}, ""alpha_positive"": {""Female"": 0.35, ""Male"": 0.65}, ""contestation_scenario"": ""moderate_second_group"", ""rho_negative"": {""Female"": 0.05, ""Male"": 0.05}, ""rho_positive"": {""Female"": 0.8, ""Male"": 0.8}}",demographic_parity_gap,20,0.0958976157082748,0.0522863802369739,0.0116915900507275,0.0729820992088488,0.1188131322077008,"{'Female': 0.25, 'Male': 0.25}","{'Female': 0.35, 'Male': 0.65}","{'Female': 0.05, 'Male': 0.05}","{'Female': 0.8, 'Male': 0.8}"
REALDATA,SEMISYNTHETIC REAL-DATA EXPERIMENT,german,ALL,gradient_boosting,group_threshold_calibrated,pre,moderate_second_group,f2d18f38dbf44f65,"{""alpha_negative"": {""Female"": 0.25, ""Male"": 0.25}, ""alpha_positive"": {""Female"": 0.35, ""Male"": 0.65}, ""contestation_scenario"": ""moderate_second_group"", ""rho_negative"": {""Female"": 0.05, ""Male"": 0.05}, ""rho_positive"": {""Female"": 0.8, ""Male"": 0.8}}",equal_opportunity_gap,20,0.0947499999999999,0.0420987248212929,0.0094135610466468,0.076299420348572,0.1132005796514278,"{'Female': 0.25, 'Male': 0.25}","{'Female': 0.35, 'Male': 0.65}","{'Female': 0.05, 'Male': 0.05}","{'Female': 0.8, 'Male': 0.8}"
REALDATA,SEMISYNTHETIC REAL-DATA EXPERIMENT,german,ALL,gradient_boosting,group_threshold_calibrated,pre,moderate_second_group,f2d18f38dbf44f65,"{""alpha_negative"": {""Female"": 0.25, ""Male"": 0.25}, ""alpha_positive"": {""Female"": 0.35, ""Male"": 0.65}, ""contestation_scenario"": ""moderate_second_group"", ""rho_negative"": {""Female"": 0.05, ""Male"": 0.05}, ""rho_positive"": {""Female"": 0.8, ""Male"": 0.8}}",equalized_odds_gap,20,0.1581351674641148,0.0844454451879029,0.0188825755830383,0.1211253193213596,0.1951450156068699,"{'Female': 0.25, 'Male': 0.25}","{'Female': 0.35, 'Male': 0.65}","{'Female': 0.05, 'Male': 0.05}","{'Female': 0.8, 'Male': 0.8}"
REALDATA,SEMISYNTHETIC REAL-DATA EXPERIMENT,german,ALL,gradient_boosting,group_threshold_calibrated,pre,moderate_second_group,f2d18f38dbf44f65,"{""alpha_negative"": {""Female"": 0.25, ""Male"": 0.25}, ""alpha_positive"": {""Female"": 0.35, ""Male"": 0.65}, ""contestation_scenario"": ""moderate_second_group"", ""rho_negative"": {""Female"": 0.05, ""Male"": 0.05}, ""rho_positive"": {""Female"": 0.8, ""Male"": 0.8}}",fpr_gap,20,0.1350478468899521,0.1029731764814223,0.0230255022471543,0.0899178624855297,0.1801778312943746,"{'Female': 0.25, 'Male': 0.25}","{'Female': 0.35, 'Male': 0.65}","{'Female': 0.05, 'Male': 0.05}","{'Female': 0.8, 'Male': 0.8}"
REALDATA,SEMISYNTHETIC REAL-DATA EXPERIMENT,german,ALL,gradient_boosting,group_threshold_calibrated,pre,strong_first_group,80db5b8b411cb1ee,"{""alpha_negative"": {""Female"": 0.25, ""Male"": 0.25}, ""alpha_positive"": {""Female"": 0.75, ""Male"": 0.25}, ""contestation_scenario"": ""strong_first_group"", ""rho_negative"": {""Female"": 0.05, ""Male"": 0.05}, ""rho_positive"": {""Female"": 0.8, ""Male"": 0.8}}",demographic_parity_gap,20,0.0958976157082748,0.0522863802369739,0.0116915900507275,0.0729820992088488,0.1188131322077008,"{'Female': 0.25, 'Male': 0.25}","{'Female': 0.75, 'Male': 0.25}","{'Female': 0.05, 'Male': 0.05}","{'Female': 0.8, 'Male': 0.8}"
REALDATA,SEMISYNTHETIC REAL-DATA EXPERIMENT,german,ALL,gradient_boosting,group_threshold_calibrated,pre,strong_first_group,80db5b8b411cb1ee,"{""alpha_negative"": {""Female"": 0.25, ""Male"": 0.25}, ""alpha_positive"": {""Female"": 0.75, ""Male"": 0.25}, ""contestation_scenario"": ""strong_first_group"", ""rho_negative"": {""Female"": 0.05, ""Male"": 0.05}, ""rho_positive"": {""Female"": 0.8, ""Male"": 0.8}}",equal_opportunity_gap,20,0.0947499999999999,0.0420987248212929,0.0094135610466468,0.076299420348572,0.1132005796514278,"{'Female': 0.25, 'Male': 0.25}","{'Female': 0.75, 'Male': 0.25}","{'Female': 0.05, 'Male': 0.05}","{'Female': 0.8, 'Male': 0.8}"
REALDATA,SEMISYNTHETIC REAL-DATA EXPERIMENT,german,ALL,gradient_boosting,group_threshold_calibrated,pre,strong_first_group,80db5b8b411cb1ee,"{""alpha_negative"": {""Female"": 0.25, ""Male"": 0.25}, ""alpha_positive"": {""Female"": 0.75, ""Male"": 0.25}, ""contestation_scenario"": ""strong_first_group"", ""rho_negative"": {""Female"": 0.05, ""Male"": 0.05}, ""rho_positive"": {""Female"": 0.8, ""Male"": 0.8}}",equalized_odds_gap,20,0.1581351674641148,0.0844454451879029,0.0188825755830383,0.1211253193213596,0.1951450156068699,"{'Female': 0.25, 'Male': 0.25}","{'Female': 0.75, 'Male': 0.25}","{'Female': 0.05, 'Male': 0.05}","{'Female': 0.8, 'Male': 0.8}"
REALDATA,SEMISYNTHETIC REAL-DATA EXPERIMENT,german,ALL,gradient_boosting,group_threshold_calibrated,pre,strong_first_group,80db5b8b411cb1ee,"{""alpha_negative"": {""Female"": 0.25, ""Male"": 0.25}, ""alpha_positive"": {""Female"": 0.75, ""Male"": 0.25}, ""contestation_scenario"": ""strong_first_group"", ""rho_negative"": {""Female"": 0.05, ""Male"": 0.05}, ""rho_positive"": {""Female"": 0.8, ""Male"": 0.8}}",fpr_gap,20,0.1350478468899521,0.1029731764814223,0.0230255022471543,0.0899178624855297,0.1801778312943746,"{'Female': 0.25, 'Male': 0.25}","{'Female': 0.75, 'Male': 0.25}","{'Female': 0.05, 'Male': 0.05}","{'Female': 0.8, 'Male': 0.8}"
REALDATA,SEMISYNTHETIC REAL-DATA EXPERIMENT,german,ALL,gradient_boosting,group_threshold_calibrated,pre,strong_second_group,1a6f52e99e976851,"{""alpha_negative"": {""Female"": 0.25, ""Male"": 0.25}, ""alpha_positive"": {""Female"": 0.25, ""Male"": 0.75}, ""contestation_scenario"": ""strong_second_group"", ""rho_negative"": {""Female"": 0.05, ""Male"": 0.05}, ""rho_positive"": {""Female"": 0.8, ""Male"": 0.8}}",demographic_parity_gap,20,0.0958976157082748,0.0522863802369739,0.0116915900507275,0.0729820992088488,0.1188131322077008,"{'Female': 0.25, 'Male': 0.25}","{'Female': 0.25, 'Male': 0.75}","{'Female': 0.05, 'Male': 0.05}","{'Female': 0.8, 'Male': 0.8}"
REALDATA,SEMISYNTHETIC REAL-DATA EXPERIMENT,german,ALL,gradient_boosting,group_threshold_calibrated,pre,strong_second_group,1a6f52e99e976851,"{""alpha_negative"": {""Female"": 0.25, ""Male"": 0.25}, ""alpha_positive"": {""Female"": 0.25, ""Male"": 0.75}, ""contestation_scenario"": ""strong_second_group"", ""rho_negative"": {""Female"": 0.05, ""Male"": 0.05}, ""rho_positive"": {""Female"": 0.8, ""Male"": 0.8}}",equal_opportunity_gap,20,0.0947499999999999,0.0420987248212929,0.0094135610466468,0.076299420348572,0.1132005796514278,"{'Female': 0.25, 'Male': 0.25}","{'Female': 0.25, 'Male': 0.75}","{'Female': 0.05, 'Male': 0.05}","{'Female': 0.8, 'Male': 0.8}"
REALDATA,SEMISYNTHETIC REAL-DATA EXPERIMENT,german,ALL,gradient_boosting,group_threshold_calibrated,pre,strong_second_group,1a6f52e99e976851,"{""alpha_negative"": {""Female"": 0.25, ""Male"": 0.25}, ""alpha_positive"": {""Female"": 0.25, ""Male"": 0.75}, ""contestation_scenario"": ""strong_second_group"", ""rho_negative"": {""Female"": 0.05, ""Male"": 0.05}, ""rho_positive"": {""Female"": 0.8, ""Male"": 0.8}}",equalized_odds_gap,20,0.1581351674641148,0.0844454451879029,0.0188825755830383,0.1211253193213596,0.1951450156068699,"{'Female': 0.25, 'Male': 0.25}","{'Female': 0.25, 'Male': 0.75}","{'Female': 0.05, 'Male': 0.05}","{'Female': 0.8, 'Male': 0.8}"
REALDATA,SEMISYNTHETIC REAL-DATA EXPERIMENT,german,ALL,gradient_boosting,group_threshold_calibrated,pre,strong_second_group,1a6f52e99e976851,"{""alpha_negative"": {""Female"": 0.25, ""Male"": 0.25}, ""alpha_positive"": {""Female"": 0.25, ""Male"": 0.75}, ""contestation_scenario"": ""strong_second_group"", ""rho_negative"": {""Female"": 0.05, ""Male"": 0.05}, ""rho_positive"": {""Female"": 0.8, ""Male"": 0.8}}",fpr_gap,20,0.1350478468899521,0.1029731764814223,0.0230255022471543,0.0899178624855297,0.1801778312943746,"{'Female': 0.25, 'Male': 0.25}","{'Female': 0.25, 'Male': 0.75}","{'Female': 0.05, 'Male': 0.05}","{'Female': 0.8, 'Male': 0.8}"
REALDATA,SEMISYNTHETIC REAL-DATA EXPERIMENT,german,ALL,logistic,group_threshold_calibrated,post,equal_access,8b1b8b56ce23dea1,"{""alpha_negative"": {""Female"": 0.25, ""Male"": 0.25}, ""alpha_positive"": {""Female"": 0.5, ""Male"": 0.5}, ""contestation_scenario"": ""equal_access"", ""rho_negative"": {""Female"": 0.05, ""Male"": 0.05}, ""rho_positive"": {""Female"": 0.8, ""Male"": 0.8}}",demographic_parity_gap,20,0.0987961664329125,0.0544832743608024,0.0121828305107525,0.0749178186318375,0.1226745142339875,"{'Female': 0.25, 'Male': 0.25}","{'Female': 0.5, 'Male': 0.5}","{'Female': 0.05, 'Male': 0.05}","{'Female': 0.8, 'Male': 0.8}"
REALDATA,SEMISYNTHETIC REAL-DATA EXPERIMENT,german,ALL,logistic,group_threshold_calibrated,post,equal_access,8b1b8b56ce23dea1,"{""alpha_negative"": {""Female"": 0.25, ""Male"": 0.25}, ""alpha_positive"": {""Female"": 0.5, ""Male"": 0.5}, ""contestation_scenario"": ""equal_access"", ""rho_negative"": {""Female"": 0.05, ""Male"": 0.05}, ""rho_positive"": {""Female"": 0.8, ""Male"": 0.8}}",equal_opportunity_gap,20,0.0599999999999999,0.0367781399604081,0.0082238421037473,0.043881269476655,0.0761187305233448,"{'Female': 0.25, 'Male': 0.25}","{'Female': 0.5, 'Male': 0.5}","{'Female': 0.05, 'Male': 0.05}","{'Female': 0.8, 'Male': 0.8}"
REALDATA,SEMISYNTHETIC REAL-DATA EXPERIMENT,german,ALL,logistic,group_threshold_calibrated,post,equal_access,8b1b8b56ce23dea1,"{""alpha_negative"": {""Female"": 0.25, ""Male"": 0.25}, ""alpha_positive"": {""Female"": 0.5, ""Male"": 0.5}, ""contestation_scenario"": ""equal_access"", ""rho_negative"": {""Female"": 0.05, ""Male"": 0.05}, ""rho_positive"": {""Female"": 0.8, ""Male"": 0.8}}",equalized_odds_gap,20,0.1999808612440191,0.1013631213885036,0.0226654829836257,0.1555565145961127,0.2444052078919254,"{'Female': 0.25, 'Male': 0.25}","{'Female': 0.5, 'Male': 0.5}","{'Female': 0.05, 'Male': 0.05}","{'Female': 0.8, 'Male': 0.8}"
REALDATA,SEMISYNTHETIC REAL-DATA EXPERIMENT,german,ALL,logistic,group_threshold_calibrated,post,equal_access,8b1b8b56ce23dea1,"{""alpha_negative"": {""Female"": 0.25, ""Male"": 0.25}, ""alpha_positive"": {""Female"": 0.5, ""Male"": 0.5}, ""contestation_scenario"": ""equal_access"", ""rho_negative"": {""Female"": 0.05, ""Male"": 0.05}, ""rho_positive"": {""Female"": 0.8, ""Male"": 0.8}}",fpr_gap,20,0.1906698564593301,0.1148695168355113,0.025685604818676,0.1403260710147251,0.2410136419039351,"{'Female': 0.25, 'Male': 0.25}","{'Female': 0.5, 'Male': 0.5}","{'Female': 0.05, 'Male': 0.05}","{'Female': 0.8, 'Male': 0.8}"
REALDATA,SEMISYNTHETIC REAL-DATA EXPERIMENT,german,ALL,logistic,group_threshold_calibrated,post,moderate_first_group,58a445a909825bd5,"{""alpha_negative"": {""Female"": 0.25, ""Male"": 0.25}, ""alpha_positive"": {""Female"": 0.65, ""Male"": 0.35}, ""contestation_scenario"": ""moderate_first_group"", ""rho_negative"": {""Female"": 0.05, ""Male"": 0.05}, ""rho_positive"": {""Female"": 0.8, ""Male"": 0.8}}",demographic_parity_gap,20,0.1055633473585787,0.0508392534978133,0.0113680026746454,0.0832820621162736,0.1278446326008838,"{'Female': 0.25, 'Male': 0.25}","{'Female': 0.65, 'Male': 0.35}","{'Female': 0.05, 'Male': 0.05}","{'Female': 0.8, 'Male': 0.8}"
REALDATA,SEMISYNTHETIC REAL-DATA EXPERIMENT,german,ALL,logistic,group_threshold_calibrated,post,moderate_first_group,58a445a909825bd5,"{""alpha_negative"": {""Female"": 0.25, ""Male"": 0.25}, ""alpha_positive"": {""Female"": 0.65, ""Male"": 0.35}, ""contestation_scenario"": ""moderate_first_group"", ""rho_negative"": {""Female"": 0.05, ""Male"": 0.05}, ""rho_positive"": {""Female"": 0.8, ""Male"": 0.8}}",equal_opportunity_gap,20,0.0807499999999999,0.0482666660608704,0.0107927546359388,0.0595962009135598,0.10190379908644,"{'Female': 0.25, 'Male': 0.25}","{'Female': 0.65, 'Male': 0.35}","{'Female': 0.05, 'Male': 0.05}","{'Female': 0.8, 'Male': 0.8}"
REALDATA,SEMISYNTHETIC REAL-DATA EXPERIMENT,german,ALL,logistic,group_threshold_calibrated,post,moderate_first_group,58a445a909825bd5,"{""alpha_negative"": {""Female"": 0.25, ""Male"": 0.25}, ""alpha_positive"": {""Female"": 0.65, ""Male"": 0.35}, ""contestation_scenario"": ""moderate_first_group"", ""rho_negative"": {""Female"": 0.05, ""Male"": 0.05}, ""rho_positive"": {""Female"": 0.8, ""Male"": 0.8}}",equalized_odds_gap,20,0.2044808612440191,0.0898807231447414,0.020097940681848,0.1650888975075969,0.2438728249804413,"{'Female': 0.25, 'Male': 0.25}","{'Female': 0.65, 'Male': 0.35}","{'Female': 0.05, 'Male': 0.05}","{'Female': 0.8, 'Male': 0.8}"
REALDATA,SEMISYNTHETIC REAL-DATA EXPERIMENT,german,ALL,logistic,group_threshold_calibrated,post,moderate_first_group,58a445a909825bd5,"{""alpha_negative"": {""Female"": 0.25, ""Male"": 0.25}, ""alpha_positive"": {""Female"": 0.65, ""Male"": 0.35}, ""contestation_scenario"": ""moderate_first_group"", ""rho_negative"": {""Female"": 0.05, ""Male"": 0.05}, ""rho_positive"": {""Female"": 0.8, ""Male"": 0.8}}",fpr_gap,20,0.1915071770334928,0.1070352737125552,0.0239338148011569,0.1445969000232251,0.2384174540437604,"{'Female': 0.25, 'Male': 0.25}","{'Female': 0.65, 'Male': 0.35}","{'Female': 0.05, 'Male': 0.05}","{'Female': 0.8, 'Male': 0.8}"
REALDATA,SEMISYNTHETIC REAL-DATA EXPERIMENT,german,ALL,logistic,group_threshold_calibrated,post,moderate_second_group,f2d18f38dbf44f65,"{""alpha_negative"": {""Female"": 0.25, ""Male"": 0.25}, ""alpha_positive"": {""Female"": 0.35, ""Male"": 0.65}, ""contestation_scenario"": ""moderate_second_group"", ""rho_negative"": {""Female"": 0.05, ""Male"": 0.05}, ""rho_positive"": {""Female"": 0.8, ""Male"": 0.8}}",demographic_parity_gap,20,0.0887213651238896,0.0720720533093945,0.0161158010477794,0.0571343950702418,0.1203083351775374,"{'Female': 0.25, 'Male': 0.25}","{'Female': 0.35, 'Male': 0.65}","{'Female': 0.05, 'Male': 0.05}","{'Female': 0.8, 'Male': 0.8}"
REALDATA,SEMISYNTHETIC REAL-DATA EXPERIMENT,german,ALL,logistic,group_threshold_calibrated,post,moderate_second_group,f2d18f38dbf44f65,"{""alpha_negative"": {""Female"": 0.25, ""Male"": 0.25}, ""alpha_positive"": {""Female"": 0.35, ""Male"": 0.65}, ""contestation_scenario"": ""moderate_second_group"", ""rho_negative"": {""Female"": 0.05, ""Male"": 0.05}, ""rho_positive"": {""Female"": 0.8, ""Male"": 0.8}}",equal_opportunity_gap,20,0.0559999999999999,0.0498840761429093,0.011154418525032,0.034137339690937,0.0778626603090628,"{'Female': 0.25, 'Male': 0.25}","{'Female': 0.35, 'Male': 0.65}","{'Female': 0.05, 'Male': 0.05}","{'Female': 0.8, 'Male': 0.8}"
REALDATA,SEMISYNTHETIC REAL-DATA EXPERIMENT,german,ALL,logistic,group_threshold_calibrated,post,moderate_second_group,f2d18f38dbf44f65,"{""alpha_negative"": {""Female"": 0.25, ""Male"": 0.25}, ""alpha_positive"": {""Female"": 0.35, ""Male"": 0.65}, ""contestation_scenario"": ""moderate_second_group"", ""rho_negative"": {""Female"": 0.05, ""Male"": 0.05}, ""rho_positive"": {""Female"": 0.8, ""Male"": 0.8}}",equalized_odds_gap,20,0.1944174641148325,0.103189437709074,0.0230738597277469,0.1491926990484484,0.2396422291812165,"{'Female': 0.25, 'Male': 0.25}","{'Female': 0.35, 'Male': 0.65}","{'Female': 0.05, 'Male': 0.05}","{'Female': 0.8, 'Male': 0.8}"
REALDATA,SEMISYNTHETIC REAL-DATA EXPERIMENT,german,ALL,logistic,group_threshold_calibrated,post,moderate_second_group,f2d18f38dbf44f65,"{""alpha_negative"": {""Female"": 0.25, ""Male"": 0.25}, ""alpha_positive"": {""Female"": 0.35, ""Male"": 0.65}, ""contestation_scenario"": ""moderate_second_group"", ""rho_negative"": {""Female"": 0.05, ""Male"": 0.05}, ""rho_positive"": {""Female"": 0.8, ""Male"": 0.8}}",fpr_gap,20,0.1876794258373205,0.1122658544412747,0.0251034082082787,0.1384767457490942,0.2368821059255468,"{'Female': 0.25, 'Male': 0.25}","{'Female': 0.35, 'Male': 0.65}","{'Female': 0.05, 'Male': 0.05}","{'Female': 0.8, 'Male': 0.8}"
REALDATA,SEMISYNTHETIC REAL-DATA EXPERIMENT,german,ALL,logistic,group_threshold_calibrated,post,strong_first_group,80db5b8b411cb1ee,"{""alpha_negative"": {""Female"": 0.25, ""Male"": 0.25}, ""alpha_positive"": {""Female"": 0.75, ""Male"": 0.25}, ""contestation_scenario"": ""strong_first_group"", ""rho_negative"": {""Female"": 0.05, ""Male"": 0.05}, ""rho_positive"": {""Female"": 0.8, ""Male"": 0.8}}",demographic_parity_gap,20,0.1089878447872837,0.0489718049863034,0.0109504284930237,0.0875250049409571,0.1304506846336103,"{'Female': 0.25, 'Male': 0.25}","{'Female': 0.75, 'Male': 0.25}","{'Female': 0.05, 'Male': 0.05}","{'Female': 0.8, 'Male': 0.8}"
REALDATA,SEMISYNTHETIC REAL-DATA EXPERIMENT,german,ALL,logistic,group_threshold_calibrated,post,strong_first_group,80db5b8b411cb1ee,"{""alpha_negative"": {""Female"": 0.25, ""Male"": 0.25}, ""alpha_positive"": {""Female"": 0.75, ""Male"": 0.25}, ""contestation_scenario"": ""strong_first_group"", ""rho_negative"": {""Female"": 0.05, ""Male"": 0.05}, ""rho_positive"": {""Female"": 0.8, ""Male"": 0.8}}",equal_opportunity_gap,20,0.0882499999999999,0.0571303910274327,0.0127747437918483,0.0632115021679771,0.1132884978320227,"{'Female': 0.25, 'Male': 0.25}","{'Female': 0.75, 'Male': 0.25}","{'Female': 0.05, 'Male': 0.05}","{'Female': 0.8, 'Male': 0.8}"
REALDATA,SEMISYNTHETIC REAL-DATA EXPERIMENT,german,ALL,logistic,group_threshold_calibrated,post,strong_first_group,80db5b8b411cb1ee,"{""alpha_negative"": {""Female"": 0.25, ""Male"": 0.25}, ""alpha_positive"": {""Female"": 0.75, ""Male"": 0.25}, ""contestation_scenario"": ""strong_first_group"", ""rho_negative"": {""Female"": 0.05, ""Male"": 0.05}, ""rho_positive"": {""Female"": 0.8, ""Male"": 0.8}}",equalized_odds_gap,20,0.2084102870813396,0.088217217145005,0.0197259694322091,0.1697473869942097,0.2470731871684695,"{'Female': 0.25, 'Male': 0.25}","{'Female': 0.75, 'Male': 0.25}","{'Female': 0.05, 'Male': 0.05}","{'Female': 0.8, 'Male': 0.8}"
REALDATA,SEMISYNTHETIC REAL-DATA EXPERIMENT,german,ALL,logistic,group_threshold_calibrated,post,strong_first_group,80db5b8b411cb1ee,"{""alpha_negative"": {""Female"": 0.25, ""Male"": 0.25}, ""alpha_positive"": {""Female"": 0.75, ""Male"": 0.25}, ""contestation_scenario"": ""strong_first_group"", ""rho_negative"": {""Female"": 0.05, ""Male"": 0.05}, ""rho_positive"": {""Female"": 0.8, ""Male"": 0.8}}",fpr_gap,20,0.1919856459330143,0.1079555264194571,0.024139589562068,0.1446720503913608,0.2392992414746677,"{'Female': 0.25, 'Male': 0.25}","{'Female': 0.75, 'Male': 0.25}","{'Female': 0.05, 'Male': 0.05}","{'Female': 0.8, 'Male': 0.8}"
REALDATA,SEMISYNTHETIC REAL-DATA EXPERIMENT,german,ALL,logistic,group_threshold_calibrated,post,strong_second_group,1a6f52e99e976851,"{""alpha_negative"": {""Female"": 0.25, ""Male"": 0.25}, ""alpha_positive"": {""Female"": 0.25, ""Male"": 0.75}, ""contestation_scenario"": ""strong_second_group"", ""rho_negative"": {""Female"": 0.05, ""Male"": 0.05}, ""rho_positive"": {""Female"": 0.8, ""Male"": 0.8}}",demographic_parity_gap,20,0.0948106591865357,0.0832879755946389,0.0186237575137956,0.0583080944594963,0.1313132239135751,"{'Female': 0.25, 'Male': 0.25}","{'Female': 0.25, 'Male': 0.75}","{'Female': 0.05, 'Male': 0.05}","{'Female': 0.8, 'Male': 0.8}"
REALDATA,SEMISYNTHETIC REAL-DATA EXPERIMENT,german,ALL,logistic,group_threshold_calibrated,post,strong_second_group,1a6f52e99e976851,"{""alpha_negative"": {""Female"": 0.25, ""Male"": 0.25}, ""alpha_positive"": {""Female"": 0.25, ""Male"": 0.75}, ""contestation_scenario"": ""strong_second_group"", ""rho_negative"": {""Female"": 0.05, ""Male"": 0.05}, ""rho_positive"": {""Female"": 0.8, ""Male"": 0.8}}",equal_opportunity_gap,20,0.0699999999999999,0.0574914181238794,0.0128554719047857,0.0448032750666198,0.0951967249333801,"{'Female': 0.25, 'Male': 0.25}","{'Female': 0.25, 'Male': 0.75}","{'Female': 0.05, 'Male': 0.05}","{'Female': 0.8, 'Male': 0.8}"
REALDATA,SEMISYNTHETIC REAL-DATA EXPERIMENT,german,ALL,logistic,group_threshold_calibrated,post,strong_second_group,1a6f52e99e976851,"{""alpha_negative"": {""Female"": 0.25, ""Male"": 0.25}, ""alpha_positive"": {""Female"": 0.25, ""Male"": 0.75}, ""contestation_scenario"": ""strong_second_group"", ""rho_negative"": {""Female"": 0.05, ""Male"": 0.05}, ""rho_positive"": {""Female"": 0.8, ""Male"": 0.8}}",equalized_odds_gap,20,0.1960717703349282,0.102543584658862,0.022929442595372,0.151130062847999,0.2410134778218573,"{'Female': 0.25, 'Male': 0.25}","{'Female': 0.25, 'Male': 0.75}","{'Female': 0.05, 'Male': 0.05}","{'Female': 0.8, 'Male': 0.8}"
REALDATA,SEMISYNTHETIC REAL-DATA EXPERIMENT,german,ALL,logistic,group_threshold_calibrated,post,strong_second_group,1a6f52e99e976851,"{""alpha_negative"": {""Female"": 0.25, ""Male"": 0.25}, ""alpha_positive"": {""Female"": 0.25, ""Male"": 0.75}, ""contestation_scenario"": ""strong_second_group"", ""rho_negative"": {""Female"": 0.05, ""Male"": 0.05}, ""rho_positive"": {""Female"": 0.8, ""Male"": 0.8}}",fpr_gap,20,0.1903110047846889,0.1109596069677169,0.0248113223936474,0.1416808128931399,0.2389411966762379,"{'Female': 0.25, 'Male': 0.25}","{'Female': 0.25, 'Male': 0.75}","{'Female': 0.05, 'Male': 0.05}","{'Female': 0.8, 'Male': 0.8}"
REALDATA,SEMISYNTHETIC REAL-DATA EXPERIMENT,german,ALL,logistic,group_threshold_calibrated,pre,equal_access,8b1b8b56ce23dea1,"{""alpha_negative"": {""Female"": 0.25, ""Male"": 0.25}, ""alpha_positive"": {""Female"": 0.5, ""Male"": 0.5}, ""contestation_scenario"": ""equal_access"", ""rho_negative"": {""Female"": 0.05, ""Male"": 0.05}, ""rho_positive"": {""Female"": 0.8, ""Male"": 0.8}}",demographic_parity_gap,20,0.1178821879382888,0.0622153516687902,0.0139117755575469,0.0906151078454968,0.1451492680310809,"{'Female': 0.25, 'Male': 0.25}","{'Female': 0.5, 'Male': 0.5}","{'Female': 0.05, 'Male': 0.05}","{'Female': 0.8, 'Male': 0.8}"
REALDATA,SEMISYNTHETIC REAL-DATA EXPERIMENT,german,ALL,logistic,group_threshold_calibrated,pre,equal_access,8b1b8b56ce23dea1,"{""alpha_negative"": {""Female"": 0.25, ""Male"": 0.25}, ""alpha_positive"": {""Female"": 0.5, ""Male"": 0.5}, ""contestation_scenario"": ""equal_access"", ""rho_negative"": {""Female"": 0.05, ""Male"": 0.05}, ""rho_positive"": {""Female"": 0.8, ""Male"": 0.8}}",equal_opportunity_gap,20,0.0944999999999999,0.0557461351032281,0.0124652147573705,0.0700681790755536,0.1189318209244462,"{'Female': 0.25, 'Male': 0.25}","{'Female': 0.5, 'Male': 0.5}","{'Female': 0.05, 'Male': 0.05}","{'Female': 0.8, 'Male': 0.8}"
REALDATA,SEMISYNTHETIC REAL-DATA EXPERIMENT,german,ALL,logistic,group_threshold_calibrated,pre,equal_access,8b1b8b56ce23dea1,"{""alpha_negative"": {""Female"": 0.25, ""Male"": 0.25}, ""alpha_positive"": {""Female"": 0.5, ""Male"": 0.5}, ""contestation_scenario"": ""equal_access"", ""rho_negative"": {""Female"": 0.05, ""Male"": 0.05}, ""rho_positive"": {""Female"": 0.8, ""Male"": 0.8}}",equalized_odds_gap,20,0.2110897129186602,0.0911416313982486,0.0203798883386713,0.1711451317748644,0.2510342940624561,"{'Female': 0.25, 'Male': 0.25}","{'Female': 0.5, 'Male': 0.5}","{'Female': 0.05, 'Male': 0.05}","{'Female': 0.8, 'Male': 0.8}"
REALDATA,SEMISYNTHETIC REAL-DATA EXPERIMENT,german,ALL,logistic,group_threshold_calibrated,pre,equal_access,8b1b8b56ce23dea1,"{""alpha_negative"": {""Female"": 0.25, ""Male"": 0.25}, ""alpha_positive"": {""Female"": 0.5, ""Male"": 0.5}, ""contestation_scenario"": ""equal_access"", ""rho_negative"": {""Female"": 0.05, ""Male"": 0.05}, ""rho_positive"": {""Female"": 0.8, ""Male"": 0.8}}",fpr_gap,20,0.1910287081339712,0.1137367844801552,0.025432318163987,0.1411813645325567,0.2408760517353858,"{'Female': 0.25, 'Male': 0.25}","{'Female': 0.5, 'Male': 0.5}","{'Female': 0.05, 'Male': 0.05}","{'Female': 0.8, 'Male': 0.8}"
REALDATA,SEMISYNTHETIC REAL-DATA EXPERIMENT,german,ALL,logistic,group_threshold_calibrated,pre,moderate_first_group,58a445a909825bd5,"{""alpha_negative"": {""Female"": 0.25, ""Male"": 0.25}, ""alpha_positive"": {""Female"": 0.65, ""Male"": 0.35}, ""contestation_scenario"": ""moderate_first_group"", ""rho_negative"": {""Female"": 0.05, ""Male"": 0.05}, ""rho_positive"": {""Female"": 0.8, ""Male"": 0.8}}",demographic_parity_gap,20,0.1178821879382888,0.0622153516687902,0.0139117755575469,0.0906151078454968,0.1451492680310809,"{'Female': 0.25, 'Male': 0.25}","{'Female': 0.65, 'Male': 0.35}","{'Female': 0.05, 'Male': 0.05}","{'Female': 0.8, 'Male': 0.8}"
REALDATA,SEMISYNTHETIC REAL-DATA EXPERIMENT,german,ALL,logistic,group_threshold_calibrated,pre,moderate_first_group,58a445a909825bd5,"{""alpha_negative"": {""Female"": 0.25, ""Male"": 0.25}, ""alpha_positive"": {""Female"": 0.65, ""Male"": 0.35}, ""contestation_scenario"": ""moderate_first_group"", ""rho_negative"": {""Female"": 0.05, ""Male"": 0.05}, ""rho_positive"": {""Female"": 0.8, ""Male"": 0.8}}",equal_opportunity_gap,20,0.0944999999999999,0.0557461351032281,0.0124652147573705,0.0700681790755536,0.1189318209244462,"{'Female': 0.25, 'Male': 0.25}","{'Female': 0.65, 'Male': 0.35}","{'Female': 0.05, 'Male': 0.05}","{'Female': 0.8, 'Male': 0.8}"
REALDATA,SEMISYNTHETIC REAL-DATA EXPERIMENT,german,ALL,logistic,group_threshold_calibrated,pre,moderate_first_group,58a445a909825bd5,"{""alpha_negative"": {""Female"": 0.25, ""Male"": 0.25}, ""alpha_positive"": {""Female"": 0.65, ""Male"": 0.35}, ""contestation_scenario"": ""moderate_first_group"", ""rho_negative"": {""Female"": 0.05, ""Male"": 0.05}, ""rho_positive"": {""Female"": 0.8, ""Male"": 0.8}}",equalized_odds_gap,20,0.2110897129186602,0.0911416313982486,0.0203798883386713,0.1711451317748644,0.2510342940624561,"{'Female': 0.25, 'Male': 0.25}","{'Female': 0.65, 'Male': 0.35}","{'Female': 0.05, 'Male': 0.05}","{'Female': 0.8, 'Male': 0.8}"
REALDATA,SEMISYNTHETIC REAL-DATA EXPERIMENT,german,ALL,logistic,group_threshold_calibrated,pre,moderate_first_group,58a445a909825bd5,"{""alpha_negative"": {""Female"": 0.25, ""Male"": 0.25}, ""alpha_positive"": {""Female"": 0.65, ""Male"": 0.35}, ""contestation_scenario"": ""moderate_first_group"", ""rho_negative"": {""Female"": 0.05, ""Male"": 0.05}, ""rho_positive"": {""Female"": 0.8, ""Male"": 0.8}}",fpr_gap,20,0.1910287081339712,0.1137367844801552,0.025432318163987,0.1411813645325567,0.2408760517353858,"{'Female': 0.25, 'Male': 0.25}","{'Female': 0.65, 'Male': 0.35}","{'Female': 0.05, 'Male': 0.05}","{'Female': 0.8, 'Male': 0.8}"
REALDATA,SEMISYNTHETIC REAL-DATA EXPERIMENT,german,ALL,logistic,group_threshold_calibrated,pre,moderate_second_group,f2d18f38dbf44f65,"{""alpha_negative"": {""Female"": 0.25, ""Male"": 0.25}, ""alpha_positive"": {""Female"": 0.35, ""Male"": 0.65}, ""contestation_scenario"": ""moderate_second_group"", ""rho_negative"": {""Female"": 0.05, ""Male"": 0.05}, ""rho_positive"": {""Female"": 0.8, ""Male"": 0.8}}",demographic_parity_gap,20,0.1178821879382888,0.0622153516687902,0.0139117755575469,0.0906151078454968,0.1451492680310809,"{'Female': 0.25, 'Male': 0.25}","{'Female': 0.35, 'Male': 0.65}","{'Female': 0.05, 'Male': 0.05}","{'Female': 0.8, 'Male': 0.8}"
REALDATA,SEMISYNTHETIC REAL-DATA EXPERIMENT,german,ALL,logistic,group_threshold_calibrated,pre,moderate_second_group,f2d18f38dbf44f65,"{""alpha_negative"": {""Female"": 0.25, ""Male"": 0.25}, ""alpha_positive"": {""Female"": 0.35, ""Male"": 0.65}, ""contestation_scenario"": ""moderate_second_group"", ""rho_negative"": {""Female"": 0.05, ""Male"": 0.05}, ""rho_positive"": {""Female"": 0.8, ""Male"": 0.8}}",equal_opportunity_gap,20,0.0944999999999999,0.0557461351032281,0.0124652147573705,0.0700681790755536,0.1189318209244462,"{'Female': 0.25, 'Male': 0.25}","{'Female': 0.35, 'Male': 0.65}","{'Female': 0.05, 'Male': 0.05}","{'Female': 0.8, 'Male': 0.8}"
REALDATA,SEMISYNTHETIC REAL-DATA EXPERIMENT,german,ALL,logistic,group_threshold_calibrated,pre,moderate_second_group,f2d18f38dbf44f65,"{""alpha_negative"": {""Female"": 0.25, ""Male"": 0.25}, ""alpha_positive"": {""Female"": 0.35, ""Male"": 0.65}, ""contestation_scenario"": ""moderate_second_group"", ""rho_negative"": {""Female"": 0.05, ""Male"": 0.05}, ""rho_positive"": {""Female"": 0.8, ""Male"": 0.8}}",equalized_odds_gap,20,0.2110897129186602,0.0911416313982486,0.0203798883386713,0.1711451317748644,0.2510342940624561,"{'Female': 0.25, 'Male': 0.25}","{'Female': 0.35, 'Male': 0.65}","{'Female': 0.05, 'Male': 0.05}","{'Female': 0.8, 'Male': 0.8}"
REALDATA,SEMISYNTHETIC REAL-DATA EXPERIMENT,german,ALL,logistic,group_threshold_calibrated,pre,moderate_second_group,f2d18f38dbf44f65,"{""alpha_negative"": {""Female"": 0.25, ""Male"": 0.25}, ""alpha_positive"": {""Female"": 0.35, ""Male"": 0.65}, ""contestation_scenario"": ""moderate_second_group"", ""rho_negative"": {""Female"": 0.05, ""Male"": 0.05}, ""rho_positive"": {""Female"": 0.8, ""Male"": 0.8}}",fpr_gap,20,0.1910287081339712,0.1137367844801552,0.025432318163987,0.1411813645325567,0.2408760517353858,"{'Female': 0.25, 'Male': 0.25}","{'Female': 0.35, 'Male': 0.65}","{'Female': 0.05, 'Male': 0.05}","{'Female': 0.8, 'Male': 0.8}"
REALDATA,SEMISYNTHETIC REAL-DATA EXPERIMENT,german,ALL,logistic,group_threshold_calibrated,pre,strong_first_group,80db5b8b411cb1ee,"{""alpha_negative"": {""Female"": 0.25, ""Male"": 0.25}, ""alpha_positive"": {""Female"": 0.75, ""Male"": 0.25}, ""contestation_scenario"": ""strong_first_group"", ""rho_negative"": {""Female"": 0.05, ""Male"": 0.05}, ""rho_positive"": {""Female"": 0.8, ""Male"": 0.8}}",demographic_parity_gap,20,0.1178821879382888,0.0622153516687902,0.0139117755575469,0.0906151078454968,0.1451492680310809,"{'Female': 0.25, 'Male': 0.25}","{'Female': 0.75, 'Male': 0.25}","{'Female': 0.05, 'Male': 0.05}","{'Female': 0.8, 'Male': 0.8}"
REALDATA,SEMISYNTHETIC REAL-DATA EXPERIMENT,german,ALL,logistic,group_threshold_calibrated,pre,strong_first_group,80db5b8b411cb1ee,"{""alpha_negative"": {""Female"": 0.25, ""Male"": 0.25}, ""alpha_positive"": {""Female"": 0.75, ""Male"": 0.25}, ""contestation_scenario"": ""strong_first_group"", ""rho_negative"": {""Female"": 0.05, ""Male"": 0.05}, ""rho_positive"": {""Female"": 0.8, ""Male"": 0.8}}",equal_opportunity_gap,20,0.0944999999999999,0.0557461351032281,0.0124652147573705,0.0700681790755536,0.1189318209244462,"{'Female': 0.25, 'Male': 0.25}","{'Female': 0.75, 'Male': 0.25}","{'Female': 0.05, 'Male': 0.05}","{'Female': 0.8, 'Male': 0.8}"
REALDATA,SEMISYNTHETIC REAL-DATA EXPERIMENT,german,ALL,logistic,group_threshold_calibrated,pre,strong_first_group,80db5b8b411cb1ee,"{""alpha_negative"": {""Female"": 0.25, ""Male"": 0.25}, ""alpha_positive"": {""Female"": 0.75, ""Male"": 0.25}, ""contestation_scenario"": ""strong_first_group"", ""rho_negative"": {""Female"": 0.05, ""Male"": 0.05}, ""rho_positive"": {""Female"": 0.8, ""Male"": 0.8}}",equalized_odds_gap,20,0.2110897129186602,0.0911416313982486,0.0203798883386713,0.1711451317748644,0.2510342940624561,"{'Female': 0.25, 'Male': 0.25}","{'Female': 0.75, 'Male': 0.25}","{'Female': 0.05, 'Male': 0.05}","{'Female': 0.8, 'Male': 0.8}"
REALDATA,SEMISYNTHETIC REAL-DATA EXPERIMENT,german,ALL,logistic,group_threshold_calibrated,pre,strong_first_group,80db5b8b411cb1ee,"{""alpha_negative"": {""Female"": 0.25, ""Male"": 0.25}, ""alpha_positive"": {""Female"": 0.75, ""Male"": 0.25}, ""contestation_scenario"": ""strong_first_group"", ""rho_negative"": {""Female"": 0.05, ""Male"": 0.05}, ""rho_positive"": {""Female"": 0.8, ""Male"": 0.8}}",fpr_gap,20,0.1910287081339712,0.1137367844801552,0.025432318163987,0.1411813645325567,0.2408760517353858,"{'Female': 0.25, 'Male': 0.25}","{'Female': 0.75, 'Male': 0.25}","{'Female': 0.05, 'Male': 0.05}","{'Female': 0.8, 'Male': 0.8}"
REALDATA,SEMISYNTHETIC REAL-DATA EXPERIMENT,german,ALL,logistic,group_threshold_calibrated,pre,strong_second_group,1a6f52e99e976851,"{""alpha_negative"": {""Female"": 0.25, ""Male"": 0.25}, ""alpha_positive"": {""Female"": 0.25, ""Male"": 0.75}, ""contestation_scenario"": ""strong_second_group"", ""rho_negative"": {""Female"": 0.05, ""Male"": 0.05}, ""rho_positive"": {""Female"": 0.8, ""Male"": 0.8}}",demographic_parity_gap,20,0.1178821879382888,0.0622153516687902,0.0139117755575469,0.0906151078454968,0.1451492680310809,"{'Female': 0.25, 'Male': 0.25}","{'Female': 0.25, 'Male': 0.75}","{'Female': 0.05, 'Male': 0.05}","{'Female': 0.8, 'Male': 0.8}"
REALDATA,SEMISYNTHETIC REAL-DATA EXPERIMENT,german,ALL,logistic,group_threshold_calibrated,pre,strong_second_group,1a6f52e99e976851,"{""alpha_negative"": {""Female"": 0.25, ""Male"": 0.25}, ""alpha_positive"": {""Female"": 0.25, ""Male"": 0.75}, ""contestation_scenario"": ""strong_second_group"", ""rho_negative"": {""Female"": 0.05, ""Male"": 0.05}, ""rho_positive"": {""Female"": 0.8, ""Male"": 0.8}}",equal_opportunity_gap,20,0.0944999999999999,0.0557461351032281,0.0124652147573705,0.0700681790755536,0.1189318209244462,"{'Female': 0.25, 'Male': 0.25}","{'Female': 0.25, 'Male': 0.75}","{'Female': 0.05, 'Male': 0.05}","{'Female': 0.8, 'Male': 0.8}"
REALDATA,SEMISYNTHETIC REAL-DATA EXPERIMENT,german,ALL,logistic,group_threshold_calibrated,pre,strong_second_group,1a6f52e99e976851,"{""alpha_negative"": {""Female"": 0.25, ""Male"": 0.25}, ""alpha_positive"": {""Female"": 0.25, ""Male"": 0.75}, ""contestation_scenario"": ""strong_second_group"", ""rho_negative"": {""Female"": 0.05, ""Male"": 0.05}, ""rho_positive"": {""Female"": 0.8, ""Male"": 0.8}}",equalized_odds_gap,20,0.2110897129186602,0.0911416313982486,0.0203798883386713,0.1711451317748644,0.2510342940624561,"{'Female': 0.25, 'Male': 0.25}","{'Female': 0.25, 'Male': 0.75}","{'Female': 0.05, 'Male': 0.05}","{'Female': 0.8, 'Male': 0.8}"
REALDATA,SEMISYNTHETIC REAL-DATA EXPERIMENT,german,ALL,logistic,group_threshold_calibrated,pre,strong_second_group,1a6f52e99e976851,"{""alpha_negative"": {""Female"": 0.25, ""Male"": 0.25}, ""alpha_positive"": {""Female"": 0.25, ""Male"": 0.75}, ""contestation_scenario"": ""strong_second_group"", ""rho_negative"": {""Female"": 0.05, ""Male"": 0.05}, ""rho_positive"": {""Female"": 0.8, ""Male"": 0.8}}",fpr_gap,20,0.1910287081339712,0.1137367844801552,0.025432318163987,0.1411813645325567,0.2408760517353858,"{'Female': 0.25, 'Male': 0.25}","{'Female': 0.25, 'Male': 0.75}","{'Female': 0.05, 'Male': 0.05}","{'Female': 0.8, 'Male': 0.8}"
REALDATA,SEMISYNTHETIC REAL-DATA EXPERIMENT,german,ALL,random_forest,group_threshold_calibrated,post,equal_access,8b1b8b56ce23dea1,"{""alpha_negative"": {""Female"": 0.25, ""Male"": 0.25}, ""alpha_positive"": {""Female"": 0.5, ""Male"": 0.5}, ""contestation_scenario"": ""equal_access"", ""rho_negative"": {""Female"": 0.05, ""Male"": 0.05}, ""rho_positive"": {""Female"": 0.8, ""Male"": 0.8}}",demographic_parity_gap,20,0.0432094436652641,0.0313624361095036,0.0070128539080844,0.0294642500054186,0.0569546373251095,"{'Female': 0.25, 'Male': 0.25}","{'Female': 0.5, 'Male': 0.5}","{'Female': 0.05, 'Male': 0.05}","{'Female': 0.8, 'Male': 0.8}"
REALDATA,SEMISYNTHETIC REAL-DATA EXPERIMENT,german,ALL,random_forest,group_threshold_calibrated,post,equal_access,8b1b8b56ce23dea1,"{""alpha_negative"": {""Female"": 0.25, ""Male"": 0.25}, ""alpha_positive"": {""Female"": 0.5, ""Male"": 0.5}, ""contestation_scenario"": ""equal_access"", ""rho_negative"": {""Female"": 0.05, ""Male"": 0.05}, ""rho_positive"": {""Female"": 0.8, ""Male"": 0.8}}",equal_opportunity_gap,20,0.0199999999999999,0.0165434038373702,0.003699217555959,0.0127495335903202,0.0272504664096797,"{'Female': 0.25, 'Male': 0.25}","{'Female': 0.5, 'Male': 0.5}","{'Female': 0.05, 'Male': 0.05}","{'Female': 0.8, 'Male': 0.8}"
REALDATA,SEMISYNTHETIC REAL-DATA EXPERIMENT,german,ALL,random_forest,group_threshold_calibrated,post,equal_access,8b1b8b56ce23dea1,"{""alpha_negative"": {""Female"": 0.25, ""Male"": 0.25}, ""alpha_positive"": {""Female"": 0.5, ""Male"": 0.5}, ""contestation_scenario"": ""equal_access"", ""rho_negative"": {""Female"": 0.05, ""Male"": 0.05}, ""rho_positive"": {""Female"": 0.8, ""Male"": 0.8}}",equalized_odds_gap,20,0.112828947368421,0.076950791666584,0.0172067201088906,0.0791037759549954,0.1465541187818466,"{'Female': 0.25, 'Male': 0.25}","{'Female': 0.5, 'Male': 0.5}","{'Female': 0.05, 'Male': 0.05}","{'Female': 0.8, 'Male': 0.8}"
REALDATA,SEMISYNTHETIC REAL-DATA EXPERIMENT,german,ALL,random_forest,group_threshold_calibrated,post,equal_access,8b1b8b56ce23dea1,"{""alpha_negative"": {""Female"": 0.25, ""Male"": 0.25}, ""alpha_positive"": {""Female"": 0.5, ""Male"": 0.5}, ""contestation_scenario"": ""equal_access"", ""rho_negative"": {""Female"": 0.05, ""Male"": 0.05}, ""rho_positive"": {""Female"": 0.8, ""Male"": 0.8}}",fpr_gap,20,0.1098086124401913,0.0799422972398275,0.0178756410905748,0.0747723559026647,0.1448448689777179,"{'Female': 0.25, 'Male': 0.25}","{'Female': 0.5, 'Male': 0.5}","{'Female': 0.05, 'Male': 0.05}","{'Female': 0.8, 'Male': 0.8}"
REALDATA,SEMISYNTHETIC REAL-DATA EXPERIMENT,german,ALL,random_forest,group_threshold_calibrated,post,moderate_first_group,58a445a909825bd5,"{""alpha_negative"": {""Female"": 0.25, ""Male"": 0.25}, ""alpha_positive"": {""Female"": 0.65, ""Male"": 0.35}, ""contestation_scenario"": ""moderate_first_group"", ""rho_negative"": {""Female"": 0.05, ""Male"": 0.05}, ""rho_positive"": {""Female"": 0.8, ""Male"": 0.8}}",demographic_parity_gap,20,0.0438172043010752,0.0365009897260578,0.0081618694273486,0.0278199402234718,0.0598144683786786,"{'Female': 0.25, 'Male': 0.25}","{'Female': 0.65, 'Male': 0.35}","{'Female': 0.05, 'Male': 0.05}","{'Female': 0.8, 'Male': 0.8}"
REALDATA,SEMISYNTHETIC REAL-DATA EXPERIMENT,german,ALL,random_forest,group_threshold_calibrated,post,moderate_first_group,58a445a909825bd5,"{""alpha_negative"": {""Female"": 0.25, ""Male"": 0.25}, ""alpha_positive"": {""Female"": 0.65, ""Male"": 0.35}, ""contestation_scenario"": ""moderate_first_group"", ""rho_negative"": {""Female"": 0.05, ""Male"": 0.05}, ""rho_positive"": {""Female"": 0.8, ""Male"": 0.8}}",equal_opportunity_gap,20,0.0222499999999999,0.0175075171824772,0.0039147998537264,0.0145769922866961,0.0299230077133038,"{'Female': 0.25, 'Male': 0.25}","{'Female': 0.65, 'Male': 0.35}","{'Female': 0.05, 'Male': 0.05}","{'Female': 0.8, 'Male': 0.8}"
REALDATA,SEMISYNTHETIC REAL-DATA EXPERIMENT,german,ALL,random_forest,group_threshold_calibrated,post,moderate_first_group,58a445a909825bd5,"{""alpha_negative"": {""Female"": 0.25, ""Male"": 0.25}, ""alpha_positive"": {""Female"": 0.65, ""Male"": 0.35}, ""contestation_scenario"": ""moderate_first_group"", ""rho_negative"": {""Female"": 0.05, ""Male"": 0.05}, ""rho_positive"": {""Female"": 0.8, ""Male"": 0.8}}",equalized_odds_gap,20,0.1119593301435406,0.0778605077430037,0.0174101388076005,0.0778354580806436,0.1460832022064376,"{'Female': 0.25, 'Male': 0.25}","{'Female': 0.65, 'Male': 0.35}","{'Female': 0.05, 'Male': 0.05}","{'Female': 0.8, 'Male': 0.8}"
REALDATA,SEMISYNTHETIC REAL-DATA EXPERIMENT,german,ALL,random_forest,group_threshold_calibrated,post,moderate_first_group,58a445a909825bd5,"{""alpha_negative"": {""Female"": 0.25, ""Male"": 0.25}, ""alpha_positive"": {""Female"": 0.65, ""Male"": 0.35}, ""contestation_scenario"": ""moderate_first_group"", ""rho_negative"": {""Female"": 0.05, ""Male"": 0.05}, ""rho_positive"": {""Female"": 0.8, ""Male"": 0.8}}",fpr_gap,20,0.1111244019138755,0.0787447894260394,0.017607870203053,0.0766129763158915,0.1456358275118596,"{'Female': 0.25, 'Male': 0.25}","{'Female': 0.65, 'Male': 0.35}","{'Female': 0.05, 'Male': 0.05}","{'Female': 0.8, 'Male': 0.8}"
REALDATA,SEMISYNTHETIC REAL-DATA EXPERIMENT,german,ALL,random_forest,group_threshold_calibrated,post,moderate_second_group,f2d18f38dbf44f65,"{""alpha_negative"": {""Female"": 0.25, ""Male"": 0.25}, ""alpha_positive"": {""Female"": 0.35, ""Male"": 0.65}, ""contestation_scenario"": ""moderate_second_group"", ""rho_negative"": {""Female"": 0.05, ""Male"": 0.05}, ""rho_positive"": {""Female"": 0.8, ""Male"": 0.8}}",demographic_parity_gap,20,0.0429289387564282,0.0380078896622575,0.0084988224966119,0.0262712466630687,0.0595866308497876,"{'Female': 0.25, 'Male': 0.25}","{'Female': 0.35, 'Male': 0.65}","{'Female': 0.05, 'Male': 0.05}","{'Female': 0.8, 'Male': 0.8}"
REALDATA,SEMISYNTHETIC REAL-DATA EXPERIMENT,german,ALL,random_forest,group_threshold_calibrated,post,moderate_second_group,f2d18f38dbf44f65,"{""alpha_negative"": {""Female"": 0.25, ""Male"": 0.25}, ""alpha_positive"": {""Female"": 0.35, ""Male"": 0.65}, ""contestation_scenario"": ""moderate_second_group"", ""rho_negative"": {""Female"": 0.05, ""Male"": 0.05}, ""rho_positive"": {""Female"": 0.8, ""Male"": 0.8}}",equal_opportunity_gap,20,0.0187499999999999,0.0244343912075625,0.0054636959728932,0.0080411558931291,0.0294588441068708,"{'Female': 0.25, 'Male': 0.25}","{'Female': 0.35, 'Male': 0.65}","{'Female': 0.05, 'Male': 0.05}","{'Female': 0.8, 'Male': 0.8}"
REALDATA,SEMISYNTHETIC REAL-DATA EXPERIMENT,german,ALL,random_forest,group_threshold_calibrated,post,moderate_second_group,f2d18f38dbf44f65,"{""alpha_negative"": {""Female"": 0.25, ""Male"": 0.25}, ""alpha_positive"": {""Female"": 0.35, ""Male"": 0.65}, ""contestation_scenario"": ""moderate_second_group"", ""rho_negative"": {""Female"": 0.05, ""Male"": 0.05}, ""rho_positive"": {""Female"": 0.8, ""Male"": 0.8}}",equalized_odds_gap,20,0.1138301435406698,0.076182291868004,0.0170348783298586,0.0804417820141468,0.1472185050671927,"{'Female': 0.25, 'Male': 0.25}","{'Female': 0.35, 'Male': 0.65}","{'Female': 0.05, 'Male': 0.05}","{'Female': 0.8, 'Male': 0.8}"
REALDATA,SEMISYNTHETIC REAL-DATA EXPERIMENT,german,ALL,random_forest,group_threshold_calibrated,post,moderate_second_group,f2d18f38dbf44f65,"{""alpha_negative"": {""Female"": 0.25, ""Male"": 0.25}, ""alpha_positive"": {""Female"": 0.35, ""Male"": 0.65}, ""contestation_scenario"": ""moderate_second_group"", ""rho_negative"": {""Female"": 0.05, ""Male"": 0.05}, ""rho_positive"": {""Female"": 0.8, ""Male"": 0.8}}",fpr_gap,20,0.1111244019138755,0.0787447894260394,0.017607870203053,0.0766129763158915,0.1456358275118596,"{'Female': 0.25, 'Male': 0.25}","{'Female': 0.35, 'Male': 0.65}","{'Female': 0.05, 'Male': 0.05}","{'Female': 0.8, 'Male': 0.8}"
REALDATA,SEMISYNTHETIC REAL-DATA EXPERIMENT,german,ALL,random_forest,group_threshold_calibrated,post,strong_first_group,80db5b8b411cb1ee,"{""alpha_negative"": {""Female"": 0.25, ""Male"": 0.25}, ""alpha_positive"": {""Female"": 0.75, ""Male"": 0.25}, ""contestation_scenario"": ""strong_first_group"", ""rho_negative"": {""Female"": 0.05, ""Male"": 0.05}, ""rho_positive"": {""Female"": 0.8, ""Male"": 0.8}}",demographic_parity_gap,20,0.0438405797101448,0.0337455317204828,0.0075457302863874,0.0290509483488253,0.0586302110714643,"{'Female': 0.25, 'Male': 0.25}","{'Female': 0.75, 'Male': 0.25}","{'Female': 0.05, 'Male': 0.05}","{'Female': 0.8, 'Male': 0.8}"
REALDATA,SEMISYNTHETIC REAL-DATA EXPERIMENT,german,ALL,random_forest,group_threshold_calibrated,post,strong_first_group,80db5b8b411cb1ee,"{""alpha_negative"": {""Female"": 0.25, ""Male"": 0.25}, ""alpha_positive"": {""Female"": 0.75, ""Male"": 0.25}, ""contestation_scenario"": ""strong_first_group"", ""rho_negative"": {""Female"": 0.05, ""Male"": 0.05}, ""rho_positive"": {""Female"": 0.8, ""Male"": 0.8}}",equal_opportunity_gap,20,0.0249999999999999,0.0177704663327727,0.0039735970711951,0.0172117497404575,0.0327882502595424,"{'Female': 0.25, 'Male': 0.25}","{'Female': 0.75, 'Male': 0.25}","{'Female': 0.05, 'Male': 0.05}","{'Female': 0.8, 'Male': 0.8}"
REALDATA,SEMISYNTHETIC REAL-DATA EXPERIMENT,german,ALL,random_forest,group_threshold_calibrated,post,strong_first_group,80db5b8b411cb1ee,"{""alpha_negative"": {""Female"": 0.25, ""Male"": 0.25}, ""alpha_positive"": {""Female"": 0.75, ""Male"": 0.25}, ""contestation_scenario"": ""strong_first_group"", ""rho_negative"": {""Female"": 0.05, ""Male"": 0.05}, ""rho_positive"": {""Female"": 0.8, ""Male"": 0.8}}",equalized_odds_gap,20,0.1128827751196172,0.0768343194000948,0.0171806761183542,0.0792086499276427,0.1465569003115916,"{'Female': 0.25, 'Male': 0.25}","{'Female': 0.75, 'Male': 0.25}","{'Female': 0.05, 'Male': 0.05}","{'Female': 0.8, 'Male': 0.8}"
REALDATA,SEMISYNTHETIC REAL-DATA EXPERIMENT,german,ALL,random_forest,group_threshold_calibrated,post,strong_first_group,80db5b8b411cb1ee,"{""alpha_negative"": {""Female"": 0.25, ""Male"": 0.25}, ""alpha_positive"": {""Female"": 0.75, ""Male"": 0.25}, ""contestation_scenario"": ""strong_first_group"", ""rho_negative"": {""Female"": 0.05, ""Male"": 0.05}, ""rho_positive"": {""Female"": 0.8, ""Male"": 0.8}}",fpr_gap,20,0.1111244019138755,0.0787447894260394,0.017607870203053,0.0766129763158915,0.1456358275118596,"{'Female': 0.25, 'Male': 0.25}","{'Female': 0.75, 'Male': 0.25}","{'Female': 0.05, 'Male': 0.05}","{'Female': 0.8, 'Male': 0.8}"
REALDATA,SEMISYNTHETIC REAL-DATA EXPERIMENT,german,ALL,random_forest,group_threshold_calibrated,post,strong_second_group,1a6f52e99e976851,"{""alpha_negative"": {""Female"": 0.25, ""Male"": 0.25}, ""alpha_positive"": {""Female"": 0.25, ""Male"": 0.75}, ""contestation_scenario"": ""strong_second_group"", ""rho_negative"": {""Female"": 0.05, ""Male"": 0.05}, ""rho_positive"": {""Female"": 0.8, ""Male"": 0.8}}",demographic_parity_gap,20,0.0437353903693314,0.0426321039938432,0.0095328282554073,0.0250510469887329,0.0624197337499298,"{'Female': 0.25, 'Male': 0.25}","{'Female': 0.25, 'Male': 0.75}","{'Female': 0.05, 'Male': 0.05}","{'Female': 0.8, 'Male': 0.8}"
REALDATA,SEMISYNTHETIC REAL-DATA EXPERIMENT,german,ALL,random_forest,group_threshold_calibrated,post,strong_second_group,1a6f52e99e976851,"{""alpha_negative"": {""Female"": 0.25, ""Male"": 0.25}, ""alpha_positive"": {""Female"": 0.25, ""Male"": 0.75}, ""contestation_scenario"": ""strong_second_group"", ""rho_negative"": {""Female"": 0.05, ""Male"": 0.05}, ""rho_positive"": {""Female"": 0.8, ""Male"": 0.8}}",equal_opportunity_gap,20,0.0199999999999999,0.0251312344975017,0.0056195148694901,0.0089857508557992,0.0310142491442006,"{'Female': 0.25, 'Male': 0.25}","{'Female': 0.25, 'Male': 0.75}","{'Female': 0.05, 'Male': 0.05}","{'Female': 0.8, 'Male': 0.8}"
REALDATA,SEMISYNTHETIC REAL-DATA EXPERIMENT,german,ALL,random_forest,group_threshold_calibrated,post,strong_second_group,1a6f52e99e976851,"{""alpha_negative"": {""Female"": 0.25, ""Male"": 0.25}, ""alpha_positive"": {""Female"": 0.25, ""Male"": 0.75}, ""contestation_scenario"": ""strong_second_group"", ""rho_negative"": {""Female"": 0.05, ""Male"": 0.05}, ""rho_positive"": {""Female"": 0.8, ""Male"": 0.8}}",equalized_odds_gap,20,0.111633971291866,0.078119988584827,0.017468160487718,0.0773963767359385,0.1458715658477934,"{'Female': 0.25, 'Male': 0.25}","{'Female': 0.25, 'Male': 0.75}","{'Female': 0.05, 'Male': 0.05}","{'Female': 0.8, 'Male': 0.8}"
REALDATA,SEMISYNTHETIC REAL-DATA EXPERIMENT,german,ALL,random_forest,group_threshold_calibrated,post,strong_second_group,1a6f52e99e976851,"{""alpha_negative"": {""Female"": 0.25, ""Male"": 0.25}, ""alpha_positive"": {""Female"": 0.25, ""Male"": 0.75}, ""contestation_scenario"": ""strong_second_group"", ""rho_negative"": {""Female"": 0.05, ""Male"": 0.05}, ""rho_positive"": {""Female"": 0.8, ""Male"": 0.8}}",fpr_gap,20,0.1111244019138755,0.0787447894260394,0.017607870203053,0.0766129763158915,0.1456358275118596,"{'Female': 0.25, 'Male': 0.25}","{'Female': 0.25, 'Male': 0.75}","{'Female': 0.05, 'Male': 0.05}","{'Female': 0.8, 'Male': 0.8}"
REALDATA,SEMISYNTHETIC REAL-DATA EXPERIMENT,german,ALL,random_forest,group_threshold_calibrated,pre,equal_access,8b1b8b56ce23dea1,"{""alpha_negative"": {""Female"": 0.25, ""Male"": 0.25}, ""alpha_positive"": {""Female"": 0.5, ""Male"": 0.5}, ""contestation_scenario"": ""equal_access"", ""rho_negative"": {""Female"": 0.05, ""Male"": 0.05}, ""rho_positive"": {""Female"": 0.8, ""Male"": 0.8}}",demographic_parity_gap,20,0.0503740065451145,0.0399906512170984,0.0089421814585916,0.0328473308862748,0.0679006822039541,"{'Female': 0.25, 'Male': 0.25}","{'Female': 0.5, 'Male': 0.5}","{'Female': 0.05, 'Male': 0.05}","{'Female': 0.8, 'Male': 0.8}"
REALDATA,SEMISYNTHETIC REAL-DATA EXPERIMENT,german,ALL,random_forest,group_threshold_calibrated,pre,equal_access,8b1b8b56ce23dea1,"{""alpha_negative"": {""Female"": 0.25, ""Male"": 0.25}, ""alpha_positive"": {""Female"": 0.5, ""Male"": 0.5}, ""contestation_scenario"": ""equal_access"", ""rho_negative"": {""Female"": 0.05, ""Male"": 0.05}, ""rho_positive"": {""Female"": 0.8, ""Male"": 0.8}}",equal_opportunity_gap,20,0.0274999999999999,0.0240339671911935,0.0053741584408508,0.0169666494559323,0.0380333505440676,"{'Female': 0.25, 'Male': 0.25}","{'Female': 0.5, 'Male': 0.5}","{'Female': 0.05, 'Male': 0.05}","{'Female': 0.8, 'Male': 0.8}"
REALDATA,SEMISYNTHETIC REAL-DATA EXPERIMENT,german,ALL,random_forest,group_threshold_calibrated,pre,equal_access,8b1b8b56ce23dea1,"{""alpha_negative"": {""Female"": 0.25, ""Male"": 0.25}, ""alpha_positive"": {""Female"": 0.5, ""Male"": 0.5}, ""contestation_scenario"": ""equal_access"", ""rho_negative"": {""Female"": 0.05, ""Male"": 0.05}, ""rho_positive"": {""Female"": 0.8, ""Male"": 0.8}}",equalized_odds_gap,20,0.1144605263157894,0.078859685316329,0.0176335617051553,0.0798987453736849,0.1490223072578939,"{'Female': 0.25, 'Male': 0.25}","{'Female': 0.5, 'Male': 0.5}","{'Female': 0.05, 'Male': 0.05}","{'Female': 0.8, 'Male': 0.8}"
REALDATA,SEMISYNTHETIC REAL-DATA EXPERIMENT,german,ALL,random_forest,group_threshold_calibrated,pre,equal_access,8b1b8b56ce23dea1,"{""alpha_negative"": {""Female"": 0.25, ""Male"": 0.25}, ""alpha_positive"": {""Female"": 0.5, ""Male"": 0.5}, ""contestation_scenario"": ""equal_access"", ""rho_negative"": {""Female"": 0.05, ""Male"": 0.05}, ""rho_positive"": {""Female"": 0.8, ""Male"": 0.8}}",fpr_gap,20,0.1133971291866028,0.0799404131902211,0.0178752198042755,0.0783616983702227,0.1484325600029828,"{'Female': 0.25, 'Male': 0.25}","{'Female': 0.5, 'Male': 0.5}","{'Female': 0.05, 'Male': 0.05}","{'Female': 0.8, 'Male': 0.8}"
REALDATA,SEMISYNTHETIC REAL-DATA EXPERIMENT,german,ALL,random_forest,group_threshold_calibrated,pre,moderate_first_group,58a445a909825bd5,"{""alpha_negative"": {""Female"": 0.25, ""Male"": 0.25}, ""alpha_positive"": {""Female"": 0.65, ""Male"": 0.35}, ""contestation_scenario"": ""moderate_first_group"", ""rho_negative"": {""Female"": 0.05, ""Male"": 0.05}, ""rho_positive"": {""Female"": 0.8, ""Male"": 0.8}}",demographic_parity_gap,20,0.0503740065451145,0.0399906512170984,0.0089421814585916,0.0328473308862748,0.0679006822039541,"{'Female': 0.25, 'Male': 0.25}","{'Female': 0.65, 'Male': 0.35}","{'Female': 0.05, 'Male': 0.05}","{'Female': 0.8, 'Male': 0.8}"
REALDATA,SEMISYNTHETIC REAL-DATA EXPERIMENT,german,ALL,random_forest,group_threshold_calibrated,pre,moderate_first_group,58a445a909825bd5,"{""alpha_negative"": {""Female"": 0.25, ""Male"": 0.25}, ""alpha_positive"": {""Female"": 0.65, ""Male"": 0.35}, ""contestation_scenario"": ""moderate_first_group"", ""rho_negative"": {""Female"": 0.05, ""Male"": 0.05}, ""rho_positive"": {""Female"": 0.8, ""Male"": 0.8}}",equal_opportunity_gap,20,0.0274999999999999,0.0240339671911935,0.0053741584408508,0.0169666494559323,0.0380333505440676,"{'Female': 0.25, 'Male': 0.25}","{'Female': 0.65, 'Male': 0.35}","{'Female': 0.05, 'Male': 0.05}","{'Female': 0.8, 'Male': 0.8}"
REALDATA,SEMISYNTHETIC REAL-DATA EXPERIMENT,german,ALL,random_forest,group_threshold_calibrated,pre,moderate_first_group,58a445a909825bd5,"{""alpha_negative"": {""Female"": 0.25, ""Male"": 0.25}, ""alpha_positive"": {""Female"": 0.65, ""Male"": 0.35}, ""contestation_scenario"": ""moderate_first_group"", ""rho_negative"": {""Female"": 0.05, ""Male"": 0.05}, ""rho_positive"": {""Female"": 0.8, ""Male"": 0.8}}",equalized_odds_gap,20,0.1144605263157894,0.078859685316329,0.0176335617051553,0.0798987453736849,0.1490223072578939,"{'Female': 0.25, 'Male': 0.25}","{'Female': 0.65, 'Male': 0.35}","{'Female': 0.05, 'Male': 0.05}","{'Female': 0.8, 'Male': 0.8}"
REALDATA,SEMISYNTHETIC REAL-DATA EXPERIMENT,german,ALL,random_forest,group_threshold_calibrated,pre,moderate_first_group,58a445a909825bd5,"{""alpha_negative"": {""Female"": 0.25, ""Male"": 0.25}, ""alpha_positive"": {""Female"": 0.65, ""Male"": 0.35}, ""contestation_scenario"": ""moderate_first_group"", ""rho_negative"": {""Female"": 0.05, ""Male"": 0.05}, ""rho_positive"": {""Female"": 0.8, ""Male"": 0.8}}",fpr_gap,20,0.1133971291866028,0.0799404131902211,0.0178752198042755,0.0783616983702227,0.1484325600029828,"{'Female': 0.25, 'Male': 0.25}","{'Female': 0.65, 'Male': 0.35}","{'Female': 0.05, 'Male': 0.05}","{'Female': 0.8, 'Male': 0.8}"
REALDATA,SEMISYNTHETIC REAL-DATA EXPERIMENT,german,ALL,random_forest,group_threshold_calibrated,pre,moderate_second_group,f2d18f38dbf44f65,"{""alpha_negative"": {""Female"": 0.25, ""Male"": 0.25}, ""alpha_positive"": {""Female"": 0.35, ""Male"": 0.65}, ""contestation_scenario"": ""moderate_second_group"", ""rho_negative"": {""Female"": 0.05, ""Male"": 0.05}, ""rho_positive"": {""Female"": 0.8, ""Male"": 0.8}}",demographic_parity_gap,20,0.0503740065451145,0.0399906512170984,0.0089421814585916,0.0328473308862748,0.0679006822039541,"{'Female': 0.25, 'Male': 0.25}","{'Female': 0.35, 'Male': 0.65}","{'Female': 0.05, 'Male': 0.05}","{'Female': 0.8, 'Male': 0.8}"
REALDATA,SEMISYNTHETIC REAL-DATA EXPERIMENT,german,ALL,random_forest,group_threshold_calibrated,pre,moderate_second_group,f2d18f38dbf44f65,"{""alpha_negative"": {""Female"": 0.25, ""Male"": 0.25}, ""alpha_positive"": {""Female"": 0.35, ""Male"": 0.65}, ""contestation_scenario"": ""moderate_second_group"", ""rho_negative"": {""Female"": 0.05, ""Male"": 0.05}, ""rho_positive"": {""Female"": 0.8, ""Male"": 0.8}}",equal_opportunity_gap,20,0.0274999999999999,0.0240339671911935,0.0053741584408508,0.0169666494559323,0.0380333505440676,"{'Female': 0.25, 'Male': 0.25}","{'Female': 0.35, 'Male': 0.65}","{'Female': 0.05, 'Male': 0.05}","{'Female': 0.8, 'Male': 0.8}"
REALDATA,SEMISYNTHETIC REAL-DATA EXPERIMENT,german,ALL,random_forest,group_threshold_calibrated,pre,moderate_second_group,f2d18f38dbf44f65,"{""alpha_negative"": {""Female"": 0.25, ""Male"": 0.25}, ""alpha_positive"": {""Female"": 0.35, ""Male"": 0.65}, ""contestation_scenario"": ""moderate_second_group"", ""rho_negative"": {""Female"": 0.05, ""Male"": 0.05}, ""rho_positive"": {""Female"": 0.8, ""Male"": 0.8}}",equalized_odds_gap,20,0.1144605263157894,0.078859685316329,0.0176335617051553,0.0798987453736849,0.1490223072578939,"{'Female': 0.25, 'Male': 0.25}","{'Female': 0.35, 'Male': 0.65}","{'Female': 0.05, 'Male': 0.05}","{'Female': 0.8, 'Male': 0.8}"
REALDATA,SEMISYNTHETIC REAL-DATA EXPERIMENT,german,ALL,random_forest,group_threshold_calibrated,pre,moderate_second_group,f2d18f38dbf44f65,"{""alpha_negative"": {""Female"": 0.25, ""Male"": 0.25}, ""alpha_positive"": {""Female"": 0.35, ""Male"": 0.65}, ""contestation_scenario"": ""moderate_second_group"", ""rho_negative"": {""Female"": 0.05, ""Male"": 0.05}, ""rho_positive"": {""Female"": 0.8, ""Male"": 0.8}}",fpr_gap,20,0.1133971291866028,0.0799404131902211,0.0178752198042755,0.0783616983702227,0.1484325600029828,"{'Female': 0.25, 'Male': 0.25}","{'Female': 0.35, 'Male': 0.65}","{'Female': 0.05, 'Male': 0.05}","{'Female': 0.8, 'Male': 0.8}"
REALDATA,SEMISYNTHETIC REAL-DATA EXPERIMENT,german,ALL,random_forest,group_threshold_calibrated,pre,strong_first_group,80db5b8b411cb1ee,"{""alpha_negative"": {""Female"": 0.25, ""Male"": 0.25}, ""alpha_positive"": {""Female"": 0.75, ""Male"": 0.25}, ""contestation_scenario"": ""strong_first_group"", ""rho_negative"": {""Female"": 0.05, ""Male"": 0.05}, ""rho_positive"": {""Female"": 0.8, ""Male"": 0.8}}",demographic_parity_gap,20,0.0503740065451145,0.0399906512170984,0.0089421814585916,0.0328473308862748,0.0679006822039541,"{'Female': 0.25, 'Male': 0.25}","{'Female': 0.75, 'Male': 0.25}","{'Female': 0.05, 'Male': 0.05}","{'Female': 0.8, 'Male': 0.8}"
REALDATA,SEMISYNTHETIC REAL-DATA EXPERIMENT,german,ALL,random_forest,group_threshold_calibrated,pre,strong_first_group,80db5b8b411cb1ee,"{""alpha_negative"": {""Female"": 0.25, ""Male"": 0.25}, ""alpha_positive"": {""Female"": 0.75, ""Male"": 0.25}, ""contestation_scenario"": ""strong_first_group"", ""rho_negative"": {""Female"": 0.05, ""Male"": 0.05}, ""rho_positive"": {""Female"": 0.8, ""Male"": 0.8}}",equal_opportunity_gap,20,0.0274999999999999,0.0240339671911935,0.0053741584408508,0.0169666494559323,0.0380333505440676,"{'Female': 0.25, 'Male': 0.25}","{'Female': 0.75, 'Male': 0.25}","{'Female': 0.05, 'Male': 0.05}","{'Female': 0.8, 'Male': 0.8}"
REALDATA,SEMISYNTHETIC REAL-DATA EXPERIMENT,german,ALL,random_forest,group_threshold_calibrated,pre,strong_first_group,80db5b8b411cb1ee,"{""alpha_negative"": {""Female"": 0.25, ""Male"": 0.25}, ""alpha_positive"": {""Female"": 0.75, ""Male"": 0.25}, ""contestation_scenario"": ""strong_first_group"", ""rho_negative"": {""Female"": 0.05, ""Male"": 0.05}, ""rho_positive"": {""Female"": 0.8, ""Male"": 0.8}}",equalized_odds_gap,20,0.1144605263157894,0.078859685316329,0.0176335617051553,0.0798987453736849,0.1490223072578939,"{'Female': 0.25, 'Male': 0.25}","{'Female': 0.75, 'Male': 0.25}","{'Female': 0.05, 'Male': 0.05}","{'Female': 0.8, 'Male': 0.8}"
REALDATA,SEMISYNTHETIC REAL-DATA EXPERIMENT,german,ALL,random_forest,group_threshold_calibrated,pre,strong_first_group,80db5b8b411cb1ee,"{""alpha_negative"": {""Female"": 0.25, ""Male"": 0.25}, ""alpha_positive"": {""Female"": 0.75, ""Male"": 0.25}, ""contestation_scenario"": ""strong_first_group"", ""rho_negative"": {""Female"": 0.05, ""Male"": 0.05}, ""rho_positive"": {""Female"": 0.8, ""Male"": 0.8}}",fpr_gap,20,0.1133971291866028,0.0799404131902211,0.0178752198042755,0.0783616983702227,0.1484325600029828,"{'Female': 0.25, 'Male': 0.25}","{'Female': 0.75, 'Male': 0.25}","{'Female': 0.05, 'Male': 0.05}","{'Female': 0.8, 'Male': 0.8}"
REALDATA,SEMISYNTHETIC REAL-DATA EXPERIMENT,german,ALL,random_forest,group_threshold_calibrated,pre,strong_second_group,1a6f52e99e976851,"{""alpha_negative"": {""Female"": 0.25, ""Male"": 0.25}, ""alpha_positive"": {""Female"": 0.25, ""Male"": 0.75}, ""contestation_scenario"": ""strong_second_group"", ""rho_negative"": {""Female"": 0.05, ""Male"": 0.05}, ""rho_positive"": {""Female"": 0.8, ""Male"": 0.8}}",demographic_parity_gap,20,0.0503740065451145,0.0399906512170984,0.0089421814585916,0.0328473308862748,0.0679006822039541,"{'Female': 0.25, 'Male': 0.25}","{'Female': 0.25, 'Male': 0.75}","{'Female': 0.05, 'Male': 0.05}","{'Female': 0.8, 'Male': 0.8}"
REALDATA,SEMISYNTHETIC REAL-DATA EXPERIMENT,german,ALL,random_forest,group_threshold_calibrated,pre,strong_second_group,1a6f52e99e976851,"{""alpha_negative"": {""Female"": 0.25, ""Male"": 0.25}, ""alpha_positive"": {""Female"": 0.25, ""Male"": 0.75}, ""contestation_scenario"": ""strong_second_group"", ""rho_negative"": {""Female"": 0.05, ""Male"": 0.05}, ""rho_positive"": {""Female"": 0.8, ""Male"": 0.8}}",equal_opportunity_gap,20,0.0274999999999999,0.0240339671911935,0.0053741584408508,0.0169666494559323,0.0380333505440676,"{'Female': 0.25, 'Male': 0.25}","{'Female': 0.25, 'Male': 0.75}","{'Female': 0.05, 'Male': 0.05}","{'Female': 0.8, 'Male': 0.8}"
REALDATA,SEMISYNTHETIC REAL-DATA EXPERIMENT,german,ALL,random_forest,group_threshold_calibrated,pre,strong_second_group,1a6f52e99e976851,"{""alpha_negative"": {""Female"": 0.25, ""Male"": 0.25}, ""alpha_positive"": {""Female"": 0.25, ""Male"": 0.75}, ""contestation_scenario"": ""strong_second_group"", ""rho_negative"": {""Female"": 0.05, ""Male"": 0.05}, ""rho_positive"": {""Female"": 0.8, ""Male"": 0.8}}",equalized_odds_gap,20,0.1144605263157894,0.078859685316329,0.0176335617051553,0.0798987453736849,0.1490223072578939,"{'Female': 0.25, 'Male': 0.25}","{'Female': 0.25, 'Male': 0.75}","{'Female': 0.05, 'Male': 0.05}","{'Female': 0.8, 'Male': 0.8}"
REALDATA,SEMISYNTHETIC REAL-DATA EXPERIMENT,german,ALL,random_forest,group_threshold_calibrated,pre,strong_second_group,1a6f52e99e976851,"{""alpha_negative"": {""Female"": 0.25, ""Male"": 0.25}, ""alpha_positive"": {""Female"": 0.25, ""Male"": 0.75}, ""contestation_scenario"": ""strong_second_group"", ""rho_negative"": {""Female"": 0.05, ""Male"": 0.05}, ""rho_positive"": {""Female"": 0.8, ""Male"": 0.8}}",fpr_gap,20,0.1133971291866028,0.0799404131902211,0.0178752198042755,0.0783616983702227,0.1484325600029828,"{'Female': 0.25, 'Male': 0.25}","{'Female': 0.25, 'Male': 0.75}","{'Female': 0.05, 'Male': 0.05}","{'Female': 0.8, 'Male': 0.8}"
REALDATA,SEMISYNTHETIC REAL-DATA EXPERIMENT,german,Female,gradient_boosting,group_threshold_calibrated,post,equal_access,8b1b8b56ce23dea1,"{""alpha_negative"": {""Female"": 0.25, ""Male"": 0.25}, ""alpha_positive"": {""Female"": 0.5, ""Male"": 0.5}, ""contestation_scenario"": ""equal_access"", ""rho_negative"": {""Female"": 0.05, ""Male"": 0.05}, ""rho_positive"": {""Female"": 0.8, ""Male"": 0.8}}",accuracy,20,0.7556451612903226,0.0332096487654802,0.0074259032148505,0.7410903909892154,0.7701999315914297,"{'Female': 0.25, 'Male': 0.25}","{'Female': 0.5, 'Male': 0.5}","{'Female': 0.05, 'Male': 0.05}","{'Female': 0.8, 'Male': 0.8}"
REALDATA,SEMISYNTHETIC REAL-DATA EXPERIMENT,german,Female,gradient_boosting,group_threshold_calibrated,post,equal_access,8b1b8b56ce23dea1,"{""alpha_negative"": {""Female"": 0.25, ""Male"": 0.25}, ""alpha_positive"": {""Female"": 0.5, ""Male"": 0.5}, ""contestation_scenario"": ""equal_access"", ""rho_negative"": {""Female"": 0.05, ""Male"": 0.05}, ""rho_positive"": {""Female"": 0.8, ""Male"": 0.8}}",fnr,20,0.0662499999999999,0.0460798791573707,0.0103037742190856,0.046054602530592,0.0864453974694078,"{'Female': 0.25, 'Male': 0.25}","{'Female': 0.5, 'Male': 0.5}","{'Female': 0.05, 'Male': 0.05}","{'Female': 0.8, 'Male': 0.8}"
REALDATA,SEMISYNTHETIC REAL-DATA EXPERIMENT,german,Female,gradient_boosting,group_threshold_calibrated,post,equal_access,8b1b8b56ce23dea1,"{""alpha_negative"": {""Female"": 0.25, ""Male"": 0.25}, ""alpha_positive"": {""Female"": 0.5, ""Male"": 0.5}, ""contestation_scenario"": ""equal_access"", ""rho_negative"": {""Female"": 0.05, ""Male"": 0.05}, ""rho_positive"": {""Female"": 0.8, ""Male"": 0.8}}",fpr,20,0.5681818181818181,0.1005638734783909,0.022486765717837,0.5241077573748575,0.6122558789887788,"{'Female': 0.25, 'Male': 0.25}","{'Female': 0.5, 'Male': 0.5}","{'Female': 0.05, 'Male': 0.05}","{'Female': 0.8, 'Male': 0.8}"
REALDATA,SEMISYNTHETIC REAL-DATA EXPERIMENT,german,Female,gradient_boosting,group_threshold_calibrated,post,equal_access,8b1b8b56ce23dea1,"{""alpha_negative"": {""Female"": 0.25, ""Male"": 0.25}, ""alpha_positive"": {""Female"": 0.5, ""Male"": 0.5}, ""contestation_scenario"": ""equal_access"", ""rho_negative"": {""Female"": 0.05, ""Male"": 0.05}, ""rho_positive"": {""Female"": 0.8, ""Male"": 0.8}}",n,20,62.0,0.0,0.0,62.0,62.0,"{'Female': 0.25, 'Male': 0.25}","{'Female': 0.5, 'Male': 0.5}","{'Female': 0.05, 'Male': 0.05}","{'Female': 0.8, 'Male': 0.8}"
REALDATA,SEMISYNTHETIC REAL-DATA EXPERIMENT,german,Female,gradient_boosting,group_threshold_calibrated,post,equal_access,8b1b8b56ce23dea1,"{""alpha_negative"": {""Female"": 0.25, ""Male"": 0.25}, ""alpha_positive"": {""Female"": 0.5, ""Male"": 0.5}, ""contestation_scenario"": ""equal_access"", ""rho_negative"": {""Female"": 0.05, ""Male"": 0.05}, ""rho_positive"": {""Female"": 0.8, ""Male"": 0.8}}",positive_rate,20,0.8040322580645162,0.056669480143513,0.0126716809850469,0.7791957633338241,0.8288687527952082,"{'Female': 0.25, 'Male': 0.25}","{'Female': 0.5, 'Male': 0.5}","{'Female': 0.05, 'Male': 0.05}","{'Female': 0.8, 'Male': 0.8}"
REALDATA,SEMISYNTHETIC REAL-DATA EXPERIMENT,german,Female,gradient_boosting,group_threshold_calibrated,post,equal_access,8b1b8b56ce23dea1,"{""alpha_negative"": {""Female"": 0.25, ""Male"": 0.25}, ""alpha_positive"": {""Female"": 0.5, ""Male"": 0.5}, ""contestation_scenario"": ""equal_access"", ""rho_negative"": {""Female"": 0.05, ""Male"": 0.05}, ""rho_positive"": {""Female"": 0.8, ""Male"": 0.8}}",prevalence,20,0.6451612903225806,0.0,0.0,0.6451612903225806,0.6451612903225806,"{'Female': 0.25, 'Male': 0.25}","{'Female': 0.5, 'Male': 0.5}","{'Female': 0.05, 'Male': 0.05}","{'Female': 0.8, 'Male': 0.8}"
REALDATA,SEMISYNTHETIC REAL-DATA EXPERIMENT,german,Female,gradient_boosting,group_threshold_calibrated,post,equal_access,8b1b8b56ce23dea1,"{""alpha_negative"": {""Female"": 0.25, ""Male"": 0.25}, ""alpha_positive"": {""Female"": 0.5, ""Male"": 0.5}, ""contestation_scenario"": ""equal_access"", ""rho_negative"": {""Female"": 0.05, ""Male"": 0.05}, ""rho_positive"": {""Female"": 0.8, ""Male"": 0.8}}",tnr,20,0.4318181818181818,0.1005638734783909,0.022486765717837,0.3877441210112212,0.4758922426251424,"{'Female': 0.25, 'Male': 0.25}","{'Female': 0.5, 'Male': 0.5}","{'Female': 0.05, 'Male': 0.05}","{'Female': 0.8, 'Male': 0.8}"
REALDATA,SEMISYNTHETIC REAL-DATA EXPERIMENT,german,Female,gradient_boosting,group_threshold_calibrated,post,equal_access,8b1b8b56ce23dea1,"{""alpha_negative"": {""Female"": 0.25, ""Male"": 0.25}, ""alpha_positive"": {""Female"": 0.5, ""Male"": 0.5}, ""contestation_scenario"": ""equal_access"", ""rho_negative"": {""Female"": 0.05, ""Male"": 0.05}, ""rho_positive"": {""Female"": 0.8, ""Male"": 0.8}}",tpr,20,0.93375,0.0460798791573707,0.0103037742190856,0.9135546025305922,0.953945397469408,"{'Female': 0.25, 'Male': 0.25}","{'Female': 0.5, 'Male': 0.5}","{'Female': 0.05, 'Male': 0.05}","{'Female': 0.8, 'Male': 0.8}"
REALDATA,SEMISYNTHETIC REAL-DATA EXPERIMENT,german,Female,gradient_boosting,group_threshold_calibrated,post,moderate_first_group,58a445a909825bd5,"{""alpha_negative"": {""Female"": 0.25, ""Male"": 0.25}, ""alpha_positive"": {""Female"": 0.65, ""Male"": 0.35}, ""contestation_scenario"": ""moderate_first_group"", ""rho_negative"": {""Female"": 0.05, ""Male"": 0.05}, ""rho_positive"": {""Female"": 0.8, ""Male"": 0.8}}",accuracy,20,0.7661290322580645,0.032469595074542,0.0072604221788568,0.7518986047875051,0.7803594597286239,"{'Female': 0.25, 'Male': 0.25}","{'Female': 0.65, 'Male': 0.35}","{'Female': 0.05, 'Male': 0.05}","{'Female': 0.8, 'Male': 0.8}"
REALDATA,SEMISYNTHETIC REAL-DATA EXPERIMENT,german,Female,gradient_boosting,group_threshold_calibrated,post,moderate_first_group,58a445a909825bd5,"{""alpha_negative"": {""Female"": 0.25, ""Male"": 0.25}, ""alpha_positive"": {""Female"": 0.65, ""Male"": 0.35}, ""contestation_scenario"": ""moderate_first_group"", ""rho_negative"": {""Female"": 0.05, ""Male"": 0.05}, ""rho_positive"": {""Female"": 0.8, ""Male"": 0.8}}",fnr,20,0.0512499999999999,0.0357945526581908,0.008003905296791,0.0355623456182895,0.0669376543817104,"{'Female': 0.25, 'Male': 0.25}","{'Female': 0.65, 'Male': 0.35}","{'Female': 0.05, 'Male': 0.05}","{'Female': 0.8, 'Male': 0.8}"
REALDATA,SEMISYNTHETIC REAL-DATA EXPERIMENT,german,Female,gradient_boosting,group_threshold_calibrated,post,moderate_first_group,58a445a909825bd5,"{""alpha_negative"": {""Female"": 0.25, ""Male"": 0.25}, ""alpha_positive"": {""Female"": 0.65, ""Male"": 0.35}, ""contestation_scenario"": ""moderate_first_group"", ""rho_negative"": {""Female"": 0.05, ""Male"": 0.05}, ""rho_positive"": {""Female"": 0.8, ""Male"": 0.8}}",fpr,20,0.5659090909090909,0.0994493320187394,0.0222375466710847,0.5223234994337648,0.6094946823844171,"{'Female': 0.25, 'Male': 0.25}","{'Female': 0.65, 'Male': 0.35}","{'Female': 0.05, 'Male': 0.05}","{'Female': 0.8, 'Male': 0.8}"
REALDATA,SEMISYNTHETIC REAL-DATA EXPERIMENT,german,Female,gradient_boosting,group_threshold_calibrated,post,moderate_first_group,58a445a909825bd5,"{""alpha_negative"": {""Female"": 0.25, ""Male"": 0.25}, ""alpha_positive"": {""Female"": 0.65, ""Male"": 0.35}, ""contestation_scenario"": ""moderate_first_group"", ""rho_negative"": {""Female"": 0.05, ""Male"": 0.05}, ""rho_positive"": {""Female"": 0.8, ""Male"": 0.8}}",n,20,62.0,0.0,0.0,62.0,62.0,"{'Female': 0.25, 'Male': 0.25}","{'Female': 0.65, 'Male': 0.35}","{'Female': 0.05, 'Male': 0.05}","{'Female': 0.8, 'Male': 0.8}"
REALDATA,SEMISYNTHETIC REAL-DATA EXPERIMENT,german,Female,gradient_boosting,group_threshold_calibrated,post,moderate_first_group,58a445a909825bd5,"{""alpha_negative"": {""Female"": 0.25, ""Male"": 0.25}, ""alpha_positive"": {""Female"": 0.65, ""Male"": 0.35}, ""contestation_scenario"": ""moderate_first_group"", ""rho_negative"": {""Female"": 0.05, ""Male"": 0.05}, ""rho_positive"": {""Female"": 0.8, ""Male"": 0.8}}",positive_rate,20,0.8129032258064516,0.0500287446811867,0.0111867673936114,0.7909771617149731,0.83482928989793,"{'Female': 0.25, 'Male': 0.25}","{'Female': 0.65, 'Male': 0.35}","{'Female': 0.05, 'Male': 0.05}","{'Female': 0.8, 'Male': 0.8}"
REALDATA,SEMISYNTHETIC REAL-DATA EXPERIMENT,german,Female,gradient_boosting,group_threshold_calibrated,post,moderate_first_group,58a445a909825bd5,"{""alpha_negative"": {""Female"": 0.25, ""Male"": 0.25}, ""alpha_positive"": {""Female"": 0.65, ""Male"": 0.35}, ""contestation_scenario"": ""moderate_first_group"", ""rho_negative"": {""Female"": 0.05, ""Male"": 0.05}, ""rho_positive"": {""Female"": 0.8, ""Male"": 0.8}}",prevalence,20,0.6451612903225806,0.0,0.0,0.6451612903225806,0.6451612903225806,"{'Female': 0.25, 'Male': 0.25}","{'Female': 0.65, 'Male': 0.35}","{'Female': 0.05, 'Male': 0.05}","{'Female': 0.8, 'Male': 0.8}"
REALDATA,SEMISYNTHETIC REAL-DATA EXPERIMENT,german,Female,gradient_boosting,group_threshold_calibrated,post,moderate_first_group,58a445a909825bd5,"{""alpha_negative"": {""Female"": 0.25, ""Male"": 0.25}, ""alpha_positive"": {""Female"": 0.65, ""Male"": 0.35}, ""contestation_scenario"": ""moderate_first_group"", ""rho_negative"": {""Female"": 0.05, ""Male"": 0.05}, ""rho_positive"": {""Female"": 0.8, ""Male"": 0.8}}",tnr,20,0.4340909090909091,0.0994493320187394,0.0222375466710847,0.3905053176155829,0.4776765005662352,"{'Female': 0.25, 'Male': 0.25}","{'Female': 0.65, 'Male': 0.35}","{'Female': 0.05, 'Male': 0.05}","{'Female': 0.8, 'Male': 0.8}"
REALDATA,SEMISYNTHETIC REAL-DATA EXPERIMENT,german,Female,gradient_boosting,group_threshold_calibrated,post,moderate_first_group,58a445a909825bd5,"{""alpha_negative"": {""Female"": 0.25, ""Male"": 0.25}, ""alpha_positive"": {""Female"": 0.65, ""Male"": 0.35}, ""contestation_scenario"": ""moderate_first_group"", ""rho_negative"": {""Female"": 0.05, ""Male"": 0.05}, ""rho_positive"": {""Female"": 0.8, ""Male"": 0.8}}",tpr,20,0.94875,0.0357945526581908,0.008003905296791,0.9330623456182896,0.9644376543817106,"{'Female': 0.25, 'Male': 0.25}","{'Female': 0.65, 'Male': 0.35}","{'Female': 0.05, 'Male': 0.05}","{'Female': 0.8, 'Male': 0.8}"
REALDATA,SEMISYNTHETIC REAL-DATA EXPERIMENT,german,Female,gradient_boosting,group_threshold_calibrated,post,moderate_second_group,f2d18f38dbf44f65,"{""alpha_negative"": {""Female"": 0.25, ""Male"": 0.25}, ""alpha_positive"": {""Female"": 0.35, ""Male"": 0.65}, ""contestation_scenario"": ""moderate_second_group"", ""rho_negative"": {""Female"": 0.05, ""Male"": 0.05}, ""rho_positive"": {""Female"": 0.8, ""Male"": 0.8}}",accuracy,20,0.7467741935483871,0.0370395217759886,0.0082822888545194,0.7305409073935291,0.7630074797032452,"{'Female': 0.25, 'Male': 0.25}","{'Female': 0.35, 'Male': 0.65}","{'Female': 0.05, 'Male': 0.05}","{'Female': 0.8, 'Male': 0.8}"
REALDATA,SEMISYNTHETIC REAL-DATA EXPERIMENT,german,Female,gradient_boosting,group_threshold_calibrated,post,moderate_second_group,f2d18f38dbf44f65,"{""alpha_negative"": {""Female"": 0.25, ""Male"": 0.25}, ""alpha_positive"": {""Female"": 0.35, ""Male"": 0.65}, ""contestation_scenario"": ""moderate_second_group"", ""rho_negative"": {""Female"": 0.05, ""Male"": 0.05}, ""rho_positive"": {""Female"": 0.8, ""Male"": 0.8}}",fnr,20,0.0799999999999999,0.0571240570577479,0.01277332747317,0.0549642781525865,0.1050357218474133,"{'Female': 0.25, 'Male': 0.25}","{'Female': 0.35, 'Male': 0.65}","{'Female': 0.05, 'Male': 0.05}","{'Female': 0.8, 'Male': 0.8}"
REALDATA,SEMISYNTHETIC REAL-DATA EXPERIMENT,german,Female,gradient_boosting,group_threshold_calibrated,post,moderate_second_group,f2d18f38dbf44f65,"{""alpha_negative"": {""Female"": 0.25, ""Male"": 0.25}, ""alpha_positive"": {""Female"": 0.35, ""Male"": 0.65}, ""contestation_scenario"": ""moderate_second_group"", ""rho_negative"": {""Female"": 0.05, ""Male"": 0.05}, ""rho_positive"": {""Female"": 0.8, ""Male"": 0.8}}",fpr,20,0.5681818181818181,0.1005638734783909,0.022486765717837,0.5241077573748575,0.6122558789887788,"{'Female': 0.25, 'Male': 0.25}","{'Female': 0.35, 'Male': 0.65}","{'Female': 0.05, 'Male': 0.05}","{'Female': 0.8, 'Male': 0.8}"
REALDATA,SEMISYNTHETIC REAL-DATA EXPERIMENT,german,Female,gradient_boosting,group_threshold_calibrated,post,moderate_second_group,f2d18f38dbf44f65,"{""alpha_negative"": {""Female"": 0.25, ""Male"": 0.25}, ""alpha_positive"": {""Female"": 0.35, ""Male"": 0.65}, ""contestation_scenario"": ""moderate_second_group"", ""rho_negative"": {""Female"": 0.05, ""Male"": 0.05}, ""rho_positive"": {""Female"": 0.8, ""Male"": 0.8}}",n,20,62.0,0.0,0.0,62.0,62.0,"{'Female': 0.25, 'Male': 0.25}","{'Female': 0.35, 'Male': 0.65}","{'Female': 0.05, 'Male': 0.05}","{'Female': 0.8, 'Male': 0.8}"
REALDATA,SEMISYNTHETIC REAL-DATA EXPERIMENT,german,Female,gradient_boosting,group_threshold_calibrated,post,moderate_second_group,f2d18f38dbf44f65,"{""alpha_negative"": {""Female"": 0.25, ""Male"": 0.25}, ""alpha_positive"": {""Female"": 0.35, ""Male"": 0.65}, ""contestation_scenario"": ""moderate_second_group"", ""rho_negative"": {""Female"": 0.05, ""Male"": 0.05}, ""rho_positive"": {""Female"": 0.8, ""Male"": 0.8}}",positive_rate,20,0.7951612903225806,0.0623797380672835,0.0139485334737077,0.7678221647141135,0.8225004159310478,"{'Female': 0.25, 'Male': 0.25}","{'Female': 0.35, 'Male': 0.65}","{'Female': 0.05, 'Male': 0.05}","{'Female': 0.8, 'Male': 0.8}"
REALDATA,SEMISYNTHETIC REAL-DATA EXPERIMENT,german,Female,gradient_boosting,group_threshold_calibrated,post,moderate_second_group,f2d18f38dbf44f65,"{""alpha_negative"": {""Female"": 0.25, ""Male"": 0.25}, ""alpha_positive"": {""Female"": 0.35, ""Male"": 0.65}, ""contestation_scenario"": ""moderate_second_group"", ""rho_negative"": {""Female"": 0.05, ""Male"": 0.05}, ""rho_positive"": {""Female"": 0.8, ""Male"": 0.8}}",prevalence,20,0.6451612903225806,0.0,0.0,0.6451612903225806,0.6451612903225806,"{'Female': 0.25, 'Male': 0.25}","{'Female': 0.35, 'Male': 0.65}","{'Female': 0.05, 'Male': 0.05}","{'Female': 0.8, 'Male': 0.8}"
REALDATA,SEMISYNTHETIC REAL-DATA EXPERIMENT,german,Female,gradient_boosting,group_threshold_calibrated,post,moderate_second_group,f2d18f38dbf44f65,"{""alpha_negative"": {""Female"": 0.25, ""Male"": 0.25}, ""alpha_positive"": {""Female"": 0.35, ""Male"": 0.65}, ""contestation_scenario"": ""moderate_second_group"", ""rho_negative"": {""Female"": 0.05, ""Male"": 0.05}, ""rho_positive"": {""Female"": 0.8, ""Male"": 0.8}}",tnr,20,0.4318181818181818,0.1005638734783909,0.022486765717837,0.3877441210112212,0.4758922426251424,"{'Female': 0.25, 'Male': 0.25}","{'Female': 0.35, 'Male': 0.65}","{'Female': 0.05, 'Male': 0.05}","{'Female': 0.8, 'Male': 0.8}"
REALDATA,SEMISYNTHETIC REAL-DATA EXPERIMENT,german,Female,gradient_boosting,group_threshold_calibrated,post,moderate_second_group,f2d18f38dbf44f65,"{""alpha_negative"": {""Female"": 0.25, ""Male"": 0.25}, ""alpha_positive"": {""Female"": 0.35, ""Male"": 0.65}, ""contestation_scenario"": ""moderate_second_group"", ""rho_negative"": {""Female"": 0.05, ""Male"": 0.05}, ""rho_positive"": {""Female"": 0.8, ""Male"": 0.8}}",tpr,20,0.92,0.0571240570577479,0.0127733274731701,0.8949642781525865,0.9450357218474134,"{'Female': 0.25, 'Male': 0.25}","{'Female': 0.35, 'Male': 0.65}","{'Female': 0.05, 'Male': 0.05}","{'Female': 0.8, 'Male': 0.8}"
REALDATA,SEMISYNTHETIC REAL-DATA EXPERIMENT,german,Female,gradient_boosting,group_threshold_calibrated,post,strong_first_group,80db5b8b411cb1ee,"{""alpha_negative"": {""Female"": 0.25, ""Male"": 0.25}, ""alpha_positive"": {""Female"": 0.75, ""Male"": 0.25}, ""contestation_scenario"": ""strong_first_group"", ""rho_negative"": {""Female"": 0.05, ""Male"": 0.05}, ""rho_positive"": {""Female"": 0.8, ""Male"": 0.8}}",accuracy,20,0.7709677419354839,0.034553317636374,0.0077263567083074,0.7558240827872013,0.7861114010837665,"{'Female': 0.25, 'Male': 0.25}","{'Female': 0.75, 'Male': 0.25}","{'Female': 0.05, 'Male': 0.05}","{'Female': 0.8, 'Male': 0.8}"
REALDATA,SEMISYNTHETIC REAL-DATA EXPERIMENT,german,Female,gradient_boosting,group_threshold_calibrated,post,strong_first_group,80db5b8b411cb1ee,"{""alpha_negative"": {""Female"": 0.25, ""Male"": 0.25}, ""alpha_positive"": {""Female"": 0.75, ""Male"": 0.25}, ""contestation_scenario"": ""strong_first_group"", ""rho_negative"": {""Female"": 0.05, ""Male"": 0.05}, ""rho_positive"": {""Female"": 0.8, ""Male"": 0.8}}",fnr,20,0.0437499999999999,0.0342926645524266,0.0076680729068823,0.0287205771025105,0.0587794228974893,"{'Female': 0.25, 'Male': 0.25}","{'Female': 0.75, 'Male': 0.25}","{'Female': 0.05, 'Male': 0.05}","{'Female': 0.8, 'Male': 0.8}"
REALDATA,SEMISYNTHETIC REAL-DATA EXPERIMENT,german,Female,gradient_boosting,group_threshold_calibrated,post,strong_first_group,80db5b8b411cb1ee,"{""alpha_negative"": {""Female"": 0.25, ""Male"": 0.25}, ""alpha_positive"": {""Female"": 0.75, ""Male"": 0.25}, ""contestation_scenario"": ""strong_first_group"", ""rho_negative"": {""Female"": 0.05, ""Male"": 0.05}, ""rho_positive"": {""Female"": 0.8, ""Male"": 0.8}}",fpr,20,0.5659090909090909,0.0994493320187394,0.0222375466710847,0.5223234994337648,0.6094946823844171,"{'Female': 0.25, 'Male': 0.25}","{'Female': 0.75, 'Male': 0.25}","{'Female': 0.05, 'Male': 0.05}","{'Female': 0.8, 'Male': 0.8}"
REALDATA,SEMISYNTHETIC REAL-DATA EXPERIMENT,german,Female,gradient_boosting,group_threshold_calibrated,post,strong_first_group,80db5b8b411cb1ee,"{""alpha_negative"": {""Female"": 0.25, ""Male"": 0.25}, ""alpha_positive"": {""Female"": 0.75, ""Male"": 0.25}, ""contestation_scenario"": ""strong_first_group"", ""rho_negative"": {""Female"": 0.05, ""Male"": 0.05}, ""rho_positive"": {""Female"": 0.8, ""Male"": 0.8}}",n,20,62.0,0.0,0.0,62.0,62.0,"{'Female': 0.25, 'Male': 0.25}","{'Female': 0.75, 'Male': 0.25}","{'Female': 0.05, 'Male': 0.05}","{'Female': 0.8, 'Male': 0.8}"
REALDATA,SEMISYNTHETIC REAL-DATA EXPERIMENT,german,Female,gradient_boosting,group_threshold_calibrated,post,strong_first_group,80db5b8b411cb1ee,"{""alpha_negative"": {""Female"": 0.25, ""Male"": 0.25}, ""alpha_positive"": {""Female"": 0.75, ""Male"": 0.25}, ""contestation_scenario"": ""strong_first_group"", ""rho_negative"": {""Female"": 0.05, ""Male"": 0.05}, ""rho_positive"": {""Female"": 0.8, ""Male"": 0.8}}",positive_rate,20,0.817741935483871,0.0477031458075968,0.010666747676637,0.7968351100376623,0.8386487609300797,"{'Female': 0.25, 'Male': 0.25}","{'Female': 0.75, 'Male': 0.25}","{'Female': 0.05, 'Male': 0.05}","{'Female': 0.8, 'Male': 0.8}"
REALDATA,SEMISYNTHETIC REAL-DATA EXPERIMENT,german,Female,gradient_boosting,group_threshold_calibrated,post,strong_first_group,80db5b8b411cb1ee,"{""alpha_negative"": {""Female"": 0.25, ""Male"": 0.25}, ""alpha_positive"": {""Female"": 0.75, ""Male"": 0.25}, ""contestation_scenario"": ""strong_first_group"", ""rho_negative"": {""Female"": 0.05, ""Male"": 0.05}, ""rho_positive"": {""Female"": 0.8, ""Male"": 0.8}}",prevalence,20,0.6451612903225806,0.0,0.0,0.6451612903225806,0.6451612903225806,"{'Female': 0.25, 'Male': 0.25}","{'Female': 0.75, 'Male': 0.25}","{'Female': 0.05, 'Male': 0.05}","{'Female': 0.8, 'Male': 0.8}"
REALDATA,SEMISYNTHETIC REAL-DATA EXPERIMENT,german,Female,gradient_boosting,group_threshold_calibrated,post,strong_first_group,80db5b8b411cb1ee,"{""alpha_negative"": {""Female"": 0.25, ""Male"": 0.25}, ""alpha_positive"": {""Female"": 0.75, ""Male"": 0.25}, ""contestation_scenario"": ""strong_first_group"", ""rho_negative"": {""Female"": 0.05, ""Male"": 0.05}, ""rho_positive"": {""Female"": 0.8, ""Male"": 0.8}}",tnr,20,0.4340909090909091,0.0994493320187394,0.0222375466710847,0.3905053176155829,0.4776765005662352,"{'Female': 0.25, 'Male': 0.25}","{'Female': 0.75, 'Male': 0.25}","{'Female': 0.05, 'Male': 0.05}","{'Female': 0.8, 'Male': 0.8}"
REALDATA,SEMISYNTHETIC REAL-DATA EXPERIMENT,german,Female,gradient_boosting,group_threshold_calibrated,post,strong_first_group,80db5b8b411cb1ee,"{""alpha_negative"": {""Female"": 0.25, ""Male"": 0.25}, ""alpha_positive"": {""Female"": 0.75, ""Male"": 0.25}, ""contestation_scenario"": ""strong_first_group"", ""rho_negative"": {""Female"": 0.05, ""Male"": 0.05}, ""rho_positive"": {""Female"": 0.8, ""Male"": 0.8}}",tpr,20,0.95625,0.0342926645524266,0.0076680729068823,0.9412205771025106,0.9712794228974896,"{'Female': 0.25, 'Male': 0.25}","{'Female': 0.75, 'Male': 0.25}","{'Female': 0.05, 'Male': 0.05}","{'Female': 0.8, 'Male': 0.8}"
REALDATA,SEMISYNTHETIC REAL-DATA EXPERIMENT,german,Female,gradient_boosting,group_threshold_calibrated,post,strong_second_group,1a6f52e99e976851,"{""alpha_negative"": {""Female"": 0.25, ""Male"": 0.25}, ""alpha_positive"": {""Female"": 0.25, ""Male"": 0.75}, ""contestation_scenario"": ""strong_second_group"", ""rho_negative"": {""Female"": 0.05, ""Male"": 0.05}, ""rho_positive"": {""Female"": 0.8, ""Male"": 0.8}}",accuracy,20,0.742741935483871,0.0368077617619091,0.0082304657399246,0.7266102226336187,0.7588736483341233,"{'Female': 0.25, 'Male': 0.25}","{'Female': 0.25, 'Male': 0.75}","{'Female': 0.05, 'Male': 0.05}","{'Female': 0.8, 'Male': 0.8}"
REALDATA,SEMISYNTHETIC REAL-DATA EXPERIMENT,german,Female,gradient_boosting,group_threshold_calibrated,post,strong_second_group,1a6f52e99e976851,"{""alpha_negative"": {""Female"": 0.25, ""Male"": 0.25}, ""alpha_positive"": {""Female"": 0.25, ""Male"": 0.75}, ""contestation_scenario"": ""strong_second_group"", ""rho_negative"": {""Female"": 0.05, ""Male"": 0.05}, ""rho_positive"": {""Female"": 0.8, ""Male"": 0.8}}",fnr,20,0.0862499999999999,0.0620245070410415,0.0138691014014683,0.059066561253122,0.1134334387468778,"{'Female': 0.25, 'Male': 0.25}","{'Female': 0.25, 'Male': 0.75}","{'Female': 0.05, 'Male': 0.05}","{'Female': 0.8, 'Male': 0.8}"
REALDATA,SEMISYNTHETIC REAL-DATA EXPERIMENT,german,Female,gradient_boosting,group_threshold_calibrated,post,strong_second_group,1a6f52e99e976851,"{""alpha_negative"": {""Female"": 0.25, ""Male"": 0.25}, ""alpha_positive"": {""Female"": 0.25, ""Male"": 0.75}, ""contestation_scenario"": ""strong_second_group"", ""rho_negative"": {""Female"": 0.05, ""Male"": 0.05}, ""rho_positive"": {""Female"": 0.8, ""Male"": 0.8}}",fpr,20,0.5681818181818181,0.1005638734783909,0.022486765717837,0.5241077573748575,0.6122558789887788,"{'Female': 0.25, 'Male': 0.25}","{'Female': 0.25, 'Male': 0.75}","{'Female': 0.05, 'Male': 0.05}","{'Female': 0.8, 'Male': 0.8}"
REALDATA,SEMISYNTHETIC REAL-DATA EXPERIMENT,german,Female,gradient_boosting,group_threshold_calibrated,post,strong_second_group,1a6f52e99e976851,"{""alpha_negative"": {""Female"": 0.25, ""Male"": 0.25}, ""alpha_positive"": {""Female"": 0.25, ""Male"": 0.75}, ""contestation_scenario"": ""strong_second_group"", ""rho_negative"": {""Female"": 0.05, ""Male"": 0.05}, ""rho_positive"": {""Female"": 0.8, ""Male"": 0.8}}",n,20,62.0,0.0,0.0,62.0,62.0,"{'Female': 0.25, 'Male': 0.25}","{'Female': 0.25, 'Male': 0.75}","{'Female': 0.05, 'Male': 0.05}","{'Female': 0.8, 'Male': 0.8}"
REALDATA,SEMISYNTHETIC REAL-DATA EXPERIMENT,german,Female,gradient_boosting,group_threshold_calibrated,post,strong_second_group,1a6f52e99e976851,"{""alpha_negative"": {""Female"": 0.25, ""Male"": 0.25}, ""alpha_positive"": {""Female"": 0.25, ""Male"": 0.75}, ""contestation_scenario"": ""strong_second_group"", ""rho_negative"": {""Female"": 0.05, ""Male"": 0.05}, ""rho_positive"": {""Female"": 0.8, ""Male"": 0.8}}",positive_rate,20,0.7911290322580645,0.0662903329078516,0.0148229690633047,0.7620760128939872,0.8201820516221419,"{'Female': 0.25, 'Male': 0.25}","{'Female': 0.25, 'Male': 0.75}","{'Female': 0.05, 'Male': 0.05}","{'Female': 0.8, 'Male': 0.8}"
REALDATA,SEMISYNTHETIC REAL-DATA EXPERIMENT,german,Female,gradient_boosting,group_threshold_calibrated,post,strong_second_group,1a6f52e99e976851,"{""alpha_negative"": {""Female"": 0.25, ""Male"": 0.25}, ""alpha_positive"": {""Female"": 0.25, ""Male"": 0.75}, ""contestation_scenario"": ""strong_second_group"", ""rho_negative"": {""Female"": 0.05, ""Male"": 0.05}, ""rho_positive"": {""Female"": 0.8, ""Male"": 0.8}}",prevalence,20,0.6451612903225806,0.0,0.0,0.6451612903225806,0.6451612903225806,"{'Female': 0.25, 'Male': 0.25}","{'Female': 0.25, 'Male': 0.75}","{'Female': 0.05, 'Male': 0.05}","{'Female': 0.8, 'Male': 0.8}"
REALDATA,SEMISYNTHETIC REAL-DATA EXPERIMENT,german,Female,gradient_boosting,group_threshold_calibrated,post,strong_second_group,1a6f52e99e976851,"{""alpha_negative"": {""Female"": 0.25, ""Male"": 0.25}, ""alpha_positive"": {""Female"": 0.25, ""Male"": 0.75}, ""contestation_scenario"": ""strong_second_group"", ""rho_negative"": {""Female"": 0.05, ""Male"": 0.05}, ""rho_positive"": {""Female"": 0.8, ""Male"": 0.8}}",tnr,20,0.4318181818181818,0.1005638734783909,0.022486765717837,0.3877441210112212,0.4758922426251424,"{'Female': 0.25, 'Male': 0.25}","{'Female': 0.25, 'Male': 0.75}","{'Female': 0.05, 'Male': 0.05}","{'Female': 0.8, 'Male': 0.8}"
REALDATA,SEMISYNTHETIC REAL-DATA EXPERIMENT,german,Female,gradient_boosting,group_threshold_calibrated,post,strong_second_group,1a6f52e99e976851,"{""alpha_negative"": {""Female"": 0.25, ""Male"": 0.25}, ""alpha_positive"": {""Female"": 0.25, ""Male"": 0.75}, ""contestation_scenario"": ""strong_second_group"", ""rho_negative"": {""Female"": 0.05, ""Male"": 0.05}, ""rho_positive"": {""Female"": 0.8, ""Male"": 0.8}}",tpr,20,0.91375,0.0620245070410415,0.0138691014014683,0.886566561253122,0.9409334387468778,"{'Female': 0.25, 'Male': 0.25}","{'Female': 0.25, 'Male': 0.75}","{'Female': 0.05, 'Male': 0.05}","{'Female': 0.8, 'Male': 0.8}"
REALDATA,SEMISYNTHETIC REAL-DATA EXPERIMENT,german,Female,gradient_boosting,group_threshold_calibrated,pre,equal_access,8b1b8b56ce23dea1,"{""alpha_negative"": {""Female"": 0.25, ""Male"": 0.25}, ""alpha_positive"": {""Female"": 0.5, ""Male"": 0.5}, ""contestation_scenario"": ""equal_access"", ""rho_negative"": {""Female"": 0.05, ""Male"": 0.05}, ""rho_positive"": {""Female"": 0.8, ""Male"": 0.8}}",accuracy,20,0.7298387096774194,0.0387644632116025,0.0086679974852433,0.7128494346063425,0.7468279847484962,"{'Female': 0.25, 'Male': 0.25}","{'Female': 0.5, 'Male': 0.5}","{'Female': 0.05, 'Male': 0.05}","{'Female': 0.8, 'Male': 0.8}"
REALDATA,SEMISYNTHETIC REAL-DATA EXPERIMENT,german,Female,gradient_boosting,group_threshold_calibrated,pre,equal_access,8b1b8b56ce23dea1,"{""alpha_negative"": {""Female"": 0.25, ""Male"": 0.25}, ""alpha_positive"": {""Female"": 0.5, ""Male"": 0.5}, ""contestation_scenario"": ""equal_access"", ""rho_negative"": {""Female"": 0.05, ""Male"": 0.05}, ""rho_positive"": {""Female"": 0.8, ""Male"": 0.8}}",fnr,20,0.1087499999999999,0.0684773300942881,0.015311996500852,0.0787384868583299,0.1387615131416699,"{'Female': 0.25, 'Male': 0.25}","{'Female': 0.5, 'Male': 0.5}","{'Female': 0.05, 'Male': 0.05}","{'Female': 0.8, 'Male': 0.8}"
REALDATA,SEMISYNTHETIC REAL-DATA EXPERIMENT,german,Female,gradient_boosting,group_threshold_calibrated,pre,equal_access,8b1b8b56ce23dea1,"{""alpha_negative"": {""Female"": 0.25, ""Male"": 0.25}, ""alpha_positive"": {""Female"": 0.5, ""Male"": 0.5}, ""contestation_scenario"": ""equal_access"", ""rho_negative"": {""Female"": 0.05, ""Male"": 0.05}, ""rho_positive"": {""Female"": 0.8, ""Male"": 0.8}}",fpr,20,0.5636363636363637,0.1036523113726489,0.0231773614254217,0.5182087352425371,0.6090639920301903,"{'Female': 0.25, 'Male': 0.25}","{'Female': 0.5, 'Male': 0.5}","{'Female': 0.05, 'Male': 0.05}","{'Female': 0.8, 'Male': 0.8}"
REALDATA,SEMISYNTHETIC REAL-DATA EXPERIMENT,german,Female,gradient_boosting,group_threshold_calibrated,pre,equal_access,8b1b8b56ce23dea1,"{""alpha_negative"": {""Female"": 0.25, ""Male"": 0.25}, ""alpha_positive"": {""Female"": 0.5, ""Male"": 0.5}, ""contestation_scenario"": ""equal_access"", ""rho_negative"": {""Female"": 0.05, ""Male"": 0.05}, ""rho_positive"": {""Female"": 0.8, ""Male"": 0.8}}",n,20,62.0,0.0,0.0,62.0,62.0,"{'Female': 0.25, 'Male': 0.25}","{'Female': 0.5, 'Male': 0.5}","{'Female': 0.05, 'Male': 0.05}","{'Female': 0.8, 'Male': 0.8}"
REALDATA,SEMISYNTHETIC REAL-DATA EXPERIMENT,german,Female,gradient_boosting,group_threshold_calibrated,pre,equal_access,8b1b8b56ce23dea1,"{""alpha_negative"": {""Female"": 0.25, ""Male"": 0.25}, ""alpha_positive"": {""Female"": 0.5, ""Male"": 0.5}, ""contestation_scenario"": ""equal_access"", ""rho_negative"": {""Female"": 0.05, ""Male"": 0.05}, ""rho_positive"": {""Female"": 0.8, ""Male"": 0.8}}",positive_rate,20,0.775,0.0714589804845334,0.0159787137966247,0.7436817209586155,0.8063182790413845,"{'Female': 0.25, 'Male': 0.25}","{'Female': 0.5, 'Male': 0.5}","{'Female': 0.05, 'Male': 0.05}","{'Female': 0.8, 'Male': 0.8}"
REALDATA,SEMISYNTHETIC REAL-DATA EXPERIMENT,german,Female,gradient_boosting,group_threshold_calibrated,pre,equal_access,8b1b8b56ce23dea1,"{""alpha_negative"": {""Female"": 0.25, ""Male"": 0.25}, ""alpha_positive"": {""Female"": 0.5, ""Male"": 0.5}, ""contestation_scenario"": ""equal_access"", ""rho_negative"": {""Female"": 0.05, ""Male"": 0.05}, ""rho_positive"": {""Female"": 0.8, ""Male"": 0.8}}",prevalence,20,0.6451612903225806,0.0,0.0,0.6451612903225806,0.6451612903225806,"{'Female': 0.25, 'Male': 0.25}","{'Female': 0.5, 'Male': 0.5}","{'Female': 0.05, 'Male': 0.05}","{'Female': 0.8, 'Male': 0.8}"
REALDATA,SEMISYNTHETIC REAL-DATA EXPERIMENT,german,Female,gradient_boosting,group_threshold_calibrated,pre,equal_access,8b1b8b56ce23dea1,"{""alpha_negative"": {""Female"": 0.25, ""Male"": 0.25}, ""alpha_positive"": {""Female"": 0.5, ""Male"": 0.5}, ""contestation_scenario"": ""equal_access"", ""rho_negative"": {""Female"": 0.05, ""Male"": 0.05}, ""rho_positive"": {""Female"": 0.8, ""Male"": 0.8}}",tnr,20,0.4363636363636363,0.1036523113726489,0.0231773614254217,0.3909360079698097,0.481791264757463,"{'Female': 0.25, 'Male': 0.25}","{'Female': 0.5, 'Male': 0.5}","{'Female': 0.05, 'Male': 0.05}","{'Female': 0.8, 'Male': 0.8}"
REALDATA,SEMISYNTHETIC REAL-DATA EXPERIMENT,german,Female,gradient_boosting,group_threshold_calibrated,pre,equal_access,8b1b8b56ce23dea1,"{""alpha_negative"": {""Female"": 0.25, ""Male"": 0.25}, ""alpha_positive"": {""Female"": 0.5, ""Male"": 0.5}, ""contestation_scenario"": ""equal_access"", ""rho_negative"": {""Female"": 0.05, ""Male"": 0.05}, ""rho_positive"": {""Female"": 0.8, ""Male"": 0.8}}",tpr,20,0.89125,0.0684773300942881,0.015311996500852,0.8612384868583299,0.92126151314167,"{'Female': 0.25, 'Male': 0.25}","{'Female': 0.5, 'Male': 0.5}","{'Female': 0.05, 'Male': 0.05}","{'Female': 0.8, 'Male': 0.8}"
REALDATA,SEMISYNTHETIC REAL-DATA EXPERIMENT,german,Female,gradient_boosting,group_threshold_calibrated,pre,moderate_first_group,58a445a909825bd5,"{""alpha_negative"": {""Female"": 0.25, ""Male"": 0.25}, ""alpha_positive"": {""Female"": 0.65, ""Male"": 0.35}, ""contestation_scenario"": ""moderate_first_group"", ""rho_negative"": {""Female"": 0.05, ""Male"": 0.05}, ""rho_positive"": {""Female"": 0.8, ""Male"": 0.8}}",accuracy,20,0.7298387096774194,0.0387644632116025,0.0086679974852433,0.7128494346063425,0.7468279847484962,"{'Female': 0.25, 'Male': 0.25}","{'Female': 0.65, 'Male': 0.35}","{'Female': 0.05, 'Male': 0.05}","{'Female': 0.8, 'Male': 0.8}"
REALDATA,SEMISYNTHETIC REAL-DATA EXPERIMENT,german,Female,gradient_boosting,group_threshold_calibrated,pre,moderate_first_group,58a445a909825bd5,"{""alpha_negative"": {""Female"": 0.25, ""Male"": 0.25}, ""alpha_positive"": {""Female"": 0.65, ""Male"": 0.35}, ""contestation_scenario"": ""moderate_first_group"", ""rho_negative"": {""Female"": 0.05, ""Male"": 0.05}, ""rho_positive"": {""Female"": 0.8, ""Male"": 0.8}}",fnr,20,0.1087499999999999,0.0684773300942881,0.015311996500852,0.0787384868583299,0.1387615131416699,"{'Female': 0.25, 'Male': 0.25}","{'Female': 0.65, 'Male': 0.35}","{'Female': 0.05, 'Male': 0.05}","{'Female': 0.8, 'Male': 0.8}"
REALDATA,SEMISYNTHETIC REAL-DATA EXPERIMENT,german,Female,gradient_boosting,group_threshold_calibrated,pre,moderate_first_group,58a445a909825bd5,"{""alpha_negative"": {""Female"": 0.25, ""Male"": 0.25}, ""alpha_positive"": {""Female"": 0.65, ""Male"": 0.35}, ""contestation_scenario"": ""moderate_first_group"", ""rho_negative"": {""Female"": 0.05, ""Male"": 0.05}, ""rho_positive"": {""Female"": 0.8, ""Male"": 0.8}}",fpr,20,0.5636363636363637,0.1036523113726489,0.0231773614254217,0.5182087352425371,0.6090639920301903,"{'Female': 0.25, 'Male': 0.25}","{'Female': 0.65, 'Male': 0.35}","{'Female': 0.05, 'Male': 0.05}","{'Female': 0.8, 'Male': 0.8}"
REALDATA,SEMISYNTHETIC REAL-DATA EXPERIMENT,german,Female,gradient_boosting,group_threshold_calibrated,pre,moderate_first_group,58a445a909825bd5,"{""alpha_negative"": {""Female"": 0.25, ""Male"": 0.25}, ""alpha_positive"": {""Female"": 0.65, ""Male"": 0.35}, ""contestation_scenario"": ""moderate_first_group"", ""rho_negative"": {""Female"": 0.05, ""Male"": 0.05}, ""rho_positive"": {""Female"": 0.8, ""Male"": 0.8}}",n,20,62.0,0.0,0.0,62.0,62.0,"{'Female': 0.25, 'Male': 0.25}","{'Female': 0.65, 'Male': 0.35}","{'Female': 0.05, 'Male': 0.05}","{'Female': 0.8, 'Male': 0.8}"
REALDATA,SEMISYNTHETIC REAL-DATA EXPERIMENT,german,Female,gradient_boosting,group_threshold_calibrated,pre,moderate_first_group,58a445a909825bd5,"{""alpha_negative"": {""Female"": 0.25, ""Male"": 0.25}, ""alpha_positive"": {""Female"": 0.65, ""Male"": 0.35}, ""contestation_scenario"": ""moderate_first_group"", ""rho_negative"": {""Female"": 0.05, ""Male"": 0.05}, ""rho_positive"": {""Female"": 0.8, ""Male"": 0.8}}",positive_rate,20,0.775,0.0714589804845334,0.0159787137966247,0.7436817209586155,0.8063182790413845,"{'Female': 0.25, 'Male': 0.25}","{'Female': 0.65, 'Male': 0.35}","{'Female': 0.05, 'Male': 0.05}","{'Female': 0.8, 'Male': 0.8}"
REALDATA,SEMISYNTHETIC REAL-DATA EXPERIMENT,german,Female,gradient_boosting,group_threshold_calibrated,pre,moderate_first_group,58a445a909825bd5,"{""alpha_negative"": {""Female"": 0.25, ""Male"": 0.25}, ""alpha_positive"": {""Female"": 0.65, ""Male"": 0.35}, ""contestation_scenario"": ""moderate_first_group"", ""rho_negative"": {""Female"": 0.05, ""Male"": 0.05}, ""rho_positive"": {""Female"": 0.8, ""Male"": 0.8}}",prevalence,20,0.6451612903225806,0.0,0.0,0.6451612903225806,0.6451612903225806,"{'Female': 0.25, 'Male': 0.25}","{'Female': 0.65, 'Male': 0.35}","{'Female': 0.05, 'Male': 0.05}","{'Female': 0.8, 'Male': 0.8}"
REALDATA,SEMISYNTHETIC REAL-DATA EXPERIMENT,german,Female,gradient_boosting,group_threshold_calibrated,pre,moderate_first_group,58a445a909825bd5,"{""alpha_negative"": {""Female"": 0.25, ""Male"": 0.25}, ""alpha_positive"": {""Female"": 0.65, ""Male"": 0.35}, ""contestation_scenario"": ""moderate_first_group"", ""rho_negative"": {""Female"": 0.05, ""Male"": 0.05}, ""rho_positive"": {""Female"": 0.8, ""Male"": 0.8}}",tnr,20,0.4363636363636363,0.1036523113726489,0.0231773614254217,0.3909360079698097,0.481791264757463,"{'Female': 0.25, 'Male': 0.25}","{'Female': 0.65, 'Male': 0.35}","{'Female': 0.05, 'Male': 0.05}","{'Female': 0.8, 'Male': 0.8}"
REALDATA,SEMISYNTHETIC REAL-DATA EXPERIMENT,german,Female,gradient_boosting,group_threshold_calibrated,pre,moderate_first_group,58a445a909825bd5,"{""alpha_negative"": {""Female"": 0.25, ""Male"": 0.25}, ""alpha_positive"": {""Female"": 0.65, ""Male"": 0.35}, ""contestation_scenario"": ""moderate_first_group"", ""rho_negative"": {""Female"": 0.05, ""Male"": 0.05}, ""rho_positive"": {""Female"": 0.8, ""Male"": 0.8}}",tpr,20,0.89125,0.0684773300942881,0.015311996500852,0.8612384868583299,0.92126151314167,"{'Female': 0.25, 'Male': 0.25}","{'Female': 0.65, 'Male': 0.35}","{'Female': 0.05, 'Male': 0.05}","{'Female': 0.8, 'Male': 0.8}"
REALDATA,SEMISYNTHETIC REAL-DATA EXPERIMENT,german,Female,gradient_boosting,group_threshold_calibrated,pre,moderate_second_group,f2d18f38dbf44f65,"{""alpha_negative"": {""Female"": 0.25, ""Male"": 0.25}, ""alpha_positive"": {""Female"": 0.35, ""Male"": 0.65}, ""contestation_scenario"": ""moderate_second_group"", ""rho_negative"": {""Female"": 0.05, ""Male"": 0.05}, ""rho_positive"": {""Female"": 0.8, ""Male"": 0.8}}",accuracy,20,0.7298387096774194,0.0387644632116025,0.0086679974852433,0.7128494346063425,0.7468279847484962,"{'Female': 0.25, 'Male': 0.25}","{'Female': 0.35, 'Male': 0.65}","{'Female': 0.05, 'Male': 0.05}","{'Female': 0.8, 'Male': 0.8}"
REALDATA,SEMISYNTHETIC REAL-DATA EXPERIMENT,german,Female,gradient_boosting,group_threshold_calibrated,pre,moderate_second_group,f2d18f38dbf44f65,"{""alpha_negative"": {""Female"": 0.25, ""Male"": 0.25}, ""alpha_positive"": {""Female"": 0.35, ""Male"": 0.65}, ""contestation_scenario"": ""moderate_second_group"", ""rho_negative"": {""Female"": 0.05, ""Male"": 0.05}, ""rho_positive"": {""Female"": 0.8, ""Male"": 0.8}}",fnr,20,0.1087499999999999,0.0684773300942881,0.015311996500852,0.0787384868583299,0.1387615131416699,"{'Female': 0.25, 'Male': 0.25}","{'Female': 0.35, 'Male': 0.65}","{'Female': 0.05, 'Male': 0.05}","{'Female': 0.8, 'Male': 0.8}"
REALDATA,SEMISYNTHETIC REAL-DATA EXPERIMENT,german,Female,gradient_boosting,group_threshold_calibrated,pre,moderate_second_group,f2d18f38dbf44f65,"{""alpha_negative"": {""Female"": 0.25, ""Male"": 0.25}, ""alpha_positive"": {""Female"": 0.35, ""Male"": 0.65}, ""contestation_scenario"": ""moderate_second_group"", ""rho_negative"": {""Female"": 0.05, ""Male"": 0.05}, ""rho_positive"": {""Female"": 0.8, ""Male"": 0.8}}",fpr,20,0.5636363636363637,0.1036523113726489,0.0231773614254217,0.5182087352425371,0.6090639920301903,"{'Female': 0.25, 'Male': 0.25}","{'Female': 0.35, 'Male': 0.65}","{'Female': 0.05, 'Male': 0.05}","{'Female': 0.8, 'Male': 0.8}"
REALDATA,SEMISYNTHETIC REAL-DATA EXPERIMENT,german,Female,gradient_boosting,group_threshold_calibrated,pre,moderate_second_group,f2d18f38dbf44f65,"{""alpha_negative"": {""Female"": 0.25, ""Male"": 0.25}, ""alpha_positive"": {""Female"": 0.35, ""Male"": 0.65}, ""contestation_scenario"": ""moderate_second_group"", ""rho_negative"": {""Female"": 0.05, ""Male"": 0.05}, ""rho_positive"": {""Female"": 0.8, ""Male"": 0.8}}",n,20,62.0,0.0,0.0,62.0,62.0,"{'Female': 0.25, 'Male': 0.25}","{'Female': 0.35, 'Male': 0.65}","{'Female': 0.05, 'Male': 0.05}","{'Female': 0.8, 'Male': 0.8}"
REALDATA,SEMISYNTHETIC REAL-DATA EXPERIMENT,german,Female,gradient_boosting,group_threshold_calibrated,pre,moderate_second_group,f2d18f38dbf44f65,"{""alpha_negative"": {""Female"": 0.25, ""Male"": 0.25}, ""alpha_positive"": {""Female"": 0.35, ""Male"": 0.65}, ""contestation_scenario"": ""moderate_second_group"", ""rho_negative"": {""Female"": 0.05, ""Male"": 0.05}, ""rho_positive"": {""Female"": 0.8, ""Male"": 0.8}}",positive_rate,20,0.775,0.0714589804845334,0.0159787137966247,0.7436817209586155,0.8063182790413845,"{'Female': 0.25, 'Male': 0.25}","{'Female': 0.35, 'Male': 0.65}","{'Female': 0.05, 'Male': 0.05}","{'Female': 0.8, 'Male': 0.8}"
REALDATA,SEMISYNTHETIC REAL-DATA EXPERIMENT,german,Female,gradient_boosting,group_threshold_calibrated,pre,moderate_second_group,f2d18f38dbf44f65,"{""alpha_negative"": {""Female"": 0.25, ""Male"": 0.25}, ""alpha_positive"": {""Female"": 0.35, ""Male"": 0.65}, ""contestation_scenario"": ""moderate_second_group"", ""rho_negative"": {""Female"": 0.05, ""Male"": 0.05}, ""rho_positive"": {""Female"": 0.8, ""Male"": 0.8}}",prevalence,20,0.6451612903225806,0.0,0.0,0.6451612903225806,0.6451612903225806,"{'Female': 0.25, 'Male': 0.25}","{'Female': 0.35, 'Male': 0.65}","{'Female': 0.05, 'Male': 0.05}","{'Female': 0.8, 'Male': 0.8}"
REALDATA,SEMISYNTHETIC REAL-DATA EXPERIMENT,german,Female,gradient_boosting,group_threshold_calibrated,pre,moderate_second_group,f2d18f38dbf44f65,"{""alpha_negative"": {""Female"": 0.25, ""Male"": 0.25}, ""alpha_positive"": {""Female"": 0.35, ""Male"": 0.65}, ""contestation_scenario"": ""moderate_second_group"", ""rho_negative"": {""Female"": 0.05, ""Male"": 0.05}, ""rho_positive"": {""Female"": 0.8, ""Male"": 0.8}}",tnr,20,0.4363636363636363,0.1036523113726489,0.0231773614254217,0.3909360079698097,0.481791264757463,"{'Female': 0.25, 'Male': 0.25}","{'Female': 0.35, 'Male': 0.65}","{'Female': 0.05, 'Male': 0.05}","{'Female': 0.8, 'Male': 0.8}"
REALDATA,SEMISYNTHETIC REAL-DATA EXPERIMENT,german,Female,gradient_boosting,group_threshold_calibrated,pre,moderate_second_group,f2d18f38dbf44f65,"{""alpha_negative"": {""Female"": 0.25, ""Male"": 0.25}, ""alpha_positive"": {""Female"": 0.35, ""Male"": 0.65}, ""contestation_scenario"": ""moderate_second_group"", ""rho_negative"": {""Female"": 0.05, ""Male"": 0.05}, ""rho_positive"": {""Female"": 0.8, ""Male"": 0.8}}",tpr,20,0.89125,0.0684773300942881,0.015311996500852,0.8612384868583299,0.92126151314167,"{'Female': 0.25, 'Male': 0.25}","{'Female': 0.35, 'Male': 0.65}","{'Female': 0.05, 'Male': 0.05}","{'Female': 0.8, 'Male': 0.8}"
REALDATA,SEMISYNTHETIC REAL-DATA EXPERIMENT,german,Female,gradient_boosting,group_threshold_calibrated,pre,strong_first_group,80db5b8b411cb1ee,"{""alpha_negative"": {""Female"": 0.25, ""Male"": 0.25}, ""alpha_positive"": {""Female"": 0.75, ""Male"": 0.25}, ""contestation_scenario"": ""strong_first_group"", ""rho_negative"": {""Female"": 0.05, ""Male"": 0.05}, ""rho_positive"": {""Female"": 0.8, ""Male"": 0.8}}",accuracy,20,0.7298387096774194,0.0387644632116025,0.0086679974852433,0.7128494346063425,0.7468279847484962,"{'Female': 0.25, 'Male': 0.25}","{'Female': 0.75, 'Male': 0.25}","{'Female': 0.05, 'Male': 0.05}","{'Female': 0.8, 'Male': 0.8}"
REALDATA,SEMISYNTHETIC REAL-DATA EXPERIMENT,german,Female,gradient_boosting,group_threshold_calibrated,pre,strong_first_group,80db5b8b411cb1ee,"{""alpha_negative"": {""Female"": 0.25, ""Male"": 0.25}, ""alpha_positive"": {""Female"": 0.75, ""Male"": 0.25}, ""contestation_scenario"": ""strong_first_group"", ""rho_negative"": {""Female"": 0.05, ""Male"": 0.05}, ""rho_positive"": {""Female"": 0.8, ""Male"": 0.8}}",fnr,20,0.1087499999999999,0.0684773300942881,0.015311996500852,0.0787384868583299,0.1387615131416699,"{'Female': 0.25, 'Male': 0.25}","{'Female': 0.75, 'Male': 0.25}","{'Female': 0.05, 'Male': 0.05}","{'Female': 0.8, 'Male': 0.8}"
REALDATA,SEMISYNTHETIC REAL-DATA EXPERIMENT,german,Female,gradient_boosting,group_threshold_calibrated,pre,strong_first_group,80db5b8b411cb1ee,"{""alpha_negative"": {""Female"": 0.25, ""Male"": 0.25}, ""alpha_positive"": {""Female"": 0.75, ""Male"": 0.25}, ""contestation_scenario"": ""strong_first_group"", ""rho_negative"": {""Female"": 0.05, ""Male"": 0.05}, ""rho_positive"": {""Female"": 0.8, ""Male"": 0.8}}",fpr,20,0.5636363636363637,0.1036523113726489,0.0231773614254217,0.5182087352425371,0.6090639920301903,"{'Female': 0.25, 'Male': 0.25}","{'Female': 0.75, 'Male': 0.25}","{'Female': 0.05, 'Male': 0.05}","{'Female': 0.8, 'Male': 0.8}"
REALDATA,SEMISYNTHETIC REAL-DATA EXPERIMENT,german,Female,gradient_boosting,group_threshold_calibrated,pre,strong_first_group,80db5b8b411cb1ee,"{""alpha_negative"": {""Female"": 0.25, ""Male"": 0.25}, ""alpha_positive"": {""Female"": 0.75, ""Male"": 0.25}, ""contestation_scenario"": ""strong_first_group"", ""rho_negative"": {""Female"": 0.05, ""Male"": 0.05}, ""rho_positive"": {""Female"": 0.8, ""Male"": 0.8}}",n,20,62.0,0.0,0.0,62.0,62.0,"{'Female': 0.25, 'Male': 0.25}","{'Female': 0.75, 'Male': 0.25}","{'Female': 0.05, 'Male': 0.05}","{'Female': 0.8, 'Male': 0.8}"
REALDATA,SEMISYNTHETIC REAL-DATA EXPERIMENT,german,Female,gradient_boosting,group_threshold_calibrated,pre,strong_first_group,80db5b8b411cb1ee,"{""alpha_negative"": {""Female"": 0.25, ""Male"": 0.25}, ""alpha_positive"": {""Female"": 0.75, ""Male"": 0.25}, ""contestation_scenario"": ""strong_first_group"", ""rho_negative"": {""Female"": 0.05, ""Male"": 0.05}, ""rho_positive"": {""Female"": 0.8, ""Male"": 0.8}}",positive_rate,20,0.775,0.0714589804845334,0.0159787137966247,0.7436817209586155,0.8063182790413845,"{'Female': 0.25, 'Male': 0.25}","{'Female': 0.75, 'Male': 0.25}","{'Female': 0.05, 'Male': 0.05}","{'Female': 0.8, 'Male': 0.8}"
REALDATA,SEMISYNTHETIC REAL-DATA EXPERIMENT,german,Female,gradient_boosting,group_threshold_calibrated,pre,strong_first_group,80db5b8b411cb1ee,"{""alpha_negative"": {""Female"": 0.25, ""Male"": 0.25}, ""alpha_positive"": {""Female"": 0.75, ""Male"": 0.25}, ""contestation_scenario"": ""strong_first_group"", ""rho_negative"": {""Female"": 0.05, ""Male"": 0.05}, ""rho_positive"": {""Female"": 0.8, ""Male"": 0.8}}",prevalence,20,0.6451612903225806,0.0,0.0,0.6451612903225806,0.6451612903225806,"{'Female': 0.25, 'Male': 0.25}","{'Female': 0.75, 'Male': 0.25}","{'Female': 0.05, 'Male': 0.05}","{'Female': 0.8, 'Male': 0.8}"
REALDATA,SEMISYNTHETIC REAL-DATA EXPERIMENT,german,Female,gradient_boosting,group_threshold_calibrated,pre,strong_first_group,80db5b8b411cb1ee,"{""alpha_negative"": {""Female"": 0.25, ""Male"": 0.25}, ""alpha_positive"": {""Female"": 0.75, ""Male"": 0.25}, ""contestation_scenario"": ""strong_first_group"", ""rho_negative"": {""Female"": 0.05, ""Male"": 0.05}, ""rho_positive"": {""Female"": 0.8, ""Male"": 0.8}}",tnr,20,0.4363636363636363,0.1036523113726489,0.0231773614254217,0.3909360079698097,0.481791264757463,"{'Female': 0.25, 'Male': 0.25}","{'Female': 0.75, 'Male': 0.25}","{'Female': 0.05, 'Male': 0.05}","{'Female': 0.8, 'Male': 0.8}"
REALDATA,SEMISYNTHETIC REAL-DATA EXPERIMENT,german,Female,gradient_boosting,group_threshold_calibrated,pre,strong_first_group,80db5b8b411cb1ee,"{""alpha_negative"": {""Female"": 0.25, ""Male"": 0.25}, ""alpha_positive"": {""Female"": 0.75, ""Male"": 0.25}, ""contestation_scenario"": ""strong_first_group"", ""rho_negative"": {""Female"": 0.05, ""Male"": 0.05}, ""rho_positive"": {""Female"": 0.8, ""Male"": 0.8}}",tpr,20,0.89125,0.0684773300942881,0.015311996500852,0.8612384868583299,0.92126151314167,"{'Female': 0.25, 'Male': 0.25}","{'Female': 0.75, 'Male': 0.25}","{'Female': 0.05, 'Male': 0.05}","{'Female': 0.8, 'Male': 0.8}"
REALDATA,SEMISYNTHETIC REAL-DATA EXPERIMENT,german,Female,gradient_boosting,group_threshold_calibrated,pre,strong_second_group,1a6f52e99e976851,"{""alpha_negative"": {""Female"": 0.25, ""Male"": 0.25}, ""alpha_positive"": {""Female"": 0.25, ""Male"": 0.75}, ""contestation_scenario"": ""strong_second_group"", ""rho_negative"": {""Female"": 0.05, ""Male"": 0.05}, ""rho_positive"": {""Female"": 0.8, ""Male"": 0.8}}",accuracy,20,0.7298387096774194,0.0387644632116025,0.0086679974852433,0.7128494346063425,0.7468279847484962,"{'Female': 0.25, 'Male': 0.25}","{'Female': 0.25, 'Male': 0.75}","{'Female': 0.05, 'Male': 0.05}","{'Female': 0.8, 'Male': 0.8}"
REALDATA,SEMISYNTHETIC REAL-DATA EXPERIMENT,german,Female,gradient_boosting,group_threshold_calibrated,pre,strong_second_group,1a6f52e99e976851,"{""alpha_negative"": {""Female"": 0.25, ""Male"": 0.25}, ""alpha_positive"": {""Female"": 0.25, ""Male"": 0.75}, ""contestation_scenario"": ""strong_second_group"", ""rho_negative"": {""Female"": 0.05, ""Male"": 0.05}, ""rho_positive"": {""Female"": 0.8, ""Male"": 0.8}}",fnr,20,0.1087499999999999,0.0684773300942881,0.015311996500852,0.0787384868583299,0.1387615131416699,"{'Female': 0.25, 'Male': 0.25}","{'Female': 0.25, 'Male': 0.75}","{'Female': 0.05, 'Male': 0.05}","{'Female': 0.8, 'Male': 0.8}"
REALDATA,SEMISYNTHETIC REAL-DATA EXPERIMENT,german,Female,gradient_boosting,group_threshold_calibrated,pre,strong_second_group,1a6f52e99e976851,"{""alpha_negative"": {""Female"": 0.25, ""Male"": 0.25}, ""alpha_positive"": {""Female"": 0.25, ""Male"": 0.75}, ""contestation_scenario"": ""strong_second_group"", ""rho_negative"": {""Female"": 0.05, ""Male"": 0.05}, ""rho_positive"": {""Female"": 0.8, ""Male"": 0.8}}",fpr,20,0.5636363636363637,0.1036523113726489,0.0231773614254217,0.5182087352425371,0.6090639920301903,"{'Female': 0.25, 'Male': 0.25}","{'Female': 0.25, 'Male': 0.75}","{'Female': 0.05, 'Male': 0.05}","{'Female': 0.8, 'Male': 0.8}"
REALDATA,SEMISYNTHETIC REAL-DATA EXPERIMENT,german,Female,gradient_boosting,group_threshold_calibrated,pre,strong_second_group,1a6f52e99e976851,"{""alpha_negative"": {""Female"": 0.25, ""Male"": 0.25}, ""alpha_positive"": {""Female"": 0.25, ""Male"": 0.75}, ""contestation_scenario"": ""strong_second_group"", ""rho_negative"": {""Female"": 0.05, ""Male"": 0.05}, ""rho_positive"": {""Female"": 0.8, ""Male"": 0.8}}",n,20,62.0,0.0,0.0,62.0,62.0,"{'Female': 0.25, 'Male': 0.25}","{'Female': 0.25, 'Male': 0.75}","{'Female': 0.05, 'Male': 0.05}","{'Female': 0.8, 'Male': 0.8}"
REALDATA,SEMISYNTHETIC REAL-DATA EXPERIMENT,german,Female,gradient_boosting,group_threshold_calibrated,pre,strong_second_group,1a6f52e99e976851,"{""alpha_negative"": {""Female"": 0.25, ""Male"": 0.25}, ""alpha_positive"": {""Female"": 0.25, ""Male"": 0.75}, ""contestation_scenario"": ""strong_second_group"", ""rho_negative"": {""Female"": 0.05, ""Male"": 0.05}, ""rho_positive"": {""Female"": 0.8, ""Male"": 0.8}}",positive_rate,20,0.775,0.0714589804845334,0.0159787137966247,0.7436817209586155,0.8063182790413845,"{'Female': 0.25, 'Male': 0.25}","{'Female': 0.25, 'Male': 0.75}","{'Female': 0.05, 'Male': 0.05}","{'Female': 0.8, 'Male': 0.8}"
REALDATA,SEMISYNTHETIC REAL-DATA EXPERIMENT,german,Female,gradient_boosting,group_threshold_calibrated,pre,strong_second_group,1a6f52e99e976851,"{""alpha_negative"": {""Female"": 0.25, ""Male"": 0.25}, ""alpha_positive"": {""Female"": 0.25, ""Male"": 0.75}, ""contestation_scenario"": ""strong_second_group"", ""rho_negative"": {""Female"": 0.05, ""Male"": 0.05}, ""rho_positive"": {""Female"": 0.8, ""Male"": 0.8}}",prevalence,20,0.6451612903225806,0.0,0.0,0.6451612903225806,0.6451612903225806,"{'Female': 0.25, 'Male': 0.25}","{'Female': 0.25, 'Male': 0.75}","{'Female': 0.05, 'Male': 0.05}","{'Female': 0.8, 'Male': 0.8}"
REALDATA,SEMISYNTHETIC REAL-DATA EXPERIMENT,german,Female,gradient_boosting,group_threshold_calibrated,pre,strong_second_group,1a6f52e99e976851,"{""alpha_negative"": {""Female"": 0.25, ""Male"": 0.25}, ""alpha_positive"": {""Female"": 0.25, ""Male"": 0.75}, ""contestation_scenario"": ""strong_second_group"", ""rho_negative"": {""Female"": 0.05, ""Male"": 0.05}, ""rho_positive"": {""Female"": 0.8, ""Male"": 0.8}}",tnr,20,0.4363636363636363,0.1036523113726489,0.0231773614254217,0.3909360079698097,0.481791264757463,"{'Female': 0.25, 'Male': 0.25}","{'Female': 0.25, 'Male': 0.75}","{'Female': 0.05, 'Male': 0.05}","{'Female': 0.8, 'Male': 0.8}"
REALDATA,SEMISYNTHETIC REAL-DATA EXPERIMENT,german,Female,gradient_boosting,group_threshold_calibrated,pre,strong_second_group,1a6f52e99e976851,"{""alpha_negative"": {""Female"": 0.25, ""Male"": 0.25}, ""alpha_positive"": {""Female"": 0.25, ""Male"": 0.75}, ""contestation_scenario"": ""strong_second_group"", ""rho_negative"": {""Female"": 0.05, ""Male"": 0.05}, ""rho_positive"": {""Female"": 0.8, ""Male"": 0.8}}",tpr,20,0.89125,0.0684773300942881,0.015311996500852,0.8612384868583299,0.92126151314167,"{'Female': 0.25, 'Male': 0.25}","{'Female': 0.25, 'Male': 0.75}","{'Female': 0.05, 'Male': 0.05}","{'Female': 0.8, 'Male': 0.8}"
REALDATA,SEMISYNTHETIC REAL-DATA EXPERIMENT,german,Female,gradient_boosting,validation_selected_threshold,frozen_policy,equal_access,8b1b8b56ce23dea1,"{""alpha_negative"": {""Female"": 0.25, ""Male"": 0.25}, ""alpha_positive"": {""Female"": 0.5, ""Male"": 0.5}, ""contestation_scenario"": ""equal_access"", ""rho_negative"": {""Female"": 0.05, ""Male"": 0.05}, ""rho_positive"": {""Female"": 0.8, ""Male"": 0.8}}",decision_threshold,20,0.4335,0.1071287960698169,0.0239547270359823,0.3865487350094747,0.4804512649905253,"{'Female': 0.25, 'Male': 0.25}","{'Female': 0.5, 'Male': 0.5}","{'Female': 0.05, 'Male': 0.05}","{'Female': 0.8, 'Male': 0.8}"
REALDATA,SEMISYNTHETIC REAL-DATA EXPERIMENT,german,Female,gradient_boosting,validation_selected_threshold,frozen_policy,moderate_first_group,58a445a909825bd5,"{""alpha_negative"": {""Female"": 0.25, ""Male"": 0.25}, ""alpha_positive"": {""Female"": 0.65, ""Male"": 0.35}, ""contestation_scenario"": ""moderate_first_group"", ""rho_negative"": {""Female"": 0.05, ""Male"": 0.05}, ""rho_positive"": {""Female"": 0.8, ""Male"": 0.8}}",decision_threshold,20,0.4335,0.1071287960698169,0.0239547270359823,0.3865487350094747,0.4804512649905253,"{'Female': 0.25, 'Male': 0.25}","{'Female': 0.65, 'Male': 0.35}","{'Female': 0.05, 'Male': 0.05}","{'Female': 0.8, 'Male': 0.8}"
REALDATA,SEMISYNTHETIC REAL-DATA EXPERIMENT,german,Female,gradient_boosting,validation_selected_threshold,frozen_policy,moderate_second_group,f2d18f38dbf44f65,"{""alpha_negative"": {""Female"": 0.25, ""Male"": 0.25}, ""alpha_positive"": {""Female"": 0.35, ""Male"": 0.65}, ""contestation_scenario"": ""moderate_second_group"", ""rho_negative"": {""Female"": 0.05, ""Male"": 0.05}, ""rho_positive"": {""Female"": 0.8, ""Male"": 0.8}}",decision_threshold,20,0.4335,0.1071287960698169,0.0239547270359823,0.3865487350094747,0.4804512649905253,"{'Female': 0.25, 'Male': 0.25}","{'Female': 0.35, 'Male': 0.65}","{'Female': 0.05, 'Male': 0.05}","{'Female': 0.8, 'Male': 0.8}"
REALDATA,SEMISYNTHETIC REAL-DATA EXPERIMENT,german,Female,gradient_boosting,validation_selected_threshold,frozen_policy,strong_first_group,80db5b8b411cb1ee,"{""alpha_negative"": {""Female"": 0.25, ""Male"": 0.25}, ""alpha_positive"": {""Female"": 0.75, ""Male"": 0.25}, ""contestation_scenario"": ""strong_first_group"", ""rho_negative"": {""Female"": 0.05, ""Male"": 0.05}, ""rho_positive"": {""Female"": 0.8, ""Male"": 0.8}}",decision_threshold,20,0.4335,0.1071287960698169,0.0239547270359823,0.3865487350094747,0.4804512649905253,"{'Female': 0.25, 'Male': 0.25}","{'Female': 0.75, 'Male': 0.25}","{'Female': 0.05, 'Male': 0.05}","{'Female': 0.8, 'Male': 0.8}"
REALDATA,SEMISYNTHETIC REAL-DATA EXPERIMENT,german,Female,gradient_boosting,validation_selected_threshold,frozen_policy,strong_second_group,1a6f52e99e976851,"{""alpha_negative"": {""Female"": 0.25, ""Male"": 0.25}, ""alpha_positive"": {""Female"": 0.25, ""Male"": 0.75}, ""contestation_scenario"": ""strong_second_group"", ""rho_negative"": {""Female"": 0.05, ""Male"": 0.05}, ""rho_positive"": {""Female"": 0.8, ""Male"": 0.8}}",decision_threshold,20,0.4335,0.1071287960698169,0.0239547270359823,0.3865487350094747,0.4804512649905253,"{'Female': 0.25, 'Male': 0.25}","{'Female': 0.25, 'Male': 0.75}","{'Female': 0.05, 'Male': 0.05}","{'Female': 0.8, 'Male': 0.8}"
REALDATA,SEMISYNTHETIC REAL-DATA EXPERIMENT,german,Female,logistic,group_threshold_calibrated,post,equal_access,8b1b8b56ce23dea1,"{""alpha_negative"": {""Female"": 0.25, ""Male"": 0.25}, ""alpha_positive"": {""Female"": 0.5, ""Male"": 0.5}, ""contestation_scenario"": ""equal_access"", ""rho_negative"": {""Female"": 0.05, ""Male"": 0.05}, ""rho_positive"": {""Female"": 0.8, ""Male"": 0.8}}",accuracy,20,0.7451612903225806,0.0514321963885113,0.011500588735683,0.7226201364006418,0.7677024442445194,"{'Female': 0.25, 'Male': 0.25}","{'Female': 0.5, 'Male': 0.5}","{'Female': 0.05, 'Male': 0.05}","{'Female': 0.8, 'Male': 0.8}"
REALDATA,SEMISYNTHETIC REAL-DATA EXPERIMENT,german,Female,logistic,group_threshold_calibrated,post,equal_access,8b1b8b56ce23dea1,"{""alpha_negative"": {""Female"": 0.25, ""Male"": 0.25}, ""alpha_positive"": {""Female"": 0.5, ""Male"": 0.5}, ""contestation_scenario"": ""equal_access"", ""rho_negative"": {""Female"": 0.05, ""Male"": 0.05}, ""rho_positive"": {""Female"": 0.8, ""Male"": 0.8}}",fnr,20,0.0724999999999999,0.0443520604161508,0.009917422203269,0.0530618524815925,0.0919381475184073,"{'Female': 0.25, 'Male': 0.25}","{'Female': 0.5, 'Male': 0.5}","{'Female': 0.05, 'Male': 0.05}","{'Female': 0.8, 'Male': 0.8}"
REALDATA,SEMISYNTHETIC REAL-DATA EXPERIMENT,german,Female,logistic,group_threshold_calibrated,post,equal_access,8b1b8b56ce23dea1,"{""alpha_negative"": {""Female"": 0.25, ""Male"": 0.25}, ""alpha_positive"": {""Female"": 0.5, ""Male"": 0.5}, ""contestation_scenario"": ""equal_access"", ""rho_negative"": {""Female"": 0.05, ""Male"": 0.05}, ""rho_positive"": {""Female"": 0.8, ""Male"": 0.8}}",fpr,20,0.5863636363636363,0.1787419182403309,0.0399679079614089,0.5080265367592748,0.6647007359679978,"{'Female': 0.25, 'Male': 0.25}","{'Female': 0.5, 'Male': 0.5}","{'Female': 0.05, 'Male': 0.05}","{'Female': 0.8, 'Male': 0.8}"
REALDATA,SEMISYNTHETIC REAL-DATA EXPERIMENT,german,Female,logistic,group_threshold_calibrated,post,equal_access,8b1b8b56ce23dea1,"{""alpha_negative"": {""Female"": 0.25, ""Male"": 0.25}, ""alpha_positive"": {""Female"": 0.5, ""Male"": 0.5}, ""contestation_scenario"": ""equal_access"", ""rho_negative"": {""Female"": 0.05, ""Male"": 0.05}, ""rho_positive"": {""Female"": 0.8, ""Male"": 0.8}}",n,20,62.0,0.0,0.0,62.0,62.0,"{'Female': 0.25, 'Male': 0.25}","{'Female': 0.5, 'Male': 0.5}","{'Female': 0.05, 'Male': 0.05}","{'Female': 0.8, 'Male': 0.8}"
REALDATA,SEMISYNTHETIC REAL-DATA EXPERIMENT,german,Female,logistic,group_threshold_calibrated,post,equal_access,8b1b8b56ce23dea1,"{""alpha_negative"": {""Female"": 0.25, ""Male"": 0.25}, ""alpha_positive"": {""Female"": 0.5, ""Male"": 0.5}, ""contestation_scenario"": ""equal_access"", ""rho_negative"": {""Female"": 0.05, ""Male"": 0.05}, ""rho_positive"": {""Female"": 0.8, ""Male"": 0.8}}",positive_rate,20,0.8064516129032258,0.0838905553723629,0.0187584984482813,0.7696849559445943,0.8432182698618572,"{'Female': 0.25, 'Male': 0.25}","{'Female': 0.5, 'Male': 0.5}","{'Female': 0.05, 'Male': 0.05}","{'Female': 0.8, 'Male': 0.8}"
REALDATA,SEMISYNTHETIC REAL-DATA EXPERIMENT,german,Female,logistic,group_threshold_calibrated,post,equal_access,8b1b8b56ce23dea1,"{""alpha_negative"": {""Female"": 0.25, ""Male"": 0.25}, ""alpha_positive"": {""Female"": 0.5, ""Male"": 0.5}, ""contestation_scenario"": ""equal_access"", ""rho_negative"": {""Female"": 0.05, ""Male"": 0.05}, ""rho_positive"": {""Female"": 0.8, ""Male"": 0.8}}",prevalence,20,0.6451612903225806,0.0,0.0,0.6451612903225806,0.6451612903225806,"{'Female': 0.25, 'Male': 0.25}","{'Female': 0.5, 'Male': 0.5}","{'Female': 0.05, 'Male': 0.05}","{'Female': 0.8, 'Male': 0.8}"
REALDATA,SEMISYNTHETIC REAL-DATA EXPERIMENT,german,Female,logistic,group_threshold_calibrated,post,equal_access,8b1b8b56ce23dea1,"{""alpha_negative"": {""Female"": 0.25, ""Male"": 0.25}, ""alpha_positive"": {""Female"": 0.5, ""Male"": 0.5}, ""contestation_scenario"": ""equal_access"", ""rho_negative"": {""Female"": 0.05, ""Male"": 0.05}, ""rho_positive"": {""Female"": 0.8, ""Male"": 0.8}}",tnr,20,0.4136363636363636,0.1787419182403309,0.0399679079614089,0.335299264032002,0.4919734632407251,"{'Female': 0.25, 'Male': 0.25}","{'Female': 0.5, 'Male': 0.5}","{'Female': 0.05, 'Male': 0.05}","{'Female': 0.8, 'Male': 0.8}"
REALDATA,SEMISYNTHETIC REAL-DATA EXPERIMENT,german,Female,logistic,group_threshold_calibrated,post,equal_access,8b1b8b56ce23dea1,"{""alpha_negative"": {""Female"": 0.25, ""Male"": 0.25}, ""alpha_positive"": {""Female"": 0.5, ""Male"": 0.5}, ""contestation_scenario"": ""equal_access"", ""rho_negative"": {""Female"": 0.05, ""Male"": 0.05}, ""rho_positive"": {""Female"": 0.8, ""Male"": 0.8}}",tpr,20,0.9275,0.0443520604161508,0.009917422203269,0.9080618524815924,0.9469381475184074,"{'Female': 0.25, 'Male': 0.25}","{'Female': 0.5, 'Male': 0.5}","{'Female': 0.05, 'Male': 0.05}","{'Female': 0.8, 'Male': 0.8}"
REALDATA,SEMISYNTHETIC REAL-DATA EXPERIMENT,german,Female,logistic,group_threshold_calibrated,post,moderate_first_group,58a445a909825bd5,"{""alpha_negative"": {""Female"": 0.25, ""Male"": 0.25}, ""alpha_positive"": {""Female"": 0.65, ""Male"": 0.35}, ""contestation_scenario"": ""moderate_first_group"", ""rho_negative"": {""Female"": 0.05, ""Male"": 0.05}, ""rho_positive"": {""Female"": 0.8, ""Male"": 0.8}}",accuracy,20,0.757258064516129,0.053230951029863,0.0119028025009736,0.7339285716142206,0.7805875574180373,"{'Female': 0.25, 'Male': 0.25}","{'Female': 0.65, 'Male': 0.35}","{'Female': 0.05, 'Male': 0.05}","{'Female': 0.8, 'Male': 0.8}"
REALDATA,SEMISYNTHETIC REAL-DATA EXPERIMENT,german,Female,logistic,group_threshold_calibrated,post,moderate_first_group,58a445a909825bd5,"{""alpha_negative"": {""Female"": 0.25, ""Male"": 0.25}, ""alpha_positive"": {""Female"": 0.65, ""Male"": 0.35}, ""contestation_scenario"": ""moderate_first_group"", ""rho_negative"": {""Female"": 0.05, ""Male"": 0.05}, ""rho_positive"": {""Female"": 0.8, ""Male"": 0.8}}",fnr,20,0.0537499999999999,0.0453603989121974,0.010142893545418,0.0338699286509805,0.0736300713490194,"{'Female': 0.25, 'Male': 0.25}","{'Female': 0.65, 'Male': 0.35}","{'Female': 0.05, 'Male': 0.05}","{'Female': 0.8, 'Male': 0.8}"
REALDATA,SEMISYNTHETIC REAL-DATA EXPERIMENT,german,Female,logistic,group_threshold_calibrated,post,moderate_first_group,58a445a909825bd5,"{""alpha_negative"": {""Female"": 0.25, ""Male"": 0.25}, ""alpha_positive"": {""Female"": 0.65, ""Male"": 0.35}, ""contestation_scenario"": ""moderate_first_group"", ""rho_negative"": {""Female"": 0.05, ""Male"": 0.05}, ""rho_positive"": {""Female"": 0.8, ""Male"": 0.8}}",fpr,20,0.5863636363636363,0.1787419182403309,0.0399679079614089,0.5080265367592748,0.6647007359679978,"{'Female': 0.25, 'Male': 0.25}","{'Female': 0.65, 'Male': 0.35}","{'Female': 0.05, 'Male': 0.05}","{'Female': 0.8, 'Male': 0.8}"
REALDATA,SEMISYNTHETIC REAL-DATA EXPERIMENT,german,Female,logistic,group_threshold_calibrated,post,moderate_first_group,58a445a909825bd5,"{""alpha_negative"": {""Female"": 0.25, ""Male"": 0.25}, ""alpha_positive"": {""Female"": 0.65, ""Male"": 0.35}, ""contestation_scenario"": ""moderate_first_group"", ""rho_negative"": {""Female"": 0.05, ""Male"": 0.05}, ""rho_positive"": {""Female"": 0.8, ""Male"": 0.8}}",n,20,62.0,0.0,0.0,62.0,62.0,"{'Female': 0.25, 'Male': 0.25}","{'Female': 0.65, 'Male': 0.35}","{'Female': 0.05, 'Male': 0.05}","{'Female': 0.8, 'Male': 0.8}"
REALDATA,SEMISYNTHETIC REAL-DATA EXPERIMENT,german,Female,logistic,group_threshold_calibrated,post,moderate_first_group,58a445a909825bd5,"{""alpha_negative"": {""Female"": 0.25, ""Male"": 0.25}, ""alpha_positive"": {""Female"": 0.65, ""Male"": 0.35}, ""contestation_scenario"": ""moderate_first_group"", ""rho_negative"": {""Female"": 0.05, ""Male"": 0.05}, ""rho_positive"": {""Female"": 0.8, ""Male"": 0.8}}",positive_rate,20,0.8185483870967742,0.083214585784976,0.0186073470534694,0.7820779868719742,0.8550187873215743,"{'Female': 0.25, 'Male': 0.25}","{'Female': 0.65, 'Male': 0.35}","{'Female': 0.05, 'Male': 0.05}","{'Female': 0.8, 'Male': 0.8}"
REALDATA,SEMISYNTHETIC REAL-DATA EXPERIMENT,german,Female,logistic,group_threshold_calibrated,post,moderate_first_group,58a445a909825bd5,"{""alpha_negative"": {""Female"": 0.25, ""Male"": 0.25}, ""alpha_positive"": {""Female"": 0.65, ""Male"": 0.35}, ""contestation_scenario"": ""moderate_first_group"", ""rho_negative"": {""Female"": 0.05, ""Male"": 0.05}, ""rho_positive"": {""Female"": 0.8, ""Male"": 0.8}}",prevalence,20,0.6451612903225806,0.0,0.0,0.6451612903225806,0.6451612903225806,"{'Female': 0.25, 'Male': 0.25}","{'Female': 0.65, 'Male': 0.35}","{'Female': 0.05, 'Male': 0.05}","{'Female': 0.8, 'Male': 0.8}"
REALDATA,SEMISYNTHETIC REAL-DATA EXPERIMENT,german,Female,logistic,group_threshold_calibrated,post,moderate_first_group,58a445a909825bd5,"{""alpha_negative"": {""Female"": 0.25, ""Male"": 0.25}, ""alpha_positive"": {""Female"": 0.65, ""Male"": 0.35}, ""contestation_scenario"": ""moderate_first_group"", ""rho_negative"": {""Female"": 0.05, ""Male"": 0.05}, ""rho_positive"": {""Female"": 0.8, ""Male"": 0.8}}",tnr,20,0.4136363636363636,0.1787419182403309,0.0399679079614089,0.335299264032002,0.4919734632407251,"{'Female': 0.25, 'Male': 0.25}","{'Female': 0.65, 'Male': 0.35}","{'Female': 0.05, 'Male': 0.05}","{'Female': 0.8, 'Male': 0.8}"
REALDATA,SEMISYNTHETIC REAL-DATA EXPERIMENT,german,Female,logistic,group_threshold_calibrated,post,moderate_first_group,58a445a909825bd5,"{""alpha_negative"": {""Female"": 0.25, ""Male"": 0.25}, ""alpha_positive"": {""Female"": 0.65, ""Male"": 0.35}, ""contestation_scenario"": ""moderate_first_group"", ""rho_negative"": {""Female"": 0.05, ""Male"": 0.05}, ""rho_positive"": {""Female"": 0.8, ""Male"": 0.8}}",tpr,20,0.94625,0.0453603989121974,0.0101428935454181,0.9263699286509806,0.9661300713490196,"{'Female': 0.25, 'Male': 0.25}","{'Female': 0.65, 'Male': 0.35}","{'Female': 0.05, 'Male': 0.05}","{'Female': 0.8, 'Male': 0.8}"
REALDATA,SEMISYNTHETIC REAL-DATA EXPERIMENT,german,Female,logistic,group_threshold_calibrated,post,moderate_second_group,f2d18f38dbf44f65,"{""alpha_negative"": {""Female"": 0.25, ""Male"": 0.25}, ""alpha_positive"": {""Female"": 0.35, ""Male"": 0.65}, ""contestation_scenario"": ""moderate_second_group"", ""rho_negative"": {""Female"": 0.05, ""Male"": 0.05}, ""rho_positive"": {""Female"": 0.8, ""Male"": 0.8}}",accuracy,20,0.7346774193548387,0.0545018616867672,0.0121869867631902,0.7107909252989857,0.7585639134106916,"{'Female': 0.25, 'Male': 0.25}","{'Female': 0.35, 'Male': 0.65}","{'Female': 0.05, 'Male': 0.05}","{'Female': 0.8, 'Male': 0.8}"
REALDATA,SEMISYNTHETIC REAL-DATA EXPERIMENT,german,Female,logistic,group_threshold_calibrated,post,moderate_second_group,f2d18f38dbf44f65,"{""alpha_negative"": {""Female"": 0.25, ""Male"": 0.25}, ""alpha_positive"": {""Female"": 0.35, ""Male"": 0.65}, ""contestation_scenario"": ""moderate_second_group"", ""rho_negative"": {""Female"": 0.05, ""Male"": 0.05}, ""rho_positive"": {""Female"": 0.8, ""Male"": 0.8}}",fnr,20,0.0874999999999999,0.0496699633899391,0.0111065414579829,0.0657311787423533,0.1092688212576465,"{'Female': 0.25, 'Male': 0.25}","{'Female': 0.35, 'Male': 0.65}","{'Female': 0.05, 'Male': 0.05}","{'Female': 0.8, 'Male': 0.8}"
REALDATA,SEMISYNTHETIC REAL-DATA EXPERIMENT,german,Female,logistic,group_threshold_calibrated,post,moderate_second_group,f2d18f38dbf44f65,"{""alpha_negative"": {""Female"": 0.25, ""Male"": 0.25}, ""alpha_positive"": {""Female"": 0.35, ""Male"": 0.65}, ""contestation_scenario"": ""moderate_second_group"", ""rho_negative"": {""Female"": 0.05, ""Male"": 0.05}, ""rho_positive"": {""Female"": 0.8, ""Male"": 0.8}}",fpr,20,0.5886363636363636,0.1790913948454782,0.0400460533059744,0.5101460991566537,0.6671266281160736,"{'Female': 0.25, 'Male': 0.25}","{'Female': 0.35, 'Male': 0.65}","{'Female': 0.05, 'Male': 0.05}","{'Female': 0.8, 'Male': 0.8}"
REALDATA,SEMISYNTHETIC REAL-DATA EXPERIMENT,german,Female,logistic,group_threshold_calibrated,post,moderate_second_group,f2d18f38dbf44f65,"{""alpha_negative"": {""Female"": 0.25, ""Male"": 0.25}, ""alpha_positive"": {""Female"": 0.35, ""Male"": 0.65}, ""contestation_scenario"": ""moderate_second_group"", ""rho_negative"": {""Female"": 0.05, ""Male"": 0.05}, ""rho_positive"": {""Female"": 0.8, ""Male"": 0.8}}",n,20,62.0,0.0,0.0,62.0,62.0,"{'Female': 0.25, 'Male': 0.25}","{'Female': 0.35, 'Male': 0.65}","{'Female': 0.05, 'Male': 0.05}","{'Female': 0.8, 'Male': 0.8}"
REALDATA,SEMISYNTHETIC REAL-DATA EXPERIMENT,german,Female,logistic,group_threshold_calibrated,post,moderate_second_group,f2d18f38dbf44f65,"{""alpha_negative"": {""Female"": 0.25, ""Male"": 0.25}, ""alpha_positive"": {""Female"": 0.35, ""Male"": 0.65}, ""contestation_scenario"": ""moderate_second_group"", ""rho_negative"": {""Female"": 0.05, ""Male"": 0.05}, ""rho_positive"": {""Female"": 0.8, ""Male"": 0.8}}",positive_rate,20,0.7975806451612903,0.0846177734792546,0.0189211093604292,0.7604952708148491,0.8346660195077316,"{'Female': 0.25, 'Male': 0.25}","{'Female': 0.35, 'Male': 0.65}","{'Female': 0.05, 'Male': 0.05}","{'Female': 0.8, 'Male': 0.8}"
REALDATA,SEMISYNTHETIC REAL-DATA EXPERIMENT,german,Female,logistic,group_threshold_calibrated,post,moderate_second_group,f2d18f38dbf44f65,"{""alpha_negative"": {""Female"": 0.25, ""Male"": 0.25}, ""alpha_positive"": {""Female"": 0.35, ""Male"": 0.65}, ""contestation_scenario"": ""moderate_second_group"", ""rho_negative"": {""Female"": 0.05, ""Male"": 0.05}, ""rho_positive"": {""Female"": 0.8, ""Male"": 0.8}}",prevalence,20,0.6451612903225806,0.0,0.0,0.6451612903225806,0.6451612903225806,"{'Female': 0.25, 'Male': 0.25}","{'Female': 0.35, 'Male': 0.65}","{'Female': 0.05, 'Male': 0.05}","{'Female': 0.8, 'Male': 0.8}"
REALDATA,SEMISYNTHETIC REAL-DATA EXPERIMENT,german,Female,logistic,group_threshold_calibrated,post,moderate_second_group,f2d18f38dbf44f65,"{""alpha_negative"": {""Female"": 0.25, ""Male"": 0.25}, ""alpha_positive"": {""Female"": 0.35, ""Male"": 0.65}, ""contestation_scenario"": ""moderate_second_group"", ""rho_negative"": {""Female"": 0.05, ""Male"": 0.05}, ""rho_positive"": {""Female"": 0.8, ""Male"": 0.8}}",tnr,20,0.4113636363636363,0.1790913948454783,0.0400460533059744,0.3328733718839263,0.4898539008433463,"{'Female': 0.25, 'Male': 0.25}","{'Female': 0.35, 'Male': 0.65}","{'Female': 0.05, 'Male': 0.05}","{'Female': 0.8, 'Male': 0.8}"
REALDATA,SEMISYNTHETIC REAL-DATA EXPERIMENT,german,Female,logistic,group_threshold_calibrated,post,moderate_second_group,f2d18f38dbf44f65,"{""alpha_negative"": {""Female"": 0.25, ""Male"": 0.25}, ""alpha_positive"": {""Female"": 0.35, ""Male"": 0.65}, ""contestation_scenario"": ""moderate_second_group"", ""rho_negative"": {""Female"": 0.05, ""Male"": 0.05}, ""rho_positive"": {""Female"": 0.8, ""Male"": 0.8}}",tpr,20,0.9125,0.0496699633899391,0.0111065414579829,0.8907311787423533,0.9342688212576468,"{'Female': 0.25, 'Male': 0.25}","{'Female': 0.35, 'Male': 0.65}","{'Female': 0.05, 'Male': 0.05}","{'Female': 0.8, 'Male': 0.8}"
REALDATA,SEMISYNTHETIC REAL-DATA EXPERIMENT,german,Female,logistic,group_threshold_calibrated,post,strong_first_group,80db5b8b411cb1ee,"{""alpha_negative"": {""Female"": 0.25, ""Male"": 0.25}, ""alpha_positive"": {""Female"": 0.75, ""Male"": 0.25}, ""contestation_scenario"": ""strong_first_group"", ""rho_negative"": {""Female"": 0.05, ""Male"": 0.05}, ""rho_positive"": {""Female"": 0.8, ""Male"": 0.8}}",accuracy,20,0.7620967741935484,0.0540984188104787,0.0120967741935483,0.7383870967741936,0.7858064516129032,"{'Female': 0.25, 'Male': 0.25}","{'Female': 0.75, 'Male': 0.25}","{'Female': 0.05, 'Male': 0.05}","{'Female': 0.8, 'Male': 0.8}"
REALDATA,SEMISYNTHETIC REAL-DATA EXPERIMENT,german,Female,logistic,group_threshold_calibrated,post,strong_first_group,80db5b8b411cb1ee,"{""alpha_negative"": {""Female"": 0.25, ""Male"": 0.25}, ""alpha_positive"": {""Female"": 0.75, ""Male"": 0.25}, ""contestation_scenario"": ""strong_first_group"", ""rho_negative"": {""Female"": 0.05, ""Male"": 0.05}, ""rho_positive"": {""Female"": 0.8, ""Male"": 0.8}}",fnr,20,0.0462499999999999,0.0423604520128957,0.0094720850258452,0.0276847133493432,0.0648152866506567,"{'Female': 0.25, 'Male': 0.25}","{'Female': 0.75, 'Male': 0.25}","{'Female': 0.05, 'Male': 0.05}","{'Female': 0.8, 'Male': 0.8}"
REALDATA,SEMISYNTHETIC REAL-DATA EXPERIMENT,german,Female,logistic,group_threshold_calibrated,post,strong_first_group,80db5b8b411cb1ee,"{""alpha_negative"": {""Female"": 0.25, ""Male"": 0.25}, ""alpha_positive"": {""Female"": 0.75, ""Male"": 0.25}, ""contestation_scenario"": ""strong_first_group"", ""rho_negative"": {""Female"": 0.05, ""Male"": 0.05}, ""rho_positive"": {""Female"": 0.8, ""Male"": 0.8}}",fpr,20,0.5863636363636363,0.1787419182403309,0.0399679079614089,0.5080265367592748,0.6647007359679978,"{'Female': 0.25, 'Male': 0.25}","{'Female': 0.75, 'Male': 0.25}","{'Female': 0.05, 'Male': 0.05}","{'Female': 0.8, 'Male': 0.8}"
REALDATA,SEMISYNTHETIC REAL-DATA EXPERIMENT,german,Female,logistic,group_threshold_calibrated,post,strong_first_group,80db5b8b411cb1ee,"{""alpha_negative"": {""Female"": 0.25, ""Male"": 0.25}, ""alpha_positive"": {""Female"": 0.75, ""Male"": 0.25}, ""contestation_scenario"": ""strong_first_group"", ""rho_negative"": {""Female"": 0.05, ""Male"": 0.05}, ""rho_positive"": {""Female"": 0.8, ""Male"": 0.8}}",n,20,62.0,0.0,0.0,62.0,62.0,"{'Female': 0.25, 'Male': 0.25}","{'Female': 0.75, 'Male': 0.25}","{'Female': 0.05, 'Male': 0.05}","{'Female': 0.8, 'Male': 0.8}"
REALDATA,SEMISYNTHETIC REAL-DATA EXPERIMENT,german,Female,logistic,group_threshold_calibrated,post,strong_first_group,80db5b8b411cb1ee,"{""alpha_negative"": {""Female"": 0.25, ""Male"": 0.25}, ""alpha_positive"": {""Female"": 0.75, ""Male"": 0.25}, ""contestation_scenario"": ""strong_first_group"", ""rho_negative"": {""Female"": 0.05, ""Male"": 0.05}, ""rho_positive"": {""Female"": 0.8, ""Male"": 0.8}}",positive_rate,20,0.8233870967741936,0.0813172335330409,0.0181830861922104,0.7877482478374611,0.8590259457109262,"{'Female': 0.25, 'Male': 0.25}","{'Female': 0.75, 'Male': 0.25}","{'Female': 0.05, 'Male': 0.05}","{'Female': 0.8, 'Male': 0.8}"
REALDATA,SEMISYNTHETIC REAL-DATA EXPERIMENT,german,Female,logistic,group_threshold_calibrated,post,strong_first_group,80db5b8b411cb1ee,"{""alpha_negative"": {""Female"": 0.25, ""Male"": 0.25}, ""alpha_positive"": {""Female"": 0.75, ""Male"": 0.25}, ""contestation_scenario"": ""strong_first_group"", ""rho_negative"": {""Female"": 0.05, ""Male"": 0.05}, ""rho_positive"": {""Female"": 0.8, ""Male"": 0.8}}",prevalence,20,0.6451612903225806,0.0,0.0,0.6451612903225806,0.6451612903225806,"{'Female': 0.25, 'Male': 0.25}","{'Female': 0.75, 'Male': 0.25}","{'Female': 0.05, 'Male': 0.05}","{'Female': 0.8, 'Male': 0.8}"
REALDATA,SEMISYNTHETIC REAL-DATA EXPERIMENT,german,Female,logistic,group_threshold_calibrated,post,strong_first_group,80db5b8b411cb1ee,"{""alpha_negative"": {""Female"": 0.25, ""Male"": 0.25}, ""alpha_positive"": {""Female"": 0.75, ""Male"": 0.25}, ""contestation_scenario"": ""strong_first_group"", ""rho_negative"": {""Female"": 0.05, ""Male"": 0.05}, ""rho_positive"": {""Female"": 0.8, ""Male"": 0.8}}",tnr,20,0.4136363636363636,0.1787419182403309,0.0399679079614089,0.335299264032002,0.4919734632407251,"{'Female': 0.25, 'Male': 0.25}","{'Female': 0.75, 'Male': 0.25}","{'Female': 0.05, 'Male': 0.05}","{'Female': 0.8, 'Male': 0.8}"
REALDATA,SEMISYNTHETIC REAL-DATA EXPERIMENT,german,Female,logistic,group_threshold_calibrated,post,strong_first_group,80db5b8b411cb1ee,"{""alpha_negative"": {""Female"": 0.25, ""Male"": 0.25}, ""alpha_positive"": {""Female"": 0.75, ""Male"": 0.25}, ""contestation_scenario"": ""strong_first_group"", ""rho_negative"": {""Female"": 0.05, ""Male"": 0.05}, ""rho_positive"": {""Female"": 0.8, ""Male"": 0.8}}",tpr,20,0.95375,0.0423604520128957,0.0094720850258452,0.9351847133493432,0.9723152866506568,"{'Female': 0.25, 'Male': 0.25}","{'Female': 0.75, 'Male': 0.25}","{'Female': 0.05, 'Male': 0.05}","{'Female': 0.8, 'Male': 0.8}"
REALDATA,SEMISYNTHETIC REAL-DATA EXPERIMENT,german,Female,logistic,group_threshold_calibrated,post,strong_second_group,1a6f52e99e976851,"{""alpha_negative"": {""Female"": 0.25, ""Male"": 0.25}, ""alpha_positive"": {""Female"": 0.25, ""Male"": 0.75}, ""contestation_scenario"": ""strong_second_group"", ""rho_negative"": {""Female"": 0.05, ""Male"": 0.05}, ""rho_positive"": {""Female"": 0.8, ""Male"": 0.8}}",accuracy,20,0.728225806451613,0.0524013943372176,0.0117173079853791,0.7052598828002699,0.751191730102956,"{'Female': 0.25, 'Male': 0.25}","{'Female': 0.25, 'Male': 0.75}","{'Female': 0.05, 'Male': 0.05}","{'Female': 0.8, 'Male': 0.8}"
REALDATA,SEMISYNTHETIC REAL-DATA EXPERIMENT,german,Female,logistic,group_threshold_calibrated,post,strong_second_group,1a6f52e99e976851,"{""alpha_negative"": {""Female"": 0.25, ""Male"": 0.25}, ""alpha_positive"": {""Female"": 0.25, ""Male"": 0.75}, ""contestation_scenario"": ""strong_second_group"", ""rho_negative"": {""Female"": 0.05, ""Male"": 0.05}, ""rho_positive"": {""Female"": 0.8, ""Male"": 0.8}}",fnr,20,0.0974999999999999,0.0561365815620588,0.0125525212397224,0.0728970583701439,0.122102941629856,"{'Female': 0.25, 'Male': 0.25}","{'Female': 0.25, 'Male': 0.75}","{'Female': 0.05, 'Male': 0.05}","{'Female': 0.8, 'Male': 0.8}"
REALDATA,SEMISYNTHETIC REAL-DATA EXPERIMENT,german,Female,logistic,group_threshold_calibrated,post,strong_second_group,1a6f52e99e976851,"{""alpha_negative"": {""Female"": 0.25, ""Male"": 0.25}, ""alpha_positive"": {""Female"": 0.25, ""Male"": 0.75}, ""contestation_scenario"": ""strong_second_group"", ""rho_negative"": {""Female"": 0.05, ""Male"": 0.05}, ""rho_positive"": {""Female"": 0.8, ""Male"": 0.8}}",fpr,20,0.5886363636363636,0.1790913948454782,0.0400460533059744,0.5101460991566537,0.6671266281160736,"{'Female': 0.25, 'Male': 0.25}","{'Female': 0.25, 'Male': 0.75}","{'Female': 0.05, 'Male': 0.05}","{'Female': 0.8, 'Male': 0.8}"
REALDATA,SEMISYNTHETIC REAL-DATA EXPERIMENT,german,Female,logistic,group_threshold_calibrated,post,strong_second_group,1a6f52e99e976851,"{""alpha_negative"": {""Female"": 0.25, ""Male"": 0.25}, ""alpha_positive"": {""Female"": 0.25, ""Male"": 0.75}, ""contestation_scenario"": ""strong_second_group"", ""rho_negative"": {""Female"": 0.05, ""Male"": 0.05}, ""rho_positive"": {""Female"": 0.8, ""Male"": 0.8}}",n,20,62.0,0.0,0.0,62.0,62.0,"{'Female': 0.25, 'Male': 0.25}","{'Female': 0.25, 'Male': 0.75}","{'Female': 0.05, 'Male': 0.05}","{'Female': 0.8, 'Male': 0.8}"
REALDATA,SEMISYNTHETIC REAL-DATA EXPERIMENT,german,Female,logistic,group_threshold_calibrated,post,strong_second_group,1a6f52e99e976851,"{""alpha_negative"": {""Female"": 0.25, ""Male"": 0.25}, ""alpha_positive"": {""Female"": 0.25, ""Male"": 0.75}, ""contestation_scenario"": ""strong_second_group"", ""rho_negative"": {""Female"": 0.05, ""Male"": 0.05}, ""rho_positive"": {""Female"": 0.8, ""Male"": 0.8}}",positive_rate,20,0.7911290322580645,0.0891868628852337,0.0199427888111335,0.7520411661882427,0.8302168983278864,"{'Female': 0.25, 'Male': 0.25}","{'Female': 0.25, 'Male': 0.75}","{'Female': 0.05, 'Male': 0.05}","{'Female': 0.8, 'Male': 0.8}"
REALDATA,SEMISYNTHETIC REAL-DATA EXPERIMENT,german,Female,logistic,group_threshold_calibrated,post,strong_second_group,1a6f52e99e976851,"{""alpha_negative"": {""Female"": 0.25, ""Male"": 0.25}, ""alpha_positive"": {""Female"": 0.25, ""Male"": 0.75}, ""contestation_scenario"": ""strong_second_group"", ""rho_negative"": {""Female"": 0.05, ""Male"": 0.05}, ""rho_positive"": {""Female"": 0.8, ""Male"": 0.8}}",prevalence,20,0.6451612903225806,0.0,0.0,0.6451612903225806,0.6451612903225806,"{'Female': 0.25, 'Male': 0.25}","{'Female': 0.25, 'Male': 0.75}","{'Female': 0.05, 'Male': 0.05}","{'Female': 0.8, 'Male': 0.8}"
REALDATA,SEMISYNTHETIC REAL-DATA EXPERIMENT,german,Female,logistic,group_threshold_calibrated,post,strong_second_group,1a6f52e99e976851,"{""alpha_negative"": {""Female"": 0.25, ""Male"": 0.25}, ""alpha_positive"": {""Female"": 0.25, ""Male"": 0.75}, ""contestation_scenario"": ""strong_second_group"", ""rho_negative"": {""Female"": 0.05, ""Male"": 0.05}, ""rho_positive"": {""Female"": 0.8, ""Male"": 0.8}}",tnr,20,0.4113636363636363,0.1790913948454783,0.0400460533059744,0.3328733718839263,0.4898539008433463,"{'Female': 0.25, 'Male': 0.25}","{'Female': 0.25, 'Male': 0.75}","{'Female': 0.05, 'Male': 0.05}","{'Female': 0.8, 'Male': 0.8}"
REALDATA,SEMISYNTHETIC REAL-DATA EXPERIMENT,german,Female,logistic,group_threshold_calibrated,post,strong_second_group,1a6f52e99e976851,"{""alpha_negative"": {""Female"": 0.25, ""Male"": 0.25}, ""alpha_positive"": {""Female"": 0.25, ""Male"": 0.75}, ""contestation_scenario"": ""strong_second_group"", ""rho_negative"": {""Female"": 0.05, ""Male"": 0.05}, ""rho_positive"": {""Female"": 0.8, ""Male"": 0.8}}",tpr,20,0.9025,0.0561365815620588,0.0125525212397224,0.877897058370144,0.9271029416298562,"{'Female': 0.25, 'Male': 0.25}","{'Female': 0.25, 'Male': 0.75}","{'Female': 0.05, 'Male': 0.05}","{'Female': 0.8, 'Male': 0.8}"
REALDATA,SEMISYNTHETIC REAL-DATA EXPERIMENT,german,Female,logistic,group_threshold_calibrated,pre,equal_access,8b1b8b56ce23dea1,"{""alpha_negative"": {""Female"": 0.25, ""Male"": 0.25}, ""alpha_positive"": {""Female"": 0.5, ""Male"": 0.5}, ""contestation_scenario"": ""equal_access"", ""rho_negative"": {""Female"": 0.05, ""Male"": 0.05}, ""rho_positive"": {""Female"": 0.8, ""Male"": 0.8}}",accuracy,20,0.7169354838709677,0.0516646069549345,0.0115525573182042,0.6942924715272875,0.739578496214648,"{'Female': 0.25, 'Male': 0.25}","{'Female': 0.5, 'Male': 0.5}","{'Female': 0.05, 'Male': 0.05}","{'Female': 0.8, 'Male': 0.8}"
REALDATA,SEMISYNTHETIC REAL-DATA EXPERIMENT,german,Female,logistic,group_threshold_calibrated,pre,equal_access,8b1b8b56ce23dea1,"{""alpha_negative"": {""Female"": 0.25, ""Male"": 0.25}, ""alpha_positive"": {""Female"": 0.5, ""Male"": 0.5}, ""contestation_scenario"": ""equal_access"", ""rho_negative"": {""Female"": 0.05, ""Male"": 0.05}, ""rho_positive"": {""Female"": 0.8, ""Male"": 0.8}}",fnr,20,0.1174999999999999,0.0688724985217726,0.0154003588474937,0.0873152966589122,0.1476847033410877,"{'Female': 0.25, 'Male': 0.25}","{'Female': 0.5, 'Male': 0.5}","{'Female': 0.05, 'Male': 0.05}","{'Female': 0.8, 'Male': 0.8}"
REALDATA,SEMISYNTHETIC REAL-DATA EXPERIMENT,german,Female,logistic,group_threshold_calibrated,pre,equal_access,8b1b8b56ce23dea1,"{""alpha_negative"": {""Female"": 0.25, ""Male"": 0.25}, ""alpha_positive"": {""Female"": 0.5, ""Male"": 0.5}, ""contestation_scenario"": ""equal_access"", ""rho_negative"": {""Female"": 0.05, ""Male"": 0.05}, ""rho_positive"": {""Female"": 0.8, ""Male"": 0.8}}",fpr,20,0.5840909090909091,0.1759056599939889,0.0393337013373524,0.5069968544696983,0.6611849637121199,"{'Female': 0.25, 'Male': 0.25}","{'Female': 0.5, 'Male': 0.5}","{'Female': 0.05, 'Male': 0.05}","{'Female': 0.8, 'Male': 0.8}"
REALDATA,SEMISYNTHETIC REAL-DATA EXPERIMENT,german,Female,logistic,group_threshold_calibrated,pre,equal_access,8b1b8b56ce23dea1,"{""alpha_negative"": {""Female"": 0.25, ""Male"": 0.25}, ""alpha_positive"": {""Female"": 0.5, ""Male"": 0.5}, ""contestation_scenario"": ""equal_access"", ""rho_negative"": {""Female"": 0.05, ""Male"": 0.05}, ""rho_positive"": {""Female"": 0.8, ""Male"": 0.8}}",n,20,62.0,0.0,0.0,62.0,62.0,"{'Female': 0.25, 'Male': 0.25}","{'Female': 0.5, 'Male': 0.5}","{'Female': 0.05, 'Male': 0.05}","{'Female': 0.8, 'Male': 0.8}"
REALDATA,SEMISYNTHETIC REAL-DATA EXPERIMENT,german,Female,logistic,group_threshold_calibrated,pre,equal_access,8b1b8b56ce23dea1,"{""alpha_negative"": {""Female"": 0.25, ""Male"": 0.25}, ""alpha_positive"": {""Female"": 0.5, ""Male"": 0.5}, ""contestation_scenario"": ""equal_access"", ""rho_negative"": {""Female"": 0.05, ""Male"": 0.05}, ""rho_positive"": {""Female"": 0.8, ""Male"": 0.8}}",positive_rate,20,0.7766129032258065,0.0952447045998513,0.0212973633982154,0.7348700709653042,0.8183557354863087,"{'Female': 0.25, 'Male': 0.25}","{'Female': 0.5, 'Male': 0.5}","{'Female': 0.05, 'Male': 0.05}","{'Female': 0.8, 'Male': 0.8}"
REALDATA,SEMISYNTHETIC REAL-DATA EXPERIMENT,german,Female,logistic,group_threshold_calibrated,pre,equal_access,8b1b8b56ce23dea1,"{""alpha_negative"": {""Female"": 0.25, ""Male"": 0.25}, ""alpha_positive"": {""Female"": 0.5, ""Male"": 0.5}, ""contestation_scenario"": ""equal_access"", ""rho_negative"": {""Female"": 0.05, ""Male"": 0.05}, ""rho_positive"": {""Female"": 0.8, ""Male"": 0.8}}",prevalence,20,0.6451612903225806,0.0,0.0,0.6451612903225806,0.6451612903225806,"{'Female': 0.25, 'Male': 0.25}","{'Female': 0.5, 'Male': 0.5}","{'Female': 0.05, 'Male': 0.05}","{'Female': 0.8, 'Male': 0.8}"
REALDATA,SEMISYNTHETIC REAL-DATA EXPERIMENT,german,Female,logistic,group_threshold_calibrated,pre,equal_access,8b1b8b56ce23dea1,"{""alpha_negative"": {""Female"": 0.25, ""Male"": 0.25}, ""alpha_positive"": {""Female"": 0.5, ""Male"": 0.5}, ""contestation_scenario"": ""equal_access"", ""rho_negative"": {""Female"": 0.05, ""Male"": 0.05}, ""rho_positive"": {""Female"": 0.8, ""Male"": 0.8}}",tnr,20,0.4159090909090908,0.1759056599939889,0.0393337013373524,0.33881503628788,0.4930031455303016,"{'Female': 0.25, 'Male': 0.25}","{'Female': 0.5, 'Male': 0.5}","{'Female': 0.05, 'Male': 0.05}","{'Female': 0.8, 'Male': 0.8}"
REALDATA,SEMISYNTHETIC REAL-DATA EXPERIMENT,german,Female,logistic,group_threshold_calibrated,pre,equal_access,8b1b8b56ce23dea1,"{""alpha_negative"": {""Female"": 0.25, ""Male"": 0.25}, ""alpha_positive"": {""Female"": 0.5, ""Male"": 0.5}, ""contestation_scenario"": ""equal_access"", ""rho_negative"": {""Female"": 0.05, ""Male"": 0.05}, ""rho_positive"": {""Female"": 0.8, ""Male"": 0.8}}",tpr,20,0.8825,0.0688724985217726,0.0154003588474937,0.8523152966589123,0.9126847033410876,"{'Female': 0.25, 'Male': 0.25}","{'Female': 0.5, 'Male': 0.5}","{'Female': 0.05, 'Male': 0.05}","{'Female': 0.8, 'Male': 0.8}"
REALDATA,SEMISYNTHETIC REAL-DATA EXPERIMENT,german,Female,logistic,group_threshold_calibrated,pre,moderate_first_group,58a445a909825bd5,"{""alpha_negative"": {""Female"": 0.25, ""Male"": 0.25}, ""alpha_positive"": {""Female"": 0.65, ""Male"": 0.35}, ""contestation_scenario"": ""moderate_first_group"", ""rho_negative"": {""Female"": 0.05, ""Male"": 0.05}, ""rho_positive"": {""Female"": 0.8, ""Male"": 0.8}}",accuracy,20,0.7169354838709677,0.0516646069549345,0.0115525573182042,0.6942924715272875,0.739578496214648,"{'Female': 0.25, 'Male': 0.25}","{'Female': 0.65, 'Male': 0.35}","{'Female': 0.05, 'Male': 0.05}","{'Female': 0.8, 'Male': 0.8}"
REALDATA,SEMISYNTHETIC REAL-DATA EXPERIMENT,german,Female,logistic,group_threshold_calibrated,pre,moderate_first_group,58a445a909825bd5,"{""alpha_negative"": {""Female"": 0.25, ""Male"": 0.25}, ""alpha_positive"": {""Female"": 0.65, ""Male"": 0.35}, ""contestation_scenario"": ""moderate_first_group"", ""rho_negative"": {""Female"": 0.05, ""Male"": 0.05}, ""rho_positive"": {""Female"": 0.8, ""Male"": 0.8}}",fnr,20,0.1174999999999999,0.0688724985217726,0.0154003588474937,0.0873152966589122,0.1476847033410877,"{'Female': 0.25, 'Male': 0.25}","{'Female': 0.65, 'Male': 0.35}","{'Female': 0.05, 'Male': 0.05}","{'Female': 0.8, 'Male': 0.8}"
REALDATA,SEMISYNTHETIC REAL-DATA EXPERIMENT,german,Female,logistic,group_threshold_calibrated,pre,moderate_first_group,58a445a909825bd5,"{""alpha_negative"": {""Female"": 0.25, ""Male"": 0.25}, ""alpha_positive"": {""Female"": 0.65, ""Male"": 0.35}, ""contestation_scenario"": ""moderate_first_group"", ""rho_negative"": {""Female"": 0.05, ""Male"": 0.05}, ""rho_positive"": {""Female"": 0.8, ""Male"": 0.8}}",fpr,20,0.5840909090909091,0.1759056599939889,0.0393337013373524,0.5069968544696983,0.6611849637121199,"{'Female': 0.25, 'Male': 0.25}","{'Female': 0.65, 'Male': 0.35}","{'Female': 0.05, 'Male': 0.05}","{'Female': 0.8, 'Male': 0.8}"
REALDATA,SEMISYNTHETIC REAL-DATA EXPERIMENT,german,Female,logistic,group_threshold_calibrated,pre,moderate_first_group,58a445a909825bd5,"{""alpha_negative"": {""Female"": 0.25, ""Male"": 0.25}, ""alpha_positive"": {""Female"": 0.65, ""Male"": 0.35}, ""contestation_scenario"": ""moderate_first_group"", ""rho_negative"": {""Female"": 0.05, ""Male"": 0.05}, ""rho_positive"": {""Female"": 0.8, ""Male"": 0.8}}",n,20,62.0,0.0,0.0,62.0,62.0,"{'Female': 0.25, 'Male': 0.25}","{'Female': 0.65, 'Male': 0.35}","{'Female': 0.05, 'Male': 0.05}","{'Female': 0.8, 'Male': 0.8}"
REALDATA,SEMISYNTHETIC REAL-DATA EXPERIMENT,german,Female,logistic,group_threshold_calibrated,pre,moderate_first_group,58a445a909825bd5,"{""alpha_negative"": {""Female"": 0.25, ""Male"": 0.25}, ""alpha_positive"": {""Female"": 0.65, ""Male"": 0.35}, ""contestation_scenario"": ""moderate_first_group"", ""rho_negative"": {""Female"": 0.05, ""Male"": 0.05}, ""rho_positive"": {""Female"": 0.8, ""Male"": 0.8}}",positive_rate,20,0.7766129032258065,0.0952447045998513,0.0212973633982154,0.7348700709653042,0.8183557354863087,"{'Female': 0.25, 'Male': 0.25}","{'Female': 0.65, 'Male': 0.35}","{'Female': 0.05, 'Male': 0.05}","{'Female': 0.8, 'Male': 0.8}"
REALDATA,SEMISYNTHETIC REAL-DATA EXPERIMENT,german,Female,logistic,group_threshold_calibrated,pre,moderate_first_group,58a445a909825bd5,"{""alpha_negative"": {""Female"": 0.25, ""Male"": 0.25}, ""alpha_positive"": {""Female"": 0.65, ""Male"": 0.35}, ""contestation_scenario"": ""moderate_first_group"", ""rho_negative"": {""Female"": 0.05, ""Male"": 0.05}, ""rho_positive"": {""Female"": 0.8, ""Male"": 0.8}}",prevalence,20,0.6451612903225806,0.0,0.0,0.6451612903225806,0.6451612903225806,"{'Female': 0.25, 'Male': 0.25}","{'Female': 0.65, 'Male': 0.35}","{'Female': 0.05, 'Male': 0.05}","{'Female': 0.8, 'Male': 0.8}"
REALDATA,SEMISYNTHETIC REAL-DATA EXPERIMENT,german,Female,logistic,group_threshold_calibrated,pre,moderate_first_group,58a445a909825bd5,"{""alpha_negative"": {""Female"": 0.25, ""Male"": 0.25}, ""alpha_positive"": {""Female"": 0.65, ""Male"": 0.35}, ""contestation_scenario"": ""moderate_first_group"", ""rho_negative"": {""Female"": 0.05, ""Male"": 0.05}, ""rho_positive"": {""Female"": 0.8, ""Male"": 0.8}}",tnr,20,0.4159090909090908,0.1759056599939889,0.0393337013373524,0.33881503628788,0.4930031455303016,"{'Female': 0.25, 'Male': 0.25}","{'Female': 0.65, 'Male': 0.35}","{'Female': 0.05, 'Male': 0.05}","{'Female': 0.8, 'Male': 0.8}"
REALDATA,SEMISYNTHETIC REAL-DATA EXPERIMENT,german,Female,logistic,group_threshold_calibrated,pre,moderate_first_group,58a445a909825bd5,"{""alpha_negative"": {""Female"": 0.25, ""Male"": 0.25}, ""alpha_positive"": {""Female"": 0.65, ""Male"": 0.35}, ""contestation_scenario"": ""moderate_first_group"", ""rho_negative"": {""Female"": 0.05, ""Male"": 0.05}, ""rho_positive"": {""Female"": 0.8, ""Male"": 0.8}}",tpr,20,0.8825,0.0688724985217726,0.0154003588474937,0.8523152966589123,0.9126847033410876,"{'Female': 0.25, 'Male': 0.25}","{'Female': 0.65, 'Male': 0.35}","{'Female': 0.05, 'Male': 0.05}","{'Female': 0.8, 'Male': 0.8}"
REALDATA,SEMISYNTHETIC REAL-DATA EXPERIMENT,german,Female,logistic,group_threshold_calibrated,pre,moderate_second_group,f2d18f38dbf44f65,"{""alpha_negative"": {""Female"": 0.25, ""Male"": 0.25}, ""alpha_positive"": {""Female"": 0.35, ""Male"": 0.65}, ""contestation_scenario"": ""moderate_second_group"", ""rho_negative"": {""Female"": 0.05, ""Male"": 0.05}, ""rho_positive"": {""Female"": 0.8, ""Male"": 0.8}}",accuracy,20,0.7169354838709677,0.0516646069549345,0.0115525573182042,0.6942924715272875,0.739578496214648,"{'Female': 0.25, 'Male': 0.25}","{'Female': 0.35, 'Male': 0.65}","{'Female': 0.05, 'Male': 0.05}","{'Female': 0.8, 'Male': 0.8}"
REALDATA,SEMISYNTHETIC REAL-DATA EXPERIMENT,german,Female,logistic,group_threshold_calibrated,pre,moderate_second_group,f2d18f38dbf44f65,"{""alpha_negative"": {""Female"": 0.25, ""Male"": 0.25}, ""alpha_positive"": {""Female"": 0.35, ""Male"": 0.65}, ""contestation_scenario"": ""moderate_second_group"", ""rho_negative"": {""Female"": 0.05, ""Male"": 0.05}, ""rho_positive"": {""Female"": 0.8, ""Male"": 0.8}}",fnr,20,0.1174999999999999,0.0688724985217726,0.0154003588474937,0.0873152966589122,0.1476847033410877,"{'Female': 0.25, 'Male': 0.25}","{'Female': 0.35, 'Male': 0.65}","{'Female': 0.05, 'Male': 0.05}","{'Female': 0.8, 'Male': 0.8}"
REALDATA,SEMISYNTHETIC REAL-DATA EXPERIMENT,german,Female,logistic,group_threshold_calibrated,pre,moderate_second_group,f2d18f38dbf44f65,"{""alpha_negative"": {""Female"": 0.25, ""Male"": 0.25}, ""alpha_positive"": {""Female"": 0.35, ""Male"": 0.65}, ""contestation_scenario"": ""moderate_second_group"", ""rho_negative"": {""Female"": 0.05, ""Male"": 0.05}, ""rho_positive"": {""Female"": 0.8, ""Male"": 0.8}}",fpr,20,0.5840909090909091,0.1759056599939889,0.0393337013373524,0.5069968544696983,0.6611849637121199,"{'Female': 0.25, 'Male': 0.25}","{'Female': 0.35, 'Male': 0.65}","{'Female': 0.05, 'Male': 0.05}","{'Female': 0.8, 'Male': 0.8}"
REALDATA,SEMISYNTHETIC REAL-DATA EXPERIMENT,german,Female,logistic,group_threshold_calibrated,pre,moderate_second_group,f2d18f38dbf44f65,"{""alpha_negative"": {""Female"": 0.25, ""Male"": 0.25}, ""alpha_positive"": {""Female"": 0.35, ""Male"": 0.65}, ""contestation_scenario"": ""moderate_second_group"", ""rho_negative"": {""Female"": 0.05, ""Male"": 0.05}, ""rho_positive"": {""Female"": 0.8, ""Male"": 0.8}}",n,20,62.0,0.0,0.0,62.0,62.0,"{'Female': 0.25, 'Male': 0.25}","{'Female': 0.35, 'Male': 0.65}","{'Female': 0.05, 'Male': 0.05}","{'Female': 0.8, 'Male': 0.8}"
REALDATA,SEMISYNTHETIC REAL-DATA EXPERIMENT,german,Female,logistic,group_threshold_calibrated,pre,moderate_second_group,f2d18f38dbf44f65,"{""alpha_negative"": {""Female"": 0.25, ""Male"": 0.25}, ""alpha_positive"": {""Female"": 0.35, ""Male"": 0.65}, ""contestation_scenario"": ""moderate_second_group"", ""rho_negative"": {""Female"": 0.05, ""Male"": 0.05}, ""rho_positive"": {""Female"": 0.8, ""Male"": 0.8}}",positive_rate,20,0.7766129032258065,0.0952447045998513,0.0212973633982154,0.7348700709653042,0.8183557354863087,"{'Female': 0.25, 'Male': 0.25}","{'Female': 0.35, 'Male': 0.65}","{'Female': 0.05, 'Male': 0.05}","{'Female': 0.8, 'Male': 0.8}"
REALDATA,SEMISYNTHETIC REAL-DATA EXPERIMENT,german,Female,logistic,group_threshold_calibrated,pre,moderate_second_group,f2d18f38dbf44f65,"{""alpha_negative"": {""Female"": 0.25, ""Male"": 0.25}, ""alpha_positive"": {""Female"": 0.35, ""Male"": 0.65}, ""contestation_scenario"": ""moderate_second_group"", ""rho_negative"": {""Female"": 0.05, ""Male"": 0.05}, ""rho_positive"": {""Female"": 0.8, ""Male"": 0.8}}",prevalence,20,0.6451612903225806,0.0,0.0,0.6451612903225806,0.6451612903225806,"{'Female': 0.25, 'Male': 0.25}","{'Female': 0.35, 'Male': 0.65}","{'Female': 0.05, 'Male': 0.05}","{'Female': 0.8, 'Male': 0.8}"
REALDATA,SEMISYNTHETIC REAL-DATA EXPERIMENT,german,Female,logistic,group_threshold_calibrated,pre,moderate_second_group,f2d18f38dbf44f65,"{""alpha_negative"": {""Female"": 0.25, ""Male"": 0.25}, ""alpha_positive"": {""Female"": 0.35, ""Male"": 0.65}, ""contestation_scenario"": ""moderate_second_group"", ""rho_negative"": {""Female"": 0.05, ""Male"": 0.05}, ""rho_positive"": {""Female"": 0.8, ""Male"": 0.8}}",tnr,20,0.4159090909090908,0.1759056599939889,0.0393337013373524,0.33881503628788,0.4930031455303016,"{'Female': 0.25, 'Male': 0.25}","{'Female': 0.35, 'Male': 0.65}","{'Female': 0.05, 'Male': 0.05}","{'Female': 0.8, 'Male': 0.8}"
REALDATA,SEMISYNTHETIC REAL-DATA EXPERIMENT,german,Female,logistic,group_threshold_calibrated,pre,moderate_second_group,f2d18f38dbf44f65,"{""alpha_negative"": {""Female"": 0.25, ""Male"": 0.25}, ""alpha_positive"": {""Female"": 0.35, ""Male"": 0.65}, ""contestation_scenario"": ""moderate_second_group"", ""rho_negative"": {""Female"": 0.05, ""Male"": 0.05}, ""rho_positive"": {""Female"": 0.8, ""Male"": 0.8}}",tpr,20,0.8825,0.0688724985217726,0.0154003588474937,0.8523152966589123,0.9126847033410876,"{'Female': 0.25, 'Male': 0.25}","{'Female': 0.35, 'Male': 0.65}","{'Female': 0.05, 'Male': 0.05}","{'Female': 0.8, 'Male': 0.8}"
REALDATA,SEMISYNTHETIC REAL-DATA EXPERIMENT,german,Female,logistic,group_threshold_calibrated,pre,strong_first_group,80db5b8b411cb1ee,"{""alpha_negative"": {""Female"": 0.25, ""Male"": 0.25}, ""alpha_positive"": {""Female"": 0.75, ""Male"": 0.25}, ""contestation_scenario"": ""strong_first_group"", ""rho_negative"": {""Female"": 0.05, ""Male"": 0.05}, ""rho_positive"": {""Female"": 0.8, ""Male"": 0.8}}",accuracy,20,0.7169354838709677,0.0516646069549345,0.0115525573182042,0.6942924715272875,0.739578496214648,"{'Female': 0.25, 'Male': 0.25}","{'Female': 0.75, 'Male': 0.25}","{'Female': 0.05, 'Male': 0.05}","{'Female': 0.8, 'Male': 0.8}"
REALDATA,SEMISYNTHETIC REAL-DATA EXPERIMENT,german,Female,logistic,group_threshold_calibrated,pre,strong_first_group,80db5b8b411cb1ee,"{""alpha_negative"": {""Female"": 0.25, ""Male"": 0.25}, ""alpha_positive"": {""Female"": 0.75, ""Male"": 0.25}, ""contestation_scenario"": ""strong_first_group"", ""rho_negative"": {""Female"": 0.05, ""Male"": 0.05}, ""rho_positive"": {""Female"": 0.8, ""Male"": 0.8}}",fnr,20,0.1174999999999999,0.0688724985217726,0.0154003588474937,0.0873152966589122,0.1476847033410877,"{'Female': 0.25, 'Male': 0.25}","{'Female': 0.75, 'Male': 0.25}","{'Female': 0.05, 'Male': 0.05}","{'Female': 0.8, 'Male': 0.8}"
REALDATA,SEMISYNTHETIC REAL-DATA EXPERIMENT,german,Female,logistic,group_threshold_calibrated,pre,strong_first_group,80db5b8b411cb1ee,"{""alpha_negative"": {""Female"": 0.25, ""Male"": 0.25}, ""alpha_positive"": {""Female"": 0.75, ""Male"": 0.25}, ""contestation_scenario"": ""strong_first_group"", ""rho_negative"": {""Female"": 0.05, ""Male"": 0.05}, ""rho_positive"": {""Female"": 0.8, ""Male"": 0.8}}",fpr,20,0.5840909090909091,0.1759056599939889,0.0393337013373524,0.5069968544696983,0.6611849637121199,"{'Female': 0.25, 'Male': 0.25}","{'Female': 0.75, 'Male': 0.25}","{'Female': 0.05, 'Male': 0.05}","{'Female': 0.8, 'Male': 0.8}"
REALDATA,SEMISYNTHETIC REAL-DATA EXPERIMENT,german,Female,logistic,group_threshold_calibrated,pre,strong_first_group,80db5b8b411cb1ee,"{""alpha_negative"": {""Female"": 0.25, ""Male"": 0.25}, ""alpha_positive"": {""Female"": 0.75, ""Male"": 0.25}, ""contestation_scenario"": ""strong_first_group"", ""rho_negative"": {""Female"": 0.05, ""Male"": 0.05}, ""rho_positive"": {""Female"": 0.8, ""Male"": 0.8}}",n,20,62.0,0.0,0.0,62.0,62.0,"{'Female': 0.25, 'Male': 0.25}","{'Female': 0.75, 'Male': 0.25}","{'Female': 0.05, 'Male': 0.05}","{'Female': 0.8, 'Male': 0.8}"
REALDATA,SEMISYNTHETIC REAL-DATA EXPERIMENT,german,Female,logistic,group_threshold_calibrated,pre,strong_first_group,80db5b8b411cb1ee,"{""alpha_negative"": {""Female"": 0.25, ""Male"": 0.25}, ""alpha_positive"": {""Female"": 0.75, ""Male"": 0.25}, ""contestation_scenario"": ""strong_first_group"", ""rho_negative"": {""Female"": 0.05, ""Male"": 0.05}, ""rho_positive"": {""Female"": 0.8, ""Male"": 0.8}}",positive_rate,20,0.7766129032258065,0.0952447045998513,0.0212973633982154,0.7348700709653042,0.8183557354863087,"{'Female': 0.25, 'Male': 0.25}","{'Female': 0.75, 'Male': 0.25}","{'Female': 0.05, 'Male': 0.05}","{'Female': 0.8, 'Male': 0.8}"
REALDATA,SEMISYNTHETIC REAL-DATA EXPERIMENT,german,Female,logistic,group_threshold_calibrated,pre,strong_first_group,80db5b8b411cb1ee,"{""alpha_negative"": {""Female"": 0.25, ""Male"": 0.25}, ""alpha_positive"": {""Female"": 0.75, ""Male"": 0.25}, ""contestation_scenario"": ""strong_first_group"", ""rho_negative"": {""Female"": 0.05, ""Male"": 0.05}, ""rho_positive"": {""Female"": 0.8, ""Male"": 0.8}}",prevalence,20,0.6451612903225806,0.0,0.0,0.6451612903225806,0.6451612903225806,"{'Female': 0.25, 'Male': 0.25}","{'Female': 0.75, 'Male': 0.25}","{'Female': 0.05, 'Male': 0.05}","{'Female': 0.8, 'Male': 0.8}"
REALDATA,SEMISYNTHETIC REAL-DATA EXPERIMENT,german,Female,logistic,group_threshold_calibrated,pre,strong_first_group,80db5b8b411cb1ee,"{""alpha_negative"": {""Female"": 0.25, ""Male"": 0.25}, ""alpha_positive"": {""Female"": 0.75, ""Male"": 0.25}, ""contestation_scenario"": ""strong_first_group"", ""rho_negative"": {""Female"": 0.05, ""Male"": 0.05}, ""rho_positive"": {""Female"": 0.8, ""Male"": 0.8}}",tnr,20,0.4159090909090908,0.1759056599939889,0.0393337013373524,0.33881503628788,0.4930031455303016,"{'Female': 0.25, 'Male': 0.25}","{'Female': 0.75, 'Male': 0.25}","{'Female': 0.05, 'Male': 0.05}","{'Female': 0.8, 'Male': 0.8}"
REALDATA,SEMISYNTHETIC REAL-DATA EXPERIMENT,german,Female,logistic,group_threshold_calibrated,pre,strong_first_group,80db5b8b411cb1ee,"{""alpha_negative"": {""Female"": 0.25, ""Male"": 0.25}, ""alpha_positive"": {""Female"": 0.75, ""Male"": 0.25}, ""contestation_scenario"": ""strong_first_group"", ""rho_negative"": {""Female"": 0.05, ""Male"": 0.05}, ""rho_positive"": {""Female"": 0.8, ""Male"": 0.8}}",tpr,20,0.8825,0.0688724985217726,0.0154003588474937,0.8523152966589123,0.9126847033410876,"{'Female': 0.25, 'Male': 0.25}","{'Female': 0.75, 'Male': 0.25}","{'Female': 0.05, 'Male': 0.05}","{'Female': 0.8, 'Male': 0.8}"
REALDATA,SEMISYNTHETIC REAL-DATA EXPERIMENT,german,Female,logistic,group_threshold_calibrated,pre,strong_second_group,1a6f52e99e976851,"{""alpha_negative"": {""Female"": 0.25, ""Male"": 0.25}, ""alpha_positive"": {""Female"": 0.25, ""Male"": 0.75}, ""contestation_scenario"": ""strong_second_group"", ""rho_negative"": {""Female"": 0.05, ""Male"": 0.05}, ""rho_positive"": {""Female"": 0.8, ""Male"": 0.8}}",accuracy,20,0.7169354838709677,0.0516646069549345,0.0115525573182042,0.6942924715272875,0.739578496214648,"{'Female': 0.25, 'Male': 0.25}","{'Female': 0.25, 'Male': 0.75}","{'Female': 0.05, 'Male': 0.05}","{'Female': 0.8, 'Male': 0.8}"
REALDATA,SEMISYNTHETIC REAL-DATA EXPERIMENT,german,Female,logistic,group_threshold_calibrated,pre,strong_second_group,1a6f52e99e976851,"{""alpha_negative"": {""Female"": 0.25, ""Male"": 0.25}, ""alpha_positive"": {""Female"": 0.25, ""Male"": 0.75}, ""contestation_scenario"": ""strong_second_group"", ""rho_negative"": {""Female"": 0.05, ""Male"": 0.05}, ""rho_positive"": {""Female"": 0.8, ""Male"": 0.8}}",fnr,20,0.1174999999999999,0.0688724985217726,0.0154003588474937,0.0873152966589122,0.1476847033410877,"{'Female': 0.25, 'Male': 0.25}","{'Female': 0.25, 'Male': 0.75}","{'Female': 0.05, 'Male': 0.05}","{'Female': 0.8, 'Male': 0.8}"
REALDATA,SEMISYNTHETIC REAL-DATA EXPERIMENT,german,Female,logistic,group_threshold_calibrated,pre,strong_second_group,1a6f52e99e976851,"{""alpha_negative"": {""Female"": 0.25, ""Male"": 0.25}, ""alpha_positive"": {""Female"": 0.25, ""Male"": 0.75}, ""contestation_scenario"": ""strong_second_group"", ""rho_negative"": {""Female"": 0.05, ""Male"": 0.05}, ""rho_positive"": {""Female"": 0.8, ""Male"": 0.8}}",fpr,20,0.5840909090909091,0.1759056599939889,0.0393337013373524,0.5069968544696983,0.6611849637121199,"{'Female': 0.25, 'Male': 0.25}","{'Female': 0.25, 'Male': 0.75}","{'Female': 0.05, 'Male': 0.05}","{'Female': 0.8, 'Male': 0.8}"
REALDATA,SEMISYNTHETIC REAL-DATA EXPERIMENT,german,Female,logistic,group_threshold_calibrated,pre,strong_second_group,1a6f52e99e976851,"{""alpha_negative"": {""Female"": 0.25, ""Male"": 0.25}, ""alpha_positive"": {""Female"": 0.25, ""Male"": 0.75}, ""contestation_scenario"": ""strong_second_group"", ""rho_negative"": {""Female"": 0.05, ""Male"": 0.05}, ""rho_positive"": {""Female"": 0.8, ""Male"": 0.8}}",n,20,62.0,0.0,0.0,62.0,62.0,"{'Female': 0.25, 'Male': 0.25}","{'Female': 0.25, 'Male': 0.75}","{'Female': 0.05, 'Male': 0.05}","{'Female': 0.8, 'Male': 0.8}"
REALDATA,SEMISYNTHETIC REAL-DATA EXPERIMENT,german,Female,logistic,group_threshold_calibrated,pre,strong_second_group,1a6f52e99e976851,"{""alpha_negative"": {""Female"": 0.25, ""Male"": 0.25}, ""alpha_positive"": {""Female"": 0.25, ""Male"": 0.75}, ""contestation_scenario"": ""strong_second_group"", ""rho_negative"": {""Female"": 0.05, ""Male"": 0.05}, ""rho_positive"": {""Female"": 0.8, ""Male"": 0.8}}",positive_rate,20,0.7766129032258065,0.0952447045998513,0.0212973633982154,0.7348700709653042,0.8183557354863087,"{'Female': 0.25, 'Male': 0.25}","{'Female': 0.25, 'Male': 0.75}","{'Female': 0.05, 'Male': 0.05}","{'Female': 0.8, 'Male': 0.8}"
REALDATA,SEMISYNTHETIC REAL-DATA EXPERIMENT,german,Female,logistic,group_threshold_calibrated,pre,strong_second_group,1a6f52e99e976851,"{""alpha_negative"": {""Female"": 0.25, ""Male"": 0.25}, ""alpha_positive"": {""Female"": 0.25, ""Male"": 0.75}, ""contestation_scenario"": ""strong_second_group"", ""rho_negative"": {""Female"": 0.05, ""Male"": 0.05}, ""rho_positive"": {""Female"": 0.8, ""Male"": 0.8}}",prevalence,20,0.6451612903225806,0.0,0.0,0.6451612903225806,0.6451612903225806,"{'Female': 0.25, 'Male': 0.25}","{'Female': 0.25, 'Male': 0.75}","{'Female': 0.05, 'Male': 0.05}","{'Female': 0.8, 'Male': 0.8}"
REALDATA,SEMISYNTHETIC REAL-DATA EXPERIMENT,german,Female,logistic,group_threshold_calibrated,pre,strong_second_group,1a6f52e99e976851,"{""alpha_negative"": {""Female"": 0.25, ""Male"": 0.25}, ""alpha_positive"": {""Female"": 0.25, ""Male"": 0.75}, ""contestation_scenario"": ""strong_second_group"", ""rho_negative"": {""Female"": 0.05, ""Male"": 0.05}, ""rho_positive"": {""Female"": 0.8, ""Male"": 0.8}}",tnr,20,0.4159090909090908,0.1759056599939889,0.0393337013373524,0.33881503628788,0.4930031455303016,"{'Female': 0.25, 'Male': 0.25}","{'Female': 0.25, 'Male': 0.75}","{'Female': 0.05, 'Male': 0.05}","{'Female': 0.8, 'Male': 0.8}"
REALDATA,SEMISYNTHETIC REAL-DATA EXPERIMENT,german,Female,logistic,group_threshold_calibrated,pre,strong_second_group,1a6f52e99e976851,"{""alpha_negative"": {""Female"": 0.25, ""Male"": 0.25}, ""alpha_positive"": {""Female"": 0.25, ""Male"": 0.75}, ""contestation_scenario"": ""strong_second_group"", ""rho_negative"": {""Female"": 0.05, ""Male"": 0.05}, ""rho_positive"": {""Female"": 0.8, ""Male"": 0.8}}",tpr,20,0.8825,0.0688724985217726,0.0154003588474937,0.8523152966589123,0.9126847033410876,"{'Female': 0.25, 'Male': 0.25}","{'Female': 0.25, 'Male': 0.75}","{'Female': 0.05, 'Male': 0.05}","{'Female': 0.8, 'Male': 0.8}"
REALDATA,SEMISYNTHETIC REAL-DATA EXPERIMENT,german,Female,logistic,validation_selected_threshold,frozen_policy,equal_access,8b1b8b56ce23dea1,"{""alpha_negative"": {""Female"": 0.25, ""Male"": 0.25}, ""alpha_positive"": {""Female"": 0.5, ""Male"": 0.5}, ""contestation_scenario"": ""equal_access"", ""rho_negative"": {""Female"": 0.05, ""Male"": 0.05}, ""rho_positive"": {""Female"": 0.8, ""Male"": 0.8}}",decision_threshold,20,0.4679999999999999,0.0766811580507232,0.0171464281994822,0.4343930007290147,0.5016069992709852,"{'Female': 0.25, 'Male': 0.25}","{'Female': 0.5, 'Male': 0.5}","{'Female': 0.05, 'Male': 0.05}","{'Female': 0.8, 'Male': 0.8}"
REALDATA,SEMISYNTHETIC REAL-DATA EXPERIMENT,german,Female,logistic,validation_selected_threshold,frozen_policy,moderate_first_group,58a445a909825bd5,"{""alpha_negative"": {""Female"": 0.25, ""Male"": 0.25}, ""alpha_positive"": {""Female"": 0.65, ""Male"": 0.35}, ""contestation_scenario"": ""moderate_first_group"", ""rho_negative"": {""Female"": 0.05, ""Male"": 0.05}, ""rho_positive"": {""Female"": 0.8, ""Male"": 0.8}}",decision_threshold,20,0.4679999999999999,0.0766811580507232,0.0171464281994822,0.4343930007290147,0.5016069992709852,"{'Female': 0.25, 'Male': 0.25}","{'Female': 0.65, 'Male': 0.35}","{'Female': 0.05, 'Male': 0.05}","{'Female': 0.8, 'Male': 0.8}"
REALDATA,SEMISYNTHETIC REAL-DATA EXPERIMENT,german,Female,logistic,validation_selected_threshold,frozen_policy,moderate_second_group,f2d18f38dbf44f65,"{""alpha_negative"": {""Female"": 0.25, ""Male"": 0.25}, ""alpha_positive"": {""Female"": 0.35, ""Male"": 0.65}, ""contestation_scenario"": ""moderate_second_group"", ""rho_negative"": {""Female"": 0.05, ""Male"": 0.05}, ""rho_positive"": {""Female"": 0.8, ""Male"": 0.8}}",decision_threshold,20,0.4679999999999999,0.0766811580507232,0.0171464281994822,0.4343930007290147,0.5016069992709852,"{'Female': 0.25, 'Male': 0.25}","{'Female': 0.35, 'Male': 0.65}","{'Female': 0.05, 'Male': 0.05}","{'Female': 0.8, 'Male': 0.8}"
REALDATA,SEMISYNTHETIC REAL-DATA EXPERIMENT,german,Female,logistic,validation_selected_threshold,frozen_policy,strong_first_group,80db5b8b411cb1ee,"{""alpha_negative"": {""Female"": 0.25, ""Male"": 0.25}, ""alpha_positive"": {""Female"": 0.75, ""Male"": 0.25}, ""contestation_scenario"": ""strong_first_group"", ""rho_negative"": {""Female"": 0.05, ""Male"": 0.05}, ""rho_positive"": {""Female"": 0.8, ""Male"": 0.8}}",decision_threshold,20,0.4679999999999999,0.0766811580507232,0.0171464281994822,0.4343930007290147,0.5016069992709852,"{'Female': 0.25, 'Male': 0.25}","{'Female': 0.75, 'Male': 0.25}","{'Female': 0.05, 'Male': 0.05}","{'Female': 0.8, 'Male': 0.8}"
REALDATA,SEMISYNTHETIC REAL-DATA EXPERIMENT,german,Female,logistic,validation_selected_threshold,frozen_policy,strong_second_group,1a6f52e99e976851,"{""alpha_negative"": {""Female"": 0.25, ""Male"": 0.25}, ""alpha_positive"": {""Female"": 0.25, ""Male"": 0.75}, ""contestation_scenario"": ""strong_second_group"", ""rho_negative"": {""Female"": 0.05, ""Male"": 0.05}, ""rho_positive"": {""Female"": 0.8, ""Male"": 0.8}}",decision_threshold,20,0.4679999999999999,0.0766811580507232,0.0171464281994822,0.4343930007290147,0.5016069992709852,"{'Female': 0.25, 'Male': 0.25}","{'Female': 0.25, 'Male': 0.75}","{'Female': 0.05, 'Male': 0.05}","{'Female': 0.8, 'Male': 0.8}"
REALDATA,SEMISYNTHETIC REAL-DATA EXPERIMENT,german,Female,random_forest,group_threshold_calibrated,post,equal_access,8b1b8b56ce23dea1,"{""alpha_negative"": {""Female"": 0.25, ""Male"": 0.25}, ""alpha_positive"": {""Female"": 0.5, ""Male"": 0.5}, ""contestation_scenario"": ""equal_access"", ""rho_negative"": {""Female"": 0.05, ""Male"": 0.05}, ""rho_positive"": {""Female"": 0.8, ""Male"": 0.8}}",accuracy,20,0.6838709677419355,0.0320023822980909,0.0071559502260467,0.6698453052988839,0.697896630184987,"{'Female': 0.25, 'Male': 0.25}","{'Female': 0.5, 'Male': 0.5}","{'Female': 0.05, 'Male': 0.05}","{'Female': 0.8, 'Male': 0.8}"
REALDATA,SEMISYNTHETIC REAL-DATA EXPERIMENT,german,Female,random_forest,group_threshold_calibrated,post,equal_access,8b1b8b56ce23dea1,"{""alpha_negative"": {""Female"": 0.25, ""Male"": 0.25}, ""alpha_positive"": {""Female"": 0.5, ""Male"": 0.5}, ""contestation_scenario"": ""equal_access"", ""rho_negative"": {""Female"": 0.05, ""Male"": 0.05}, ""rho_positive"": {""Female"": 0.8, ""Male"": 0.8}}",fnr,20,0.0074999999999999,0.0183173774266261,0.0040958901095456,-0.0005279446147094,0.0155279446147094,"{'Female': 0.25, 'Male': 0.25}","{'Female': 0.5, 'Male': 0.5}","{'Female': 0.05, 'Male': 0.05}","{'Female': 0.8, 'Male': 0.8}"
REALDATA,SEMISYNTHETIC REAL-DATA EXPERIMENT,german,Female,random_forest,group_threshold_calibrated,post,equal_access,8b1b8b56ce23dea1,"{""alpha_negative"": {""Female"": 0.25, ""Male"": 0.25}, ""alpha_positive"": {""Female"": 0.5, ""Male"": 0.5}, ""contestation_scenario"": ""equal_access"", ""rho_negative"": {""Female"": 0.05, ""Male"": 0.05}, ""rho_positive"": {""Female"": 0.8, ""Male"": 0.8}}",fpr,20,0.8772727272727273,0.1152752629790686,0.0257763324145362,0.8267511157402363,0.9277943388052184,"{'Female': 0.25, 'Male': 0.25}","{'Female': 0.5, 'Male': 0.5}","{'Female': 0.05, 'Male': 0.05}","{'Female': 0.8, 'Male': 0.8}"
REALDATA,SEMISYNTHETIC REAL-DATA EXPERIMENT,german,Female,random_forest,group_threshold_calibrated,post,equal_access,8b1b8b56ce23dea1,"{""alpha_negative"": {""Female"": 0.25, ""Male"": 0.25}, ""alpha_positive"": {""Female"": 0.5, ""Male"": 0.5}, ""contestation_scenario"": ""equal_access"", ""rho_negative"": {""Female"": 0.05, ""Male"": 0.05}, ""rho_positive"": {""Female"": 0.8, ""Male"": 0.8}}",n,20,62.0,0.0,0.0,62.0,62.0,"{'Female': 0.25, 'Male': 0.25}","{'Female': 0.5, 'Male': 0.5}","{'Female': 0.05, 'Male': 0.05}","{'Female': 0.8, 'Male': 0.8}"
REALDATA,SEMISYNTHETIC REAL-DATA EXPERIMENT,german,Female,random_forest,group_threshold_calibrated,post,equal_access,8b1b8b56ce23dea1,"{""alpha_negative"": {""Female"": 0.25, ""Male"": 0.25}, ""alpha_positive"": {""Female"": 0.5, ""Male"": 0.5}, ""contestation_scenario"": ""equal_access"", ""rho_negative"": {""Female"": 0.05, ""Male"": 0.05}, ""rho_positive"": {""Female"": 0.8, ""Male"": 0.8}}",positive_rate,20,0.9516129032258064,0.0510044783898125,0.0114049480836539,0.9292592049818446,0.9739666014697682,"{'Female': 0.25, 'Male': 0.25}","{'Female': 0.5, 'Male': 0.5}","{'Female': 0.05, 'Male': 0.05}","{'Female': 0.8, 'Male': 0.8}"
REALDATA,SEMISYNTHETIC REAL-DATA EXPERIMENT,german,Female,random_forest,group_threshold_calibrated,post,equal_access,8b1b8b56ce23dea1,"{""alpha_negative"": {""Female"": 0.25, ""Male"": 0.25}, ""alpha_positive"": {""Female"": 0.5, ""Male"": 0.5}, ""contestation_scenario"": ""equal_access"", ""rho_negative"": {""Female"": 0.05, ""Male"": 0.05}, ""rho_positive"": {""Female"": 0.8, ""Male"": 0.8}}",prevalence,20,0.6451612903225806,0.0,0.0,0.6451612903225806,0.6451612903225806,"{'Female': 0.25, 'Male': 0.25}","{'Female': 0.5, 'Male': 0.5}","{'Female': 0.05, 'Male': 0.05}","{'Female': 0.8, 'Male': 0.8}"
REALDATA,SEMISYNTHETIC REAL-DATA EXPERIMENT,german,Female,random_forest,group_threshold_calibrated,post,equal_access,8b1b8b56ce23dea1,"{""alpha_negative"": {""Female"": 0.25, ""Male"": 0.25}, ""alpha_positive"": {""Female"": 0.5, ""Male"": 0.5}, ""contestation_scenario"": ""equal_access"", ""rho_negative"": {""Female"": 0.05, ""Male"": 0.05}, ""rho_positive"": {""Female"": 0.8, ""Male"": 0.8}}",tnr,20,0.1227272727272727,0.1152752629790686,0.0257763324145362,0.0722056611947817,0.1732488842597637,"{'Female': 0.25, 'Male': 0.25}","{'Female': 0.5, 'Male': 0.5}","{'Female': 0.05, 'Male': 0.05}","{'Female': 0.8, 'Male': 0.8}"
REALDATA,SEMISYNTHETIC REAL-DATA EXPERIMENT,german,Female,random_forest,group_threshold_calibrated,post,equal_access,8b1b8b56ce23dea1,"{""alpha_negative"": {""Female"": 0.25, ""Male"": 0.25}, ""alpha_positive"": {""Female"": 0.5, ""Male"": 0.5}, ""contestation_scenario"": ""equal_access"", ""rho_negative"": {""Female"": 0.05, ""Male"": 0.05}, ""rho_positive"": {""Female"": 0.8, ""Male"": 0.8}}",tpr,20,0.9925,0.0183173774266261,0.0040958901095456,0.9844720553852906,1.0005279446147095,"{'Female': 0.25, 'Male': 0.25}","{'Female': 0.5, 'Male': 0.5}","{'Female': 0.05, 'Male': 0.05}","{'Female': 0.8, 'Male': 0.8}"
REALDATA,SEMISYNTHETIC REAL-DATA EXPERIMENT,german,Female,random_forest,group_threshold_calibrated,post,moderate_first_group,58a445a909825bd5,"{""alpha_negative"": {""Female"": 0.25, ""Male"": 0.25}, ""alpha_positive"": {""Female"": 0.65, ""Male"": 0.35}, ""contestation_scenario"": ""moderate_first_group"", ""rho_negative"": {""Female"": 0.05, ""Male"": 0.05}, ""rho_positive"": {""Female"": 0.8, ""Male"": 0.8}}",accuracy,20,0.6782258064516129,0.0328781654956871,0.0073517813023844,0.6638163150989393,0.6926352978042865,"{'Female': 0.25, 'Male': 0.25}","{'Female': 0.65, 'Male': 0.35}","{'Female': 0.05, 'Male': 0.05}","{'Female': 0.8, 'Male': 0.8}"
REALDATA,SEMISYNTHETIC REAL-DATA EXPERIMENT,german,Female,random_forest,group_threshold_calibrated,post,moderate_first_group,58a445a909825bd5,"{""alpha_negative"": {""Female"": 0.25, ""Male"": 0.25}, ""alpha_positive"": {""Female"": 0.65, ""Male"": 0.35}, ""contestation_scenario"": ""moderate_first_group"", ""rho_negative"": {""Female"": 0.05, ""Male"": 0.05}, ""rho_positive"": {""Female"": 0.8, ""Male"": 0.8}}",fnr,20,0.0162499999999999,0.0284177020442132,0.0063543913535195,0.0037953929471016,0.0287046070528983,"{'Female': 0.25, 'Male': 0.25}","{'Female': 0.65, 'Male': 0.35}","{'Female': 0.05, 'Male': 0.05}","{'Female': 0.8, 'Male': 0.8}"
REALDATA,SEMISYNTHETIC REAL-DATA EXPERIMENT,german,Female,random_forest,group_threshold_calibrated,post,moderate_first_group,58a445a909825bd5,"{""alpha_negative"": {""Female"": 0.25, ""Male"": 0.25}, ""alpha_positive"": {""Female"": 0.65, ""Male"": 0.35}, ""contestation_scenario"": ""moderate_first_group"", ""rho_negative"": {""Female"": 0.05, ""Male"": 0.05}, ""rho_positive"": {""Female"": 0.8, ""Male"": 0.8}}",fpr,20,0.8772727272727273,0.1152752629790686,0.0257763324145362,0.8267511157402363,0.9277943388052184,"{'Female': 0.25, 'Male': 0.25}","{'Female': 0.65, 'Male': 0.35}","{'Female': 0.05, 'Male': 0.05}","{'Female': 0.8, 'Male': 0.8}"
REALDATA,SEMISYNTHETIC REAL-DATA EXPERIMENT,german,Female,random_forest,group_threshold_calibrated,post,moderate_first_group,58a445a909825bd5,"{""alpha_negative"": {""Female"": 0.25, ""Male"": 0.25}, ""alpha_positive"": {""Female"": 0.65, ""Male"": 0.35}, ""contestation_scenario"": ""moderate_first_group"", ""rho_negative"": {""Female"": 0.05, ""Male"": 0.05}, ""rho_positive"": {""Female"": 0.8, ""Male"": 0.8}}",n,20,62.0,0.0,0.0,62.0,62.0,"{'Female': 0.25, 'Male': 0.25}","{'Female': 0.65, 'Male': 0.35}","{'Female': 0.05, 'Male': 0.05}","{'Female': 0.8, 'Male': 0.8}"
REALDATA,SEMISYNTHETIC REAL-DATA EXPERIMENT,german,Female,random_forest,group_threshold_calibrated,post,moderate_first_group,58a445a909825bd5,"{""alpha_negative"": {""Female"": 0.25, ""Male"": 0.25}, ""alpha_positive"": {""Female"": 0.65, ""Male"": 0.35}, ""contestation_scenario"": ""moderate_first_group"", ""rho_negative"": {""Female"": 0.05, ""Male"": 0.05}, ""rho_positive"": {""Female"": 0.8, ""Male"": 0.8}}",positive_rate,20,0.9459677419354838,0.0541995610699602,0.0121193902903082,0.9222137369664796,0.969721746904488,"{'Female': 0.25, 'Male': 0.25}","{'Female': 0.65, 'Male': 0.35}","{'Female': 0.05, 'Male': 0.05}","{'Female': 0.8, 'Male': 0.8}"
REALDATA,SEMISYNTHETIC REAL-DATA EXPERIMENT,german,Female,random_forest,group_threshold_calibrated,post,moderate_first_group,58a445a909825bd5,"{""alpha_negative"": {""Female"": 0.25, ""Male"": 0.25}, ""alpha_positive"": {""Female"": 0.65, ""Male"": 0.35}, ""contestation_scenario"": ""moderate_first_group"", ""rho_negative"": {""Female"": 0.05, ""Male"": 0.05}, ""rho_positive"": {""Female"": 0.8, ""Male"": 0.8}}",prevalence,20,0.6451612903225806,0.0,0.0,0.6451612903225806,0.6451612903225806,"{'Female': 0.25, 'Male': 0.25}","{'Female': 0.65, 'Male': 0.35}","{'Female': 0.05, 'Male': 0.05}","{'Female': 0.8, 'Male': 0.8}"
REALDATA,SEMISYNTHETIC REAL-DATA EXPERIMENT,german,Female,random_forest,group_threshold_calibrated,post,moderate_first_group,58a445a909825bd5,"{""alpha_negative"": {""Female"": 0.25, ""Male"": 0.25}, ""alpha_positive"": {""Female"": 0.65, ""Male"": 0.35}, ""contestation_scenario"": ""moderate_first_group"", ""rho_negative"": {""Female"": 0.05, ""Male"": 0.05}, ""rho_positive"": {""Female"": 0.8, ""Male"": 0.8}}",tnr,20,0.1227272727272727,0.1152752629790686,0.0257763324145362,0.0722056611947817,0.1732488842597637,"{'Female': 0.25, 'Male': 0.25}","{'Female': 0.65, 'Male': 0.35}","{'Female': 0.05, 'Male': 0.05}","{'Female': 0.8, 'Male': 0.8}"
REALDATA,SEMISYNTHETIC REAL-DATA EXPERIMENT,german,Female,random_forest,group_threshold_calibrated,post,moderate_first_group,58a445a909825bd5,"{""alpha_negative"": {""Female"": 0.25, ""Male"": 0.25}, ""alpha_positive"": {""Female"": 0.65, ""Male"": 0.35}, ""contestation_scenario"": ""moderate_first_group"", ""rho_negative"": {""Female"": 0.05, ""Male"": 0.05}, ""rho_positive"": {""Female"": 0.8, ""Male"": 0.8}}",tpr,20,0.98375,0.0284177020442132,0.0063543913535195,0.9712953929471017,0.9962046070528984,"{'Female': 0.25, 'Male': 0.25}","{'Female': 0.65, 'Male': 0.35}","{'Female': 0.05, 'Male': 0.05}","{'Female': 0.8, 'Male': 0.8}"
REALDATA,SEMISYNTHETIC REAL-DATA EXPERIMENT,german,Female,random_forest,group_threshold_calibrated,post,moderate_second_group,f2d18f38dbf44f65,"{""alpha_negative"": {""Female"": 0.25, ""Male"": 0.25}, ""alpha_positive"": {""Female"": 0.35, ""Male"": 0.65}, ""contestation_scenario"": ""moderate_second_group"", ""rho_negative"": {""Female"": 0.05, ""Male"": 0.05}, ""rho_positive"": {""Female"": 0.8, ""Male"": 0.8}}",accuracy,20,0.6830645161290322,0.0301859980692174,0.0067497943651447,0.6698349191733485,0.6962941130847159,"{'Female': 0.25, 'Male': 0.25}","{'Female': 0.35, 'Male': 0.65}","{'Female': 0.05, 'Male': 0.05}","{'Female': 0.8, 'Male': 0.8}"
REALDATA,SEMISYNTHETIC REAL-DATA EXPERIMENT,german,Female,random_forest,group_threshold_calibrated,post,moderate_second_group,f2d18f38dbf44f65,"{""alpha_negative"": {""Female"": 0.25, ""Male"": 0.25}, ""alpha_positive"": {""Female"": 0.35, ""Male"": 0.65}, ""contestation_scenario"": ""moderate_second_group"", ""rho_negative"": {""Female"": 0.05, ""Male"": 0.05}, ""rho_positive"": {""Female"": 0.8, ""Male"": 0.8}}",fnr,20,0.0087499999999999,0.0233325501121682,0.0052173168139228,-0.0014759409552887,0.0189759409552887,"{'Female': 0.25, 'Male': 0.25}","{'Female': 0.35, 'Male': 0.65}","{'Female': 0.05, 'Male': 0.05}","{'Female': 0.8, 'Male': 0.8}"
REALDATA,SEMISYNTHETIC REAL-DATA EXPERIMENT,german,Female,random_forest,group_threshold_calibrated,post,moderate_second_group,f2d18f38dbf44f65,"{""alpha_negative"": {""Female"": 0.25, ""Male"": 0.25}, ""alpha_positive"": {""Female"": 0.35, ""Male"": 0.65}, ""contestation_scenario"": ""moderate_second_group"", ""rho_negative"": {""Female"": 0.05, ""Male"": 0.05}, ""rho_positive"": {""Female"": 0.8, ""Male"": 0.8}}",fpr,20,0.8772727272727273,0.1152752629790686,0.0257763324145362,0.8267511157402363,0.9277943388052184,"{'Female': 0.25, 'Male': 0.25}","{'Female': 0.35, 'Male': 0.65}","{'Female': 0.05, 'Male': 0.05}","{'Female': 0.8, 'Male': 0.8}"
REALDATA,SEMISYNTHETIC REAL-DATA EXPERIMENT,german,Female,random_forest,group_threshold_calibrated,post,moderate_second_group,f2d18f38dbf44f65,"{""alpha_negative"": {""Female"": 0.25, ""Male"": 0.25}, ""alpha_positive"": {""Female"": 0.35, ""Male"": 0.65}, ""contestation_scenario"": ""moderate_second_group"", ""rho_negative"": {""Female"": 0.05, ""Male"": 0.05}, ""rho_positive"": {""Female"": 0.8, ""Male"": 0.8}}",n,20,62.0,0.0,0.0,62.0,62.0,"{'Female': 0.25, 'Male': 0.25}","{'Female': 0.35, 'Male': 0.65}","{'Female': 0.05, 'Male': 0.05}","{'Female': 0.8, 'Male': 0.8}"
REALDATA,SEMISYNTHETIC REAL-DATA EXPERIMENT,german,Female,random_forest,group_threshold_calibrated,post,moderate_second_group,f2d18f38dbf44f65,"{""alpha_negative"": {""Female"": 0.25, ""Male"": 0.25}, ""alpha_positive"": {""Female"": 0.35, ""Male"": 0.65}, ""contestation_scenario"": ""moderate_second_group"", ""rho_negative"": {""Female"": 0.05, ""Male"": 0.05}, ""rho_positive"": {""Female"": 0.8, ""Male"": 0.8}}",positive_rate,20,0.9508064516129032,0.0537429219475049,0.0120172826784086,0.9272525775632224,0.974360325662584,"{'Female': 0.25, 'Male': 0.25}","{'Female': 0.35, 'Male': 0.65}","{'Female': 0.05, 'Male': 0.05}","{'Female': 0.8, 'Male': 0.8}"
REALDATA,SEMISYNTHETIC REAL-DATA EXPERIMENT,german,Female,random_forest,group_threshold_calibrated,post,moderate_second_group,f2d18f38dbf44f65,"{""alpha_negative"": {""Female"": 0.25, ""Male"": 0.25}, ""alpha_positive"": {""Female"": 0.35, ""Male"": 0.65}, ""contestation_scenario"": ""moderate_second_group"", ""rho_negative"": {""Female"": 0.05, ""Male"": 0.05}, ""rho_positive"": {""Female"": 0.8, ""Male"": 0.8}}",prevalence,20,0.6451612903225806,0.0,0.0,0.6451612903225806,0.6451612903225806,"{'Female': 0.25, 'Male': 0.25}","{'Female': 0.35, 'Male': 0.65}","{'Female': 0.05, 'Male': 0.05}","{'Female': 0.8, 'Male': 0.8}"
REALDATA,SEMISYNTHETIC REAL-DATA EXPERIMENT,german,Female,random_forest,group_threshold_calibrated,post,moderate_second_group,f2d18f38dbf44f65,"{""alpha_negative"": {""Female"": 0.25, ""Male"": 0.25}, ""alpha_positive"": {""Female"": 0.35, ""Male"": 0.65}, ""contestation_scenario"": ""moderate_second_group"", ""rho_negative"": {""Female"": 0.05, ""Male"": 0.05}, ""rho_positive"": {""Female"": 0.8, ""Male"": 0.8}}",tnr,20,0.1227272727272727,0.1152752629790686,0.0257763324145362,0.0722056611947817,0.1732488842597637,"{'Female': 0.25, 'Male': 0.25}","{'Female': 0.35, 'Male': 0.65}","{'Female': 0.05, 'Male': 0.05}","{'Female': 0.8, 'Male': 0.8}"
REALDATA,SEMISYNTHETIC REAL-DATA EXPERIMENT,german,Female,random_forest,group_threshold_calibrated,post,moderate_second_group,f2d18f38dbf44f65,"{""alpha_negative"": {""Female"": 0.25, ""Male"": 0.25}, ""alpha_positive"": {""Female"": 0.35, ""Male"": 0.65}, ""contestation_scenario"": ""moderate_second_group"", ""rho_negative"": {""Female"": 0.05, ""Male"": 0.05}, ""rho_positive"": {""Female"": 0.8, ""Male"": 0.8}}",tpr,20,0.99125,0.0233325501121682,0.0052173168139228,0.9810240590447112,1.0014759409552887,"{'Female': 0.25, 'Male': 0.25}","{'Female': 0.35, 'Male': 0.65}","{'Female': 0.05, 'Male': 0.05}","{'Female': 0.8, 'Male': 0.8}"
REALDATA,SEMISYNTHETIC REAL-DATA EXPERIMENT,german,Female,random_forest,group_threshold_calibrated,post,strong_first_group,80db5b8b411cb1ee,"{""alpha_negative"": {""Female"": 0.25, ""Male"": 0.25}, ""alpha_positive"": {""Female"": 0.75, ""Male"": 0.25}, ""contestation_scenario"": ""strong_first_group"", ""rho_negative"": {""Female"": 0.05, ""Male"": 0.05}, ""rho_positive"": {""Female"": 0.8, ""Male"": 0.8}}",accuracy,20,0.6806451612903226,0.0353369391938817,0.0079015798154296,0.6651580648520805,0.6961322577285647,"{'Female': 0.25, 'Male': 0.25}","{'Female': 0.75, 'Male': 0.25}","{'Female': 0.05, 'Male': 0.05}","{'Female': 0.8, 'Male': 0.8}"
REALDATA,SEMISYNTHETIC REAL-DATA EXPERIMENT,german,Female,random_forest,group_threshold_calibrated,post,strong_first_group,80db5b8b411cb1ee,"{""alpha_negative"": {""Female"": 0.25, ""Male"": 0.25}, ""alpha_positive"": {""Female"": 0.75, ""Male"": 0.25}, ""contestation_scenario"": ""strong_first_group"", ""rho_negative"": {""Female"": 0.05, ""Male"": 0.05}, ""rho_positive"": {""Female"": 0.8, ""Male"": 0.8}}",fnr,20,0.0124999999999999,0.0249999999999999,0.0055901699437494,0.001543266910251,0.0234567330897489,"{'Female': 0.25, 'Male': 0.25}","{'Female': 0.75, 'Male': 0.25}","{'Female': 0.05, 'Male': 0.05}","{'Female': 0.8, 'Male': 0.8}"
REALDATA,SEMISYNTHETIC REAL-DATA EXPERIMENT,german,Female,random_forest,group_threshold_calibrated,post,strong_first_group,80db5b8b411cb1ee,"{""alpha_negative"": {""Female"": 0.25, ""Male"": 0.25}, ""alpha_positive"": {""Female"": 0.75, ""Male"": 0.25}, ""contestation_scenario"": ""strong_first_group"", ""rho_negative"": {""Female"": 0.05, ""Male"": 0.05}, ""rho_positive"": {""Female"": 0.8, ""Male"": 0.8}}",fpr,20,0.8772727272727273,0.1152752629790686,0.0257763324145362,0.8267511157402363,0.9277943388052184,"{'Female': 0.25, 'Male': 0.25}","{'Female': 0.75, 'Male': 0.25}","{'Female': 0.05, 'Male': 0.05}","{'Female': 0.8, 'Male': 0.8}"
REALDATA,SEMISYNTHETIC REAL-DATA EXPERIMENT,german,Female,random_forest,group_threshold_calibrated,post,strong_first_group,80db5b8b411cb1ee,"{""alpha_negative"": {""Female"": 0.25, ""Male"": 0.25}, ""alpha_positive"": {""Female"": 0.75, ""Male"": 0.25}, ""contestation_scenario"": ""strong_first_group"", ""rho_negative"": {""Female"": 0.05, ""Male"": 0.05}, ""rho_positive"": {""Female"": 0.8, ""Male"": 0.8}}",n,20,62.0,0.0,0.0,62.0,62.0,"{'Female': 0.25, 'Male': 0.25}","{'Female': 0.75, 'Male': 0.25}","{'Female': 0.05, 'Male': 0.05}","{'Female': 0.8, 'Male': 0.8}"
REALDATA,SEMISYNTHETIC REAL-DATA EXPERIMENT,german,Female,random_forest,group_threshold_calibrated,post,strong_first_group,80db5b8b411cb1ee,"{""alpha_negative"": {""Female"": 0.25, ""Male"": 0.25}, ""alpha_positive"": {""Female"": 0.75, ""Male"": 0.25}, ""contestation_scenario"": ""strong_first_group"", ""rho_negative"": {""Female"": 0.05, ""Male"": 0.05}, ""rho_positive"": {""Female"": 0.8, ""Male"": 0.8}}",positive_rate,20,0.9483870967741936,0.0511652916476632,0.0114409070212777,0.9259629190124892,0.970811274535898,"{'Female': 0.25, 'Male': 0.25}","{'Female': 0.75, 'Male': 0.25}","{'Female': 0.05, 'Male': 0.05}","{'Female': 0.8, 'Male': 0.8}"
REALDATA,SEMISYNTHETIC REAL-DATA EXPERIMENT,german,Female,random_forest,group_threshold_calibrated,post,strong_first_group,80db5b8b411cb1ee,"{""alpha_negative"": {""Female"": 0.25, ""Male"": 0.25}, ""alpha_positive"": {""Female"": 0.75, ""Male"": 0.25}, ""contestation_scenario"": ""strong_first_group"", ""rho_negative"": {""Female"": 0.05, ""Male"": 0.05}, ""rho_positive"": {""Female"": 0.8, ""Male"": 0.8}}",prevalence,20,0.6451612903225806,0.0,0.0,0.6451612903225806,0.6451612903225806,"{'Female': 0.25, 'Male': 0.25}","{'Female': 0.75, 'Male': 0.25}","{'Female': 0.05, 'Male': 0.05}","{'Female': 0.8, 'Male': 0.8}"
REALDATA,SEMISYNTHETIC REAL-DATA EXPERIMENT,german,Female,random_forest,group_threshold_calibrated,post,strong_first_group,80db5b8b411cb1ee,"{""alpha_negative"": {""Female"": 0.25, ""Male"": 0.25}, ""alpha_positive"": {""Female"": 0.75, ""Male"": 0.25}, ""contestation_scenario"": ""strong_first_group"", ""rho_negative"": {""Female"": 0.05, ""Male"": 0.05}, ""rho_positive"": {""Female"": 0.8, ""Male"": 0.8}}",tnr,20,0.1227272727272727,0.1152752629790686,0.0257763324145362,0.0722056611947817,0.1732488842597637,"{'Female': 0.25, 'Male': 0.25}","{'Female': 0.75, 'Male': 0.25}","{'Female': 0.05, 'Male': 0.05}","{'Female': 0.8, 'Male': 0.8}"
REALDATA,SEMISYNTHETIC REAL-DATA EXPERIMENT,german,Female,random_forest,group_threshold_calibrated,post,strong_first_group,80db5b8b411cb1ee,"{""alpha_negative"": {""Female"": 0.25, ""Male"": 0.25}, ""alpha_positive"": {""Female"": 0.75, ""Male"": 0.25}, ""contestation_scenario"": ""strong_first_group"", ""rho_negative"": {""Female"": 0.05, ""Male"": 0.05}, ""rho_positive"": {""Female"": 0.8, ""Male"": 0.8}}",tpr,20,0.9875,0.025,0.0055901699437494,0.9765432669102512,0.998456733089749,"{'Female': 0.25, 'Male': 0.25}","{'Female': 0.75, 'Male': 0.25}","{'Female': 0.05, 'Male': 0.05}","{'Female': 0.8, 'Male': 0.8}"
REALDATA,SEMISYNTHETIC REAL-DATA EXPERIMENT,german,Female,random_forest,group_threshold_calibrated,post,strong_second_group,1a6f52e99e976851,"{""alpha_negative"": {""Female"": 0.25, ""Male"": 0.25}, ""alpha_positive"": {""Female"": 0.25, ""Male"": 0.75}, ""contestation_scenario"": ""strong_second_group"", ""rho_negative"": {""Female"": 0.05, ""Male"": 0.05}, ""rho_positive"": {""Female"": 0.8, ""Male"": 0.8}}",accuracy,20,0.6806451612903226,0.0274916653621545,0.0061473232564453,0.6685964077076896,0.6926939148729556,"{'Female': 0.25, 'Male': 0.25}","{'Female': 0.25, 'Male': 0.75}","{'Female': 0.05, 'Male': 0.05}","{'Female': 0.8, 'Male': 0.8}"
REALDATA,SEMISYNTHETIC REAL-DATA EXPERIMENT,german,Female,random_forest,group_threshold_calibrated,post,strong_second_group,1a6f52e99e976851,"{""alpha_negative"": {""Female"": 0.25, ""Male"": 0.25}, ""alpha_positive"": {""Female"": 0.25, ""Male"": 0.75}, ""contestation_scenario"": ""strong_second_group"", ""rho_negative"": {""Female"": 0.05, ""Male"": 0.05}, ""rho_positive"": {""Female"": 0.8, ""Male"": 0.8}}",fnr,20,0.0124999999999999,0.027505980211009,0.006150524153958,0.0004449726582422,0.0245550273417577,"{'Female': 0.25, 'Male': 0.25}","{'Female': 0.25, 'Male': 0.75}","{'Female': 0.05, 'Male': 0.05}","{'Female': 0.8, 'Male': 0.8}"
REALDATA,SEMISYNTHETIC REAL-DATA EXPERIMENT,german,Female,random_forest,group_threshold_calibrated,post,strong_second_group,1a6f52e99e976851,"{""alpha_negative"": {""Female"": 0.25, ""Male"": 0.25}, ""alpha_positive"": {""Female"": 0.25, ""Male"": 0.75}, ""contestation_scenario"": ""strong_second_group"", ""rho_negative"": {""Female"": 0.05, ""Male"": 0.05}, ""rho_positive"": {""Female"": 0.8, ""Male"": 0.8}}",fpr,20,0.8772727272727273,0.1152752629790686,0.0257763324145362,0.8267511157402363,0.9277943388052184,"{'Female': 0.25, 'Male': 0.25}","{'Female': 0.25, 'Male': 0.75}","{'Female': 0.05, 'Male': 0.05}","{'Female': 0.8, 'Male': 0.8}"
REALDATA,SEMISYNTHETIC REAL-DATA EXPERIMENT,german,Female,random_forest,group_threshold_calibrated,post,strong_second_group,1a6f52e99e976851,"{""alpha_negative"": {""Female"": 0.25, ""Male"": 0.25}, ""alpha_positive"": {""Female"": 0.25, ""Male"": 0.75}, ""contestation_scenario"": ""strong_second_group"", ""rho_negative"": {""Female"": 0.05, ""Male"": 0.05}, ""rho_positive"": {""Female"": 0.8, ""Male"": 0.8}}",n,20,62.0,0.0,0.0,62.0,62.0,"{'Female': 0.25, 'Male': 0.25}","{'Female': 0.25, 'Male': 0.75}","{'Female': 0.05, 'Male': 0.05}","{'Female': 0.8, 'Male': 0.8}"
REALDATA,SEMISYNTHETIC REAL-DATA EXPERIMENT,german,Female,random_forest,group_threshold_calibrated,post,strong_second_group,1a6f52e99e976851,"{""alpha_negative"": {""Female"": 0.25, ""Male"": 0.25}, ""alpha_positive"": {""Female"": 0.25, ""Male"": 0.75}, ""contestation_scenario"": ""strong_second_group"", ""rho_negative"": {""Female"": 0.05, ""Male"": 0.05}, ""rho_positive"": {""Female"": 0.8, ""Male"": 0.8}}",positive_rate,20,0.9483870967741936,0.0567479488653265,0.0126892271246552,0.9235162116098694,0.973257981938518,"{'Female': 0.25, 'Male': 0.25}","{'Female': 0.25, 'Male': 0.75}","{'Female': 0.05, 'Male': 0.05}","{'Female': 0.8, 'Male': 0.8}"
REALDATA,SEMISYNTHETIC REAL-DATA EXPERIMENT,german,Female,random_forest,group_threshold_calibrated,post,strong_second_group,1a6f52e99e976851,"{""alpha_negative"": {""Female"": 0.25, ""Male"": 0.25}, ""alpha_positive"": {""Female"": 0.25, ""Male"": 0.75}, ""contestation_scenario"": ""strong_second_group"", ""rho_negative"": {""Female"": 0.05, ""Male"": 0.05}, ""rho_positive"": {""Female"": 0.8, ""Male"": 0.8}}",prevalence,20,0.6451612903225806,0.0,0.0,0.6451612903225806,0.6451612903225806,"{'Female': 0.25, 'Male': 0.25}","{'Female': 0.25, 'Male': 0.75}","{'Female': 0.05, 'Male': 0.05}","{'Female': 0.8, 'Male': 0.8}"
REALDATA,SEMISYNTHETIC REAL-DATA EXPERIMENT,german,Female,random_forest,group_threshold_calibrated,post,strong_second_group,1a6f52e99e976851,"{""alpha_negative"": {""Female"": 0.25, ""Male"": 0.25}, ""alpha_positive"": {""Female"": 0.25, ""Male"": 0.75}, ""contestation_scenario"": ""strong_second_group"", ""rho_negative"": {""Female"": 0.05, ""Male"": 0.05}, ""rho_positive"": {""Female"": 0.8, ""Male"": 0.8}}",tnr,20,0.1227272727272727,0.1152752629790686,0.0257763324145362,0.0722056611947817,0.1732488842597637,"{'Female': 0.25, 'Male': 0.25}","{'Female': 0.25, 'Male': 0.75}","{'Female': 0.05, 'Male': 0.05}","{'Female': 0.8, 'Male': 0.8}"
REALDATA,SEMISYNTHETIC REAL-DATA EXPERIMENT,german,Female,random_forest,group_threshold_calibrated,post,strong_second_group,1a6f52e99e976851,"{""alpha_negative"": {""Female"": 0.25, ""Male"": 0.25}, ""alpha_positive"": {""Female"": 0.25, ""Male"": 0.75}, ""contestation_scenario"": ""strong_second_group"", ""rho_negative"": {""Female"": 0.05, ""Male"": 0.05}, ""rho_positive"": {""Female"": 0.8, ""Male"": 0.8}}",tpr,20,0.9875,0.027505980211009,0.006150524153958,0.9754449726582424,0.9995550273417576,"{'Female': 0.25, 'Male': 0.25}","{'Female': 0.25, 'Male': 0.75}","{'Female': 0.05, 'Male': 0.05}","{'Female': 0.8, 'Male': 0.8}"
REALDATA,SEMISYNTHETIC REAL-DATA EXPERIMENT,german,Female,random_forest,group_threshold_calibrated,pre,equal_access,8b1b8b56ce23dea1,"{""alpha_negative"": {""Female"": 0.25, ""Male"": 0.25}, ""alpha_positive"": {""Female"": 0.5, ""Male"": 0.5}, ""contestation_scenario"": ""equal_access"", ""rho_negative"": {""Female"": 0.05, ""Male"": 0.05}, ""rho_positive"": {""Female"": 0.8, ""Male"": 0.8}}",accuracy,20,0.675,0.0278258099550572,0.0062220402588498,0.6628048010926544,0.6871951989073457,"{'Female': 0.25, 'Male': 0.25}","{'Female': 0.5, 'Male': 0.5}","{'Female': 0.05, 'Male': 0.05}","{'Female': 0.8, 'Male': 0.8}"
REALDATA,SEMISYNTHETIC REAL-DATA EXPERIMENT,german,Female,random_forest,group_threshold_calibrated,pre,equal_access,8b1b8b56ce23dea1,"{""alpha_negative"": {""Female"": 0.25, ""Male"": 0.25}, ""alpha_positive"": {""Female"": 0.5, ""Male"": 0.5}, ""contestation_scenario"": ""equal_access"", ""rho_negative"": {""Female"": 0.05, ""Male"": 0.05}, ""rho_positive"": {""Female"": 0.8, ""Male"": 0.8}}",fnr,20,0.0224999999999999,0.0361830143342948,0.0080907679682332,0.0066420947822627,0.0383579052177371,"{'Female': 0.25, 'Male': 0.25}","{'Female': 0.5, 'Male': 0.5}","{'Female': 0.05, 'Male': 0.05}","{'Female': 0.8, 'Male': 0.8}"
REALDATA,SEMISYNTHETIC REAL-DATA EXPERIMENT,german,Female,random_forest,group_threshold_calibrated,pre,equal_access,8b1b8b56ce23dea1,"{""alpha_negative"": {""Female"": 0.25, ""Male"": 0.25}, ""alpha_positive"": {""Female"": 0.5, ""Male"": 0.5}, ""contestation_scenario"": ""equal_access"", ""rho_negative"": {""Female"": 0.05, ""Male"": 0.05}, ""rho_positive"": {""Female"": 0.8, ""Male"": 0.8}}",fpr,20,0.875,0.1169376913679329,0.0261480627030588,0.8237497971020047,0.9262502028979952,"{'Female': 0.25, 'Male': 0.25}","{'Female': 0.5, 'Male': 0.5}","{'Female': 0.05, 'Male': 0.05}","{'Female': 0.8, 'Male': 0.8}"
REALDATA,SEMISYNTHETIC REAL-DATA EXPERIMENT,german,Female,random_forest,group_threshold_calibrated,pre,equal_access,8b1b8b56ce23dea1,"{""alpha_negative"": {""Female"": 0.25, ""Male"": 0.25}, ""alpha_positive"": {""Female"": 0.5, ""Male"": 0.5}, ""contestation_scenario"": ""equal_access"", ""rho_negative"": {""Female"": 0.05, ""Male"": 0.05}, ""rho_positive"": {""Female"": 0.8, ""Male"": 0.8}}",n,20,62.0,0.0,0.0,62.0,62.0,"{'Female': 0.25, 'Male': 0.25}","{'Female': 0.5, 'Male': 0.5}","{'Female': 0.05, 'Male': 0.05}","{'Female': 0.8, 'Male': 0.8}"
REALDATA,SEMISYNTHETIC REAL-DATA EXPERIMENT,german,Female,random_forest,group_threshold_calibrated,pre,equal_access,8b1b8b56ce23dea1,"{""alpha_negative"": {""Female"": 0.25, ""Male"": 0.25}, ""alpha_positive"": {""Female"": 0.5, ""Male"": 0.5}, ""contestation_scenario"": ""equal_access"", ""rho_negative"": {""Female"": 0.05, ""Male"": 0.05}, ""rho_positive"": {""Female"": 0.8, ""Male"": 0.8}}",positive_rate,20,0.9411290322580644,0.0613115413185426,0.0137096774193548,0.9142580645161288,0.968,"{'Female': 0.25, 'Male': 0.25}","{'Female': 0.5, 'Male': 0.5}","{'Female': 0.05, 'Male': 0.05}","{'Female': 0.8, 'Male': 0.8}"
REALDATA,SEMISYNTHETIC REAL-DATA EXPERIMENT,german,Female,random_forest,group_threshold_calibrated,pre,equal_access,8b1b8b56ce23dea1,"{""alpha_negative"": {""Female"": 0.25, ""Male"": 0.25}, ""alpha_positive"": {""Female"": 0.5, ""Male"": 0.5}, ""contestation_scenario"": ""equal_access"", ""rho_negative"": {""Female"": 0.05, ""Male"": 0.05}, ""rho_positive"": {""Female"": 0.8, ""Male"": 0.8}}",prevalence,20,0.6451612903225806,0.0,0.0,0.6451612903225806,0.6451612903225806,"{'Female': 0.25, 'Male': 0.25}","{'Female': 0.5, 'Male': 0.5}","{'Female': 0.05, 'Male': 0.05}","{'Female': 0.8, 'Male': 0.8}"
REALDATA,SEMISYNTHETIC REAL-DATA EXPERIMENT,german,Female,random_forest,group_threshold_calibrated,pre,equal_access,8b1b8b56ce23dea1,"{""alpha_negative"": {""Female"": 0.25, ""Male"": 0.25}, ""alpha_positive"": {""Female"": 0.5, ""Male"": 0.5}, ""contestation_scenario"": ""equal_access"", ""rho_negative"": {""Female"": 0.05, ""Male"": 0.05}, ""rho_positive"": {""Female"": 0.8, ""Male"": 0.8}}",tnr,20,0.1249999999999999,0.1169376913679329,0.0261480627030588,0.0737497971020046,0.1762502028979953,"{'Female': 0.25, 'Male': 0.25}","{'Female': 0.5, 'Male': 0.5}","{'Female': 0.05, 'Male': 0.05}","{'Female': 0.8, 'Male': 0.8}"
REALDATA,SEMISYNTHETIC REAL-DATA EXPERIMENT,german,Female,random_forest,group_threshold_calibrated,pre,equal_access,8b1b8b56ce23dea1,"{""alpha_negative"": {""Female"": 0.25, ""Male"": 0.25}, ""alpha_positive"": {""Female"": 0.5, ""Male"": 0.5}, ""contestation_scenario"": ""equal_access"", ""rho_negative"": {""Female"": 0.05, ""Male"": 0.05}, ""rho_positive"": {""Female"": 0.8, ""Male"": 0.8}}",tpr,20,0.9775,0.0361830143342948,0.0080907679682332,0.9616420947822628,0.9933579052177371,"{'Female': 0.25, 'Male': 0.25}","{'Female': 0.5, 'Male': 0.5}","{'Female': 0.05, 'Male': 0.05}","{'Female': 0.8, 'Male': 0.8}"
REALDATA,SEMISYNTHETIC REAL-DATA EXPERIMENT,german,Female,random_forest,group_threshold_calibrated,pre,moderate_first_group,58a445a909825bd5,"{""alpha_negative"": {""Female"": 0.25, ""Male"": 0.25}, ""alpha_positive"": {""Female"": 0.65, ""Male"": 0.35}, ""contestation_scenario"": ""moderate_first_group"", ""rho_negative"": {""Female"": 0.05, ""Male"": 0.05}, ""rho_positive"": {""Female"": 0.8, ""Male"": 0.8}}",accuracy,20,0.675,0.0278258099550572,0.0062220402588498,0.6628048010926544,0.6871951989073457,"{'Female': 0.25, 'Male': 0.25}","{'Female': 0.65, 'Male': 0.35}","{'Female': 0.05, 'Male': 0.05}","{'Female': 0.8, 'Male': 0.8}"
REALDATA,SEMISYNTHETIC REAL-DATA EXPERIMENT,german,Female,random_forest,group_threshold_calibrated,pre,moderate_first_group,58a445a909825bd5,"{""alpha_negative"": {""Female"": 0.25, ""Male"": 0.25}, ""alpha_positive"": {""Female"": 0.65, ""Male"": 0.35}, ""contestation_scenario"": ""moderate_first_group"", ""rho_negative"": {""Female"": 0.05, ""Male"": 0.05}, ""rho_positive"": {""Female"": 0.8, ""Male"": 0.8}}",fnr,20,0.0224999999999999,0.0361830143342948,0.0080907679682332,0.0066420947822627,0.0383579052177371,"{'Female': 0.25, 'Male': 0.25}","{'Female': 0.65, 'Male': 0.35}","{'Female': 0.05, 'Male': 0.05}","{'Female': 0.8, 'Male': 0.8}"
REALDATA,SEMISYNTHETIC REAL-DATA EXPERIMENT,german,Female,random_forest,group_threshold_calibrated,pre,moderate_first_group,58a445a909825bd5,"{""alpha_negative"": {""Female"": 0.25, ""Male"": 0.25}, ""alpha_positive"": {""Female"": 0.65, ""Male"": 0.35}, ""contestation_scenario"": ""moderate_first_group"", ""rho_negative"": {""Female"": 0.05, ""Male"": 0.05}, ""rho_positive"": {""Female"": 0.8, ""Male"": 0.8}}",fpr,20,0.875,0.1169376913679329,0.0261480627030588,0.8237497971020047,0.9262502028979952,"{'Female': 0.25, 'Male': 0.25}","{'Female': 0.65, 'Male': 0.35}","{'Female': 0.05, 'Male': 0.05}","{'Female': 0.8, 'Male': 0.8}"
REALDATA,SEMISYNTHETIC REAL-DATA EXPERIMENT,german,Female,random_forest,group_threshold_calibrated,pre,moderate_first_group,58a445a909825bd5,"{""alpha_negative"": {""Female"": 0.25, ""Male"": 0.25}, ""alpha_positive"": {""Female"": 0.65, ""Male"": 0.35}, ""contestation_scenario"": ""moderate_first_group"", ""rho_negative"": {""Female"": 0.05, ""Male"": 0.05}, ""rho_positive"": {""Female"": 0.8, ""Male"": 0.8}}",n,20,62.0,0.0,0.0,62.0,62.0,"{'Female': 0.25, 'Male': 0.25}","{'Female': 0.65, 'Male': 0.35}","{'Female': 0.05, 'Male': 0.05}","{'Female': 0.8, 'Male': 0.8}"
REALDATA,SEMISYNTHETIC REAL-DATA EXPERIMENT,german,Female,random_forest,group_threshold_calibrated,pre,moderate_first_group,58a445a909825bd5,"{""alpha_negative"": {""Female"": 0.25, ""Male"": 0.25}, ""alpha_positive"": {""Female"": 0.65, ""Male"": 0.35}, ""contestation_scenario"": ""moderate_first_group"", ""rho_negative"": {""Female"": 0.05, ""Male"": 0.05}, ""rho_positive"": {""Female"": 0.8, ""Male"": 0.8}}",positive_rate,20,0.9411290322580644,0.0613115413185426,0.0137096774193548,0.9142580645161288,0.968,"{'Female': 0.25, 'Male': 0.25}","{'Female': 0.65, 'Male': 0.35}","{'Female': 0.05, 'Male': 0.05}","{'Female': 0.8, 'Male': 0.8}"
REALDATA,SEMISYNTHETIC REAL-DATA EXPERIMENT,german,Female,random_forest,group_threshold_calibrated,pre,moderate_first_group,58a445a909825bd5,"{""alpha_negative"": {""Female"": 0.25, ""Male"": 0.25}, ""alpha_positive"": {""Female"": 0.65, ""Male"": 0.35}, ""contestation_scenario"": ""moderate_first_group"", ""rho_negative"": {""Female"": 0.05, ""Male"": 0.05}, ""rho_positive"": {""Female"": 0.8, ""Male"": 0.8}}",prevalence,20,0.6451612903225806,0.0,0.0,0.6451612903225806,0.6451612903225806,"{'Female': 0.25, 'Male': 0.25}","{'Female': 0.65, 'Male': 0.35}","{'Female': 0.05, 'Male': 0.05}","{'Female': 0.8, 'Male': 0.8}"
REALDATA,SEMISYNTHETIC REAL-DATA EXPERIMENT,german,Female,random_forest,group_threshold_calibrated,pre,moderate_first_group,58a445a909825bd5,"{""alpha_negative"": {""Female"": 0.25, ""Male"": 0.25}, ""alpha_positive"": {""Female"": 0.65, ""Male"": 0.35}, ""contestation_scenario"": ""moderate_first_group"", ""rho_negative"": {""Female"": 0.05, ""Male"": 0.05}, ""rho_positive"": {""Female"": 0.8, ""Male"": 0.8}}",tnr,20,0.1249999999999999,0.1169376913679329,0.0261480627030588,0.0737497971020046,0.1762502028979953,"{'Female': 0.25, 'Male': 0.25}","{'Female': 0.65, 'Male': 0.35}","{'Female': 0.05, 'Male': 0.05}","{'Female': 0.8, 'Male': 0.8}"
REALDATA,SEMISYNTHETIC REAL-DATA EXPERIMENT,german,Female,random_forest,group_threshold_calibrated,pre,moderate_first_group,58a445a909825bd5,"{""alpha_negative"": {""Female"": 0.25, ""Male"": 0.25}, ""alpha_positive"": {""Female"": 0.65, ""Male"": 0.35}, ""contestation_scenario"": ""moderate_first_group"", ""rho_negative"": {""Female"": 0.05, ""Male"": 0.05}, ""rho_positive"": {""Female"": 0.8, ""Male"": 0.8}}",tpr,20,0.9775,0.0361830143342948,0.0080907679682332,0.9616420947822628,0.9933579052177371,"{'Female': 0.25, 'Male': 0.25}","{'Female': 0.65, 'Male': 0.35}","{'Female': 0.05, 'Male': 0.05}","{'Female': 0.8, 'Male': 0.8}"
REALDATA,SEMISYNTHETIC REAL-DATA EXPERIMENT,german,Female,random_forest,group_threshold_calibrated,pre,moderate_second_group,f2d18f38dbf44f65,"{""alpha_negative"": {""Female"": 0.25, ""Male"": 0.25}, ""alpha_positive"": {""Female"": 0.35, ""Male"": 0.65}, ""contestation_scenario"": ""moderate_second_group"", ""rho_negative"": {""Female"": 0.05, ""Male"": 0.05}, ""rho_positive"": {""Female"": 0.8, ""Male"": 0.8}}",accuracy,20,0.675,0.0278258099550572,0.0062220402588498,0.6628048010926544,0.6871951989073457,"{'Female': 0.25, 'Male': 0.25}","{'Female': 0.35, 'Male': 0.65}","{'Female': 0.05, 'Male': 0.05}","{'Female': 0.8, 'Male': 0.8}"
REALDATA,SEMISYNTHETIC REAL-DATA EXPERIMENT,german,Female,random_forest,group_threshold_calibrated,pre,moderate_second_group,f2d18f38dbf44f65,"{""alpha_negative"": {""Female"": 0.25, ""Male"": 0.25}, ""alpha_positive"": {""Female"": 0.35, ""Male"": 0.65}, ""contestation_scenario"": ""moderate_second_group"", ""rho_negative"": {""Female"": 0.05, ""Male"": 0.05}, ""rho_positive"": {""Female"": 0.8, ""Male"": 0.8}}",fnr,20,0.0224999999999999,0.0361830143342948,0.0080907679682332,0.0066420947822627,0.0383579052177371,"{'Female': 0.25, 'Male': 0.25}","{'Female': 0.35, 'Male': 0.65}","{'Female': 0.05, 'Male': 0.05}","{'Female': 0.8, 'Male': 0.8}"
REALDATA,SEMISYNTHETIC REAL-DATA EXPERIMENT,german,Female,random_forest,group_threshold_calibrated,pre,moderate_second_group,f2d18f38dbf44f65,"{""alpha_negative"": {""Female"": 0.25, ""Male"": 0.25}, ""alpha_positive"": {""Female"": 0.35, ""Male"": 0.65}, ""contestation_scenario"": ""moderate_second_group"", ""rho_negative"": {""Female"": 0.05, ""Male"": 0.05}, ""rho_positive"": {""Female"": 0.8, ""Male"": 0.8}}",fpr,20,0.875,0.1169376913679329,0.0261480627030588,0.8237497971020047,0.9262502028979952,"{'Female': 0.25, 'Male': 0.25}","{'Female': 0.35, 'Male': 0.65}","{'Female': 0.05, 'Male': 0.05}","{'Female': 0.8, 'Male': 0.8}"
REALDATA,SEMISYNTHETIC REAL-DATA EXPERIMENT,german,Female,random_forest,group_threshold_calibrated,pre,moderate_second_group,f2d18f38dbf44f65,"{""alpha_negative"": {""Female"": 0.25, ""Male"": 0.25}, ""alpha_positive"": {""Female"": 0.35, ""Male"": 0.65}, ""contestation_scenario"": ""moderate_second_group"", ""rho_negative"": {""Female"": 0.05, ""Male"": 0.05}, ""rho_positive"": {""Female"": 0.8, ""Male"": 0.8}}",n,20,62.0,0.0,0.0,62.0,62.0,"{'Female': 0.25, 'Male': 0.25}","{'Female': 0.35, 'Male': 0.65}","{'Female': 0.05, 'Male': 0.05}","{'Female': 0.8, 'Male': 0.8}"
REALDATA,SEMISYNTHETIC REAL-DATA EXPERIMENT,german,Female,random_forest,group_threshold_calibrated,pre,moderate_second_group,f2d18f38dbf44f65,"{""alpha_negative"": {""Female"": 0.25, ""Male"": 0.25}, ""alpha_positive"": {""Female"": 0.35, ""Male"": 0.65}, ""contestation_scenario"": ""moderate_second_group"", ""rho_negative"": {""Female"": 0.05, ""Male"": 0.05}, ""rho_positive"": {""Female"": 0.8, ""Male"": 0.8}}",positive_rate,20,0.9411290322580644,0.0613115413185426,0.0137096774193548,0.9142580645161288,0.968,"{'Female': 0.25, 'Male': 0.25}","{'Female': 0.35, 'Male': 0.65}","{'Female': 0.05, 'Male': 0.05}","{'Female': 0.8, 'Male': 0.8}"
REALDATA,SEMISYNTHETIC REAL-DATA EXPERIMENT,german,Female,random_forest,group_threshold_calibrated,pre,moderate_second_group,f2d18f38dbf44f65,"{""alpha_negative"": {""Female"": 0.25, ""Male"": 0.25}, ""alpha_positive"": {""Female"": 0.35, ""Male"": 0.65}, ""contestation_scenario"": ""moderate_second_group"", ""rho_negative"": {""Female"": 0.05, ""Male"": 0.05}, ""rho_positive"": {""Female"": 0.8, ""Male"": 0.8}}",prevalence,20,0.6451612903225806,0.0,0.0,0.6451612903225806,0.6451612903225806,"{'Female': 0.25, 'Male': 0.25}","{'Female': 0.35, 'Male': 0.65}","{'Female': 0.05, 'Male': 0.05}","{'Female': 0.8, 'Male': 0.8}"
REALDATA,SEMISYNTHETIC REAL-DATA EXPERIMENT,german,Female,random_forest,group_threshold_calibrated,pre,moderate_second_group,f2d18f38dbf44f65,"{""alpha_negative"": {""Female"": 0.25, ""Male"": 0.25}, ""alpha_positive"": {""Female"": 0.35, ""Male"": 0.65}, ""contestation_scenario"": ""moderate_second_group"", ""rho_negative"": {""Female"": 0.05, ""Male"": 0.05}, ""rho_positive"": {""Female"": 0.8, ""Male"": 0.8}}",tnr,20,0.1249999999999999,0.1169376913679329,0.0261480627030588,0.0737497971020046,0.1762502028979953,"{'Female': 0.25, 'Male': 0.25}","{'Female': 0.35, 'Male': 0.65}","{'Female': 0.05, 'Male': 0.05}","{'Female': 0.8, 'Male': 0.8}"
REALDATA,SEMISYNTHETIC REAL-DATA EXPERIMENT,german,Female,random_forest,group_threshold_calibrated,pre,moderate_second_group,f2d18f38dbf44f65,"{""alpha_negative"": {""Female"": 0.25, ""Male"": 0.25}, ""alpha_positive"": {""Female"": 0.35, ""Male"": 0.65}, ""contestation_scenario"": ""moderate_second_group"", ""rho_negative"": {""Female"": 0.05, ""Male"": 0.05}, ""rho_positive"": {""Female"": 0.8, ""Male"": 0.8}}",tpr,20,0.9775,0.0361830143342948,0.0080907679682332,0.9616420947822628,0.9933579052177371,"{'Female': 0.25, 'Male': 0.25}","{'Female': 0.35, 'Male': 0.65}","{'Female': 0.05, 'Male': 0.05}","{'Female': 0.8, 'Male': 0.8}"
REALDATA,SEMISYNTHETIC REAL-DATA EXPERIMENT,german,Female,random_forest,group_threshold_calibrated,pre,strong_first_group,80db5b8b411cb1ee,"{""alpha_negative"": {""Female"": 0.25, ""Male"": 0.25}, ""alpha_positive"": {""Female"": 0.75, ""Male"": 0.25}, ""contestation_scenario"": ""strong_first_group"", ""rho_negative"": {""Female"": 0.05, ""Male"": 0.05}, ""rho_positive"": {""Female"": 0.8, ""Male"": 0.8}}",accuracy,20,0.675,0.0278258099550572,0.0062220402588498,0.6628048010926544,0.6871951989073457,"{'Female': 0.25, 'Male': 0.25}","{'Female': 0.75, 'Male': 0.25}","{'Female': 0.05, 'Male': 0.05}","{'Female': 0.8, 'Male': 0.8}"
REALDATA,SEMISYNTHETIC REAL-DATA EXPERIMENT,german,Female,random_forest,group_threshold_calibrated,pre,strong_first_group,80db5b8b411cb1ee,"{""alpha_negative"": {""Female"": 0.25, ""Male"": 0.25}, ""alpha_positive"": {""Female"": 0.75, ""Male"": 0.25}, ""contestation_scenario"": ""strong_first_group"", ""rho_negative"": {""Female"": 0.05, ""Male"": 0.05}, ""rho_positive"": {""Female"": 0.8, ""Male"": 0.8}}",fnr,20,0.0224999999999999,0.0361830143342948,0.0080907679682332,0.0066420947822627,0.0383579052177371,"{'Female': 0.25, 'Male': 0.25}","{'Female': 0.75, 'Male': 0.25}","{'Female': 0.05, 'Male': 0.05}","{'Female': 0.8, 'Male': 0.8}"
REALDATA,SEMISYNTHETIC REAL-DATA EXPERIMENT,german,Female,random_forest,group_threshold_calibrated,pre,strong_first_group,80db5b8b411cb1ee,"{""alpha_negative"": {""Female"": 0.25, ""Male"": 0.25}, ""alpha_positive"": {""Female"": 0.75, ""Male"": 0.25}, ""contestation_scenario"": ""strong_first_group"", ""rho_negative"": {""Female"": 0.05, ""Male"": 0.05}, ""rho_positive"": {""Female"": 0.8, ""Male"": 0.8}}",fpr,20,0.875,0.1169376913679329,0.0261480627030588,0.8237497971020047,0.9262502028979952,"{'Female': 0.25, 'Male': 0.25}","{'Female': 0.75, 'Male': 0.25}","{'Female': 0.05, 'Male': 0.05}","{'Female': 0.8, 'Male': 0.8}"
REALDATA,SEMISYNTHETIC REAL-DATA EXPERIMENT,german,Female,random_forest,group_threshold_calibrated,pre,strong_first_group,80db5b8b411cb1ee,"{""alpha_negative"": {""Female"": 0.25, ""Male"": 0.25}, ""alpha_positive"": {""Female"": 0.75, ""Male"": 0.25}, ""contestation_scenario"": ""strong_first_group"", ""rho_negative"": {""Female"": 0.05, ""Male"": 0.05}, ""rho_positive"": {""Female"": 0.8, ""Male"": 0.8}}",n,20,62.0,0.0,0.0,62.0,62.0,"{'Female': 0.25, 'Male': 0.25}","{'Female': 0.75, 'Male': 0.25}","{'Female': 0.05, 'Male': 0.05}","{'Female': 0.8, 'Male': 0.8}"
REALDATA,SEMISYNTHETIC REAL-DATA EXPERIMENT,german,Female,random_forest,group_threshold_calibrated,pre,strong_first_group,80db5b8b411cb1ee,"{""alpha_negative"": {""Female"": 0.25, ""Male"": 0.25}, ""alpha_positive"": {""Female"": 0.75, ""Male"": 0.25}, ""contestation_scenario"": ""strong_first_group"", ""rho_negative"": {""Female"": 0.05, ""Male"": 0.05}, ""rho_positive"": {""Female"": 0.8, ""Male"": 0.8}}",positive_rate,20,0.9411290322580644,0.0613115413185426,0.0137096774193548,0.9142580645161288,0.968,"{'Female': 0.25, 'Male': 0.25}","{'Female': 0.75, 'Male': 0.25}","{'Female': 0.05, 'Male': 0.05}","{'Female': 0.8, 'Male': 0.8}"
REALDATA,SEMISYNTHETIC REAL-DATA EXPERIMENT,german,Female,random_forest,group_threshold_calibrated,pre,strong_first_group,80db5b8b411cb1ee,"{""alpha_negative"": {""Female"": 0.25, ""Male"": 0.25}, ""alpha_positive"": {""Female"": 0.75, ""Male"": 0.25}, ""contestation_scenario"": ""strong_first_group"", ""rho_negative"": {""Female"": 0.05, ""Male"": 0.05}, ""rho_positive"": {""Female"": 0.8, ""Male"": 0.8}}",prevalence,20,0.6451612903225806,0.0,0.0,0.6451612903225806,0.6451612903225806,"{'Female': 0.25, 'Male': 0.25}","{'Female': 0.75, 'Male': 0.25}","{'Female': 0.05, 'Male': 0.05}","{'Female': 0.8, 'Male': 0.8}"
REALDATA,SEMISYNTHETIC REAL-DATA EXPERIMENT,german,Female,random_forest,group_threshold_calibrated,pre,strong_first_group,80db5b8b411cb1ee,"{""alpha_negative"": {""Female"": 0.25, ""Male"": 0.25}, ""alpha_positive"": {""Female"": 0.75, ""Male"": 0.25}, ""contestation_scenario"": ""strong_first_group"", ""rho_negative"": {""Female"": 0.05, ""Male"": 0.05}, ""rho_positive"": {""Female"": 0.8, ""Male"": 0.8}}",tnr,20,0.1249999999999999,0.1169376913679329,0.0261480627030588,0.0737497971020046,0.1762502028979953,"{'Female': 0.25, 'Male': 0.25}","{'Female': 0.75, 'Male': 0.25}","{'Female': 0.05, 'Male': 0.05}","{'Female': 0.8, 'Male': 0.8}"
REALDATA,SEMISYNTHETIC REAL-DATA EXPERIMENT,german,Female,random_forest,group_threshold_calibrated,pre,strong_first_group,80db5b8b411cb1ee,"{""alpha_negative"": {""Female"": 0.25, ""Male"": 0.25}, ""alpha_positive"": {""Female"": 0.75, ""Male"": 0.25}, ""contestation_scenario"": ""strong_first_group"", ""rho_negative"": {""Female"": 0.05, ""Male"": 0.05}, ""rho_positive"": {""Female"": 0.8, ""Male"": 0.8}}",tpr,20,0.9775,0.0361830143342948,0.0080907679682332,0.9616420947822628,0.9933579052177371,"{'Female': 0.25, 'Male': 0.25}","{'Female': 0.75, 'Male': 0.25}","{'Female': 0.05, 'Male': 0.05}","{'Female': 0.8, 'Male': 0.8}"
REALDATA,SEMISYNTHETIC REAL-DATA EXPERIMENT,german,Female,random_forest,group_threshold_calibrated,pre,strong_second_group,1a6f52e99e976851,"{""alpha_negative"": {""Female"": 0.25, ""Male"": 0.25}, ""alpha_positive"": {""Female"": 0.25, ""Male"": 0.75}, ""contestation_scenario"": ""strong_second_group"", ""rho_negative"": {""Female"": 0.05, ""Male"": 0.05}, ""rho_positive"": {""Female"": 0.8, ""Male"": 0.8}}",accuracy,20,0.675,0.0278258099550572,0.0062220402588498,0.6628048010926544,0.6871951989073457,"{'Female': 0.25, 'Male': 0.25}","{'Female': 0.25, 'Male': 0.75}","{'Female': 0.05, 'Male': 0.05}","{'Female': 0.8, 'Male': 0.8}"
REALDATA,SEMISYNTHETIC REAL-DATA EXPERIMENT,german,Female,random_forest,group_threshold_calibrated,pre,strong_second_group,1a6f52e99e976851,"{""alpha_negative"": {""Female"": 0.25, ""Male"": 0.25}, ""alpha_positive"": {""Female"": 0.25, ""Male"": 0.75}, ""contestation_scenario"": ""strong_second_group"", ""rho_negative"": {""Female"": 0.05, ""Male"": 0.05}, ""rho_positive"": {""Female"": 0.8, ""Male"": 0.8}}",fnr,20,0.0224999999999999,0.0361830143342948,0.0080907679682332,0.0066420947822627,0.0383579052177371,"{'Female': 0.25, 'Male': 0.25}","{'Female': 0.25, 'Male': 0.75}","{'Female': 0.05, 'Male': 0.05}","{'Female': 0.8, 'Male': 0.8}"
REALDATA,SEMISYNTHETIC REAL-DATA EXPERIMENT,german,Female,random_forest,group_threshold_calibrated,pre,strong_second_group,1a6f52e99e976851,"{""alpha_negative"": {""Female"": 0.25, ""Male"": 0.25}, ""alpha_positive"": {""Female"": 0.25, ""Male"": 0.75}, ""contestation_scenario"": ""strong_second_group"", ""rho_negative"": {""Female"": 0.05, ""Male"": 0.05}, ""rho_positive"": {""Female"": 0.8, ""Male"": 0.8}}",fpr,20,0.875,0.1169376913679329,0.0261480627030588,0.8237497971020047,0.9262502028979952,"{'Female': 0.25, 'Male': 0.25}","{'Female': 0.25, 'Male': 0.75}","{'Female': 0.05, 'Male': 0.05}","{'Female': 0.8, 'Male': 0.8}"
REALDATA,SEMISYNTHETIC REAL-DATA EXPERIMENT,german,Female,random_forest,group_threshold_calibrated,pre,strong_second_group,1a6f52e99e976851,"{""alpha_negative"": {""Female"": 0.25, ""Male"": 0.25}, ""alpha_positive"": {""Female"": 0.25, ""Male"": 0.75}, ""contestation_scenario"": ""strong_second_group"", ""rho_negative"": {""Female"": 0.05, ""Male"": 0.05}, ""rho_positive"": {""Female"": 0.8, ""Male"": 0.8}}",n,20,62.0,0.0,0.0,62.0,62.0,"{'Female': 0.25, 'Male': 0.25}","{'Female': 0.25, 'Male': 0.75}","{'Female': 0.05, 'Male': 0.05}","{'Female': 0.8, 'Male': 0.8}"
REALDATA,SEMISYNTHETIC REAL-DATA EXPERIMENT,german,Female,random_forest,group_threshold_calibrated,pre,strong_second_group,1a6f52e99e976851,"{""alpha_negative"": {""Female"": 0.25, ""Male"": 0.25}, ""alpha_positive"": {""Female"": 0.25, ""Male"": 0.75}, ""contestation_scenario"": ""strong_second_group"", ""rho_negative"": {""Female"": 0.05, ""Male"": 0.05}, ""rho_positive"": {""Female"": 0.8, ""Male"": 0.8}}",positive_rate,20,0.9411290322580644,0.0613115413185426,0.0137096774193548,0.9142580645161288,0.968,"{'Female': 0.25, 'Male': 0.25}","{'Female': 0.25, 'Male': 0.75}","{'Female': 0.05, 'Male': 0.05}","{'Female': 0.8, 'Male': 0.8}"
REALDATA,SEMISYNTHETIC REAL-DATA EXPERIMENT,german,Female,random_forest,group_threshold_calibrated,pre,strong_second_group,1a6f52e99e976851,"{""alpha_negative"": {""Female"": 0.25, ""Male"": 0.25}, ""alpha_positive"": {""Female"": 0.25, ""Male"": 0.75}, ""contestation_scenario"": ""strong_second_group"", ""rho_negative"": {""Female"": 0.05, ""Male"": 0.05}, ""rho_positive"": {""Female"": 0.8, ""Male"": 0.8}}",prevalence,20,0.6451612903225806,0.0,0.0,0.6451612903225806,0.6451612903225806,"{'Female': 0.25, 'Male': 0.25}","{'Female': 0.25, 'Male': 0.75}","{'Female': 0.05, 'Male': 0.05}","{'Female': 0.8, 'Male': 0.8}"
REALDATA,SEMISYNTHETIC REAL-DATA EXPERIMENT,german,Female,random_forest,group_threshold_calibrated,pre,strong_second_group,1a6f52e99e976851,"{""alpha_negative"": {""Female"": 0.25, ""Male"": 0.25}, ""alpha_positive"": {""Female"": 0.25, ""Male"": 0.75}, ""contestation_scenario"": ""strong_second_group"", ""rho_negative"": {""Female"": 0.05, ""Male"": 0.05}, ""rho_positive"": {""Female"": 0.8, ""Male"": 0.8}}",tnr,20,0.1249999999999999,0.1169376913679329,0.0261480627030588,0.0737497971020046,0.1762502028979953,"{'Female': 0.25, 'Male': 0.25}","{'Female': 0.25, 'Male': 0.75}","{'Female': 0.05, 'Male': 0.05}","{'Female': 0.8, 'Male': 0.8}"
REALDATA,SEMISYNTHETIC REAL-DATA EXPERIMENT,german,Female,random_forest,group_threshold_calibrated,pre,strong_second_group,1a6f52e99e976851,"{""alpha_negative"": {""Female"": 0.25, ""Male"": 0.25}, ""alpha_positive"": {""Female"": 0.25, ""Male"": 0.75}, ""contestation_scenario"": ""strong_second_group"", ""rho_negative"": {""Female"": 0.05, ""Male"": 0.05}, ""rho_positive"": {""Female"": 0.8, ""Male"": 0.8}}",tpr,20,0.9775,0.0361830143342948,0.0080907679682332,0.9616420947822628,0.9933579052177371,"{'Female': 0.25, 'Male': 0.25}","{'Female': 0.25, 'Male': 0.75}","{'Female': 0.05, 'Male': 0.05}","{'Female': 0.8, 'Male': 0.8}"
REALDATA,SEMISYNTHETIC REAL-DATA EXPERIMENT,german,Female,random_forest,validation_selected_threshold,frozen_policy,equal_access,8b1b8b56ce23dea1,"{""alpha_negative"": {""Female"": 0.25, ""Male"": 0.25}, ""alpha_positive"": {""Female"": 0.5, ""Male"": 0.5}, ""contestation_scenario"": ""equal_access"", ""rho_negative"": {""Female"": 0.05, ""Male"": 0.05}, ""rho_positive"": {""Female"": 0.8, ""Male"": 0.8}}",decision_threshold,20,0.4389999999999999,0.1493106969059026,0.0333868868049465,0.3735617018623046,0.5044382981376953,"{'Female': 0.25, 'Male': 0.25}","{'Female': 0.5, 'Male': 0.5}","{'Female': 0.05, 'Male': 0.05}","{'Female': 0.8, 'Male': 0.8}"
REALDATA,SEMISYNTHETIC REAL-DATA EXPERIMENT,german,Female,random_forest,validation_selected_threshold,frozen_policy,moderate_first_group,58a445a909825bd5,"{""alpha_negative"": {""Female"": 0.25, ""Male"": 0.25}, ""alpha_positive"": {""Female"": 0.65, ""Male"": 0.35}, ""contestation_scenario"": ""moderate_first_group"", ""rho_negative"": {""Female"": 0.05, ""Male"": 0.05}, ""rho_positive"": {""Female"": 0.8, ""Male"": 0.8}}",decision_threshold,20,0.4389999999999999,0.1493106969059026,0.0333868868049465,0.3735617018623046,0.5044382981376953,"{'Female': 0.25, 'Male': 0.25}","{'Female': 0.65, 'Male': 0.35}","{'Female': 0.05, 'Male': 0.05}","{'Female': 0.8, 'Male': 0.8}"
REALDATA,SEMISYNTHETIC REAL-DATA EXPERIMENT,german,Female,random_forest,validation_selected_threshold,frozen_policy,moderate_second_group,f2d18f38dbf44f65,"{""alpha_negative"": {""Female"": 0.25, ""Male"": 0.25}, ""alpha_positive"": {""Female"": 0.35, ""Male"": 0.65}, ""contestation_scenario"": ""moderate_second_group"", ""rho_negative"": {""Female"": 0.05, ""Male"": 0.05}, ""rho_positive"": {""Female"": 0.8, ""Male"": 0.8}}",decision_threshold,20,0.4389999999999999,0.1493106969059026,0.0333868868049465,0.3735617018623046,0.5044382981376953,"{'Female': 0.25, 'Male': 0.25}","{'Female': 0.35, 'Male': 0.65}","{'Female': 0.05, 'Male': 0.05}","{'Female': 0.8, 'Male': 0.8}"
REALDATA,SEMISYNTHETIC REAL-DATA EXPERIMENT,german,Female,random_forest,validation_selected_threshold,frozen_policy,strong_first_group,80db5b8b411cb1ee,"{""alpha_negative"": {""Female"": 0.25, ""Male"": 0.25}, ""alpha_positive"": {""Female"": 0.75, ""Male"": 0.25}, ""contestation_scenario"": ""strong_first_group"", ""rho_negative"": {""Female"": 0.05, ""Male"": 0.05}, ""rho_positive"": {""Female"": 0.8, ""Male"": 0.8}}",decision_threshold,20,0.4389999999999999,0.1493106969059026,0.0333868868049465,0.3735617018623046,0.5044382981376953,"{'Female': 0.25, 'Male': 0.25}","{'Female': 0.75, 'Male': 0.25}","{'Female': 0.05, 'Male': 0.05}","{'Female': 0.8, 'Male': 0.8}"
REALDATA,SEMISYNTHETIC REAL-DATA EXPERIMENT,german,Female,random_forest,validation_selected_threshold,frozen_policy,strong_second_group,1a6f52e99e976851,"{""alpha_negative"": {""Female"": 0.25, ""Male"": 0.25}, ""alpha_positive"": {""Female"": 0.25, ""Male"": 0.75}, ""contestation_scenario"": ""strong_second_group"", ""rho_negative"": {""Female"": 0.05, ""Male"": 0.05}, ""rho_positive"": {""Female"": 0.8, ""Male"": 0.8}}",decision_threshold,20,0.4389999999999999,0.1493106969059026,0.0333868868049465,0.3735617018623046,0.5044382981376953,"{'Female': 0.25, 'Male': 0.25}","{'Female': 0.25, 'Male': 0.75}","{'Female': 0.05, 'Male': 0.05}","{'Female': 0.8, 'Male': 0.8}"
REALDATA,SEMISYNTHETIC REAL-DATA EXPERIMENT,german,Male,gradient_boosting,group_threshold_calibrated,post,equal_access,8b1b8b56ce23dea1,"{""alpha_negative"": {""Female"": 0.25, ""Male"": 0.25}, ""alpha_positive"": {""Female"": 0.5, ""Male"": 0.5}, ""contestation_scenario"": ""equal_access"", ""rho_negative"": {""Female"": 0.05, ""Male"": 0.05}, ""rho_positive"": {""Female"": 0.8, ""Male"": 0.8}}",accuracy,20,0.7891304347826087,0.0244213593031664,0.0054607819504826,0.7784273021596626,0.7998335674055548,"{'Female': 0.25, 'Male': 0.25}","{'Female': 0.5, 'Male': 0.5}","{'Female': 0.05, 'Male': 0.05}","{'Female': 0.8, 'Male': 0.8}"
REALDATA,SEMISYNTHETIC REAL-DATA EXPERIMENT,german,Male,gradient_boosting,group_threshold_calibrated,post,equal_access,8b1b8b56ce23dea1,"{""alpha_negative"": {""Female"": 0.25, ""Male"": 0.25}, ""alpha_positive"": {""Female"": 0.5, ""Male"": 0.5}, ""contestation_scenario"": ""equal_access"", ""rho_negative"": {""Female"": 0.05, ""Male"": 0.05}, ""rho_positive"": {""Female"": 0.8, ""Male"": 0.8}}",fnr,20,0.0954999999999999,0.0361975573470743,0.0080940198847505,0.0796357210258889,0.1113642789741109,"{'Female': 0.25, 'Male': 0.25}","{'Female': 0.5, 'Male': 0.5}","{'Female': 0.05, 'Male': 0.05}","{'Female': 0.8, 'Male': 0.8}"
REALDATA,SEMISYNTHETIC REAL-DATA EXPERIMENT,german,Male,gradient_boosting,group_threshold_calibrated,post,equal_access,8b1b8b56ce23dea1,"{""alpha_negative"": {""Female"": 0.25, ""Male"": 0.25}, ""alpha_positive"": {""Female"": 0.5, ""Male"": 0.5}, ""contestation_scenario"": ""equal_access"", ""rho_negative"": {""Female"": 0.05, ""Male"": 0.05}, ""rho_positive"": {""Female"": 0.8, ""Male"": 0.8}}",fpr,20,0.5144736842105263,0.082104464091573,0.0183591162964947,0.4784898162693965,0.550457552151656,"{'Female': 0.25, 'Male': 0.25}","{'Female': 0.5, 'Male': 0.5}","{'Female': 0.05, 'Male': 0.05}","{'Female': 0.8, 'Male': 0.8}"
REALDATA,SEMISYNTHETIC REAL-DATA EXPERIMENT,german,Male,gradient_boosting,group_threshold_calibrated,post,equal_access,8b1b8b56ce23dea1,"{""alpha_negative"": {""Female"": 0.25, ""Male"": 0.25}, ""alpha_positive"": {""Female"": 0.5, ""Male"": 0.5}, ""contestation_scenario"": ""equal_access"", ""rho_negative"": {""Female"": 0.05, ""Male"": 0.05}, ""rho_positive"": {""Female"": 0.8, ""Male"": 0.8}}",n,20,138.0,0.0,0.0,138.0,138.0,"{'Female': 0.25, 'Male': 0.25}","{'Female': 0.5, 'Male': 0.5}","{'Female': 0.05, 'Male': 0.05}","{'Female': 0.8, 'Male': 0.8}"
REALDATA,SEMISYNTHETIC REAL-DATA EXPERIMENT,german,Male,gradient_boosting,group_threshold_calibrated,post,equal_access,8b1b8b56ce23dea1,"{""alpha_negative"": {""Female"": 0.25, ""Male"": 0.25}, ""alpha_positive"": {""Female"": 0.5, ""Male"": 0.5}, ""contestation_scenario"": ""equal_access"", ""rho_negative"": {""Female"": 0.05, ""Male"": 0.05}, ""rho_positive"": {""Female"": 0.8, ""Male"": 0.8}}",positive_rate,20,0.7971014492753623,0.0424490437161755,0.0094918947329228,0.7784973355988335,0.8157055629518911,"{'Female': 0.25, 'Male': 0.25}","{'Female': 0.5, 'Male': 0.5}","{'Female': 0.05, 'Male': 0.05}","{'Female': 0.8, 'Male': 0.8}"
REALDATA,SEMISYNTHETIC REAL-DATA EXPERIMENT,german,Male,gradient_boosting,group_threshold_calibrated,post,equal_access,8b1b8b56ce23dea1,"{""alpha_negative"": {""Female"": 0.25, ""Male"": 0.25}, ""alpha_positive"": {""Female"": 0.5, ""Male"": 0.5}, ""contestation_scenario"": ""equal_access"", ""rho_negative"": {""Female"": 0.05, ""Male"": 0.05}, ""rho_positive"": {""Female"": 0.8, ""Male"": 0.8}}",prevalence,20,0.7246376811594203,0.0,0.0,0.7246376811594203,0.7246376811594203,"{'Female': 0.25, 'Male': 0.25}","{'Female': 0.5, 'Male': 0.5}","{'Female': 0.05, 'Male': 0.05}","{'Female': 0.8, 'Male': 0.8}"
REALDATA,SEMISYNTHETIC REAL-DATA EXPERIMENT,german,Male,gradient_boosting,group_threshold_calibrated,post,equal_access,8b1b8b56ce23dea1,"{""alpha_negative"": {""Female"": 0.25, ""Male"": 0.25}, ""alpha_positive"": {""Female"": 0.5, ""Male"": 0.5}, ""contestation_scenario"": ""equal_access"", ""rho_negative"": {""Female"": 0.05, ""Male"": 0.05}, ""rho_positive"": {""Female"": 0.8, ""Male"": 0.8}}",tnr,20,0.4855263157894736,0.082104464091573,0.0183591162964947,0.4495424478483438,0.5215101837306034,"{'Female': 0.25, 'Male': 0.25}","{'Female': 0.5, 'Male': 0.5}","{'Female': 0.05, 'Male': 0.05}","{'Female': 0.8, 'Male': 0.8}"
REALDATA,SEMISYNTHETIC REAL-DATA EXPERIMENT,german,Male,gradient_boosting,group_threshold_calibrated,post,equal_access,8b1b8b56ce23dea1,"{""alpha_negative"": {""Female"": 0.25, ""Male"": 0.25}, ""alpha_positive"": {""Female"": 0.5, ""Male"": 0.5}, ""contestation_scenario"": ""equal_access"", ""rho_negative"": {""Female"": 0.05, ""Male"": 0.05}, ""rho_positive"": {""Female"": 0.8, ""Male"": 0.8}}",tpr,20,0.9045,0.0361975573470743,0.0080940198847505,0.888635721025889,0.920364278974111,"{'Female': 0.25, 'Male': 0.25}","{'Female': 0.5, 'Male': 0.5}","{'Female': 0.05, 'Male': 0.05}","{'Female': 0.8, 'Male': 0.8}"
REALDATA,SEMISYNTHETIC REAL-DATA EXPERIMENT,german,Male,gradient_boosting,group_threshold_calibrated,post,moderate_first_group,58a445a909825bd5,"{""alpha_negative"": {""Female"": 0.25, ""Male"": 0.25}, ""alpha_positive"": {""Female"": 0.65, ""Male"": 0.35}, ""contestation_scenario"": ""moderate_first_group"", ""rho_negative"": {""Female"": 0.05, ""Male"": 0.05}, ""rho_positive"": {""Female"": 0.8, ""Male"": 0.8}}",accuracy,20,0.7807971014492754,0.0190818037545232,0.0042668210328424,0.7724341322249041,0.7891600706736467,"{'Female': 0.25, 'Male': 0.25}","{'Female': 0.65, 'Male': 0.35}","{'Female': 0.05, 'Male': 0.05}","{'Female': 0.8, 'Male': 0.8}"
REALDATA,SEMISYNTHETIC REAL-DATA EXPERIMENT,german,Male,gradient_boosting,group_threshold_calibrated,post,moderate_first_group,58a445a909825bd5,"{""alpha_negative"": {""Female"": 0.25, ""Male"": 0.25}, ""alpha_positive"": {""Female"": 0.65, ""Male"": 0.35}, ""contestation_scenario"": ""moderate_first_group"", ""rho_negative"": {""Female"": 0.05, ""Male"": 0.05}, ""rho_positive"": {""Female"": 0.8, ""Male"": 0.8}}",fnr,20,0.1079999999999999,0.0370774438453524,0.0082907684870139,0.0917500937654526,0.1242499062345472,"{'Female': 0.25, 'Male': 0.25}","{'Female': 0.65, 'Male': 0.35}","{'Female': 0.05, 'Male': 0.05}","{'Female': 0.8, 'Male': 0.8}"
REALDATA,SEMISYNTHETIC REAL-DATA EXPERIMENT,german,Male,gradient_boosting,group_threshold_calibrated,post,moderate_first_group,58a445a909825bd5,"{""alpha_negative"": {""Female"": 0.25, ""Male"": 0.25}, ""alpha_positive"": {""Female"": 0.65, ""Male"": 0.35}, ""contestation_scenario"": ""moderate_first_group"", ""rho_negative"": {""Female"": 0.05, ""Male"": 0.05}, ""rho_positive"": {""Female"": 0.8, ""Male"": 0.8}}",fpr,20,0.5118421052631579,0.080309123571143,0.0179576659518506,0.4766450799975306,0.5470391305287852,"{'Female': 0.25, 'Male': 0.25}","{'Female': 0.65, 'Male': 0.35}","{'Female': 0.05, 'Male': 0.05}","{'Female': 0.8, 'Male': 0.8}"
REALDATA,SEMISYNTHETIC REAL-DATA EXPERIMENT,german,Male,gradient_boosting,group_threshold_calibrated,post,moderate_first_group,58a445a909825bd5,"{""alpha_negative"": {""Female"": 0.25, ""Male"": 0.25}, ""alpha_positive"": {""Female"": 0.65, ""Male"": 0.35}, ""contestation_scenario"": ""moderate_first_group"", ""rho_negative"": {""Female"": 0.05, ""Male"": 0.05}, ""rho_positive"": {""Female"": 0.8, ""Male"": 0.8}}",n,20,138.0,0.0,0.0,138.0,138.0,"{'Female': 0.25, 'Male': 0.25}","{'Female': 0.65, 'Male': 0.35}","{'Female': 0.05, 'Male': 0.05}","{'Female': 0.8, 'Male': 0.8}"
REALDATA,SEMISYNTHETIC REAL-DATA EXPERIMENT,german,Male,gradient_boosting,group_threshold_calibrated,post,moderate_first_group,58a445a909825bd5,"{""alpha_negative"": {""Female"": 0.25, ""Male"": 0.25}, ""alpha_positive"": {""Female"": 0.65, ""Male"": 0.35}, ""contestation_scenario"": ""moderate_first_group"", ""rho_negative"": {""Female"": 0.05, ""Male"": 0.05}, ""rho_positive"": {""Female"": 0.8, ""Male"": 0.8}}",positive_rate,20,0.7873188405797101,0.0453618801810428,0.0101432247672012,0.7674381200359958,0.8071995611234245,"{'Female': 0.25, 'Male': 0.25}","{'Female': 0.65, 'Male': 0.35}","{'Female': 0.05, 'Male': 0.05}","{'Female': 0.8, 'Male': 0.8}"
REALDATA,SEMISYNTHETIC REAL-DATA EXPERIMENT,german,Male,gradient_boosting,group_threshold_calibrated,post,moderate_first_group,58a445a909825bd5,"{""alpha_negative"": {""Female"": 0.25, ""Male"": 0.25}, ""alpha_positive"": {""Female"": 0.65, ""Male"": 0.35}, ""contestation_scenario"": ""moderate_first_group"", ""rho_negative"": {""Female"": 0.05, ""Male"": 0.05}, ""rho_positive"": {""Female"": 0.8, ""Male"": 0.8}}",prevalence,20,0.7246376811594203,0.0,0.0,0.7246376811594203,0.7246376811594203,"{'Female': 0.25, 'Male': 0.25}","{'Female': 0.65, 'Male': 0.35}","{'Female': 0.05, 'Male': 0.05}","{'Female': 0.8, 'Male': 0.8}"
REALDATA,SEMISYNTHETIC REAL-DATA EXPERIMENT,german,Male,gradient_boosting,group_threshold_calibrated,post,moderate_first_group,58a445a909825bd5,"{""alpha_negative"": {""Female"": 0.25, ""Male"": 0.25}, ""alpha_positive"": {""Female"": 0.65, ""Male"": 0.35}, ""contestation_scenario"": ""moderate_first_group"", ""rho_negative"": {""Female"": 0.05, ""Male"": 0.05}, ""rho_positive"": {""Female"": 0.8, ""Male"": 0.8}}",tnr,20,0.4881578947368421,0.080309123571143,0.0179576659518506,0.4529608694712148,0.5233549200024694,"{'Female': 0.25, 'Male': 0.25}","{'Female': 0.65, 'Male': 0.35}","{'Female': 0.05, 'Male': 0.05}","{'Female': 0.8, 'Male': 0.8}"
REALDATA,SEMISYNTHETIC REAL-DATA EXPERIMENT,german,Male,gradient_boosting,group_threshold_calibrated,post,moderate_first_group,58a445a909825bd5,"{""alpha_negative"": {""Female"": 0.25, ""Male"": 0.25}, ""alpha_positive"": {""Female"": 0.65, ""Male"": 0.35}, ""contestation_scenario"": ""moderate_first_group"", ""rho_negative"": {""Female"": 0.05, ""Male"": 0.05}, ""rho_positive"": {""Female"": 0.8, ""Male"": 0.8}}",tpr,20,0.892,0.0370774438453524,0.0082907684870139,0.8757500937654528,0.9082499062345472,"{'Female': 0.25, 'Male': 0.25}","{'Female': 0.65, 'Male': 0.35}","{'Female': 0.05, 'Male': 0.05}","{'Female': 0.8, 'Male': 0.8}"
REALDATA,SEMISYNTHETIC REAL-DATA EXPERIMENT,german,Male,gradient_boosting,group_threshold_calibrated,post,moderate_second_group,f2d18f38dbf44f65,"{""alpha_negative"": {""Female"": 0.25, ""Male"": 0.25}, ""alpha_positive"": {""Female"": 0.35, ""Male"": 0.65}, ""contestation_scenario"": ""moderate_second_group"", ""rho_negative"": {""Female"": 0.05, ""Male"": 0.05}, ""rho_positive"": {""Female"": 0.8, ""Male"": 0.8}}",accuracy,20,0.8072463768115942,0.0185716891454257,0.0041527559386166,0.7991069751719054,0.8153857784512829,"{'Female': 0.25, 'Male': 0.25}","{'Female': 0.35, 'Male': 0.65}","{'Female': 0.05, 'Male': 0.05}","{'Female': 0.8, 'Male': 0.8}"
REALDATA,SEMISYNTHETIC REAL-DATA EXPERIMENT,german,Male,gradient_boosting,group_threshold_calibrated,post,moderate_second_group,f2d18f38dbf44f65,"{""alpha_negative"": {""Female"": 0.25, ""Male"": 0.25}, ""alpha_positive"": {""Female"": 0.35, ""Male"": 0.65}, ""contestation_scenario"": ""moderate_second_group"", ""rho_negative"": {""Female"": 0.05, ""Male"": 0.05}, ""rho_positive"": {""Female"": 0.8, ""Male"": 0.8}}",fnr,20,0.0704999999999999,0.0389973008512667,0.0087200615642442,0.0534086793340811,0.0875913206659187,"{'Female': 0.25, 'Male': 0.25}","{'Female': 0.35, 'Male': 0.65}","{'Female': 0.05, 'Male': 0.05}","{'Female': 0.8, 'Male': 0.8}"
REALDATA,SEMISYNTHETIC REAL-DATA EXPERIMENT,german,Male,gradient_boosting,group_threshold_calibrated,post,moderate_second_group,f2d18f38dbf44f65,"{""alpha_negative"": {""Female"": 0.25, ""Male"": 0.25}, ""alpha_positive"": {""Female"": 0.35, ""Male"": 0.65}, ""contestation_scenario"": ""moderate_second_group"", ""rho_negative"": {""Female"": 0.05, ""Male"": 0.05}, ""rho_positive"": {""Female"": 0.8, ""Male"": 0.8}}",fpr,20,0.5144736842105263,0.0842948850317353,0.0188489093086489,0.4775298219655743,0.5514175464554784,"{'Female': 0.25, 'Male': 0.25}","{'Female': 0.35, 'Male': 0.65}","{'Female': 0.05, 'Male': 0.05}","{'Female': 0.8, 'Male': 0.8}"
REALDATA,SEMISYNTHETIC REAL-DATA EXPERIMENT,german,Male,gradient_boosting,group_threshold_calibrated,post,moderate_second_group,f2d18f38dbf44f65,"{""alpha_negative"": {""Female"": 0.25, ""Male"": 0.25}, ""alpha_positive"": {""Female"": 0.35, ""Male"": 0.65}, ""contestation_scenario"": ""moderate_second_group"", ""rho_negative"": {""Female"": 0.05, ""Male"": 0.05}, ""rho_positive"": {""Female"": 0.8, ""Male"": 0.8}}",n,20,138.0,0.0,0.0,138.0,138.0,"{'Female': 0.25, 'Male': 0.25}","{'Female': 0.35, 'Male': 0.65}","{'Female': 0.05, 'Male': 0.05}","{'Female': 0.8, 'Male': 0.8}"
REALDATA,SEMISYNTHETIC REAL-DATA EXPERIMENT,german,Male,gradient_boosting,group_threshold_calibrated,post,moderate_second_group,f2d18f38dbf44f65,"{""alpha_negative"": {""Female"": 0.25, ""Male"": 0.25}, ""alpha_positive"": {""Female"": 0.35, ""Male"": 0.65}, ""contestation_scenario"": ""moderate_second_group"", ""rho_negative"": {""Female"": 0.05, ""Male"": 0.05}, ""rho_positive"": {""Female"": 0.8, ""Male"": 0.8}}",positive_rate,20,0.8152173913043479,0.0482678439995861,0.0107930180310429,0.7940630759635037,0.8363717066451921,"{'Female': 0.25, 'Male': 0.25}","{'Female': 0.35, 'Male': 0.65}","{'Female': 0.05, 'Male': 0.05}","{'Female': 0.8, 'Male': 0.8}"
REALDATA,SEMISYNTHETIC REAL-DATA EXPERIMENT,german,Male,gradient_boosting,group_threshold_calibrated,post,moderate_second_group,f2d18f38dbf44f65,"{""alpha_negative"": {""Female"": 0.25, ""Male"": 0.25}, ""alpha_positive"": {""Female"": 0.35, ""Male"": 0.65}, ""contestation_scenario"": ""moderate_second_group"", ""rho_negative"": {""Female"": 0.05, ""Male"": 0.05}, ""rho_positive"": {""Female"": 0.8, ""Male"": 0.8}}",prevalence,20,0.7246376811594203,0.0,0.0,0.7246376811594203,0.7246376811594203,"{'Female': 0.25, 'Male': 0.25}","{'Female': 0.35, 'Male': 0.65}","{'Female': 0.05, 'Male': 0.05}","{'Female': 0.8, 'Male': 0.8}"
REALDATA,SEMISYNTHETIC REAL-DATA EXPERIMENT,german,Male,gradient_boosting,group_threshold_calibrated,post,moderate_second_group,f2d18f38dbf44f65,"{""alpha_negative"": {""Female"": 0.25, ""Male"": 0.25}, ""alpha_positive"": {""Female"": 0.35, ""Male"": 0.65}, ""contestation_scenario"": ""moderate_second_group"", ""rho_negative"": {""Female"": 0.05, ""Male"": 0.05}, ""rho_positive"": {""Female"": 0.8, ""Male"": 0.8}}",tnr,20,0.4855263157894737,0.0842948850317354,0.0188489093086489,0.4485824535445217,0.5224701780344257,"{'Female': 0.25, 'Male': 0.25}","{'Female': 0.35, 'Male': 0.65}","{'Female': 0.05, 'Male': 0.05}","{'Female': 0.8, 'Male': 0.8}"
REALDATA,SEMISYNTHETIC REAL-DATA EXPERIMENT,german,Male,gradient_boosting,group_threshold_calibrated,post,moderate_second_group,f2d18f38dbf44f65,"{""alpha_negative"": {""Female"": 0.25, ""Male"": 0.25}, ""alpha_positive"": {""Female"": 0.35, ""Male"": 0.65}, ""contestation_scenario"": ""moderate_second_group"", ""rho_negative"": {""Female"": 0.05, ""Male"": 0.05}, ""rho_positive"": {""Female"": 0.8, ""Male"": 0.8}}",tpr,20,0.9295,0.0389973008512667,0.0087200615642442,0.9124086793340812,0.9465913206659188,"{'Female': 0.25, 'Male': 0.25}","{'Female': 0.35, 'Male': 0.65}","{'Female': 0.05, 'Male': 0.05}","{'Female': 0.8, 'Male': 0.8}"
REALDATA,SEMISYNTHETIC REAL-DATA EXPERIMENT,german,Male,gradient_boosting,group_threshold_calibrated,post,strong_first_group,80db5b8b411cb1ee,"{""alpha_negative"": {""Female"": 0.25, ""Male"": 0.25}, ""alpha_positive"": {""Female"": 0.75, ""Male"": 0.25}, ""contestation_scenario"": ""strong_first_group"", ""rho_negative"": {""Female"": 0.05, ""Male"": 0.05}, ""rho_positive"": {""Female"": 0.8, ""Male"": 0.8}}",accuracy,20,0.7713768115942029,0.0218627302480677,0.004888655100842,0.7617950475965525,0.7809585755918533,"{'Female': 0.25, 'Male': 0.25}","{'Female': 0.75, 'Male': 0.25}","{'Female': 0.05, 'Male': 0.05}","{'Female': 0.8, 'Male': 0.8}"
REALDATA,SEMISYNTHETIC REAL-DATA EXPERIMENT,german,Male,gradient_boosting,group_threshold_calibrated,post,strong_first_group,80db5b8b411cb1ee,"{""alpha_negative"": {""Female"": 0.25, ""Male"": 0.25}, ""alpha_positive"": {""Female"": 0.75, ""Male"": 0.25}, ""contestation_scenario"": ""strong_first_group"", ""rho_negative"": {""Female"": 0.05, ""Male"": 0.05}, ""rho_positive"": {""Female"": 0.8, ""Male"": 0.8}}",fnr,20,0.1204999999999999,0.0407140218959926,0.0091039320596854,0.1026562931630164,0.1383437068369834,"{'Female': 0.25, 'Male': 0.25}","{'Female': 0.75, 'Male': 0.25}","{'Female': 0.05, 'Male': 0.05}","{'Female': 0.8, 'Male': 0.8}"
REALDATA,SEMISYNTHETIC REAL-DATA EXPERIMENT,german,Male,gradient_boosting,group_threshold_calibrated,post,strong_first_group,80db5b8b411cb1ee,"{""alpha_negative"": {""Female"": 0.25, ""Male"": 0.25}, ""alpha_positive"": {""Female"": 0.75, ""Male"": 0.25}, ""contestation_scenario"": ""strong_first_group"", ""rho_negative"": {""Female"": 0.05, ""Male"": 0.05}, ""rho_positive"": {""Female"": 0.8, ""Male"": 0.8}}",fpr,20,0.5131578947368421,0.0794077068322668,0.0177561030414323,0.4783559327756348,0.5479598566980495,"{'Female': 0.25, 'Male': 0.25}","{'Female': 0.75, 'Male': 0.25}","{'Female': 0.05, 'Male': 0.05}","{'Female': 0.8, 'Male': 0.8}"
REALDATA,SEMISYNTHETIC REAL-DATA EXPERIMENT,german,Male,gradient_boosting,group_threshold_calibrated,post,strong_first_group,80db5b8b411cb1ee,"{""alpha_negative"": {""Female"": 0.25, ""Male"": 0.25}, ""alpha_positive"": {""Female"": 0.75, ""Male"": 0.25}, ""contestation_scenario"": ""strong_first_group"", ""rho_negative"": {""Female"": 0.05, ""Male"": 0.05}, ""rho_positive"": {""Female"": 0.8, ""Male"": 0.8}}",n,20,138.0,0.0,0.0,138.0,138.0,"{'Female': 0.25, 'Male': 0.25}","{'Female': 0.75, 'Male': 0.25}","{'Female': 0.05, 'Male': 0.05}","{'Female': 0.8, 'Male': 0.8}"
REALDATA,SEMISYNTHETIC REAL-DATA EXPERIMENT,german,Male,gradient_boosting,group_threshold_calibrated,post,strong_first_group,80db5b8b411cb1ee,"{""alpha_negative"": {""Female"": 0.25, ""Male"": 0.25}, ""alpha_positive"": {""Female"": 0.75, ""Male"": 0.25}, ""contestation_scenario"": ""strong_first_group"", ""rho_negative"": {""Female"": 0.05, ""Male"": 0.05}, ""rho_positive"": {""Female"": 0.8, ""Male"": 0.8}}",positive_rate,20,0.778623188405797,0.047107316421533,0.0105335161756139,0.7579774967015936,0.7992688801100004,"{'Female': 0.25, 'Male': 0.25}","{'Female': 0.75, 'Male': 0.25}","{'Female': 0.05, 'Male': 0.05}","{'Female': 0.8, 'Male': 0.8}"
REALDATA,SEMISYNTHETIC REAL-DATA EXPERIMENT,german,Male,gradient_boosting,group_threshold_calibrated,post,strong_first_group,80db5b8b411cb1ee,"{""alpha_negative"": {""Female"": 0.25, ""Male"": 0.25}, ""alpha_positive"": {""Female"": 0.75, ""Male"": 0.25}, ""contestation_scenario"": ""strong_first_group"", ""rho_negative"": {""Female"": 0.05, ""Male"": 0.05}, ""rho_positive"": {""Female"": 0.8, ""Male"": 0.8}}",prevalence,20,0.7246376811594203,0.0,0.0,0.7246376811594203,0.7246376811594203,"{'Female': 0.25, 'Male': 0.25}","{'Female': 0.75, 'Male': 0.25}","{'Female': 0.05, 'Male': 0.05}","{'Female': 0.8, 'Male': 0.8}"
REALDATA,SEMISYNTHETIC REAL-DATA EXPERIMENT,german,Male,gradient_boosting,group_threshold_calibrated,post,strong_first_group,80db5b8b411cb1ee,"{""alpha_negative"": {""Female"": 0.25, ""Male"": 0.25}, ""alpha_positive"": {""Female"": 0.75, ""Male"": 0.25}, ""contestation_scenario"": ""strong_first_group"", ""rho_negative"": {""Female"": 0.05, ""Male"": 0.05}, ""rho_positive"": {""Female"": 0.8, ""Male"": 0.8}}",tnr,20,0.4868421052631578,0.0794077068322668,0.0177561030414323,0.4520401433019505,0.5216440672243652,"{'Female': 0.25, 'Male': 0.25}","{'Female': 0.75, 'Male': 0.25}","{'Female': 0.05, 'Male': 0.05}","{'Female': 0.8, 'Male': 0.8}"
REALDATA,SEMISYNTHETIC REAL-DATA EXPERIMENT,german,Male,gradient_boosting,group_threshold_calibrated,post,strong_first_group,80db5b8b411cb1ee,"{""alpha_negative"": {""Female"": 0.25, ""Male"": 0.25}, ""alpha_positive"": {""Female"": 0.75, ""Male"": 0.25}, ""contestation_scenario"": ""strong_first_group"", ""rho_negative"": {""Female"": 0.05, ""Male"": 0.05}, ""rho_positive"": {""Female"": 0.8, ""Male"": 0.8}}",tpr,20,0.8795,0.0407140218959926,0.0091039320596854,0.8616562931630165,0.8973437068369834,"{'Female': 0.25, 'Male': 0.25}","{'Female': 0.75, 'Male': 0.25}","{'Female': 0.05, 'Male': 0.05}","{'Female': 0.8, 'Male': 0.8}"
REALDATA,SEMISYNTHETIC REAL-DATA EXPERIMENT,german,Male,gradient_boosting,group_threshold_calibrated,post,strong_second_group,1a6f52e99e976851,"{""alpha_negative"": {""Female"": 0.25, ""Male"": 0.25}, ""alpha_positive"": {""Female"": 0.25, ""Male"": 0.75}, ""contestation_scenario"": ""strong_second_group"", ""rho_negative"": {""Female"": 0.05, ""Male"": 0.05}, ""rho_positive"": {""Female"": 0.8, ""Male"": 0.8}}",accuracy,20,0.8144927536231885,0.0173403780178585,0.0038774264003474,0.8068929978785074,0.8220925093678696,"{'Female': 0.25, 'Male': 0.25}","{'Female': 0.25, 'Male': 0.75}","{'Female': 0.05, 'Male': 0.05}","{'Female': 0.8, 'Male': 0.8}"
REALDATA,SEMISYNTHETIC REAL-DATA EXPERIMENT,german,Male,gradient_boosting,group_threshold_calibrated,post,strong_second_group,1a6f52e99e976851,"{""alpha_negative"": {""Female"": 0.25, ""Male"": 0.25}, ""alpha_positive"": {""Female"": 0.25, ""Male"": 0.75}, ""contestation_scenario"": ""strong_second_group"", ""rho_negative"": {""Female"": 0.05, ""Male"": 0.05}, ""rho_positive"": {""Female"": 0.8, ""Male"": 0.8}}",fnr,20,0.0609999999999999,0.0321018117212949,0.0071781833209715,0.0469307606908958,0.0750692393091041,"{'Female': 0.25, 'Male': 0.25}","{'Female': 0.25, 'Male': 0.75}","{'Female': 0.05, 'Male': 0.05}","{'Female': 0.8, 'Male': 0.8}"
REALDATA,SEMISYNTHETIC REAL-DATA EXPERIMENT,german,Male,gradient_boosting,group_threshold_calibrated,post,strong_second_group,1a6f52e99e976851,"{""alpha_negative"": {""Female"": 0.25, ""Male"": 0.25}, ""alpha_positive"": {""Female"": 0.25, ""Male"": 0.75}, ""contestation_scenario"": ""strong_second_group"", ""rho_negative"": {""Female"": 0.05, ""Male"": 0.05}, ""rho_positive"": {""Female"": 0.8, ""Male"": 0.8}}",fpr,20,0.5131578947368421,0.0825582362372644,0.0184605828329009,0.4769751523843562,0.5493406370893281,"{'Female': 0.25, 'Male': 0.25}","{'Female': 0.25, 'Male': 0.75}","{'Female': 0.05, 'Male': 0.05}","{'Female': 0.8, 'Male': 0.8}"
REALDATA,SEMISYNTHETIC REAL-DATA EXPERIMENT,german,Male,gradient_boosting,group_threshold_calibrated,post,strong_second_group,1a6f52e99e976851,"{""alpha_negative"": {""Female"": 0.25, ""Male"": 0.25}, ""alpha_positive"": {""Female"": 0.25, ""Male"": 0.75}, ""contestation_scenario"": ""strong_second_group"", ""rho_negative"": {""Female"": 0.05, ""Male"": 0.05}, ""rho_positive"": {""Female"": 0.8, ""Male"": 0.8}}",n,20,138.0,0.0,0.0,138.0,138.0,"{'Female': 0.25, 'Male': 0.25}","{'Female': 0.25, 'Male': 0.75}","{'Female': 0.05, 'Male': 0.05}","{'Female': 0.8, 'Male': 0.8}"
REALDATA,SEMISYNTHETIC REAL-DATA EXPERIMENT,german,Male,gradient_boosting,group_threshold_calibrated,post,strong_second_group,1a6f52e99e976851,"{""alpha_negative"": {""Female"": 0.25, ""Male"": 0.25}, ""alpha_positive"": {""Female"": 0.25, ""Male"": 0.75}, ""contestation_scenario"": ""strong_second_group"", ""rho_negative"": {""Female"": 0.05, ""Male"": 0.05}, ""rho_positive"": {""Female"": 0.8, ""Male"": 0.8}}",positive_rate,20,0.8217391304347826,0.0426050113342481,0.0095267701525527,0.8030666609357792,0.8404115999337861,"{'Female': 0.25, 'Male': 0.25}","{'Female': 0.25, 'Male': 0.75}","{'Female': 0.05, 'Male': 0.05}","{'Female': 0.8, 'Male': 0.8}"
REALDATA,SEMISYNTHETIC REAL-DATA EXPERIMENT,german,Male,gradient_boosting,group_threshold_calibrated,post,strong_second_group,1a6f52e99e976851,"{""alpha_negative"": {""Female"": 0.25, ""Male"": 0.25}, ""alpha_positive"": {""Female"": 0.25, ""Male"": 0.75}, ""contestation_scenario"": ""strong_second_group"", ""rho_negative"": {""Female"": 0.05, ""Male"": 0.05}, ""rho_positive"": {""Female"": 0.8, ""Male"": 0.8}}",prevalence,20,0.7246376811594203,0.0,0.0,0.7246376811594203,0.7246376811594203,"{'Female': 0.25, 'Male': 0.25}","{'Female': 0.25, 'Male': 0.75}","{'Female': 0.05, 'Male': 0.05}","{'Female': 0.8, 'Male': 0.8}"
REALDATA,SEMISYNTHETIC REAL-DATA EXPERIMENT,german,Male,gradient_boosting,group_threshold_calibrated,post,strong_second_group,1a6f52e99e976851,"{""alpha_negative"": {""Female"": 0.25, ""Male"": 0.25}, ""alpha_positive"": {""Female"": 0.25, ""Male"": 0.75}, ""contestation_scenario"": ""strong_second_group"", ""rho_negative"": {""Female"": 0.05, ""Male"": 0.05}, ""rho_positive"": {""Female"": 0.8, ""Male"": 0.8}}",tnr,20,0.4868421052631578,0.0825582362372644,0.0184605828329009,0.4506593629106719,0.5230248476156437,"{'Female': 0.25, 'Male': 0.25}","{'Female': 0.25, 'Male': 0.75}","{'Female': 0.05, 'Male': 0.05}","{'Female': 0.8, 'Male': 0.8}"
REALDATA,SEMISYNTHETIC REAL-DATA EXPERIMENT,german,Male,gradient_boosting,group_threshold_calibrated,post,strong_second_group,1a6f52e99e976851,"{""alpha_negative"": {""Female"": 0.25, ""Male"": 0.25}, ""alpha_positive"": {""Female"": 0.25, ""Male"": 0.75}, ""contestation_scenario"": ""strong_second_group"", ""rho_negative"": {""Female"": 0.05, ""Male"": 0.05}, ""rho_positive"": {""Female"": 0.8, ""Male"": 0.8}}",tpr,20,0.939,0.0321018117212949,0.0071781833209715,0.924930760690896,0.9530692393091044,"{'Female': 0.25, 'Male': 0.25}","{'Female': 0.25, 'Male': 0.75}","{'Female': 0.05, 'Male': 0.05}","{'Female': 0.8, 'Male': 0.8}"
REALDATA,SEMISYNTHETIC REAL-DATA EXPERIMENT,german,Male,gradient_boosting,group_threshold_calibrated,pre,equal_access,8b1b8b56ce23dea1,"{""alpha_negative"": {""Female"": 0.25, ""Male"": 0.25}, ""alpha_positive"": {""Female"": 0.5, ""Male"": 0.5}, ""contestation_scenario"": ""equal_access"", ""rho_negative"": {""Female"": 0.05, ""Male"": 0.05}, ""rho_positive"": {""Female"": 0.8, ""Male"": 0.8}}",accuracy,20,0.75,0.0294114395649093,0.0065765978183264,0.7371098682760803,0.7628901317239197,"{'Female': 0.25, 'Male': 0.25}","{'Female': 0.5, 'Male': 0.5}","{'Female': 0.05, 'Male': 0.05}","{'Female': 0.8, 'Male': 0.8}"
REALDATA,SEMISYNTHETIC REAL-DATA EXPERIMENT,german,Male,gradient_boosting,group_threshold_calibrated,pre,equal_access,8b1b8b56ce23dea1,"{""alpha_negative"": {""Female"": 0.25, ""Male"": 0.25}, ""alpha_positive"": {""Female"": 0.5, ""Male"": 0.5}, ""contestation_scenario"": ""equal_access"", ""rho_negative"": {""Female"": 0.05, ""Male"": 0.05}, ""rho_positive"": {""Female"": 0.8, ""Male"": 0.8}}",fnr,20,0.1524999999999999,0.0566498943186639,0.0126673014614711,0.1276720891355164,0.1773279108644834,"{'Female': 0.25, 'Male': 0.25}","{'Female': 0.5, 'Male': 0.5}","{'Female': 0.05, 'Male': 0.05}","{'Female': 0.8, 'Male': 0.8}"
REALDATA,SEMISYNTHETIC REAL-DATA EXPERIMENT,german,Male,gradient_boosting,group_threshold_calibrated,pre,equal_access,8b1b8b56ce23dea1,"{""alpha_negative"": {""Female"": 0.25, ""Male"": 0.25}, ""alpha_positive"": {""Female"": 0.5, ""Male"": 0.5}, ""contestation_scenario"": ""equal_access"", ""rho_negative"": {""Female"": 0.05, ""Male"": 0.05}, ""rho_positive"": {""Female"": 0.8, ""Male"": 0.8}}",fpr,20,0.506578947368421,0.0786582888401838,0.0175885280840464,0.47210543232369,0.541052462413152,"{'Female': 0.25, 'Male': 0.25}","{'Female': 0.5, 'Male': 0.5}","{'Female': 0.05, 'Male': 0.05}","{'Female': 0.8, 'Male': 0.8}"
REALDATA,SEMISYNTHETIC REAL-DATA EXPERIMENT,german,Male,gradient_boosting,group_threshold_calibrated,pre,equal_access,8b1b8b56ce23dea1,"{""alpha_negative"": {""Female"": 0.25, ""Male"": 0.25}, ""alpha_positive"": {""Female"": 0.5, ""Male"": 0.5}, ""contestation_scenario"": ""equal_access"", ""rho_negative"": {""Female"": 0.05, ""Male"": 0.05}, ""rho_positive"": {""Female"": 0.8, ""Male"": 0.8}}",n,20,138.0,0.0,0.0,138.0,138.0,"{'Female': 0.25, 'Male': 0.25}","{'Female': 0.5, 'Male': 0.5}","{'Female': 0.05, 'Male': 0.05}","{'Female': 0.8, 'Male': 0.8}"
REALDATA,SEMISYNTHETIC REAL-DATA EXPERIMENT,german,Male,gradient_boosting,group_threshold_calibrated,pre,equal_access,8b1b8b56ce23dea1,"{""alpha_negative"": {""Female"": 0.25, ""Male"": 0.25}, ""alpha_positive"": {""Female"": 0.5, ""Male"": 0.5}, ""contestation_scenario"": ""equal_access"", ""rho_negative"": {""Female"": 0.05, ""Male"": 0.05}, ""rho_positive"": {""Female"": 0.8, ""Male"": 0.8}}",positive_rate,20,0.7536231884057971,0.0586817604639995,0.0131216405436862,0.7279047729401721,0.7793416038714222,"{'Female': 0.25, 'Male': 0.25}","{'Female': 0.5, 'Male': 0.5}","{'Female': 0.05, 'Male': 0.05}","{'Female': 0.8, 'Male': 0.8}"
REALDATA,SEMISYNTHETIC REAL-DATA EXPERIMENT,german,Male,gradient_boosting,group_threshold_calibrated,pre,equal_access,8b1b8b56ce23dea1,"{""alpha_negative"": {""Female"": 0.25, ""Male"": 0.25}, ""alpha_positive"": {""Female"": 0.5, ""Male"": 0.5}, ""contestation_scenario"": ""equal_access"", ""rho_negative"": {""Female"": 0.05, ""Male"": 0.05}, ""rho_positive"": {""Female"": 0.8, ""Male"": 0.8}}",prevalence,20,0.7246376811594203,0.0,0.0,0.7246376811594203,0.7246376811594203,"{'Female': 0.25, 'Male': 0.25}","{'Female': 0.5, 'Male': 0.5}","{'Female': 0.05, 'Male': 0.05}","{'Female': 0.8, 'Male': 0.8}"
REALDATA,SEMISYNTHETIC REAL-DATA EXPERIMENT,german,Male,gradient_boosting,group_threshold_calibrated,pre,equal_access,8b1b8b56ce23dea1,"{""alpha_negative"": {""Female"": 0.25, ""Male"": 0.25}, ""alpha_positive"": {""Female"": 0.5, ""Male"": 0.5}, ""contestation_scenario"": ""equal_access"", ""rho_negative"": {""Female"": 0.05, ""Male"": 0.05}, ""rho_positive"": {""Female"": 0.8, ""Male"": 0.8}}",tnr,20,0.4934210526315789,0.0786582888401838,0.0175885280840464,0.458947537586848,0.5278945676763099,"{'Female': 0.25, 'Male': 0.25}","{'Female': 0.5, 'Male': 0.5}","{'Female': 0.05, 'Male': 0.05}","{'Female': 0.8, 'Male': 0.8}"
REALDATA,SEMISYNTHETIC REAL-DATA EXPERIMENT,german,Male,gradient_boosting,group_threshold_calibrated,pre,equal_access,8b1b8b56ce23dea1,"{""alpha_negative"": {""Female"": 0.25, ""Male"": 0.25}, ""alpha_positive"": {""Female"": 0.5, ""Male"": 0.5}, ""contestation_scenario"": ""equal_access"", ""rho_negative"": {""Female"": 0.05, ""Male"": 0.05}, ""rho_positive"": {""Female"": 0.8, ""Male"": 0.8}}",tpr,20,0.8474999999999999,0.0566498943186638,0.0126673014614711,0.8226720891355165,0.8723279108644834,"{'Female': 0.25, 'Male': 0.25}","{'Female': 0.5, 'Male': 0.5}","{'Female': 0.05, 'Male': 0.05}","{'Female': 0.8, 'Male': 0.8}"
REALDATA,SEMISYNTHETIC REAL-DATA EXPERIMENT,german,Male,gradient_boosting,group_threshold_calibrated,pre,moderate_first_group,58a445a909825bd5,"{""alpha_negative"": {""Female"": 0.25, ""Male"": 0.25}, ""alpha_positive"": {""Female"": 0.65, ""Male"": 0.35}, ""contestation_scenario"": ""moderate_first_group"", ""rho_negative"": {""Female"": 0.05, ""Male"": 0.05}, ""rho_positive"": {""Female"": 0.8, ""Male"": 0.8}}",accuracy,20,0.75,0.0294114395649093,0.0065765978183264,0.7371098682760803,0.7628901317239197,"{'Female': 0.25, 'Male': 0.25}","{'Female': 0.65, 'Male': 0.35}","{'Female': 0.05, 'Male': 0.05}","{'Female': 0.8, 'Male': 0.8}"
REALDATA,SEMISYNTHETIC REAL-DATA EXPERIMENT,german,Male,gradient_boosting,group_threshold_calibrated,pre,moderate_first_group,58a445a909825bd5,"{""alpha_negative"": {""Female"": 0.25, ""Male"": 0.25}, ""alpha_positive"": {""Female"": 0.65, ""Male"": 0.35}, ""contestation_scenario"": ""moderate_first_group"", ""rho_negative"": {""Female"": 0.05, ""Male"": 0.05}, ""rho_positive"": {""Female"": 0.8, ""Male"": 0.8}}",fnr,20,0.1524999999999999,0.0566498943186639,0.0126673014614711,0.1276720891355164,0.1773279108644834,"{'Female': 0.25, 'Male': 0.25}","{'Female': 0.65, 'Male': 0.35}","{'Female': 0.05, 'Male': 0.05}","{'Female': 0.8, 'Male': 0.8}"
REALDATA,SEMISYNTHETIC REAL-DATA EXPERIMENT,german,Male,gradient_boosting,group_threshold_calibrated,pre,moderate_first_group,58a445a909825bd5,"{""alpha_negative"": {""Female"": 0.25, ""Male"": 0.25}, ""alpha_positive"": {""Female"": 0.65, ""Male"": 0.35}, ""contestation_scenario"": ""moderate_first_group"", ""rho_negative"": {""Female"": 0.05, ""Male"": 0.05}, ""rho_positive"": {""Female"": 0.8, ""Male"": 0.8}}",fpr,20,0.506578947368421,0.0786582888401838,0.0175885280840464,0.47210543232369,0.541052462413152,"{'Female': 0.25, 'Male': 0.25}","{'Female': 0.65, 'Male': 0.35}","{'Female': 0.05, 'Male': 0.05}","{'Female': 0.8, 'Male': 0.8}"
REALDATA,SEMISYNTHETIC REAL-DATA EXPERIMENT,german,Male,gradient_boosting,group_threshold_calibrated,pre,moderate_first_group,58a445a909825bd5,"{""alpha_negative"": {""Female"": 0.25, ""Male"": 0.25}, ""alpha_positive"": {""Female"": 0.65, ""Male"": 0.35}, ""contestation_scenario"": ""moderate_first_group"", ""rho_negative"": {""Female"": 0.05, ""Male"": 0.05}, ""rho_positive"": {""Female"": 0.8, ""Male"": 0.8}}",n,20,138.0,0.0,0.0,138.0,138.0,"{'Female': 0.25, 'Male': 0.25}","{'Female': 0.65, 'Male': 0.35}","{'Female': 0.05, 'Male': 0.05}","{'Female': 0.8, 'Male': 0.8}"
REALDATA,SEMISYNTHETIC REAL-DATA EXPERIMENT,german,Male,gradient_boosting,group_threshold_calibrated,pre,moderate_first_group,58a445a909825bd5,"{""alpha_negative"": {""Female"": 0.25, ""Male"": 0.25}, ""alpha_positive"": {""Female"": 0.65, ""Male"": 0.35}, ""contestation_scenario"": ""moderate_first_group"", ""rho_negative"": {""Female"": 0.05, ""Male"": 0.05}, ""rho_positive"": {""Female"": 0.8, ""Male"": 0.8}}",positive_rate,20,0.7536231884057971,0.0586817604639995,0.0131216405436862,0.7279047729401721,0.7793416038714222,"{'Female': 0.25, 'Male': 0.25}","{'Female': 0.65, 'Male': 0.35}","{'Female': 0.05, 'Male': 0.05}","{'Female': 0.8, 'Male': 0.8}"
REALDATA,SEMISYNTHETIC REAL-DATA EXPERIMENT,german,Male,gradient_boosting,group_threshold_calibrated,pre,moderate_first_group,58a445a909825bd5,"{""alpha_negative"": {""Female"": 0.25, ""Male"": 0.25}, ""alpha_positive"": {""Female"": 0.65, ""Male"": 0.35}, ""contestation_scenario"": ""moderate_first_group"", ""rho_negative"": {""Female"": 0.05, ""Male"": 0.05}, ""rho_positive"": {""Female"": 0.8, ""Male"": 0.8}}",prevalence,20,0.7246376811594203,0.0,0.0,0.7246376811594203,0.7246376811594203,"{'Female': 0.25, 'Male': 0.25}","{'Female': 0.65, 'Male': 0.35}","{'Female': 0.05, 'Male': 0.05}","{'Female': 0.8, 'Male': 0.8}"
REALDATA,SEMISYNTHETIC REAL-DATA EXPERIMENT,german,Male,gradient_boosting,group_threshold_calibrated,pre,moderate_first_group,58a445a909825bd5,"{""alpha_negative"": {""Female"": 0.25, ""Male"": 0.25}, ""alpha_positive"": {""Female"": 0.65, ""Male"": 0.35}, ""contestation_scenario"": ""moderate_first_group"", ""rho_negative"": {""Female"": 0.05, ""Male"": 0.05}, ""rho_positive"": {""Female"": 0.8, ""Male"": 0.8}}",tnr,20,0.4934210526315789,0.0786582888401838,0.0175885280840464,0.458947537586848,0.5278945676763099,"{'Female': 0.25, 'Male': 0.25}","{'Female': 0.65, 'Male': 0.35}","{'Female': 0.05, 'Male': 0.05}","{'Female': 0.8, 'Male': 0.8}"
REALDATA,SEMISYNTHETIC REAL-DATA EXPERIMENT,german,Male,gradient_boosting,group_threshold_calibrated,pre,moderate_first_group,58a445a909825bd5,"{""alpha_negative"": {""Female"": 0.25, ""Male"": 0.25}, ""alpha_positive"": {""Female"": 0.65, ""Male"": 0.35}, ""contestation_scenario"": ""moderate_first_group"", ""rho_negative"": {""Female"": 0.05, ""Male"": 0.05}, ""rho_positive"": {""Female"": 0.8, ""Male"": 0.8}}",tpr,20,0.8474999999999999,0.0566498943186638,0.0126673014614711,0.8226720891355165,0.8723279108644834,"{'Female': 0.25, 'Male': 0.25}","{'Female': 0.65, 'Male': 0.35}","{'Female': 0.05, 'Male': 0.05}","{'Female': 0.8, 'Male': 0.8}"
REALDATA,SEMISYNTHETIC REAL-DATA EXPERIMENT,german,Male,gradient_boosting,group_threshold_calibrated,pre,moderate_second_group,f2d18f38dbf44f65,"{""alpha_negative"": {""Female"": 0.25, ""Male"": 0.25}, ""alpha_positive"": {""Female"": 0.35, ""Male"": 0.65}, ""contestation_scenario"": ""moderate_second_group"", ""rho_negative"": {""Female"": 0.05, ""Male"": 0.05}, ""rho_positive"": {""Female"": 0.8, ""Male"": 0.8}}",accuracy,20,0.75,0.0294114395649093,0.0065765978183264,0.7371098682760803,0.7628901317239197,"{'Female': 0.25, 'Male': 0.25}","{'Female': 0.35, 'Male': 0.65}","{'Female': 0.05, 'Male': 0.05}","{'Female': 0.8, 'Male': 0.8}"
REALDATA,SEMISYNTHETIC REAL-DATA EXPERIMENT,german,Male,gradient_boosting,group_threshold_calibrated,pre,moderate_second_group,f2d18f38dbf44f65,"{""alpha_negative"": {""Female"": 0.25, ""Male"": 0.25}, ""alpha_positive"": {""Female"": 0.35, ""Male"": 0.65}, ""contestation_scenario"": ""moderate_second_group"", ""rho_negative"": {""Female"": 0.05, ""Male"": 0.05}, ""rho_positive"": {""Female"": 0.8, ""Male"": 0.8}}",fnr,20,0.1524999999999999,0.0566498943186639,0.0126673014614711,0.1276720891355164,0.1773279108644834,"{'Female': 0.25, 'Male': 0.25}","{'Female': 0.35, 'Male': 0.65}","{'Female': 0.05, 'Male': 0.05}","{'Female': 0.8, 'Male': 0.8}"
REALDATA,SEMISYNTHETIC REAL-DATA EXPERIMENT,german,Male,gradient_boosting,group_threshold_calibrated,pre,moderate_second_group,f2d18f38dbf44f65,"{""alpha_negative"": {""Female"": 0.25, ""Male"": 0.25}, ""alpha_positive"": {""Female"": 0.35, ""Male"": 0.65}, ""contestation_scenario"": ""moderate_second_group"", ""rho_negative"": {""Female"": 0.05, ""Male"": 0.05}, ""rho_positive"": {""Female"": 0.8, ""Male"": 0.8}}",fpr,20,0.506578947368421,0.0786582888401838,0.0175885280840464,0.47210543232369,0.541052462413152,"{'Female': 0.25, 'Male': 0.25}","{'Female': 0.35, 'Male': 0.65}","{'Female': 0.05, 'Male': 0.05}","{'Female': 0.8, 'Male': 0.8}"
REALDATA,SEMISYNTHETIC REAL-DATA EXPERIMENT,german,Male,gradient_boosting,group_threshold_calibrated,pre,moderate_second_group,f2d18f38dbf44f65,"{""alpha_negative"": {""Female"": 0.25, ""Male"": 0.25}, ""alpha_positive"": {""Female"": 0.35, ""Male"": 0.65}, ""contestation_scenario"": ""moderate_second_group"", ""rho_negative"": {""Female"": 0.05, ""Male"": 0.05}, ""rho_positive"": {""Female"": 0.8, ""Male"": 0.8}}",n,20,138.0,0.0,0.0,138.0,138.0,"{'Female': 0.25, 'Male': 0.25}","{'Female': 0.35, 'Male': 0.65}","{'Female': 0.05, 'Male': 0.05}","{'Female': 0.8, 'Male': 0.8}"
REALDATA,SEMISYNTHETIC REAL-DATA EXPERIMENT,german,Male,gradient_boosting,group_threshold_calibrated,pre,moderate_second_group,f2d18f38dbf44f65,"{""alpha_negative"": {""Female"": 0.25, ""Male"": 0.25}, ""alpha_positive"": {""Female"": 0.35, ""Male"": 0.65}, ""contestation_scenario"": ""moderate_second_group"", ""rho_negative"": {""Female"": 0.05, ""Male"": 0.05}, ""rho_positive"": {""Female"": 0.8, ""Male"": 0.8}}",positive_rate,20,0.7536231884057971,0.0586817604639995,0.0131216405436862,0.7279047729401721,0.7793416038714222,"{'Female': 0.25, 'Male': 0.25}","{'Female': 0.35, 'Male': 0.65}","{'Female': 0.05, 'Male': 0.05}","{'Female': 0.8, 'Male': 0.8}"
REALDATA,SEMISYNTHETIC REAL-DATA EXPERIMENT,german,Male,gradient_boosting,group_threshold_calibrated,pre,moderate_second_group,f2d18f38dbf44f65,"{""alpha_negative"": {""Female"": 0.25, ""Male"": 0.25}, ""alpha_positive"": {""Female"": 0.35, ""Male"": 0.65}, ""contestation_scenario"": ""moderate_second_group"", ""rho_negative"": {""Female"": 0.05, ""Male"": 0.05}, ""rho_positive"": {""Female"": 0.8, ""Male"": 0.8}}",prevalence,20,0.7246376811594203,0.0,0.0,0.7246376811594203,0.7246376811594203,"{'Female': 0.25, 'Male': 0.25}","{'Female': 0.35, 'Male': 0.65}","{'Female': 0.05, 'Male': 0.05}","{'Female': 0.8, 'Male': 0.8}"
REALDATA,SEMISYNTHETIC REAL-DATA EXPERIMENT,german,Male,gradient_boosting,group_threshold_calibrated,pre,moderate_second_group,f2d18f38dbf44f65,"{""alpha_negative"": {""Female"": 0.25, ""Male"": 0.25}, ""alpha_positive"": {""Female"": 0.35, ""Male"": 0.65}, ""contestation_scenario"": ""moderate_second_group"", ""rho_negative"": {""Female"": 0.05, ""Male"": 0.05}, ""rho_positive"": {""Female"": 0.8, ""Male"": 0.8}}",tnr,20,0.4934210526315789,0.0786582888401838,0.0175885280840464,0.458947537586848,0.5278945676763099,"{'Female': 0.25, 'Male': 0.25}","{'Female': 0.35, 'Male': 0.65}","{'Female': 0.05, 'Male': 0.05}","{'Female': 0.8, 'Male': 0.8}"
REALDATA,SEMISYNTHETIC REAL-DATA EXPERIMENT,german,Male,gradient_boosting,group_threshold_calibrated,pre,moderate_second_group,f2d18f38dbf44f65,"{""alpha_negative"": {""Female"": 0.25, ""Male"": 0.25}, ""alpha_positive"": {""Female"": 0.35, ""Male"": 0.65}, ""contestation_scenario"": ""moderate_second_group"", ""rho_negative"": {""Female"": 0.05, ""Male"": 0.05}, ""rho_positive"": {""Female"": 0.8, ""Male"": 0.8}}",tpr,20,0.8474999999999999,0.0566498943186638,0.0126673014614711,0.8226720891355165,0.8723279108644834,"{'Female': 0.25, 'Male': 0.25}","{'Female': 0.35, 'Male': 0.65}","{'Female': 0.05, 'Male': 0.05}","{'Female': 0.8, 'Male': 0.8}"
REALDATA,SEMISYNTHETIC REAL-DATA EXPERIMENT,german,Male,gradient_boosting,group_threshold_calibrated,pre,strong_first_group,80db5b8b411cb1ee,"{""alpha_negative"": {""Female"": 0.25, ""Male"": 0.25}, ""alpha_positive"": {""Female"": 0.75, ""Male"": 0.25}, ""contestation_scenario"": ""strong_first_group"", ""rho_negative"": {""Female"": 0.05, ""Male"": 0.05}, ""rho_positive"": {""Female"": 0.8, ""Male"": 0.8}}",accuracy,20,0.75,0.0294114395649093,0.0065765978183264,0.7371098682760803,0.7628901317239197,"{'Female': 0.25, 'Male': 0.25}","{'Female': 0.75, 'Male': 0.25}","{'Female': 0.05, 'Male': 0.05}","{'Female': 0.8, 'Male': 0.8}"
REALDATA,SEMISYNTHETIC REAL-DATA EXPERIMENT,german,Male,gradient_boosting,group_threshold_calibrated,pre,strong_first_group,80db5b8b411cb1ee,"{""alpha_negative"": {""Female"": 0.25, ""Male"": 0.25}, ""alpha_positive"": {""Female"": 0.75, ""Male"": 0.25}, ""contestation_scenario"": ""strong_first_group"", ""rho_negative"": {""Female"": 0.05, ""Male"": 0.05}, ""rho_positive"": {""Female"": 0.8, ""Male"": 0.8}}",fnr,20,0.1524999999999999,0.0566498943186639,0.0126673014614711,0.1276720891355164,0.1773279108644834,"{'Female': 0.25, 'Male': 0.25}","{'Female': 0.75, 'Male': 0.25}","{'Female': 0.05, 'Male': 0.05}","{'Female': 0.8, 'Male': 0.8}"
REALDATA,SEMISYNTHETIC REAL-DATA EXPERIMENT,german,Male,gradient_boosting,group_threshold_calibrated,pre,strong_first_group,80db5b8b411cb1ee,"{""alpha_negative"": {""Female"": 0.25, ""Male"": 0.25}, ""alpha_positive"": {""Female"": 0.75, ""Male"": 0.25}, ""contestation_scenario"": ""strong_first_group"", ""rho_negative"": {""Female"": 0.05, ""Male"": 0.05}, ""rho_positive"": {""Female"": 0.8, ""Male"": 0.8}}",fpr,20,0.506578947368421,0.0786582888401838,0.0175885280840464,0.47210543232369,0.541052462413152,"{'Female': 0.25, 'Male': 0.25}","{'Female': 0.75, 'Male': 0.25}","{'Female': 0.05, 'Male': 0.05}","{'Female': 0.8, 'Male': 0.8}"
REALDATA,SEMISYNTHETIC REAL-DATA EXPERIMENT,german,Male,gradient_boosting,group_threshold_calibrated,pre,strong_first_group,80db5b8b411cb1ee,"{""alpha_negative"": {""Female"": 0.25, ""Male"": 0.25}, ""alpha_positive"": {""Female"": 0.75, ""Male"": 0.25}, ""contestation_scenario"": ""strong_first_group"", ""rho_negative"": {""Female"": 0.05, ""Male"": 0.05}, ""rho_positive"": {""Female"": 0.8, ""Male"": 0.8}}",n,20,138.0,0.0,0.0,138.0,138.0,"{'Female': 0.25, 'Male': 0.25}","{'Female': 0.75, 'Male': 0.25}","{'Female': 0.05, 'Male': 0.05}","{'Female': 0.8, 'Male': 0.8}"
REALDATA,SEMISYNTHETIC REAL-DATA EXPERIMENT,german,Male,gradient_boosting,group_threshold_calibrated,pre,strong_first_group,80db5b8b411cb1ee,"{""alpha_negative"": {""Female"": 0.25, ""Male"": 0.25}, ""alpha_positive"": {""Female"": 0.75, ""Male"": 0.25}, ""contestation_scenario"": ""strong_first_group"", ""rho_negative"": {""Female"": 0.05, ""Male"": 0.05}, ""rho_positive"": {""Female"": 0.8, ""Male"": 0.8}}",positive_rate,20,0.7536231884057971,0.0586817604639995,0.0131216405436862,0.7279047729401721,0.7793416038714222,"{'Female': 0.25, 'Male': 0.25}","{'Female': 0.75, 'Male': 0.25}","{'Female': 0.05, 'Male': 0.05}","{'Female': 0.8, 'Male': 0.8}"
REALDATA,SEMISYNTHETIC REAL-DATA EXPERIMENT,german,Male,gradient_boosting,group_threshold_calibrated,pre,strong_first_group,80db5b8b411cb1ee,"{""alpha_negative"": {""Female"": 0.25, ""Male"": 0.25}, ""alpha_positive"": {""Female"": 0.75, ""Male"": 0.25}, ""contestation_scenario"": ""strong_first_group"", ""rho_negative"": {""Female"": 0.05, ""Male"": 0.05}, ""rho_positive"": {""Female"": 0.8, ""Male"": 0.8}}",prevalence,20,0.7246376811594203,0.0,0.0,0.7246376811594203,0.7246376811594203,"{'Female': 0.25, 'Male': 0.25}","{'Female': 0.75, 'Male': 0.25}","{'Female': 0.05, 'Male': 0.05}","{'Female': 0.8, 'Male': 0.8}"
REALDATA,SEMISYNTHETIC REAL-DATA EXPERIMENT,german,Male,gradient_boosting,group_threshold_calibrated,pre,strong_first_group,80db5b8b411cb1ee,"{""alpha_negative"": {""Female"": 0.25, ""Male"": 0.25}, ""alpha_positive"": {""Female"": 0.75, ""Male"": 0.25}, ""contestation_scenario"": ""strong_first_group"", ""rho_negative"": {""Female"": 0.05, ""Male"": 0.05}, ""rho_positive"": {""Female"": 0.8, ""Male"": 0.8}}",tnr,20,0.4934210526315789,0.0786582888401838,0.0175885280840464,0.458947537586848,0.5278945676763099,"{'Female': 0.25, 'Male': 0.25}","{'Female': 0.75, 'Male': 0.25}","{'Female': 0.05, 'Male': 0.05}","{'Female': 0.8, 'Male': 0.8}"
REALDATA,SEMISYNTHETIC REAL-DATA EXPERIMENT,german,Male,gradient_boosting,group_threshold_calibrated,pre,strong_first_group,80db5b8b411cb1ee,"{""alpha_negative"": {""Female"": 0.25, ""Male"": 0.25}, ""alpha_positive"": {""Female"": 0.75, ""Male"": 0.25}, ""contestation_scenario"": ""strong_first_group"", ""rho_negative"": {""Female"": 0.05, ""Male"": 0.05}, ""rho_positive"": {""Female"": 0.8, ""Male"": 0.8}}",tpr,20,0.8474999999999999,0.0566498943186638,0.0126673014614711,0.8226720891355165,0.8723279108644834,"{'Female': 0.25, 'Male': 0.25}","{'Female': 0.75, 'Male': 0.25}","{'Female': 0.05, 'Male': 0.05}","{'Female': 0.8, 'Male': 0.8}"
REALDATA,SEMISYNTHETIC REAL-DATA EXPERIMENT,german,Male,gradient_boosting,group_threshold_calibrated,pre,strong_second_group,1a6f52e99e976851,"{""alpha_negative"": {""Female"": 0.25, ""Male"": 0.25}, ""alpha_positive"": {""Female"": 0.25, ""Male"": 0.75}, ""contestation_scenario"": ""strong_second_group"", ""rho_negative"": {""Female"": 0.05, ""Male"": 0.05}, ""rho_positive"": {""Female"": 0.8, ""Male"": 0.8}}",accuracy,20,0.75,0.0294114395649093,0.0065765978183264,0.7371098682760803,0.7628901317239197,"{'Female': 0.25, 'Male': 0.25}","{'Female': 0.25, 'Male': 0.75}","{'Female': 0.05, 'Male': 0.05}","{'Female': 0.8, 'Male': 0.8}"
REALDATA,SEMISYNTHETIC REAL-DATA EXPERIMENT,german,Male,gradient_boosting,group_threshold_calibrated,pre,strong_second_group,1a6f52e99e976851,"{""alpha_negative"": {""Female"": 0.25, ""Male"": 0.25}, ""alpha_positive"": {""Female"": 0.25, ""Male"": 0.75}, ""contestation_scenario"": ""strong_second_group"", ""rho_negative"": {""Female"": 0.05, ""Male"": 0.05}, ""rho_positive"": {""Female"": 0.8, ""Male"": 0.8}}",fnr,20,0.1524999999999999,0.0566498943186639,0.0126673014614711,0.1276720891355164,0.1773279108644834,"{'Female': 0.25, 'Male': 0.25}","{'Female': 0.25, 'Male': 0.75}","{'Female': 0.05, 'Male': 0.05}","{'Female': 0.8, 'Male': 0.8}"
REALDATA,SEMISYNTHETIC REAL-DATA EXPERIMENT,german,Male,gradient_boosting,group_threshold_calibrated,pre,strong_second_group,1a6f52e99e976851,"{""alpha_negative"": {""Female"": 0.25, ""Male"": 0.25}, ""alpha_positive"": {""Female"": 0.25, ""Male"": 0.75}, ""contestation_scenario"": ""strong_second_group"", ""rho_negative"": {""Female"": 0.05, ""Male"": 0.05}, ""rho_positive"": {""Female"": 0.8, ""Male"": 0.8}}",fpr,20,0.506578947368421,0.0786582888401838,0.0175885280840464,0.47210543232369,0.541052462413152,"{'Female': 0.25, 'Male': 0.25}","{'Female': 0.25, 'Male': 0.75}","{'Female': 0.05, 'Male': 0.05}","{'Female': 0.8, 'Male': 0.8}"
REALDATA,SEMISYNTHETIC REAL-DATA EXPERIMENT,german,Male,gradient_boosting,group_threshold_calibrated,pre,strong_second_group,1a6f52e99e976851,"{""alpha_negative"": {""Female"": 0.25, ""Male"": 0.25}, ""alpha_positive"": {""Female"": 0.25, ""Male"": 0.75}, ""contestation_scenario"": ""strong_second_group"", ""rho_negative"": {""Female"": 0.05, ""Male"": 0.05}, ""rho_positive"": {""Female"": 0.8, ""Male"": 0.8}}",n,20,138.0,0.0,0.0,138.0,138.0,"{'Female': 0.25, 'Male': 0.25}","{'Female': 0.25, 'Male': 0.75}","{'Female': 0.05, 'Male': 0.05}","{'Female': 0.8, 'Male': 0.8}"
REALDATA,SEMISYNTHETIC REAL-DATA EXPERIMENT,german,Male,gradient_boosting,group_threshold_calibrated,pre,strong_second_group,1a6f52e99e976851,"{""alpha_negative"": {""Female"": 0.25, ""Male"": 0.25}, ""alpha_positive"": {""Female"": 0.25, ""Male"": 0.75}, ""contestation_scenario"": ""strong_second_group"", ""rho_negative"": {""Female"": 0.05, ""Male"": 0.05}, ""rho_positive"": {""Female"": 0.8, ""Male"": 0.8}}",positive_rate,20,0.7536231884057971,0.0586817604639995,0.0131216405436862,0.7279047729401721,0.7793416038714222,"{'Female': 0.25, 'Male': 0.25}","{'Female': 0.25, 'Male': 0.75}","{'Female': 0.05, 'Male': 0.05}","{'Female': 0.8, 'Male': 0.8}"
REALDATA,SEMISYNTHETIC REAL-DATA EXPERIMENT,german,Male,gradient_boosting,group_threshold_calibrated,pre,strong_second_group,1a6f52e99e976851,"{""alpha_negative"": {""Female"": 0.25, ""Male"": 0.25}, ""alpha_positive"": {""Female"": 0.25, ""Male"": 0.75}, ""contestation_scenario"": ""strong_second_group"", ""rho_negative"": {""Female"": 0.05, ""Male"": 0.05}, ""rho_positive"": {""Female"": 0.8, ""Male"": 0.8}}",prevalence,20,0.7246376811594203,0.0,0.0,0.7246376811594203,0.7246376811594203,"{'Female': 0.25, 'Male': 0.25}","{'Female': 0.25, 'Male': 0.75}","{'Female': 0.05, 'Male': 0.05}","{'Female': 0.8, 'Male': 0.8}"
REALDATA,SEMISYNTHETIC REAL-DATA EXPERIMENT,german,Male,gradient_boosting,group_threshold_calibrated,pre,strong_second_group,1a6f52e99e976851,"{""alpha_negative"": {""Female"": 0.25, ""Male"": 0.25}, ""alpha_positive"": {""Female"": 0.25, ""Male"": 0.75}, ""contestation_scenario"": ""strong_second_group"", ""rho_negative"": {""Female"": 0.05, ""Male"": 0.05}, ""rho_positive"": {""Female"": 0.8, ""Male"": 0.8}}",tnr,20,0.4934210526315789,0.0786582888401838,0.0175885280840464,0.458947537586848,0.5278945676763099,"{'Female': 0.25, 'Male': 0.25}","{'Female': 0.25, 'Male': 0.75}","{'Female': 0.05, 'Male': 0.05}","{'Female': 0.8, 'Male': 0.8}"
REALDATA,SEMISYNTHETIC REAL-DATA EXPERIMENT,german,Male,gradient_boosting,group_threshold_calibrated,pre,strong_second_group,1a6f52e99e976851,"{""alpha_negative"": {""Female"": 0.25, ""Male"": 0.25}, ""alpha_positive"": {""Female"": 0.25, ""Male"": 0.75}, ""contestation_scenario"": ""strong_second_group"", ""rho_negative"": {""Female"": 0.05, ""Male"": 0.05}, ""rho_positive"": {""Female"": 0.8, ""Male"": 0.8}}",tpr,20,0.8474999999999999,0.0566498943186638,0.0126673014614711,0.8226720891355165,0.8723279108644834,"{'Female': 0.25, 'Male': 0.25}","{'Female': 0.25, 'Male': 0.75}","{'Female': 0.05, 'Male': 0.05}","{'Female': 0.8, 'Male': 0.8}"
REALDATA,SEMISYNTHETIC REAL-DATA EXPERIMENT,german,Male,gradient_boosting,validation_selected_threshold,frozen_policy,equal_access,8b1b8b56ce23dea1,"{""alpha_negative"": {""Female"": 0.25, ""Male"": 0.25}, ""alpha_positive"": {""Female"": 0.5, ""Male"": 0.5}, ""contestation_scenario"": ""equal_access"", ""rho_negative"": {""Female"": 0.05, ""Male"": 0.05}, ""rho_positive"": {""Female"": 0.8, ""Male"": 0.8}}",decision_threshold,20,0.521,0.0736206492772238,0.0164620776331543,0.4887343278390175,0.5532656721609825,"{'Female': 0.25, 'Male': 0.25}","{'Female': 0.5, 'Male': 0.5}","{'Female': 0.05, 'Male': 0.05}","{'Female': 0.8, 'Male': 0.8}"
REALDATA,SEMISYNTHETIC REAL-DATA EXPERIMENT,german,Male,gradient_boosting,validation_selected_threshold,frozen_policy,moderate_first_group,58a445a909825bd5,"{""alpha_negative"": {""Female"": 0.25, ""Male"": 0.25}, ""alpha_positive"": {""Female"": 0.65, ""Male"": 0.35}, ""contestation_scenario"": ""moderate_first_group"", ""rho_negative"": {""Female"": 0.05, ""Male"": 0.05}, ""rho_positive"": {""Female"": 0.8, ""Male"": 0.8}}",decision_threshold,20,0.521,0.0736206492772238,0.0164620776331543,0.4887343278390175,0.5532656721609825,"{'Female': 0.25, 'Male': 0.25}","{'Female': 0.65, 'Male': 0.35}","{'Female': 0.05, 'Male': 0.05}","{'Female': 0.8, 'Male': 0.8}"
REALDATA,SEMISYNTHETIC REAL-DATA EXPERIMENT,german,Male,gradient_boosting,validation_selected_threshold,frozen_policy,moderate_second_group,f2d18f38dbf44f65,"{""alpha_negative"": {""Female"": 0.25, ""Male"": 0.25}, ""alpha_positive"": {""Female"": 0.35, ""Male"": 0.65}, ""contestation_scenario"": ""moderate_second_group"", ""rho_negative"": {""Female"": 0.05, ""Male"": 0.05}, ""rho_positive"": {""Female"": 0.8, ""Male"": 0.8}}",decision_threshold,20,0.521,0.0736206492772238,0.0164620776331543,0.4887343278390175,0.5532656721609825,"{'Female': 0.25, 'Male': 0.25}","{'Female': 0.35, 'Male': 0.65}","{'Female': 0.05, 'Male': 0.05}","{'Female': 0.8, 'Male': 0.8}"
REALDATA,SEMISYNTHETIC REAL-DATA EXPERIMENT,german,Male,gradient_boosting,validation_selected_threshold,frozen_policy,strong_first_group,80db5b8b411cb1ee,"{""alpha_negative"": {""Female"": 0.25, ""Male"": 0.25}, ""alpha_positive"": {""Female"": 0.75, ""Male"": 0.25}, ""contestation_scenario"": ""strong_first_group"", ""rho_negative"": {""Female"": 0.05, ""Male"": 0.05}, ""rho_positive"": {""Female"": 0.8, ""Male"": 0.8}}",decision_threshold,20,0.521,0.0736206492772238,0.0164620776331543,0.4887343278390175,0.5532656721609825,"{'Female': 0.25, 'Male': 0.25}","{'Female': 0.75, 'Male': 0.25}","{'Female': 0.05, 'Male': 0.05}","{'Female': 0.8, 'Male': 0.8}"
REALDATA,SEMISYNTHETIC REAL-DATA EXPERIMENT,german,Male,gradient_boosting,validation_selected_threshold,frozen_policy,strong_second_group,1a6f52e99e976851,"{""alpha_negative"": {""Female"": 0.25, ""Male"": 0.25}, ""alpha_positive"": {""Female"": 0.25, ""Male"": 0.75}, ""contestation_scenario"": ""strong_second_group"", ""rho_negative"": {""Female"": 0.05, ""Male"": 0.05}, ""rho_positive"": {""Female"": 0.8, ""Male"": 0.8}}",decision_threshold,20,0.521,0.0736206492772238,0.0164620776331543,0.4887343278390175,0.5532656721609825,"{'Female': 0.25, 'Male': 0.25}","{'Female': 0.25, 'Male': 0.75}","{'Female': 0.05, 'Male': 0.05}","{'Female': 0.8, 'Male': 0.8}"
REALDATA,SEMISYNTHETIC REAL-DATA EXPERIMENT,german,Male,logistic,group_threshold_calibrated,post,equal_access,8b1b8b56ce23dea1,"{""alpha_negative"": {""Female"": 0.25, ""Male"": 0.25}, ""alpha_positive"": {""Female"": 0.5, ""Male"": 0.5}, ""contestation_scenario"": ""equal_access"", ""rho_negative"": {""Female"": 0.05, ""Male"": 0.05}, ""rho_positive"": {""Female"": 0.8, ""Male"": 0.8}}",accuracy,20,0.7793478260869565,0.0264400002545431,0.005912163789427,0.7677599850596796,0.7909356671142335,"{'Female': 0.25, 'Male': 0.25}","{'Female': 0.5, 'Male': 0.5}","{'Female': 0.05, 'Male': 0.05}","{'Female': 0.8, 'Male': 0.8}"
REALDATA,SEMISYNTHETIC REAL-DATA EXPERIMENT,german,Male,logistic,group_threshold_calibrated,post,equal_access,8b1b8b56ce23dea1,"{""alpha_negative"": {""Female"": 0.25, ""Male"": 0.25}, ""alpha_positive"": {""Female"": 0.5, ""Male"": 0.5}, ""contestation_scenario"": ""equal_access"", ""rho_negative"": {""Female"": 0.05, ""Male"": 0.05}, ""rho_positive"": {""Female"": 0.8, ""Male"": 0.8}}",fnr,20,0.0884999999999999,0.040428624564911,0.0090401152763958,0.070781374058264,0.1062186259417359,"{'Female': 0.25, 'Male': 0.25}","{'Female': 0.5, 'Male': 0.5}","{'Female': 0.05, 'Male': 0.05}","{'Female': 0.8, 'Male': 0.8}"
REALDATA,SEMISYNTHETIC REAL-DATA EXPERIMENT,german,Male,logistic,group_threshold_calibrated,post,equal_access,8b1b8b56ce23dea1,"{""alpha_negative"": {""Female"": 0.25, ""Male"": 0.25}, ""alpha_positive"": {""Female"": 0.5, ""Male"": 0.5}, ""contestation_scenario"": ""equal_access"", ""rho_negative"": {""Female"": 0.05, ""Male"": 0.05}, ""rho_positive"": {""Female"": 0.8, ""Male"": 0.8}}",fpr,20,0.5684210526315789,0.0901150226417865,0.0201503316420967,0.5289264026130693,0.6079157026500885,"{'Female': 0.25, 'Male': 0.25}","{'Female': 0.5, 'Male': 0.5}","{'Female': 0.05, 'Male': 0.05}","{'Female': 0.8, 'Male': 0.8}"
REALDATA,SEMISYNTHETIC REAL-DATA EXPERIMENT,german,Male,logistic,group_threshold_calibrated,post,equal_access,8b1b8b56ce23dea1,"{""alpha_negative"": {""Female"": 0.25, ""Male"": 0.25}, ""alpha_positive"": {""Female"": 0.5, ""Male"": 0.5}, ""contestation_scenario"": ""equal_access"", ""rho_negative"": {""Female"": 0.05, ""Male"": 0.05}, ""rho_positive"": {""Female"": 0.8, ""Male"": 0.8}}",n,20,138.0,0.0,0.0,138.0,138.0,"{'Female': 0.25, 'Male': 0.25}","{'Female': 0.5, 'Male': 0.5}","{'Female': 0.05, 'Male': 0.05}","{'Female': 0.8, 'Male': 0.8}"
REALDATA,SEMISYNTHETIC REAL-DATA EXPERIMENT,german,Male,logistic,group_threshold_calibrated,post,equal_access,8b1b8b56ce23dea1,"{""alpha_negative"": {""Female"": 0.25, ""Male"": 0.25}, ""alpha_positive"": {""Female"": 0.5, ""Male"": 0.5}, ""contestation_scenario"": ""equal_access"", ""rho_negative"": {""Female"": 0.05, ""Male"": 0.05}, ""rho_positive"": {""Female"": 0.8, ""Male"": 0.8}}",positive_rate,20,0.8170289855072465,0.0474230643967583,0.0106041195692501,0.7962449111515161,0.8378130598629768,"{'Female': 0.25, 'Male': 0.25}","{'Female': 0.5, 'Male': 0.5}","{'Female': 0.05, 'Male': 0.05}","{'Female': 0.8, 'Male': 0.8}"
REALDATA,SEMISYNTHETIC REAL-DATA EXPERIMENT,german,Male,logistic,group_threshold_calibrated,post,equal_access,8b1b8b56ce23dea1,"{""alpha_negative"": {""Female"": 0.25, ""Male"": 0.25}, ""alpha_positive"": {""Female"": 0.5, ""Male"": 0.5}, ""contestation_scenario"": ""equal_access"", ""rho_negative"": {""Female"": 0.05, ""Male"": 0.05}, ""rho_positive"": {""Female"": 0.8, ""Male"": 0.8}}",prevalence,20,0.7246376811594203,0.0,0.0,0.7246376811594203,0.7246376811594203,"{'Female': 0.25, 'Male': 0.25}","{'Female': 0.5, 'Male': 0.5}","{'Female': 0.05, 'Male': 0.05}","{'Female': 0.8, 'Male': 0.8}"
REALDATA,SEMISYNTHETIC REAL-DATA EXPERIMENT,german,Male,logistic,group_threshold_calibrated,post,equal_access,8b1b8b56ce23dea1,"{""alpha_negative"": {""Female"": 0.25, ""Male"": 0.25}, ""alpha_positive"": {""Female"": 0.5, ""Male"": 0.5}, ""contestation_scenario"": ""equal_access"", ""rho_negative"": {""Female"": 0.05, ""Male"": 0.05}, ""rho_positive"": {""Female"": 0.8, ""Male"": 0.8}}",tnr,20,0.431578947368421,0.0901150226417865,0.0201503316420967,0.3920842973499114,0.4710735973869306,"{'Female': 0.25, 'Male': 0.25}","{'Female': 0.5, 'Male': 0.5}","{'Female': 0.05, 'Male': 0.05}","{'Female': 0.8, 'Male': 0.8}"
REALDATA,SEMISYNTHETIC REAL-DATA EXPERIMENT,german,Male,logistic,group_threshold_calibrated,post,equal_access,8b1b8b56ce23dea1,"{""alpha_negative"": {""Female"": 0.25, ""Male"": 0.25}, ""alpha_positive"": {""Female"": 0.5, ""Male"": 0.5}, ""contestation_scenario"": ""equal_access"", ""rho_negative"": {""Female"": 0.05, ""Male"": 0.05}, ""rho_positive"": {""Female"": 0.8, ""Male"": 0.8}}",tpr,20,0.9115,0.040428624564911,0.0090401152763958,0.8937813740582641,0.929218625941736,"{'Female': 0.25, 'Male': 0.25}","{'Female': 0.5, 'Male': 0.5}","{'Female': 0.05, 'Male': 0.05}","{'Female': 0.8, 'Male': 0.8}"
REALDATA,SEMISYNTHETIC REAL-DATA EXPERIMENT,german,Male,logistic,group_threshold_calibrated,post,moderate_first_group,58a445a909825bd5,"{""alpha_negative"": {""Female"": 0.25, ""Male"": 0.25}, ""alpha_positive"": {""Female"": 0.65, ""Male"": 0.35}, ""contestation_scenario"": ""moderate_first_group"", ""rho_negative"": {""Female"": 0.05, ""Male"": 0.05}, ""rho_positive"": {""Female"": 0.8, ""Male"": 0.8}}",accuracy,20,0.7677536231884058,0.0268548520274509,0.0060049274659078,0.7559839653552264,0.7795232810215852,"{'Female': 0.25, 'Male': 0.25}","{'Female': 0.65, 'Male': 0.35}","{'Female': 0.05, 'Male': 0.05}","{'Female': 0.8, 'Male': 0.8}"
REALDATA,SEMISYNTHETIC REAL-DATA EXPERIMENT,german,Male,logistic,group_threshold_calibrated,post,moderate_first_group,58a445a909825bd5,"{""alpha_negative"": {""Female"": 0.25, ""Male"": 0.25}, ""alpha_positive"": {""Female"": 0.65, ""Male"": 0.35}, ""contestation_scenario"": ""moderate_first_group"", ""rho_negative"": {""Female"": 0.05, ""Male"": 0.05}, ""rho_positive"": {""Female"": 0.8, ""Male"": 0.8}}",fnr,20,0.1039999999999999,0.048925292135319,0.0109400279033609,0.0825575453094125,0.1254424546905873,"{'Female': 0.25, 'Male': 0.25}","{'Female': 0.65, 'Male': 0.35}","{'Female': 0.05, 'Male': 0.05}","{'Female': 0.8, 'Male': 0.8}"
REALDATA,SEMISYNTHETIC REAL-DATA EXPERIMENT,german,Male,logistic,group_threshold_calibrated,post,moderate_first_group,58a445a909825bd5,"{""alpha_negative"": {""Female"": 0.25, ""Male"": 0.25}, ""alpha_positive"": {""Female"": 0.65, ""Male"": 0.35}, ""contestation_scenario"": ""moderate_first_group"", ""rho_negative"": {""Female"": 0.05, ""Male"": 0.05}, ""rho_positive"": {""Female"": 0.8, ""Male"": 0.8}}",fpr,20,0.5697368421052632,0.0896588437718843,0.0200483269457966,0.5304421212915017,0.6090315629190247,"{'Female': 0.25, 'Male': 0.25}","{'Female': 0.65, 'Male': 0.35}","{'Female': 0.05, 'Male': 0.05}","{'Female': 0.8, 'Male': 0.8}"
REALDATA,SEMISYNTHETIC REAL-DATA EXPERIMENT,german,Male,logistic,group_threshold_calibrated,post,moderate_first_group,58a445a909825bd5,"{""alpha_negative"": {""Female"": 0.25, ""Male"": 0.25}, ""alpha_positive"": {""Female"": 0.65, ""Male"": 0.35}, ""contestation_scenario"": ""moderate_first_group"", ""rho_negative"": {""Female"": 0.05, ""Male"": 0.05}, ""rho_positive"": {""Female"": 0.8, ""Male"": 0.8}}",n,20,138.0,0.0,0.0,138.0,138.0,"{'Female': 0.25, 'Male': 0.25}","{'Female': 0.65, 'Male': 0.35}","{'Female': 0.05, 'Male': 0.05}","{'Female': 0.8, 'Male': 0.8}"
REALDATA,SEMISYNTHETIC REAL-DATA EXPERIMENT,german,Male,logistic,group_threshold_calibrated,post,moderate_first_group,58a445a909825bd5,"{""alpha_negative"": {""Female"": 0.25, ""Male"": 0.25}, ""alpha_positive"": {""Female"": 0.65, ""Male"": 0.35}, ""contestation_scenario"": ""moderate_first_group"", ""rho_negative"": {""Female"": 0.05, ""Male"": 0.05}, ""rho_positive"": {""Female"": 0.8, ""Male"": 0.8}}",positive_rate,20,0.8061594202898551,0.0548791722173603,0.0122713559626935,0.7821075626029758,0.8302112779767344,"{'Female': 0.25, 'Male': 0.25}","{'Female': 0.65, 'Male': 0.35}","{'Female': 0.05, 'Male': 0.05}","{'Female': 0.8, 'Male': 0.8}"
REALDATA,SEMISYNTHETIC REAL-DATA EXPERIMENT,german,Male,logistic,group_threshold_calibrated,post,moderate_first_group,58a445a909825bd5,"{""alpha_negative"": {""Female"": 0.25, ""Male"": 0.25}, ""alpha_positive"": {""Female"": 0.65, ""Male"": 0.35}, ""contestation_scenario"": ""moderate_first_group"", ""rho_negative"": {""Female"": 0.05, ""Male"": 0.05}, ""rho_positive"": {""Female"": 0.8, ""Male"": 0.8}}",prevalence,20,0.7246376811594203,0.0,0.0,0.7246376811594203,0.7246376811594203,"{'Female': 0.25, 'Male': 0.25}","{'Female': 0.65, 'Male': 0.35}","{'Female': 0.05, 'Male': 0.05}","{'Female': 0.8, 'Male': 0.8}"
REALDATA,SEMISYNTHETIC REAL-DATA EXPERIMENT,german,Male,logistic,group_threshold_calibrated,post,moderate_first_group,58a445a909825bd5,"{""alpha_negative"": {""Female"": 0.25, ""Male"": 0.25}, ""alpha_positive"": {""Female"": 0.65, ""Male"": 0.35}, ""contestation_scenario"": ""moderate_first_group"", ""rho_negative"": {""Female"": 0.05, ""Male"": 0.05}, ""rho_positive"": {""Female"": 0.8, ""Male"": 0.8}}",tnr,20,0.4302631578947368,0.0896588437718843,0.0200483269457966,0.3909684370809753,0.4695578787084983,"{'Female': 0.25, 'Male': 0.25}","{'Female': 0.65, 'Male': 0.35}","{'Female': 0.05, 'Male': 0.05}","{'Female': 0.8, 'Male': 0.8}"
REALDATA,SEMISYNTHETIC REAL-DATA EXPERIMENT,german,Male,logistic,group_threshold_calibrated,post,moderate_first_group,58a445a909825bd5,"{""alpha_negative"": {""Female"": 0.25, ""Male"": 0.25}, ""alpha_positive"": {""Female"": 0.65, ""Male"": 0.35}, ""contestation_scenario"": ""moderate_first_group"", ""rho_negative"": {""Female"": 0.05, ""Male"": 0.05}, ""rho_positive"": {""Female"": 0.8, ""Male"": 0.8}}",tpr,20,0.8960000000000001,0.048925292135319,0.0109400279033609,0.8745575453094128,0.9174424546905876,"{'Female': 0.25, 'Male': 0.25}","{'Female': 0.65, 'Male': 0.35}","{'Female': 0.05, 'Male': 0.05}","{'Female': 0.8, 'Male': 0.8}"
REALDATA,SEMISYNTHETIC REAL-DATA EXPERIMENT,german,Male,logistic,group_threshold_calibrated,post,moderate_second_group,f2d18f38dbf44f65,"{""alpha_negative"": {""Female"": 0.25, ""Male"": 0.25}, ""alpha_positive"": {""Female"": 0.35, ""Male"": 0.65}, ""contestation_scenario"": ""moderate_second_group"", ""rho_negative"": {""Female"": 0.05, ""Male"": 0.05}, ""rho_positive"": {""Female"": 0.8, ""Male"": 0.8}}",accuracy,20,0.8,0.0274578353280294,0.0061397586308469,0.78796607308354,0.81203392691646,"{'Female': 0.25, 'Male': 0.25}","{'Female': 0.35, 'Male': 0.65}","{'Female': 0.05, 'Male': 0.05}","{'Female': 0.8, 'Male': 0.8}"
REALDATA,SEMISYNTHETIC REAL-DATA EXPERIMENT,german,Male,logistic,group_threshold_calibrated,post,moderate_second_group,f2d18f38dbf44f65,"{""alpha_negative"": {""Female"": 0.25, ""Male"": 0.25}, ""alpha_positive"": {""Female"": 0.35, ""Male"": 0.65}, ""contestation_scenario"": ""moderate_second_group"", ""rho_negative"": {""Female"": 0.05, ""Male"": 0.05}, ""rho_positive"": {""Female"": 0.8, ""Male"": 0.8}}",fnr,20,0.0599999999999999,0.0390680917050434,0.0087358908803672,0.0428776538744801,0.0771223461255198,"{'Female': 0.25, 'Male': 0.25}","{'Female': 0.35, 'Male': 0.65}","{'Female': 0.05, 'Male': 0.05}","{'Female': 0.8, 'Male': 0.8}"
REALDATA,SEMISYNTHETIC REAL-DATA EXPERIMENT,german,Male,logistic,group_threshold_calibrated,post,moderate_second_group,f2d18f38dbf44f65,"{""alpha_negative"": {""Female"": 0.25, ""Male"": 0.25}, ""alpha_positive"": {""Female"": 0.35, ""Male"": 0.65}, ""contestation_scenario"": ""moderate_second_group"", ""rho_negative"": {""Female"": 0.05, ""Male"": 0.05}, ""rho_positive"": {""Female"": 0.8, ""Male"": 0.8}}",fpr,20,0.5684210526315789,0.0876546391426648,0.0196001731666212,0.5300047132250013,0.6068373920381566,"{'Female': 0.25, 'Male': 0.25}","{'Female': 0.35, 'Male': 0.65}","{'Female': 0.05, 'Male': 0.05}","{'Female': 0.8, 'Male': 0.8}"
REALDATA,SEMISYNTHETIC REAL-DATA EXPERIMENT,german,Male,logistic,group_threshold_calibrated,post,moderate_second_group,f2d18f38dbf44f65,"{""alpha_negative"": {""Female"": 0.25, ""Male"": 0.25}, ""alpha_positive"": {""Female"": 0.35, ""Male"": 0.65}, ""contestation_scenario"": ""moderate_second_group"", ""rho_negative"": {""Female"": 0.05, ""Male"": 0.05}, ""rho_positive"": {""Female"": 0.8, ""Male"": 0.8}}",n,20,138.0,0.0,0.0,138.0,138.0,"{'Female': 0.25, 'Male': 0.25}","{'Female': 0.35, 'Male': 0.65}","{'Female': 0.05, 'Male': 0.05}","{'Female': 0.8, 'Male': 0.8}"
REALDATA,SEMISYNTHETIC REAL-DATA EXPERIMENT,german,Male,logistic,group_threshold_calibrated,post,moderate_second_group,f2d18f38dbf44f65,"{""alpha_negative"": {""Female"": 0.25, ""Male"": 0.25}, ""alpha_positive"": {""Female"": 0.35, ""Male"": 0.65}, ""contestation_scenario"": ""moderate_second_group"", ""rho_negative"": {""Female"": 0.05, ""Male"": 0.05}, ""rho_positive"": {""Female"": 0.8, ""Male"": 0.8}}",positive_rate,20,0.8376811594202899,0.0448795294805529,0.0100353678716722,0.8180118383918124,0.8573504804487674,"{'Female': 0.25, 'Male': 0.25}","{'Female': 0.35, 'Male': 0.65}","{'Female': 0.05, 'Male': 0.05}","{'Female': 0.8, 'Male': 0.8}"
REALDATA,SEMISYNTHETIC REAL-DATA EXPERIMENT,german,Male,logistic,group_threshold_calibrated,post,moderate_second_group,f2d18f38dbf44f65,"{""alpha_negative"": {""Female"": 0.25, ""Male"": 0.25}, ""alpha_positive"": {""Female"": 0.35, ""Male"": 0.65}, ""contestation_scenario"": ""moderate_second_group"", ""rho_negative"": {""Female"": 0.05, ""Male"": 0.05}, ""rho_positive"": {""Female"": 0.8, ""Male"": 0.8}}",prevalence,20,0.7246376811594203,0.0,0.0,0.7246376811594203,0.7246376811594203,"{'Female': 0.25, 'Male': 0.25}","{'Female': 0.35, 'Male': 0.65}","{'Female': 0.05, 'Male': 0.05}","{'Female': 0.8, 'Male': 0.8}"
REALDATA,SEMISYNTHETIC REAL-DATA EXPERIMENT,german,Male,logistic,group_threshold_calibrated,post,moderate_second_group,f2d18f38dbf44f65,"{""alpha_negative"": {""Female"": 0.25, ""Male"": 0.25}, ""alpha_positive"": {""Female"": 0.35, ""Male"": 0.65}, ""contestation_scenario"": ""moderate_second_group"", ""rho_negative"": {""Female"": 0.05, ""Male"": 0.05}, ""rho_positive"": {""Female"": 0.8, ""Male"": 0.8}}",tnr,20,0.431578947368421,0.0876546391426648,0.0196001731666212,0.3931626079618434,0.4699952867749987,"{'Female': 0.25, 'Male': 0.25}","{'Female': 0.35, 'Male': 0.65}","{'Female': 0.05, 'Male': 0.05}","{'Female': 0.8, 'Male': 0.8}"
REALDATA,SEMISYNTHETIC REAL-DATA EXPERIMENT,german,Male,logistic,group_threshold_calibrated,post,moderate_second_group,f2d18f38dbf44f65,"{""alpha_negative"": {""Female"": 0.25, ""Male"": 0.25}, ""alpha_positive"": {""Female"": 0.35, ""Male"": 0.65}, ""contestation_scenario"": ""moderate_second_group"", ""rho_negative"": {""Female"": 0.05, ""Male"": 0.05}, ""rho_positive"": {""Female"": 0.8, ""Male"": 0.8}}",tpr,20,0.94,0.0390680917050434,0.0087358908803672,0.9228776538744802,0.95712234612552,"{'Female': 0.25, 'Male': 0.25}","{'Female': 0.35, 'Male': 0.65}","{'Female': 0.05, 'Male': 0.05}","{'Female': 0.8, 'Male': 0.8}"
REALDATA,SEMISYNTHETIC REAL-DATA EXPERIMENT,german,Male,logistic,group_threshold_calibrated,post,strong_first_group,80db5b8b411cb1ee,"{""alpha_negative"": {""Female"": 0.25, ""Male"": 0.25}, ""alpha_positive"": {""Female"": 0.75, ""Male"": 0.25}, ""contestation_scenario"": ""strong_first_group"", ""rho_negative"": {""Female"": 0.05, ""Male"": 0.05}, ""rho_positive"": {""Female"": 0.8, ""Male"": 0.8}}",accuracy,20,0.7623188405797101,0.0258186044989809,0.0057732154743903,0.7510033382499051,0.7736343429095152,"{'Female': 0.25, 'Male': 0.25}","{'Female': 0.75, 'Male': 0.25}","{'Female': 0.05, 'Male': 0.05}","{'Female': 0.8, 'Male': 0.8}"
REALDATA,SEMISYNTHETIC REAL-DATA EXPERIMENT,german,Male,logistic,group_threshold_calibrated,post,strong_first_group,80db5b8b411cb1ee,"{""alpha_negative"": {""Female"": 0.25, ""Male"": 0.25}, ""alpha_positive"": {""Female"": 0.75, ""Male"": 0.25}, ""contestation_scenario"": ""strong_first_group"", ""rho_negative"": {""Female"": 0.05, ""Male"": 0.05}, ""rho_positive"": {""Female"": 0.8, ""Male"": 0.8}}",fnr,20,0.1124999999999999,0.0501445279587965,0.0112126573215507,0.0905231916497604,0.1344768083502394,"{'Female': 0.25, 'Male': 0.25}","{'Female': 0.75, 'Male': 0.25}","{'Female': 0.05, 'Male': 0.05}","{'Female': 0.8, 'Male': 0.8}"
REALDATA,SEMISYNTHETIC REAL-DATA EXPERIMENT,german,Male,logistic,group_threshold_calibrated,post,strong_first_group,80db5b8b411cb1ee,"{""alpha_negative"": {""Female"": 0.25, ""Male"": 0.25}, ""alpha_positive"": {""Female"": 0.75, ""Male"": 0.25}, ""contestation_scenario"": ""strong_first_group"", ""rho_negative"": {""Female"": 0.05, ""Male"": 0.05}, ""rho_positive"": {""Female"": 0.8, ""Male"": 0.8}}",fpr,20,0.5671052631578947,0.0897401117185683,0.0200664990111144,0.5277749250961103,0.606435601219679,"{'Female': 0.25, 'Male': 0.25}","{'Female': 0.75, 'Male': 0.25}","{'Female': 0.05, 'Male': 0.05}","{'Female': 0.8, 'Male': 0.8}"
REALDATA,SEMISYNTHETIC REAL-DATA EXPERIMENT,german,Male,logistic,group_threshold_calibrated,post,strong_first_group,80db5b8b411cb1ee,"{""alpha_negative"": {""Female"": 0.25, ""Male"": 0.25}, ""alpha_positive"": {""Female"": 0.75, ""Male"": 0.25}, ""contestation_scenario"": ""strong_first_group"", ""rho_negative"": {""Female"": 0.05, ""Male"": 0.05}, ""rho_positive"": {""Female"": 0.8, ""Male"": 0.8}}",n,20,138.0,0.0,0.0,138.0,138.0,"{'Female': 0.25, 'Male': 0.25}","{'Female': 0.75, 'Male': 0.25}","{'Female': 0.05, 'Male': 0.05}","{'Female': 0.8, 'Male': 0.8}"
REALDATA,SEMISYNTHETIC REAL-DATA EXPERIMENT,german,Male,logistic,group_threshold_calibrated,post,strong_first_group,80db5b8b411cb1ee,"{""alpha_negative"": {""Female"": 0.25, ""Male"": 0.25}, ""alpha_positive"": {""Female"": 0.75, ""Male"": 0.25}, ""contestation_scenario"": ""strong_first_group"", ""rho_negative"": {""Female"": 0.05, ""Male"": 0.05}, ""rho_positive"": {""Female"": 0.8, ""Male"": 0.8}}",positive_rate,20,0.7992753623188407,0.056527606337502,0.0126399570376002,0.7745010465251442,0.8240496781125372,"{'Female': 0.25, 'Male': 0.25}","{'Female': 0.75, 'Male': 0.25}","{'Female': 0.05, 'Male': 0.05}","{'Female': 0.8, 'Male': 0.8}"
REALDATA,SEMISYNTHETIC REAL-DATA EXPERIMENT,german,Male,logistic,group_threshold_calibrated,post,strong_first_group,80db5b8b411cb1ee,"{""alpha_negative"": {""Female"": 0.25, ""Male"": 0.25}, ""alpha_positive"": {""Female"": 0.75, ""Male"": 0.25}, ""contestation_scenario"": ""strong_first_group"", ""rho_negative"": {""Female"": 0.05, ""Male"": 0.05}, ""rho_positive"": {""Female"": 0.8, ""Male"": 0.8}}",prevalence,20,0.7246376811594203,0.0,0.0,0.7246376811594203,0.7246376811594203,"{'Female': 0.25, 'Male': 0.25}","{'Female': 0.75, 'Male': 0.25}","{'Female': 0.05, 'Male': 0.05}","{'Female': 0.8, 'Male': 0.8}"
REALDATA,SEMISYNTHETIC REAL-DATA EXPERIMENT,german,Male,logistic,group_threshold_calibrated,post,strong_first_group,80db5b8b411cb1ee,"{""alpha_negative"": {""Female"": 0.25, ""Male"": 0.25}, ""alpha_positive"": {""Female"": 0.75, ""Male"": 0.25}, ""contestation_scenario"": ""strong_first_group"", ""rho_negative"": {""Female"": 0.05, ""Male"": 0.05}, ""rho_positive"": {""Female"": 0.8, ""Male"": 0.8}}",tnr,20,0.4328947368421052,0.0897401117185683,0.0200664990111144,0.3935643987803209,0.4722250749038895,"{'Female': 0.25, 'Male': 0.25}","{'Female': 0.75, 'Male': 0.25}","{'Female': 0.05, 'Male': 0.05}","{'Female': 0.8, 'Male': 0.8}"
REALDATA,SEMISYNTHETIC REAL-DATA EXPERIMENT,german,Male,logistic,group_threshold_calibrated,post,strong_first_group,80db5b8b411cb1ee,"{""alpha_negative"": {""Female"": 0.25, ""Male"": 0.25}, ""alpha_positive"": {""Female"": 0.75, ""Male"": 0.25}, ""contestation_scenario"": ""strong_first_group"", ""rho_negative"": {""Female"": 0.05, ""Male"": 0.05}, ""rho_positive"": {""Female"": 0.8, ""Male"": 0.8}}",tpr,20,0.8875,0.0501445279587965,0.0112126573215507,0.8655231916497604,0.9094768083502396,"{'Female': 0.25, 'Male': 0.25}","{'Female': 0.75, 'Male': 0.25}","{'Female': 0.05, 'Male': 0.05}","{'Female': 0.8, 'Male': 0.8}"
REALDATA,SEMISYNTHETIC REAL-DATA EXPERIMENT,german,Male,logistic,group_threshold_calibrated,post,strong_second_group,1a6f52e99e976851,"{""alpha_negative"": {""Female"": 0.25, ""Male"": 0.25}, ""alpha_positive"": {""Female"": 0.25, ""Male"": 0.75}, ""contestation_scenario"": ""strong_second_group"", ""rho_negative"": {""Female"": 0.05, ""Male"": 0.05}, ""rho_positive"": {""Female"": 0.8, ""Male"": 0.8}}",accuracy,20,0.8083333333333333,0.0263352662312578,0.0058887445498647,0.7967913940155985,0.8198752726510682,"{'Female': 0.25, 'Male': 0.25}","{'Female': 0.25, 'Male': 0.75}","{'Female': 0.05, 'Male': 0.05}","{'Female': 0.8, 'Male': 0.8}"
REALDATA,SEMISYNTHETIC REAL-DATA EXPERIMENT,german,Male,logistic,group_threshold_calibrated,post,strong_second_group,1a6f52e99e976851,"{""alpha_negative"": {""Female"": 0.25, ""Male"": 0.25}, ""alpha_positive"": {""Female"": 0.25, ""Male"": 0.75}, ""contestation_scenario"": ""strong_second_group"", ""rho_negative"": {""Female"": 0.05, ""Male"": 0.05}, ""rho_positive"": {""Female"": 0.8, ""Male"": 0.8}}",fnr,20,0.0494999999999999,0.0379022287915687,0.0084751960076697,0.0328886158249673,0.0661113841750326,"{'Female': 0.25, 'Male': 0.25}","{'Female': 0.25, 'Male': 0.75}","{'Female': 0.05, 'Male': 0.05}","{'Female': 0.8, 'Male': 0.8}"
REALDATA,SEMISYNTHETIC REAL-DATA EXPERIMENT,german,Male,logistic,group_threshold_calibrated,post,strong_second_group,1a6f52e99e976851,"{""alpha_negative"": {""Female"": 0.25, ""Male"": 0.25}, ""alpha_positive"": {""Female"": 0.25, ""Male"": 0.75}, ""contestation_scenario"": ""strong_second_group"", ""rho_negative"": {""Female"": 0.05, ""Male"": 0.05}, ""rho_positive"": {""Female"": 0.8, ""Male"": 0.8}}",fpr,20,0.5657894736842105,0.0897502650377973,0.0200687693623137,0.5264546857340755,0.6051242616343455,"{'Female': 0.25, 'Male': 0.25}","{'Female': 0.25, 'Male': 0.75}","{'Female': 0.05, 'Male': 0.05}","{'Female': 0.8, 'Male': 0.8}"
REALDATA,SEMISYNTHETIC REAL-DATA EXPERIMENT,german,Male,logistic,group_threshold_calibrated,post,strong_second_group,1a6f52e99e976851,"{""alpha_negative"": {""Female"": 0.25, ""Male"": 0.25}, ""alpha_positive"": {""Female"": 0.25, ""Male"": 0.75}, ""contestation_scenario"": ""strong_second_group"", ""rho_negative"": {""Female"": 0.05, ""Male"": 0.05}, ""rho_positive"": {""Female"": 0.8, ""Male"": 0.8}}",n,20,138.0,0.0,0.0,138.0,138.0,"{'Female': 0.25, 'Male': 0.25}","{'Female': 0.25, 'Male': 0.75}","{'Female': 0.05, 'Male': 0.05}","{'Female': 0.8, 'Male': 0.8}"
REALDATA,SEMISYNTHETIC REAL-DATA EXPERIMENT,german,Male,logistic,group_threshold_calibrated,post,strong_second_group,1a6f52e99e976851,"{""alpha_negative"": {""Female"": 0.25, ""Male"": 0.25}, ""alpha_positive"": {""Female"": 0.25, ""Male"": 0.75}, ""contestation_scenario"": ""strong_second_group"", ""rho_negative"": {""Female"": 0.05, ""Male"": 0.05}, ""rho_positive"": {""Female"": 0.8, ""Male"": 0.8}}",positive_rate,20,0.8445652173913043,0.0451297704713978,0.0100913234583008,0.8247862234130346,0.864344211369574,"{'Female': 0.25, 'Male': 0.25}","{'Female': 0.25, 'Male': 0.75}","{'Female': 0.05, 'Male': 0.05}","{'Female': 0.8, 'Male': 0.8}"
REALDATA,SEMISYNTHETIC REAL-DATA EXPERIMENT,german,Male,logistic,group_threshold_calibrated,post,strong_second_group,1a6f52e99e976851,"{""alpha_negative"": {""Female"": 0.25, ""Male"": 0.25}, ""alpha_positive"": {""Female"": 0.25, ""Male"": 0.75}, ""contestation_scenario"": ""strong_second_group"", ""rho_negative"": {""Female"": 0.05, ""Male"": 0.05}, ""rho_positive"": {""Female"": 0.8, ""Male"": 0.8}}",prevalence,20,0.7246376811594203,0.0,0.0,0.7246376811594203,0.7246376811594203,"{'Female': 0.25, 'Male': 0.25}","{'Female': 0.25, 'Male': 0.75}","{'Female': 0.05, 'Male': 0.05}","{'Female': 0.8, 'Male': 0.8}"
REALDATA,SEMISYNTHETIC REAL-DATA EXPERIMENT,german,Male,logistic,group_threshold_calibrated,post,strong_second_group,1a6f52e99e976851,"{""alpha_negative"": {""Female"": 0.25, ""Male"": 0.25}, ""alpha_positive"": {""Female"": 0.25, ""Male"": 0.75}, ""contestation_scenario"": ""strong_second_group"", ""rho_negative"": {""Female"": 0.05, ""Male"": 0.05}, ""rho_positive"": {""Female"": 0.8, ""Male"": 0.8}}",tnr,20,0.4342105263157895,0.0897502650377973,0.0200687693623137,0.3948757383656545,0.4735453142659244,"{'Female': 0.25, 'Male': 0.25}","{'Female': 0.25, 'Male': 0.75}","{'Female': 0.05, 'Male': 0.05}","{'Female': 0.8, 'Male': 0.8}"
REALDATA,SEMISYNTHETIC REAL-DATA EXPERIMENT,german,Male,logistic,group_threshold_calibrated,post,strong_second_group,1a6f52e99e976851,"{""alpha_negative"": {""Female"": 0.25, ""Male"": 0.25}, ""alpha_positive"": {""Female"": 0.25, ""Male"": 0.75}, ""contestation_scenario"": ""strong_second_group"", ""rho_negative"": {""Female"": 0.05, ""Male"": 0.05}, ""rho_positive"": {""Female"": 0.8, ""Male"": 0.8}}",tpr,20,0.9505,0.0379022287915687,0.0084751960076697,0.9338886158249672,0.9671113841750326,"{'Female': 0.25, 'Male': 0.25}","{'Female': 0.25, 'Male': 0.75}","{'Female': 0.05, 'Male': 0.05}","{'Female': 0.8, 'Male': 0.8}"
REALDATA,SEMISYNTHETIC REAL-DATA EXPERIMENT,german,Male,logistic,group_threshold_calibrated,pre,equal_access,8b1b8b56ce23dea1,"{""alpha_negative"": {""Female"": 0.25, ""Male"": 0.25}, ""alpha_positive"": {""Female"": 0.5, ""Male"": 0.5}, ""contestation_scenario"": ""equal_access"", ""rho_negative"": {""Female"": 0.05, ""Male"": 0.05}, ""rho_positive"": {""Female"": 0.8, ""Male"": 0.8}}",accuracy,20,0.7445652173913043,0.0339783544474242,0.0075977910308022,0.7296735469709318,0.7594568878116769,"{'Female': 0.25, 'Male': 0.25}","{'Female': 0.5, 'Male': 0.5}","{'Female': 0.05, 'Male': 0.05}","{'Female': 0.8, 'Male': 0.8}"
REALDATA,SEMISYNTHETIC REAL-DATA EXPERIMENT,german,Male,logistic,group_threshold_calibrated,pre,equal_access,8b1b8b56ce23dea1,"{""alpha_negative"": {""Female"": 0.25, ""Male"": 0.25}, ""alpha_positive"": {""Female"": 0.5, ""Male"": 0.5}, ""contestation_scenario"": ""equal_access"", ""rho_negative"": {""Female"": 0.05, ""Male"": 0.05}, ""rho_positive"": {""Female"": 0.8, ""Male"": 0.8}}",fnr,20,0.1394999999999999,0.064764756497732,0.014481839807515,0.1111155939772705,0.1678844060227294,"{'Female': 0.25, 'Male': 0.25}","{'Female': 0.5, 'Male': 0.5}","{'Female': 0.05, 'Male': 0.05}","{'Female': 0.8, 'Male': 0.8}"
REALDATA,SEMISYNTHETIC REAL-DATA EXPERIMENT,german,Male,logistic,group_threshold_calibrated,pre,equal_access,8b1b8b56ce23dea1,"{""alpha_negative"": {""Female"": 0.25, ""Male"": 0.25}, ""alpha_positive"": {""Female"": 0.5, ""Male"": 0.5}, ""contestation_scenario"": ""equal_access"", ""rho_negative"": {""Female"": 0.05, ""Male"": 0.05}, ""rho_positive"": {""Female"": 0.8, ""Male"": 0.8}}",fpr,20,0.5605263157894738,0.0899936010425449,0.0201231809471126,0.521084881133133,0.5999677504458145,"{'Female': 0.25, 'Male': 0.25}","{'Female': 0.5, 'Male': 0.5}","{'Female': 0.05, 'Male': 0.05}","{'Female': 0.8, 'Male': 0.8}"
REALDATA,SEMISYNTHETIC REAL-DATA EXPERIMENT,german,Male,logistic,group_threshold_calibrated,pre,equal_access,8b1b8b56ce23dea1,"{""alpha_negative"": {""Female"": 0.25, ""Male"": 0.25}, ""alpha_positive"": {""Female"": 0.5, ""Male"": 0.5}, ""contestation_scenario"": ""equal_access"", ""rho_negative"": {""Female"": 0.05, ""Male"": 0.05}, ""rho_positive"": {""Female"": 0.8, ""Male"": 0.8}}",n,20,138.0,0.0,0.0,138.0,138.0,"{'Female': 0.25, 'Male': 0.25}","{'Female': 0.5, 'Male': 0.5}","{'Female': 0.05, 'Male': 0.05}","{'Female': 0.8, 'Male': 0.8}"
REALDATA,SEMISYNTHETIC REAL-DATA EXPERIMENT,german,Male,logistic,group_threshold_calibrated,pre,equal_access,8b1b8b56ce23dea1,"{""alpha_negative"": {""Female"": 0.25, ""Male"": 0.25}, ""alpha_positive"": {""Female"": 0.5, ""Male"": 0.5}, ""contestation_scenario"": ""equal_access"", ""rho_negative"": {""Female"": 0.05, ""Male"": 0.05}, ""rho_positive"": {""Female"": 0.8, ""Male"": 0.8}}",positive_rate,20,0.7778985507246376,0.0669229891498158,0.0149644352996469,0.7485682575373297,0.8072288439119456,"{'Female': 0.25, 'Male': 0.25}","{'Female': 0.5, 'Male': 0.5}","{'Female': 0.05, 'Male': 0.05}","{'Female': 0.8, 'Male': 0.8}"
REALDATA,SEMISYNTHETIC REAL-DATA EXPERIMENT,german,Male,logistic,group_threshold_calibrated,pre,equal_access,8b1b8b56ce23dea1,"{""alpha_negative"": {""Female"": 0.25, ""Male"": 0.25}, ""alpha_positive"": {""Female"": 0.5, ""Male"": 0.5}, ""contestation_scenario"": ""equal_access"", ""rho_negative"": {""Female"": 0.05, ""Male"": 0.05}, ""rho_positive"": {""Female"": 0.8, ""Male"": 0.8}}",prevalence,20,0.7246376811594203,0.0,0.0,0.7246376811594203,0.7246376811594203,"{'Female': 0.25, 'Male': 0.25}","{'Female': 0.5, 'Male': 0.5}","{'Female': 0.05, 'Male': 0.05}","{'Female': 0.8, 'Male': 0.8}"
REALDATA,SEMISYNTHETIC REAL-DATA EXPERIMENT,german,Male,logistic,group_threshold_calibrated,pre,equal_access,8b1b8b56ce23dea1,"{""alpha_negative"": {""Female"": 0.25, ""Male"": 0.25}, ""alpha_positive"": {""Female"": 0.5, ""Male"": 0.5}, ""contestation_scenario"": ""equal_access"", ""rho_negative"": {""Female"": 0.05, ""Male"": 0.05}, ""rho_positive"": {""Female"": 0.8, ""Male"": 0.8}}",tnr,20,0.4394736842105263,0.089993601042545,0.0201231809471126,0.4000322495541855,0.4789151188668671,"{'Female': 0.25, 'Male': 0.25}","{'Female': 0.5, 'Male': 0.5}","{'Female': 0.05, 'Male': 0.05}","{'Female': 0.8, 'Male': 0.8}"
REALDATA,SEMISYNTHETIC REAL-DATA EXPERIMENT,german,Male,logistic,group_threshold_calibrated,pre,equal_access,8b1b8b56ce23dea1,"{""alpha_negative"": {""Female"": 0.25, ""Male"": 0.25}, ""alpha_positive"": {""Female"": 0.5, ""Male"": 0.5}, ""contestation_scenario"": ""equal_access"", ""rho_negative"": {""Female"": 0.05, ""Male"": 0.05}, ""rho_positive"": {""Female"": 0.8, ""Male"": 0.8}}",tpr,20,0.8605,0.064764756497732,0.014481839807515,0.8321155939772706,0.8888844060227294,"{'Female': 0.25, 'Male': 0.25}","{'Female': 0.5, 'Male': 0.5}","{'Female': 0.05, 'Male': 0.05}","{'Female': 0.8, 'Male': 0.8}"
REALDATA,SEMISYNTHETIC REAL-DATA EXPERIMENT,german,Male,logistic,group_threshold_calibrated,pre,moderate_first_group,58a445a909825bd5,"{""alpha_negative"": {""Female"": 0.25, ""Male"": 0.25}, ""alpha_positive"": {""Female"": 0.65, ""Male"": 0.35}, ""contestation_scenario"": ""moderate_first_group"", ""rho_negative"": {""Female"": 0.05, ""Male"": 0.05}, ""rho_positive"": {""Female"": 0.8, ""Male"": 0.8}}",accuracy,20,0.7445652173913043,0.0339783544474242,0.0075977910308022,0.7296735469709318,0.7594568878116769,"{'Female': 0.25, 'Male': 0.25}","{'Female': 0.65, 'Male': 0.35}","{'Female': 0.05, 'Male': 0.05}","{'Female': 0.8, 'Male': 0.8}"
REALDATA,SEMISYNTHETIC REAL-DATA EXPERIMENT,german,Male,logistic,group_threshold_calibrated,pre,moderate_first_group,58a445a909825bd5,"{""alpha_negative"": {""Female"": 0.25, ""Male"": 0.25}, ""alpha_positive"": {""Female"": 0.65, ""Male"": 0.35}, ""contestation_scenario"": ""moderate_first_group"", ""rho_negative"": {""Female"": 0.05, ""Male"": 0.05}, ""rho_positive"": {""Female"": 0.8, ""Male"": 0.8}}",fnr,20,0.1394999999999999,0.064764756497732,0.014481839807515,0.1111155939772705,0.1678844060227294,"{'Female': 0.25, 'Male': 0.25}","{'Female': 0.65, 'Male': 0.35}","{'Female': 0.05, 'Male': 0.05}","{'Female': 0.8, 'Male': 0.8}"
REALDATA,SEMISYNTHETIC REAL-DATA EXPERIMENT,german,Male,logistic,group_threshold_calibrated,pre,moderate_first_group,58a445a909825bd5,"{""alpha_negative"": {""Female"": 0.25, ""Male"": 0.25}, ""alpha_positive"": {""Female"": 0.65, ""Male"": 0.35}, ""contestation_scenario"": ""moderate_first_group"", ""rho_negative"": {""Female"": 0.05, ""Male"": 0.05}, ""rho_positive"": {""Female"": 0.8, ""Male"": 0.8}}",fpr,20,0.5605263157894738,0.0899936010425449,0.0201231809471126,0.521084881133133,0.5999677504458145,"{'Female': 0.25, 'Male': 0.25}","{'Female': 0.65, 'Male': 0.35}","{'Female': 0.05, 'Male': 0.05}","{'Female': 0.8, 'Male': 0.8}"
REALDATA,SEMISYNTHETIC REAL-DATA EXPERIMENT,german,Male,logistic,group_threshold_calibrated,pre,moderate_first_group,58a445a909825bd5,"{""alpha_negative"": {""Female"": 0.25, ""Male"": 0.25}, ""alpha_positive"": {""Female"": 0.65, ""Male"": 0.35}, ""contestation_scenario"": ""moderate_first_group"", ""rho_negative"": {""Female"": 0.05, ""Male"": 0.05}, ""rho_positive"": {""Female"": 0.8, ""Male"": 0.8}}",n,20,138.0,0.0,0.0,138.0,138.0,"{'Female': 0.25, 'Male': 0.25}","{'Female': 0.65, 'Male': 0.35}","{'Female': 0.05, 'Male': 0.05}","{'Female': 0.8, 'Male': 0.8}"
REALDATA,SEMISYNTHETIC REAL-DATA EXPERIMENT,german,Male,logistic,group_threshold_calibrated,pre,moderate_first_group,58a445a909825bd5,"{""alpha_negative"": {""Female"": 0.25, ""Male"": 0.25}, ""alpha_positive"": {""Female"": 0.65, ""Male"": 0.35}, ""contestation_scenario"": ""moderate_first_group"", ""rho_negative"": {""Female"": 0.05, ""Male"": 0.05}, ""rho_positive"": {""Female"": 0.8, ""Male"": 0.8}}",positive_rate,20,0.7778985507246376,0.0669229891498158,0.0149644352996469,0.7485682575373297,0.8072288439119456,"{'Female': 0.25, 'Male': 0.25}","{'Female': 0.65, 'Male': 0.35}","{'Female': 0.05, 'Male': 0.05}","{'Female': 0.8, 'Male': 0.8}"
REALDATA,SEMISYNTHETIC REAL-DATA EXPERIMENT,german,Male,logistic,group_threshold_calibrated,pre,moderate_first_group,58a445a909825bd5,"{""alpha_negative"": {""Female"": 0.25, ""Male"": 0.25}, ""alpha_positive"": {""Female"": 0.65, ""Male"": 0.35}, ""contestation_scenario"": ""moderate_first_group"", ""rho_negative"": {""Female"": 0.05, ""Male"": 0.05}, ""rho_positive"": {""Female"": 0.8, ""Male"": 0.8}}",prevalence,20,0.7246376811594203,0.0,0.0,0.7246376811594203,0.7246376811594203,"{'Female': 0.25, 'Male': 0.25}","{'Female': 0.65, 'Male': 0.35}","{'Female': 0.05, 'Male': 0.05}","{'Female': 0.8, 'Male': 0.8}"
REALDATA,SEMISYNTHETIC REAL-DATA EXPERIMENT,german,Male,logistic,group_threshold_calibrated,pre,moderate_first_group,58a445a909825bd5,"{""alpha_negative"": {""Female"": 0.25, ""Male"": 0.25}, ""alpha_positive"": {""Female"": 0.65, ""Male"": 0.35}, ""contestation_scenario"": ""moderate_first_group"", ""rho_negative"": {""Female"": 0.05, ""Male"": 0.05}, ""rho_positive"": {""Female"": 0.8, ""Male"": 0.8}}",tnr,20,0.4394736842105263,0.089993601042545,0.0201231809471126,0.4000322495541855,0.4789151188668671,"{'Female': 0.25, 'Male': 0.25}","{'Female': 0.65, 'Male': 0.35}","{'Female': 0.05, 'Male': 0.05}","{'Female': 0.8, 'Male': 0.8}"
REALDATA,SEMISYNTHETIC REAL-DATA EXPERIMENT,german,Male,logistic,group_threshold_calibrated,pre,moderate_first_group,58a445a909825bd5,"{""alpha_negative"": {""Female"": 0.25, ""Male"": 0.25}, ""alpha_positive"": {""Female"": 0.65, ""Male"": 0.35}, ""contestation_scenario"": ""moderate_first_group"", ""rho_negative"": {""Female"": 0.05, ""Male"": 0.05}, ""rho_positive"": {""Female"": 0.8, ""Male"": 0.8}}",tpr,20,0.8605,0.064764756497732,0.014481839807515,0.8321155939772706,0.8888844060227294,"{'Female': 0.25, 'Male': 0.25}","{'Female': 0.65, 'Male': 0.35}","{'Female': 0.05, 'Male': 0.05}","{'Female': 0.8, 'Male': 0.8}"
REALDATA,SEMISYNTHETIC REAL-DATA EXPERIMENT,german,Male,logistic,group_threshold_calibrated,pre,moderate_second_group,f2d18f38dbf44f65,"{""alpha_negative"": {""Female"": 0.25, ""Male"": 0.25}, ""alpha_positive"": {""Female"": 0.35, ""Male"": 0.65}, ""contestation_scenario"": ""moderate_second_group"", ""rho_negative"": {""Female"": 0.05, ""Male"": 0.05}, ""rho_positive"": {""Female"": 0.8, ""Male"": 0.8}}",accuracy,20,0.7445652173913043,0.0339783544474242,0.0075977910308022,0.7296735469709318,0.7594568878116769,"{'Female': 0.25, 'Male': 0.25}","{'Female': 0.35, 'Male': 0.65}","{'Female': 0.05, 'Male': 0.05}","{'Female': 0.8, 'Male': 0.8}"
REALDATA,SEMISYNTHETIC REAL-DATA EXPERIMENT,german,Male,logistic,group_threshold_calibrated,pre,moderate_second_group,f2d18f38dbf44f65,"{""alpha_negative"": {""Female"": 0.25, ""Male"": 0.25}, ""alpha_positive"": {""Female"": 0.35, ""Male"": 0.65}, ""contestation_scenario"": ""moderate_second_group"", ""rho_negative"": {""Female"": 0.05, ""Male"": 0.05}, ""rho_positive"": {""Female"": 0.8, ""Male"": 0.8}}",fnr,20,0.1394999999999999,0.064764756497732,0.014481839807515,0.1111155939772705,0.1678844060227294,"{'Female': 0.25, 'Male': 0.25}","{'Female': 0.35, 'Male': 0.65}","{'Female': 0.05, 'Male': 0.05}","{'Female': 0.8, 'Male': 0.8}"
REALDATA,SEMISYNTHETIC REAL-DATA EXPERIMENT,german,Male,logistic,group_threshold_calibrated,pre,moderate_second_group,f2d18f38dbf44f65,"{""alpha_negative"": {""Female"": 0.25, ""Male"": 0.25}, ""alpha_positive"": {""Female"": 0.35, ""Male"": 0.65}, ""contestation_scenario"": ""moderate_second_group"", ""rho_negative"": {""Female"": 0.05, ""Male"": 0.05}, ""rho_positive"": {""Female"": 0.8, ""Male"": 0.8}}",fpr,20,0.5605263157894738,0.0899936010425449,0.0201231809471126,0.521084881133133,0.5999677504458145,"{'Female': 0.25, 'Male': 0.25}","{'Female': 0.35, 'Male': 0.65}","{'Female': 0.05, 'Male': 0.05}","{'Female': 0.8, 'Male': 0.8}"
REALDATA,SEMISYNTHETIC REAL-DATA EXPERIMENT,german,Male,logistic,group_threshold_calibrated,pre,moderate_second_group,f2d18f38dbf44f65,"{""alpha_negative"": {""Female"": 0.25, ""Male"": 0.25}, ""alpha_positive"": {""Female"": 0.35, ""Male"": 0.65}, ""contestation_scenario"": ""moderate_second_group"", ""rho_negative"": {""Female"": 0.05, ""Male"": 0.05}, ""rho_positive"": {""Female"": 0.8, ""Male"": 0.8}}",n,20,138.0,0.0,0.0,138.0,138.0,"{'Female': 0.25, 'Male': 0.25}","{'Female': 0.35, 'Male': 0.65}","{'Female': 0.05, 'Male': 0.05}","{'Female': 0.8, 'Male': 0.8}"
REALDATA,SEMISYNTHETIC REAL-DATA EXPERIMENT,german,Male,logistic,group_threshold_calibrated,pre,moderate_second_group,f2d18f38dbf44f65,"{""alpha_negative"": {""Female"": 0.25, ""Male"": 0.25}, ""alpha_positive"": {""Female"": 0.35, ""Male"": 0.65}, ""contestation_scenario"": ""moderate_second_group"", ""rho_negative"": {""Female"": 0.05, ""Male"": 0.05}, ""rho_positive"": {""Female"": 0.8, ""Male"": 0.8}}",positive_rate,20,0.7778985507246376,0.0669229891498158,0.0149644352996469,0.7485682575373297,0.8072288439119456,"{'Female': 0.25, 'Male': 0.25}","{'Female': 0.35, 'Male': 0.65}","{'Female': 0.05, 'Male': 0.05}","{'Female': 0.8, 'Male': 0.8}"
REALDATA,SEMISYNTHETIC REAL-DATA EXPERIMENT,german,Male,logistic,group_threshold_calibrated,pre,moderate_second_group,f2d18f38dbf44f65,"{""alpha_negative"": {""Female"": 0.25, ""Male"": 0.25}, ""alpha_positive"": {""Female"": 0.35, ""Male"": 0.65}, ""contestation_scenario"": ""moderate_second_group"", ""rho_negative"": {""Female"": 0.05, ""Male"": 0.05}, ""rho_positive"": {""Female"": 0.8, ""Male"": 0.8}}",prevalence,20,0.7246376811594203,0.0,0.0,0.7246376811594203,0.7246376811594203,"{'Female': 0.25, 'Male': 0.25}","{'Female': 0.35, 'Male': 0.65}","{'Female': 0.05, 'Male': 0.05}","{'Female': 0.8, 'Male': 0.8}"
REALDATA,SEMISYNTHETIC REAL-DATA EXPERIMENT,german,Male,logistic,group_threshold_calibrated,pre,moderate_second_group,f2d18f38dbf44f65,"{""alpha_negative"": {""Female"": 0.25, ""Male"": 0.25}, ""alpha_positive"": {""Female"": 0.35, ""Male"": 0.65}, ""contestation_scenario"": ""moderate_second_group"", ""rho_negative"": {""Female"": 0.05, ""Male"": 0.05}, ""rho_positive"": {""Female"": 0.8, ""Male"": 0.8}}",tnr,20,0.4394736842105263,0.089993601042545,0.0201231809471126,0.4000322495541855,0.4789151188668671,"{'Female': 0.25, 'Male': 0.25}","{'Female': 0.35, 'Male': 0.65}","{'Female': 0.05, 'Male': 0.05}","{'Female': 0.8, 'Male': 0.8}"
REALDATA,SEMISYNTHETIC REAL-DATA EXPERIMENT,german,Male,logistic,group_threshold_calibrated,pre,moderate_second_group,f2d18f38dbf44f65,"{""alpha_negative"": {""Female"": 0.25, ""Male"": 0.25}, ""alpha_positive"": {""Female"": 0.35, ""Male"": 0.65}, ""contestation_scenario"": ""moderate_second_group"", ""rho_negative"": {""Female"": 0.05, ""Male"": 0.05}, ""rho_positive"": {""Female"": 0.8, ""Male"": 0.8}}",tpr,20,0.8605,0.064764756497732,0.014481839807515,0.8321155939772706,0.8888844060227294,"{'Female': 0.25, 'Male': 0.25}","{'Female': 0.35, 'Male': 0.65}","{'Female': 0.05, 'Male': 0.05}","{'Female': 0.8, 'Male': 0.8}"
REALDATA,SEMISYNTHETIC REAL-DATA EXPERIMENT,german,Male,logistic,group_threshold_calibrated,pre,strong_first_group,80db5b8b411cb1ee,"{""alpha_negative"": {""Female"": 0.25, ""Male"": 0.25}, ""alpha_positive"": {""Female"": 0.75, ""Male"": 0.25}, ""contestation_scenario"": ""strong_first_group"", ""rho_negative"": {""Female"": 0.05, ""Male"": 0.05}, ""rho_positive"": {""Female"": 0.8, ""Male"": 0.8}}",accuracy,20,0.7445652173913043,0.0339783544474242,0.0075977910308022,0.7296735469709318,0.7594568878116769,"{'Female': 0.25, 'Male': 0.25}","{'Female': 0.75, 'Male': 0.25}","{'Female': 0.05, 'Male': 0.05}","{'Female': 0.8, 'Male': 0.8}"
REALDATA,SEMISYNTHETIC REAL-DATA EXPERIMENT,german,Male,logistic,group_threshold_calibrated,pre,strong_first_group,80db5b8b411cb1ee,"{""alpha_negative"": {""Female"": 0.25, ""Male"": 0.25}, ""alpha_positive"": {""Female"": 0.75, ""Male"": 0.25}, ""contestation_scenario"": ""strong_first_group"", ""rho_negative"": {""Female"": 0.05, ""Male"": 0.05}, ""rho_positive"": {""Female"": 0.8, ""Male"": 0.8}}",fnr,20,0.1394999999999999,0.064764756497732,0.014481839807515,0.1111155939772705,0.1678844060227294,"{'Female': 0.25, 'Male': 0.25}","{'Female': 0.75, 'Male': 0.25}","{'Female': 0.05, 'Male': 0.05}","{'Female': 0.8, 'Male': 0.8}"
REALDATA,SEMISYNTHETIC REAL-DATA EXPERIMENT,german,Male,logistic,group_threshold_calibrated,pre,strong_first_group,80db5b8b411cb1ee,"{""alpha_negative"": {""Female"": 0.25, ""Male"": 0.25}, ""alpha_positive"": {""Female"": 0.75, ""Male"": 0.25}, ""contestation_scenario"": ""strong_first_group"", ""rho_negative"": {""Female"": 0.05, ""Male"": 0.05}, ""rho_positive"": {""Female"": 0.8, ""Male"": 0.8}}",fpr,20,0.5605263157894738,0.0899936010425449,0.0201231809471126,0.521084881133133,0.5999677504458145,"{'Female': 0.25, 'Male': 0.25}","{'Female': 0.75, 'Male': 0.25}","{'Female': 0.05, 'Male': 0.05}","{'Female': 0.8, 'Male': 0.8}"
REALDATA,SEMISYNTHETIC REAL-DATA EXPERIMENT,german,Male,logistic,group_threshold_calibrated,pre,strong_first_group,80db5b8b411cb1ee,"{""alpha_negative"": {""Female"": 0.25, ""Male"": 0.25}, ""alpha_positive"": {""Female"": 0.75, ""Male"": 0.25}, ""contestation_scenario"": ""strong_first_group"", ""rho_negative"": {""Female"": 0.05, ""Male"": 0.05}, ""rho_positive"": {""Female"": 0.8, ""Male"": 0.8}}",n,20,138.0,0.0,0.0,138.0,138.0,"{'Female': 0.25, 'Male': 0.25}","{'Female': 0.75, 'Male': 0.25}","{'Female': 0.05, 'Male': 0.05}","{'Female': 0.8, 'Male': 0.8}"
REALDATA,SEMISYNTHETIC REAL-DATA EXPERIMENT,german,Male,logistic,group_threshold_calibrated,pre,strong_first_group,80db5b8b411cb1ee,"{""alpha_negative"": {""Female"": 0.25, ""Male"": 0.25}, ""alpha_positive"": {""Female"": 0.75, ""Male"": 0.25}, ""contestation_scenario"": ""strong_first_group"", ""rho_negative"": {""Female"": 0.05, ""Male"": 0.05}, ""rho_positive"": {""Female"": 0.8, ""Male"": 0.8}}",positive_rate,20,0.7778985507246376,0.0669229891498158,0.0149644352996469,0.7485682575373297,0.8072288439119456,"{'Female': 0.25, 'Male': 0.25}","{'Female': 0.75, 'Male': 0.25}","{'Female': 0.05, 'Male': 0.05}","{'Female': 0.8, 'Male': 0.8}"
REALDATA,SEMISYNTHETIC REAL-DATA EXPERIMENT,german,Male,logistic,group_threshold_calibrated,pre,strong_first_group,80db5b8b411cb1ee,"{""alpha_negative"": {""Female"": 0.25, ""Male"": 0.25}, ""alpha_positive"": {""Female"": 0.75, ""Male"": 0.25}, ""contestation_scenario"": ""strong_first_group"", ""rho_negative"": {""Female"": 0.05, ""Male"": 0.05}, ""rho_positive"": {""Female"": 0.8, ""Male"": 0.8}}",prevalence,20,0.7246376811594203,0.0,0.0,0.7246376811594203,0.7246376811594203,"{'Female': 0.25, 'Male': 0.25}","{'Female': 0.75, 'Male': 0.25}","{'Female': 0.05, 'Male': 0.05}","{'Female': 0.8, 'Male': 0.8}"
REALDATA,SEMISYNTHETIC REAL-DATA EXPERIMENT,german,Male,logistic,group_threshold_calibrated,pre,strong_first_group,80db5b8b411cb1ee,"{""alpha_negative"": {""Female"": 0.25, ""Male"": 0.25}, ""alpha_positive"": {""Female"": 0.75, ""Male"": 0.25}, ""contestation_scenario"": ""strong_first_group"", ""rho_negative"": {""Female"": 0.05, ""Male"": 0.05}, ""rho_positive"": {""Female"": 0.8, ""Male"": 0.8}}",tnr,20,0.4394736842105263,0.089993601042545,0.0201231809471126,0.4000322495541855,0.4789151188668671,"{'Female': 0.25, 'Male': 0.25}","{'Female': 0.75, 'Male': 0.25}","{'Female': 0.05, 'Male': 0.05}","{'Female': 0.8, 'Male': 0.8}"
REALDATA,SEMISYNTHETIC REAL-DATA EXPERIMENT,german,Male,logistic,group_threshold_calibrated,pre,strong_first_group,80db5b8b411cb1ee,"{""alpha_negative"": {""Female"": 0.25, ""Male"": 0.25}, ""alpha_positive"": {""Female"": 0.75, ""Male"": 0.25}, ""contestation_scenario"": ""strong_first_group"", ""rho_negative"": {""Female"": 0.05, ""Male"": 0.05}, ""rho_positive"": {""Female"": 0.8, ""Male"": 0.8}}",tpr,20,0.8605,0.064764756497732,0.014481839807515,0.8321155939772706,0.8888844060227294,"{'Female': 0.25, 'Male': 0.25}","{'Female': 0.75, 'Male': 0.25}","{'Female': 0.05, 'Male': 0.05}","{'Female': 0.8, 'Male': 0.8}"
REALDATA,SEMISYNTHETIC REAL-DATA EXPERIMENT,german,Male,logistic,group_threshold_calibrated,pre,strong_second_group,1a6f52e99e976851,"{""alpha_negative"": {""Female"": 0.25, ""Male"": 0.25}, ""alpha_positive"": {""Female"": 0.25, ""Male"": 0.75}, ""contestation_scenario"": ""strong_second_group"", ""rho_negative"": {""Female"": 0.05, ""Male"": 0.05}, ""rho_positive"": {""Female"": 0.8, ""Male"": 0.8}}",accuracy,20,0.7445652173913043,0.0339783544474242,0.0075977910308022,0.7296735469709318,0.7594568878116769,"{'Female': 0.25, 'Male': 0.25}","{'Female': 0.25, 'Male': 0.75}","{'Female': 0.05, 'Male': 0.05}","{'Female': 0.8, 'Male': 0.8}"
REALDATA,SEMISYNTHETIC REAL-DATA EXPERIMENT,german,Male,logistic,group_threshold_calibrated,pre,strong_second_group,1a6f52e99e976851,"{""alpha_negative"": {""Female"": 0.25, ""Male"": 0.25}, ""alpha_positive"": {""Female"": 0.25, ""Male"": 0.75}, ""contestation_scenario"": ""strong_second_group"", ""rho_negative"": {""Female"": 0.05, ""Male"": 0.05}, ""rho_positive"": {""Female"": 0.8, ""Male"": 0.8}}",fnr,20,0.1394999999999999,0.064764756497732,0.014481839807515,0.1111155939772705,0.1678844060227294,"{'Female': 0.25, 'Male': 0.25}","{'Female': 0.25, 'Male': 0.75}","{'Female': 0.05, 'Male': 0.05}","{'Female': 0.8, 'Male': 0.8}"
REALDATA,SEMISYNTHETIC REAL-DATA EXPERIMENT,german,Male,logistic,group_threshold_calibrated,pre,strong_second_group,1a6f52e99e976851,"{""alpha_negative"": {""Female"": 0.25, ""Male"": 0.25}, ""alpha_positive"": {""Female"": 0.25, ""Male"": 0.75}, ""contestation_scenario"": ""strong_second_group"", ""rho_negative"": {""Female"": 0.05, ""Male"": 0.05}, ""rho_positive"": {""Female"": 0.8, ""Male"": 0.8}}",fpr,20,0.5605263157894738,0.0899936010425449,0.0201231809471126,0.521084881133133,0.5999677504458145,"{'Female': 0.25, 'Male': 0.25}","{'Female': 0.25, 'Male': 0.75}","{'Female': 0.05, 'Male': 0.05}","{'Female': 0.8, 'Male': 0.8}"
REALDATA,SEMISYNTHETIC REAL-DATA EXPERIMENT,german,Male,logistic,group_threshold_calibrated,pre,strong_second_group,1a6f52e99e976851,"{""alpha_negative"": {""Female"": 0.25, ""Male"": 0.25}, ""alpha_positive"": {""Female"": 0.25, ""Male"": 0.75}, ""contestation_scenario"": ""strong_second_group"", ""rho_negative"": {""Female"": 0.05, ""Male"": 0.05}, ""rho_positive"": {""Female"": 0.8, ""Male"": 0.8}}",n,20,138.0,0.0,0.0,138.0,138.0,"{'Female': 0.25, 'Male': 0.25}","{'Female': 0.25, 'Male': 0.75}","{'Female': 0.05, 'Male': 0.05}","{'Female': 0.8, 'Male': 0.8}"
REALDATA,SEMISYNTHETIC REAL-DATA EXPERIMENT,german,Male,logistic,group_threshold_calibrated,pre,strong_second_group,1a6f52e99e976851,"{""alpha_negative"": {""Female"": 0.25, ""Male"": 0.25}, ""alpha_positive"": {""Female"": 0.25, ""Male"": 0.75}, ""contestation_scenario"": ""strong_second_group"", ""rho_negative"": {""Female"": 0.05, ""Male"": 0.05}, ""rho_positive"": {""Female"": 0.8, ""Male"": 0.8}}",positive_rate,20,0.7778985507246376,0.0669229891498158,0.0149644352996469,0.7485682575373297,0.8072288439119456,"{'Female': 0.25, 'Male': 0.25}","{'Female': 0.25, 'Male': 0.75}","{'Female': 0.05, 'Male': 0.05}","{'Female': 0.8, 'Male': 0.8}"
REALDATA,SEMISYNTHETIC REAL-DATA EXPERIMENT,german,Male,logistic,group_threshold_calibrated,pre,strong_second_group,1a6f52e99e976851,"{""alpha_negative"": {""Female"": 0.25, ""Male"": 0.25}, ""alpha_positive"": {""Female"": 0.25, ""Male"": 0.75}, ""contestation_scenario"": ""strong_second_group"", ""rho_negative"": {""Female"": 0.05, ""Male"": 0.05}, ""rho_positive"": {""Female"": 0.8, ""Male"": 0.8}}",prevalence,20,0.7246376811594203,0.0,0.0,0.7246376811594203,0.7246376811594203,"{'Female': 0.25, 'Male': 0.25}","{'Female': 0.25, 'Male': 0.75}","{'Female': 0.05, 'Male': 0.05}","{'Female': 0.8, 'Male': 0.8}"
REALDATA,SEMISYNTHETIC REAL-DATA EXPERIMENT,german,Male,logistic,group_threshold_calibrated,pre,strong_second_group,1a6f52e99e976851,"{""alpha_negative"": {""Female"": 0.25, ""Male"": 0.25}, ""alpha_positive"": {""Female"": 0.25, ""Male"": 0.75}, ""contestation_scenario"": ""strong_second_group"", ""rho_negative"": {""Female"": 0.05, ""Male"": 0.05}, ""rho_positive"": {""Female"": 0.8, ""Male"": 0.8}}",tnr,20,0.4394736842105263,0.089993601042545,0.0201231809471126,0.4000322495541855,0.4789151188668671,"{'Female': 0.25, 'Male': 0.25}","{'Female': 0.25, 'Male': 0.75}","{'Female': 0.05, 'Male': 0.05}","{'Female': 0.8, 'Male': 0.8}"
REALDATA,SEMISYNTHETIC REAL-DATA EXPERIMENT,german,Male,logistic,group_threshold_calibrated,pre,strong_second_group,1a6f52e99e976851,"{""alpha_negative"": {""Female"": 0.25, ""Male"": 0.25}, ""alpha_positive"": {""Female"": 0.25, ""Male"": 0.75}, ""contestation_scenario"": ""strong_second_group"", ""rho_negative"": {""Female"": 0.05, ""Male"": 0.05}, ""rho_positive"": {""Female"": 0.8, ""Male"": 0.8}}",tpr,20,0.8605,0.064764756497732,0.014481839807515,0.8321155939772706,0.8888844060227294,"{'Female': 0.25, 'Male': 0.25}","{'Female': 0.25, 'Male': 0.75}","{'Female': 0.05, 'Male': 0.05}","{'Female': 0.8, 'Male': 0.8}"
REALDATA,SEMISYNTHETIC REAL-DATA EXPERIMENT,german,Male,logistic,validation_selected_threshold,frozen_policy,equal_access,8b1b8b56ce23dea1,"{""alpha_negative"": {""Female"": 0.25, ""Male"": 0.25}, ""alpha_positive"": {""Female"": 0.5, ""Male"": 0.5}, ""contestation_scenario"": ""equal_access"", ""rho_negative"": {""Female"": 0.05, ""Male"": 0.05}, ""rho_positive"": {""Female"": 0.8, ""Male"": 0.8}}",decision_threshold,20,0.4915,0.0602865962234602,0.0134804927287739,0.4650782342516031,0.5179217657483969,"{'Female': 0.25, 'Male': 0.25}","{'Female': 0.5, 'Male': 0.5}","{'Female': 0.05, 'Male': 0.05}","{'Female': 0.8, 'Male': 0.8}"
REALDATA,SEMISYNTHETIC REAL-DATA EXPERIMENT,german,Male,logistic,validation_selected_threshold,frozen_policy,moderate_first_group,58a445a909825bd5,"{""alpha_negative"": {""Female"": 0.25, ""Male"": 0.25}, ""alpha_positive"": {""Female"": 0.65, ""Male"": 0.35}, ""contestation_scenario"": ""moderate_first_group"", ""rho_negative"": {""Female"": 0.05, ""Male"": 0.05}, ""rho_positive"": {""Female"": 0.8, ""Male"": 0.8}}",decision_threshold,20,0.4915,0.0602865962234602,0.0134804927287739,0.4650782342516031,0.5179217657483969,"{'Female': 0.25, 'Male': 0.25}","{'Female': 0.65, 'Male': 0.35}","{'Female': 0.05, 'Male': 0.05}","{'Female': 0.8, 'Male': 0.8}"
REALDATA,SEMISYNTHETIC REAL-DATA EXPERIMENT,german,Male,logistic,validation_selected_threshold,frozen_policy,moderate_second_group,f2d18f38dbf44f65,"{""alpha_negative"": {""Female"": 0.25, ""Male"": 0.25}, ""alpha_positive"": {""Female"": 0.35, ""Male"": 0.65}, ""contestation_scenario"": ""moderate_second_group"", ""rho_negative"": {""Female"": 0.05, ""Male"": 0.05}, ""rho_positive"": {""Female"": 0.8, ""Male"": 0.8}}",decision_threshold,20,0.4915,0.0602865962234602,0.0134804927287739,0.4650782342516031,0.5179217657483969,"{'Female': 0.25, 'Male': 0.25}","{'Female': 0.35, 'Male': 0.65}","{'Female': 0.05, 'Male': 0.05}","{'Female': 0.8, 'Male': 0.8}"
REALDATA,SEMISYNTHETIC REAL-DATA EXPERIMENT,german,Male,logistic,validation_selected_threshold,frozen_policy,strong_first_group,80db5b8b411cb1ee,"{""alpha_negative"": {""Female"": 0.25, ""Male"": 0.25}, ""alpha_positive"": {""Female"": 0.75, ""Male"": 0.25}, ""contestation_scenario"": ""strong_first_group"", ""rho_negative"": {""Female"": 0.05, ""Male"": 0.05}, ""rho_positive"": {""Female"": 0.8, ""Male"": 0.8}}",decision_threshold,20,0.4915,0.0602865962234602,0.0134804927287739,0.4650782342516031,0.5179217657483969,"{'Female': 0.25, 'Male': 0.25}","{'Female': 0.75, 'Male': 0.25}","{'Female': 0.05, 'Male': 0.05}","{'Female': 0.8, 'Male': 0.8}"
REALDATA,SEMISYNTHETIC REAL-DATA EXPERIMENT,german,Male,logistic,validation_selected_threshold,frozen_policy,strong_second_group,1a6f52e99e976851,"{""alpha_negative"": {""Female"": 0.25, ""Male"": 0.25}, ""alpha_positive"": {""Female"": 0.25, ""Male"": 0.75}, ""contestation_scenario"": ""strong_second_group"", ""rho_negative"": {""Female"": 0.05, ""Male"": 0.05}, ""rho_positive"": {""Female"": 0.8, ""Male"": 0.8}}",decision_threshold,20,0.4915,0.0602865962234602,0.0134804927287739,0.4650782342516031,0.5179217657483969,"{'Female': 0.25, 'Male': 0.25}","{'Female': 0.25, 'Male': 0.75}","{'Female': 0.05, 'Male': 0.05}","{'Female': 0.8, 'Male': 0.8}"
REALDATA,SEMISYNTHETIC REAL-DATA EXPERIMENT,german,Male,random_forest,group_threshold_calibrated,post,equal_access,8b1b8b56ce23dea1,"{""alpha_negative"": {""Female"": 0.25, ""Male"": 0.25}, ""alpha_positive"": {""Female"": 0.5, ""Male"": 0.5}, ""contestation_scenario"": ""equal_access"", ""rho_negative"": {""Female"": 0.05, ""Male"": 0.05}, ""rho_positive"": {""Female"": 0.8, ""Male"": 0.8}}",accuracy,20,0.7539855072463768,0.0182829827485964,0.0040881992257317,0.7459726367639425,0.7619983777288111,"{'Female': 0.25, 'Male': 0.25}","{'Female': 0.5, 'Male': 0.5}","{'Female': 0.05, 'Male': 0.05}","{'Female': 0.8, 'Male': 0.8}"
REALDATA,SEMISYNTHETIC REAL-DATA EXPERIMENT,german,Male,random_forest,group_threshold_calibrated,post,equal_access,8b1b8b56ce23dea1,"{""alpha_negative"": {""Female"": 0.25, ""Male"": 0.25}, ""alpha_positive"": {""Female"": 0.5, ""Male"": 0.5}, ""contestation_scenario"": ""equal_access"", ""rho_negative"": {""Female"": 0.05, ""Male"": 0.05}, ""rho_positive"": {""Female"": 0.8, ""Male"": 0.8}}",fnr,20,0.0214999999999999,0.0184319516629483,0.0041215096876342,0.0134218410122368,0.0295781589877631,"{'Female': 0.25, 'Male': 0.25}","{'Female': 0.5, 'Male': 0.5}","{'Female': 0.05, 'Male': 0.05}","{'Female': 0.8, 'Male': 0.8}"
REALDATA,SEMISYNTHETIC REAL-DATA EXPERIMENT,german,Male,random_forest,group_threshold_calibrated,post,equal_access,8b1b8b56ce23dea1,"{""alpha_negative"": {""Female"": 0.25, ""Male"": 0.25}, ""alpha_positive"": {""Female"": 0.5, ""Male"": 0.5}, ""contestation_scenario"": ""equal_access"", ""rho_negative"": {""Female"": 0.05, ""Male"": 0.05}, ""rho_positive"": {""Female"": 0.8, ""Male"": 0.8}}",fpr,20,0.8368421052631578,0.0696773644861648,0.0155803323484094,0.8063046538602754,0.8673795566660403,"{'Female': 0.25, 'Male': 0.25}","{'Female': 0.5, 'Male': 0.5}","{'Female': 0.05, 'Male': 0.05}","{'Female': 0.8, 'Male': 0.8}"
REALDATA,SEMISYNTHETIC REAL-DATA EXPERIMENT,german,Male,random_forest,group_threshold_calibrated,post,equal_access,8b1b8b56ce23dea1,"{""alpha_negative"": {""Female"": 0.25, ""Male"": 0.25}, ""alpha_positive"": {""Female"": 0.5, ""Male"": 0.5}, ""contestation_scenario"": ""equal_access"", ""rho_negative"": {""Female"": 0.05, ""Male"": 0.05}, ""rho_positive"": {""Female"": 0.8, ""Male"": 0.8}}",n,20,138.0,0.0,0.0,138.0,138.0,"{'Female': 0.25, 'Male': 0.25}","{'Female': 0.5, 'Male': 0.5}","{'Female': 0.05, 'Male': 0.05}","{'Female': 0.8, 'Male': 0.8}"
REALDATA,SEMISYNTHETIC REAL-DATA EXPERIMENT,german,Male,random_forest,group_threshold_calibrated,post,equal_access,8b1b8b56ce23dea1,"{""alpha_negative"": {""Female"": 0.25, ""Male"": 0.25}, ""alpha_positive"": {""Female"": 0.5, ""Male"": 0.5}, ""contestation_scenario"": ""equal_access"", ""rho_negative"": {""Female"": 0.05, ""Male"": 0.05}, ""rho_positive"": {""Female"": 0.8, ""Male"": 0.8}}",positive_rate,20,0.9394927536231884,0.0275457649402147,0.006159420289855,0.9274202898550726,0.9515652173913044,"{'Female': 0.25, 'Male': 0.25}","{'Female': 0.5, 'Male': 0.5}","{'Female': 0.05, 'Male': 0.05}","{'Female': 0.8, 'Male': 0.8}"
REALDATA,SEMISYNTHETIC REAL-DATA EXPERIMENT,german,Male,random_forest,group_threshold_calibrated,post,equal_access,8b1b8b56ce23dea1,"{""alpha_negative"": {""Female"": 0.25, ""Male"": 0.25}, ""alpha_positive"": {""Female"": 0.5, ""Male"": 0.5}, ""contestation_scenario"": ""equal_access"", ""rho_negative"": {""Female"": 0.05, ""Male"": 0.05}, ""rho_positive"": {""Female"": 0.8, ""Male"": 0.8}}",prevalence,20,0.7246376811594203,0.0,0.0,0.7246376811594203,0.7246376811594203,"{'Female': 0.25, 'Male': 0.25}","{'Female': 0.5, 'Male': 0.5}","{'Female': 0.05, 'Male': 0.05}","{'Female': 0.8, 'Male': 0.8}"
REALDATA,SEMISYNTHETIC REAL-DATA EXPERIMENT,german,Male,random_forest,group_threshold_calibrated,post,equal_access,8b1b8b56ce23dea1,"{""alpha_negative"": {""Female"": 0.25, ""Male"": 0.25}, ""alpha_positive"": {""Female"": 0.5, ""Male"": 0.5}, ""contestation_scenario"": ""equal_access"", ""rho_negative"": {""Female"": 0.05, ""Male"": 0.05}, ""rho_positive"": {""Female"": 0.8, ""Male"": 0.8}}",tnr,20,0.1631578947368421,0.0696773644861648,0.0155803323484094,0.1326204433339596,0.1936953461397245,"{'Female': 0.25, 'Male': 0.25}","{'Female': 0.5, 'Male': 0.5}","{'Female': 0.05, 'Male': 0.05}","{'Female': 0.8, 'Male': 0.8}"
REALDATA,SEMISYNTHETIC REAL-DATA EXPERIMENT,german,Male,random_forest,group_threshold_calibrated,post,equal_access,8b1b8b56ce23dea1,"{""alpha_negative"": {""Female"": 0.25, ""Male"": 0.25}, ""alpha_positive"": {""Female"": 0.5, ""Male"": 0.5}, ""contestation_scenario"": ""equal_access"", ""rho_negative"": {""Female"": 0.05, ""Male"": 0.05}, ""rho_positive"": {""Female"": 0.8, ""Male"": 0.8}}",tpr,20,0.9785,0.0184319516629483,0.0041215096876342,0.9704218410122368,0.9865781589877632,"{'Female': 0.25, 'Male': 0.25}","{'Female': 0.5, 'Male': 0.5}","{'Female': 0.05, 'Male': 0.05}","{'Female': 0.8, 'Male': 0.8}"
REALDATA,SEMISYNTHETIC REAL-DATA EXPERIMENT,german,Male,random_forest,group_threshold_calibrated,post,moderate_first_group,58a445a909825bd5,"{""alpha_negative"": {""Female"": 0.25, ""Male"": 0.25}, ""alpha_positive"": {""Female"": 0.65, ""Male"": 0.35}, ""contestation_scenario"": ""moderate_first_group"", ""rho_negative"": {""Female"": 0.05, ""Male"": 0.05}, ""rho_positive"": {""Female"": 0.8, ""Male"": 0.8}}",accuracy,20,0.7521739130434782,0.0179973233275417,0.0040243238373426,0.7442862383222867,0.7600615877646698,"{'Female': 0.25, 'Male': 0.25}","{'Female': 0.65, 'Male': 0.35}","{'Female': 0.05, 'Male': 0.05}","{'Female': 0.8, 'Male': 0.8}"
REALDATA,SEMISYNTHETIC REAL-DATA EXPERIMENT,german,Male,random_forest,group_threshold_calibrated,post,moderate_first_group,58a445a909825bd5,"{""alpha_negative"": {""Female"": 0.25, ""Male"": 0.25}, ""alpha_positive"": {""Female"": 0.65, ""Male"": 0.35}, ""contestation_scenario"": ""moderate_first_group"", ""rho_negative"": {""Female"": 0.05, ""Male"": 0.05}, ""rho_positive"": {""Female"": 0.8, ""Male"": 0.8}}",fnr,20,0.0244999999999999,0.0179105966869953,0.0040049311709704,0.0166503349048979,0.032349665095102,"{'Female': 0.25, 'Male': 0.25}","{'Female': 0.65, 'Male': 0.35}","{'Female': 0.05, 'Male': 0.05}","{'Female': 0.8, 'Male': 0.8}"
REALDATA,SEMISYNTHETIC REAL-DATA EXPERIMENT,german,Male,random_forest,group_threshold_calibrated,post,moderate_first_group,58a445a909825bd5,"{""alpha_negative"": {""Female"": 0.25, ""Male"": 0.25}, ""alpha_positive"": {""Female"": 0.65, ""Male"": 0.35}, ""contestation_scenario"": ""moderate_first_group"", ""rho_negative"": {""Female"": 0.05, ""Male"": 0.05}, ""rho_positive"": {""Female"": 0.8, ""Male"": 0.8}}",fpr,20,0.8355263157894737,0.0708574316728224,0.0158442033931477,0.8044716771389041,0.8665809544400432,"{'Female': 0.25, 'Male': 0.25}","{'Female': 0.65, 'Male': 0.35}","{'Female': 0.05, 'Male': 0.05}","{'Female': 0.8, 'Male': 0.8}"
REALDATA,SEMISYNTHETIC REAL-DATA EXPERIMENT,german,Male,random_forest,group_threshold_calibrated,post,moderate_first_group,58a445a909825bd5,"{""alpha_negative"": {""Female"": 0.25, ""Male"": 0.25}, ""alpha_positive"": {""Female"": 0.65, ""Male"": 0.35}, ""contestation_scenario"": ""moderate_first_group"", ""rho_negative"": {""Female"": 0.05, ""Male"": 0.05}, ""rho_positive"": {""Female"": 0.8, ""Male"": 0.8}}",n,20,138.0,0.0,0.0,138.0,138.0,"{'Female': 0.25, 'Male': 0.25}","{'Female': 0.65, 'Male': 0.35}","{'Female': 0.05, 'Male': 0.05}","{'Female': 0.8, 'Male': 0.8}"
REALDATA,SEMISYNTHETIC REAL-DATA EXPERIMENT,german,Male,random_forest,group_threshold_calibrated,post,moderate_first_group,58a445a909825bd5,"{""alpha_negative"": {""Female"": 0.25, ""Male"": 0.25}, ""alpha_positive"": {""Female"": 0.65, ""Male"": 0.35}, ""contestation_scenario"": ""moderate_first_group"", ""rho_negative"": {""Female"": 0.05, ""Male"": 0.05}, ""rho_positive"": {""Female"": 0.8, ""Male"": 0.8}}",positive_rate,20,0.9369565217391304,0.0278277554801051,0.0062224752914757,0.924760470167838,0.9491525733104228,"{'Female': 0.25, 'Male': 0.25}","{'Female': 0.65, 'Male': 0.35}","{'Female': 0.05, 'Male': 0.05}","{'Female': 0.8, 'Male': 0.8}"
REALDATA,SEMISYNTHETIC REAL-DATA EXPERIMENT,german,Male,random_forest,group_threshold_calibrated,post,moderate_first_group,58a445a909825bd5,"{""alpha_negative"": {""Female"": 0.25, ""Male"": 0.25}, ""alpha_positive"": {""Female"": 0.65, ""Male"": 0.35}, ""contestation_scenario"": ""moderate_first_group"", ""rho_negative"": {""Female"": 0.05, ""Male"": 0.05}, ""rho_positive"": {""Female"": 0.8, ""Male"": 0.8}}",prevalence,20,0.7246376811594203,0.0,0.0,0.7246376811594203,0.7246376811594203,"{'Female': 0.25, 'Male': 0.25}","{'Female': 0.65, 'Male': 0.35}","{'Female': 0.05, 'Male': 0.05}","{'Female': 0.8, 'Male': 0.8}"
REALDATA,SEMISYNTHETIC REAL-DATA EXPERIMENT,german,Male,random_forest,group_threshold_calibrated,post,moderate_first_group,58a445a909825bd5,"{""alpha_negative"": {""Female"": 0.25, ""Male"": 0.25}, ""alpha_positive"": {""Female"": 0.65, ""Male"": 0.35}, ""contestation_scenario"": ""moderate_first_group"", ""rho_negative"": {""Female"": 0.05, ""Male"": 0.05}, ""rho_positive"": {""Female"": 0.8, ""Male"": 0.8}}",tnr,20,0.1644736842105263,0.0708574316728224,0.0158442033931477,0.1334190455599567,0.1955283228610959,"{'Female': 0.25, 'Male': 0.25}","{'Female': 0.65, 'Male': 0.35}","{'Female': 0.05, 'Male': 0.05}","{'Female': 0.8, 'Male': 0.8}"
REALDATA,SEMISYNTHETIC REAL-DATA EXPERIMENT,german,Male,random_forest,group_threshold_calibrated,post,moderate_first_group,58a445a909825bd5,"{""alpha_negative"": {""Female"": 0.25, ""Male"": 0.25}, ""alpha_positive"": {""Female"": 0.65, ""Male"": 0.35}, ""contestation_scenario"": ""moderate_first_group"", ""rho_negative"": {""Female"": 0.05, ""Male"": 0.05}, ""rho_positive"": {""Female"": 0.8, ""Male"": 0.8}}",tpr,20,0.9755,0.0179105966869953,0.0040049311709704,0.967650334904898,0.983349665095102,"{'Female': 0.25, 'Male': 0.25}","{'Female': 0.65, 'Male': 0.35}","{'Female': 0.05, 'Male': 0.05}","{'Female': 0.8, 'Male': 0.8}"
REALDATA,SEMISYNTHETIC REAL-DATA EXPERIMENT,german,Male,random_forest,group_threshold_calibrated,post,moderate_second_group,f2d18f38dbf44f65,"{""alpha_negative"": {""Female"": 0.25, ""Male"": 0.25}, ""alpha_positive"": {""Female"": 0.35, ""Male"": 0.65}, ""contestation_scenario"": ""moderate_second_group"", ""rho_negative"": {""Female"": 0.05, ""Male"": 0.05}, ""rho_positive"": {""Female"": 0.8, ""Male"": 0.8}}",accuracy,20,0.7586956521739131,0.0209096783746383,0.0046755462233348,0.7495315815761768,0.7678597227716494,"{'Female': 0.25, 'Male': 0.25}","{'Female': 0.35, 'Male': 0.65}","{'Female': 0.05, 'Male': 0.05}","{'Female': 0.8, 'Male': 0.8}"
REALDATA,SEMISYNTHETIC REAL-DATA EXPERIMENT,german,Male,random_forest,group_threshold_calibrated,post,moderate_second_group,f2d18f38dbf44f65,"{""alpha_negative"": {""Female"": 0.25, ""Male"": 0.25}, ""alpha_positive"": {""Female"": 0.35, ""Male"": 0.65}, ""contestation_scenario"": ""moderate_second_group"", ""rho_negative"": {""Female"": 0.05, ""Male"": 0.05}, ""rho_positive"": {""Female"": 0.8, ""Male"": 0.8}}",fnr,20,0.0154999999999999,0.0173129096949433,0.0038712842966208,0.0079122827786231,0.0230877172213768,"{'Female': 0.25, 'Male': 0.25}","{'Female': 0.35, 'Male': 0.65}","{'Female': 0.05, 'Male': 0.05}","{'Female': 0.8, 'Male': 0.8}"
REALDATA,SEMISYNTHETIC REAL-DATA EXPERIMENT,german,Male,random_forest,group_threshold_calibrated,post,moderate_second_group,f2d18f38dbf44f65,"{""alpha_negative"": {""Female"": 0.25, ""Male"": 0.25}, ""alpha_positive"": {""Female"": 0.35, ""Male"": 0.65}, ""contestation_scenario"": ""moderate_second_group"", ""rho_negative"": {""Female"": 0.05, ""Male"": 0.05}, ""rho_positive"": {""Female"": 0.8, ""Male"": 0.8}}",fpr,20,0.8355263157894737,0.0708574316728224,0.0158442033931477,0.8044716771389041,0.8665809544400432,"{'Female': 0.25, 'Male': 0.25}","{'Female': 0.35, 'Male': 0.65}","{'Female': 0.05, 'Male': 0.05}","{'Female': 0.8, 'Male': 0.8}"
REALDATA,SEMISYNTHETIC REAL-DATA EXPERIMENT,german,Male,random_forest,group_threshold_calibrated,post,moderate_second_group,f2d18f38dbf44f65,"{""alpha_negative"": {""Female"": 0.25, ""Male"": 0.25}, ""alpha_positive"": {""Female"": 0.35, ""Male"": 0.65}, ""contestation_scenario"": ""moderate_second_group"", ""rho_negative"": {""Female"": 0.05, ""Male"": 0.05}, ""rho_positive"": {""Female"": 0.8, ""Male"": 0.8}}",n,20,138.0,0.0,0.0,138.0,138.0,"{'Female': 0.25, 'Male': 0.25}","{'Female': 0.35, 'Male': 0.65}","{'Female': 0.05, 'Male': 0.05}","{'Female': 0.8, 'Male': 0.8}"
REALDATA,SEMISYNTHETIC REAL-DATA EXPERIMENT,german,Male,random_forest,group_threshold_calibrated,post,moderate_second_group,f2d18f38dbf44f65,"{""alpha_negative"": {""Female"": 0.25, ""Male"": 0.25}, ""alpha_positive"": {""Female"": 0.35, ""Male"": 0.65}, ""contestation_scenario"": ""moderate_second_group"", ""rho_negative"": {""Female"": 0.05, ""Male"": 0.05}, ""rho_positive"": {""Female"": 0.8, ""Male"": 0.8}}",positive_rate,20,0.9434782608695652,0.0252777275151414,0.0056522717040573,0.9323998083296128,0.9545567134095176,"{'Female': 0.25, 'Male': 0.25}","{'Female': 0.35, 'Male': 0.65}","{'Female': 0.05, 'Male': 0.05}","{'Female': 0.8, 'Male': 0.8}"
REALDATA,SEMISYNTHETIC REAL-DATA EXPERIMENT,german,Male,random_forest,group_threshold_calibrated,post,moderate_second_group,f2d18f38dbf44f65,"{""alpha_negative"": {""Female"": 0.25, ""Male"": 0.25}, ""alpha_positive"": {""Female"": 0.35, ""Male"": 0.65}, ""contestation_scenario"": ""moderate_second_group"", ""rho_negative"": {""Female"": 0.05, ""Male"": 0.05}, ""rho_positive"": {""Female"": 0.8, ""Male"": 0.8}}",prevalence,20,0.7246376811594203,0.0,0.0,0.7246376811594203,0.7246376811594203,"{'Female': 0.25, 'Male': 0.25}","{'Female': 0.35, 'Male': 0.65}","{'Female': 0.05, 'Male': 0.05}","{'Female': 0.8, 'Male': 0.8}"
REALDATA,SEMISYNTHETIC REAL-DATA EXPERIMENT,german,Male,random_forest,group_threshold_calibrated,post,moderate_second_group,f2d18f38dbf44f65,"{""alpha_negative"": {""Female"": 0.25, ""Male"": 0.25}, ""alpha_positive"": {""Female"": 0.35, ""Male"": 0.65}, ""contestation_scenario"": ""moderate_second_group"", ""rho_negative"": {""Female"": 0.05, ""Male"": 0.05}, ""rho_positive"": {""Female"": 0.8, ""Male"": 0.8}}",tnr,20,0.1644736842105263,0.0708574316728224,0.0158442033931477,0.1334190455599567,0.1955283228610959,"{'Female': 0.25, 'Male': 0.25}","{'Female': 0.35, 'Male': 0.65}","{'Female': 0.05, 'Male': 0.05}","{'Female': 0.8, 'Male': 0.8}"
REALDATA,SEMISYNTHETIC REAL-DATA EXPERIMENT,german,Male,random_forest,group_threshold_calibrated,post,moderate_second_group,f2d18f38dbf44f65,"{""alpha_negative"": {""Female"": 0.25, ""Male"": 0.25}, ""alpha_positive"": {""Female"": 0.35, ""Male"": 0.65}, ""contestation_scenario"": ""moderate_second_group"", ""rho_negative"": {""Female"": 0.05, ""Male"": 0.05}, ""rho_positive"": {""Female"": 0.8, ""Male"": 0.8}}",tpr,20,0.9845,0.0173129096949433,0.0038712842966208,0.9769122827786232,0.9920877172213768,"{'Female': 0.25, 'Male': 0.25}","{'Female': 0.35, 'Male': 0.65}","{'Female': 0.05, 'Male': 0.05}","{'Female': 0.8, 'Male': 0.8}"
REALDATA,SEMISYNTHETIC REAL-DATA EXPERIMENT,german,Male,random_forest,group_threshold_calibrated,post,strong_first_group,80db5b8b411cb1ee,"{""alpha_negative"": {""Female"": 0.25, ""Male"": 0.25}, ""alpha_positive"": {""Female"": 0.75, ""Male"": 0.25}, ""contestation_scenario"": ""strong_first_group"", ""rho_negative"": {""Female"": 0.05, ""Male"": 0.05}, ""rho_positive"": {""Female"": 0.8, ""Male"": 0.8}}",accuracy,20,0.7510869565217392,0.0197087707601917,0.0044070151172749,0.7424492068918803,0.759724706151598,"{'Female': 0.25, 'Male': 0.25}","{'Female': 0.75, 'Male': 0.25}","{'Female': 0.05, 'Male': 0.05}","{'Female': 0.8, 'Male': 0.8}"
REALDATA,SEMISYNTHETIC REAL-DATA EXPERIMENT,german,Male,random_forest,group_threshold_calibrated,post,strong_first_group,80db5b8b411cb1ee,"{""alpha_negative"": {""Female"": 0.25, ""Male"": 0.25}, ""alpha_positive"": {""Female"": 0.75, ""Male"": 0.25}, ""contestation_scenario"": ""strong_first_group"", ""rho_negative"": {""Female"": 0.05, ""Male"": 0.05}, ""rho_positive"": {""Female"": 0.8, ""Male"": 0.8}}",fnr,20,0.0259999999999999,0.0211261872914561,0.0047239590889088,0.0167410401857387,0.0352589598142612,"{'Female': 0.25, 'Male': 0.25}","{'Female': 0.75, 'Male': 0.25}","{'Female': 0.05, 'Male': 0.05}","{'Female': 0.8, 'Male': 0.8}"
REALDATA,SEMISYNTHETIC REAL-DATA EXPERIMENT,german,Male,random_forest,group_threshold_calibrated,post,strong_first_group,80db5b8b411cb1ee,"{""alpha_negative"": {""Female"": 0.25, ""Male"": 0.25}, ""alpha_positive"": {""Female"": 0.75, ""Male"": 0.25}, ""contestation_scenario"": ""strong_first_group"", ""rho_negative"": {""Female"": 0.05, ""Male"": 0.05}, ""rho_positive"": {""Female"": 0.8, ""Male"": 0.8}}",fpr,20,0.8355263157894737,0.0708574316728224,0.0158442033931477,0.8044716771389041,0.8665809544400432,"{'Female': 0.25, 'Male': 0.25}","{'Female': 0.75, 'Male': 0.25}","{'Female': 0.05, 'Male': 0.05}","{'Female': 0.8, 'Male': 0.8}"
REALDATA,SEMISYNTHETIC REAL-DATA EXPERIMENT,german,Male,random_forest,group_threshold_calibrated,post,strong_first_group,80db5b8b411cb1ee,"{""alpha_negative"": {""Female"": 0.25, ""Male"": 0.25}, ""alpha_positive"": {""Female"": 0.75, ""Male"": 0.25}, ""contestation_scenario"": ""strong_first_group"", ""rho_negative"": {""Female"": 0.05, ""Male"": 0.05}, ""rho_positive"": {""Female"": 0.8, ""Male"": 0.8}}",n,20,138.0,0.0,0.0,138.0,138.0,"{'Female': 0.25, 'Male': 0.25}","{'Female': 0.75, 'Male': 0.25}","{'Female': 0.05, 'Male': 0.05}","{'Female': 0.8, 'Male': 0.8}"
REALDATA,SEMISYNTHETIC REAL-DATA EXPERIMENT,german,Male,random_forest,group_threshold_calibrated,post,strong_first_group,80db5b8b411cb1ee,"{""alpha_negative"": {""Female"": 0.25, ""Male"": 0.25}, ""alpha_positive"": {""Female"": 0.75, ""Male"": 0.25}, ""contestation_scenario"": ""strong_first_group"", ""rho_negative"": {""Female"": 0.05, ""Male"": 0.05}, ""rho_positive"": {""Female"": 0.8, ""Male"": 0.8}}",positive_rate,20,0.9358695652173912,0.0290117158399281,0.0064872168761986,0.9231546201400418,0.9485845102947406,"{'Female': 0.25, 'Male': 0.25}","{'Female': 0.75, 'Male': 0.25}","{'Female': 0.05, 'Male': 0.05}","{'Female': 0.8, 'Male': 0.8}"
REALDATA,SEMISYNTHETIC REAL-DATA EXPERIMENT,german,Male,random_forest,group_threshold_calibrated,post,strong_first_group,80db5b8b411cb1ee,"{""alpha_negative"": {""Female"": 0.25, ""Male"": 0.25}, ""alpha_positive"": {""Female"": 0.75, ""Male"": 0.25}, ""contestation_scenario"": ""strong_first_group"", ""rho_negative"": {""Female"": 0.05, ""Male"": 0.05}, ""rho_positive"": {""Female"": 0.8, ""Male"": 0.8}}",prevalence,20,0.7246376811594203,0.0,0.0,0.7246376811594203,0.7246376811594203,"{'Female': 0.25, 'Male': 0.25}","{'Female': 0.75, 'Male': 0.25}","{'Female': 0.05, 'Male': 0.05}","{'Female': 0.8, 'Male': 0.8}"
REALDATA,SEMISYNTHETIC REAL-DATA EXPERIMENT,german,Male,random_forest,group_threshold_calibrated,post,strong_first_group,80db5b8b411cb1ee,"{""alpha_negative"": {""Female"": 0.25, ""Male"": 0.25}, ""alpha_positive"": {""Female"": 0.75, ""Male"": 0.25}, ""contestation_scenario"": ""strong_first_group"", ""rho_negative"": {""Female"": 0.05, ""Male"": 0.05}, ""rho_positive"": {""Female"": 0.8, ""Male"": 0.8}}",tnr,20,0.1644736842105263,0.0708574316728224,0.0158442033931477,0.1334190455599567,0.1955283228610959,"{'Female': 0.25, 'Male': 0.25}","{'Female': 0.75, 'Male': 0.25}","{'Female': 0.05, 'Male': 0.05}","{'Female': 0.8, 'Male': 0.8}"
REALDATA,SEMISYNTHETIC REAL-DATA EXPERIMENT,german,Male,random_forest,group_threshold_calibrated,post,strong_first_group,80db5b8b411cb1ee,"{""alpha_negative"": {""Female"": 0.25, ""Male"": 0.25}, ""alpha_positive"": {""Female"": 0.75, ""Male"": 0.25}, ""contestation_scenario"": ""strong_first_group"", ""rho_negative"": {""Female"": 0.05, ""Male"": 0.05}, ""rho_positive"": {""Female"": 0.8, ""Male"": 0.8}}",tpr,20,0.974,0.0211261872914561,0.0047239590889088,0.9647410401857388,0.9832589598142611,"{'Female': 0.25, 'Male': 0.25}","{'Female': 0.75, 'Male': 0.25}","{'Female': 0.05, 'Male': 0.05}","{'Female': 0.8, 'Male': 0.8}"
REALDATA,SEMISYNTHETIC REAL-DATA EXPERIMENT,german,Male,random_forest,group_threshold_calibrated,post,strong_second_group,1a6f52e99e976851,"{""alpha_negative"": {""Female"": 0.25, ""Male"": 0.25}, ""alpha_positive"": {""Female"": 0.25, ""Male"": 0.75}, ""contestation_scenario"": ""strong_second_group"", ""rho_negative"": {""Female"": 0.05, ""Male"": 0.05}, ""rho_positive"": {""Female"": 0.8, ""Male"": 0.8}}",accuracy,20,0.7608695652173914,0.0193871320017373,0.0043350945044646,0.7523727799886407,0.769366350446142,"{'Female': 0.25, 'Male': 0.25}","{'Female': 0.25, 'Male': 0.75}","{'Female': 0.05, 'Male': 0.05}","{'Female': 0.8, 'Male': 0.8}"
REALDATA,SEMISYNTHETIC REAL-DATA EXPERIMENT,german,Male,random_forest,group_threshold_calibrated,post,strong_second_group,1a6f52e99e976851,"{""alpha_negative"": {""Female"": 0.25, ""Male"": 0.25}, ""alpha_positive"": {""Female"": 0.25, ""Male"": 0.75}, ""contestation_scenario"": ""strong_second_group"", ""rho_negative"": {""Female"": 0.05, ""Male"": 0.05}, ""rho_positive"": {""Female"": 0.8, ""Male"": 0.8}}",fnr,20,0.0125,0.015174424466672,0.0033931044626914,0.0058495152531247,0.0191504847468753,"{'Female': 0.25, 'Male': 0.25}","{'Female': 0.25, 'Male': 0.75}","{'Female': 0.05, 'Male': 0.05}","{'Female': 0.8, 'Male': 0.8}"
REALDATA,SEMISYNTHETIC REAL-DATA EXPERIMENT,german,Male,random_forest,group_threshold_calibrated,post,strong_second_group,1a6f52e99e976851,"{""alpha_negative"": {""Female"": 0.25, ""Male"": 0.25}, ""alpha_positive"": {""Female"": 0.25, ""Male"": 0.75}, ""contestation_scenario"": ""strong_second_group"", ""rho_negative"": {""Female"": 0.05, ""Male"": 0.05}, ""rho_positive"": {""Female"": 0.8, ""Male"": 0.8}}",fpr,20,0.8355263157894737,0.0708574316728224,0.0158442033931477,0.8044716771389041,0.8665809544400432,"{'Female': 0.25, 'Male': 0.25}","{'Female': 0.25, 'Male': 0.75}","{'Female': 0.05, 'Male': 0.05}","{'Female': 0.8, 'Male': 0.8}"
REALDATA,SEMISYNTHETIC REAL-DATA EXPERIMENT,german,Male,random_forest,group_threshold_calibrated,post,strong_second_group,1a6f52e99e976851,"{""alpha_negative"": {""Female"": 0.25, ""Male"": 0.25}, ""alpha_positive"": {""Female"": 0.25, ""Male"": 0.75}, ""contestation_scenario"": ""strong_second_group"", ""rho_negative"": {""Female"": 0.05, ""Male"": 0.05}, ""rho_positive"": {""Female"": 0.8, ""Male"": 0.8}}",n,20,138.0,0.0,0.0,138.0,138.0,"{'Female': 0.25, 'Male': 0.25}","{'Female': 0.25, 'Male': 0.75}","{'Female': 0.05, 'Male': 0.05}","{'Female': 0.8, 'Male': 0.8}"
REALDATA,SEMISYNTHETIC REAL-DATA EXPERIMENT,german,Male,random_forest,group_threshold_calibrated,post,strong_second_group,1a6f52e99e976851,"{""alpha_negative"": {""Female"": 0.25, ""Male"": 0.25}, ""alpha_positive"": {""Female"": 0.25, ""Male"": 0.75}, ""contestation_scenario"": ""strong_second_group"", ""rho_negative"": {""Female"": 0.05, ""Male"": 0.05}, ""rho_positive"": {""Female"": 0.8, ""Male"": 0.8}}",positive_rate,20,0.9456521739130436,0.0250470764711735,0.0056006965627179,0.9346748086501164,0.9566295391759708,"{'Female': 0.25, 'Male': 0.25}","{'Female': 0.25, 'Male': 0.75}","{'Female': 0.05, 'Male': 0.05}","{'Female': 0.8, 'Male': 0.8}"
REALDATA,SEMISYNTHETIC REAL-DATA EXPERIMENT,german,Male,random_forest,group_threshold_calibrated,post,strong_second_group,1a6f52e99e976851,"{""alpha_negative"": {""Female"": 0.25, ""Male"": 0.25}, ""alpha_positive"": {""Female"": 0.25, ""Male"": 0.75}, ""contestation_scenario"": ""strong_second_group"", ""rho_negative"": {""Female"": 0.05, ""Male"": 0.05}, ""rho_positive"": {""Female"": 0.8, ""Male"": 0.8}}",prevalence,20,0.7246376811594203,0.0,0.0,0.7246376811594203,0.7246376811594203,"{'Female': 0.25, 'Male': 0.25}","{'Female': 0.25, 'Male': 0.75}","{'Female': 0.05, 'Male': 0.05}","{'Female': 0.8, 'Male': 0.8}"
REALDATA,SEMISYNTHETIC REAL-DATA EXPERIMENT,german,Male,random_forest,group_threshold_calibrated,post,strong_second_group,1a6f52e99e976851,"{""alpha_negative"": {""Female"": 0.25, ""Male"": 0.25}, ""alpha_positive"": {""Female"": 0.25, ""Male"": 0.75}, ""contestation_scenario"": ""strong_second_group"", ""rho_negative"": {""Female"": 0.05, ""Male"": 0.05}, ""rho_positive"": {""Female"": 0.8, ""Male"": 0.8}}",tnr,20,0.1644736842105263,0.0708574316728224,0.0158442033931477,0.1334190455599567,0.1955283228610959,"{'Female': 0.25, 'Male': 0.25}","{'Female': 0.25, 'Male': 0.75}","{'Female': 0.05, 'Male': 0.05}","{'Female': 0.8, 'Male': 0.8}"
REALDATA,SEMISYNTHETIC REAL-DATA EXPERIMENT,german,Male,random_forest,group_threshold_calibrated,post,strong_second_group,1a6f52e99e976851,"{""alpha_negative"": {""Female"": 0.25, ""Male"": 0.25}, ""alpha_positive"": {""Female"": 0.25, ""Male"": 0.75}, ""contestation_scenario"": ""strong_second_group"", ""rho_negative"": {""Female"": 0.05, ""Male"": 0.05}, ""rho_positive"": {""Female"": 0.8, ""Male"": 0.8}}",tpr,20,0.9875,0.0151744244666721,0.0033931044626914,0.9808495152531248,0.9941504847468754,"{'Female': 0.25, 'Male': 0.25}","{'Female': 0.25, 'Male': 0.75}","{'Female': 0.05, 'Male': 0.05}","{'Female': 0.8, 'Male': 0.8}"
REALDATA,SEMISYNTHETIC REAL-DATA EXPERIMENT,german,Male,random_forest,group_threshold_calibrated,pre,equal_access,8b1b8b56ce23dea1,"{""alpha_negative"": {""Female"": 0.25, ""Male"": 0.25}, ""alpha_positive"": {""Female"": 0.5, ""Male"": 0.5}, ""contestation_scenario"": ""equal_access"", ""rho_negative"": {""Female"": 0.05, ""Male"": 0.05}, ""rho_positive"": {""Female"": 0.8, ""Male"": 0.8}}",accuracy,20,0.747463768115942,0.0205328965519202,0.0045912952465064,0.7384648294327892,0.7564627067990947,"{'Female': 0.25, 'Male': 0.25}","{'Female': 0.5, 'Male': 0.5}","{'Female': 0.05, 'Male': 0.05}","{'Female': 0.8, 'Male': 0.8}"
REALDATA,SEMISYNTHETIC REAL-DATA EXPERIMENT,german,Male,random_forest,group_threshold_calibrated,pre,equal_access,8b1b8b56ce23dea1,"{""alpha_negative"": {""Female"": 0.25, ""Male"": 0.25}, ""alpha_positive"": {""Female"": 0.5, ""Male"": 0.5}, ""contestation_scenario"": ""equal_access"", ""rho_negative"": {""Female"": 0.05, ""Male"": 0.05}, ""rho_positive"": {""Female"": 0.8, ""Male"": 0.8}}",fnr,20,0.0309999999999999,0.0233733991852636,0.0052264509443487,0.0207561561490764,0.0412438438509235,"{'Female': 0.25, 'Male': 0.25}","{'Female': 0.5, 'Male': 0.5}","{'Female': 0.05, 'Male': 0.05}","{'Female': 0.8, 'Male': 0.8}"
REALDATA,SEMISYNTHETIC REAL-DATA EXPERIMENT,german,Male,random_forest,group_threshold_calibrated,pre,equal_access,8b1b8b56ce23dea1,"{""alpha_negative"": {""Female"": 0.25, ""Male"": 0.25}, ""alpha_positive"": {""Female"": 0.5, ""Male"": 0.5}, ""contestation_scenario"": ""equal_access"", ""rho_negative"": {""Female"": 0.05, ""Male"": 0.05}, ""rho_positive"": {""Female"": 0.8, ""Male"": 0.8}}",fpr,20,0.8355263157894737,0.0708574316728224,0.0158442033931477,0.8044716771389041,0.8665809544400432,"{'Female': 0.25, 'Male': 0.25}","{'Female': 0.5, 'Male': 0.5}","{'Female': 0.05, 'Male': 0.05}","{'Female': 0.8, 'Male': 0.8}"
REALDATA,SEMISYNTHETIC REAL-DATA EXPERIMENT,german,Male,random_forest,group_threshold_calibrated,pre,equal_access,8b1b8b56ce23dea1,"{""alpha_negative"": {""Female"": 0.25, ""Male"": 0.25}, ""alpha_positive"": {""Female"": 0.5, ""Male"": 0.5}, ""contestation_scenario"": ""equal_access"", ""rho_negative"": {""Female"": 0.05, ""Male"": 0.05}, ""rho_positive"": {""Female"": 0.8, ""Male"": 0.8}}",n,20,138.0,0.0,0.0,138.0,138.0,"{'Female': 0.25, 'Male': 0.25}","{'Female': 0.5, 'Male': 0.5}","{'Female': 0.05, 'Male': 0.05}","{'Female': 0.8, 'Male': 0.8}"
REALDATA,SEMISYNTHETIC REAL-DATA EXPERIMENT,german,Male,random_forest,group_threshold_calibrated,pre,equal_access,8b1b8b56ce23dea1,"{""alpha_negative"": {""Female"": 0.25, ""Male"": 0.25}, ""alpha_positive"": {""Female"": 0.5, ""Male"": 0.5}, ""contestation_scenario"": ""equal_access"", ""rho_negative"": {""Female"": 0.05, ""Male"": 0.05}, ""rho_positive"": {""Female"": 0.8, ""Male"": 0.8}}",positive_rate,20,0.9322463768115942,0.0302247483667588,0.0067584591950898,0.918999796789218,0.9454929568339704,"{'Female': 0.25, 'Male': 0.25}","{'Female': 0.5, 'Male': 0.5}","{'Female': 0.05, 'Male': 0.05}","{'Female': 0.8, 'Male': 0.8}"
REALDATA,SEMISYNTHETIC REAL-DATA EXPERIMENT,german,Male,random_forest,group_threshold_calibrated,pre,equal_access,8b1b8b56ce23dea1,"{""alpha_negative"": {""Female"": 0.25, ""Male"": 0.25}, ""alpha_positive"": {""Female"": 0.5, ""Male"": 0.5}, ""contestation_scenario"": ""equal_access"", ""rho_negative"": {""Female"": 0.05, ""Male"": 0.05}, ""rho_positive"": {""Female"": 0.8, ""Male"": 0.8}}",prevalence,20,0.7246376811594203,0.0,0.0,0.7246376811594203,0.7246376811594203,"{'Female': 0.25, 'Male': 0.25}","{'Female': 0.5, 'Male': 0.5}","{'Female': 0.05, 'Male': 0.05}","{'Female': 0.8, 'Male': 0.8}"
REALDATA,SEMISYNTHETIC REAL-DATA EXPERIMENT,german,Male,random_forest,group_threshold_calibrated,pre,equal_access,8b1b8b56ce23dea1,"{""alpha_negative"": {""Female"": 0.25, ""Male"": 0.25}, ""alpha_positive"": {""Female"": 0.5, ""Male"": 0.5}, ""contestation_scenario"": ""equal_access"", ""rho_negative"": {""Female"": 0.05, ""Male"": 0.05}, ""rho_positive"": {""Female"": 0.8, ""Male"": 0.8}}",tnr,20,0.1644736842105263,0.0708574316728224,0.0158442033931477,0.1334190455599567,0.1955283228610959,"{'Female': 0.25, 'Male': 0.25}","{'Female': 0.5, 'Male': 0.5}","{'Female': 0.05, 'Male': 0.05}","{'Female': 0.8, 'Male': 0.8}"
REALDATA,SEMISYNTHETIC REAL-DATA EXPERIMENT,german,Male,random_forest,group_threshold_calibrated,pre,equal_access,8b1b8b56ce23dea1,"{""alpha_negative"": {""Female"": 0.25, ""Male"": 0.25}, ""alpha_positive"": {""Female"": 0.5, ""Male"": 0.5}, ""contestation_scenario"": ""equal_access"", ""rho_negative"": {""Female"": 0.05, ""Male"": 0.05}, ""rho_positive"": {""Female"": 0.8, ""Male"": 0.8}}",tpr,20,0.969,0.0233733991852636,0.0052264509443487,0.9587561561490764,0.9792438438509236,"{'Female': 0.25, 'Male': 0.25}","{'Female': 0.5, 'Male': 0.5}","{'Female': 0.05, 'Male': 0.05}","{'Female': 0.8, 'Male': 0.8}"
REALDATA,SEMISYNTHETIC REAL-DATA EXPERIMENT,german,Male,random_forest,group_threshold_calibrated,pre,moderate_first_group,58a445a909825bd5,"{""alpha_negative"": {""Female"": 0.25, ""Male"": 0.25}, ""alpha_positive"": {""Female"": 0.65, ""Male"": 0.35}, ""contestation_scenario"": ""moderate_first_group"", ""rho_negative"": {""Female"": 0.05, ""Male"": 0.05}, ""rho_positive"": {""Female"": 0.8, ""Male"": 0.8}}",accuracy,20,0.747463768115942,0.0205328965519202,0.0045912952465064,0.7384648294327892,0.7564627067990947,"{'Female': 0.25, 'Male': 0.25}","{'Female': 0.65, 'Male': 0.35}","{'Female': 0.05, 'Male': 0.05}","{'Female': 0.8, 'Male': 0.8}"
REALDATA,SEMISYNTHETIC REAL-DATA EXPERIMENT,german,Male,random_forest,group_threshold_calibrated,pre,moderate_first_group,58a445a909825bd5,"{""alpha_negative"": {""Female"": 0.25, ""Male"": 0.25}, ""alpha_positive"": {""Female"": 0.65, ""Male"": 0.35}, ""contestation_scenario"": ""moderate_first_group"", ""rho_negative"": {""Female"": 0.05, ""Male"": 0.05}, ""rho_positive"": {""Female"": 0.8, ""Male"": 0.8}}",fnr,20,0.0309999999999999,0.0233733991852636,0.0052264509443487,0.0207561561490764,0.0412438438509235,"{'Female': 0.25, 'Male': 0.25}","{'Female': 0.65, 'Male': 0.35}","{'Female': 0.05, 'Male': 0.05}","{'Female': 0.8, 'Male': 0.8}"
REALDATA,SEMISYNTHETIC REAL-DATA EXPERIMENT,german,Male,random_forest,group_threshold_calibrated,pre,moderate_first_group,58a445a909825bd5,"{""alpha_negative"": {""Female"": 0.25, ""Male"": 0.25}, ""alpha_positive"": {""Female"": 0.65, ""Male"": 0.35}, ""contestation_scenario"": ""moderate_first_group"", ""rho_negative"": {""Female"": 0.05, ""Male"": 0.05}, ""rho_positive"": {""Female"": 0.8, ""Male"": 0.8}}",fpr,20,0.8355263157894737,0.0708574316728224,0.0158442033931477,0.8044716771389041,0.8665809544400432,"{'Female': 0.25, 'Male': 0.25}","{'Female': 0.65, 'Male': 0.35}","{'Female': 0.05, 'Male': 0.05}","{'Female': 0.8, 'Male': 0.8}"
REALDATA,SEMISYNTHETIC REAL-DATA EXPERIMENT,german,Male,random_forest,group_threshold_calibrated,pre,moderate_first_group,58a445a909825bd5,"{""alpha_negative"": {""Female"": 0.25, ""Male"": 0.25}, ""alpha_positive"": {""Female"": 0.65, ""Male"": 0.35}, ""contestation_scenario"": ""moderate_first_group"", ""rho_negative"": {""Female"": 0.05, ""Male"": 0.05}, ""rho_positive"": {""Female"": 0.8, ""Male"": 0.8}}",n,20,138.0,0.0,0.0,138.0,138.0,"{'Female': 0.25, 'Male': 0.25}","{'Female': 0.65, 'Male': 0.35}","{'Female': 0.05, 'Male': 0.05}","{'Female': 0.8, 'Male': 0.8}"
REALDATA,SEMISYNTHETIC REAL-DATA EXPERIMENT,german,Male,random_forest,group_threshold_calibrated,pre,moderate_first_group,58a445a909825bd5,"{""alpha_negative"": {""Female"": 0.25, ""Male"": 0.25}, ""alpha_positive"": {""Female"": 0.65, ""Male"": 0.35}, ""contestation_scenario"": ""moderate_first_group"", ""rho_negative"": {""Female"": 0.05, ""Male"": 0.05}, ""rho_positive"": {""Female"": 0.8, ""Male"": 0.8}}",positive_rate,20,0.9322463768115942,0.0302247483667588,0.0067584591950898,0.918999796789218,0.9454929568339704,"{'Female': 0.25, 'Male': 0.25}","{'Female': 0.65, 'Male': 0.35}","{'Female': 0.05, 'Male': 0.05}","{'Female': 0.8, 'Male': 0.8}"
REALDATA,SEMISYNTHETIC REAL-DATA EXPERIMENT,german,Male,random_forest,group_threshold_calibrated,pre,moderate_first_group,58a445a909825bd5,"{""alpha_negative"": {""Female"": 0.25, ""Male"": 0.25}, ""alpha_positive"": {""Female"": 0.65, ""Male"": 0.35}, ""contestation_scenario"": ""moderate_first_group"", ""rho_negative"": {""Female"": 0.05, ""Male"": 0.05}, ""rho_positive"": {""Female"": 0.8, ""Male"": 0.8}}",prevalence,20,0.7246376811594203,0.0,0.0,0.7246376811594203,0.7246376811594203,"{'Female': 0.25, 'Male': 0.25}","{'Female': 0.65, 'Male': 0.35}","{'Female': 0.05, 'Male': 0.05}","{'Female': 0.8, 'Male': 0.8}"
REALDATA,SEMISYNTHETIC REAL-DATA EXPERIMENT,german,Male,random_forest,group_threshold_calibrated,pre,moderate_first_group,58a445a909825bd5,"{""alpha_negative"": {""Female"": 0.25, ""Male"": 0.25}, ""alpha_positive"": {""Female"": 0.65, ""Male"": 0.35}, ""contestation_scenario"": ""moderate_first_group"", ""rho_negative"": {""Female"": 0.05, ""Male"": 0.05}, ""rho_positive"": {""Female"": 0.8, ""Male"": 0.8}}",tnr,20,0.1644736842105263,0.0708574316728224,0.0158442033931477,0.1334190455599567,0.1955283228610959,"{'Female': 0.25, 'Male': 0.25}","{'Female': 0.65, 'Male': 0.35}","{'Female': 0.05, 'Male': 0.05}","{'Female': 0.8, 'Male': 0.8}"
REALDATA,SEMISYNTHETIC REAL-DATA EXPERIMENT,german,Male,random_forest,group_threshold_calibrated,pre,moderate_first_group,58a445a909825bd5,"{""alpha_negative"": {""Female"": 0.25, ""Male"": 0.25}, ""alpha_positive"": {""Female"": 0.65, ""Male"": 0.35}, ""contestation_scenario"": ""moderate_first_group"", ""rho_negative"": {""Female"": 0.05, ""Male"": 0.05}, ""rho_positive"": {""Female"": 0.8, ""Male"": 0.8}}",tpr,20,0.969,0.0233733991852636,0.0052264509443487,0.9587561561490764,0.9792438438509236,"{'Female': 0.25, 'Male': 0.25}","{'Female': 0.65, 'Male': 0.35}","{'Female': 0.05, 'Male': 0.05}","{'Female': 0.8, 'Male': 0.8}"
REALDATA,SEMISYNTHETIC REAL-DATA EXPERIMENT,german,Male,random_forest,group_threshold_calibrated,pre,moderate_second_group,f2d18f38dbf44f65,"{""alpha_negative"": {""Female"": 0.25, ""Male"": 0.25}, ""alpha_positive"": {""Female"": 0.35, ""Male"": 0.65}, ""contestation_scenario"": ""moderate_second_group"", ""rho_negative"": {""Female"": 0.05, ""Male"": 0.05}, ""rho_positive"": {""Female"": 0.8, ""Male"": 0.8}}",accuracy,20,0.747463768115942,0.0205328965519202,0.0045912952465064,0.7384648294327892,0.7564627067990947,"{'Female': 0.25, 'Male': 0.25}","{'Female': 0.35, 'Male': 0.65}","{'Female': 0.05, 'Male': 0.05}","{'Female': 0.8, 'Male': 0.8}"
REALDATA,SEMISYNTHETIC REAL-DATA EXPERIMENT,german,Male,random_forest,group_threshold_calibrated,pre,moderate_second_group,f2d18f38dbf44f65,"{""alpha_negative"": {""Female"": 0.25, ""Male"": 0.25}, ""alpha_positive"": {""Female"": 0.35, ""Male"": 0.65}, ""contestation_scenario"": ""moderate_second_group"", ""rho_negative"": {""Female"": 0.05, ""Male"": 0.05}, ""rho_positive"": {""Female"": 0.8, ""Male"": 0.8}}",fnr,20,0.0309999999999999,0.0233733991852636,0.0052264509443487,0.0207561561490764,0.0412438438509235,"{'Female': 0.25, 'Male': 0.25}","{'Female': 0.35, 'Male': 0.65}","{'Female': 0.05, 'Male': 0.05}","{'Female': 0.8, 'Male': 0.8}"
REALDATA,SEMISYNTHETIC REAL-DATA EXPERIMENT,german,Male,random_forest,group_threshold_calibrated,pre,moderate_second_group,f2d18f38dbf44f65,"{""alpha_negative"": {""Female"": 0.25, ""Male"": 0.25}, ""alpha_positive"": {""Female"": 0.35, ""Male"": 0.65}, ""contestation_scenario"": ""moderate_second_group"", ""rho_negative"": {""Female"": 0.05, ""Male"": 0.05}, ""rho_positive"": {""Female"": 0.8, ""Male"": 0.8}}",fpr,20,0.8355263157894737,0.0708574316728224,0.0158442033931477,0.8044716771389041,0.8665809544400432,"{'Female': 0.25, 'Male': 0.25}","{'Female': 0.35, 'Male': 0.65}","{'Female': 0.05, 'Male': 0.05}","{'Female': 0.8, 'Male': 0.8}"
REALDATA,SEMISYNTHETIC REAL-DATA EXPERIMENT,german,Male,random_forest,group_threshold_calibrated,pre,moderate_second_group,f2d18f38dbf44f65,"{""alpha_negative"": {""Female"": 0.25, ""Male"": 0.25}, ""alpha_positive"": {""Female"": 0.35, ""Male"": 0.65}, ""contestation_scenario"": ""moderate_second_group"", ""rho_negative"": {""Female"": 0.05, ""Male"": 0.05}, ""rho_positive"": {""Female"": 0.8, ""Male"": 0.8}}",n,20,138.0,0.0,0.0,138.0,138.0,"{'Female': 0.25, 'Male': 0.25}","{'Female': 0.35, 'Male': 0.65}","{'Female': 0.05, 'Male': 0.05}","{'Female': 0.8, 'Male': 0.8}"
REALDATA,SEMISYNTHETIC REAL-DATA EXPERIMENT,german,Male,random_forest,group_threshold_calibrated,pre,moderate_second_group,f2d18f38dbf44f65,"{""alpha_negative"": {""Female"": 0.25, ""Male"": 0.25}, ""alpha_positive"": {""Female"": 0.35, ""Male"": 0.65}, ""contestation_scenario"": ""moderate_second_group"", ""rho_negative"": {""Female"": 0.05, ""Male"": 0.05}, ""rho_positive"": {""Female"": 0.8, ""Male"": 0.8}}",positive_rate,20,0.9322463768115942,0.0302247483667588,0.0067584591950898,0.918999796789218,0.9454929568339704,"{'Female': 0.25, 'Male': 0.25}","{'Female': 0.35, 'Male': 0.65}","{'Female': 0.05, 'Male': 0.05}","{'Female': 0.8, 'Male': 0.8}"
REALDATA,SEMISYNTHETIC REAL-DATA EXPERIMENT,german,Male,random_forest,group_threshold_calibrated,pre,moderate_second_group,f2d18f38dbf44f65,"{""alpha_negative"": {""Female"": 0.25, ""Male"": 0.25}, ""alpha_positive"": {""Female"": 0.35, ""Male"": 0.65}, ""contestation_scenario"": ""moderate_second_group"", ""rho_negative"": {""Female"": 0.05, ""Male"": 0.05}, ""rho_positive"": {""Female"": 0.8, ""Male"": 0.8}}",prevalence,20,0.7246376811594203,0.0,0.0,0.7246376811594203,0.7246376811594203,"{'Female': 0.25, 'Male': 0.25}","{'Female': 0.35, 'Male': 0.65}","{'Female': 0.05, 'Male': 0.05}","{'Female': 0.8, 'Male': 0.8}"
REALDATA,SEMISYNTHETIC REAL-DATA EXPERIMENT,german,Male,random_forest,group_threshold_calibrated,pre,moderate_second_group,f2d18f38dbf44f65,"{""alpha_negative"": {""Female"": 0.25, ""Male"": 0.25}, ""alpha_positive"": {""Female"": 0.35, ""Male"": 0.65}, ""contestation_scenario"": ""moderate_second_group"", ""rho_negative"": {""Female"": 0.05, ""Male"": 0.05}, ""rho_positive"": {""Female"": 0.8, ""Male"": 0.8}}",tnr,20,0.1644736842105263,0.0708574316728224,0.0158442033931477,0.1334190455599567,0.1955283228610959,"{'Female': 0.25, 'Male': 0.25}","{'Female': 0.35, 'Male': 0.65}","{'Female': 0.05, 'Male': 0.05}","{'Female': 0.8, 'Male': 0.8}"
REALDATA,SEMISYNTHETIC REAL-DATA EXPERIMENT,german,Male,random_forest,group_threshold_calibrated,pre,moderate_second_group,f2d18f38dbf44f65,"{""alpha_negative"": {""Female"": 0.25, ""Male"": 0.25}, ""alpha_positive"": {""Female"": 0.35, ""Male"": 0.65}, ""contestation_scenario"": ""moderate_second_group"", ""rho_negative"": {""Female"": 0.05, ""Male"": 0.05}, ""rho_positive"": {""Female"": 0.8, ""Male"": 0.8}}",tpr,20,0.969,0.0233733991852636,0.0052264509443487,0.9587561561490764,0.9792438438509236,"{'Female': 0.25, 'Male': 0.25}","{'Female': 0.35, 'Male': 0.65}","{'Female': 0.05, 'Male': 0.05}","{'Female': 0.8, 'Male': 0.8}"
REALDATA,SEMISYNTHETIC REAL-DATA EXPERIMENT,german,Male,random_forest,group_threshold_calibrated,pre,strong_first_group,80db5b8b411cb1ee,"{""alpha_negative"": {""Female"": 0.25, ""Male"": 0.25}, ""alpha_positive"": {""Female"": 0.75, ""Male"": 0.25}, ""contestation_scenario"": ""strong_first_group"", ""rho_negative"": {""Female"": 0.05, ""Male"": 0.05}, ""rho_positive"": {""Female"": 0.8, ""Male"": 0.8}}",accuracy,20,0.747463768115942,0.0205328965519202,0.0045912952465064,0.7384648294327892,0.7564627067990947,"{'Female': 0.25, 'Male': 0.25}","{'Female': 0.75, 'Male': 0.25}","{'Female': 0.05, 'Male': 0.05}","{'Female': 0.8, 'Male': 0.8}"
REALDATA,SEMISYNTHETIC REAL-DATA EXPERIMENT,german,Male,random_forest,group_threshold_calibrated,pre,strong_first_group,80db5b8b411cb1ee,"{""alpha_negative"": {""Female"": 0.25, ""Male"": 0.25}, ""alpha_positive"": {""Female"": 0.75, ""Male"": 0.25}, ""contestation_scenario"": ""strong_first_group"", ""rho_negative"": {""Female"": 0.05, ""Male"": 0.05}, ""rho_positive"": {""Female"": 0.8, ""Male"": 0.8}}",fnr,20,0.0309999999999999,0.0233733991852636,0.0052264509443487,0.0207561561490764,0.0412438438509235,"{'Female': 0.25, 'Male': 0.25}","{'Female': 0.75, 'Male': 0.25}","{'Female': 0.05, 'Male': 0.05}","{'Female': 0.8, 'Male': 0.8}"
REALDATA,SEMISYNTHETIC REAL-DATA EXPERIMENT,german,Male,random_forest,group_threshold_calibrated,pre,strong_first_group,80db5b8b411cb1ee,"{""alpha_negative"": {""Female"": 0.25, ""Male"": 0.25}, ""alpha_positive"": {""Female"": 0.75, ""Male"": 0.25}, ""contestation_scenario"": ""strong_first_group"", ""rho_negative"": {""Female"": 0.05, ""Male"": 0.05}, ""rho_positive"": {""Female"": 0.8, ""Male"": 0.8}}",fpr,20,0.8355263157894737,0.0708574316728224,0.0158442033931477,0.8044716771389041,0.8665809544400432,"{'Female': 0.25, 'Male': 0.25}","{'Female': 0.75, 'Male': 0.25}","{'Female': 0.05, 'Male': 0.05}","{'Female': 0.8, 'Male': 0.8}"
REALDATA,SEMISYNTHETIC REAL-DATA EXPERIMENT,german,Male,random_forest,group_threshold_calibrated,pre,strong_first_group,80db5b8b411cb1ee,"{""alpha_negative"": {""Female"": 0.25, ""Male"": 0.25}, ""alpha_positive"": {""Female"": 0.75, ""Male"": 0.25}, ""contestation_scenario"": ""strong_first_group"", ""rho_negative"": {""Female"": 0.05, ""Male"": 0.05}, ""rho_positive"": {""Female"": 0.8, ""Male"": 0.8}}",n,20,138.0,0.0,0.0,138.0,138.0,"{'Female': 0.25, 'Male': 0.25}","{'Female': 0.75, 'Male': 0.25}","{'Female': 0.05, 'Male': 0.05}","{'Female': 0.8, 'Male': 0.8}"
REALDATA,SEMISYNTHETIC REAL-DATA EXPERIMENT,german,Male,random_forest,group_threshold_calibrated,pre,strong_first_group,80db5b8b411cb1ee,"{""alpha_negative"": {""Female"": 0.25, ""Male"": 0.25}, ""alpha_positive"": {""Female"": 0.75, ""Male"": 0.25}, ""contestation_scenario"": ""strong_first_group"", ""rho_negative"": {""Female"": 0.05, ""Male"": 0.05}, ""rho_positive"": {""Female"": 0.8, ""Male"": 0.8}}",positive_rate,20,0.9322463768115942,0.0302247483667588,0.0067584591950898,0.918999796789218,0.9454929568339704,"{'Female': 0.25, 'Male': 0.25}","{'Female': 0.75, 'Male': 0.25}","{'Female': 0.05, 'Male': 0.05}","{'Female': 0.8, 'Male': 0.8}"
REALDATA,SEMISYNTHETIC REAL-DATA EXPERIMENT,german,Male,random_forest,group_threshold_calibrated,pre,strong_first_group,80db5b8b411cb1ee,"{""alpha_negative"": {""Female"": 0.25, ""Male"": 0.25}, ""alpha_positive"": {""Female"": 0.75, ""Male"": 0.25}, ""contestation_scenario"": ""strong_first_group"", ""rho_negative"": {""Female"": 0.05, ""Male"": 0.05}, ""rho_positive"": {""Female"": 0.8, ""Male"": 0.8}}",prevalence,20,0.7246376811594203,0.0,0.0,0.7246376811594203,0.7246376811594203,"{'Female': 0.25, 'Male': 0.25}","{'Female': 0.75, 'Male': 0.25}","{'Female': 0.05, 'Male': 0.05}","{'Female': 0.8, 'Male': 0.8}"
REALDATA,SEMISYNTHETIC REAL-DATA EXPERIMENT,german,Male,random_forest,group_threshold_calibrated,pre,strong_first_group,80db5b8b411cb1ee,"{""alpha_negative"": {""Female"": 0.25, ""Male"": 0.25}, ""alpha_positive"": {""Female"": 0.75, ""Male"": 0.25}, ""contestation_scenario"": ""strong_first_group"", ""rho_negative"": {""Female"": 0.05, ""Male"": 0.05}, ""rho_positive"": {""Female"": 0.8, ""Male"": 0.8}}",tnr,20,0.1644736842105263,0.0708574316728224,0.0158442033931477,0.1334190455599567,0.1955283228610959,"{'Female': 0.25, 'Male': 0.25}","{'Female': 0.75, 'Male': 0.25}","{'Female': 0.05, 'Male': 0.05}","{'Female': 0.8, 'Male': 0.8}"
REALDATA,SEMISYNTHETIC REAL-DATA EXPERIMENT,german,Male,random_forest,group_threshold_calibrated,pre,strong_first_group,80db5b8b411cb1ee,"{""alpha_negative"": {""Female"": 0.25, ""Male"": 0.25}, ""alpha_positive"": {""Female"": 0.75, ""Male"": 0.25}, ""contestation_scenario"": ""strong_first_group"", ""rho_negative"": {""Female"": 0.05, ""Male"": 0.05}, ""rho_positive"": {""Female"": 0.8, ""Male"": 0.8}}",tpr,20,0.969,0.0233733991852636,0.0052264509443487,0.9587561561490764,0.9792438438509236,"{'Female': 0.25, 'Male': 0.25}","{'Female': 0.75, 'Male': 0.25}","{'Female': 0.05, 'Male': 0.05}","{'Female': 0.8, 'Male': 0.8}"
REALDATA,SEMISYNTHETIC REAL-DATA EXPERIMENT,german,Male,random_forest,group_threshold_calibrated,pre,strong_second_group,1a6f52e99e976851,"{""alpha_negative"": {""Female"": 0.25, ""Male"": 0.25}, ""alpha_positive"": {""Female"": 0.25, ""Male"": 0.75}, ""contestation_scenario"": ""strong_second_group"", ""rho_negative"": {""Female"": 0.05, ""Male"": 0.05}, ""rho_positive"": {""Female"": 0.8, ""Male"": 0.8}}",accuracy,20,0.747463768115942,0.0205328965519202,0.0045912952465064,0.7384648294327892,0.7564627067990947,"{'Female': 0.25, 'Male': 0.25}","{'Female': 0.25, 'Male': 0.75}","{'Female': 0.05, 'Male': 0.05}","{'Female': 0.8, 'Male': 0.8}"
REALDATA,SEMISYNTHETIC REAL-DATA EXPERIMENT,german,Male,random_forest,group_threshold_calibrated,pre,strong_second_group,1a6f52e99e976851,"{""alpha_negative"": {""Female"": 0.25, ""Male"": 0.25}, ""alpha_positive"": {""Female"": 0.25, ""Male"": 0.75}, ""contestation_scenario"": ""strong_second_group"", ""rho_negative"": {""Female"": 0.05, ""Male"": 0.05}, ""rho_positive"": {""Female"": 0.8, ""Male"": 0.8}}",fnr,20,0.0309999999999999,0.0233733991852636,0.0052264509443487,0.0207561561490764,0.0412438438509235,"{'Female': 0.25, 'Male': 0.25}","{'Female': 0.25, 'Male': 0.75}","{'Female': 0.05, 'Male': 0.05}","{'Female': 0.8, 'Male': 0.8}"
REALDATA,SEMISYNTHETIC REAL-DATA EXPERIMENT,german,Male,random_forest,group_threshold_calibrated,pre,strong_second_group,1a6f52e99e976851,"{""alpha_negative"": {""Female"": 0.25, ""Male"": 0.25}, ""alpha_positive"": {""Female"": 0.25, ""Male"": 0.75}, ""contestation_scenario"": ""strong_second_group"", ""rho_negative"": {""Female"": 0.05, ""Male"": 0.05}, ""rho_positive"": {""Female"": 0.8, ""Male"": 0.8}}",fpr,20,0.8355263157894737,0.0708574316728224,0.0158442033931477,0.8044716771389041,0.8665809544400432,"{'Female': 0.25, 'Male': 0.25}","{'Female': 0.25, 'Male': 0.75}","{'Female': 0.05, 'Male': 0.05}","{'Female': 0.8, 'Male': 0.8}"
REALDATA,SEMISYNTHETIC REAL-DATA EXPERIMENT,german,Male,random_forest,group_threshold_calibrated,pre,strong_second_group,1a6f52e99e976851,"{""alpha_negative"": {""Female"": 0.25, ""Male"": 0.25}, ""alpha_positive"": {""Female"": 0.25, ""Male"": 0.75}, ""contestation_scenario"": ""strong_second_group"", ""rho_negative"": {""Female"": 0.05, ""Male"": 0.05}, ""rho_positive"": {""Female"": 0.8, ""Male"": 0.8}}",n,20,138.0,0.0,0.0,138.0,138.0,"{'Female': 0.25, 'Male': 0.25}","{'Female': 0.25, 'Male': 0.75}","{'Female': 0.05, 'Male': 0.05}","{'Female': 0.8, 'Male': 0.8}"
REALDATA,SEMISYNTHETIC REAL-DATA EXPERIMENT,german,Male,random_forest,group_threshold_calibrated,pre,strong_second_group,1a6f52e99e976851,"{""alpha_negative"": {""Female"": 0.25, ""Male"": 0.25}, ""alpha_positive"": {""Female"": 0.25, ""Male"": 0.75}, ""contestation_scenario"": ""strong_second_group"", ""rho_negative"": {""Female"": 0.05, ""Male"": 0.05}, ""rho_positive"": {""Female"": 0.8, ""Male"": 0.8}}",positive_rate,20,0.9322463768115942,0.0302247483667588,0.0067584591950898,0.918999796789218,0.9454929568339704,"{'Female': 0.25, 'Male': 0.25}","{'Female': 0.25, 'Male': 0.75}","{'Female': 0.05, 'Male': 0.05}","{'Female': 0.8, 'Male': 0.8}"
REALDATA,SEMISYNTHETIC REAL-DATA EXPERIMENT,german,Male,random_forest,group_threshold_calibrated,pre,strong_second_group,1a6f52e99e976851,"{""alpha_negative"": {""Female"": 0.25, ""Male"": 0.25}, ""alpha_positive"": {""Female"": 0.25, ""Male"": 0.75}, ""contestation_scenario"": ""strong_second_group"", ""rho_negative"": {""Female"": 0.05, ""Male"": 0.05}, ""rho_positive"": {""Female"": 0.8, ""Male"": 0.8}}",prevalence,20,0.7246376811594203,0.0,0.0,0.7246376811594203,0.7246376811594203,"{'Female': 0.25, 'Male': 0.25}","{'Female': 0.25, 'Male': 0.75}","{'Female': 0.05, 'Male': 0.05}","{'Female': 0.8, 'Male': 0.8}"
REALDATA,SEMISYNTHETIC REAL-DATA EXPERIMENT,german,Male,random_forest,group_threshold_calibrated,pre,strong_second_group,1a6f52e99e976851,"{""alpha_negative"": {""Female"": 0.25, ""Male"": 0.25}, ""alpha_positive"": {""Female"": 0.25, ""Male"": 0.75}, ""contestation_scenario"": ""strong_second_group"", ""rho_negative"": {""Female"": 0.05, ""Male"": 0.05}, ""rho_positive"": {""Female"": 0.8, ""Male"": 0.8}}",tnr,20,0.1644736842105263,0.0708574316728224,0.0158442033931477,0.1334190455599567,0.1955283228610959,"{'Female': 0.25, 'Male': 0.25}","{'Female': 0.25, 'Male': 0.75}","{'Female': 0.05, 'Male': 0.05}","{'Female': 0.8, 'Male': 0.8}"
REALDATA,SEMISYNTHETIC REAL-DATA EXPERIMENT,german,Male,random_forest,group_threshold_calibrated,pre,strong_second_group,1a6f52e99e976851,"{""alpha_negative"": {""Female"": 0.25, ""Male"": 0.25}, ""alpha_positive"": {""Female"": 0.25, ""Male"": 0.75}, ""contestation_scenario"": ""strong_second_group"", ""rho_negative"": {""Female"": 0.05, ""Male"": 0.05}, ""rho_positive"": {""Female"": 0.8, ""Male"": 0.8}}",tpr,20,0.969,0.0233733991852636,0.0052264509443487,0.9587561561490764,0.9792438438509236,"{'Female': 0.25, 'Male': 0.25}","{'Female': 0.25, 'Male': 0.75}","{'Female': 0.05, 'Male': 0.05}","{'Female': 0.8, 'Male': 0.8}"
REALDATA,SEMISYNTHETIC REAL-DATA EXPERIMENT,german,Male,random_forest,validation_selected_threshold,frozen_policy,equal_access,8b1b8b56ce23dea1,"{""alpha_negative"": {""Female"": 0.25, ""Male"": 0.25}, ""alpha_positive"": {""Female"": 0.5, ""Male"": 0.5}, ""contestation_scenario"": ""equal_access"", ""rho_negative"": {""Female"": 0.05, ""Male"": 0.05}, ""rho_positive"": {""Female"": 0.8, ""Male"": 0.8}}",decision_threshold,20,0.49,0.0261574181890298,0.005848976518656,0.4785360060234342,0.5014639939765658,"{'Female': 0.25, 'Male': 0.25}","{'Female': 0.5, 'Male': 0.5}","{'Female': 0.05, 'Male': 0.05}","{'Female': 0.8, 'Male': 0.8}"
REALDATA,SEMISYNTHETIC REAL-DATA EXPERIMENT,german,Male,random_forest,validation_selected_threshold,frozen_policy,moderate_first_group,58a445a909825bd5,"{""alpha_negative"": {""Female"": 0.25, ""Male"": 0.25}, ""alpha_positive"": {""Female"": 0.65, ""Male"": 0.35}, ""contestation_scenario"": ""moderate_first_group"", ""rho_negative"": {""Female"": 0.05, ""Male"": 0.05}, ""rho_positive"": {""Female"": 0.8, ""Male"": 0.8}}",decision_threshold,20,0.49,0.0261574181890298,0.005848976518656,0.4785360060234342,0.5014639939765658,"{'Female': 0.25, 'Male': 0.25}","{'Female': 0.65, 'Male': 0.35}","{'Female': 0.05, 'Male': 0.05}","{'Female': 0.8, 'Male': 0.8}"
REALDATA,SEMISYNTHETIC REAL-DATA EXPERIMENT,german,Male,random_forest,validation_selected_threshold,frozen_policy,moderate_second_group,f2d18f38dbf44f65,"{""alpha_negative"": {""Female"": 0.25, ""Male"": 0.25}, ""alpha_positive"": {""Female"": 0.35, ""Male"": 0.65}, ""contestation_scenario"": ""moderate_second_group"", ""rho_negative"": {""Female"": 0.05, ""Male"": 0.05}, ""rho_positive"": {""Female"": 0.8, ""Male"": 0.8}}",decision_threshold,20,0.49,0.0261574181890298,0.005848976518656,0.4785360060234342,0.5014639939765658,"{'Female': 0.25, 'Male': 0.25}","{'Female': 0.35, 'Male': 0.65}","{'Female': 0.05, 'Male': 0.05}","{'Female': 0.8, 'Male': 0.8}"
REALDATA,SEMISYNTHETIC REAL-DATA EXPERIMENT,german,Male,random_forest,validation_selected_threshold,frozen_policy,strong_first_group,80db5b8b411cb1ee,"{""alpha_negative"": {""Female"": 0.25, ""Male"": 0.25}, ""alpha_positive"": {""Female"": 0.75, ""Male"": 0.25}, ""contestation_scenario"": ""strong_first_group"", ""rho_negative"": {""Female"": 0.05, ""Male"": 0.05}, ""rho_positive"": {""Female"": 0.8, ""Male"": 0.8}}",decision_threshold,20,0.49,0.0261574181890298,0.005848976518656,0.4785360060234342,0.5014639939765658,"{'Female': 0.25, 'Male': 0.25}","{'Female': 0.75, 'Male': 0.25}","{'Female': 0.05, 'Male': 0.05}","{'Female': 0.8, 'Male': 0.8}"
REALDATA,SEMISYNTHETIC REAL-DATA EXPERIMENT,german,Male,random_forest,validation_selected_threshold,frozen_policy,strong_second_group,1a6f52e99e976851,"{""alpha_negative"": {""Female"": 0.25, ""Male"": 0.25}, ""alpha_positive"": {""Female"": 0.25, ""Male"": 0.75}, ""contestation_scenario"": ""strong_second_group"", ""rho_negative"": {""Female"": 0.05, ""Male"": 0.05}, ""rho_positive"": {""Female"": 0.8, ""Male"": 0.8}}",decision_threshold,20,0.49,0.0261574181890298,0.005848976518656,0.4785360060234342,0.5014639939765658,"{'Female': 0.25, 'Male': 0.25}","{'Female': 0.25, 'Male': 0.75}","{'Female': 0.05, 'Male': 0.05}","{'Female': 0.8, 'Male': 0.8}"
