experiment_id,experiment_type,seed,configuration,config_hash,parameter_key,parameter_json,alpha_a,alpha_b,kappa_a,kappa_b,n_per_group,metric,value,dataset,group,model,method
EXP-01,SYNTHETIC EXPERIMENT,1747,full,664a150484ed2af3,d677c370f64041a5,"{""alpha_a"": 0.0, ""alpha_b"": 0.0, ""kappa_a"": 0.0, ""kappa_b"": 0.0, ""n_per_group"": 200000.0}",0.0,0.0,0.0,0.0,200000,theoretical_value,0.0,synthetic,ALL,not_applicable,not_applicable
EXP-01,SYNTHETIC EXPERIMENT,1747,full,664a150484ed2af3,ee15a83f63fdf3a4,"{""alpha_a"": 0.0, ""alpha_b"": 0.05, ""kappa_a"": 0.0, ""kappa_b"": 0.04000000000000001, ""n_per_group"": 200000.0}",0.0,0.05,0.0,0.04000000000000001,200000,theoretical_value,0.012000000000000004,synthetic,ALL,not_applicable,not_applicable
EXP-01,SYNTHETIC EXPERIMENT,1747,full,664a150484ed2af3,9f213ad987e10721,"{""alpha_a"": 0.0, ""alpha_b"": 0.1, ""kappa_a"": 0.0, ""kappa_b"": 0.08000000000000002, ""n_per_group"": 200000.0}",0.0,0.1,0.0,0.08000000000000002,200000,theoretical_value,0.024000000000000007,synthetic,ALL,not_applicable,not_applicable
EXP-01,SYNTHETIC EXPERIMENT,1747,full,664a150484ed2af3,a50ea05cc3632546,"{""alpha_a"": 0.0, ""alpha_b"": 0.15, ""kappa_a"": 0.0, ""kappa_b"": 0.12, ""n_per_group"": 200000.0}",0.0,0.15,0.0,0.12,200000,theoretical_value,0.036000000000000004,synthetic,ALL,not_applicable,not_applicable
EXP-01,SYNTHETIC EXPERIMENT,1747,full,664a150484ed2af3,cb7d140ab1af89e3,"{""alpha_a"": 0.0, ""alpha_b"": 0.2, ""kappa_a"": 0.0, ""kappa_b"": 0.16000000000000003, ""n_per_group"": 200000.0}",0.0,0.2,0.0,0.16000000000000003,200000,theoretical_value,0.048000000000000015,synthetic,ALL,not_applicable,not_applicable
EXP-01,SYNTHETIC EXPERIMENT,1747,full,664a150484ed2af3,07a82f8c8509babe,"{""alpha_a"": 0.0, ""alpha_b"": 0.25, ""kappa_a"": 0.0, ""kappa_b"": 0.2, ""n_per_group"": 200000.0}",0.0,0.25,0.0,0.2,200000,theoretical_value,0.06000000000000001,synthetic,ALL,not_applicable,not_applicable
EXP-01,SYNTHETIC EXPERIMENT,1747,full,664a150484ed2af3,c7201cceb6eba04e,"{""alpha_a"": 0.0, ""alpha_b"": 0.3, ""kappa_a"": 0.0, ""kappa_b"": 0.24, ""n_per_group"": 200000.0}",0.0,0.3,0.0,0.24,200000,theoretical_value,0.07200000000000001,synthetic,ALL,not_applicable,not_applicable
EXP-01,SYNTHETIC EXPERIMENT,1747,full,664a150484ed2af3,2d0c1d2bc4d99071,"{""alpha_a"": 0.0, ""alpha_b"": 0.35, ""kappa_a"": 0.0, ""kappa_b"": 0.27999999999999997, ""n_per_group"": 200000.0}",0.0,0.35,0.0,0.27999999999999997,200000,theoretical_value,0.084,synthetic,ALL,not_applicable,not_applicable
EXP-01,SYNTHETIC EXPERIMENT,1747,full,664a150484ed2af3,94e82436bcbea66c,"{""alpha_a"": 0.0, ""alpha_b"": 0.4, ""kappa_a"": 0.0, ""kappa_b"": 0.32000000000000006, ""n_per_group"": 200000.0}",0.0,0.4,0.0,0.32000000000000006,200000,theoretical_value,0.09600000000000003,synthetic,ALL,not_applicable,not_applicable
EXP-01,SYNTHETIC EXPERIMENT,1747,full,664a150484ed2af3,7a738e25c58974de,"{""alpha_a"": 0.0, ""alpha_b"": 0.45, ""kappa_a"": 0.0, ""kappa_b"": 0.36000000000000004, ""n_per_group"": 200000.0}",0.0,0.45,0.0,0.36000000000000004,200000,theoretical_value,0.10800000000000003,synthetic,ALL,not_applicable,not_applicable
EXP-01,SYNTHETIC EXPERIMENT,1747,full,664a150484ed2af3,9be7822385526acd,"{""alpha_a"": 0.0, ""alpha_b"": 0.5, ""kappa_a"": 0.0, ""kappa_b"": 0.4, ""n_per_group"": 200000.0}",0.0,0.5,0.0,0.4,200000,theoretical_value,0.12000000000000002,synthetic,ALL,not_applicable,not_applicable
EXP-01,SYNTHETIC EXPERIMENT,1747,full,664a150484ed2af3,d187a1a86360d4a1,"{""alpha_a"": 0.0, ""alpha_b"": 0.55, ""kappa_a"": 0.0, ""kappa_b"": 0.44000000000000006, ""n_per_group"": 200000.0}",0.0,0.55,0.0,0.44000000000000006,200000,theoretical_value,0.13200000000000003,synthetic,ALL,not_applicable,not_applicable
EXP-01,SYNTHETIC EXPERIMENT,1747,full,664a150484ed2af3,f099a38496da6d21,"{""alpha_a"": 0.0, ""alpha_b"": 0.6, ""kappa_a"": 0.0, ""kappa_b"": 0.48, ""n_per_group"": 200000.0}",0.0,0.6,0.0,0.48,200000,theoretical_value,0.14400000000000002,synthetic,ALL,not_applicable,not_applicable
EXP-01,SYNTHETIC EXPERIMENT,1747,full,664a150484ed2af3,6425c81b89dd6306,"{""alpha_a"": 0.0, ""alpha_b"": 0.65, ""kappa_a"": 0.0, ""kappa_b"": 0.52, ""n_per_group"": 200000.0}",0.0,0.65,0.0,0.52,200000,theoretical_value,0.15600000000000003,synthetic,ALL,not_applicable,not_applicable
EXP-01,SYNTHETIC EXPERIMENT,1747,full,664a150484ed2af3,c187d229ad634965,"{""alpha_a"": 0.0, ""alpha_b"": 0.7, ""kappa_a"": 0.0, ""kappa_b"": 0.5599999999999999, ""n_per_group"": 200000.0}",0.0,0.7,0.0,0.5599999999999999,200000,theoretical_value,0.168,synthetic,ALL,not_applicable,not_applicable
EXP-01,SYNTHETIC EXPERIMENT,1747,full,664a150484ed2af3,26c153d1fce459b2,"{""alpha_a"": 0.0, ""alpha_b"": 0.75, ""kappa_a"": 0.0, ""kappa_b"": 0.6000000000000001, ""n_per_group"": 200000.0}",0.0,0.75,0.0,0.6000000000000001,200000,theoretical_value,0.18000000000000005,synthetic,ALL,not_applicable,not_applicable
EXP-01,SYNTHETIC EXPERIMENT,1747,full,664a150484ed2af3,82cd72741378faa9,"{""alpha_a"": 0.0, ""alpha_b"": 0.8, ""kappa_a"": 0.0, ""kappa_b"": 0.6400000000000001, ""n_per_group"": 200000.0}",0.0,0.8,0.0,0.6400000000000001,200000,theoretical_value,0.19200000000000006,synthetic,ALL,not_applicable,not_applicable
EXP-01,SYNTHETIC EXPERIMENT,1747,full,664a150484ed2af3,53b00f6023d4c902,"{""alpha_a"": 0.0, ""alpha_b"": 0.85, ""kappa_a"": 0.0, ""kappa_b"": 0.68, ""n_per_group"": 200000.0}",0.0,0.85,0.0,0.68,200000,theoretical_value,0.20400000000000004,synthetic,ALL,not_applicable,not_applicable
EXP-01,SYNTHETIC EXPERIMENT,1747,full,664a150484ed2af3,a3219e109d91ed33,"{""alpha_a"": 0.0, ""alpha_b"": 0.9, ""kappa_a"": 0.0, ""kappa_b"": 0.7200000000000001, ""n_per_group"": 200000.0}",0.0,0.9,0.0,0.7200000000000001,200000,theoretical_value,0.21600000000000005,synthetic,ALL,not_applicable,not_applicable
EXP-01,SYNTHETIC EXPERIMENT,1747,full,664a150484ed2af3,f19beb43b18b3e3a,"{""alpha_a"": 0.0, ""alpha_b"": 0.95, ""kappa_a"": 0.0, ""kappa_b"": 0.76, ""n_per_group"": 200000.0}",0.0,0.95,0.0,0.76,200000,theoretical_value,0.22800000000000004,synthetic,ALL,not_applicable,not_applicable
EXP-01,SYNTHETIC EXPERIMENT,1747,full,664a150484ed2af3,e9c1bbf887ad5156,"{""alpha_a"": 0.0, ""alpha_b"": 1.0, ""kappa_a"": 0.0, ""kappa_b"": 0.8, ""n_per_group"": 200000.0}",0.0,1.0,0.0,0.8,200000,theoretical_value,0.24000000000000005,synthetic,ALL,not_applicable,not_applicable
EXP-01,SYNTHETIC EXPERIMENT,1747,full,664a150484ed2af3,517bf43b25015681,"{""alpha_a"": 0.05, ""alpha_b"": 0.0, ""kappa_a"": 0.04000000000000001, ""kappa_b"": 0.0, ""n_per_group"": 200000.0}",0.05,0.0,0.04000000000000001,0.0,200000,theoretical_value,0.012000000000000004,synthetic,ALL,not_applicable,not_applicable
EXP-01,SYNTHETIC EXPERIMENT,1747,full,664a150484ed2af3,928165d19889b44d,"{""alpha_a"": 0.05, ""alpha_b"": 0.05, ""kappa_a"": 0.04000000000000001, ""kappa_b"": 0.04000000000000001, ""n_per_group"": 200000.0}",0.05,0.05,0.04000000000000001,0.04000000000000001,200000,theoretical_value,0.0,synthetic,ALL,not_applicable,not_applicable
EXP-01,SYNTHETIC EXPERIMENT,1747,full,664a150484ed2af3,4dcbefe78bb965fa,"{""alpha_a"": 0.05, ""alpha_b"": 0.1, ""kappa_a"": 0.04000000000000001, ""kappa_b"": 0.08000000000000002, ""n_per_group"": 200000.0}",0.05,0.1,0.04000000000000001,0.08000000000000002,200000,theoretical_value,0.012000000000000004,synthetic,ALL,not_applicable,not_applicable
EXP-01,SYNTHETIC EXPERIMENT,1747,full,664a150484ed2af3,3d8bba13e37d12a2,"{""alpha_a"": 0.05, ""alpha_b"": 0.15, ""kappa_a"": 0.04000000000000001, ""kappa_b"": 0.12, ""n_per_group"": 200000.0}",0.05,0.15,0.04000000000000001,0.12,200000,theoretical_value,0.024,synthetic,ALL,not_applicable,not_applicable
EXP-01,SYNTHETIC EXPERIMENT,1747,full,664a150484ed2af3,248cb25828144e14,"{""alpha_a"": 0.05, ""alpha_b"": 0.2, ""kappa_a"": 0.04000000000000001, ""kappa_b"": 0.16000000000000003, ""n_per_group"": 200000.0}",0.05,0.2,0.04000000000000001,0.16000000000000003,200000,theoretical_value,0.03600000000000001,synthetic,ALL,not_applicable,not_applicable
EXP-01,SYNTHETIC EXPERIMENT,1747,full,664a150484ed2af3,bf8a90fef670b5c1,"{""alpha_a"": 0.05, ""alpha_b"": 0.25, ""kappa_a"": 0.04000000000000001, ""kappa_b"": 0.2, ""n_per_group"": 200000.0}",0.05,0.25,0.04000000000000001,0.2,200000,theoretical_value,0.04800000000000001,synthetic,ALL,not_applicable,not_applicable
EXP-01,SYNTHETIC EXPERIMENT,1747,full,664a150484ed2af3,b4c4a034cc6a3477,"{""alpha_a"": 0.05, ""alpha_b"": 0.3, ""kappa_a"": 0.04000000000000001, ""kappa_b"": 0.24, ""n_per_group"": 200000.0}",0.05,0.3,0.04000000000000001,0.24,200000,theoretical_value,0.060000000000000005,synthetic,ALL,not_applicable,not_applicable
EXP-01,SYNTHETIC EXPERIMENT,1747,full,664a150484ed2af3,515389475eead2e0,"{""alpha_a"": 0.05, ""alpha_b"": 0.35, ""kappa_a"": 0.04000000000000001, ""kappa_b"": 0.27999999999999997, ""n_per_group"": 200000.0}",0.05,0.35,0.04000000000000001,0.27999999999999997,200000,theoretical_value,0.072,synthetic,ALL,not_applicable,not_applicable
EXP-01,SYNTHETIC EXPERIMENT,1747,full,664a150484ed2af3,4e99ed3934b7d2fb,"{""alpha_a"": 0.05, ""alpha_b"": 0.4, ""kappa_a"": 0.04000000000000001, ""kappa_b"": 0.32000000000000006, ""n_per_group"": 200000.0}",0.05,0.4,0.04000000000000001,0.32000000000000006,200000,theoretical_value,0.08400000000000002,synthetic,ALL,not_applicable,not_applicable
EXP-01,SYNTHETIC EXPERIMENT,1747,full,664a150484ed2af3,515a1d9d2839ad0d,"{""alpha_a"": 0.05, ""alpha_b"": 0.45, ""kappa_a"": 0.04000000000000001, ""kappa_b"": 0.36000000000000004, ""n_per_group"": 200000.0}",0.05,0.45,0.04000000000000001,0.36000000000000004,200000,theoretical_value,0.09600000000000003,synthetic,ALL,not_applicable,not_applicable
EXP-01,SYNTHETIC EXPERIMENT,1747,full,664a150484ed2af3,7a32c7a4f1c13764,"{""alpha_a"": 0.05, ""alpha_b"": 0.5, ""kappa_a"": 0.04000000000000001, ""kappa_b"": 0.4, ""n_per_group"": 200000.0}",0.05,0.5,0.04000000000000001,0.4,200000,theoretical_value,0.10800000000000001,synthetic,ALL,not_applicable,not_applicable
EXP-01,SYNTHETIC EXPERIMENT,1747,full,664a150484ed2af3,d522d392978a95b8,"{""alpha_a"": 0.05, ""alpha_b"": 0.55, ""kappa_a"": 0.04000000000000001, ""kappa_b"": 0.44000000000000006, ""n_per_group"": 200000.0}",0.05,0.55,0.04000000000000001,0.44000000000000006,200000,theoretical_value,0.12000000000000002,synthetic,ALL,not_applicable,not_applicable
EXP-01,SYNTHETIC EXPERIMENT,1747,full,664a150484ed2af3,ec4724289873e8c4,"{""alpha_a"": 0.05, ""alpha_b"": 0.6, ""kappa_a"": 0.04000000000000001, ""kappa_b"": 0.48, ""n_per_group"": 200000.0}",0.05,0.6,0.04000000000000001,0.48,200000,theoretical_value,0.132,synthetic,ALL,not_applicable,not_applicable
EXP-01,SYNTHETIC EXPERIMENT,1747,full,664a150484ed2af3,26755716f1dba749,"{""alpha_a"": 0.05, ""alpha_b"": 0.65, ""kappa_a"": 0.04000000000000001, ""kappa_b"": 0.52, ""n_per_group"": 200000.0}",0.05,0.65,0.04000000000000001,0.52,200000,theoretical_value,0.14400000000000002,synthetic,ALL,not_applicable,not_applicable
EXP-01,SYNTHETIC EXPERIMENT,1747,full,664a150484ed2af3,0f638c1854f1970d,"{""alpha_a"": 0.05, ""alpha_b"": 0.7, ""kappa_a"": 0.04000000000000001, ""kappa_b"": 0.5599999999999999, ""n_per_group"": 200000.0}",0.05,0.7,0.04000000000000001,0.5599999999999999,200000,theoretical_value,0.156,synthetic,ALL,not_applicable,not_applicable
EXP-01,SYNTHETIC EXPERIMENT,1747,full,664a150484ed2af3,26d544bc09ce66a9,"{""alpha_a"": 0.05, ""alpha_b"": 0.75, ""kappa_a"": 0.04000000000000001, ""kappa_b"": 0.6000000000000001, ""n_per_group"": 200000.0}",0.05,0.75,0.04000000000000001,0.6000000000000001,200000,theoretical_value,0.16800000000000004,synthetic,ALL,not_applicable,not_applicable
EXP-01,SYNTHETIC EXPERIMENT,1747,full,664a150484ed2af3,23237d59319bfd07,"{""alpha_a"": 0.05, ""alpha_b"": 0.8, ""kappa_a"": 0.04000000000000001, ""kappa_b"": 0.6400000000000001, ""n_per_group"": 200000.0}",0.05,0.8,0.04000000000000001,0.6400000000000001,200000,theoretical_value,0.18000000000000005,synthetic,ALL,not_applicable,not_applicable
EXP-01,SYNTHETIC EXPERIMENT,1747,full,664a150484ed2af3,738e962e48b78cff,"{""alpha_a"": 0.05, ""alpha_b"": 0.85, ""kappa_a"": 0.04000000000000001, ""kappa_b"": 0.68, ""n_per_group"": 200000.0}",0.05,0.85,0.04000000000000001,0.68,200000,theoretical_value,0.19200000000000003,synthetic,ALL,not_applicable,not_applicable
EXP-01,SYNTHETIC EXPERIMENT,1747,full,664a150484ed2af3,76f5bf6fdc152914,"{""alpha_a"": 0.05, ""alpha_b"": 0.9, ""kappa_a"": 0.04000000000000001, ""kappa_b"": 0.7200000000000001, ""n_per_group"": 200000.0}",0.05,0.9,0.04000000000000001,0.7200000000000001,200000,theoretical_value,0.20400000000000004,synthetic,ALL,not_applicable,not_applicable
EXP-01,SYNTHETIC EXPERIMENT,1747,full,664a150484ed2af3,ee689fe85a37c279,"{""alpha_a"": 0.05, ""alpha_b"": 0.95, ""kappa_a"": 0.04000000000000001, ""kappa_b"": 0.76, ""n_per_group"": 200000.0}",0.05,0.95,0.04000000000000001,0.76,200000,theoretical_value,0.21600000000000003,synthetic,ALL,not_applicable,not_applicable
EXP-01,SYNTHETIC EXPERIMENT,1747,full,664a150484ed2af3,ddcb1a1882664933,"{""alpha_a"": 0.05, ""alpha_b"": 1.0, ""kappa_a"": 0.04000000000000001, ""kappa_b"": 0.8, ""n_per_group"": 200000.0}",0.05,1.0,0.04000000000000001,0.8,200000,theoretical_value,0.22800000000000004,synthetic,ALL,not_applicable,not_applicable
EXP-01,SYNTHETIC EXPERIMENT,1747,full,664a150484ed2af3,a2915cafe1d6465a,"{""alpha_a"": 0.1, ""alpha_b"": 0.0, ""kappa_a"": 0.08000000000000002, ""kappa_b"": 0.0, ""n_per_group"": 200000.0}",0.1,0.0,0.08000000000000002,0.0,200000,theoretical_value,0.024000000000000007,synthetic,ALL,not_applicable,not_applicable
EXP-01,SYNTHETIC EXPERIMENT,1747,full,664a150484ed2af3,120f7c547c56a2ff,"{""alpha_a"": 0.1, ""alpha_b"": 0.05, ""kappa_a"": 0.08000000000000002, ""kappa_b"": 0.04000000000000001, ""n_per_group"": 200000.0}",0.1,0.05,0.08000000000000002,0.04000000000000001,200000,theoretical_value,0.012000000000000004,synthetic,ALL,not_applicable,not_applicable
EXP-01,SYNTHETIC EXPERIMENT,1747,full,664a150484ed2af3,7e2d1f708c0627fb,"{""alpha_a"": 0.1, ""alpha_b"": 0.1, ""kappa_a"": 0.08000000000000002, ""kappa_b"": 0.08000000000000002, ""n_per_group"": 200000.0}",0.1,0.1,0.08000000000000002,0.08000000000000002,200000,theoretical_value,0.0,synthetic,ALL,not_applicable,not_applicable
EXP-01,SYNTHETIC EXPERIMENT,1747,full,664a150484ed2af3,d997930dab72759f,"{""alpha_a"": 0.1, ""alpha_b"": 0.15, ""kappa_a"": 0.08000000000000002, ""kappa_b"": 0.12, ""n_per_group"": 200000.0}",0.1,0.15,0.08000000000000002,0.12,200000,theoretical_value,0.011999999999999995,synthetic,ALL,not_applicable,not_applicable
EXP-01,SYNTHETIC EXPERIMENT,1747,full,664a150484ed2af3,ad103656ed8d7f0b,"{""alpha_a"": 0.1, ""alpha_b"": 0.2, ""kappa_a"": 0.08000000000000002, ""kappa_b"": 0.16000000000000003, ""n_per_group"": 200000.0}",0.1,0.2,0.08000000000000002,0.16000000000000003,200000,theoretical_value,0.024000000000000007,synthetic,ALL,not_applicable,not_applicable
EXP-01,SYNTHETIC EXPERIMENT,1747,full,664a150484ed2af3,c14ae267f5e9ca55,"{""alpha_a"": 0.1, ""alpha_b"": 0.25, ""kappa_a"": 0.08000000000000002, ""kappa_b"": 0.2, ""n_per_group"": 200000.0}",0.1,0.25,0.08000000000000002,0.2,200000,theoretical_value,0.036000000000000004,synthetic,ALL,not_applicable,not_applicable
EXP-01,SYNTHETIC EXPERIMENT,1747,full,664a150484ed2af3,c5eb1f7d126e4e5c,"{""alpha_a"": 0.1, ""alpha_b"": 0.3, ""kappa_a"": 0.08000000000000002, ""kappa_b"": 0.24, ""n_per_group"": 200000.0}",0.1,0.3,0.08000000000000002,0.24,200000,theoretical_value,0.048,synthetic,ALL,not_applicable,not_applicable
EXP-01,SYNTHETIC EXPERIMENT,1747,full,664a150484ed2af3,b89305dece33fe6b,"{""alpha_a"": 0.1, ""alpha_b"": 0.35, ""kappa_a"": 0.08000000000000002, ""kappa_b"": 0.27999999999999997, ""n_per_group"": 200000.0}",0.1,0.35,0.08000000000000002,0.27999999999999997,200000,theoretical_value,0.06,synthetic,ALL,not_applicable,not_applicable
EXP-01,SYNTHETIC EXPERIMENT,1747,full,664a150484ed2af3,684fda3d6416ed53,"{""alpha_a"": 0.1, ""alpha_b"": 0.4, ""kappa_a"": 0.08000000000000002, ""kappa_b"": 0.32000000000000006, ""n_per_group"": 200000.0}",0.1,0.4,0.08000000000000002,0.32000000000000006,200000,theoretical_value,0.07200000000000002,synthetic,ALL,not_applicable,not_applicable
EXP-01,SYNTHETIC EXPERIMENT,1747,full,664a150484ed2af3,259b09bf1fb9895d,"{""alpha_a"": 0.1, ""alpha_b"": 0.45, ""kappa_a"": 0.08000000000000002, ""kappa_b"": 0.36000000000000004, ""n_per_group"": 200000.0}",0.1,0.45,0.08000000000000002,0.36000000000000004,200000,theoretical_value,0.08400000000000002,synthetic,ALL,not_applicable,not_applicable
EXP-01,SYNTHETIC EXPERIMENT,1747,full,664a150484ed2af3,1c9e3d54c99d81ff,"{""alpha_a"": 0.1, ""alpha_b"": 0.5, ""kappa_a"": 0.08000000000000002, ""kappa_b"": 0.4, ""n_per_group"": 200000.0}",0.1,0.5,0.08000000000000002,0.4,200000,theoretical_value,0.09600000000000002,synthetic,ALL,not_applicable,not_applicable
EXP-01,SYNTHETIC EXPERIMENT,1747,full,664a150484ed2af3,d621968872180cc4,"{""alpha_a"": 0.1, ""alpha_b"": 0.55, ""kappa_a"": 0.08000000000000002, ""kappa_b"": 0.44000000000000006, ""n_per_group"": 200000.0}",0.1,0.55,0.08000000000000002,0.44000000000000006,200000,theoretical_value,0.10800000000000003,synthetic,ALL,not_applicable,not_applicable
EXP-01,SYNTHETIC EXPERIMENT,1747,full,664a150484ed2af3,5fee5e1447dee117,"{""alpha_a"": 0.1, ""alpha_b"": 0.6, ""kappa_a"": 0.08000000000000002, ""kappa_b"": 0.48, ""n_per_group"": 200000.0}",0.1,0.6,0.08000000000000002,0.48,200000,theoretical_value,0.12000000000000001,synthetic,ALL,not_applicable,not_applicable
EXP-01,SYNTHETIC EXPERIMENT,1747,full,664a150484ed2af3,ac09b83643b65a98,"{""alpha_a"": 0.1, ""alpha_b"": 0.65, ""kappa_a"": 0.08000000000000002, ""kappa_b"": 0.52, ""n_per_group"": 200000.0}",0.1,0.65,0.08000000000000002,0.52,200000,theoretical_value,0.13200000000000003,synthetic,ALL,not_applicable,not_applicable
EXP-01,SYNTHETIC EXPERIMENT,1747,full,664a150484ed2af3,f014871fe5af6f7d,"{""alpha_a"": 0.1, ""alpha_b"": 0.7, ""kappa_a"": 0.08000000000000002, ""kappa_b"": 0.5599999999999999, ""n_per_group"": 200000.0}",0.1,0.7,0.08000000000000002,0.5599999999999999,200000,theoretical_value,0.144,synthetic,ALL,not_applicable,not_applicable
EXP-01,SYNTHETIC EXPERIMENT,1747,full,664a150484ed2af3,be46b326154d4429,"{""alpha_a"": 0.1, ""alpha_b"": 0.75, ""kappa_a"": 0.08000000000000002, ""kappa_b"": 0.6000000000000001, ""n_per_group"": 200000.0}",0.1,0.75,0.08000000000000002,0.6000000000000001,200000,theoretical_value,0.15600000000000003,synthetic,ALL,not_applicable,not_applicable
EXP-01,SYNTHETIC EXPERIMENT,1747,full,664a150484ed2af3,b2387e44aaaf2399,"{""alpha_a"": 0.1, ""alpha_b"": 0.8, ""kappa_a"": 0.08000000000000002, ""kappa_b"": 0.6400000000000001, ""n_per_group"": 200000.0}",0.1,0.8,0.08000000000000002,0.6400000000000001,200000,theoretical_value,0.16800000000000004,synthetic,ALL,not_applicable,not_applicable
EXP-01,SYNTHETIC EXPERIMENT,1747,full,664a150484ed2af3,c0c424d80b9b50db,"{""alpha_a"": 0.1, ""alpha_b"": 0.85, ""kappa_a"": 0.08000000000000002, ""kappa_b"": 0.68, ""n_per_group"": 200000.0}",0.1,0.85,0.08000000000000002,0.68,200000,theoretical_value,0.18000000000000005,synthetic,ALL,not_applicable,not_applicable
EXP-01,SYNTHETIC EXPERIMENT,1747,full,664a150484ed2af3,2f6b0b058412dca4,"{""alpha_a"": 0.1, ""alpha_b"": 0.9, ""kappa_a"": 0.08000000000000002, ""kappa_b"": 0.7200000000000001, ""n_per_group"": 200000.0}",0.1,0.9,0.08000000000000002,0.7200000000000001,200000,theoretical_value,0.19200000000000006,synthetic,ALL,not_applicable,not_applicable
EXP-01,SYNTHETIC EXPERIMENT,1747,full,664a150484ed2af3,1815c76d78805582,"{""alpha_a"": 0.1, ""alpha_b"": 0.95, ""kappa_a"": 0.08000000000000002, ""kappa_b"": 0.76, ""n_per_group"": 200000.0}",0.1,0.95,0.08000000000000002,0.76,200000,theoretical_value,0.20400000000000001,synthetic,ALL,not_applicable,not_applicable
EXP-01,SYNTHETIC EXPERIMENT,1747,full,664a150484ed2af3,89ea702ee98ea51c,"{""alpha_a"": 0.1, ""alpha_b"": 1.0, ""kappa_a"": 0.08000000000000002, ""kappa_b"": 0.8, ""n_per_group"": 200000.0}",0.1,1.0,0.08000000000000002,0.8,200000,theoretical_value,0.21600000000000003,synthetic,ALL,not_applicable,not_applicable
EXP-01,SYNTHETIC EXPERIMENT,1747,full,664a150484ed2af3,08b729e9e05a1017,"{""alpha_a"": 0.15, ""alpha_b"": 0.0, ""kappa_a"": 0.12, ""kappa_b"": 0.0, ""n_per_group"": 200000.0}",0.15,0.0,0.12,0.0,200000,theoretical_value,0.036000000000000004,synthetic,ALL,not_applicable,not_applicable
EXP-01,SYNTHETIC EXPERIMENT,1747,full,664a150484ed2af3,7751e99793084c2b,"{""alpha_a"": 0.15, ""alpha_b"": 0.05, ""kappa_a"": 0.12, ""kappa_b"": 0.04000000000000001, ""n_per_group"": 200000.0}",0.15,0.05,0.12,0.04000000000000001,200000,theoretical_value,0.024,synthetic,ALL,not_applicable,not_applicable
EXP-01,SYNTHETIC EXPERIMENT,1747,full,664a150484ed2af3,059a983f21c27d05,"{""alpha_a"": 0.15, ""alpha_b"": 0.1, ""kappa_a"": 0.12, ""kappa_b"": 0.08000000000000002, ""n_per_group"": 200000.0}",0.15,0.1,0.12,0.08000000000000002,200000,theoretical_value,0.011999999999999995,synthetic,ALL,not_applicable,not_applicable
EXP-01,SYNTHETIC EXPERIMENT,1747,full,664a150484ed2af3,83532426754cba0b,"{""alpha_a"": 0.15, ""alpha_b"": 0.15, ""kappa_a"": 0.12, ""kappa_b"": 0.12, ""n_per_group"": 200000.0}",0.15,0.15,0.12,0.12,200000,theoretical_value,0.0,synthetic,ALL,not_applicable,not_applicable
EXP-01,SYNTHETIC EXPERIMENT,1747,full,664a150484ed2af3,dab075d822cb2e53,"{""alpha_a"": 0.15, ""alpha_b"": 0.2, ""kappa_a"": 0.12, ""kappa_b"": 0.16000000000000003, ""n_per_group"": 200000.0}",0.15,0.2,0.12,0.16000000000000003,200000,theoretical_value,0.012000000000000012,synthetic,ALL,not_applicable,not_applicable
EXP-01,SYNTHETIC EXPERIMENT,1747,full,664a150484ed2af3,ff406255e9541ce0,"{""alpha_a"": 0.15, ""alpha_b"": 0.25, ""kappa_a"": 0.12, ""kappa_b"": 0.2, ""n_per_group"": 200000.0}",0.15,0.25,0.12,0.2,200000,theoretical_value,0.024000000000000007,synthetic,ALL,not_applicable,not_applicable
EXP-01,SYNTHETIC EXPERIMENT,1747,full,664a150484ed2af3,bc67d0228f2d5dea,"{""alpha_a"": 0.15, ""alpha_b"": 0.3, ""kappa_a"": 0.12, ""kappa_b"": 0.24, ""n_per_group"": 200000.0}",0.15,0.3,0.12,0.24,200000,theoretical_value,0.036000000000000004,synthetic,ALL,not_applicable,not_applicable
EXP-01,SYNTHETIC EXPERIMENT,1747,full,664a150484ed2af3,6e83edbdd079b951,"{""alpha_a"": 0.15, ""alpha_b"": 0.35, ""kappa_a"": 0.12, ""kappa_b"": 0.27999999999999997, ""n_per_group"": 200000.0}",0.15,0.35,0.12,0.27999999999999997,200000,theoretical_value,0.048,synthetic,ALL,not_applicable,not_applicable
EXP-01,SYNTHETIC EXPERIMENT,1747,full,664a150484ed2af3,036e8f34c32b5e42,"{""alpha_a"": 0.15, ""alpha_b"": 0.4, ""kappa_a"": 0.12, ""kappa_b"": 0.32000000000000006, ""n_per_group"": 200000.0}",0.15,0.4,0.12,0.32000000000000006,200000,theoretical_value,0.060000000000000026,synthetic,ALL,not_applicable,not_applicable
EXP-01,SYNTHETIC EXPERIMENT,1747,full,664a150484ed2af3,acfa907abcae472a,"{""alpha_a"": 0.15, ""alpha_b"": 0.45, ""kappa_a"": 0.12, ""kappa_b"": 0.36000000000000004, ""n_per_group"": 200000.0}",0.15,0.45,0.12,0.36000000000000004,200000,theoretical_value,0.07200000000000002,synthetic,ALL,not_applicable,not_applicable
EXP-01,SYNTHETIC EXPERIMENT,1747,full,664a150484ed2af3,a9662090ca98d4f6,"{""alpha_a"": 0.15, ""alpha_b"": 0.5, ""kappa_a"": 0.12, ""kappa_b"": 0.4, ""n_per_group"": 200000.0}",0.15,0.5,0.12,0.4,200000,theoretical_value,0.08400000000000002,synthetic,ALL,not_applicable,not_applicable
EXP-01,SYNTHETIC EXPERIMENT,1747,full,664a150484ed2af3,045eff080186688d,"{""alpha_a"": 0.15, ""alpha_b"": 0.55, ""kappa_a"": 0.12, ""kappa_b"": 0.44000000000000006, ""n_per_group"": 200000.0}",0.15,0.55,0.12,0.44000000000000006,200000,theoretical_value,0.09600000000000003,synthetic,ALL,not_applicable,not_applicable
EXP-01,SYNTHETIC EXPERIMENT,1747,full,664a150484ed2af3,1a1483085ec0edf2,"{""alpha_a"": 0.15, ""alpha_b"": 0.6, ""kappa_a"": 0.12, ""kappa_b"": 0.48, ""n_per_group"": 200000.0}",0.15,0.6,0.12,0.48,200000,theoretical_value,0.10800000000000001,synthetic,ALL,not_applicable,not_applicable
EXP-01,SYNTHETIC EXPERIMENT,1747,full,664a150484ed2af3,6a6a0e31246bf09c,"{""alpha_a"": 0.15, ""alpha_b"": 0.65, ""kappa_a"": 0.12, ""kappa_b"": 0.52, ""n_per_group"": 200000.0}",0.15,0.65,0.12,0.52,200000,theoretical_value,0.12000000000000002,synthetic,ALL,not_applicable,not_applicable
EXP-01,SYNTHETIC EXPERIMENT,1747,full,664a150484ed2af3,d10cd4e23035c428,"{""alpha_a"": 0.15, ""alpha_b"": 0.7, ""kappa_a"": 0.12, ""kappa_b"": 0.5599999999999999, ""n_per_group"": 200000.0}",0.15,0.7,0.12,0.5599999999999999,200000,theoretical_value,0.132,synthetic,ALL,not_applicable,not_applicable
EXP-01,SYNTHETIC EXPERIMENT,1747,full,664a150484ed2af3,9cb28d943a1dc510,"{""alpha_a"": 0.15, ""alpha_b"": 0.75, ""kappa_a"": 0.12, ""kappa_b"": 0.6000000000000001, ""n_per_group"": 200000.0}",0.15,0.75,0.12,0.6000000000000001,200000,theoretical_value,0.14400000000000004,synthetic,ALL,not_applicable,not_applicable
EXP-01,SYNTHETIC EXPERIMENT,1747,full,664a150484ed2af3,8e58a4fc2a580565,"{""alpha_a"": 0.15, ""alpha_b"": 0.8, ""kappa_a"": 0.12, ""kappa_b"": 0.6400000000000001, ""n_per_group"": 200000.0}",0.15,0.8,0.12,0.6400000000000001,200000,theoretical_value,0.15600000000000006,synthetic,ALL,not_applicable,not_applicable
EXP-01,SYNTHETIC EXPERIMENT,1747,full,664a150484ed2af3,201a8d3cd827b864,"{""alpha_a"": 0.15, ""alpha_b"": 0.85, ""kappa_a"": 0.12, ""kappa_b"": 0.68, ""n_per_group"": 200000.0}",0.15,0.85,0.12,0.68,200000,theoretical_value,0.16800000000000004,synthetic,ALL,not_applicable,not_applicable
EXP-01,SYNTHETIC EXPERIMENT,1747,full,664a150484ed2af3,afd508f6c028d6a9,"{""alpha_a"": 0.15, ""alpha_b"": 0.9, ""kappa_a"": 0.12, ""kappa_b"": 0.7200000000000001, ""n_per_group"": 200000.0}",0.15,0.9,0.12,0.7200000000000001,200000,theoretical_value,0.18000000000000005,synthetic,ALL,not_applicable,not_applicable
EXP-01,SYNTHETIC EXPERIMENT,1747,full,664a150484ed2af3,ae3046ae15a815a4,"{""alpha_a"": 0.15, ""alpha_b"": 0.95, ""kappa_a"": 0.12, ""kappa_b"": 0.76, ""n_per_group"": 200000.0}",0.15,0.95,0.12,0.76,200000,theoretical_value,0.19200000000000003,synthetic,ALL,not_applicable,not_applicable
EXP-01,SYNTHETIC EXPERIMENT,1747,full,664a150484ed2af3,694c5a71a7871c49,"{""alpha_a"": 0.15, ""alpha_b"": 1.0, ""kappa_a"": 0.12, ""kappa_b"": 0.8, ""n_per_group"": 200000.0}",0.15,1.0,0.12,0.8,200000,theoretical_value,0.20400000000000004,synthetic,ALL,not_applicable,not_applicable
EXP-01,SYNTHETIC EXPERIMENT,1747,full,664a150484ed2af3,7febf754872d3919,"{""alpha_a"": 0.2, ""alpha_b"": 0.0, ""kappa_a"": 0.16000000000000003, ""kappa_b"": 0.0, ""n_per_group"": 200000.0}",0.2,0.0,0.16000000000000003,0.0,200000,theoretical_value,0.048000000000000015,synthetic,ALL,not_applicable,not_applicable
EXP-01,SYNTHETIC EXPERIMENT,1747,full,664a150484ed2af3,af0e88350643e722,"{""alpha_a"": 0.2, ""alpha_b"": 0.05, ""kappa_a"": 0.16000000000000003, ""kappa_b"": 0.04000000000000001, ""n_per_group"": 200000.0}",0.2,0.05,0.16000000000000003,0.04000000000000001,200000,theoretical_value,0.03600000000000001,synthetic,ALL,not_applicable,not_applicable
EXP-01,SYNTHETIC EXPERIMENT,1747,full,664a150484ed2af3,ebc7988d8059dc14,"{""alpha_a"": 0.2, ""alpha_b"": 0.1, ""kappa_a"": 0.16000000000000003, ""kappa_b"": 0.08000000000000002, ""n_per_group"": 200000.0}",0.2,0.1,0.16000000000000003,0.08000000000000002,200000,theoretical_value,0.024000000000000007,synthetic,ALL,not_applicable,not_applicable
EXP-01,SYNTHETIC EXPERIMENT,1747,full,664a150484ed2af3,41008b528b1235f7,"{""alpha_a"": 0.2, ""alpha_b"": 0.15, ""kappa_a"": 0.16000000000000003, ""kappa_b"": 0.12, ""n_per_group"": 200000.0}",0.2,0.15,0.16000000000000003,0.12,200000,theoretical_value,0.012000000000000012,synthetic,ALL,not_applicable,not_applicable
EXP-01,SYNTHETIC EXPERIMENT,1747,full,664a150484ed2af3,a3f00a124577869e,"{""alpha_a"": 0.2, ""alpha_b"": 0.2, ""kappa_a"": 0.16000000000000003, ""kappa_b"": 0.16000000000000003, ""n_per_group"": 200000.0}",0.2,0.2,0.16000000000000003,0.16000000000000003,200000,theoretical_value,0.0,synthetic,ALL,not_applicable,not_applicable
EXP-01,SYNTHETIC EXPERIMENT,1747,full,664a150484ed2af3,8a2519f2ff1ed8f6,"{""alpha_a"": 0.2, ""alpha_b"": 0.25, ""kappa_a"": 0.16000000000000003, ""kappa_b"": 0.2, ""n_per_group"": 200000.0}",0.2,0.25,0.16000000000000003,0.2,200000,theoretical_value,0.011999999999999995,synthetic,ALL,not_applicable,not_applicable
EXP-01,SYNTHETIC EXPERIMENT,1747,full,664a150484ed2af3,b4f261583a3b724a,"{""alpha_a"": 0.2, ""alpha_b"": 0.3, ""kappa_a"": 0.16000000000000003, ""kappa_b"": 0.24, ""n_per_group"": 200000.0}",0.2,0.3,0.16000000000000003,0.24,200000,theoretical_value,0.02399999999999999,synthetic,ALL,not_applicable,not_applicable
EXP-01,SYNTHETIC EXPERIMENT,1747,full,664a150484ed2af3,f681b88a7543859f,"{""alpha_a"": 0.2, ""alpha_b"": 0.35, ""kappa_a"": 0.16000000000000003, ""kappa_b"": 0.27999999999999997, ""n_per_group"": 200000.0}",0.2,0.35,0.16000000000000003,0.27999999999999997,200000,theoretical_value,0.03599999999999999,synthetic,ALL,not_applicable,not_applicable
EXP-01,SYNTHETIC EXPERIMENT,1747,full,664a150484ed2af3,d20ee4fa0ea4046f,"{""alpha_a"": 0.2, ""alpha_b"": 0.4, ""kappa_a"": 0.16000000000000003, ""kappa_b"": 0.32000000000000006, ""n_per_group"": 200000.0}",0.2,0.4,0.16000000000000003,0.32000000000000006,200000,theoretical_value,0.048000000000000015,synthetic,ALL,not_applicable,not_applicable
EXP-01,SYNTHETIC EXPERIMENT,1747,full,664a150484ed2af3,ff7a91fd1b801645,"{""alpha_a"": 0.2, ""alpha_b"": 0.45, ""kappa_a"": 0.16000000000000003, ""kappa_b"": 0.36000000000000004, ""n_per_group"": 200000.0}",0.2,0.45,0.16000000000000003,0.36000000000000004,200000,theoretical_value,0.06000000000000001,synthetic,ALL,not_applicable,not_applicable
EXP-01,SYNTHETIC EXPERIMENT,1747,full,664a150484ed2af3,6bfd94f82a5d1ff2,"{""alpha_a"": 0.2, ""alpha_b"": 0.5, ""kappa_a"": 0.16000000000000003, ""kappa_b"": 0.4, ""n_per_group"": 200000.0}",0.2,0.5,0.16000000000000003,0.4,200000,theoretical_value,0.07200000000000001,synthetic,ALL,not_applicable,not_applicable
EXP-01,SYNTHETIC EXPERIMENT,1747,full,664a150484ed2af3,40b3681ff1bd5a33,"{""alpha_a"": 0.2, ""alpha_b"": 0.55, ""kappa_a"": 0.16000000000000003, ""kappa_b"": 0.44000000000000006, ""n_per_group"": 200000.0}",0.2,0.55,0.16000000000000003,0.44000000000000006,200000,theoretical_value,0.08400000000000002,synthetic,ALL,not_applicable,not_applicable
EXP-01,SYNTHETIC EXPERIMENT,1747,full,664a150484ed2af3,e211bd0acc7eecf6,"{""alpha_a"": 0.2, ""alpha_b"": 0.6, ""kappa_a"": 0.16000000000000003, ""kappa_b"": 0.48, ""n_per_group"": 200000.0}",0.2,0.6,0.16000000000000003,0.48,200000,theoretical_value,0.096,synthetic,ALL,not_applicable,not_applicable
EXP-01,SYNTHETIC EXPERIMENT,1747,full,664a150484ed2af3,1e13ae164faf8f41,"{""alpha_a"": 0.2, ""alpha_b"": 0.65, ""kappa_a"": 0.16000000000000003, ""kappa_b"": 0.52, ""n_per_group"": 200000.0}",0.2,0.65,0.16000000000000003,0.52,200000,theoretical_value,0.10800000000000001,synthetic,ALL,not_applicable,not_applicable
EXP-01,SYNTHETIC EXPERIMENT,1747,full,664a150484ed2af3,175745f0ccd8d860,"{""alpha_a"": 0.2, ""alpha_b"": 0.7, ""kappa_a"": 0.16000000000000003, ""kappa_b"": 0.5599999999999999, ""n_per_group"": 200000.0}",0.2,0.7,0.16000000000000003,0.5599999999999999,200000,theoretical_value,0.12,synthetic,ALL,not_applicable,not_applicable
EXP-01,SYNTHETIC EXPERIMENT,1747,full,664a150484ed2af3,a450449f379465e7,"{""alpha_a"": 0.2, ""alpha_b"": 0.75, ""kappa_a"": 0.16000000000000003, ""kappa_b"": 0.6000000000000001, ""n_per_group"": 200000.0}",0.2,0.75,0.16000000000000003,0.6000000000000001,200000,theoretical_value,0.13200000000000003,synthetic,ALL,not_applicable,not_applicable
EXP-01,SYNTHETIC EXPERIMENT,1747,full,664a150484ed2af3,96e35d8738eec7f3,"{""alpha_a"": 0.2, ""alpha_b"": 0.8, ""kappa_a"": 0.16000000000000003, ""kappa_b"": 0.6400000000000001, ""n_per_group"": 200000.0}",0.2,0.8,0.16000000000000003,0.6400000000000001,200000,theoretical_value,0.14400000000000004,synthetic,ALL,not_applicable,not_applicable
EXP-01,SYNTHETIC EXPERIMENT,1747,full,664a150484ed2af3,e2761bb3a6a7dfd5,"{""alpha_a"": 0.2, ""alpha_b"": 0.85, ""kappa_a"": 0.16000000000000003, ""kappa_b"": 0.68, ""n_per_group"": 200000.0}",0.2,0.85,0.16000000000000003,0.68,200000,theoretical_value,0.15600000000000003,synthetic,ALL,not_applicable,not_applicable
EXP-01,SYNTHETIC EXPERIMENT,1747,full,664a150484ed2af3,96ba37d3d4dda9b2,"{""alpha_a"": 0.2, ""alpha_b"": 0.9, ""kappa_a"": 0.16000000000000003, ""kappa_b"": 0.7200000000000001, ""n_per_group"": 200000.0}",0.2,0.9,0.16000000000000003,0.7200000000000001,200000,theoretical_value,0.16800000000000004,synthetic,ALL,not_applicable,not_applicable
EXP-01,SYNTHETIC EXPERIMENT,1747,full,664a150484ed2af3,67c017115584954c,"{""alpha_a"": 0.2, ""alpha_b"": 0.95, ""kappa_a"": 0.16000000000000003, ""kappa_b"": 0.76, ""n_per_group"": 200000.0}",0.2,0.95,0.16000000000000003,0.76,200000,theoretical_value,0.18000000000000002,synthetic,ALL,not_applicable,not_applicable
EXP-01,SYNTHETIC EXPERIMENT,1747,full,664a150484ed2af3,308d26abc93558d0,"{""alpha_a"": 0.2, ""alpha_b"": 1.0, ""kappa_a"": 0.16000000000000003, ""kappa_b"": 0.8, ""n_per_group"": 200000.0}",0.2,1.0,0.16000000000000003,0.8,200000,theoretical_value,0.19200000000000003,synthetic,ALL,not_applicable,not_applicable
EXP-01,SYNTHETIC EXPERIMENT,1747,full,664a150484ed2af3,d0ef03f67f087104,"{""alpha_a"": 0.25, ""alpha_b"": 0.0, ""kappa_a"": 0.2, ""kappa_b"": 0.0, ""n_per_group"": 200000.0}",0.25,0.0,0.2,0.0,200000,theoretical_value,0.06000000000000001,synthetic,ALL,not_applicable,not_applicable
EXP-01,SYNTHETIC EXPERIMENT,1747,full,664a150484ed2af3,640da030f4c79e2a,"{""alpha_a"": 0.25, ""alpha_b"": 0.05, ""kappa_a"": 0.2, ""kappa_b"": 0.04000000000000001, ""n_per_group"": 200000.0}",0.25,0.05,0.2,0.04000000000000001,200000,theoretical_value,0.04800000000000001,synthetic,ALL,not_applicable,not_applicable
EXP-01,SYNTHETIC EXPERIMENT,1747,full,664a150484ed2af3,d35d22f3b88f0655,"{""alpha_a"": 0.25, ""alpha_b"": 0.1, ""kappa_a"": 0.2, ""kappa_b"": 0.08000000000000002, ""n_per_group"": 200000.0}",0.25,0.1,0.2,0.08000000000000002,200000,theoretical_value,0.036000000000000004,synthetic,ALL,not_applicable,not_applicable
EXP-01,SYNTHETIC EXPERIMENT,1747,full,664a150484ed2af3,36a097142cdadf6f,"{""alpha_a"": 0.25, ""alpha_b"": 0.15, ""kappa_a"": 0.2, ""kappa_b"": 0.12, ""n_per_group"": 200000.0}",0.25,0.15,0.2,0.12,200000,theoretical_value,0.024000000000000007,synthetic,ALL,not_applicable,not_applicable
EXP-01,SYNTHETIC EXPERIMENT,1747,full,664a150484ed2af3,771ed3facb31defa,"{""alpha_a"": 0.25, ""alpha_b"": 0.2, ""kappa_a"": 0.2, ""kappa_b"": 0.16000000000000003, ""n_per_group"": 200000.0}",0.25,0.2,0.2,0.16000000000000003,200000,theoretical_value,0.011999999999999995,synthetic,ALL,not_applicable,not_applicable
EXP-01,SYNTHETIC EXPERIMENT,1747,full,664a150484ed2af3,0ef3f92454098838,"{""alpha_a"": 0.25, ""alpha_b"": 0.25, ""kappa_a"": 0.2, ""kappa_b"": 0.2, ""n_per_group"": 200000.0}",0.25,0.25,0.2,0.2,200000,theoretical_value,0.0,synthetic,ALL,not_applicable,not_applicable
EXP-01,SYNTHETIC EXPERIMENT,1747,full,664a150484ed2af3,69430f02107c86f3,"{""alpha_a"": 0.25, ""alpha_b"": 0.3, ""kappa_a"": 0.2, ""kappa_b"": 0.24, ""n_per_group"": 200000.0}",0.25,0.3,0.2,0.24,200000,theoretical_value,0.011999999999999995,synthetic,ALL,not_applicable,not_applicable
EXP-01,SYNTHETIC EXPERIMENT,1747,full,664a150484ed2af3,d7ff82e5394737eb,"{""alpha_a"": 0.25, ""alpha_b"": 0.35, ""kappa_a"": 0.2, ""kappa_b"": 0.27999999999999997, ""n_per_group"": 200000.0}",0.25,0.35,0.2,0.27999999999999997,200000,theoretical_value,0.02399999999999999,synthetic,ALL,not_applicable,not_applicable
EXP-01,SYNTHETIC EXPERIMENT,1747,full,664a150484ed2af3,58cbd7267c66f208,"{""alpha_a"": 0.25, ""alpha_b"": 0.4, ""kappa_a"": 0.2, ""kappa_b"": 0.32000000000000006, ""n_per_group"": 200000.0}",0.25,0.4,0.2,0.32000000000000006,200000,theoretical_value,0.03600000000000002,synthetic,ALL,not_applicable,not_applicable
EXP-01,SYNTHETIC EXPERIMENT,1747,full,664a150484ed2af3,d0f4d027a21b5961,"{""alpha_a"": 0.25, ""alpha_b"": 0.45, ""kappa_a"": 0.2, ""kappa_b"": 0.36000000000000004, ""n_per_group"": 200000.0}",0.25,0.45,0.2,0.36000000000000004,200000,theoretical_value,0.048000000000000015,synthetic,ALL,not_applicable,not_applicable
EXP-01,SYNTHETIC EXPERIMENT,1747,full,664a150484ed2af3,b831345230e1a585,"{""alpha_a"": 0.25, ""alpha_b"": 0.5, ""kappa_a"": 0.2, ""kappa_b"": 0.4, ""n_per_group"": 200000.0}",0.25,0.5,0.2,0.4,200000,theoretical_value,0.06000000000000001,synthetic,ALL,not_applicable,not_applicable
EXP-01,SYNTHETIC EXPERIMENT,1747,full,664a150484ed2af3,f1088485738d706a,"{""alpha_a"": 0.25, ""alpha_b"": 0.55, ""kappa_a"": 0.2, ""kappa_b"": 0.44000000000000006, ""n_per_group"": 200000.0}",0.25,0.55,0.2,0.44000000000000006,200000,theoretical_value,0.07200000000000002,synthetic,ALL,not_applicable,not_applicable
EXP-01,SYNTHETIC EXPERIMENT,1747,full,664a150484ed2af3,76c9d04638f909c9,"{""alpha_a"": 0.25, ""alpha_b"": 0.6, ""kappa_a"": 0.2, ""kappa_b"": 0.48, ""n_per_group"": 200000.0}",0.25,0.6,0.2,0.48,200000,theoretical_value,0.084,synthetic,ALL,not_applicable,not_applicable
EXP-01,SYNTHETIC EXPERIMENT,1747,full,664a150484ed2af3,d1bf2dd0766911b7,"{""alpha_a"": 0.25, ""alpha_b"": 0.65, ""kappa_a"": 0.2, ""kappa_b"": 0.52, ""n_per_group"": 200000.0}",0.25,0.65,0.2,0.52,200000,theoretical_value,0.09600000000000002,synthetic,ALL,not_applicable,not_applicable
EXP-01,SYNTHETIC EXPERIMENT,1747,full,664a150484ed2af3,7347765828dc631a,"{""alpha_a"": 0.25, ""alpha_b"": 0.7, ""kappa_a"": 0.2, ""kappa_b"": 0.5599999999999999, ""n_per_group"": 200000.0}",0.25,0.7,0.2,0.5599999999999999,200000,theoretical_value,0.108,synthetic,ALL,not_applicable,not_applicable
EXP-01,SYNTHETIC EXPERIMENT,1747,full,664a150484ed2af3,8cd421c278dad9f0,"{""alpha_a"": 0.25, ""alpha_b"": 0.75, ""kappa_a"": 0.2, ""kappa_b"": 0.6000000000000001, ""n_per_group"": 200000.0}",0.25,0.75,0.2,0.6000000000000001,200000,theoretical_value,0.12000000000000004,synthetic,ALL,not_applicable,not_applicable
EXP-01,SYNTHETIC EXPERIMENT,1747,full,664a150484ed2af3,a3a8587bfcda0271,"{""alpha_a"": 0.25, ""alpha_b"": 0.8, ""kappa_a"": 0.2, ""kappa_b"": 0.6400000000000001, ""n_per_group"": 200000.0}",0.25,0.8,0.2,0.6400000000000001,200000,theoretical_value,0.13200000000000006,synthetic,ALL,not_applicable,not_applicable
EXP-01,SYNTHETIC EXPERIMENT,1747,full,664a150484ed2af3,7f75c4b391283e60,"{""alpha_a"": 0.25, ""alpha_b"": 0.85, ""kappa_a"": 0.2, ""kappa_b"": 0.68, ""n_per_group"": 200000.0}",0.25,0.85,0.2,0.68,200000,theoretical_value,0.14400000000000004,synthetic,ALL,not_applicable,not_applicable
EXP-01,SYNTHETIC EXPERIMENT,1747,full,664a150484ed2af3,dca757c3df7ba091,"{""alpha_a"": 0.25, ""alpha_b"": 0.9, ""kappa_a"": 0.2, ""kappa_b"": 0.7200000000000001, ""n_per_group"": 200000.0}",0.25,0.9,0.2,0.7200000000000001,200000,theoretical_value,0.15600000000000003,synthetic,ALL,not_applicable,not_applicable
EXP-01,SYNTHETIC EXPERIMENT,1747,full,664a150484ed2af3,0ead99814f3b20df,"{""alpha_a"": 0.25, ""alpha_b"": 0.95, ""kappa_a"": 0.2, ""kappa_b"": 0.76, ""n_per_group"": 200000.0}",0.25,0.95,0.2,0.76,200000,theoretical_value,0.16800000000000004,synthetic,ALL,not_applicable,not_applicable
EXP-01,SYNTHETIC EXPERIMENT,1747,full,664a150484ed2af3,700ea7fd6f3fe715,"{""alpha_a"": 0.25, ""alpha_b"": 1.0, ""kappa_a"": 0.2, ""kappa_b"": 0.8, ""n_per_group"": 200000.0}",0.25,1.0,0.2,0.8,200000,theoretical_value,0.18000000000000005,synthetic,ALL,not_applicable,not_applicable
EXP-01,SYNTHETIC EXPERIMENT,1747,full,664a150484ed2af3,31672113393a323b,"{""alpha_a"": 0.3, ""alpha_b"": 0.0, ""kappa_a"": 0.24, ""kappa_b"": 0.0, ""n_per_group"": 200000.0}",0.3,0.0,0.24,0.0,200000,theoretical_value,0.07200000000000001,synthetic,ALL,not_applicable,not_applicable
EXP-01,SYNTHETIC EXPERIMENT,1747,full,664a150484ed2af3,3c646466648927bc,"{""alpha_a"": 0.3, ""alpha_b"": 0.05, ""kappa_a"": 0.24, ""kappa_b"": 0.04000000000000001, ""n_per_group"": 200000.0}",0.3,0.05,0.24,0.04000000000000001,200000,theoretical_value,0.060000000000000005,synthetic,ALL,not_applicable,not_applicable
EXP-01,SYNTHETIC EXPERIMENT,1747,full,664a150484ed2af3,9814cad6fd886e66,"{""alpha_a"": 0.3, ""alpha_b"": 0.1, ""kappa_a"": 0.24, ""kappa_b"": 0.08000000000000002, ""n_per_group"": 200000.0}",0.3,0.1,0.24,0.08000000000000002,200000,theoretical_value,0.048,synthetic,ALL,not_applicable,not_applicable
EXP-01,SYNTHETIC EXPERIMENT,1747,full,664a150484ed2af3,8d91f387a3c7da84,"{""alpha_a"": 0.3, ""alpha_b"": 0.15, ""kappa_a"": 0.24, ""kappa_b"": 0.12, ""n_per_group"": 200000.0}",0.3,0.15,0.24,0.12,200000,theoretical_value,0.036000000000000004,synthetic,ALL,not_applicable,not_applicable
EXP-01,SYNTHETIC EXPERIMENT,1747,full,664a150484ed2af3,fc766c884699c0b5,"{""alpha_a"": 0.3, ""alpha_b"": 0.2, ""kappa_a"": 0.24, ""kappa_b"": 0.16000000000000003, ""n_per_group"": 200000.0}",0.3,0.2,0.24,0.16000000000000003,200000,theoretical_value,0.02399999999999999,synthetic,ALL,not_applicable,not_applicable
EXP-01,SYNTHETIC EXPERIMENT,1747,full,664a150484ed2af3,f53aaffe33312169,"{""alpha_a"": 0.3, ""alpha_b"": 0.25, ""kappa_a"": 0.24, ""kappa_b"": 0.2, ""n_per_group"": 200000.0}",0.3,0.25,0.24,0.2,200000,theoretical_value,0.011999999999999995,synthetic,ALL,not_applicable,not_applicable
EXP-01,SYNTHETIC EXPERIMENT,1747,full,664a150484ed2af3,5e7d0c29ccf0d026,"{""alpha_a"": 0.3, ""alpha_b"": 0.3, ""kappa_a"": 0.24, ""kappa_b"": 0.24, ""n_per_group"": 200000.0}",0.3,0.3,0.24,0.24,200000,theoretical_value,0.0,synthetic,ALL,not_applicable,not_applicable
EXP-01,SYNTHETIC EXPERIMENT,1747,full,664a150484ed2af3,914b9c976d95f94b,"{""alpha_a"": 0.3, ""alpha_b"": 0.35, ""kappa_a"": 0.24, ""kappa_b"": 0.27999999999999997, ""n_per_group"": 200000.0}",0.3,0.35,0.24,0.27999999999999997,200000,theoretical_value,0.011999999999999995,synthetic,ALL,not_applicable,not_applicable
EXP-01,SYNTHETIC EXPERIMENT,1747,full,664a150484ed2af3,d9c80c2b33534eb6,"{""alpha_a"": 0.3, ""alpha_b"": 0.4, ""kappa_a"": 0.24, ""kappa_b"": 0.32000000000000006, ""n_per_group"": 200000.0}",0.3,0.4,0.24,0.32000000000000006,200000,theoretical_value,0.024000000000000025,synthetic,ALL,not_applicable,not_applicable
EXP-01,SYNTHETIC EXPERIMENT,1747,full,664a150484ed2af3,fce7f455545cd060,"{""alpha_a"": 0.3, ""alpha_b"": 0.45, ""kappa_a"": 0.24, ""kappa_b"": 0.36000000000000004, ""n_per_group"": 200000.0}",0.3,0.45,0.24,0.36000000000000004,200000,theoretical_value,0.03600000000000002,synthetic,ALL,not_applicable,not_applicable
EXP-01,SYNTHETIC EXPERIMENT,1747,full,664a150484ed2af3,9bd821115d6ab0c6,"{""alpha_a"": 0.3, ""alpha_b"": 0.5, ""kappa_a"": 0.24, ""kappa_b"": 0.4, ""n_per_group"": 200000.0}",0.3,0.5,0.24,0.4,200000,theoretical_value,0.048000000000000015,synthetic,ALL,not_applicable,not_applicable
EXP-01,SYNTHETIC EXPERIMENT,1747,full,664a150484ed2af3,cd3e02481510dc73,"{""alpha_a"": 0.3, ""alpha_b"": 0.55, ""kappa_a"": 0.24, ""kappa_b"": 0.44000000000000006, ""n_per_group"": 200000.0}",0.3,0.55,0.24,0.44000000000000006,200000,theoretical_value,0.060000000000000026,synthetic,ALL,not_applicable,not_applicable
EXP-01,SYNTHETIC EXPERIMENT,1747,full,664a150484ed2af3,1857cb75df40c346,"{""alpha_a"": 0.3, ""alpha_b"": 0.6, ""kappa_a"": 0.24, ""kappa_b"": 0.48, ""n_per_group"": 200000.0}",0.3,0.6,0.24,0.48,200000,theoretical_value,0.07200000000000001,synthetic,ALL,not_applicable,not_applicable
EXP-01,SYNTHETIC EXPERIMENT,1747,full,664a150484ed2af3,02cadc2bc1e0b26b,"{""alpha_a"": 0.3, ""alpha_b"": 0.65, ""kappa_a"": 0.24, ""kappa_b"": 0.52, ""n_per_group"": 200000.0}",0.3,0.65,0.24,0.52,200000,theoretical_value,0.08400000000000002,synthetic,ALL,not_applicable,not_applicable
EXP-01,SYNTHETIC EXPERIMENT,1747,full,664a150484ed2af3,9e5a08504b225d15,"{""alpha_a"": 0.3, ""alpha_b"": 0.7, ""kappa_a"": 0.24, ""kappa_b"": 0.5599999999999999, ""n_per_group"": 200000.0}",0.3,0.7,0.24,0.5599999999999999,200000,theoretical_value,0.096,synthetic,ALL,not_applicable,not_applicable
EXP-01,SYNTHETIC EXPERIMENT,1747,full,664a150484ed2af3,61dc1bdd16487838,"{""alpha_a"": 0.3, ""alpha_b"": 0.75, ""kappa_a"": 0.24, ""kappa_b"": 0.6000000000000001, ""n_per_group"": 200000.0}",0.3,0.75,0.24,0.6000000000000001,200000,theoretical_value,0.10800000000000004,synthetic,ALL,not_applicable,not_applicable
EXP-01,SYNTHETIC EXPERIMENT,1747,full,664a150484ed2af3,78fbc22363e0f834,"{""alpha_a"": 0.3, ""alpha_b"": 0.8, ""kappa_a"": 0.24, ""kappa_b"": 0.6400000000000001, ""n_per_group"": 200000.0}",0.3,0.8,0.24,0.6400000000000001,200000,theoretical_value,0.12000000000000005,synthetic,ALL,not_applicable,not_applicable
EXP-01,SYNTHETIC EXPERIMENT,1747,full,664a150484ed2af3,d88806cb2e3b4594,"{""alpha_a"": 0.3, ""alpha_b"": 0.85, ""kappa_a"": 0.24, ""kappa_b"": 0.68, ""n_per_group"": 200000.0}",0.3,0.85,0.24,0.68,200000,theoretical_value,0.13200000000000003,synthetic,ALL,not_applicable,not_applicable
EXP-01,SYNTHETIC EXPERIMENT,1747,full,664a150484ed2af3,61be87df94fdc8f8,"{""alpha_a"": 0.3, ""alpha_b"": 0.9, ""kappa_a"": 0.24, ""kappa_b"": 0.7200000000000001, ""n_per_group"": 200000.0}",0.3,0.9,0.24,0.7200000000000001,200000,theoretical_value,0.14400000000000004,synthetic,ALL,not_applicable,not_applicable
EXP-01,SYNTHETIC EXPERIMENT,1747,full,664a150484ed2af3,6a86b1c31fa23909,"{""alpha_a"": 0.3, ""alpha_b"": 0.95, ""kappa_a"": 0.24, ""kappa_b"": 0.76, ""n_per_group"": 200000.0}",0.3,0.95,0.24,0.76,200000,theoretical_value,0.15600000000000003,synthetic,ALL,not_applicable,not_applicable
EXP-01,SYNTHETIC EXPERIMENT,1747,full,664a150484ed2af3,5abd187b355317bf,"{""alpha_a"": 0.3, ""alpha_b"": 1.0, ""kappa_a"": 0.24, ""kappa_b"": 0.8, ""n_per_group"": 200000.0}",0.3,1.0,0.24,0.8,200000,theoretical_value,0.16800000000000004,synthetic,ALL,not_applicable,not_applicable
EXP-01,SYNTHETIC EXPERIMENT,1747,full,664a150484ed2af3,35ff863b653eda18,"{""alpha_a"": 0.35, ""alpha_b"": 0.0, ""kappa_a"": 0.27999999999999997, ""kappa_b"": 0.0, ""n_per_group"": 200000.0}",0.35,0.0,0.27999999999999997,0.0,200000,theoretical_value,0.084,synthetic,ALL,not_applicable,not_applicable
EXP-01,SYNTHETIC EXPERIMENT,1747,full,664a150484ed2af3,835b894ab977de78,"{""alpha_a"": 0.35, ""alpha_b"": 0.05, ""kappa_a"": 0.27999999999999997, ""kappa_b"": 0.04000000000000001, ""n_per_group"": 200000.0}",0.35,0.05,0.27999999999999997,0.04000000000000001,200000,theoretical_value,0.072,synthetic,ALL,not_applicable,not_applicable
EXP-01,SYNTHETIC EXPERIMENT,1747,full,664a150484ed2af3,96db7e710d5d8d5b,"{""alpha_a"": 0.35, ""alpha_b"": 0.1, ""kappa_a"": 0.27999999999999997, ""kappa_b"": 0.08000000000000002, ""n_per_group"": 200000.0}",0.35,0.1,0.27999999999999997,0.08000000000000002,200000,theoretical_value,0.06,synthetic,ALL,not_applicable,not_applicable
EXP-01,SYNTHETIC EXPERIMENT,1747,full,664a150484ed2af3,1cd1ef01007577c6,"{""alpha_a"": 0.35, ""alpha_b"": 0.15, ""kappa_a"": 0.27999999999999997, ""kappa_b"": 0.12, ""n_per_group"": 200000.0}",0.35,0.15,0.27999999999999997,0.12,200000,theoretical_value,0.048,synthetic,ALL,not_applicable,not_applicable
EXP-01,SYNTHETIC EXPERIMENT,1747,full,664a150484ed2af3,5fb5746dbff61339,"{""alpha_a"": 0.35, ""alpha_b"": 0.2, ""kappa_a"": 0.27999999999999997, ""kappa_b"": 0.16000000000000003, ""n_per_group"": 200000.0}",0.35,0.2,0.27999999999999997,0.16000000000000003,200000,theoretical_value,0.03599999999999999,synthetic,ALL,not_applicable,not_applicable
EXP-01,SYNTHETIC EXPERIMENT,1747,full,664a150484ed2af3,eeea2850752b4ae0,"{""alpha_a"": 0.35, ""alpha_b"": 0.25, ""kappa_a"": 0.27999999999999997, ""kappa_b"": 0.2, ""n_per_group"": 200000.0}",0.35,0.25,0.27999999999999997,0.2,200000,theoretical_value,0.02399999999999999,synthetic,ALL,not_applicable,not_applicable
EXP-01,SYNTHETIC EXPERIMENT,1747,full,664a150484ed2af3,46e36898985c7369,"{""alpha_a"": 0.35, ""alpha_b"": 0.3, ""kappa_a"": 0.27999999999999997, ""kappa_b"": 0.24, ""n_per_group"": 200000.0}",0.35,0.3,0.27999999999999997,0.24,200000,theoretical_value,0.011999999999999995,synthetic,ALL,not_applicable,not_applicable
EXP-01,SYNTHETIC EXPERIMENT,1747,full,664a150484ed2af3,8c0f64670193ec33,"{""alpha_a"": 0.35, ""alpha_b"": 0.35, ""kappa_a"": 0.27999999999999997, ""kappa_b"": 0.27999999999999997, ""n_per_group"": 200000.0}",0.35,0.35,0.27999999999999997,0.27999999999999997,200000,theoretical_value,0.0,synthetic,ALL,not_applicable,not_applicable
EXP-01,SYNTHETIC EXPERIMENT,1747,full,664a150484ed2af3,23773c40b6a3599c,"{""alpha_a"": 0.35, ""alpha_b"": 0.4, ""kappa_a"": 0.27999999999999997, ""kappa_b"": 0.32000000000000006, ""n_per_group"": 200000.0}",0.35,0.4,0.27999999999999997,0.32000000000000006,200000,theoretical_value,0.01200000000000003,synthetic,ALL,not_applicable,not_applicable
EXP-01,SYNTHETIC EXPERIMENT,1747,full,664a150484ed2af3,ae87cf9c564d23d2,"{""alpha_a"": 0.35, ""alpha_b"": 0.45, ""kappa_a"": 0.27999999999999997, ""kappa_b"": 0.36000000000000004, ""n_per_group"": 200000.0}",0.35,0.45,0.27999999999999997,0.36000000000000004,200000,theoretical_value,0.024000000000000025,synthetic,ALL,not_applicable,not_applicable
EXP-01,SYNTHETIC EXPERIMENT,1747,full,664a150484ed2af3,91b4e5e35293ac26,"{""alpha_a"": 0.35, ""alpha_b"": 0.5, ""kappa_a"": 0.27999999999999997, ""kappa_b"": 0.4, ""n_per_group"": 200000.0}",0.35,0.5,0.27999999999999997,0.4,200000,theoretical_value,0.03600000000000002,synthetic,ALL,not_applicable,not_applicable
EXP-01,SYNTHETIC EXPERIMENT,1747,full,664a150484ed2af3,6a57d6101833ea47,"{""alpha_a"": 0.35, ""alpha_b"": 0.55, ""kappa_a"": 0.27999999999999997, ""kappa_b"": 0.44000000000000006, ""n_per_group"": 200000.0}",0.35,0.55,0.27999999999999997,0.44000000000000006,200000,theoretical_value,0.048000000000000036,synthetic,ALL,not_applicable,not_applicable
EXP-01,SYNTHETIC EXPERIMENT,1747,full,664a150484ed2af3,003ec52360400121,"{""alpha_a"": 0.35, ""alpha_b"": 0.6, ""kappa_a"": 0.27999999999999997, ""kappa_b"": 0.48, ""n_per_group"": 200000.0}",0.35,0.6,0.27999999999999997,0.48,200000,theoretical_value,0.06000000000000001,synthetic,ALL,not_applicable,not_applicable
EXP-01,SYNTHETIC EXPERIMENT,1747,full,664a150484ed2af3,8151c1081acf6482,"{""alpha_a"": 0.35, ""alpha_b"": 0.65, ""kappa_a"": 0.27999999999999997, ""kappa_b"": 0.52, ""n_per_group"": 200000.0}",0.35,0.65,0.27999999999999997,0.52,200000,theoretical_value,0.07200000000000002,synthetic,ALL,not_applicable,not_applicable
EXP-01,SYNTHETIC EXPERIMENT,1747,full,664a150484ed2af3,f81d8f6eabc0273e,"{""alpha_a"": 0.35, ""alpha_b"": 0.7, ""kappa_a"": 0.27999999999999997, ""kappa_b"": 0.5599999999999999, ""n_per_group"": 200000.0}",0.35,0.7,0.27999999999999997,0.5599999999999999,200000,theoretical_value,0.084,synthetic,ALL,not_applicable,not_applicable
EXP-01,SYNTHETIC EXPERIMENT,1747,full,664a150484ed2af3,d11941c1c1d6866e,"{""alpha_a"": 0.35, ""alpha_b"": 0.75, ""kappa_a"": 0.27999999999999997, ""kappa_b"": 0.6000000000000001, ""n_per_group"": 200000.0}",0.35,0.75,0.27999999999999997,0.6000000000000001,200000,theoretical_value,0.09600000000000004,synthetic,ALL,not_applicable,not_applicable
EXP-01,SYNTHETIC EXPERIMENT,1747,full,664a150484ed2af3,e8a764d634ae1a8d,"{""alpha_a"": 0.35, ""alpha_b"": 0.8, ""kappa_a"": 0.27999999999999997, ""kappa_b"": 0.6400000000000001, ""n_per_group"": 200000.0}",0.35,0.8,0.27999999999999997,0.6400000000000001,200000,theoretical_value,0.10800000000000007,synthetic,ALL,not_applicable,not_applicable
EXP-01,SYNTHETIC EXPERIMENT,1747,full,664a150484ed2af3,b8492f83caf37e44,"{""alpha_a"": 0.35, ""alpha_b"": 0.85, ""kappa_a"": 0.27999999999999997, ""kappa_b"": 0.68, ""n_per_group"": 200000.0}",0.35,0.85,0.27999999999999997,0.68,200000,theoretical_value,0.12000000000000004,synthetic,ALL,not_applicable,not_applicable
EXP-01,SYNTHETIC EXPERIMENT,1747,full,664a150484ed2af3,6287da3aae39e980,"{""alpha_a"": 0.35, ""alpha_b"": 0.9, ""kappa_a"": 0.27999999999999997, ""kappa_b"": 0.7200000000000001, ""n_per_group"": 200000.0}",0.35,0.9,0.27999999999999997,0.7200000000000001,200000,theoretical_value,0.13200000000000006,synthetic,ALL,not_applicable,not_applicable
EXP-01,SYNTHETIC EXPERIMENT,1747,full,664a150484ed2af3,2b32f27fd4e80a79,"{""alpha_a"": 0.35, ""alpha_b"": 0.95, ""kappa_a"": 0.27999999999999997, ""kappa_b"": 0.76, ""n_per_group"": 200000.0}",0.35,0.95,0.27999999999999997,0.76,200000,theoretical_value,0.14400000000000004,synthetic,ALL,not_applicable,not_applicable
EXP-01,SYNTHETIC EXPERIMENT,1747,full,664a150484ed2af3,4d7933012ad65dbf,"{""alpha_a"": 0.35, ""alpha_b"": 1.0, ""kappa_a"": 0.27999999999999997, ""kappa_b"": 0.8, ""n_per_group"": 200000.0}",0.35,1.0,0.27999999999999997,0.8,200000,theoretical_value,0.15600000000000003,synthetic,ALL,not_applicable,not_applicable
EXP-01,SYNTHETIC EXPERIMENT,1747,full,664a150484ed2af3,fd3ca451b2202475,"{""alpha_a"": 0.4, ""alpha_b"": 0.0, ""kappa_a"": 0.32000000000000006, ""kappa_b"": 0.0, ""n_per_group"": 200000.0}",0.4,0.0,0.32000000000000006,0.0,200000,theoretical_value,0.09600000000000003,synthetic,ALL,not_applicable,not_applicable
EXP-01,SYNTHETIC EXPERIMENT,1747,full,664a150484ed2af3,63e807603323db67,"{""alpha_a"": 0.4, ""alpha_b"": 0.05, ""kappa_a"": 0.32000000000000006, ""kappa_b"": 0.04000000000000001, ""n_per_group"": 200000.0}",0.4,0.05,0.32000000000000006,0.04000000000000001,200000,theoretical_value,0.08400000000000002,synthetic,ALL,not_applicable,not_applicable
EXP-01,SYNTHETIC EXPERIMENT,1747,full,664a150484ed2af3,9bdc3fb5a6006220,"{""alpha_a"": 0.4, ""alpha_b"": 0.1, ""kappa_a"": 0.32000000000000006, ""kappa_b"": 0.08000000000000002, ""n_per_group"": 200000.0}",0.4,0.1,0.32000000000000006,0.08000000000000002,200000,theoretical_value,0.07200000000000002,synthetic,ALL,not_applicable,not_applicable
EXP-01,SYNTHETIC EXPERIMENT,1747,full,664a150484ed2af3,97a60a27eda409c1,"{""alpha_a"": 0.4, ""alpha_b"": 0.15, ""kappa_a"": 0.32000000000000006, ""kappa_b"": 0.12, ""n_per_group"": 200000.0}",0.4,0.15,0.32000000000000006,0.12,200000,theoretical_value,0.060000000000000026,synthetic,ALL,not_applicable,not_applicable
EXP-01,SYNTHETIC EXPERIMENT,1747,full,664a150484ed2af3,7a120db23a63e449,"{""alpha_a"": 0.4, ""alpha_b"": 0.2, ""kappa_a"": 0.32000000000000006, ""kappa_b"": 0.16000000000000003, ""n_per_group"": 200000.0}",0.4,0.2,0.32000000000000006,0.16000000000000003,200000,theoretical_value,0.048000000000000015,synthetic,ALL,not_applicable,not_applicable
EXP-01,SYNTHETIC EXPERIMENT,1747,full,664a150484ed2af3,7ffcf6878c61b440,"{""alpha_a"": 0.4, ""alpha_b"": 0.25, ""kappa_a"": 0.32000000000000006, ""kappa_b"": 0.2, ""n_per_group"": 200000.0}",0.4,0.25,0.32000000000000006,0.2,200000,theoretical_value,0.03600000000000002,synthetic,ALL,not_applicable,not_applicable
EXP-01,SYNTHETIC EXPERIMENT,1747,full,664a150484ed2af3,230e3561fa16a6d7,"{""alpha_a"": 0.4, ""alpha_b"": 0.3, ""kappa_a"": 0.32000000000000006, ""kappa_b"": 0.24, ""n_per_group"": 200000.0}",0.4,0.3,0.32000000000000006,0.24,200000,theoretical_value,0.024000000000000025,synthetic,ALL,not_applicable,not_applicable
EXP-01,SYNTHETIC EXPERIMENT,1747,full,664a150484ed2af3,03fbaac52b776e02,"{""alpha_a"": 0.4, ""alpha_b"": 0.35, ""kappa_a"": 0.32000000000000006, ""kappa_b"": 0.27999999999999997, ""n_per_group"": 200000.0}",0.4,0.35,0.32000000000000006,0.27999999999999997,200000,theoretical_value,0.01200000000000003,synthetic,ALL,not_applicable,not_applicable
EXP-01,SYNTHETIC EXPERIMENT,1747,full,664a150484ed2af3,03ded27d9830e29b,"{""alpha_a"": 0.4, ""alpha_b"": 0.4, ""kappa_a"": 0.32000000000000006, ""kappa_b"": 0.32000000000000006, ""n_per_group"": 200000.0}",0.4,0.4,0.32000000000000006,0.32000000000000006,200000,theoretical_value,0.0,synthetic,ALL,not_applicable,not_applicable
EXP-01,SYNTHETIC EXPERIMENT,1747,full,664a150484ed2af3,d0089757333dae2c,"{""alpha_a"": 0.4, ""alpha_b"": 0.45, ""kappa_a"": 0.32000000000000006, ""kappa_b"": 0.36000000000000004, ""n_per_group"": 200000.0}",0.4,0.45,0.32000000000000006,0.36000000000000004,200000,theoretical_value,0.011999999999999995,synthetic,ALL,not_applicable,not_applicable
EXP-01,SYNTHETIC EXPERIMENT,1747,full,664a150484ed2af3,efd4df14d055430f,"{""alpha_a"": 0.4, ""alpha_b"": 0.5, ""kappa_a"": 0.32000000000000006, ""kappa_b"": 0.4, ""n_per_group"": 200000.0}",0.4,0.5,0.32000000000000006,0.4,200000,theoretical_value,0.02399999999999999,synthetic,ALL,not_applicable,not_applicable
EXP-01,SYNTHETIC EXPERIMENT,1747,full,664a150484ed2af3,63f7ebf65d44ba8e,"{""alpha_a"": 0.4, ""alpha_b"": 0.55, ""kappa_a"": 0.32000000000000006, ""kappa_b"": 0.44000000000000006, ""n_per_group"": 200000.0}",0.4,0.55,0.32000000000000006,0.44000000000000006,200000,theoretical_value,0.036000000000000004,synthetic,ALL,not_applicable,not_applicable
EXP-01,SYNTHETIC EXPERIMENT,1747,full,664a150484ed2af3,1cc1ca6e183f8a2b,"{""alpha_a"": 0.4, ""alpha_b"": 0.6, ""kappa_a"": 0.32000000000000006, ""kappa_b"": 0.48, ""n_per_group"": 200000.0}",0.4,0.6,0.32000000000000006,0.48,200000,theoretical_value,0.04799999999999998,synthetic,ALL,not_applicable,not_applicable
EXP-01,SYNTHETIC EXPERIMENT,1747,full,664a150484ed2af3,cfb71de8aed2d04d,"{""alpha_a"": 0.4, ""alpha_b"": 0.65, ""kappa_a"": 0.32000000000000006, ""kappa_b"": 0.52, ""n_per_group"": 200000.0}",0.4,0.65,0.32000000000000006,0.52,200000,theoretical_value,0.06,synthetic,ALL,not_applicable,not_applicable
EXP-01,SYNTHETIC EXPERIMENT,1747,full,664a150484ed2af3,e7abb5db68be3d5d,"{""alpha_a"": 0.4, ""alpha_b"": 0.7, ""kappa_a"": 0.32000000000000006, ""kappa_b"": 0.5599999999999999, ""n_per_group"": 200000.0}",0.4,0.7,0.32000000000000006,0.5599999999999999,200000,theoretical_value,0.07199999999999998,synthetic,ALL,not_applicable,not_applicable
EXP-01,SYNTHETIC EXPERIMENT,1747,full,664a150484ed2af3,103b3c3f95fd79de,"{""alpha_a"": 0.4, ""alpha_b"": 0.75, ""kappa_a"": 0.32000000000000006, ""kappa_b"": 0.6000000000000001, ""n_per_group"": 200000.0}",0.4,0.75,0.32000000000000006,0.6000000000000001,200000,theoretical_value,0.08400000000000002,synthetic,ALL,not_applicable,not_applicable
EXP-01,SYNTHETIC EXPERIMENT,1747,full,664a150484ed2af3,fa9dc58ce3a3d192,"{""alpha_a"": 0.4, ""alpha_b"": 0.8, ""kappa_a"": 0.32000000000000006, ""kappa_b"": 0.6400000000000001, ""n_per_group"": 200000.0}",0.4,0.8,0.32000000000000006,0.6400000000000001,200000,theoretical_value,0.09600000000000003,synthetic,ALL,not_applicable,not_applicable
EXP-01,SYNTHETIC EXPERIMENT,1747,full,664a150484ed2af3,09bba40ea7955ff9,"{""alpha_a"": 0.4, ""alpha_b"": 0.85, ""kappa_a"": 0.32000000000000006, ""kappa_b"": 0.68, ""n_per_group"": 200000.0}",0.4,0.85,0.32000000000000006,0.68,200000,theoretical_value,0.10800000000000001,synthetic,ALL,not_applicable,not_applicable
EXP-01,SYNTHETIC EXPERIMENT,1747,full,664a150484ed2af3,b4b59d4a4736894e,"{""alpha_a"": 0.4, ""alpha_b"": 0.9, ""kappa_a"": 0.32000000000000006, ""kappa_b"": 0.7200000000000001, ""n_per_group"": 200000.0}",0.4,0.9,0.32000000000000006,0.7200000000000001,200000,theoretical_value,0.12000000000000002,synthetic,ALL,not_applicable,not_applicable
EXP-01,SYNTHETIC EXPERIMENT,1747,full,664a150484ed2af3,e8ae8ee79c12ce05,"{""alpha_a"": 0.4, ""alpha_b"": 0.95, ""kappa_a"": 0.32000000000000006, ""kappa_b"": 0.76, ""n_per_group"": 200000.0}",0.4,0.95,0.32000000000000006,0.76,200000,theoretical_value,0.132,synthetic,ALL,not_applicable,not_applicable
EXP-01,SYNTHETIC EXPERIMENT,1747,full,664a150484ed2af3,fdd731c5034f3760,"{""alpha_a"": 0.4, ""alpha_b"": 1.0, ""kappa_a"": 0.32000000000000006, ""kappa_b"": 0.8, ""n_per_group"": 200000.0}",0.4,1.0,0.32000000000000006,0.8,200000,theoretical_value,0.14400000000000002,synthetic,ALL,not_applicable,not_applicable
EXP-01,SYNTHETIC EXPERIMENT,1747,full,664a150484ed2af3,3bc2c22b7e765bc4,"{""alpha_a"": 0.45, ""alpha_b"": 0.0, ""kappa_a"": 0.36000000000000004, ""kappa_b"": 0.0, ""n_per_group"": 200000.0}",0.45,0.0,0.36000000000000004,0.0,200000,theoretical_value,0.10800000000000003,synthetic,ALL,not_applicable,not_applicable
EXP-01,SYNTHETIC EXPERIMENT,1747,full,664a150484ed2af3,c1c326a6a3dca213,"{""alpha_a"": 0.45, ""alpha_b"": 0.05, ""kappa_a"": 0.36000000000000004, ""kappa_b"": 0.04000000000000001, ""n_per_group"": 200000.0}",0.45,0.05,0.36000000000000004,0.04000000000000001,200000,theoretical_value,0.09600000000000003,synthetic,ALL,not_applicable,not_applicable
EXP-01,SYNTHETIC EXPERIMENT,1747,full,664a150484ed2af3,347d0774540d85da,"{""alpha_a"": 0.45, ""alpha_b"": 0.1, ""kappa_a"": 0.36000000000000004, ""kappa_b"": 0.08000000000000002, ""n_per_group"": 200000.0}",0.45,0.1,0.36000000000000004,0.08000000000000002,200000,theoretical_value,0.08400000000000002,synthetic,ALL,not_applicable,not_applicable
EXP-01,SYNTHETIC EXPERIMENT,1747,full,664a150484ed2af3,2016120a8fc63390,"{""alpha_a"": 0.45, ""alpha_b"": 0.15, ""kappa_a"": 0.36000000000000004, ""kappa_b"": 0.12, ""n_per_group"": 200000.0}",0.45,0.15,0.36000000000000004,0.12,200000,theoretical_value,0.07200000000000002,synthetic,ALL,not_applicable,not_applicable
EXP-01,SYNTHETIC EXPERIMENT,1747,full,664a150484ed2af3,1b652a39b9738507,"{""alpha_a"": 0.45, ""alpha_b"": 0.2, ""kappa_a"": 0.36000000000000004, ""kappa_b"": 0.16000000000000003, ""n_per_group"": 200000.0}",0.45,0.2,0.36000000000000004,0.16000000000000003,200000,theoretical_value,0.06000000000000001,synthetic,ALL,not_applicable,not_applicable
EXP-01,SYNTHETIC EXPERIMENT,1747,full,664a150484ed2af3,dc259b734594bede,"{""alpha_a"": 0.45, ""alpha_b"": 0.25, ""kappa_a"": 0.36000000000000004, ""kappa_b"": 0.2, ""n_per_group"": 200000.0}",0.45,0.25,0.36000000000000004,0.2,200000,theoretical_value,0.048000000000000015,synthetic,ALL,not_applicable,not_applicable
EXP-01,SYNTHETIC EXPERIMENT,1747,full,664a150484ed2af3,bce5e46cd91d2816,"{""alpha_a"": 0.45, ""alpha_b"": 0.3, ""kappa_a"": 0.36000000000000004, ""kappa_b"": 0.24, ""n_per_group"": 200000.0}",0.45,0.3,0.36000000000000004,0.24,200000,theoretical_value,0.03600000000000002,synthetic,ALL,not_applicable,not_applicable
EXP-01,SYNTHETIC EXPERIMENT,1747,full,664a150484ed2af3,91722f0d6b9ef0a3,"{""alpha_a"": 0.45, ""alpha_b"": 0.35, ""kappa_a"": 0.36000000000000004, ""kappa_b"": 0.27999999999999997, ""n_per_group"": 200000.0}",0.45,0.35,0.36000000000000004,0.27999999999999997,200000,theoretical_value,0.024000000000000025,synthetic,ALL,not_applicable,not_applicable
EXP-01,SYNTHETIC EXPERIMENT,1747,full,664a150484ed2af3,6d6fab7de068f0b7,"{""alpha_a"": 0.45, ""alpha_b"": 0.4, ""kappa_a"": 0.36000000000000004, ""kappa_b"": 0.32000000000000006, ""n_per_group"": 200000.0}",0.45,0.4,0.36000000000000004,0.32000000000000006,200000,theoretical_value,0.011999999999999995,synthetic,ALL,not_applicable,not_applicable
EXP-01,SYNTHETIC EXPERIMENT,1747,full,664a150484ed2af3,fe2e18d354fc4b93,"{""alpha_a"": 0.45, ""alpha_b"": 0.45, ""kappa_a"": 0.36000000000000004, ""kappa_b"": 0.36000000000000004, ""n_per_group"": 200000.0}",0.45,0.45,0.36000000000000004,0.36000000000000004,200000,theoretical_value,0.0,synthetic,ALL,not_applicable,not_applicable
EXP-01,SYNTHETIC EXPERIMENT,1747,full,664a150484ed2af3,c9687dad408ba59b,"{""alpha_a"": 0.45, ""alpha_b"": 0.5, ""kappa_a"": 0.36000000000000004, ""kappa_b"": 0.4, ""n_per_group"": 200000.0}",0.45,0.5,0.36000000000000004,0.4,200000,theoretical_value,0.011999999999999995,synthetic,ALL,not_applicable,not_applicable
EXP-01,SYNTHETIC EXPERIMENT,1747,full,664a150484ed2af3,46144f8fc8706c6a,"{""alpha_a"": 0.45, ""alpha_b"": 0.55, ""kappa_a"": 0.36000000000000004, ""kappa_b"": 0.44000000000000006, ""n_per_group"": 200000.0}",0.45,0.55,0.36000000000000004,0.44000000000000006,200000,theoretical_value,0.024000000000000007,synthetic,ALL,not_applicable,not_applicable
EXP-01,SYNTHETIC EXPERIMENT,1747,full,664a150484ed2af3,20e042f8fd00acde,"{""alpha_a"": 0.45, ""alpha_b"": 0.6, ""kappa_a"": 0.36000000000000004, ""kappa_b"": 0.48, ""n_per_group"": 200000.0}",0.45,0.6,0.36000000000000004,0.48,200000,theoretical_value,0.03599999999999999,synthetic,ALL,not_applicable,not_applicable
EXP-01,SYNTHETIC EXPERIMENT,1747,full,664a150484ed2af3,930255b761934dae,"{""alpha_a"": 0.45, ""alpha_b"": 0.65, ""kappa_a"": 0.36000000000000004, ""kappa_b"": 0.52, ""n_per_group"": 200000.0}",0.45,0.65,0.36000000000000004,0.52,200000,theoretical_value,0.048,synthetic,ALL,not_applicable,not_applicable
EXP-01,SYNTHETIC EXPERIMENT,1747,full,664a150484ed2af3,1d7c482c26022f4e,"{""alpha_a"": 0.45, ""alpha_b"": 0.7, ""kappa_a"": 0.36000000000000004, ""kappa_b"": 0.5599999999999999, ""n_per_group"": 200000.0}",0.45,0.7,0.36000000000000004,0.5599999999999999,200000,theoretical_value,0.05999999999999998,synthetic,ALL,not_applicable,not_applicable
EXP-01,SYNTHETIC EXPERIMENT,1747,full,664a150484ed2af3,2ce6124126bd3e85,"{""alpha_a"": 0.45, ""alpha_b"": 0.75, ""kappa_a"": 0.36000000000000004, ""kappa_b"": 0.6000000000000001, ""n_per_group"": 200000.0}",0.45,0.75,0.36000000000000004,0.6000000000000001,200000,theoretical_value,0.07200000000000002,synthetic,ALL,not_applicable,not_applicable
EXP-01,SYNTHETIC EXPERIMENT,1747,full,664a150484ed2af3,dcc3fc77ff3c93cc,"{""alpha_a"": 0.45, ""alpha_b"": 0.8, ""kappa_a"": 0.36000000000000004, ""kappa_b"": 0.6400000000000001, ""n_per_group"": 200000.0}",0.45,0.8,0.36000000000000004,0.6400000000000001,200000,theoretical_value,0.08400000000000003,synthetic,ALL,not_applicable,not_applicable
EXP-01,SYNTHETIC EXPERIMENT,1747,full,664a150484ed2af3,32b6f44fbb5ee4e9,"{""alpha_a"": 0.45, ""alpha_b"": 0.85, ""kappa_a"": 0.36000000000000004, ""kappa_b"": 0.68, ""n_per_group"": 200000.0}",0.45,0.85,0.36000000000000004,0.68,200000,theoretical_value,0.09600000000000002,synthetic,ALL,not_applicable,not_applicable
EXP-01,SYNTHETIC EXPERIMENT,1747,full,664a150484ed2af3,937dbef27968b658,"{""alpha_a"": 0.45, ""alpha_b"": 0.9, ""kappa_a"": 0.36000000000000004, ""kappa_b"": 0.7200000000000001, ""n_per_group"": 200000.0}",0.45,0.9,0.36000000000000004,0.7200000000000001,200000,theoretical_value,0.10800000000000003,synthetic,ALL,not_applicable,not_applicable
EXP-01,SYNTHETIC EXPERIMENT,1747,full,664a150484ed2af3,2db1985a44078181,"{""alpha_a"": 0.45, ""alpha_b"": 0.95, ""kappa_a"": 0.36000000000000004, ""kappa_b"": 0.76, ""n_per_group"": 200000.0}",0.45,0.95,0.36000000000000004,0.76,200000,theoretical_value,0.12000000000000001,synthetic,ALL,not_applicable,not_applicable
EXP-01,SYNTHETIC EXPERIMENT,1747,full,664a150484ed2af3,e462c422d18f96c1,"{""alpha_a"": 0.45, ""alpha_b"": 1.0, ""kappa_a"": 0.36000000000000004, ""kappa_b"": 0.8, ""n_per_group"": 200000.0}",0.45,1.0,0.36000000000000004,0.8,200000,theoretical_value,0.13200000000000003,synthetic,ALL,not_applicable,not_applicable
EXP-01,SYNTHETIC EXPERIMENT,1747,full,664a150484ed2af3,2317e2da2e740d7a,"{""alpha_a"": 0.5, ""alpha_b"": 0.0, ""kappa_a"": 0.4, ""kappa_b"": 0.0, ""n_per_group"": 200000.0}",0.5,0.0,0.4,0.0,200000,theoretical_value,0.12000000000000002,synthetic,ALL,not_applicable,not_applicable
EXP-01,SYNTHETIC EXPERIMENT,1747,full,664a150484ed2af3,5f880bbc3524c602,"{""alpha_a"": 0.5, ""alpha_b"": 0.05, ""kappa_a"": 0.4, ""kappa_b"": 0.04000000000000001, ""n_per_group"": 200000.0}",0.5,0.05,0.4,0.04000000000000001,200000,theoretical_value,0.10800000000000001,synthetic,ALL,not_applicable,not_applicable
EXP-01,SYNTHETIC EXPERIMENT,1747,full,664a150484ed2af3,cbee727bbee8b172,"{""alpha_a"": 0.5, ""alpha_b"": 0.1, ""kappa_a"": 0.4, ""kappa_b"": 0.08000000000000002, ""n_per_group"": 200000.0}",0.5,0.1,0.4,0.08000000000000002,200000,theoretical_value,0.09600000000000002,synthetic,ALL,not_applicable,not_applicable
EXP-01,SYNTHETIC EXPERIMENT,1747,full,664a150484ed2af3,c549ed94dc85c072,"{""alpha_a"": 0.5, ""alpha_b"": 0.15, ""kappa_a"": 0.4, ""kappa_b"": 0.12, ""n_per_group"": 200000.0}",0.5,0.15,0.4,0.12,200000,theoretical_value,0.08400000000000002,synthetic,ALL,not_applicable,not_applicable
EXP-01,SYNTHETIC EXPERIMENT,1747,full,664a150484ed2af3,e5c7966f86ab0d99,"{""alpha_a"": 0.5, ""alpha_b"": 0.2, ""kappa_a"": 0.4, ""kappa_b"": 0.16000000000000003, ""n_per_group"": 200000.0}",0.5,0.2,0.4,0.16000000000000003,200000,theoretical_value,0.07200000000000001,synthetic,ALL,not_applicable,not_applicable
EXP-01,SYNTHETIC EXPERIMENT,1747,full,664a150484ed2af3,51b1b4f5c30b1713,"{""alpha_a"": 0.5, ""alpha_b"": 0.25, ""kappa_a"": 0.4, ""kappa_b"": 0.2, ""n_per_group"": 200000.0}",0.5,0.25,0.4,0.2,200000,theoretical_value,0.06000000000000001,synthetic,ALL,not_applicable,not_applicable
EXP-01,SYNTHETIC EXPERIMENT,1747,full,664a150484ed2af3,72fe656b641cc483,"{""alpha_a"": 0.5, ""alpha_b"": 0.3, ""kappa_a"": 0.4, ""kappa_b"": 0.24, ""n_per_group"": 200000.0}",0.5,0.3,0.4,0.24,200000,theoretical_value,0.048000000000000015,synthetic,ALL,not_applicable,not_applicable
EXP-01,SYNTHETIC EXPERIMENT,1747,full,664a150484ed2af3,af622726dbd9c3ec,"{""alpha_a"": 0.5, ""alpha_b"": 0.35, ""kappa_a"": 0.4, ""kappa_b"": 0.27999999999999997, ""n_per_group"": 200000.0}",0.5,0.35,0.4,0.27999999999999997,200000,theoretical_value,0.03600000000000002,synthetic,ALL,not_applicable,not_applicable
EXP-01,SYNTHETIC EXPERIMENT,1747,full,664a150484ed2af3,a8d1656ae2edbe4f,"{""alpha_a"": 0.5, ""alpha_b"": 0.4, ""kappa_a"": 0.4, ""kappa_b"": 0.32000000000000006, ""n_per_group"": 200000.0}",0.5,0.4,0.4,0.32000000000000006,200000,theoretical_value,0.02399999999999999,synthetic,ALL,not_applicable,not_applicable
EXP-01,SYNTHETIC EXPERIMENT,1747,full,664a150484ed2af3,3392003f79f25b89,"{""alpha_a"": 0.5, ""alpha_b"": 0.45, ""kappa_a"": 0.4, ""kappa_b"": 0.36000000000000004, ""n_per_group"": 200000.0}",0.5,0.45,0.4,0.36000000000000004,200000,theoretical_value,0.011999999999999995,synthetic,ALL,not_applicable,not_applicable
EXP-01,SYNTHETIC EXPERIMENT,1747,full,664a150484ed2af3,6beae1245aca91e7,"{""alpha_a"": 0.5, ""alpha_b"": 0.5, ""kappa_a"": 0.4, ""kappa_b"": 0.4, ""n_per_group"": 200000.0}",0.5,0.5,0.4,0.4,200000,theoretical_value,0.0,synthetic,ALL,not_applicable,not_applicable
EXP-01,SYNTHETIC EXPERIMENT,1747,full,664a150484ed2af3,e09e5da7081a7b00,"{""alpha_a"": 0.5, ""alpha_b"": 0.55, ""kappa_a"": 0.4, ""kappa_b"": 0.44000000000000006, ""n_per_group"": 200000.0}",0.5,0.55,0.4,0.44000000000000006,200000,theoretical_value,0.012000000000000012,synthetic,ALL,not_applicable,not_applicable
EXP-01,SYNTHETIC EXPERIMENT,1747,full,664a150484ed2af3,1062d55c00574d05,"{""alpha_a"": 0.5, ""alpha_b"": 0.6, ""kappa_a"": 0.4, ""kappa_b"": 0.48, ""n_per_group"": 200000.0}",0.5,0.6,0.4,0.48,200000,theoretical_value,0.02399999999999999,synthetic,ALL,not_applicable,not_applicable
EXP-01,SYNTHETIC EXPERIMENT,1747,full,664a150484ed2af3,d98db135ea8d5701,"{""alpha_a"": 0.5, ""alpha_b"": 0.65, ""kappa_a"": 0.4, ""kappa_b"": 0.52, ""n_per_group"": 200000.0}",0.5,0.65,0.4,0.52,200000,theoretical_value,0.036000000000000004,synthetic,ALL,not_applicable,not_applicable
EXP-01,SYNTHETIC EXPERIMENT,1747,full,664a150484ed2af3,3daace0638f99e2f,"{""alpha_a"": 0.5, ""alpha_b"": 0.7, ""kappa_a"": 0.4, ""kappa_b"": 0.5599999999999999, ""n_per_group"": 200000.0}",0.5,0.7,0.4,0.5599999999999999,200000,theoretical_value,0.04799999999999998,synthetic,ALL,not_applicable,not_applicable
EXP-01,SYNTHETIC EXPERIMENT,1747,full,664a150484ed2af3,a5041d65159fb462,"{""alpha_a"": 0.5, ""alpha_b"": 0.75, ""kappa_a"": 0.4, ""kappa_b"": 0.6000000000000001, ""n_per_group"": 200000.0}",0.5,0.75,0.4,0.6000000000000001,200000,theoretical_value,0.060000000000000026,synthetic,ALL,not_applicable,not_applicable
EXP-01,SYNTHETIC EXPERIMENT,1747,full,664a150484ed2af3,ce083d1501305d1c,"{""alpha_a"": 0.5, ""alpha_b"": 0.8, ""kappa_a"": 0.4, ""kappa_b"": 0.6400000000000001, ""n_per_group"": 200000.0}",0.5,0.8,0.4,0.6400000000000001,200000,theoretical_value,0.07200000000000004,synthetic,ALL,not_applicable,not_applicable
EXP-01,SYNTHETIC EXPERIMENT,1747,full,664a150484ed2af3,6b66bbcc88daace4,"{""alpha_a"": 0.5, ""alpha_b"": 0.85, ""kappa_a"": 0.4, ""kappa_b"": 0.68, ""n_per_group"": 200000.0}",0.5,0.85,0.4,0.68,200000,theoretical_value,0.08400000000000002,synthetic,ALL,not_applicable,not_applicable
EXP-01,SYNTHETIC EXPERIMENT,1747,full,664a150484ed2af3,74f5aa3687c13f75,"{""alpha_a"": 0.5, ""alpha_b"": 0.9, ""kappa_a"": 0.4, ""kappa_b"": 0.7200000000000001, ""n_per_group"": 200000.0}",0.5,0.9,0.4,0.7200000000000001,200000,theoretical_value,0.09600000000000003,synthetic,ALL,not_applicable,not_applicable
EXP-01,SYNTHETIC EXPERIMENT,1747,full,664a150484ed2af3,32688959679582cb,"{""alpha_a"": 0.5, ""alpha_b"": 0.95, ""kappa_a"": 0.4, ""kappa_b"": 0.76, ""n_per_group"": 200000.0}",0.5,0.95,0.4,0.76,200000,theoretical_value,0.10800000000000001,synthetic,ALL,not_applicable,not_applicable
EXP-01,SYNTHETIC EXPERIMENT,1747,full,664a150484ed2af3,32c63b25e253f30f,"{""alpha_a"": 0.5, ""alpha_b"": 1.0, ""kappa_a"": 0.4, ""kappa_b"": 0.8, ""n_per_group"": 200000.0}",0.5,1.0,0.4,0.8,200000,theoretical_value,0.12000000000000002,synthetic,ALL,not_applicable,not_applicable
EXP-01,SYNTHETIC EXPERIMENT,1747,full,664a150484ed2af3,98adb6a0ac9f9b3d,"{""alpha_a"": 0.55, ""alpha_b"": 0.0, ""kappa_a"": 0.44000000000000006, ""kappa_b"": 0.0, ""n_per_group"": 200000.0}",0.55,0.0,0.44000000000000006,0.0,200000,theoretical_value,0.13200000000000003,synthetic,ALL,not_applicable,not_applicable
EXP-01,SYNTHETIC EXPERIMENT,1747,full,664a150484ed2af3,78a5de4ade8b5736,"{""alpha_a"": 0.55, ""alpha_b"": 0.05, ""kappa_a"": 0.44000000000000006, ""kappa_b"": 0.04000000000000001, ""n_per_group"": 200000.0}",0.55,0.05,0.44000000000000006,0.04000000000000001,200000,theoretical_value,0.12000000000000002,synthetic,ALL,not_applicable,not_applicable
EXP-01,SYNTHETIC EXPERIMENT,1747,full,664a150484ed2af3,4845ede7694bed0b,"{""alpha_a"": 0.55, ""alpha_b"": 0.1, ""kappa_a"": 0.44000000000000006, ""kappa_b"": 0.08000000000000002, ""n_per_group"": 200000.0}",0.55,0.1,0.44000000000000006,0.08000000000000002,200000,theoretical_value,0.10800000000000003,synthetic,ALL,not_applicable,not_applicable
EXP-01,SYNTHETIC EXPERIMENT,1747,full,664a150484ed2af3,d561748042cedcef,"{""alpha_a"": 0.55, ""alpha_b"": 0.15, ""kappa_a"": 0.44000000000000006, ""kappa_b"": 0.12, ""n_per_group"": 200000.0}",0.55,0.15,0.44000000000000006,0.12,200000,theoretical_value,0.09600000000000003,synthetic,ALL,not_applicable,not_applicable
EXP-01,SYNTHETIC EXPERIMENT,1747,full,664a150484ed2af3,8751ce8981d1ab37,"{""alpha_a"": 0.55, ""alpha_b"": 0.2, ""kappa_a"": 0.44000000000000006, ""kappa_b"": 0.16000000000000003, ""n_per_group"": 200000.0}",0.55,0.2,0.44000000000000006,0.16000000000000003,200000,theoretical_value,0.08400000000000002,synthetic,ALL,not_applicable,not_applicable
EXP-01,SYNTHETIC EXPERIMENT,1747,full,664a150484ed2af3,12dfd3a079d67fa3,"{""alpha_a"": 0.55, ""alpha_b"": 0.25, ""kappa_a"": 0.44000000000000006, ""kappa_b"": 0.2, ""n_per_group"": 200000.0}",0.55,0.25,0.44000000000000006,0.2,200000,theoretical_value,0.07200000000000002,synthetic,ALL,not_applicable,not_applicable
EXP-01,SYNTHETIC EXPERIMENT,1747,full,664a150484ed2af3,e4d4837ff7754ea2,"{""alpha_a"": 0.55, ""alpha_b"": 0.3, ""kappa_a"": 0.44000000000000006, ""kappa_b"": 0.24, ""n_per_group"": 200000.0}",0.55,0.3,0.44000000000000006,0.24,200000,theoretical_value,0.060000000000000026,synthetic,ALL,not_applicable,not_applicable
EXP-01,SYNTHETIC EXPERIMENT,1747,full,664a150484ed2af3,8aac5e321030839e,"{""alpha_a"": 0.55, ""alpha_b"": 0.35, ""kappa_a"": 0.44000000000000006, ""kappa_b"": 0.27999999999999997, ""n_per_group"": 200000.0}",0.55,0.35,0.44000000000000006,0.27999999999999997,200000,theoretical_value,0.048000000000000036,synthetic,ALL,not_applicable,not_applicable
EXP-01,SYNTHETIC EXPERIMENT,1747,full,664a150484ed2af3,a6e0dabdc5c1de0a,"{""alpha_a"": 0.55, ""alpha_b"": 0.4, ""kappa_a"": 0.44000000000000006, ""kappa_b"": 0.32000000000000006, ""n_per_group"": 200000.0}",0.55,0.4,0.44000000000000006,0.32000000000000006,200000,theoretical_value,0.036000000000000004,synthetic,ALL,not_applicable,not_applicable
EXP-01,SYNTHETIC EXPERIMENT,1747,full,664a150484ed2af3,6b9cb14935daa48e,"{""alpha_a"": 0.55, ""alpha_b"": 0.45, ""kappa_a"": 0.44000000000000006, ""kappa_b"": 0.36000000000000004, ""n_per_group"": 200000.0}",0.55,0.45,0.44000000000000006,0.36000000000000004,200000,theoretical_value,0.024000000000000007,synthetic,ALL,not_applicable,not_applicable
EXP-01,SYNTHETIC EXPERIMENT,1747,full,664a150484ed2af3,d23e16099cb9ffe6,"{""alpha_a"": 0.55, ""alpha_b"": 0.5, ""kappa_a"": 0.44000000000000006, ""kappa_b"": 0.4, ""n_per_group"": 200000.0}",0.55,0.5,0.44000000000000006,0.4,200000,theoretical_value,0.012000000000000012,synthetic,ALL,not_applicable,not_applicable
EXP-01,SYNTHETIC EXPERIMENT,1747,full,664a150484ed2af3,5d08b2ce05bfb185,"{""alpha_a"": 0.55, ""alpha_b"": 0.55, ""kappa_a"": 0.44000000000000006, ""kappa_b"": 0.44000000000000006, ""n_per_group"": 200000.0}",0.55,0.55,0.44000000000000006,0.44000000000000006,200000,theoretical_value,0.0,synthetic,ALL,not_applicable,not_applicable
EXP-01,SYNTHETIC EXPERIMENT,1747,full,664a150484ed2af3,91194d1ea7ca542b,"{""alpha_a"": 0.55, ""alpha_b"": 0.6, ""kappa_a"": 0.44000000000000006, ""kappa_b"": 0.48, ""n_per_group"": 200000.0}",0.55,0.6,0.44000000000000006,0.48,200000,theoretical_value,0.01199999999999998,synthetic,ALL,not_applicable,not_applicable
EXP-01,SYNTHETIC EXPERIMENT,1747,full,664a150484ed2af3,c8c2017e28a9d555,"{""alpha_a"": 0.55, ""alpha_b"": 0.65, ""kappa_a"": 0.44000000000000006, ""kappa_b"": 0.52, ""n_per_group"": 200000.0}",0.55,0.65,0.44000000000000006,0.52,200000,theoretical_value,0.02399999999999999,synthetic,ALL,not_applicable,not_applicable
EXP-01,SYNTHETIC EXPERIMENT,1747,full,664a150484ed2af3,23418fc93e09469c,"{""alpha_a"": 0.55, ""alpha_b"": 0.7, ""kappa_a"": 0.44000000000000006, ""kappa_b"": 0.5599999999999999, ""n_per_group"": 200000.0}",0.55,0.7,0.44000000000000006,0.5599999999999999,200000,theoretical_value,0.03599999999999997,synthetic,ALL,not_applicable,not_applicable
EXP-01,SYNTHETIC EXPERIMENT,1747,full,664a150484ed2af3,bd14f0b165623491,"{""alpha_a"": 0.55, ""alpha_b"": 0.75, ""kappa_a"": 0.44000000000000006, ""kappa_b"": 0.6000000000000001, ""n_per_group"": 200000.0}",0.55,0.75,0.44000000000000006,0.6000000000000001,200000,theoretical_value,0.048000000000000015,synthetic,ALL,not_applicable,not_applicable
EXP-01,SYNTHETIC EXPERIMENT,1747,full,664a150484ed2af3,b88630dd87f69369,"{""alpha_a"": 0.55, ""alpha_b"": 0.8, ""kappa_a"": 0.44000000000000006, ""kappa_b"": 0.6400000000000001, ""n_per_group"": 200000.0}",0.55,0.8,0.44000000000000006,0.6400000000000001,200000,theoretical_value,0.060000000000000026,synthetic,ALL,not_applicable,not_applicable
EXP-01,SYNTHETIC EXPERIMENT,1747,full,664a150484ed2af3,6c2ec5e5c4c4d043,"{""alpha_a"": 0.55, ""alpha_b"": 0.85, ""kappa_a"": 0.44000000000000006, ""kappa_b"": 0.68, ""n_per_group"": 200000.0}",0.55,0.85,0.44000000000000006,0.68,200000,theoretical_value,0.07200000000000001,synthetic,ALL,not_applicable,not_applicable
EXP-01,SYNTHETIC EXPERIMENT,1747,full,664a150484ed2af3,b34d2bbf74338187,"{""alpha_a"": 0.55, ""alpha_b"": 0.9, ""kappa_a"": 0.44000000000000006, ""kappa_b"": 0.7200000000000001, ""n_per_group"": 200000.0}",0.55,0.9,0.44000000000000006,0.7200000000000001,200000,theoretical_value,0.08400000000000002,synthetic,ALL,not_applicable,not_applicable
EXP-01,SYNTHETIC EXPERIMENT,1747,full,664a150484ed2af3,1a35cdd70a8fdb97,"{""alpha_a"": 0.55, ""alpha_b"": 0.95, ""kappa_a"": 0.44000000000000006, ""kappa_b"": 0.76, ""n_per_group"": 200000.0}",0.55,0.95,0.44000000000000006,0.76,200000,theoretical_value,0.096,synthetic,ALL,not_applicable,not_applicable
EXP-01,SYNTHETIC EXPERIMENT,1747,full,664a150484ed2af3,e5add7c7d801a5ae,"{""alpha_a"": 0.55, ""alpha_b"": 1.0, ""kappa_a"": 0.44000000000000006, ""kappa_b"": 0.8, ""n_per_group"": 200000.0}",0.55,1.0,0.44000000000000006,0.8,200000,theoretical_value,0.10800000000000001,synthetic,ALL,not_applicable,not_applicable
EXP-01,SYNTHETIC EXPERIMENT,1747,full,664a150484ed2af3,50221bd8f402343b,"{""alpha_a"": 0.6, ""alpha_b"": 0.0, ""kappa_a"": 0.48, ""kappa_b"": 0.0, ""n_per_group"": 200000.0}",0.6,0.0,0.48,0.0,200000,theoretical_value,0.14400000000000002,synthetic,ALL,not_applicable,not_applicable
EXP-01,SYNTHETIC EXPERIMENT,1747,full,664a150484ed2af3,651eb2352d5e0ecd,"{""alpha_a"": 0.6, ""alpha_b"": 0.05, ""kappa_a"": 0.48, ""kappa_b"": 0.04000000000000001, ""n_per_group"": 200000.0}",0.6,0.05,0.48,0.04000000000000001,200000,theoretical_value,0.132,synthetic,ALL,not_applicable,not_applicable
EXP-01,SYNTHETIC EXPERIMENT,1747,full,664a150484ed2af3,163d8f9d1b8bfe8d,"{""alpha_a"": 0.6, ""alpha_b"": 0.1, ""kappa_a"": 0.48, ""kappa_b"": 0.08000000000000002, ""n_per_group"": 200000.0}",0.6,0.1,0.48,0.08000000000000002,200000,theoretical_value,0.12000000000000001,synthetic,ALL,not_applicable,not_applicable
EXP-01,SYNTHETIC EXPERIMENT,1747,full,664a150484ed2af3,e05d8a686a8954e9,"{""alpha_a"": 0.6, ""alpha_b"": 0.15, ""kappa_a"": 0.48, ""kappa_b"": 0.12, ""n_per_group"": 200000.0}",0.6,0.15,0.48,0.12,200000,theoretical_value,0.10800000000000001,synthetic,ALL,not_applicable,not_applicable
EXP-01,SYNTHETIC EXPERIMENT,1747,full,664a150484ed2af3,43d92043ecd69631,"{""alpha_a"": 0.6, ""alpha_b"": 0.2, ""kappa_a"": 0.48, ""kappa_b"": 0.16000000000000003, ""n_per_group"": 200000.0}",0.6,0.2,0.48,0.16000000000000003,200000,theoretical_value,0.096,synthetic,ALL,not_applicable,not_applicable
EXP-01,SYNTHETIC EXPERIMENT,1747,full,664a150484ed2af3,65f53042fd482273,"{""alpha_a"": 0.6, ""alpha_b"": 0.25, ""kappa_a"": 0.48, ""kappa_b"": 0.2, ""n_per_group"": 200000.0}",0.6,0.25,0.48,0.2,200000,theoretical_value,0.084,synthetic,ALL,not_applicable,not_applicable
EXP-01,SYNTHETIC EXPERIMENT,1747,full,664a150484ed2af3,cc544c0e221b5ff2,"{""alpha_a"": 0.6, ""alpha_b"": 0.3, ""kappa_a"": 0.48, ""kappa_b"": 0.24, ""n_per_group"": 200000.0}",0.6,0.3,0.48,0.24,200000,theoretical_value,0.07200000000000001,synthetic,ALL,not_applicable,not_applicable
EXP-01,SYNTHETIC EXPERIMENT,1747,full,664a150484ed2af3,e7aaa3eb9dade217,"{""alpha_a"": 0.6, ""alpha_b"": 0.35, ""kappa_a"": 0.48, ""kappa_b"": 0.27999999999999997, ""n_per_group"": 200000.0}",0.6,0.35,0.48,0.27999999999999997,200000,theoretical_value,0.06000000000000001,synthetic,ALL,not_applicable,not_applicable
EXP-01,SYNTHETIC EXPERIMENT,1747,full,664a150484ed2af3,3ac735935f127d26,"{""alpha_a"": 0.6, ""alpha_b"": 0.4, ""kappa_a"": 0.48, ""kappa_b"": 0.32000000000000006, ""n_per_group"": 200000.0}",0.6,0.4,0.48,0.32000000000000006,200000,theoretical_value,0.04799999999999998,synthetic,ALL,not_applicable,not_applicable
EXP-01,SYNTHETIC EXPERIMENT,1747,full,664a150484ed2af3,bf79925dafbd26b9,"{""alpha_a"": 0.6, ""alpha_b"": 0.45, ""kappa_a"": 0.48, ""kappa_b"": 0.36000000000000004, ""n_per_group"": 200000.0}",0.6,0.45,0.48,0.36000000000000004,200000,theoretical_value,0.03599999999999999,synthetic,ALL,not_applicable,not_applicable
EXP-01,SYNTHETIC EXPERIMENT,1747,full,664a150484ed2af3,2d923d3c491d34fb,"{""alpha_a"": 0.6, ""alpha_b"": 0.5, ""kappa_a"": 0.48, ""kappa_b"": 0.4, ""n_per_group"": 200000.0}",0.6,0.5,0.48,0.4,200000,theoretical_value,0.02399999999999999,synthetic,ALL,not_applicable,not_applicable
EXP-01,SYNTHETIC EXPERIMENT,1747,full,664a150484ed2af3,577fb647f69f629b,"{""alpha_a"": 0.6, ""alpha_b"": 0.55, ""kappa_a"": 0.48, ""kappa_b"": 0.44000000000000006, ""n_per_group"": 200000.0}",0.6,0.55,0.48,0.44000000000000006,200000,theoretical_value,0.01199999999999998,synthetic,ALL,not_applicable,not_applicable
EXP-01,SYNTHETIC EXPERIMENT,1747,full,664a150484ed2af3,780a17c5091409ed,"{""alpha_a"": 0.6, ""alpha_b"": 0.6, ""kappa_a"": 0.48, ""kappa_b"": 0.48, ""n_per_group"": 200000.0}",0.6,0.6,0.48,0.48,200000,theoretical_value,0.0,synthetic,ALL,not_applicable,not_applicable
EXP-01,SYNTHETIC EXPERIMENT,1747,full,664a150484ed2af3,c647f1f7edbb3a38,"{""alpha_a"": 0.6, ""alpha_b"": 0.65, ""kappa_a"": 0.48, ""kappa_b"": 0.52, ""n_per_group"": 200000.0}",0.6,0.65,0.48,0.52,200000,theoretical_value,0.012000000000000012,synthetic,ALL,not_applicable,not_applicable
EXP-01,SYNTHETIC EXPERIMENT,1747,full,664a150484ed2af3,9f999dfd01025484,"{""alpha_a"": 0.6, ""alpha_b"": 0.7, ""kappa_a"": 0.48, ""kappa_b"": 0.5599999999999999, ""n_per_group"": 200000.0}",0.6,0.7,0.48,0.5599999999999999,200000,theoretical_value,0.02399999999999999,synthetic,ALL,not_applicable,not_applicable
EXP-01,SYNTHETIC EXPERIMENT,1747,full,664a150484ed2af3,4a5d7fb971e337ce,"{""alpha_a"": 0.6, ""alpha_b"": 0.75, ""kappa_a"": 0.48, ""kappa_b"": 0.6000000000000001, ""n_per_group"": 200000.0}",0.6,0.75,0.48,0.6000000000000001,200000,theoretical_value,0.03600000000000004,synthetic,ALL,not_applicable,not_applicable
EXP-01,SYNTHETIC EXPERIMENT,1747,full,664a150484ed2af3,a186c70650e1139c,"{""alpha_a"": 0.6, ""alpha_b"": 0.8, ""kappa_a"": 0.48, ""kappa_b"": 0.6400000000000001, ""n_per_group"": 200000.0}",0.6,0.8,0.48,0.6400000000000001,200000,theoretical_value,0.04800000000000005,synthetic,ALL,not_applicable,not_applicable
EXP-01,SYNTHETIC EXPERIMENT,1747,full,664a150484ed2af3,de8705685ae9e61f,"{""alpha_a"": 0.6, ""alpha_b"": 0.85, ""kappa_a"": 0.48, ""kappa_b"": 0.68, ""n_per_group"": 200000.0}",0.6,0.85,0.48,0.68,200000,theoretical_value,0.060000000000000026,synthetic,ALL,not_applicable,not_applicable
EXP-01,SYNTHETIC EXPERIMENT,1747,full,664a150484ed2af3,694c75f683525a03,"{""alpha_a"": 0.6, ""alpha_b"": 0.9, ""kappa_a"": 0.48, ""kappa_b"": 0.7200000000000001, ""n_per_group"": 200000.0}",0.6,0.9,0.48,0.7200000000000001,200000,theoretical_value,0.07200000000000004,synthetic,ALL,not_applicable,not_applicable
EXP-01,SYNTHETIC EXPERIMENT,1747,full,664a150484ed2af3,78c170e48cdb4c3c,"{""alpha_a"": 0.6, ""alpha_b"": 0.95, ""kappa_a"": 0.48, ""kappa_b"": 0.76, ""n_per_group"": 200000.0}",0.6,0.95,0.48,0.76,200000,theoretical_value,0.08400000000000002,synthetic,ALL,not_applicable,not_applicable
EXP-01,SYNTHETIC EXPERIMENT,1747,full,664a150484ed2af3,d50ead690aaf4332,"{""alpha_a"": 0.6, ""alpha_b"": 1.0, ""kappa_a"": 0.48, ""kappa_b"": 0.8, ""n_per_group"": 200000.0}",0.6,1.0,0.48,0.8,200000,theoretical_value,0.09600000000000003,synthetic,ALL,not_applicable,not_applicable
EXP-01,SYNTHETIC EXPERIMENT,1747,full,664a150484ed2af3,8237ac1b2921d88e,"{""alpha_a"": 0.65, ""alpha_b"": 0.0, ""kappa_a"": 0.52, ""kappa_b"": 0.0, ""n_per_group"": 200000.0}",0.65,0.0,0.52,0.0,200000,theoretical_value,0.15600000000000003,synthetic,ALL,not_applicable,not_applicable
EXP-01,SYNTHETIC EXPERIMENT,1747,full,664a150484ed2af3,797d6a7e2cc9844e,"{""alpha_a"": 0.65, ""alpha_b"": 0.05, ""kappa_a"": 0.52, ""kappa_b"": 0.04000000000000001, ""n_per_group"": 200000.0}",0.65,0.05,0.52,0.04000000000000001,200000,theoretical_value,0.14400000000000002,synthetic,ALL,not_applicable,not_applicable
EXP-01,SYNTHETIC EXPERIMENT,1747,full,664a150484ed2af3,0204098df3c3b9e5,"{""alpha_a"": 0.65, ""alpha_b"": 0.1, ""kappa_a"": 0.52, ""kappa_b"": 0.08000000000000002, ""n_per_group"": 200000.0}",0.65,0.1,0.52,0.08000000000000002,200000,theoretical_value,0.13200000000000003,synthetic,ALL,not_applicable,not_applicable
EXP-01,SYNTHETIC EXPERIMENT,1747,full,664a150484ed2af3,d2ea0a9ab848cf49,"{""alpha_a"": 0.65, ""alpha_b"": 0.15, ""kappa_a"": 0.52, ""kappa_b"": 0.12, ""n_per_group"": 200000.0}",0.65,0.15,0.52,0.12,200000,theoretical_value,0.12000000000000002,synthetic,ALL,not_applicable,not_applicable
EXP-01,SYNTHETIC EXPERIMENT,1747,full,664a150484ed2af3,589f1decf964336d,"{""alpha_a"": 0.65, ""alpha_b"": 0.2, ""kappa_a"": 0.52, ""kappa_b"": 0.16000000000000003, ""n_per_group"": 200000.0}",0.65,0.2,0.52,0.16000000000000003,200000,theoretical_value,0.10800000000000001,synthetic,ALL,not_applicable,not_applicable
EXP-01,SYNTHETIC EXPERIMENT,1747,full,664a150484ed2af3,bbbcbbb934f1bd57,"{""alpha_a"": 0.65, ""alpha_b"": 0.25, ""kappa_a"": 0.52, ""kappa_b"": 0.2, ""n_per_group"": 200000.0}",0.65,0.25,0.52,0.2,200000,theoretical_value,0.09600000000000002,synthetic,ALL,not_applicable,not_applicable
EXP-01,SYNTHETIC EXPERIMENT,1747,full,664a150484ed2af3,56231ef03c73dc69,"{""alpha_a"": 0.65, ""alpha_b"": 0.3, ""kappa_a"": 0.52, ""kappa_b"": 0.24, ""n_per_group"": 200000.0}",0.65,0.3,0.52,0.24,200000,theoretical_value,0.08400000000000002,synthetic,ALL,not_applicable,not_applicable
EXP-01,SYNTHETIC EXPERIMENT,1747,full,664a150484ed2af3,d874f9b45c68c078,"{""alpha_a"": 0.65, ""alpha_b"": 0.35, ""kappa_a"": 0.52, ""kappa_b"": 0.27999999999999997, ""n_per_group"": 200000.0}",0.65,0.35,0.52,0.27999999999999997,200000,theoretical_value,0.07200000000000002,synthetic,ALL,not_applicable,not_applicable
EXP-01,SYNTHETIC EXPERIMENT,1747,full,664a150484ed2af3,c2e26c6bf8a9eb55,"{""alpha_a"": 0.65, ""alpha_b"": 0.4, ""kappa_a"": 0.52, ""kappa_b"": 0.32000000000000006, ""n_per_group"": 200000.0}",0.65,0.4,0.52,0.32000000000000006,200000,theoretical_value,0.06,synthetic,ALL,not_applicable,not_applicable
EXP-01,SYNTHETIC EXPERIMENT,1747,full,664a150484ed2af3,52dee04e5176f973,"{""alpha_a"": 0.65, ""alpha_b"": 0.45, ""kappa_a"": 0.52, ""kappa_b"": 0.36000000000000004, ""n_per_group"": 200000.0}",0.65,0.45,0.52,0.36000000000000004,200000,theoretical_value,0.048,synthetic,ALL,not_applicable,not_applicable
EXP-01,SYNTHETIC EXPERIMENT,1747,full,664a150484ed2af3,cb151264c8c41395,"{""alpha_a"": 0.65, ""alpha_b"": 0.5, ""kappa_a"": 0.52, ""kappa_b"": 0.4, ""n_per_group"": 200000.0}",0.65,0.5,0.52,0.4,200000,theoretical_value,0.036000000000000004,synthetic,ALL,not_applicable,not_applicable
EXP-01,SYNTHETIC EXPERIMENT,1747,full,664a150484ed2af3,cb4cc85d75c9f4dc,"{""alpha_a"": 0.65, ""alpha_b"": 0.55, ""kappa_a"": 0.52, ""kappa_b"": 0.44000000000000006, ""n_per_group"": 200000.0}",0.65,0.55,0.52,0.44000000000000006,200000,theoretical_value,0.02399999999999999,synthetic,ALL,not_applicable,not_applicable
EXP-01,SYNTHETIC EXPERIMENT,1747,full,664a150484ed2af3,867631e66e98681d,"{""alpha_a"": 0.65, ""alpha_b"": 0.6, ""kappa_a"": 0.52, ""kappa_b"": 0.48, ""n_per_group"": 200000.0}",0.65,0.6,0.52,0.48,200000,theoretical_value,0.012000000000000012,synthetic,ALL,not_applicable,not_applicable
EXP-01,SYNTHETIC EXPERIMENT,1747,full,664a150484ed2af3,cdde18ec67287c88,"{""alpha_a"": 0.65, ""alpha_b"": 0.65, ""kappa_a"": 0.52, ""kappa_b"": 0.52, ""n_per_group"": 200000.0}",0.65,0.65,0.52,0.52,200000,theoretical_value,0.0,synthetic,ALL,not_applicable,not_applicable
EXP-01,SYNTHETIC EXPERIMENT,1747,full,664a150484ed2af3,8db4e03766b93699,"{""alpha_a"": 0.65, ""alpha_b"": 0.7, ""kappa_a"": 0.52, ""kappa_b"": 0.5599999999999999, ""n_per_group"": 200000.0}",0.65,0.7,0.52,0.5599999999999999,200000,theoretical_value,0.01199999999999998,synthetic,ALL,not_applicable,not_applicable
EXP-01,SYNTHETIC EXPERIMENT,1747,full,664a150484ed2af3,defa8621e1dae86e,"{""alpha_a"": 0.65, ""alpha_b"": 0.75, ""kappa_a"": 0.52, ""kappa_b"": 0.6000000000000001, ""n_per_group"": 200000.0}",0.65,0.75,0.52,0.6000000000000001,200000,theoretical_value,0.024000000000000025,synthetic,ALL,not_applicable,not_applicable
EXP-01,SYNTHETIC EXPERIMENT,1747,full,664a150484ed2af3,e806bd5df6f97888,"{""alpha_a"": 0.65, ""alpha_b"": 0.8, ""kappa_a"": 0.52, ""kappa_b"": 0.6400000000000001, ""n_per_group"": 200000.0}",0.65,0.8,0.52,0.6400000000000001,200000,theoretical_value,0.03600000000000004,synthetic,ALL,not_applicable,not_applicable
EXP-01,SYNTHETIC EXPERIMENT,1747,full,664a150484ed2af3,0903ae1542382f5e,"{""alpha_a"": 0.65, ""alpha_b"": 0.85, ""kappa_a"": 0.52, ""kappa_b"": 0.68, ""n_per_group"": 200000.0}",0.65,0.85,0.52,0.68,200000,theoretical_value,0.048000000000000015,synthetic,ALL,not_applicable,not_applicable
EXP-01,SYNTHETIC EXPERIMENT,1747,full,664a150484ed2af3,ab1b216db6302741,"{""alpha_a"": 0.65, ""alpha_b"": 0.9, ""kappa_a"": 0.52, ""kappa_b"": 0.7200000000000001, ""n_per_group"": 200000.0}",0.65,0.9,0.52,0.7200000000000001,200000,theoretical_value,0.060000000000000026,synthetic,ALL,not_applicable,not_applicable
EXP-01,SYNTHETIC EXPERIMENT,1747,full,664a150484ed2af3,577eaa46a40bff6b,"{""alpha_a"": 0.65, ""alpha_b"": 0.95, ""kappa_a"": 0.52, ""kappa_b"": 0.76, ""n_per_group"": 200000.0}",0.65,0.95,0.52,0.76,200000,theoretical_value,0.07200000000000001,synthetic,ALL,not_applicable,not_applicable
EXP-01,SYNTHETIC EXPERIMENT,1747,full,664a150484ed2af3,341ee85502401eb8,"{""alpha_a"": 0.65, ""alpha_b"": 1.0, ""kappa_a"": 0.52, ""kappa_b"": 0.8, ""n_per_group"": 200000.0}",0.65,1.0,0.52,0.8,200000,theoretical_value,0.08400000000000002,synthetic,ALL,not_applicable,not_applicable
EXP-01,SYNTHETIC EXPERIMENT,1747,full,664a150484ed2af3,c8ddd6677f6f843b,"{""alpha_a"": 0.7, ""alpha_b"": 0.0, ""kappa_a"": 0.5599999999999999, ""kappa_b"": 0.0, ""n_per_group"": 200000.0}",0.7,0.0,0.5599999999999999,0.0,200000,theoretical_value,0.168,synthetic,ALL,not_applicable,not_applicable
EXP-01,SYNTHETIC EXPERIMENT,1747,full,664a150484ed2af3,cecdc2a6be269b13,"{""alpha_a"": 0.7, ""alpha_b"": 0.05, ""kappa_a"": 0.5599999999999999, ""kappa_b"": 0.04000000000000001, ""n_per_group"": 200000.0}",0.7,0.05,0.5599999999999999,0.04000000000000001,200000,theoretical_value,0.156,synthetic,ALL,not_applicable,not_applicable
EXP-01,SYNTHETIC EXPERIMENT,1747,full,664a150484ed2af3,7c07722156d4753c,"{""alpha_a"": 0.7, ""alpha_b"": 0.1, ""kappa_a"": 0.5599999999999999, ""kappa_b"": 0.08000000000000002, ""n_per_group"": 200000.0}",0.7,0.1,0.5599999999999999,0.08000000000000002,200000,theoretical_value,0.144,synthetic,ALL,not_applicable,not_applicable
EXP-01,SYNTHETIC EXPERIMENT,1747,full,664a150484ed2af3,d866b68c9353ad8e,"{""alpha_a"": 0.7, ""alpha_b"": 0.15, ""kappa_a"": 0.5599999999999999, ""kappa_b"": 0.12, ""n_per_group"": 200000.0}",0.7,0.15,0.5599999999999999,0.12,200000,theoretical_value,0.132,synthetic,ALL,not_applicable,not_applicable
EXP-01,SYNTHETIC EXPERIMENT,1747,full,664a150484ed2af3,22e27fd9c9b7754b,"{""alpha_a"": 0.7, ""alpha_b"": 0.2, ""kappa_a"": 0.5599999999999999, ""kappa_b"": 0.16000000000000003, ""n_per_group"": 200000.0}",0.7,0.2,0.5599999999999999,0.16000000000000003,200000,theoretical_value,0.12,synthetic,ALL,not_applicable,not_applicable
EXP-01,SYNTHETIC EXPERIMENT,1747,full,664a150484ed2af3,47c868681941b524,"{""alpha_a"": 0.7, ""alpha_b"": 0.25, ""kappa_a"": 0.5599999999999999, ""kappa_b"": 0.2, ""n_per_group"": 200000.0}",0.7,0.25,0.5599999999999999,0.2,200000,theoretical_value,0.108,synthetic,ALL,not_applicable,not_applicable
EXP-01,SYNTHETIC EXPERIMENT,1747,full,664a150484ed2af3,968819aff68502bb,"{""alpha_a"": 0.7, ""alpha_b"": 0.3, ""kappa_a"": 0.5599999999999999, ""kappa_b"": 0.24, ""n_per_group"": 200000.0}",0.7,0.3,0.5599999999999999,0.24,200000,theoretical_value,0.096,synthetic,ALL,not_applicable,not_applicable
EXP-01,SYNTHETIC EXPERIMENT,1747,full,664a150484ed2af3,8ce8eb6782ff8e91,"{""alpha_a"": 0.7, ""alpha_b"": 0.35, ""kappa_a"": 0.5599999999999999, ""kappa_b"": 0.27999999999999997, ""n_per_group"": 200000.0}",0.7,0.35,0.5599999999999999,0.27999999999999997,200000,theoretical_value,0.084,synthetic,ALL,not_applicable,not_applicable
EXP-01,SYNTHETIC EXPERIMENT,1747,full,664a150484ed2af3,c89b278373082486,"{""alpha_a"": 0.7, ""alpha_b"": 0.4, ""kappa_a"": 0.5599999999999999, ""kappa_b"": 0.32000000000000006, ""n_per_group"": 200000.0}",0.7,0.4,0.5599999999999999,0.32000000000000006,200000,theoretical_value,0.07199999999999998,synthetic,ALL,not_applicable,not_applicable
EXP-01,SYNTHETIC EXPERIMENT,1747,full,664a150484ed2af3,530dc275e5d583d5,"{""alpha_a"": 0.7, ""alpha_b"": 0.45, ""kappa_a"": 0.5599999999999999, ""kappa_b"": 0.36000000000000004, ""n_per_group"": 200000.0}",0.7,0.45,0.5599999999999999,0.36000000000000004,200000,theoretical_value,0.05999999999999998,synthetic,ALL,not_applicable,not_applicable
EXP-01,SYNTHETIC EXPERIMENT,1747,full,664a150484ed2af3,01946da20aac2037,"{""alpha_a"": 0.7, ""alpha_b"": 0.5, ""kappa_a"": 0.5599999999999999, ""kappa_b"": 0.4, ""n_per_group"": 200000.0}",0.7,0.5,0.5599999999999999,0.4,200000,theoretical_value,0.04799999999999998,synthetic,ALL,not_applicable,not_applicable
EXP-01,SYNTHETIC EXPERIMENT,1747,full,664a150484ed2af3,73e1593e0dd5e9bb,"{""alpha_a"": 0.7, ""alpha_b"": 0.55, ""kappa_a"": 0.5599999999999999, ""kappa_b"": 0.44000000000000006, ""n_per_group"": 200000.0}",0.7,0.55,0.5599999999999999,0.44000000000000006,200000,theoretical_value,0.03599999999999997,synthetic,ALL,not_applicable,not_applicable
EXP-01,SYNTHETIC EXPERIMENT,1747,full,664a150484ed2af3,62270be4752f9f93,"{""alpha_a"": 0.7, ""alpha_b"": 0.6, ""kappa_a"": 0.5599999999999999, ""kappa_b"": 0.48, ""n_per_group"": 200000.0}",0.7,0.6,0.5599999999999999,0.48,200000,theoretical_value,0.02399999999999999,synthetic,ALL,not_applicable,not_applicable
EXP-01,SYNTHETIC EXPERIMENT,1747,full,664a150484ed2af3,6594a0ffafa2c5b6,"{""alpha_a"": 0.7, ""alpha_b"": 0.65, ""kappa_a"": 0.5599999999999999, ""kappa_b"": 0.52, ""n_per_group"": 200000.0}",0.7,0.65,0.5599999999999999,0.52,200000,theoretical_value,0.01199999999999998,synthetic,ALL,not_applicable,not_applicable
EXP-01,SYNTHETIC EXPERIMENT,1747,full,664a150484ed2af3,ba8e99ce6bbcaf0c,"{""alpha_a"": 0.7, ""alpha_b"": 0.7, ""kappa_a"": 0.5599999999999999, ""kappa_b"": 0.5599999999999999, ""n_per_group"": 200000.0}",0.7,0.7,0.5599999999999999,0.5599999999999999,200000,theoretical_value,0.0,synthetic,ALL,not_applicable,not_applicable
EXP-01,SYNTHETIC EXPERIMENT,1747,full,664a150484ed2af3,bf7a34578ca9cb00,"{""alpha_a"": 0.7, ""alpha_b"": 0.75, ""kappa_a"": 0.5599999999999999, ""kappa_b"": 0.6000000000000001, ""n_per_group"": 200000.0}",0.7,0.75,0.5599999999999999,0.6000000000000001,200000,theoretical_value,0.012000000000000045,synthetic,ALL,not_applicable,not_applicable
EXP-01,SYNTHETIC EXPERIMENT,1747,full,664a150484ed2af3,67642f3a2918cae1,"{""alpha_a"": 0.7, ""alpha_b"": 0.8, ""kappa_a"": 0.5599999999999999, ""kappa_b"": 0.6400000000000001, ""n_per_group"": 200000.0}",0.7,0.8,0.5599999999999999,0.6400000000000001,200000,theoretical_value,0.02400000000000006,synthetic,ALL,not_applicable,not_applicable
EXP-01,SYNTHETIC EXPERIMENT,1747,full,664a150484ed2af3,20e2a91826b6be2d,"{""alpha_a"": 0.7, ""alpha_b"": 0.85, ""kappa_a"": 0.5599999999999999, ""kappa_b"": 0.68, ""n_per_group"": 200000.0}",0.7,0.85,0.5599999999999999,0.68,200000,theoretical_value,0.03600000000000004,synthetic,ALL,not_applicable,not_applicable
EXP-01,SYNTHETIC EXPERIMENT,1747,full,664a150484ed2af3,0a31e6d38f51fb59,"{""alpha_a"": 0.7, ""alpha_b"": 0.9, ""kappa_a"": 0.5599999999999999, ""kappa_b"": 0.7200000000000001, ""n_per_group"": 200000.0}",0.7,0.9,0.5599999999999999,0.7200000000000001,200000,theoretical_value,0.04800000000000005,synthetic,ALL,not_applicable,not_applicable
EXP-01,SYNTHETIC EXPERIMENT,1747,full,664a150484ed2af3,33190ea543da4a9e,"{""alpha_a"": 0.7, ""alpha_b"": 0.95, ""kappa_a"": 0.5599999999999999, ""kappa_b"": 0.76, ""n_per_group"": 200000.0}",0.7,0.95,0.5599999999999999,0.76,200000,theoretical_value,0.060000000000000026,synthetic,ALL,not_applicable,not_applicable
EXP-01,SYNTHETIC EXPERIMENT,1747,full,664a150484ed2af3,973027829e06a594,"{""alpha_a"": 0.7, ""alpha_b"": 1.0, ""kappa_a"": 0.5599999999999999, ""kappa_b"": 0.8, ""n_per_group"": 200000.0}",0.7,1.0,0.5599999999999999,0.8,200000,theoretical_value,0.07200000000000004,synthetic,ALL,not_applicable,not_applicable
EXP-01,SYNTHETIC EXPERIMENT,1747,full,664a150484ed2af3,145fc1da1e77a85b,"{""alpha_a"": 0.75, ""alpha_b"": 0.0, ""kappa_a"": 0.6000000000000001, ""kappa_b"": 0.0, ""n_per_group"": 200000.0}",0.75,0.0,0.6000000000000001,0.0,200000,theoretical_value,0.18000000000000005,synthetic,ALL,not_applicable,not_applicable
EXP-01,SYNTHETIC EXPERIMENT,1747,full,664a150484ed2af3,8f76757fb173207f,"{""alpha_a"": 0.75, ""alpha_b"": 0.05, ""kappa_a"": 0.6000000000000001, ""kappa_b"": 0.04000000000000001, ""n_per_group"": 200000.0}",0.75,0.05,0.6000000000000001,0.04000000000000001,200000,theoretical_value,0.16800000000000004,synthetic,ALL,not_applicable,not_applicable
EXP-01,SYNTHETIC EXPERIMENT,1747,full,664a150484ed2af3,cfc40a9c00d949bd,"{""alpha_a"": 0.75, ""alpha_b"": 0.1, ""kappa_a"": 0.6000000000000001, ""kappa_b"": 0.08000000000000002, ""n_per_group"": 200000.0}",0.75,0.1,0.6000000000000001,0.08000000000000002,200000,theoretical_value,0.15600000000000003,synthetic,ALL,not_applicable,not_applicable
EXP-01,SYNTHETIC EXPERIMENT,1747,full,664a150484ed2af3,e900d04c2a412e38,"{""alpha_a"": 0.75, ""alpha_b"": 0.15, ""kappa_a"": 0.6000000000000001, ""kappa_b"": 0.12, ""n_per_group"": 200000.0}",0.75,0.15,0.6000000000000001,0.12,200000,theoretical_value,0.14400000000000004,synthetic,ALL,not_applicable,not_applicable
EXP-01,SYNTHETIC EXPERIMENT,1747,full,664a150484ed2af3,a66da16d88db03c0,"{""alpha_a"": 0.75, ""alpha_b"": 0.2, ""kappa_a"": 0.6000000000000001, ""kappa_b"": 0.16000000000000003, ""n_per_group"": 200000.0}",0.75,0.2,0.6000000000000001,0.16000000000000003,200000,theoretical_value,0.13200000000000003,synthetic,ALL,not_applicable,not_applicable
EXP-01,SYNTHETIC EXPERIMENT,1747,full,664a150484ed2af3,71c8bf969f130e9e,"{""alpha_a"": 0.75, ""alpha_b"": 0.25, ""kappa_a"": 0.6000000000000001, ""kappa_b"": 0.2, ""n_per_group"": 200000.0}",0.75,0.25,0.6000000000000001,0.2,200000,theoretical_value,0.12000000000000004,synthetic,ALL,not_applicable,not_applicable
EXP-01,SYNTHETIC EXPERIMENT,1747,full,664a150484ed2af3,b645633783a2b5d9,"{""alpha_a"": 0.75, ""alpha_b"": 0.3, ""kappa_a"": 0.6000000000000001, ""kappa_b"": 0.24, ""n_per_group"": 200000.0}",0.75,0.3,0.6000000000000001,0.24,200000,theoretical_value,0.10800000000000004,synthetic,ALL,not_applicable,not_applicable
EXP-01,SYNTHETIC EXPERIMENT,1747,full,664a150484ed2af3,a007c6e5d67106c5,"{""alpha_a"": 0.75, ""alpha_b"": 0.35, ""kappa_a"": 0.6000000000000001, ""kappa_b"": 0.27999999999999997, ""n_per_group"": 200000.0}",0.75,0.35,0.6000000000000001,0.27999999999999997,200000,theoretical_value,0.09600000000000004,synthetic,ALL,not_applicable,not_applicable
EXP-01,SYNTHETIC EXPERIMENT,1747,full,664a150484ed2af3,973cb6ad3b163f98,"{""alpha_a"": 0.75, ""alpha_b"": 0.4, ""kappa_a"": 0.6000000000000001, ""kappa_b"": 0.32000000000000006, ""n_per_group"": 200000.0}",0.75,0.4,0.6000000000000001,0.32000000000000006,200000,theoretical_value,0.08400000000000002,synthetic,ALL,not_applicable,not_applicable
EXP-01,SYNTHETIC EXPERIMENT,1747,full,664a150484ed2af3,105e9323311e6282,"{""alpha_a"": 0.75, ""alpha_b"": 0.45, ""kappa_a"": 0.6000000000000001, ""kappa_b"": 0.36000000000000004, ""n_per_group"": 200000.0}",0.75,0.45,0.6000000000000001,0.36000000000000004,200000,theoretical_value,0.07200000000000002,synthetic,ALL,not_applicable,not_applicable
EXP-01,SYNTHETIC EXPERIMENT,1747,full,664a150484ed2af3,a6664c1a4c2d235b,"{""alpha_a"": 0.75, ""alpha_b"": 0.5, ""kappa_a"": 0.6000000000000001, ""kappa_b"": 0.4, ""n_per_group"": 200000.0}",0.75,0.5,0.6000000000000001,0.4,200000,theoretical_value,0.060000000000000026,synthetic,ALL,not_applicable,not_applicable
EXP-01,SYNTHETIC EXPERIMENT,1747,full,664a150484ed2af3,f7fd55ca8782532f,"{""alpha_a"": 0.75, ""alpha_b"": 0.55, ""kappa_a"": 0.6000000000000001, ""kappa_b"": 0.44000000000000006, ""n_per_group"": 200000.0}",0.75,0.55,0.6000000000000001,0.44000000000000006,200000,theoretical_value,0.048000000000000015,synthetic,ALL,not_applicable,not_applicable
EXP-01,SYNTHETIC EXPERIMENT,1747,full,664a150484ed2af3,3a9b935cbfa06390,"{""alpha_a"": 0.75, ""alpha_b"": 0.6, ""kappa_a"": 0.6000000000000001, ""kappa_b"": 0.48, ""n_per_group"": 200000.0}",0.75,0.6,0.6000000000000001,0.48,200000,theoretical_value,0.03600000000000004,synthetic,ALL,not_applicable,not_applicable
EXP-01,SYNTHETIC EXPERIMENT,1747,full,664a150484ed2af3,5cdb075959b10140,"{""alpha_a"": 0.75, ""alpha_b"": 0.65, ""kappa_a"": 0.6000000000000001, ""kappa_b"": 0.52, ""n_per_group"": 200000.0}",0.75,0.65,0.6000000000000001,0.52,200000,theoretical_value,0.024000000000000025,synthetic,ALL,not_applicable,not_applicable
EXP-01,SYNTHETIC EXPERIMENT,1747,full,664a150484ed2af3,3c6bd916c2e4b2d9,"{""alpha_a"": 0.75, ""alpha_b"": 0.7, ""kappa_a"": 0.6000000000000001, ""kappa_b"": 0.5599999999999999, ""n_per_group"": 200000.0}",0.75,0.7,0.6000000000000001,0.5599999999999999,200000,theoretical_value,0.012000000000000045,synthetic,ALL,not_applicable,not_applicable
EXP-01,SYNTHETIC EXPERIMENT,1747,full,664a150484ed2af3,efff14e3d6b3c324,"{""alpha_a"": 0.75, ""alpha_b"": 0.75, ""kappa_a"": 0.6000000000000001, ""kappa_b"": 0.6000000000000001, ""n_per_group"": 200000.0}",0.75,0.75,0.6000000000000001,0.6000000000000001,200000,theoretical_value,0.0,synthetic,ALL,not_applicable,not_applicable
EXP-01,SYNTHETIC EXPERIMENT,1747,full,664a150484ed2af3,6cb165316d4be7b0,"{""alpha_a"": 0.75, ""alpha_b"": 0.8, ""kappa_a"": 0.6000000000000001, ""kappa_b"": 0.6400000000000001, ""n_per_group"": 200000.0}",0.75,0.8,0.6000000000000001,0.6400000000000001,200000,theoretical_value,0.012000000000000012,synthetic,ALL,not_applicable,not_applicable
EXP-01,SYNTHETIC EXPERIMENT,1747,full,664a150484ed2af3,707d372e21aec193,"{""alpha_a"": 0.75, ""alpha_b"": 0.85, ""kappa_a"": 0.6000000000000001, ""kappa_b"": 0.68, ""n_per_group"": 200000.0}",0.75,0.85,0.6000000000000001,0.68,200000,theoretical_value,0.02399999999999999,synthetic,ALL,not_applicable,not_applicable
EXP-01,SYNTHETIC EXPERIMENT,1747,full,664a150484ed2af3,7255b40c57376a7a,"{""alpha_a"": 0.75, ""alpha_b"": 0.9, ""kappa_a"": 0.6000000000000001, ""kappa_b"": 0.7200000000000001, ""n_per_group"": 200000.0}",0.75,0.9,0.6000000000000001,0.7200000000000001,200000,theoretical_value,0.036000000000000004,synthetic,ALL,not_applicable,not_applicable
EXP-01,SYNTHETIC EXPERIMENT,1747,full,664a150484ed2af3,05d0dcea49021cc9,"{""alpha_a"": 0.75, ""alpha_b"": 0.95, ""kappa_a"": 0.6000000000000001, ""kappa_b"": 0.76, ""n_per_group"": 200000.0}",0.75,0.95,0.6000000000000001,0.76,200000,theoretical_value,0.04799999999999998,synthetic,ALL,not_applicable,not_applicable
EXP-01,SYNTHETIC EXPERIMENT,1747,full,664a150484ed2af3,97edfe532689cab9,"{""alpha_a"": 0.75, ""alpha_b"": 1.0, ""kappa_a"": 0.6000000000000001, ""kappa_b"": 0.8, ""n_per_group"": 200000.0}",0.75,1.0,0.6000000000000001,0.8,200000,theoretical_value,0.06,synthetic,ALL,not_applicable,not_applicable
EXP-01,SYNTHETIC EXPERIMENT,1747,full,664a150484ed2af3,97950d1b748ef7ea,"{""alpha_a"": 0.8, ""alpha_b"": 0.0, ""kappa_a"": 0.6400000000000001, ""kappa_b"": 0.0, ""n_per_group"": 200000.0}",0.8,0.0,0.6400000000000001,0.0,200000,theoretical_value,0.19200000000000006,synthetic,ALL,not_applicable,not_applicable
EXP-01,SYNTHETIC EXPERIMENT,1747,full,664a150484ed2af3,1c35e6c663ec2953,"{""alpha_a"": 0.8, ""alpha_b"": 0.05, ""kappa_a"": 0.6400000000000001, ""kappa_b"": 0.04000000000000001, ""n_per_group"": 200000.0}",0.8,0.05,0.6400000000000001,0.04000000000000001,200000,theoretical_value,0.18000000000000005,synthetic,ALL,not_applicable,not_applicable
EXP-01,SYNTHETIC EXPERIMENT,1747,full,664a150484ed2af3,19d1cdf7f2037051,"{""alpha_a"": 0.8, ""alpha_b"": 0.1, ""kappa_a"": 0.6400000000000001, ""kappa_b"": 0.08000000000000002, ""n_per_group"": 200000.0}",0.8,0.1,0.6400000000000001,0.08000000000000002,200000,theoretical_value,0.16800000000000004,synthetic,ALL,not_applicable,not_applicable
EXP-01,SYNTHETIC EXPERIMENT,1747,full,664a150484ed2af3,f5f34d81dfa051b0,"{""alpha_a"": 0.8, ""alpha_b"": 0.15, ""kappa_a"": 0.6400000000000001, ""kappa_b"": 0.12, ""n_per_group"": 200000.0}",0.8,0.15,0.6400000000000001,0.12,200000,theoretical_value,0.15600000000000006,synthetic,ALL,not_applicable,not_applicable
EXP-01,SYNTHETIC EXPERIMENT,1747,full,664a150484ed2af3,2d5071bf7658fe7d,"{""alpha_a"": 0.8, ""alpha_b"": 0.2, ""kappa_a"": 0.6400000000000001, ""kappa_b"": 0.16000000000000003, ""n_per_group"": 200000.0}",0.8,0.2,0.6400000000000001,0.16000000000000003,200000,theoretical_value,0.14400000000000004,synthetic,ALL,not_applicable,not_applicable
EXP-01,SYNTHETIC EXPERIMENT,1747,full,664a150484ed2af3,4fee8e67e2b9ec66,"{""alpha_a"": 0.8, ""alpha_b"": 0.25, ""kappa_a"": 0.6400000000000001, ""kappa_b"": 0.2, ""n_per_group"": 200000.0}",0.8,0.25,0.6400000000000001,0.2,200000,theoretical_value,0.13200000000000006,synthetic,ALL,not_applicable,not_applicable
EXP-01,SYNTHETIC EXPERIMENT,1747,full,664a150484ed2af3,ae3f287d1d76f955,"{""alpha_a"": 0.8, ""alpha_b"": 0.3, ""kappa_a"": 0.6400000000000001, ""kappa_b"": 0.24, ""n_per_group"": 200000.0}",0.8,0.3,0.6400000000000001,0.24,200000,theoretical_value,0.12000000000000005,synthetic,ALL,not_applicable,not_applicable
EXP-01,SYNTHETIC EXPERIMENT,1747,full,664a150484ed2af3,c76b97e8306f63ef,"{""alpha_a"": 0.8, ""alpha_b"": 0.35, ""kappa_a"": 0.6400000000000001, ""kappa_b"": 0.27999999999999997, ""n_per_group"": 200000.0}",0.8,0.35,0.6400000000000001,0.27999999999999997,200000,theoretical_value,0.10800000000000007,synthetic,ALL,not_applicable,not_applicable
EXP-01,SYNTHETIC EXPERIMENT,1747,full,664a150484ed2af3,de387c795811cf0f,"{""alpha_a"": 0.8, ""alpha_b"": 0.4, ""kappa_a"": 0.6400000000000001, ""kappa_b"": 0.32000000000000006, ""n_per_group"": 200000.0}",0.8,0.4,0.6400000000000001,0.32000000000000006,200000,theoretical_value,0.09600000000000003,synthetic,ALL,not_applicable,not_applicable
EXP-01,SYNTHETIC EXPERIMENT,1747,full,664a150484ed2af3,9b77dfbc189e232b,"{""alpha_a"": 0.8, ""alpha_b"": 0.45, ""kappa_a"": 0.6400000000000001, ""kappa_b"": 0.36000000000000004, ""n_per_group"": 200000.0}",0.8,0.45,0.6400000000000001,0.36000000000000004,200000,theoretical_value,0.08400000000000003,synthetic,ALL,not_applicable,not_applicable
EXP-01,SYNTHETIC EXPERIMENT,1747,full,664a150484ed2af3,4dfc43254ec4a6e8,"{""alpha_a"": 0.8, ""alpha_b"": 0.5, ""kappa_a"": 0.6400000000000001, ""kappa_b"": 0.4, ""n_per_group"": 200000.0}",0.8,0.5,0.6400000000000001,0.4,200000,theoretical_value,0.07200000000000004,synthetic,ALL,not_applicable,not_applicable
EXP-01,SYNTHETIC EXPERIMENT,1747,full,664a150484ed2af3,0a648ff7295000bf,"{""alpha_a"": 0.8, ""alpha_b"": 0.55, ""kappa_a"": 0.6400000000000001, ""kappa_b"": 0.44000000000000006, ""n_per_group"": 200000.0}",0.8,0.55,0.6400000000000001,0.44000000000000006,200000,theoretical_value,0.060000000000000026,synthetic,ALL,not_applicable,not_applicable
EXP-01,SYNTHETIC EXPERIMENT,1747,full,664a150484ed2af3,c4dc5c0a530c1b1b,"{""alpha_a"": 0.8, ""alpha_b"": 0.6, ""kappa_a"": 0.6400000000000001, ""kappa_b"": 0.48, ""n_per_group"": 200000.0}",0.8,0.6,0.6400000000000001,0.48,200000,theoretical_value,0.04800000000000005,synthetic,ALL,not_applicable,not_applicable
EXP-01,SYNTHETIC EXPERIMENT,1747,full,664a150484ed2af3,2ed7cbddc74538cd,"{""alpha_a"": 0.8, ""alpha_b"": 0.65, ""kappa_a"": 0.6400000000000001, ""kappa_b"": 0.52, ""n_per_group"": 200000.0}",0.8,0.65,0.6400000000000001,0.52,200000,theoretical_value,0.03600000000000004,synthetic,ALL,not_applicable,not_applicable
EXP-01,SYNTHETIC EXPERIMENT,1747,full,664a150484ed2af3,b457f6e1df0ab75b,"{""alpha_a"": 0.8, ""alpha_b"": 0.7, ""kappa_a"": 0.6400000000000001, ""kappa_b"": 0.5599999999999999, ""n_per_group"": 200000.0}",0.8,0.7,0.6400000000000001,0.5599999999999999,200000,theoretical_value,0.02400000000000006,synthetic,ALL,not_applicable,not_applicable
EXP-01,SYNTHETIC EXPERIMENT,1747,full,664a150484ed2af3,9062e32c7ea41a6e,"{""alpha_a"": 0.8, ""alpha_b"": 0.75, ""kappa_a"": 0.6400000000000001, ""kappa_b"": 0.6000000000000001, ""n_per_group"": 200000.0}",0.8,0.75,0.6400000000000001,0.6000000000000001,200000,theoretical_value,0.012000000000000012,synthetic,ALL,not_applicable,not_applicable
EXP-01,SYNTHETIC EXPERIMENT,1747,full,664a150484ed2af3,584ff44dc5b8503d,"{""alpha_a"": 0.8, ""alpha_b"": 0.8, ""kappa_a"": 0.6400000000000001, ""kappa_b"": 0.6400000000000001, ""n_per_group"": 200000.0}",0.8,0.8,0.6400000000000001,0.6400000000000001,200000,theoretical_value,0.0,synthetic,ALL,not_applicable,not_applicable
EXP-01,SYNTHETIC EXPERIMENT,1747,full,664a150484ed2af3,3194a78f498b4839,"{""alpha_a"": 0.8, ""alpha_b"": 0.85, ""kappa_a"": 0.6400000000000001, ""kappa_b"": 0.68, ""n_per_group"": 200000.0}",0.8,0.85,0.6400000000000001,0.68,200000,theoretical_value,0.01199999999999998,synthetic,ALL,not_applicable,not_applicable
EXP-01,SYNTHETIC EXPERIMENT,1747,full,664a150484ed2af3,095e14182b8d996f,"{""alpha_a"": 0.8, ""alpha_b"": 0.9, ""kappa_a"": 0.6400000000000001, ""kappa_b"": 0.7200000000000001, ""n_per_group"": 200000.0}",0.8,0.9,0.6400000000000001,0.7200000000000001,200000,theoretical_value,0.02399999999999999,synthetic,ALL,not_applicable,not_applicable
EXP-01,SYNTHETIC EXPERIMENT,1747,full,664a150484ed2af3,3628b420734c06e1,"{""alpha_a"": 0.8, ""alpha_b"": 0.95, ""kappa_a"": 0.6400000000000001, ""kappa_b"": 0.76, ""n_per_group"": 200000.0}",0.8,0.95,0.6400000000000001,0.76,200000,theoretical_value,0.03599999999999997,synthetic,ALL,not_applicable,not_applicable
EXP-01,SYNTHETIC EXPERIMENT,1747,full,664a150484ed2af3,a70b9b85ede5eca5,"{""alpha_a"": 0.8, ""alpha_b"": 1.0, ""kappa_a"": 0.6400000000000001, ""kappa_b"": 0.8, ""n_per_group"": 200000.0}",0.8,1.0,0.6400000000000001,0.8,200000,theoretical_value,0.04799999999999998,synthetic,ALL,not_applicable,not_applicable
EXP-01,SYNTHETIC EXPERIMENT,1747,full,664a150484ed2af3,f9781a2b6bd219b5,"{""alpha_a"": 0.85, ""alpha_b"": 0.0, ""kappa_a"": 0.68, ""kappa_b"": 0.0, ""n_per_group"": 200000.0}",0.85,0.0,0.68,0.0,200000,theoretical_value,0.20400000000000004,synthetic,ALL,not_applicable,not_applicable
EXP-01,SYNTHETIC EXPERIMENT,1747,full,664a150484ed2af3,9e5a0860788419ba,"{""alpha_a"": 0.85, ""alpha_b"": 0.05, ""kappa_a"": 0.68, ""kappa_b"": 0.04000000000000001, ""n_per_group"": 200000.0}",0.85,0.05,0.68,0.04000000000000001,200000,theoretical_value,0.19200000000000003,synthetic,ALL,not_applicable,not_applicable
EXP-01,SYNTHETIC EXPERIMENT,1747,full,664a150484ed2af3,ced6c97278427a71,"{""alpha_a"": 0.85, ""alpha_b"": 0.1, ""kappa_a"": 0.68, ""kappa_b"": 0.08000000000000002, ""n_per_group"": 200000.0}",0.85,0.1,0.68,0.08000000000000002,200000,theoretical_value,0.18000000000000005,synthetic,ALL,not_applicable,not_applicable
EXP-01,SYNTHETIC EXPERIMENT,1747,full,664a150484ed2af3,02e538e0808d85b0,"{""alpha_a"": 0.85, ""alpha_b"": 0.15, ""kappa_a"": 0.68, ""kappa_b"": 0.12, ""n_per_group"": 200000.0}",0.85,0.15,0.68,0.12,200000,theoretical_value,0.16800000000000004,synthetic,ALL,not_applicable,not_applicable
EXP-01,SYNTHETIC EXPERIMENT,1747,full,664a150484ed2af3,e7d8eeb495b380f2,"{""alpha_a"": 0.85, ""alpha_b"": 0.2, ""kappa_a"": 0.68, ""kappa_b"": 0.16000000000000003, ""n_per_group"": 200000.0}",0.85,0.2,0.68,0.16000000000000003,200000,theoretical_value,0.15600000000000003,synthetic,ALL,not_applicable,not_applicable
EXP-01,SYNTHETIC EXPERIMENT,1747,full,664a150484ed2af3,556c5d02c8185afb,"{""alpha_a"": 0.85, ""alpha_b"": 0.25, ""kappa_a"": 0.68, ""kappa_b"": 0.2, ""n_per_group"": 200000.0}",0.85,0.25,0.68,0.2,200000,theoretical_value,0.14400000000000004,synthetic,ALL,not_applicable,not_applicable
EXP-01,SYNTHETIC EXPERIMENT,1747,full,664a150484ed2af3,5647cd0abc42783f,"{""alpha_a"": 0.85, ""alpha_b"": 0.3, ""kappa_a"": 0.68, ""kappa_b"": 0.24, ""n_per_group"": 200000.0}",0.85,0.3,0.68,0.24,200000,theoretical_value,0.13200000000000003,synthetic,ALL,not_applicable,not_applicable
EXP-01,SYNTHETIC EXPERIMENT,1747,full,664a150484ed2af3,d5b6f367e33566b8,"{""alpha_a"": 0.85, ""alpha_b"": 0.35, ""kappa_a"": 0.68, ""kappa_b"": 0.27999999999999997, ""n_per_group"": 200000.0}",0.85,0.35,0.68,0.27999999999999997,200000,theoretical_value,0.12000000000000004,synthetic,ALL,not_applicable,not_applicable
EXP-01,SYNTHETIC EXPERIMENT,1747,full,664a150484ed2af3,161108514fcc9769,"{""alpha_a"": 0.85, ""alpha_b"": 0.4, ""kappa_a"": 0.68, ""kappa_b"": 0.32000000000000006, ""n_per_group"": 200000.0}",0.85,0.4,0.68,0.32000000000000006,200000,theoretical_value,0.10800000000000001,synthetic,ALL,not_applicable,not_applicable
EXP-01,SYNTHETIC EXPERIMENT,1747,full,664a150484ed2af3,8d74d363bf5e2d6c,"{""alpha_a"": 0.85, ""alpha_b"": 0.45, ""kappa_a"": 0.68, ""kappa_b"": 0.36000000000000004, ""n_per_group"": 200000.0}",0.85,0.45,0.68,0.36000000000000004,200000,theoretical_value,0.09600000000000002,synthetic,ALL,not_applicable,not_applicable
EXP-01,SYNTHETIC EXPERIMENT,1747,full,664a150484ed2af3,c8c1d9d14a4bcd8e,"{""alpha_a"": 0.85, ""alpha_b"": 0.5, ""kappa_a"": 0.68, ""kappa_b"": 0.4, ""n_per_group"": 200000.0}",0.85,0.5,0.68,0.4,200000,theoretical_value,0.08400000000000002,synthetic,ALL,not_applicable,not_applicable
EXP-01,SYNTHETIC EXPERIMENT,1747,full,664a150484ed2af3,de79e743a6136014,"{""alpha_a"": 0.85, ""alpha_b"": 0.55, ""kappa_a"": 0.68, ""kappa_b"": 0.44000000000000006, ""n_per_group"": 200000.0}",0.85,0.55,0.68,0.44000000000000006,200000,theoretical_value,0.07200000000000001,synthetic,ALL,not_applicable,not_applicable
EXP-01,SYNTHETIC EXPERIMENT,1747,full,664a150484ed2af3,2138fa704af3ee05,"{""alpha_a"": 0.85, ""alpha_b"": 0.6, ""kappa_a"": 0.68, ""kappa_b"": 0.48, ""n_per_group"": 200000.0}",0.85,0.6,0.68,0.48,200000,theoretical_value,0.060000000000000026,synthetic,ALL,not_applicable,not_applicable
EXP-01,SYNTHETIC EXPERIMENT,1747,full,664a150484ed2af3,2149d67fc1a37171,"{""alpha_a"": 0.85, ""alpha_b"": 0.65, ""kappa_a"": 0.68, ""kappa_b"": 0.52, ""n_per_group"": 200000.0}",0.85,0.65,0.68,0.52,200000,theoretical_value,0.048000000000000015,synthetic,ALL,not_applicable,not_applicable
EXP-01,SYNTHETIC EXPERIMENT,1747,full,664a150484ed2af3,ced565f3156e4445,"{""alpha_a"": 0.85, ""alpha_b"": 0.7, ""kappa_a"": 0.68, ""kappa_b"": 0.5599999999999999, ""n_per_group"": 200000.0}",0.85,0.7,0.68,0.5599999999999999,200000,theoretical_value,0.03600000000000004,synthetic,ALL,not_applicable,not_applicable
EXP-01,SYNTHETIC EXPERIMENT,1747,full,664a150484ed2af3,c223f7771f5a85a4,"{""alpha_a"": 0.85, ""alpha_b"": 0.75, ""kappa_a"": 0.68, ""kappa_b"": 0.6000000000000001, ""n_per_group"": 200000.0}",0.85,0.75,0.68,0.6000000000000001,200000,theoretical_value,0.02399999999999999,synthetic,ALL,not_applicable,not_applicable
EXP-01,SYNTHETIC EXPERIMENT,1747,full,664a150484ed2af3,77116d09b80a6189,"{""alpha_a"": 0.85, ""alpha_b"": 0.8, ""kappa_a"": 0.68, ""kappa_b"": 0.6400000000000001, ""n_per_group"": 200000.0}",0.85,0.8,0.68,0.6400000000000001,200000,theoretical_value,0.01199999999999998,synthetic,ALL,not_applicable,not_applicable
EXP-01,SYNTHETIC EXPERIMENT,1747,full,664a150484ed2af3,7081b639f8a5a0cd,"{""alpha_a"": 0.85, ""alpha_b"": 0.85, ""kappa_a"": 0.68, ""kappa_b"": 0.68, ""n_per_group"": 200000.0}",0.85,0.85,0.68,0.68,200000,theoretical_value,0.0,synthetic,ALL,not_applicable,not_applicable
EXP-01,SYNTHETIC EXPERIMENT,1747,full,664a150484ed2af3,d3fd05953a9005bb,"{""alpha_a"": 0.85, ""alpha_b"": 0.9, ""kappa_a"": 0.68, ""kappa_b"": 0.7200000000000001, ""n_per_group"": 200000.0}",0.85,0.9,0.68,0.7200000000000001,200000,theoretical_value,0.012000000000000012,synthetic,ALL,not_applicable,not_applicable
EXP-01,SYNTHETIC EXPERIMENT,1747,full,664a150484ed2af3,30d64a54cd197906,"{""alpha_a"": 0.85, ""alpha_b"": 0.95, ""kappa_a"": 0.68, ""kappa_b"": 0.76, ""n_per_group"": 200000.0}",0.85,0.95,0.68,0.76,200000,theoretical_value,0.02399999999999999,synthetic,ALL,not_applicable,not_applicable
EXP-01,SYNTHETIC EXPERIMENT,1747,full,664a150484ed2af3,1ef620acc56e345b,"{""alpha_a"": 0.85, ""alpha_b"": 1.0, ""kappa_a"": 0.68, ""kappa_b"": 0.8, ""n_per_group"": 200000.0}",0.85,1.0,0.68,0.8,200000,theoretical_value,0.036000000000000004,synthetic,ALL,not_applicable,not_applicable
EXP-01,SYNTHETIC EXPERIMENT,1747,full,664a150484ed2af3,ab1f1dff446f9627,"{""alpha_a"": 0.9, ""alpha_b"": 0.0, ""kappa_a"": 0.7200000000000001, ""kappa_b"": 0.0, ""n_per_group"": 200000.0}",0.9,0.0,0.7200000000000001,0.0,200000,theoretical_value,0.21600000000000005,synthetic,ALL,not_applicable,not_applicable
EXP-01,SYNTHETIC EXPERIMENT,1747,full,664a150484ed2af3,f8909135871d2e9f,"{""alpha_a"": 0.9, ""alpha_b"": 0.05, ""kappa_a"": 0.7200000000000001, ""kappa_b"": 0.04000000000000001, ""n_per_group"": 200000.0}",0.9,0.05,0.7200000000000001,0.04000000000000001,200000,theoretical_value,0.20400000000000004,synthetic,ALL,not_applicable,not_applicable
EXP-01,SYNTHETIC EXPERIMENT,1747,full,664a150484ed2af3,eb1709a63184fd7e,"{""alpha_a"": 0.9, ""alpha_b"": 0.1, ""kappa_a"": 0.7200000000000001, ""kappa_b"": 0.08000000000000002, ""n_per_group"": 200000.0}",0.9,0.1,0.7200000000000001,0.08000000000000002,200000,theoretical_value,0.19200000000000006,synthetic,ALL,not_applicable,not_applicable
EXP-01,SYNTHETIC EXPERIMENT,1747,full,664a150484ed2af3,d533a31aae3537b4,"{""alpha_a"": 0.9, ""alpha_b"": 0.15, ""kappa_a"": 0.7200000000000001, ""kappa_b"": 0.12, ""n_per_group"": 200000.0}",0.9,0.15,0.7200000000000001,0.12,200000,theoretical_value,0.18000000000000005,synthetic,ALL,not_applicable,not_applicable
EXP-01,SYNTHETIC EXPERIMENT,1747,full,664a150484ed2af3,53a45e8cae2a157a,"{""alpha_a"": 0.9, ""alpha_b"": 0.2, ""kappa_a"": 0.7200000000000001, ""kappa_b"": 0.16000000000000003, ""n_per_group"": 200000.0}",0.9,0.2,0.7200000000000001,0.16000000000000003,200000,theoretical_value,0.16800000000000004,synthetic,ALL,not_applicable,not_applicable
EXP-01,SYNTHETIC EXPERIMENT,1747,full,664a150484ed2af3,75918e91d47967ba,"{""alpha_a"": 0.9, ""alpha_b"": 0.25, ""kappa_a"": 0.7200000000000001, ""kappa_b"": 0.2, ""n_per_group"": 200000.0}",0.9,0.25,0.7200000000000001,0.2,200000,theoretical_value,0.15600000000000003,synthetic,ALL,not_applicable,not_applicable
EXP-01,SYNTHETIC EXPERIMENT,1747,full,664a150484ed2af3,c0971c588524ff57,"{""alpha_a"": 0.9, ""alpha_b"": 0.3, ""kappa_a"": 0.7200000000000001, ""kappa_b"": 0.24, ""n_per_group"": 200000.0}",0.9,0.3,0.7200000000000001,0.24,200000,theoretical_value,0.14400000000000004,synthetic,ALL,not_applicable,not_applicable
EXP-01,SYNTHETIC EXPERIMENT,1747,full,664a150484ed2af3,3cd13a28a5fda48d,"{""alpha_a"": 0.9, ""alpha_b"": 0.35, ""kappa_a"": 0.7200000000000001, ""kappa_b"": 0.27999999999999997, ""n_per_group"": 200000.0}",0.9,0.35,0.7200000000000001,0.27999999999999997,200000,theoretical_value,0.13200000000000006,synthetic,ALL,not_applicable,not_applicable
EXP-01,SYNTHETIC EXPERIMENT,1747,full,664a150484ed2af3,dd85b0e934f15d7c,"{""alpha_a"": 0.9, ""alpha_b"": 0.4, ""kappa_a"": 0.7200000000000001, ""kappa_b"": 0.32000000000000006, ""n_per_group"": 200000.0}",0.9,0.4,0.7200000000000001,0.32000000000000006,200000,theoretical_value,0.12000000000000002,synthetic,ALL,not_applicable,not_applicable
EXP-01,SYNTHETIC EXPERIMENT,1747,full,664a150484ed2af3,0b952c1ec6a147ae,"{""alpha_a"": 0.9, ""alpha_b"": 0.45, ""kappa_a"": 0.7200000000000001, ""kappa_b"": 0.36000000000000004, ""n_per_group"": 200000.0}",0.9,0.45,0.7200000000000001,0.36000000000000004,200000,theoretical_value,0.10800000000000003,synthetic,ALL,not_applicable,not_applicable
EXP-01,SYNTHETIC EXPERIMENT,1747,full,664a150484ed2af3,54882e037f434319,"{""alpha_a"": 0.9, ""alpha_b"": 0.5, ""kappa_a"": 0.7200000000000001, ""kappa_b"": 0.4, ""n_per_group"": 200000.0}",0.9,0.5,0.7200000000000001,0.4,200000,theoretical_value,0.09600000000000003,synthetic,ALL,not_applicable,not_applicable
EXP-01,SYNTHETIC EXPERIMENT,1747,full,664a150484ed2af3,948cf8fc38ae3d9d,"{""alpha_a"": 0.9, ""alpha_b"": 0.55, ""kappa_a"": 0.7200000000000001, ""kappa_b"": 0.44000000000000006, ""n_per_group"": 200000.0}",0.9,0.55,0.7200000000000001,0.44000000000000006,200000,theoretical_value,0.08400000000000002,synthetic,ALL,not_applicable,not_applicable
EXP-01,SYNTHETIC EXPERIMENT,1747,full,664a150484ed2af3,40275bd2cc1519fd,"{""alpha_a"": 0.9, ""alpha_b"": 0.6, ""kappa_a"": 0.7200000000000001, ""kappa_b"": 0.48, ""n_per_group"": 200000.0}",0.9,0.6,0.7200000000000001,0.48,200000,theoretical_value,0.07200000000000004,synthetic,ALL,not_applicable,not_applicable
EXP-01,SYNTHETIC EXPERIMENT,1747,full,664a150484ed2af3,5378e279713aaddc,"{""alpha_a"": 0.9, ""alpha_b"": 0.65, ""kappa_a"": 0.7200000000000001, ""kappa_b"": 0.52, ""n_per_group"": 200000.0}",0.9,0.65,0.7200000000000001,0.52,200000,theoretical_value,0.060000000000000026,synthetic,ALL,not_applicable,not_applicable
EXP-01,SYNTHETIC EXPERIMENT,1747,full,664a150484ed2af3,8c7fa91d5dca1824,"{""alpha_a"": 0.9, ""alpha_b"": 0.7, ""kappa_a"": 0.7200000000000001, ""kappa_b"": 0.5599999999999999, ""n_per_group"": 200000.0}",0.9,0.7,0.7200000000000001,0.5599999999999999,200000,theoretical_value,0.04800000000000005,synthetic,ALL,not_applicable,not_applicable
EXP-01,SYNTHETIC EXPERIMENT,1747,full,664a150484ed2af3,3bab2ab0f8f8a95d,"{""alpha_a"": 0.9, ""alpha_b"": 0.75, ""kappa_a"": 0.7200000000000001, ""kappa_b"": 0.6000000000000001, ""n_per_group"": 200000.0}",0.9,0.75,0.7200000000000001,0.6000000000000001,200000,theoretical_value,0.036000000000000004,synthetic,ALL,not_applicable,not_applicable
EXP-01,SYNTHETIC EXPERIMENT,1747,full,664a150484ed2af3,3daa5281577cd02a,"{""alpha_a"": 0.9, ""alpha_b"": 0.8, ""kappa_a"": 0.7200000000000001, ""kappa_b"": 0.6400000000000001, ""n_per_group"": 200000.0}",0.9,0.8,0.7200000000000001,0.6400000000000001,200000,theoretical_value,0.02399999999999999,synthetic,ALL,not_applicable,not_applicable
EXP-01,SYNTHETIC EXPERIMENT,1747,full,664a150484ed2af3,b2b00c3251d6757d,"{""alpha_a"": 0.9, ""alpha_b"": 0.85, ""kappa_a"": 0.7200000000000001, ""kappa_b"": 0.68, ""n_per_group"": 200000.0}",0.9,0.85,0.7200000000000001,0.68,200000,theoretical_value,0.012000000000000012,synthetic,ALL,not_applicable,not_applicable
EXP-01,SYNTHETIC EXPERIMENT,1747,full,664a150484ed2af3,6291f556f7b17059,"{""alpha_a"": 0.9, ""alpha_b"": 0.9, ""kappa_a"": 0.7200000000000001, ""kappa_b"": 0.7200000000000001, ""n_per_group"": 200000.0}",0.9,0.9,0.7200000000000001,0.7200000000000001,200000,theoretical_value,0.0,synthetic,ALL,not_applicable,not_applicable
EXP-01,SYNTHETIC EXPERIMENT,1747,full,664a150484ed2af3,11168fee5bf988f4,"{""alpha_a"": 0.9, ""alpha_b"": 0.95, ""kappa_a"": 0.7200000000000001, ""kappa_b"": 0.76, ""n_per_group"": 200000.0}",0.9,0.95,0.7200000000000001,0.76,200000,theoretical_value,0.01199999999999998,synthetic,ALL,not_applicable,not_applicable
EXP-01,SYNTHETIC EXPERIMENT,1747,full,664a150484ed2af3,b274530cc3910995,"{""alpha_a"": 0.9, ""alpha_b"": 1.0, ""kappa_a"": 0.7200000000000001, ""kappa_b"": 0.8, ""n_per_group"": 200000.0}",0.9,1.0,0.7200000000000001,0.8,200000,theoretical_value,0.02399999999999999,synthetic,ALL,not_applicable,not_applicable
EXP-01,SYNTHETIC EXPERIMENT,1747,full,664a150484ed2af3,5633c9ce84ae305e,"{""alpha_a"": 0.95, ""alpha_b"": 0.0, ""kappa_a"": 0.76, ""kappa_b"": 0.0, ""n_per_group"": 200000.0}",0.95,0.0,0.76,0.0,200000,theoretical_value,0.22800000000000004,synthetic,ALL,not_applicable,not_applicable
EXP-01,SYNTHETIC EXPERIMENT,1747,full,664a150484ed2af3,87d9eae7355be919,"{""alpha_a"": 0.95, ""alpha_b"": 0.05, ""kappa_a"": 0.76, ""kappa_b"": 0.04000000000000001, ""n_per_group"": 200000.0}",0.95,0.05,0.76,0.04000000000000001,200000,theoretical_value,0.21600000000000003,synthetic,ALL,not_applicable,not_applicable
EXP-01,SYNTHETIC EXPERIMENT,1747,full,664a150484ed2af3,14a47a958260d942,"{""alpha_a"": 0.95, ""alpha_b"": 0.1, ""kappa_a"": 0.76, ""kappa_b"": 0.08000000000000002, ""n_per_group"": 200000.0}",0.95,0.1,0.76,0.08000000000000002,200000,theoretical_value,0.20400000000000001,synthetic,ALL,not_applicable,not_applicable
EXP-01,SYNTHETIC EXPERIMENT,1747,full,664a150484ed2af3,b156e709015040b8,"{""alpha_a"": 0.95, ""alpha_b"": 0.15, ""kappa_a"": 0.76, ""kappa_b"": 0.12, ""n_per_group"": 200000.0}",0.95,0.15,0.76,0.12,200000,theoretical_value,0.19200000000000003,synthetic,ALL,not_applicable,not_applicable
EXP-01,SYNTHETIC EXPERIMENT,1747,full,664a150484ed2af3,cc2dec4fa21443ee,"{""alpha_a"": 0.95, ""alpha_b"": 0.2, ""kappa_a"": 0.76, ""kappa_b"": 0.16000000000000003, ""n_per_group"": 200000.0}",0.95,0.2,0.76,0.16000000000000003,200000,theoretical_value,0.18000000000000002,synthetic,ALL,not_applicable,not_applicable
EXP-01,SYNTHETIC EXPERIMENT,1747,full,664a150484ed2af3,8ff05077826224c4,"{""alpha_a"": 0.95, ""alpha_b"": 0.25, ""kappa_a"": 0.76, ""kappa_b"": 0.2, ""n_per_group"": 200000.0}",0.95,0.25,0.76,0.2,200000,theoretical_value,0.16800000000000004,synthetic,ALL,not_applicable,not_applicable
EXP-01,SYNTHETIC EXPERIMENT,1747,full,664a150484ed2af3,2dd6d771e826206c,"{""alpha_a"": 0.95, ""alpha_b"": 0.3, ""kappa_a"": 0.76, ""kappa_b"": 0.24, ""n_per_group"": 200000.0}",0.95,0.3,0.76,0.24,200000,theoretical_value,0.15600000000000003,synthetic,ALL,not_applicable,not_applicable
EXP-01,SYNTHETIC EXPERIMENT,1747,full,664a150484ed2af3,ce77a76dc99a21ea,"{""alpha_a"": 0.95, ""alpha_b"": 0.35, ""kappa_a"": 0.76, ""kappa_b"": 0.27999999999999997, ""n_per_group"": 200000.0}",0.95,0.35,0.76,0.27999999999999997,200000,theoretical_value,0.14400000000000004,synthetic,ALL,not_applicable,not_applicable
EXP-01,SYNTHETIC EXPERIMENT,1747,full,664a150484ed2af3,52da6160cf2de3c4,"{""alpha_a"": 0.95, ""alpha_b"": 0.4, ""kappa_a"": 0.76, ""kappa_b"": 0.32000000000000006, ""n_per_group"": 200000.0}",0.95,0.4,0.76,0.32000000000000006,200000,theoretical_value,0.132,synthetic,ALL,not_applicable,not_applicable
EXP-01,SYNTHETIC EXPERIMENT,1747,full,664a150484ed2af3,ee2d4704f4ff1cd7,"{""alpha_a"": 0.95, ""alpha_b"": 0.45, ""kappa_a"": 0.76, ""kappa_b"": 0.36000000000000004, ""n_per_group"": 200000.0}",0.95,0.45,0.76,0.36000000000000004,200000,theoretical_value,0.12000000000000001,synthetic,ALL,not_applicable,not_applicable
EXP-01,SYNTHETIC EXPERIMENT,1747,full,664a150484ed2af3,7b51dc8a6ce67673,"{""alpha_a"": 0.95, ""alpha_b"": 0.5, ""kappa_a"": 0.76, ""kappa_b"": 0.4, ""n_per_group"": 200000.0}",0.95,0.5,0.76,0.4,200000,theoretical_value,0.10800000000000001,synthetic,ALL,not_applicable,not_applicable
EXP-01,SYNTHETIC EXPERIMENT,1747,full,664a150484ed2af3,343cce933bb0a64e,"{""alpha_a"": 0.95, ""alpha_b"": 0.55, ""kappa_a"": 0.76, ""kappa_b"": 0.44000000000000006, ""n_per_group"": 200000.0}",0.95,0.55,0.76,0.44000000000000006,200000,theoretical_value,0.096,synthetic,ALL,not_applicable,not_applicable
EXP-01,SYNTHETIC EXPERIMENT,1747,full,664a150484ed2af3,658610aeb2a013a1,"{""alpha_a"": 0.95, ""alpha_b"": 0.6, ""kappa_a"": 0.76, ""kappa_b"": 0.48, ""n_per_group"": 200000.0}",0.95,0.6,0.76,0.48,200000,theoretical_value,0.08400000000000002,synthetic,ALL,not_applicable,not_applicable
EXP-01,SYNTHETIC EXPERIMENT,1747,full,664a150484ed2af3,951bda2798672300,"{""alpha_a"": 0.95, ""alpha_b"": 0.65, ""kappa_a"": 0.76, ""kappa_b"": 0.52, ""n_per_group"": 200000.0}",0.95,0.65,0.76,0.52,200000,theoretical_value,0.07200000000000001,synthetic,ALL,not_applicable,not_applicable
EXP-01,SYNTHETIC EXPERIMENT,1747,full,664a150484ed2af3,11b8343c419f08cb,"{""alpha_a"": 0.95, ""alpha_b"": 0.7, ""kappa_a"": 0.76, ""kappa_b"": 0.5599999999999999, ""n_per_group"": 200000.0}",0.95,0.7,0.76,0.5599999999999999,200000,theoretical_value,0.060000000000000026,synthetic,ALL,not_applicable,not_applicable
EXP-01,SYNTHETIC EXPERIMENT,1747,full,664a150484ed2af3,2dc2c06025d58f87,"{""alpha_a"": 0.95, ""alpha_b"": 0.75, ""kappa_a"": 0.76, ""kappa_b"": 0.6000000000000001, ""n_per_group"": 200000.0}",0.95,0.75,0.76,0.6000000000000001,200000,theoretical_value,0.04799999999999998,synthetic,ALL,not_applicable,not_applicable
EXP-01,SYNTHETIC EXPERIMENT,1747,full,664a150484ed2af3,29e3d6f7e7ccee2c,"{""alpha_a"": 0.95, ""alpha_b"": 0.8, ""kappa_a"": 0.76, ""kappa_b"": 0.6400000000000001, ""n_per_group"": 200000.0}",0.95,0.8,0.76,0.6400000000000001,200000,theoretical_value,0.03599999999999997,synthetic,ALL,not_applicable,not_applicable
EXP-01,SYNTHETIC EXPERIMENT,1747,full,664a150484ed2af3,1f172d7a007e431d,"{""alpha_a"": 0.95, ""alpha_b"": 0.85, ""kappa_a"": 0.76, ""kappa_b"": 0.68, ""n_per_group"": 200000.0}",0.95,0.85,0.76,0.68,200000,theoretical_value,0.02399999999999999,synthetic,ALL,not_applicable,not_applicable
EXP-01,SYNTHETIC EXPERIMENT,1747,full,664a150484ed2af3,1039b38374920886,"{""alpha_a"": 0.95, ""alpha_b"": 0.9, ""kappa_a"": 0.76, ""kappa_b"": 0.7200000000000001, ""n_per_group"": 200000.0}",0.95,0.9,0.76,0.7200000000000001,200000,theoretical_value,0.01199999999999998,synthetic,ALL,not_applicable,not_applicable
EXP-01,SYNTHETIC EXPERIMENT,1747,full,664a150484ed2af3,35e289ecf7055aad,"{""alpha_a"": 0.95, ""alpha_b"": 0.95, ""kappa_a"": 0.76, ""kappa_b"": 0.76, ""n_per_group"": 200000.0}",0.95,0.95,0.76,0.76,200000,theoretical_value,0.0,synthetic,ALL,not_applicable,not_applicable
EXP-01,SYNTHETIC EXPERIMENT,1747,full,664a150484ed2af3,7714a258a40341b3,"{""alpha_a"": 0.95, ""alpha_b"": 1.0, ""kappa_a"": 0.76, ""kappa_b"": 0.8, ""n_per_group"": 200000.0}",0.95,1.0,0.76,0.8,200000,theoretical_value,0.012000000000000012,synthetic,ALL,not_applicable,not_applicable
EXP-01,SYNTHETIC EXPERIMENT,1747,full,664a150484ed2af3,66d972889c47415f,"{""alpha_a"": 1.0, ""alpha_b"": 0.0, ""kappa_a"": 0.8, ""kappa_b"": 0.0, ""n_per_group"": 200000.0}",1.0,0.0,0.8,0.0,200000,theoretical_value,0.24000000000000005,synthetic,ALL,not_applicable,not_applicable
EXP-01,SYNTHETIC EXPERIMENT,1747,full,664a150484ed2af3,a79c80755cbc8c27,"{""alpha_a"": 1.0, ""alpha_b"": 0.05, ""kappa_a"": 0.8, ""kappa_b"": 0.04000000000000001, ""n_per_group"": 200000.0}",1.0,0.05,0.8,0.04000000000000001,200000,theoretical_value,0.22800000000000004,synthetic,ALL,not_applicable,not_applicable
EXP-01,SYNTHETIC EXPERIMENT,1747,full,664a150484ed2af3,a49454091edc07ae,"{""alpha_a"": 1.0, ""alpha_b"": 0.1, ""kappa_a"": 0.8, ""kappa_b"": 0.08000000000000002, ""n_per_group"": 200000.0}",1.0,0.1,0.8,0.08000000000000002,200000,theoretical_value,0.21600000000000003,synthetic,ALL,not_applicable,not_applicable
EXP-01,SYNTHETIC EXPERIMENT,1747,full,664a150484ed2af3,cc481bb19a6b0b5a,"{""alpha_a"": 1.0, ""alpha_b"": 0.15, ""kappa_a"": 0.8, ""kappa_b"": 0.12, ""n_per_group"": 200000.0}",1.0,0.15,0.8,0.12,200000,theoretical_value,0.20400000000000004,synthetic,ALL,not_applicable,not_applicable
EXP-01,SYNTHETIC EXPERIMENT,1747,full,664a150484ed2af3,fc813012b4b7092e,"{""alpha_a"": 1.0, ""alpha_b"": 0.2, ""kappa_a"": 0.8, ""kappa_b"": 0.16000000000000003, ""n_per_group"": 200000.0}",1.0,0.2,0.8,0.16000000000000003,200000,theoretical_value,0.19200000000000003,synthetic,ALL,not_applicable,not_applicable
EXP-01,SYNTHETIC EXPERIMENT,1747,full,664a150484ed2af3,80e9c6fbe0f19991,"{""alpha_a"": 1.0, ""alpha_b"": 0.25, ""kappa_a"": 0.8, ""kappa_b"": 0.2, ""n_per_group"": 200000.0}",1.0,0.25,0.8,0.2,200000,theoretical_value,0.18000000000000005,synthetic,ALL,not_applicable,not_applicable
EXP-01,SYNTHETIC EXPERIMENT,1747,full,664a150484ed2af3,52aa40ec77179569,"{""alpha_a"": 1.0, ""alpha_b"": 0.3, ""kappa_a"": 0.8, ""kappa_b"": 0.24, ""n_per_group"": 200000.0}",1.0,0.3,0.8,0.24,200000,theoretical_value,0.16800000000000004,synthetic,ALL,not_applicable,not_applicable
EXP-01,SYNTHETIC EXPERIMENT,1747,full,664a150484ed2af3,0d10be1ecbb2d950,"{""alpha_a"": 1.0, ""alpha_b"": 0.35, ""kappa_a"": 0.8, ""kappa_b"": 0.27999999999999997, ""n_per_group"": 200000.0}",1.0,0.35,0.8,0.27999999999999997,200000,theoretical_value,0.15600000000000003,synthetic,ALL,not_applicable,not_applicable
EXP-01,SYNTHETIC EXPERIMENT,1747,full,664a150484ed2af3,8c1caf3d867f4d4f,"{""alpha_a"": 1.0, ""alpha_b"": 0.4, ""kappa_a"": 0.8, ""kappa_b"": 0.32000000000000006, ""n_per_group"": 200000.0}",1.0,0.4,0.8,0.32000000000000006,200000,theoretical_value,0.14400000000000002,synthetic,ALL,not_applicable,not_applicable
EXP-01,SYNTHETIC EXPERIMENT,1747,full,664a150484ed2af3,e94e5c7b51f82ad1,"{""alpha_a"": 1.0, ""alpha_b"": 0.45, ""kappa_a"": 0.8, ""kappa_b"": 0.36000000000000004, ""n_per_group"": 200000.0}",1.0,0.45,0.8,0.36000000000000004,200000,theoretical_value,0.13200000000000003,synthetic,ALL,not_applicable,not_applicable
EXP-01,SYNTHETIC EXPERIMENT,1747,full,664a150484ed2af3,b85d6f9bfbdb7274,"{""alpha_a"": 1.0, ""alpha_b"": 0.5, ""kappa_a"": 0.8, ""kappa_b"": 0.4, ""n_per_group"": 200000.0}",1.0,0.5,0.8,0.4,200000,theoretical_value,0.12000000000000002,synthetic,ALL,not_applicable,not_applicable
EXP-01,SYNTHETIC EXPERIMENT,1747,full,664a150484ed2af3,87186b121909ae7d,"{""alpha_a"": 1.0, ""alpha_b"": 0.55, ""kappa_a"": 0.8, ""kappa_b"": 0.44000000000000006, ""n_per_group"": 200000.0}",1.0,0.55,0.8,0.44000000000000006,200000,theoretical_value,0.10800000000000001,synthetic,ALL,not_applicable,not_applicable
EXP-01,SYNTHETIC EXPERIMENT,1747,full,664a150484ed2af3,6d7f419530a493fb,"{""alpha_a"": 1.0, ""alpha_b"": 0.6, ""kappa_a"": 0.8, ""kappa_b"": 0.48, ""n_per_group"": 200000.0}",1.0,0.6,0.8,0.48,200000,theoretical_value,0.09600000000000003,synthetic,ALL,not_applicable,not_applicable
EXP-01,SYNTHETIC EXPERIMENT,1747,full,664a150484ed2af3,aa98dcb952c92d8b,"{""alpha_a"": 1.0, ""alpha_b"": 0.65, ""kappa_a"": 0.8, ""kappa_b"": 0.52, ""n_per_group"": 200000.0}",1.0,0.65,0.8,0.52,200000,theoretical_value,0.08400000000000002,synthetic,ALL,not_applicable,not_applicable
EXP-01,SYNTHETIC EXPERIMENT,1747,full,664a150484ed2af3,dfadfc5954bc9544,"{""alpha_a"": 1.0, ""alpha_b"": 0.7, ""kappa_a"": 0.8, ""kappa_b"": 0.5599999999999999, ""n_per_group"": 200000.0}",1.0,0.7,0.8,0.5599999999999999,200000,theoretical_value,0.07200000000000004,synthetic,ALL,not_applicable,not_applicable
EXP-01,SYNTHETIC EXPERIMENT,1747,full,664a150484ed2af3,ab199ab5679d0861,"{""alpha_a"": 1.0, ""alpha_b"": 0.75, ""kappa_a"": 0.8, ""kappa_b"": 0.6000000000000001, ""n_per_group"": 200000.0}",1.0,0.75,0.8,0.6000000000000001,200000,theoretical_value,0.06,synthetic,ALL,not_applicable,not_applicable
EXP-01,SYNTHETIC EXPERIMENT,1747,full,664a150484ed2af3,5973fabcadefed44,"{""alpha_a"": 1.0, ""alpha_b"": 0.8, ""kappa_a"": 0.8, ""kappa_b"": 0.6400000000000001, ""n_per_group"": 200000.0}",1.0,0.8,0.8,0.6400000000000001,200000,theoretical_value,0.04799999999999998,synthetic,ALL,not_applicable,not_applicable
EXP-01,SYNTHETIC EXPERIMENT,1747,full,664a150484ed2af3,1af21e3107bce179,"{""alpha_a"": 1.0, ""alpha_b"": 0.85, ""kappa_a"": 0.8, ""kappa_b"": 0.68, ""n_per_group"": 200000.0}",1.0,0.85,0.8,0.68,200000,theoretical_value,0.036000000000000004,synthetic,ALL,not_applicable,not_applicable
EXP-01,SYNTHETIC EXPERIMENT,1747,full,664a150484ed2af3,5ff3a7d612399c5f,"{""alpha_a"": 1.0, ""alpha_b"": 0.9, ""kappa_a"": 0.8, ""kappa_b"": 0.7200000000000001, ""n_per_group"": 200000.0}",1.0,0.9,0.8,0.7200000000000001,200000,theoretical_value,0.02399999999999999,synthetic,ALL,not_applicable,not_applicable
EXP-01,SYNTHETIC EXPERIMENT,1747,full,664a150484ed2af3,0099810ce775e549,"{""alpha_a"": 1.0, ""alpha_b"": 0.95, ""kappa_a"": 0.8, ""kappa_b"": 0.76, ""n_per_group"": 200000.0}",1.0,0.95,0.8,0.76,200000,theoretical_value,0.012000000000000012,synthetic,ALL,not_applicable,not_applicable
EXP-01,SYNTHETIC EXPERIMENT,1747,full,664a150484ed2af3,2450bd4c8c541d36,"{""alpha_a"": 1.0, ""alpha_b"": 1.0, ""kappa_a"": 0.8, ""kappa_b"": 0.8, ""n_per_group"": 200000.0}",1.0,1.0,0.8,0.8,200000,theoretical_value,0.0,synthetic,ALL,not_applicable,not_applicable
EXP-01,SYNTHETIC EXPERIMENT,1747,full,664a150484ed2af3,d677c370f64041a5,"{""alpha_a"": 0.0, ""alpha_b"": 0.0, ""kappa_a"": 0.0, ""kappa_b"": 0.0, ""n_per_group"": 200000.0}",0.0,0.0,0.0,0.0,200000,theoretical_signed_gap,0.0,synthetic,ALL,not_applicable,not_applicable
EXP-01,SYNTHETIC EXPERIMENT,1747,full,664a150484ed2af3,ee15a83f63fdf3a4,"{""alpha_a"": 0.0, ""alpha_b"": 0.05, ""kappa_a"": 0.0, ""kappa_b"": 0.04000000000000001, ""n_per_group"": 200000.0}",0.0,0.05,0.0,0.04000000000000001,200000,theoretical_signed_gap,-0.012000000000000004,synthetic,ALL,not_applicable,not_applicable
EXP-01,SYNTHETIC EXPERIMENT,1747,full,664a150484ed2af3,9f213ad987e10721,"{""alpha_a"": 0.0, ""alpha_b"": 0.1, ""kappa_a"": 0.0, ""kappa_b"": 0.08000000000000002, ""n_per_group"": 200000.0}",0.0,0.1,0.0,0.08000000000000002,200000,theoretical_signed_gap,-0.024000000000000007,synthetic,ALL,not_applicable,not_applicable
EXP-01,SYNTHETIC EXPERIMENT,1747,full,664a150484ed2af3,a50ea05cc3632546,"{""alpha_a"": 0.0, ""alpha_b"": 0.15, ""kappa_a"": 0.0, ""kappa_b"": 0.12, ""n_per_group"": 200000.0}",0.0,0.15,0.0,0.12,200000,theoretical_signed_gap,-0.036000000000000004,synthetic,ALL,not_applicable,not_applicable
EXP-01,SYNTHETIC EXPERIMENT,1747,full,664a150484ed2af3,cb7d140ab1af89e3,"{""alpha_a"": 0.0, ""alpha_b"": 0.2, ""kappa_a"": 0.0, ""kappa_b"": 0.16000000000000003, ""n_per_group"": 200000.0}",0.0,0.2,0.0,0.16000000000000003,200000,theoretical_signed_gap,-0.048000000000000015,synthetic,ALL,not_applicable,not_applicable
EXP-01,SYNTHETIC EXPERIMENT,1747,full,664a150484ed2af3,07a82f8c8509babe,"{""alpha_a"": 0.0, ""alpha_b"": 0.25, ""kappa_a"": 0.0, ""kappa_b"": 0.2, ""n_per_group"": 200000.0}",0.0,0.25,0.0,0.2,200000,theoretical_signed_gap,-0.06000000000000001,synthetic,ALL,not_applicable,not_applicable
EXP-01,SYNTHETIC EXPERIMENT,1747,full,664a150484ed2af3,c7201cceb6eba04e,"{""alpha_a"": 0.0, ""alpha_b"": 0.3, ""kappa_a"": 0.0, ""kappa_b"": 0.24, ""n_per_group"": 200000.0}",0.0,0.3,0.0,0.24,200000,theoretical_signed_gap,-0.07200000000000001,synthetic,ALL,not_applicable,not_applicable
EXP-01,SYNTHETIC EXPERIMENT,1747,full,664a150484ed2af3,2d0c1d2bc4d99071,"{""alpha_a"": 0.0, ""alpha_b"": 0.35, ""kappa_a"": 0.0, ""kappa_b"": 0.27999999999999997, ""n_per_group"": 200000.0}",0.0,0.35,0.0,0.27999999999999997,200000,theoretical_signed_gap,-0.084,synthetic,ALL,not_applicable,not_applicable
EXP-01,SYNTHETIC EXPERIMENT,1747,full,664a150484ed2af3,94e82436bcbea66c,"{""alpha_a"": 0.0, ""alpha_b"": 0.4, ""kappa_a"": 0.0, ""kappa_b"": 0.32000000000000006, ""n_per_group"": 200000.0}",0.0,0.4,0.0,0.32000000000000006,200000,theoretical_signed_gap,-0.09600000000000003,synthetic,ALL,not_applicable,not_applicable
EXP-01,SYNTHETIC EXPERIMENT,1747,full,664a150484ed2af3,7a738e25c58974de,"{""alpha_a"": 0.0, ""alpha_b"": 0.45, ""kappa_a"": 0.0, ""kappa_b"": 0.36000000000000004, ""n_per_group"": 200000.0}",0.0,0.45,0.0,0.36000000000000004,200000,theoretical_signed_gap,-0.10800000000000003,synthetic,ALL,not_applicable,not_applicable
EXP-01,SYNTHETIC EXPERIMENT,1747,full,664a150484ed2af3,9be7822385526acd,"{""alpha_a"": 0.0, ""alpha_b"": 0.5, ""kappa_a"": 0.0, ""kappa_b"": 0.4, ""n_per_group"": 200000.0}",0.0,0.5,0.0,0.4,200000,theoretical_signed_gap,-0.12000000000000002,synthetic,ALL,not_applicable,not_applicable
EXP-01,SYNTHETIC EXPERIMENT,1747,full,664a150484ed2af3,d187a1a86360d4a1,"{""alpha_a"": 0.0, ""alpha_b"": 0.55, ""kappa_a"": 0.0, ""kappa_b"": 0.44000000000000006, ""n_per_group"": 200000.0}",0.0,0.55,0.0,0.44000000000000006,200000,theoretical_signed_gap,-0.13200000000000003,synthetic,ALL,not_applicable,not_applicable
EXP-01,SYNTHETIC EXPERIMENT,1747,full,664a150484ed2af3,f099a38496da6d21,"{""alpha_a"": 0.0, ""alpha_b"": 0.6, ""kappa_a"": 0.0, ""kappa_b"": 0.48, ""n_per_group"": 200000.0}",0.0,0.6,0.0,0.48,200000,theoretical_signed_gap,-0.14400000000000002,synthetic,ALL,not_applicable,not_applicable
EXP-01,SYNTHETIC EXPERIMENT,1747,full,664a150484ed2af3,6425c81b89dd6306,"{""alpha_a"": 0.0, ""alpha_b"": 0.65, ""kappa_a"": 0.0, ""kappa_b"": 0.52, ""n_per_group"": 200000.0}",0.0,0.65,0.0,0.52,200000,theoretical_signed_gap,-0.15600000000000003,synthetic,ALL,not_applicable,not_applicable
EXP-01,SYNTHETIC EXPERIMENT,1747,full,664a150484ed2af3,c187d229ad634965,"{""alpha_a"": 0.0, ""alpha_b"": 0.7, ""kappa_a"": 0.0, ""kappa_b"": 0.5599999999999999, ""n_per_group"": 200000.0}",0.0,0.7,0.0,0.5599999999999999,200000,theoretical_signed_gap,-0.168,synthetic,ALL,not_applicable,not_applicable
EXP-01,SYNTHETIC EXPERIMENT,1747,full,664a150484ed2af3,26c153d1fce459b2,"{""alpha_a"": 0.0, ""alpha_b"": 0.75, ""kappa_a"": 0.0, ""kappa_b"": 0.6000000000000001, ""n_per_group"": 200000.0}",0.0,0.75,0.0,0.6000000000000001,200000,theoretical_signed_gap,-0.18000000000000005,synthetic,ALL,not_applicable,not_applicable
EXP-01,SYNTHETIC EXPERIMENT,1747,full,664a150484ed2af3,82cd72741378faa9,"{""alpha_a"": 0.0, ""alpha_b"": 0.8, ""kappa_a"": 0.0, ""kappa_b"": 0.6400000000000001, ""n_per_group"": 200000.0}",0.0,0.8,0.0,0.6400000000000001,200000,theoretical_signed_gap,-0.19200000000000006,synthetic,ALL,not_applicable,not_applicable
EXP-01,SYNTHETIC EXPERIMENT,1747,full,664a150484ed2af3,53b00f6023d4c902,"{""alpha_a"": 0.0, ""alpha_b"": 0.85, ""kappa_a"": 0.0, ""kappa_b"": 0.68, ""n_per_group"": 200000.0}",0.0,0.85,0.0,0.68,200000,theoretical_signed_gap,-0.20400000000000004,synthetic,ALL,not_applicable,not_applicable
EXP-01,SYNTHETIC EXPERIMENT,1747,full,664a150484ed2af3,a3219e109d91ed33,"{""alpha_a"": 0.0, ""alpha_b"": 0.9, ""kappa_a"": 0.0, ""kappa_b"": 0.7200000000000001, ""n_per_group"": 200000.0}",0.0,0.9,0.0,0.7200000000000001,200000,theoretical_signed_gap,-0.21600000000000005,synthetic,ALL,not_applicable,not_applicable
EXP-01,SYNTHETIC EXPERIMENT,1747,full,664a150484ed2af3,f19beb43b18b3e3a,"{""alpha_a"": 0.0, ""alpha_b"": 0.95, ""kappa_a"": 0.0, ""kappa_b"": 0.76, ""n_per_group"": 200000.0}",0.0,0.95,0.0,0.76,200000,theoretical_signed_gap,-0.22800000000000004,synthetic,ALL,not_applicable,not_applicable
EXP-01,SYNTHETIC EXPERIMENT,1747,full,664a150484ed2af3,e9c1bbf887ad5156,"{""alpha_a"": 0.0, ""alpha_b"": 1.0, ""kappa_a"": 0.0, ""kappa_b"": 0.8, ""n_per_group"": 200000.0}",0.0,1.0,0.0,0.8,200000,theoretical_signed_gap,-0.24000000000000005,synthetic,ALL,not_applicable,not_applicable
EXP-01,SYNTHETIC EXPERIMENT,1747,full,664a150484ed2af3,517bf43b25015681,"{""alpha_a"": 0.05, ""alpha_b"": 0.0, ""kappa_a"": 0.04000000000000001, ""kappa_b"": 0.0, ""n_per_group"": 200000.0}",0.05,0.0,0.04000000000000001,0.0,200000,theoretical_signed_gap,0.012000000000000004,synthetic,ALL,not_applicable,not_applicable
EXP-01,SYNTHETIC EXPERIMENT,1747,full,664a150484ed2af3,928165d19889b44d,"{""alpha_a"": 0.05, ""alpha_b"": 0.05, ""kappa_a"": 0.04000000000000001, ""kappa_b"": 0.04000000000000001, ""n_per_group"": 200000.0}",0.05,0.05,0.04000000000000001,0.04000000000000001,200000,theoretical_signed_gap,0.0,synthetic,ALL,not_applicable,not_applicable
EXP-01,SYNTHETIC EXPERIMENT,1747,full,664a150484ed2af3,4dcbefe78bb965fa,"{""alpha_a"": 0.05, ""alpha_b"": 0.1, ""kappa_a"": 0.04000000000000001, ""kappa_b"": 0.08000000000000002, ""n_per_group"": 200000.0}",0.05,0.1,0.04000000000000001,0.08000000000000002,200000,theoretical_signed_gap,-0.012000000000000004,synthetic,ALL,not_applicable,not_applicable
EXP-01,SYNTHETIC EXPERIMENT,1747,full,664a150484ed2af3,3d8bba13e37d12a2,"{""alpha_a"": 0.05, ""alpha_b"": 0.15, ""kappa_a"": 0.04000000000000001, ""kappa_b"": 0.12, ""n_per_group"": 200000.0}",0.05,0.15,0.04000000000000001,0.12,200000,theoretical_signed_gap,-0.024,synthetic,ALL,not_applicable,not_applicable
EXP-01,SYNTHETIC EXPERIMENT,1747,full,664a150484ed2af3,248cb25828144e14,"{""alpha_a"": 0.05, ""alpha_b"": 0.2, ""kappa_a"": 0.04000000000000001, ""kappa_b"": 0.16000000000000003, ""n_per_group"": 200000.0}",0.05,0.2,0.04000000000000001,0.16000000000000003,200000,theoretical_signed_gap,-0.03600000000000001,synthetic,ALL,not_applicable,not_applicable
EXP-01,SYNTHETIC EXPERIMENT,1747,full,664a150484ed2af3,bf8a90fef670b5c1,"{""alpha_a"": 0.05, ""alpha_b"": 0.25, ""kappa_a"": 0.04000000000000001, ""kappa_b"": 0.2, ""n_per_group"": 200000.0}",0.05,0.25,0.04000000000000001,0.2,200000,theoretical_signed_gap,-0.04800000000000001,synthetic,ALL,not_applicable,not_applicable
EXP-01,SYNTHETIC EXPERIMENT,1747,full,664a150484ed2af3,b4c4a034cc6a3477,"{""alpha_a"": 0.05, ""alpha_b"": 0.3, ""kappa_a"": 0.04000000000000001, ""kappa_b"": 0.24, ""n_per_group"": 200000.0}",0.05,0.3,0.04000000000000001,0.24,200000,theoretical_signed_gap,-0.060000000000000005,synthetic,ALL,not_applicable,not_applicable
EXP-01,SYNTHETIC EXPERIMENT,1747,full,664a150484ed2af3,515389475eead2e0,"{""alpha_a"": 0.05, ""alpha_b"": 0.35, ""kappa_a"": 0.04000000000000001, ""kappa_b"": 0.27999999999999997, ""n_per_group"": 200000.0}",0.05,0.35,0.04000000000000001,0.27999999999999997,200000,theoretical_signed_gap,-0.072,synthetic,ALL,not_applicable,not_applicable
EXP-01,SYNTHETIC EXPERIMENT,1747,full,664a150484ed2af3,4e99ed3934b7d2fb,"{""alpha_a"": 0.05, ""alpha_b"": 0.4, ""kappa_a"": 0.04000000000000001, ""kappa_b"": 0.32000000000000006, ""n_per_group"": 200000.0}",0.05,0.4,0.04000000000000001,0.32000000000000006,200000,theoretical_signed_gap,-0.08400000000000002,synthetic,ALL,not_applicable,not_applicable
EXP-01,SYNTHETIC EXPERIMENT,1747,full,664a150484ed2af3,515a1d9d2839ad0d,"{""alpha_a"": 0.05, ""alpha_b"": 0.45, ""kappa_a"": 0.04000000000000001, ""kappa_b"": 0.36000000000000004, ""n_per_group"": 200000.0}",0.05,0.45,0.04000000000000001,0.36000000000000004,200000,theoretical_signed_gap,-0.09600000000000003,synthetic,ALL,not_applicable,not_applicable
EXP-01,SYNTHETIC EXPERIMENT,1747,full,664a150484ed2af3,7a32c7a4f1c13764,"{""alpha_a"": 0.05, ""alpha_b"": 0.5, ""kappa_a"": 0.04000000000000001, ""kappa_b"": 0.4, ""n_per_group"": 200000.0}",0.05,0.5,0.04000000000000001,0.4,200000,theoretical_signed_gap,-0.10800000000000001,synthetic,ALL,not_applicable,not_applicable
EXP-01,SYNTHETIC EXPERIMENT,1747,full,664a150484ed2af3,d522d392978a95b8,"{""alpha_a"": 0.05, ""alpha_b"": 0.55, ""kappa_a"": 0.04000000000000001, ""kappa_b"": 0.44000000000000006, ""n_per_group"": 200000.0}",0.05,0.55,0.04000000000000001,0.44000000000000006,200000,theoretical_signed_gap,-0.12000000000000002,synthetic,ALL,not_applicable,not_applicable
EXP-01,SYNTHETIC EXPERIMENT,1747,full,664a150484ed2af3,ec4724289873e8c4,"{""alpha_a"": 0.05, ""alpha_b"": 0.6, ""kappa_a"": 0.04000000000000001, ""kappa_b"": 0.48, ""n_per_group"": 200000.0}",0.05,0.6,0.04000000000000001,0.48,200000,theoretical_signed_gap,-0.132,synthetic,ALL,not_applicable,not_applicable
EXP-01,SYNTHETIC EXPERIMENT,1747,full,664a150484ed2af3,26755716f1dba749,"{""alpha_a"": 0.05, ""alpha_b"": 0.65, ""kappa_a"": 0.04000000000000001, ""kappa_b"": 0.52, ""n_per_group"": 200000.0}",0.05,0.65,0.04000000000000001,0.52,200000,theoretical_signed_gap,-0.14400000000000002,synthetic,ALL,not_applicable,not_applicable
EXP-01,SYNTHETIC EXPERIMENT,1747,full,664a150484ed2af3,0f638c1854f1970d,"{""alpha_a"": 0.05, ""alpha_b"": 0.7, ""kappa_a"": 0.04000000000000001, ""kappa_b"": 0.5599999999999999, ""n_per_group"": 200000.0}",0.05,0.7,0.04000000000000001,0.5599999999999999,200000,theoretical_signed_gap,-0.156,synthetic,ALL,not_applicable,not_applicable
EXP-01,SYNTHETIC EXPERIMENT,1747,full,664a150484ed2af3,26d544bc09ce66a9,"{""alpha_a"": 0.05, ""alpha_b"": 0.75, ""kappa_a"": 0.04000000000000001, ""kappa_b"": 0.6000000000000001, ""n_per_group"": 200000.0}",0.05,0.75,0.04000000000000001,0.6000000000000001,200000,theoretical_signed_gap,-0.16800000000000004,synthetic,ALL,not_applicable,not_applicable
EXP-01,SYNTHETIC EXPERIMENT,1747,full,664a150484ed2af3,23237d59319bfd07,"{""alpha_a"": 0.05, ""alpha_b"": 0.8, ""kappa_a"": 0.04000000000000001, ""kappa_b"": 0.6400000000000001, ""n_per_group"": 200000.0}",0.05,0.8,0.04000000000000001,0.6400000000000001,200000,theoretical_signed_gap,-0.18000000000000005,synthetic,ALL,not_applicable,not_applicable
EXP-01,SYNTHETIC EXPERIMENT,1747,full,664a150484ed2af3,738e962e48b78cff,"{""alpha_a"": 0.05, ""alpha_b"": 0.85, ""kappa_a"": 0.04000000000000001, ""kappa_b"": 0.68, ""n_per_group"": 200000.0}",0.05,0.85,0.04000000000000001,0.68,200000,theoretical_signed_gap,-0.19200000000000003,synthetic,ALL,not_applicable,not_applicable
EXP-01,SYNTHETIC EXPERIMENT,1747,full,664a150484ed2af3,76f5bf6fdc152914,"{""alpha_a"": 0.05, ""alpha_b"": 0.9, ""kappa_a"": 0.04000000000000001, ""kappa_b"": 0.7200000000000001, ""n_per_group"": 200000.0}",0.05,0.9,0.04000000000000001,0.7200000000000001,200000,theoretical_signed_gap,-0.20400000000000004,synthetic,ALL,not_applicable,not_applicable
EXP-01,SYNTHETIC EXPERIMENT,1747,full,664a150484ed2af3,ee689fe85a37c279,"{""alpha_a"": 0.05, ""alpha_b"": 0.95, ""kappa_a"": 0.04000000000000001, ""kappa_b"": 0.76, ""n_per_group"": 200000.0}",0.05,0.95,0.04000000000000001,0.76,200000,theoretical_signed_gap,-0.21600000000000003,synthetic,ALL,not_applicable,not_applicable
EXP-01,SYNTHETIC EXPERIMENT,1747,full,664a150484ed2af3,ddcb1a1882664933,"{""alpha_a"": 0.05, ""alpha_b"": 1.0, ""kappa_a"": 0.04000000000000001, ""kappa_b"": 0.8, ""n_per_group"": 200000.0}",0.05,1.0,0.04000000000000001,0.8,200000,theoretical_signed_gap,-0.22800000000000004,synthetic,ALL,not_applicable,not_applicable
EXP-01,SYNTHETIC EXPERIMENT,1747,full,664a150484ed2af3,a2915cafe1d6465a,"{""alpha_a"": 0.1, ""alpha_b"": 0.0, ""kappa_a"": 0.08000000000000002, ""kappa_b"": 0.0, ""n_per_group"": 200000.0}",0.1,0.0,0.08000000000000002,0.0,200000,theoretical_signed_gap,0.024000000000000007,synthetic,ALL,not_applicable,not_applicable
EXP-01,SYNTHETIC EXPERIMENT,1747,full,664a150484ed2af3,120f7c547c56a2ff,"{""alpha_a"": 0.1, ""alpha_b"": 0.05, ""kappa_a"": 0.08000000000000002, ""kappa_b"": 0.04000000000000001, ""n_per_group"": 200000.0}",0.1,0.05,0.08000000000000002,0.04000000000000001,200000,theoretical_signed_gap,0.012000000000000004,synthetic,ALL,not_applicable,not_applicable
EXP-01,SYNTHETIC EXPERIMENT,1747,full,664a150484ed2af3,7e2d1f708c0627fb,"{""alpha_a"": 0.1, ""alpha_b"": 0.1, ""kappa_a"": 0.08000000000000002, ""kappa_b"": 0.08000000000000002, ""n_per_group"": 200000.0}",0.1,0.1,0.08000000000000002,0.08000000000000002,200000,theoretical_signed_gap,0.0,synthetic,ALL,not_applicable,not_applicable
EXP-01,SYNTHETIC EXPERIMENT,1747,full,664a150484ed2af3,d997930dab72759f,"{""alpha_a"": 0.1, ""alpha_b"": 0.15, ""kappa_a"": 0.08000000000000002, ""kappa_b"": 0.12, ""n_per_group"": 200000.0}",0.1,0.15,0.08000000000000002,0.12,200000,theoretical_signed_gap,-0.011999999999999995,synthetic,ALL,not_applicable,not_applicable
EXP-01,SYNTHETIC EXPERIMENT,1747,full,664a150484ed2af3,ad103656ed8d7f0b,"{""alpha_a"": 0.1, ""alpha_b"": 0.2, ""kappa_a"": 0.08000000000000002, ""kappa_b"": 0.16000000000000003, ""n_per_group"": 200000.0}",0.1,0.2,0.08000000000000002,0.16000000000000003,200000,theoretical_signed_gap,-0.024000000000000007,synthetic,ALL,not_applicable,not_applicable
EXP-01,SYNTHETIC EXPERIMENT,1747,full,664a150484ed2af3,c14ae267f5e9ca55,"{""alpha_a"": 0.1, ""alpha_b"": 0.25, ""kappa_a"": 0.08000000000000002, ""kappa_b"": 0.2, ""n_per_group"": 200000.0}",0.1,0.25,0.08000000000000002,0.2,200000,theoretical_signed_gap,-0.036000000000000004,synthetic,ALL,not_applicable,not_applicable
EXP-01,SYNTHETIC EXPERIMENT,1747,full,664a150484ed2af3,c5eb1f7d126e4e5c,"{""alpha_a"": 0.1, ""alpha_b"": 0.3, ""kappa_a"": 0.08000000000000002, ""kappa_b"": 0.24, ""n_per_group"": 200000.0}",0.1,0.3,0.08000000000000002,0.24,200000,theoretical_signed_gap,-0.048,synthetic,ALL,not_applicable,not_applicable
EXP-01,SYNTHETIC EXPERIMENT,1747,full,664a150484ed2af3,b89305dece33fe6b,"{""alpha_a"": 0.1, ""alpha_b"": 0.35, ""kappa_a"": 0.08000000000000002, ""kappa_b"": 0.27999999999999997, ""n_per_group"": 200000.0}",0.1,0.35,0.08000000000000002,0.27999999999999997,200000,theoretical_signed_gap,-0.06,synthetic,ALL,not_applicable,not_applicable
EXP-01,SYNTHETIC EXPERIMENT,1747,full,664a150484ed2af3,684fda3d6416ed53,"{""alpha_a"": 0.1, ""alpha_b"": 0.4, ""kappa_a"": 0.08000000000000002, ""kappa_b"": 0.32000000000000006, ""n_per_group"": 200000.0}",0.1,0.4,0.08000000000000002,0.32000000000000006,200000,theoretical_signed_gap,-0.07200000000000002,synthetic,ALL,not_applicable,not_applicable
EXP-01,SYNTHETIC EXPERIMENT,1747,full,664a150484ed2af3,259b09bf1fb9895d,"{""alpha_a"": 0.1, ""alpha_b"": 0.45, ""kappa_a"": 0.08000000000000002, ""kappa_b"": 0.36000000000000004, ""n_per_group"": 200000.0}",0.1,0.45,0.08000000000000002,0.36000000000000004,200000,theoretical_signed_gap,-0.08400000000000002,synthetic,ALL,not_applicable,not_applicable
EXP-01,SYNTHETIC EXPERIMENT,1747,full,664a150484ed2af3,1c9e3d54c99d81ff,"{""alpha_a"": 0.1, ""alpha_b"": 0.5, ""kappa_a"": 0.08000000000000002, ""kappa_b"": 0.4, ""n_per_group"": 200000.0}",0.1,0.5,0.08000000000000002,0.4,200000,theoretical_signed_gap,-0.09600000000000002,synthetic,ALL,not_applicable,not_applicable
EXP-01,SYNTHETIC EXPERIMENT,1747,full,664a150484ed2af3,d621968872180cc4,"{""alpha_a"": 0.1, ""alpha_b"": 0.55, ""kappa_a"": 0.08000000000000002, ""kappa_b"": 0.44000000000000006, ""n_per_group"": 200000.0}",0.1,0.55,0.08000000000000002,0.44000000000000006,200000,theoretical_signed_gap,-0.10800000000000003,synthetic,ALL,not_applicable,not_applicable
EXP-01,SYNTHETIC EXPERIMENT,1747,full,664a150484ed2af3,5fee5e1447dee117,"{""alpha_a"": 0.1, ""alpha_b"": 0.6, ""kappa_a"": 0.08000000000000002, ""kappa_b"": 0.48, ""n_per_group"": 200000.0}",0.1,0.6,0.08000000000000002,0.48,200000,theoretical_signed_gap,-0.12000000000000001,synthetic,ALL,not_applicable,not_applicable
EXP-01,SYNTHETIC EXPERIMENT,1747,full,664a150484ed2af3,ac09b83643b65a98,"{""alpha_a"": 0.1, ""alpha_b"": 0.65, ""kappa_a"": 0.08000000000000002, ""kappa_b"": 0.52, ""n_per_group"": 200000.0}",0.1,0.65,0.08000000000000002,0.52,200000,theoretical_signed_gap,-0.13200000000000003,synthetic,ALL,not_applicable,not_applicable
EXP-01,SYNTHETIC EXPERIMENT,1747,full,664a150484ed2af3,f014871fe5af6f7d,"{""alpha_a"": 0.1, ""alpha_b"": 0.7, ""kappa_a"": 0.08000000000000002, ""kappa_b"": 0.5599999999999999, ""n_per_group"": 200000.0}",0.1,0.7,0.08000000000000002,0.5599999999999999,200000,theoretical_signed_gap,-0.144,synthetic,ALL,not_applicable,not_applicable
EXP-01,SYNTHETIC EXPERIMENT,1747,full,664a150484ed2af3,be46b326154d4429,"{""alpha_a"": 0.1, ""alpha_b"": 0.75, ""kappa_a"": 0.08000000000000002, ""kappa_b"": 0.6000000000000001, ""n_per_group"": 200000.0}",0.1,0.75,0.08000000000000002,0.6000000000000001,200000,theoretical_signed_gap,-0.15600000000000003,synthetic,ALL,not_applicable,not_applicable
EXP-01,SYNTHETIC EXPERIMENT,1747,full,664a150484ed2af3,b2387e44aaaf2399,"{""alpha_a"": 0.1, ""alpha_b"": 0.8, ""kappa_a"": 0.08000000000000002, ""kappa_b"": 0.6400000000000001, ""n_per_group"": 200000.0}",0.1,0.8,0.08000000000000002,0.6400000000000001,200000,theoretical_signed_gap,-0.16800000000000004,synthetic,ALL,not_applicable,not_applicable
EXP-01,SYNTHETIC EXPERIMENT,1747,full,664a150484ed2af3,c0c424d80b9b50db,"{""alpha_a"": 0.1, ""alpha_b"": 0.85, ""kappa_a"": 0.08000000000000002, ""kappa_b"": 0.68, ""n_per_group"": 200000.0}",0.1,0.85,0.08000000000000002,0.68,200000,theoretical_signed_gap,-0.18000000000000005,synthetic,ALL,not_applicable,not_applicable
EXP-01,SYNTHETIC EXPERIMENT,1747,full,664a150484ed2af3,2f6b0b058412dca4,"{""alpha_a"": 0.1, ""alpha_b"": 0.9, ""kappa_a"": 0.08000000000000002, ""kappa_b"": 0.7200000000000001, ""n_per_group"": 200000.0}",0.1,0.9,0.08000000000000002,0.7200000000000001,200000,theoretical_signed_gap,-0.19200000000000006,synthetic,ALL,not_applicable,not_applicable
EXP-01,SYNTHETIC EXPERIMENT,1747,full,664a150484ed2af3,1815c76d78805582,"{""alpha_a"": 0.1, ""alpha_b"": 0.95, ""kappa_a"": 0.08000000000000002, ""kappa_b"": 0.76, ""n_per_group"": 200000.0}",0.1,0.95,0.08000000000000002,0.76,200000,theoretical_signed_gap,-0.20400000000000001,synthetic,ALL,not_applicable,not_applicable
EXP-01,SYNTHETIC EXPERIMENT,1747,full,664a150484ed2af3,89ea702ee98ea51c,"{""alpha_a"": 0.1, ""alpha_b"": 1.0, ""kappa_a"": 0.08000000000000002, ""kappa_b"": 0.8, ""n_per_group"": 200000.0}",0.1,1.0,0.08000000000000002,0.8,200000,theoretical_signed_gap,-0.21600000000000003,synthetic,ALL,not_applicable,not_applicable
EXP-01,SYNTHETIC EXPERIMENT,1747,full,664a150484ed2af3,08b729e9e05a1017,"{""alpha_a"": 0.15, ""alpha_b"": 0.0, ""kappa_a"": 0.12, ""kappa_b"": 0.0, ""n_per_group"": 200000.0}",0.15,0.0,0.12,0.0,200000,theoretical_signed_gap,0.036000000000000004,synthetic,ALL,not_applicable,not_applicable
EXP-01,SYNTHETIC EXPERIMENT,1747,full,664a150484ed2af3,7751e99793084c2b,"{""alpha_a"": 0.15, ""alpha_b"": 0.05, ""kappa_a"": 0.12, ""kappa_b"": 0.04000000000000001, ""n_per_group"": 200000.0}",0.15,0.05,0.12,0.04000000000000001,200000,theoretical_signed_gap,0.024,synthetic,ALL,not_applicable,not_applicable
EXP-01,SYNTHETIC EXPERIMENT,1747,full,664a150484ed2af3,059a983f21c27d05,"{""alpha_a"": 0.15, ""alpha_b"": 0.1, ""kappa_a"": 0.12, ""kappa_b"": 0.08000000000000002, ""n_per_group"": 200000.0}",0.15,0.1,0.12,0.08000000000000002,200000,theoretical_signed_gap,0.011999999999999995,synthetic,ALL,not_applicable,not_applicable
EXP-01,SYNTHETIC EXPERIMENT,1747,full,664a150484ed2af3,83532426754cba0b,"{""alpha_a"": 0.15, ""alpha_b"": 0.15, ""kappa_a"": 0.12, ""kappa_b"": 0.12, ""n_per_group"": 200000.0}",0.15,0.15,0.12,0.12,200000,theoretical_signed_gap,0.0,synthetic,ALL,not_applicable,not_applicable
EXP-01,SYNTHETIC EXPERIMENT,1747,full,664a150484ed2af3,dab075d822cb2e53,"{""alpha_a"": 0.15, ""alpha_b"": 0.2, ""kappa_a"": 0.12, ""kappa_b"": 0.16000000000000003, ""n_per_group"": 200000.0}",0.15,0.2,0.12,0.16000000000000003,200000,theoretical_signed_gap,-0.012000000000000012,synthetic,ALL,not_applicable,not_applicable
EXP-01,SYNTHETIC EXPERIMENT,1747,full,664a150484ed2af3,ff406255e9541ce0,"{""alpha_a"": 0.15, ""alpha_b"": 0.25, ""kappa_a"": 0.12, ""kappa_b"": 0.2, ""n_per_group"": 200000.0}",0.15,0.25,0.12,0.2,200000,theoretical_signed_gap,-0.024000000000000007,synthetic,ALL,not_applicable,not_applicable
EXP-01,SYNTHETIC EXPERIMENT,1747,full,664a150484ed2af3,bc67d0228f2d5dea,"{""alpha_a"": 0.15, ""alpha_b"": 0.3, ""kappa_a"": 0.12, ""kappa_b"": 0.24, ""n_per_group"": 200000.0}",0.15,0.3,0.12,0.24,200000,theoretical_signed_gap,-0.036000000000000004,synthetic,ALL,not_applicable,not_applicable
EXP-01,SYNTHETIC EXPERIMENT,1747,full,664a150484ed2af3,6e83edbdd079b951,"{""alpha_a"": 0.15, ""alpha_b"": 0.35, ""kappa_a"": 0.12, ""kappa_b"": 0.27999999999999997, ""n_per_group"": 200000.0}",0.15,0.35,0.12,0.27999999999999997,200000,theoretical_signed_gap,-0.048,synthetic,ALL,not_applicable,not_applicable
EXP-01,SYNTHETIC EXPERIMENT,1747,full,664a150484ed2af3,036e8f34c32b5e42,"{""alpha_a"": 0.15, ""alpha_b"": 0.4, ""kappa_a"": 0.12, ""kappa_b"": 0.32000000000000006, ""n_per_group"": 200000.0}",0.15,0.4,0.12,0.32000000000000006,200000,theoretical_signed_gap,-0.060000000000000026,synthetic,ALL,not_applicable,not_applicable
EXP-01,SYNTHETIC EXPERIMENT,1747,full,664a150484ed2af3,acfa907abcae472a,"{""alpha_a"": 0.15, ""alpha_b"": 0.45, ""kappa_a"": 0.12, ""kappa_b"": 0.36000000000000004, ""n_per_group"": 200000.0}",0.15,0.45,0.12,0.36000000000000004,200000,theoretical_signed_gap,-0.07200000000000002,synthetic,ALL,not_applicable,not_applicable
EXP-01,SYNTHETIC EXPERIMENT,1747,full,664a150484ed2af3,a9662090ca98d4f6,"{""alpha_a"": 0.15, ""alpha_b"": 0.5, ""kappa_a"": 0.12, ""kappa_b"": 0.4, ""n_per_group"": 200000.0}",0.15,0.5,0.12,0.4,200000,theoretical_signed_gap,-0.08400000000000002,synthetic,ALL,not_applicable,not_applicable
EXP-01,SYNTHETIC EXPERIMENT,1747,full,664a150484ed2af3,045eff080186688d,"{""alpha_a"": 0.15, ""alpha_b"": 0.55, ""kappa_a"": 0.12, ""kappa_b"": 0.44000000000000006, ""n_per_group"": 200000.0}",0.15,0.55,0.12,0.44000000000000006,200000,theoretical_signed_gap,-0.09600000000000003,synthetic,ALL,not_applicable,not_applicable
EXP-01,SYNTHETIC EXPERIMENT,1747,full,664a150484ed2af3,1a1483085ec0edf2,"{""alpha_a"": 0.15, ""alpha_b"": 0.6, ""kappa_a"": 0.12, ""kappa_b"": 0.48, ""n_per_group"": 200000.0}",0.15,0.6,0.12,0.48,200000,theoretical_signed_gap,-0.10800000000000001,synthetic,ALL,not_applicable,not_applicable
EXP-01,SYNTHETIC EXPERIMENT,1747,full,664a150484ed2af3,6a6a0e31246bf09c,"{""alpha_a"": 0.15, ""alpha_b"": 0.65, ""kappa_a"": 0.12, ""kappa_b"": 0.52, ""n_per_group"": 200000.0}",0.15,0.65,0.12,0.52,200000,theoretical_signed_gap,-0.12000000000000002,synthetic,ALL,not_applicable,not_applicable
EXP-01,SYNTHETIC EXPERIMENT,1747,full,664a150484ed2af3,d10cd4e23035c428,"{""alpha_a"": 0.15, ""alpha_b"": 0.7, ""kappa_a"": 0.12, ""kappa_b"": 0.5599999999999999, ""n_per_group"": 200000.0}",0.15,0.7,0.12,0.5599999999999999,200000,theoretical_signed_gap,-0.132,synthetic,ALL,not_applicable,not_applicable
EXP-01,SYNTHETIC EXPERIMENT,1747,full,664a150484ed2af3,9cb28d943a1dc510,"{""alpha_a"": 0.15, ""alpha_b"": 0.75, ""kappa_a"": 0.12, ""kappa_b"": 0.6000000000000001, ""n_per_group"": 200000.0}",0.15,0.75,0.12,0.6000000000000001,200000,theoretical_signed_gap,-0.14400000000000004,synthetic,ALL,not_applicable,not_applicable
EXP-01,SYNTHETIC EXPERIMENT,1747,full,664a150484ed2af3,8e58a4fc2a580565,"{""alpha_a"": 0.15, ""alpha_b"": 0.8, ""kappa_a"": 0.12, ""kappa_b"": 0.6400000000000001, ""n_per_group"": 200000.0}",0.15,0.8,0.12,0.6400000000000001,200000,theoretical_signed_gap,-0.15600000000000006,synthetic,ALL,not_applicable,not_applicable
EXP-01,SYNTHETIC EXPERIMENT,1747,full,664a150484ed2af3,201a8d3cd827b864,"{""alpha_a"": 0.15, ""alpha_b"": 0.85, ""kappa_a"": 0.12, ""kappa_b"": 0.68, ""n_per_group"": 200000.0}",0.15,0.85,0.12,0.68,200000,theoretical_signed_gap,-0.16800000000000004,synthetic,ALL,not_applicable,not_applicable
EXP-01,SYNTHETIC EXPERIMENT,1747,full,664a150484ed2af3,afd508f6c028d6a9,"{""alpha_a"": 0.15, ""alpha_b"": 0.9, ""kappa_a"": 0.12, ""kappa_b"": 0.7200000000000001, ""n_per_group"": 200000.0}",0.15,0.9,0.12,0.7200000000000001,200000,theoretical_signed_gap,-0.18000000000000005,synthetic,ALL,not_applicable,not_applicable
EXP-01,SYNTHETIC EXPERIMENT,1747,full,664a150484ed2af3,ae3046ae15a815a4,"{""alpha_a"": 0.15, ""alpha_b"": 0.95, ""kappa_a"": 0.12, ""kappa_b"": 0.76, ""n_per_group"": 200000.0}",0.15,0.95,0.12,0.76,200000,theoretical_signed_gap,-0.19200000000000003,synthetic,ALL,not_applicable,not_applicable
EXP-01,SYNTHETIC EXPERIMENT,1747,full,664a150484ed2af3,694c5a71a7871c49,"{""alpha_a"": 0.15, ""alpha_b"": 1.0, ""kappa_a"": 0.12, ""kappa_b"": 0.8, ""n_per_group"": 200000.0}",0.15,1.0,0.12,0.8,200000,theoretical_signed_gap,-0.20400000000000004,synthetic,ALL,not_applicable,not_applicable
EXP-01,SYNTHETIC EXPERIMENT,1747,full,664a150484ed2af3,7febf754872d3919,"{""alpha_a"": 0.2, ""alpha_b"": 0.0, ""kappa_a"": 0.16000000000000003, ""kappa_b"": 0.0, ""n_per_group"": 200000.0}",0.2,0.0,0.16000000000000003,0.0,200000,theoretical_signed_gap,0.048000000000000015,synthetic,ALL,not_applicable,not_applicable
EXP-01,SYNTHETIC EXPERIMENT,1747,full,664a150484ed2af3,af0e88350643e722,"{""alpha_a"": 0.2, ""alpha_b"": 0.05, ""kappa_a"": 0.16000000000000003, ""kappa_b"": 0.04000000000000001, ""n_per_group"": 200000.0}",0.2,0.05,0.16000000000000003,0.04000000000000001,200000,theoretical_signed_gap,0.03600000000000001,synthetic,ALL,not_applicable,not_applicable
EXP-01,SYNTHETIC EXPERIMENT,1747,full,664a150484ed2af3,ebc7988d8059dc14,"{""alpha_a"": 0.2, ""alpha_b"": 0.1, ""kappa_a"": 0.16000000000000003, ""kappa_b"": 0.08000000000000002, ""n_per_group"": 200000.0}",0.2,0.1,0.16000000000000003,0.08000000000000002,200000,theoretical_signed_gap,0.024000000000000007,synthetic,ALL,not_applicable,not_applicable
EXP-01,SYNTHETIC EXPERIMENT,1747,full,664a150484ed2af3,41008b528b1235f7,"{""alpha_a"": 0.2, ""alpha_b"": 0.15, ""kappa_a"": 0.16000000000000003, ""kappa_b"": 0.12, ""n_per_group"": 200000.0}",0.2,0.15,0.16000000000000003,0.12,200000,theoretical_signed_gap,0.012000000000000012,synthetic,ALL,not_applicable,not_applicable
EXP-01,SYNTHETIC EXPERIMENT,1747,full,664a150484ed2af3,a3f00a124577869e,"{""alpha_a"": 0.2, ""alpha_b"": 0.2, ""kappa_a"": 0.16000000000000003, ""kappa_b"": 0.16000000000000003, ""n_per_group"": 200000.0}",0.2,0.2,0.16000000000000003,0.16000000000000003,200000,theoretical_signed_gap,0.0,synthetic,ALL,not_applicable,not_applicable
EXP-01,SYNTHETIC EXPERIMENT,1747,full,664a150484ed2af3,8a2519f2ff1ed8f6,"{""alpha_a"": 0.2, ""alpha_b"": 0.25, ""kappa_a"": 0.16000000000000003, ""kappa_b"": 0.2, ""n_per_group"": 200000.0}",0.2,0.25,0.16000000000000003,0.2,200000,theoretical_signed_gap,-0.011999999999999995,synthetic,ALL,not_applicable,not_applicable
EXP-01,SYNTHETIC EXPERIMENT,1747,full,664a150484ed2af3,b4f261583a3b724a,"{""alpha_a"": 0.2, ""alpha_b"": 0.3, ""kappa_a"": 0.16000000000000003, ""kappa_b"": 0.24, ""n_per_group"": 200000.0}",0.2,0.3,0.16000000000000003,0.24,200000,theoretical_signed_gap,-0.02399999999999999,synthetic,ALL,not_applicable,not_applicable
EXP-01,SYNTHETIC EXPERIMENT,1747,full,664a150484ed2af3,f681b88a7543859f,"{""alpha_a"": 0.2, ""alpha_b"": 0.35, ""kappa_a"": 0.16000000000000003, ""kappa_b"": 0.27999999999999997, ""n_per_group"": 200000.0}",0.2,0.35,0.16000000000000003,0.27999999999999997,200000,theoretical_signed_gap,-0.03599999999999999,synthetic,ALL,not_applicable,not_applicable
EXP-01,SYNTHETIC EXPERIMENT,1747,full,664a150484ed2af3,d20ee4fa0ea4046f,"{""alpha_a"": 0.2, ""alpha_b"": 0.4, ""kappa_a"": 0.16000000000000003, ""kappa_b"": 0.32000000000000006, ""n_per_group"": 200000.0}",0.2,0.4,0.16000000000000003,0.32000000000000006,200000,theoretical_signed_gap,-0.048000000000000015,synthetic,ALL,not_applicable,not_applicable
EXP-01,SYNTHETIC EXPERIMENT,1747,full,664a150484ed2af3,ff7a91fd1b801645,"{""alpha_a"": 0.2, ""alpha_b"": 0.45, ""kappa_a"": 0.16000000000000003, ""kappa_b"": 0.36000000000000004, ""n_per_group"": 200000.0}",0.2,0.45,0.16000000000000003,0.36000000000000004,200000,theoretical_signed_gap,-0.06000000000000001,synthetic,ALL,not_applicable,not_applicable
EXP-01,SYNTHETIC EXPERIMENT,1747,full,664a150484ed2af3,6bfd94f82a5d1ff2,"{""alpha_a"": 0.2, ""alpha_b"": 0.5, ""kappa_a"": 0.16000000000000003, ""kappa_b"": 0.4, ""n_per_group"": 200000.0}",0.2,0.5,0.16000000000000003,0.4,200000,theoretical_signed_gap,-0.07200000000000001,synthetic,ALL,not_applicable,not_applicable
EXP-01,SYNTHETIC EXPERIMENT,1747,full,664a150484ed2af3,40b3681ff1bd5a33,"{""alpha_a"": 0.2, ""alpha_b"": 0.55, ""kappa_a"": 0.16000000000000003, ""kappa_b"": 0.44000000000000006, ""n_per_group"": 200000.0}",0.2,0.55,0.16000000000000003,0.44000000000000006,200000,theoretical_signed_gap,-0.08400000000000002,synthetic,ALL,not_applicable,not_applicable
EXP-01,SYNTHETIC EXPERIMENT,1747,full,664a150484ed2af3,e211bd0acc7eecf6,"{""alpha_a"": 0.2, ""alpha_b"": 0.6, ""kappa_a"": 0.16000000000000003, ""kappa_b"": 0.48, ""n_per_group"": 200000.0}",0.2,0.6,0.16000000000000003,0.48,200000,theoretical_signed_gap,-0.096,synthetic,ALL,not_applicable,not_applicable
EXP-01,SYNTHETIC EXPERIMENT,1747,full,664a150484ed2af3,1e13ae164faf8f41,"{""alpha_a"": 0.2, ""alpha_b"": 0.65, ""kappa_a"": 0.16000000000000003, ""kappa_b"": 0.52, ""n_per_group"": 200000.0}",0.2,0.65,0.16000000000000003,0.52,200000,theoretical_signed_gap,-0.10800000000000001,synthetic,ALL,not_applicable,not_applicable
EXP-01,SYNTHETIC EXPERIMENT,1747,full,664a150484ed2af3,175745f0ccd8d860,"{""alpha_a"": 0.2, ""alpha_b"": 0.7, ""kappa_a"": 0.16000000000000003, ""kappa_b"": 0.5599999999999999, ""n_per_group"": 200000.0}",0.2,0.7,0.16000000000000003,0.5599999999999999,200000,theoretical_signed_gap,-0.12,synthetic,ALL,not_applicable,not_applicable
EXP-01,SYNTHETIC EXPERIMENT,1747,full,664a150484ed2af3,a450449f379465e7,"{""alpha_a"": 0.2, ""alpha_b"": 0.75, ""kappa_a"": 0.16000000000000003, ""kappa_b"": 0.6000000000000001, ""n_per_group"": 200000.0}",0.2,0.75,0.16000000000000003,0.6000000000000001,200000,theoretical_signed_gap,-0.13200000000000003,synthetic,ALL,not_applicable,not_applicable
EXP-01,SYNTHETIC EXPERIMENT,1747,full,664a150484ed2af3,96e35d8738eec7f3,"{""alpha_a"": 0.2, ""alpha_b"": 0.8, ""kappa_a"": 0.16000000000000003, ""kappa_b"": 0.6400000000000001, ""n_per_group"": 200000.0}",0.2,0.8,0.16000000000000003,0.6400000000000001,200000,theoretical_signed_gap,-0.14400000000000004,synthetic,ALL,not_applicable,not_applicable
EXP-01,SYNTHETIC EXPERIMENT,1747,full,664a150484ed2af3,e2761bb3a6a7dfd5,"{""alpha_a"": 0.2, ""alpha_b"": 0.85, ""kappa_a"": 0.16000000000000003, ""kappa_b"": 0.68, ""n_per_group"": 200000.0}",0.2,0.85,0.16000000000000003,0.68,200000,theoretical_signed_gap,-0.15600000000000003,synthetic,ALL,not_applicable,not_applicable
EXP-01,SYNTHETIC EXPERIMENT,1747,full,664a150484ed2af3,96ba37d3d4dda9b2,"{""alpha_a"": 0.2, ""alpha_b"": 0.9, ""kappa_a"": 0.16000000000000003, ""kappa_b"": 0.7200000000000001, ""n_per_group"": 200000.0}",0.2,0.9,0.16000000000000003,0.7200000000000001,200000,theoretical_signed_gap,-0.16800000000000004,synthetic,ALL,not_applicable,not_applicable
EXP-01,SYNTHETIC EXPERIMENT,1747,full,664a150484ed2af3,67c017115584954c,"{""alpha_a"": 0.2, ""alpha_b"": 0.95, ""kappa_a"": 0.16000000000000003, ""kappa_b"": 0.76, ""n_per_group"": 200000.0}",0.2,0.95,0.16000000000000003,0.76,200000,theoretical_signed_gap,-0.18000000000000002,synthetic,ALL,not_applicable,not_applicable
EXP-01,SYNTHETIC EXPERIMENT,1747,full,664a150484ed2af3,308d26abc93558d0,"{""alpha_a"": 0.2, ""alpha_b"": 1.0, ""kappa_a"": 0.16000000000000003, ""kappa_b"": 0.8, ""n_per_group"": 200000.0}",0.2,1.0,0.16000000000000003,0.8,200000,theoretical_signed_gap,-0.19200000000000003,synthetic,ALL,not_applicable,not_applicable
EXP-01,SYNTHETIC EXPERIMENT,1747,full,664a150484ed2af3,d0ef03f67f087104,"{""alpha_a"": 0.25, ""alpha_b"": 0.0, ""kappa_a"": 0.2, ""kappa_b"": 0.0, ""n_per_group"": 200000.0}",0.25,0.0,0.2,0.0,200000,theoretical_signed_gap,0.06000000000000001,synthetic,ALL,not_applicable,not_applicable
EXP-01,SYNTHETIC EXPERIMENT,1747,full,664a150484ed2af3,640da030f4c79e2a,"{""alpha_a"": 0.25, ""alpha_b"": 0.05, ""kappa_a"": 0.2, ""kappa_b"": 0.04000000000000001, ""n_per_group"": 200000.0}",0.25,0.05,0.2,0.04000000000000001,200000,theoretical_signed_gap,0.04800000000000001,synthetic,ALL,not_applicable,not_applicable
EXP-01,SYNTHETIC EXPERIMENT,1747,full,664a150484ed2af3,d35d22f3b88f0655,"{""alpha_a"": 0.25, ""alpha_b"": 0.1, ""kappa_a"": 0.2, ""kappa_b"": 0.08000000000000002, ""n_per_group"": 200000.0}",0.25,0.1,0.2,0.08000000000000002,200000,theoretical_signed_gap,0.036000000000000004,synthetic,ALL,not_applicable,not_applicable
EXP-01,SYNTHETIC EXPERIMENT,1747,full,664a150484ed2af3,36a097142cdadf6f,"{""alpha_a"": 0.25, ""alpha_b"": 0.15, ""kappa_a"": 0.2, ""kappa_b"": 0.12, ""n_per_group"": 200000.0}",0.25,0.15,0.2,0.12,200000,theoretical_signed_gap,0.024000000000000007,synthetic,ALL,not_applicable,not_applicable
EXP-01,SYNTHETIC EXPERIMENT,1747,full,664a150484ed2af3,771ed3facb31defa,"{""alpha_a"": 0.25, ""alpha_b"": 0.2, ""kappa_a"": 0.2, ""kappa_b"": 0.16000000000000003, ""n_per_group"": 200000.0}",0.25,0.2,0.2,0.16000000000000003,200000,theoretical_signed_gap,0.011999999999999995,synthetic,ALL,not_applicable,not_applicable
EXP-01,SYNTHETIC EXPERIMENT,1747,full,664a150484ed2af3,0ef3f92454098838,"{""alpha_a"": 0.25, ""alpha_b"": 0.25, ""kappa_a"": 0.2, ""kappa_b"": 0.2, ""n_per_group"": 200000.0}",0.25,0.25,0.2,0.2,200000,theoretical_signed_gap,0.0,synthetic,ALL,not_applicable,not_applicable
EXP-01,SYNTHETIC EXPERIMENT,1747,full,664a150484ed2af3,69430f02107c86f3,"{""alpha_a"": 0.25, ""alpha_b"": 0.3, ""kappa_a"": 0.2, ""kappa_b"": 0.24, ""n_per_group"": 200000.0}",0.25,0.3,0.2,0.24,200000,theoretical_signed_gap,-0.011999999999999995,synthetic,ALL,not_applicable,not_applicable
EXP-01,SYNTHETIC EXPERIMENT,1747,full,664a150484ed2af3,d7ff82e5394737eb,"{""alpha_a"": 0.25, ""alpha_b"": 0.35, ""kappa_a"": 0.2, ""kappa_b"": 0.27999999999999997, ""n_per_group"": 200000.0}",0.25,0.35,0.2,0.27999999999999997,200000,theoretical_signed_gap,-0.02399999999999999,synthetic,ALL,not_applicable,not_applicable
EXP-01,SYNTHETIC EXPERIMENT,1747,full,664a150484ed2af3,58cbd7267c66f208,"{""alpha_a"": 0.25, ""alpha_b"": 0.4, ""kappa_a"": 0.2, ""kappa_b"": 0.32000000000000006, ""n_per_group"": 200000.0}",0.25,0.4,0.2,0.32000000000000006,200000,theoretical_signed_gap,-0.03600000000000002,synthetic,ALL,not_applicable,not_applicable
EXP-01,SYNTHETIC EXPERIMENT,1747,full,664a150484ed2af3,d0f4d027a21b5961,"{""alpha_a"": 0.25, ""alpha_b"": 0.45, ""kappa_a"": 0.2, ""kappa_b"": 0.36000000000000004, ""n_per_group"": 200000.0}",0.25,0.45,0.2,0.36000000000000004,200000,theoretical_signed_gap,-0.048000000000000015,synthetic,ALL,not_applicable,not_applicable
EXP-01,SYNTHETIC EXPERIMENT,1747,full,664a150484ed2af3,b831345230e1a585,"{""alpha_a"": 0.25, ""alpha_b"": 0.5, ""kappa_a"": 0.2, ""kappa_b"": 0.4, ""n_per_group"": 200000.0}",0.25,0.5,0.2,0.4,200000,theoretical_signed_gap,-0.06000000000000001,synthetic,ALL,not_applicable,not_applicable
EXP-01,SYNTHETIC EXPERIMENT,1747,full,664a150484ed2af3,f1088485738d706a,"{""alpha_a"": 0.25, ""alpha_b"": 0.55, ""kappa_a"": 0.2, ""kappa_b"": 0.44000000000000006, ""n_per_group"": 200000.0}",0.25,0.55,0.2,0.44000000000000006,200000,theoretical_signed_gap,-0.07200000000000002,synthetic,ALL,not_applicable,not_applicable
EXP-01,SYNTHETIC EXPERIMENT,1747,full,664a150484ed2af3,76c9d04638f909c9,"{""alpha_a"": 0.25, ""alpha_b"": 0.6, ""kappa_a"": 0.2, ""kappa_b"": 0.48, ""n_per_group"": 200000.0}",0.25,0.6,0.2,0.48,200000,theoretical_signed_gap,-0.084,synthetic,ALL,not_applicable,not_applicable
EXP-01,SYNTHETIC EXPERIMENT,1747,full,664a150484ed2af3,d1bf2dd0766911b7,"{""alpha_a"": 0.25, ""alpha_b"": 0.65, ""kappa_a"": 0.2, ""kappa_b"": 0.52, ""n_per_group"": 200000.0}",0.25,0.65,0.2,0.52,200000,theoretical_signed_gap,-0.09600000000000002,synthetic,ALL,not_applicable,not_applicable
EXP-01,SYNTHETIC EXPERIMENT,1747,full,664a150484ed2af3,7347765828dc631a,"{""alpha_a"": 0.25, ""alpha_b"": 0.7, ""kappa_a"": 0.2, ""kappa_b"": 0.5599999999999999, ""n_per_group"": 200000.0}",0.25,0.7,0.2,0.5599999999999999,200000,theoretical_signed_gap,-0.108,synthetic,ALL,not_applicable,not_applicable
EXP-01,SYNTHETIC EXPERIMENT,1747,full,664a150484ed2af3,8cd421c278dad9f0,"{""alpha_a"": 0.25, ""alpha_b"": 0.75, ""kappa_a"": 0.2, ""kappa_b"": 0.6000000000000001, ""n_per_group"": 200000.0}",0.25,0.75,0.2,0.6000000000000001,200000,theoretical_signed_gap,-0.12000000000000004,synthetic,ALL,not_applicable,not_applicable
EXP-01,SYNTHETIC EXPERIMENT,1747,full,664a150484ed2af3,a3a8587bfcda0271,"{""alpha_a"": 0.25, ""alpha_b"": 0.8, ""kappa_a"": 0.2, ""kappa_b"": 0.6400000000000001, ""n_per_group"": 200000.0}",0.25,0.8,0.2,0.6400000000000001,200000,theoretical_signed_gap,-0.13200000000000006,synthetic,ALL,not_applicable,not_applicable
EXP-01,SYNTHETIC EXPERIMENT,1747,full,664a150484ed2af3,7f75c4b391283e60,"{""alpha_a"": 0.25, ""alpha_b"": 0.85, ""kappa_a"": 0.2, ""kappa_b"": 0.68, ""n_per_group"": 200000.0}",0.25,0.85,0.2,0.68,200000,theoretical_signed_gap,-0.14400000000000004,synthetic,ALL,not_applicable,not_applicable
EXP-01,SYNTHETIC EXPERIMENT,1747,full,664a150484ed2af3,dca757c3df7ba091,"{""alpha_a"": 0.25, ""alpha_b"": 0.9, ""kappa_a"": 0.2, ""kappa_b"": 0.7200000000000001, ""n_per_group"": 200000.0}",0.25,0.9,0.2,0.7200000000000001,200000,theoretical_signed_gap,-0.15600000000000003,synthetic,ALL,not_applicable,not_applicable
EXP-01,SYNTHETIC EXPERIMENT,1747,full,664a150484ed2af3,0ead99814f3b20df,"{""alpha_a"": 0.25, ""alpha_b"": 0.95, ""kappa_a"": 0.2, ""kappa_b"": 0.76, ""n_per_group"": 200000.0}",0.25,0.95,0.2,0.76,200000,theoretical_signed_gap,-0.16800000000000004,synthetic,ALL,not_applicable,not_applicable
EXP-01,SYNTHETIC EXPERIMENT,1747,full,664a150484ed2af3,700ea7fd6f3fe715,"{""alpha_a"": 0.25, ""alpha_b"": 1.0, ""kappa_a"": 0.2, ""kappa_b"": 0.8, ""n_per_group"": 200000.0}",0.25,1.0,0.2,0.8,200000,theoretical_signed_gap,-0.18000000000000005,synthetic,ALL,not_applicable,not_applicable
EXP-01,SYNTHETIC EXPERIMENT,1747,full,664a150484ed2af3,31672113393a323b,"{""alpha_a"": 0.3, ""alpha_b"": 0.0, ""kappa_a"": 0.24, ""kappa_b"": 0.0, ""n_per_group"": 200000.0}",0.3,0.0,0.24,0.0,200000,theoretical_signed_gap,0.07200000000000001,synthetic,ALL,not_applicable,not_applicable
EXP-01,SYNTHETIC EXPERIMENT,1747,full,664a150484ed2af3,3c646466648927bc,"{""alpha_a"": 0.3, ""alpha_b"": 0.05, ""kappa_a"": 0.24, ""kappa_b"": 0.04000000000000001, ""n_per_group"": 200000.0}",0.3,0.05,0.24,0.04000000000000001,200000,theoretical_signed_gap,0.060000000000000005,synthetic,ALL,not_applicable,not_applicable
EXP-01,SYNTHETIC EXPERIMENT,1747,full,664a150484ed2af3,9814cad6fd886e66,"{""alpha_a"": 0.3, ""alpha_b"": 0.1, ""kappa_a"": 0.24, ""kappa_b"": 0.08000000000000002, ""n_per_group"": 200000.0}",0.3,0.1,0.24,0.08000000000000002,200000,theoretical_signed_gap,0.048,synthetic,ALL,not_applicable,not_applicable
EXP-01,SYNTHETIC EXPERIMENT,1747,full,664a150484ed2af3,8d91f387a3c7da84,"{""alpha_a"": 0.3, ""alpha_b"": 0.15, ""kappa_a"": 0.24, ""kappa_b"": 0.12, ""n_per_group"": 200000.0}",0.3,0.15,0.24,0.12,200000,theoretical_signed_gap,0.036000000000000004,synthetic,ALL,not_applicable,not_applicable
EXP-01,SYNTHETIC EXPERIMENT,1747,full,664a150484ed2af3,fc766c884699c0b5,"{""alpha_a"": 0.3, ""alpha_b"": 0.2, ""kappa_a"": 0.24, ""kappa_b"": 0.16000000000000003, ""n_per_group"": 200000.0}",0.3,0.2,0.24,0.16000000000000003,200000,theoretical_signed_gap,0.02399999999999999,synthetic,ALL,not_applicable,not_applicable
EXP-01,SYNTHETIC EXPERIMENT,1747,full,664a150484ed2af3,f53aaffe33312169,"{""alpha_a"": 0.3, ""alpha_b"": 0.25, ""kappa_a"": 0.24, ""kappa_b"": 0.2, ""n_per_group"": 200000.0}",0.3,0.25,0.24,0.2,200000,theoretical_signed_gap,0.011999999999999995,synthetic,ALL,not_applicable,not_applicable
EXP-01,SYNTHETIC EXPERIMENT,1747,full,664a150484ed2af3,5e7d0c29ccf0d026,"{""alpha_a"": 0.3, ""alpha_b"": 0.3, ""kappa_a"": 0.24, ""kappa_b"": 0.24, ""n_per_group"": 200000.0}",0.3,0.3,0.24,0.24,200000,theoretical_signed_gap,0.0,synthetic,ALL,not_applicable,not_applicable
EXP-01,SYNTHETIC EXPERIMENT,1747,full,664a150484ed2af3,914b9c976d95f94b,"{""alpha_a"": 0.3, ""alpha_b"": 0.35, ""kappa_a"": 0.24, ""kappa_b"": 0.27999999999999997, ""n_per_group"": 200000.0}",0.3,0.35,0.24,0.27999999999999997,200000,theoretical_signed_gap,-0.011999999999999995,synthetic,ALL,not_applicable,not_applicable
EXP-01,SYNTHETIC EXPERIMENT,1747,full,664a150484ed2af3,d9c80c2b33534eb6,"{""alpha_a"": 0.3, ""alpha_b"": 0.4, ""kappa_a"": 0.24, ""kappa_b"": 0.32000000000000006, ""n_per_group"": 200000.0}",0.3,0.4,0.24,0.32000000000000006,200000,theoretical_signed_gap,-0.024000000000000025,synthetic,ALL,not_applicable,not_applicable
EXP-01,SYNTHETIC EXPERIMENT,1747,full,664a150484ed2af3,fce7f455545cd060,"{""alpha_a"": 0.3, ""alpha_b"": 0.45, ""kappa_a"": 0.24, ""kappa_b"": 0.36000000000000004, ""n_per_group"": 200000.0}",0.3,0.45,0.24,0.36000000000000004,200000,theoretical_signed_gap,-0.03600000000000002,synthetic,ALL,not_applicable,not_applicable
EXP-01,SYNTHETIC EXPERIMENT,1747,full,664a150484ed2af3,9bd821115d6ab0c6,"{""alpha_a"": 0.3, ""alpha_b"": 0.5, ""kappa_a"": 0.24, ""kappa_b"": 0.4, ""n_per_group"": 200000.0}",0.3,0.5,0.24,0.4,200000,theoretical_signed_gap,-0.048000000000000015,synthetic,ALL,not_applicable,not_applicable
EXP-01,SYNTHETIC EXPERIMENT,1747,full,664a150484ed2af3,cd3e02481510dc73,"{""alpha_a"": 0.3, ""alpha_b"": 0.55, ""kappa_a"": 0.24, ""kappa_b"": 0.44000000000000006, ""n_per_group"": 200000.0}",0.3,0.55,0.24,0.44000000000000006,200000,theoretical_signed_gap,-0.060000000000000026,synthetic,ALL,not_applicable,not_applicable
EXP-01,SYNTHETIC EXPERIMENT,1747,full,664a150484ed2af3,1857cb75df40c346,"{""alpha_a"": 0.3, ""alpha_b"": 0.6, ""kappa_a"": 0.24, ""kappa_b"": 0.48, ""n_per_group"": 200000.0}",0.3,0.6,0.24,0.48,200000,theoretical_signed_gap,-0.07200000000000001,synthetic,ALL,not_applicable,not_applicable
EXP-01,SYNTHETIC EXPERIMENT,1747,full,664a150484ed2af3,02cadc2bc1e0b26b,"{""alpha_a"": 0.3, ""alpha_b"": 0.65, ""kappa_a"": 0.24, ""kappa_b"": 0.52, ""n_per_group"": 200000.0}",0.3,0.65,0.24,0.52,200000,theoretical_signed_gap,-0.08400000000000002,synthetic,ALL,not_applicable,not_applicable
EXP-01,SYNTHETIC EXPERIMENT,1747,full,664a150484ed2af3,9e5a08504b225d15,"{""alpha_a"": 0.3, ""alpha_b"": 0.7, ""kappa_a"": 0.24, ""kappa_b"": 0.5599999999999999, ""n_per_group"": 200000.0}",0.3,0.7,0.24,0.5599999999999999,200000,theoretical_signed_gap,-0.096,synthetic,ALL,not_applicable,not_applicable
EXP-01,SYNTHETIC EXPERIMENT,1747,full,664a150484ed2af3,61dc1bdd16487838,"{""alpha_a"": 0.3, ""alpha_b"": 0.75, ""kappa_a"": 0.24, ""kappa_b"": 0.6000000000000001, ""n_per_group"": 200000.0}",0.3,0.75,0.24,0.6000000000000001,200000,theoretical_signed_gap,-0.10800000000000004,synthetic,ALL,not_applicable,not_applicable
EXP-01,SYNTHETIC EXPERIMENT,1747,full,664a150484ed2af3,78fbc22363e0f834,"{""alpha_a"": 0.3, ""alpha_b"": 0.8, ""kappa_a"": 0.24, ""kappa_b"": 0.6400000000000001, ""n_per_group"": 200000.0}",0.3,0.8,0.24,0.6400000000000001,200000,theoretical_signed_gap,-0.12000000000000005,synthetic,ALL,not_applicable,not_applicable
EXP-01,SYNTHETIC EXPERIMENT,1747,full,664a150484ed2af3,d88806cb2e3b4594,"{""alpha_a"": 0.3, ""alpha_b"": 0.85, ""kappa_a"": 0.24, ""kappa_b"": 0.68, ""n_per_group"": 200000.0}",0.3,0.85,0.24,0.68,200000,theoretical_signed_gap,-0.13200000000000003,synthetic,ALL,not_applicable,not_applicable
EXP-01,SYNTHETIC EXPERIMENT,1747,full,664a150484ed2af3,61be87df94fdc8f8,"{""alpha_a"": 0.3, ""alpha_b"": 0.9, ""kappa_a"": 0.24, ""kappa_b"": 0.7200000000000001, ""n_per_group"": 200000.0}",0.3,0.9,0.24,0.7200000000000001,200000,theoretical_signed_gap,-0.14400000000000004,synthetic,ALL,not_applicable,not_applicable
EXP-01,SYNTHETIC EXPERIMENT,1747,full,664a150484ed2af3,6a86b1c31fa23909,"{""alpha_a"": 0.3, ""alpha_b"": 0.95, ""kappa_a"": 0.24, ""kappa_b"": 0.76, ""n_per_group"": 200000.0}",0.3,0.95,0.24,0.76,200000,theoretical_signed_gap,-0.15600000000000003,synthetic,ALL,not_applicable,not_applicable
EXP-01,SYNTHETIC EXPERIMENT,1747,full,664a150484ed2af3,5abd187b355317bf,"{""alpha_a"": 0.3, ""alpha_b"": 1.0, ""kappa_a"": 0.24, ""kappa_b"": 0.8, ""n_per_group"": 200000.0}",0.3,1.0,0.24,0.8,200000,theoretical_signed_gap,-0.16800000000000004,synthetic,ALL,not_applicable,not_applicable
EXP-01,SYNTHETIC EXPERIMENT,1747,full,664a150484ed2af3,35ff863b653eda18,"{""alpha_a"": 0.35, ""alpha_b"": 0.0, ""kappa_a"": 0.27999999999999997, ""kappa_b"": 0.0, ""n_per_group"": 200000.0}",0.35,0.0,0.27999999999999997,0.0,200000,theoretical_signed_gap,0.084,synthetic,ALL,not_applicable,not_applicable
EXP-01,SYNTHETIC EXPERIMENT,1747,full,664a150484ed2af3,835b894ab977de78,"{""alpha_a"": 0.35, ""alpha_b"": 0.05, ""kappa_a"": 0.27999999999999997, ""kappa_b"": 0.04000000000000001, ""n_per_group"": 200000.0}",0.35,0.05,0.27999999999999997,0.04000000000000001,200000,theoretical_signed_gap,0.072,synthetic,ALL,not_applicable,not_applicable
EXP-01,SYNTHETIC EXPERIMENT,1747,full,664a150484ed2af3,96db7e710d5d8d5b,"{""alpha_a"": 0.35, ""alpha_b"": 0.1, ""kappa_a"": 0.27999999999999997, ""kappa_b"": 0.08000000000000002, ""n_per_group"": 200000.0}",0.35,0.1,0.27999999999999997,0.08000000000000002,200000,theoretical_signed_gap,0.06,synthetic,ALL,not_applicable,not_applicable
EXP-01,SYNTHETIC EXPERIMENT,1747,full,664a150484ed2af3,1cd1ef01007577c6,"{""alpha_a"": 0.35, ""alpha_b"": 0.15, ""kappa_a"": 0.27999999999999997, ""kappa_b"": 0.12, ""n_per_group"": 200000.0}",0.35,0.15,0.27999999999999997,0.12,200000,theoretical_signed_gap,0.048,synthetic,ALL,not_applicable,not_applicable
EXP-01,SYNTHETIC EXPERIMENT,1747,full,664a150484ed2af3,5fb5746dbff61339,"{""alpha_a"": 0.35, ""alpha_b"": 0.2, ""kappa_a"": 0.27999999999999997, ""kappa_b"": 0.16000000000000003, ""n_per_group"": 200000.0}",0.35,0.2,0.27999999999999997,0.16000000000000003,200000,theoretical_signed_gap,0.03599999999999999,synthetic,ALL,not_applicable,not_applicable
EXP-01,SYNTHETIC EXPERIMENT,1747,full,664a150484ed2af3,eeea2850752b4ae0,"{""alpha_a"": 0.35, ""alpha_b"": 0.25, ""kappa_a"": 0.27999999999999997, ""kappa_b"": 0.2, ""n_per_group"": 200000.0}",0.35,0.25,0.27999999999999997,0.2,200000,theoretical_signed_gap,0.02399999999999999,synthetic,ALL,not_applicable,not_applicable
EXP-01,SYNTHETIC EXPERIMENT,1747,full,664a150484ed2af3,46e36898985c7369,"{""alpha_a"": 0.35, ""alpha_b"": 0.3, ""kappa_a"": 0.27999999999999997, ""kappa_b"": 0.24, ""n_per_group"": 200000.0}",0.35,0.3,0.27999999999999997,0.24,200000,theoretical_signed_gap,0.011999999999999995,synthetic,ALL,not_applicable,not_applicable
EXP-01,SYNTHETIC EXPERIMENT,1747,full,664a150484ed2af3,8c0f64670193ec33,"{""alpha_a"": 0.35, ""alpha_b"": 0.35, ""kappa_a"": 0.27999999999999997, ""kappa_b"": 0.27999999999999997, ""n_per_group"": 200000.0}",0.35,0.35,0.27999999999999997,0.27999999999999997,200000,theoretical_signed_gap,0.0,synthetic,ALL,not_applicable,not_applicable
EXP-01,SYNTHETIC EXPERIMENT,1747,full,664a150484ed2af3,23773c40b6a3599c,"{""alpha_a"": 0.35, ""alpha_b"": 0.4, ""kappa_a"": 0.27999999999999997, ""kappa_b"": 0.32000000000000006, ""n_per_group"": 200000.0}",0.35,0.4,0.27999999999999997,0.32000000000000006,200000,theoretical_signed_gap,-0.01200000000000003,synthetic,ALL,not_applicable,not_applicable
EXP-01,SYNTHETIC EXPERIMENT,1747,full,664a150484ed2af3,ae87cf9c564d23d2,"{""alpha_a"": 0.35, ""alpha_b"": 0.45, ""kappa_a"": 0.27999999999999997, ""kappa_b"": 0.36000000000000004, ""n_per_group"": 200000.0}",0.35,0.45,0.27999999999999997,0.36000000000000004,200000,theoretical_signed_gap,-0.024000000000000025,synthetic,ALL,not_applicable,not_applicable
EXP-01,SYNTHETIC EXPERIMENT,1747,full,664a150484ed2af3,91b4e5e35293ac26,"{""alpha_a"": 0.35, ""alpha_b"": 0.5, ""kappa_a"": 0.27999999999999997, ""kappa_b"": 0.4, ""n_per_group"": 200000.0}",0.35,0.5,0.27999999999999997,0.4,200000,theoretical_signed_gap,-0.03600000000000002,synthetic,ALL,not_applicable,not_applicable
EXP-01,SYNTHETIC EXPERIMENT,1747,full,664a150484ed2af3,6a57d6101833ea47,"{""alpha_a"": 0.35, ""alpha_b"": 0.55, ""kappa_a"": 0.27999999999999997, ""kappa_b"": 0.44000000000000006, ""n_per_group"": 200000.0}",0.35,0.55,0.27999999999999997,0.44000000000000006,200000,theoretical_signed_gap,-0.048000000000000036,synthetic,ALL,not_applicable,not_applicable
EXP-01,SYNTHETIC EXPERIMENT,1747,full,664a150484ed2af3,003ec52360400121,"{""alpha_a"": 0.35, ""alpha_b"": 0.6, ""kappa_a"": 0.27999999999999997, ""kappa_b"": 0.48, ""n_per_group"": 200000.0}",0.35,0.6,0.27999999999999997,0.48,200000,theoretical_signed_gap,-0.06000000000000001,synthetic,ALL,not_applicable,not_applicable
EXP-01,SYNTHETIC EXPERIMENT,1747,full,664a150484ed2af3,8151c1081acf6482,"{""alpha_a"": 0.35, ""alpha_b"": 0.65, ""kappa_a"": 0.27999999999999997, ""kappa_b"": 0.52, ""n_per_group"": 200000.0}",0.35,0.65,0.27999999999999997,0.52,200000,theoretical_signed_gap,-0.07200000000000002,synthetic,ALL,not_applicable,not_applicable
EXP-01,SYNTHETIC EXPERIMENT,1747,full,664a150484ed2af3,f81d8f6eabc0273e,"{""alpha_a"": 0.35, ""alpha_b"": 0.7, ""kappa_a"": 0.27999999999999997, ""kappa_b"": 0.5599999999999999, ""n_per_group"": 200000.0}",0.35,0.7,0.27999999999999997,0.5599999999999999,200000,theoretical_signed_gap,-0.084,synthetic,ALL,not_applicable,not_applicable
EXP-01,SYNTHETIC EXPERIMENT,1747,full,664a150484ed2af3,d11941c1c1d6866e,"{""alpha_a"": 0.35, ""alpha_b"": 0.75, ""kappa_a"": 0.27999999999999997, ""kappa_b"": 0.6000000000000001, ""n_per_group"": 200000.0}",0.35,0.75,0.27999999999999997,0.6000000000000001,200000,theoretical_signed_gap,-0.09600000000000004,synthetic,ALL,not_applicable,not_applicable
EXP-01,SYNTHETIC EXPERIMENT,1747,full,664a150484ed2af3,e8a764d634ae1a8d,"{""alpha_a"": 0.35, ""alpha_b"": 0.8, ""kappa_a"": 0.27999999999999997, ""kappa_b"": 0.6400000000000001, ""n_per_group"": 200000.0}",0.35,0.8,0.27999999999999997,0.6400000000000001,200000,theoretical_signed_gap,-0.10800000000000007,synthetic,ALL,not_applicable,not_applicable
EXP-01,SYNTHETIC EXPERIMENT,1747,full,664a150484ed2af3,b8492f83caf37e44,"{""alpha_a"": 0.35, ""alpha_b"": 0.85, ""kappa_a"": 0.27999999999999997, ""kappa_b"": 0.68, ""n_per_group"": 200000.0}",0.35,0.85,0.27999999999999997,0.68,200000,theoretical_signed_gap,-0.12000000000000004,synthetic,ALL,not_applicable,not_applicable
EXP-01,SYNTHETIC EXPERIMENT,1747,full,664a150484ed2af3,6287da3aae39e980,"{""alpha_a"": 0.35, ""alpha_b"": 0.9, ""kappa_a"": 0.27999999999999997, ""kappa_b"": 0.7200000000000001, ""n_per_group"": 200000.0}",0.35,0.9,0.27999999999999997,0.7200000000000001,200000,theoretical_signed_gap,-0.13200000000000006,synthetic,ALL,not_applicable,not_applicable
EXP-01,SYNTHETIC EXPERIMENT,1747,full,664a150484ed2af3,2b32f27fd4e80a79,"{""alpha_a"": 0.35, ""alpha_b"": 0.95, ""kappa_a"": 0.27999999999999997, ""kappa_b"": 0.76, ""n_per_group"": 200000.0}",0.35,0.95,0.27999999999999997,0.76,200000,theoretical_signed_gap,-0.14400000000000004,synthetic,ALL,not_applicable,not_applicable
EXP-01,SYNTHETIC EXPERIMENT,1747,full,664a150484ed2af3,4d7933012ad65dbf,"{""alpha_a"": 0.35, ""alpha_b"": 1.0, ""kappa_a"": 0.27999999999999997, ""kappa_b"": 0.8, ""n_per_group"": 200000.0}",0.35,1.0,0.27999999999999997,0.8,200000,theoretical_signed_gap,-0.15600000000000003,synthetic,ALL,not_applicable,not_applicable
EXP-01,SYNTHETIC EXPERIMENT,1747,full,664a150484ed2af3,fd3ca451b2202475,"{""alpha_a"": 0.4, ""alpha_b"": 0.0, ""kappa_a"": 0.32000000000000006, ""kappa_b"": 0.0, ""n_per_group"": 200000.0}",0.4,0.0,0.32000000000000006,0.0,200000,theoretical_signed_gap,0.09600000000000003,synthetic,ALL,not_applicable,not_applicable
EXP-01,SYNTHETIC EXPERIMENT,1747,full,664a150484ed2af3,63e807603323db67,"{""alpha_a"": 0.4, ""alpha_b"": 0.05, ""kappa_a"": 0.32000000000000006, ""kappa_b"": 0.04000000000000001, ""n_per_group"": 200000.0}",0.4,0.05,0.32000000000000006,0.04000000000000001,200000,theoretical_signed_gap,0.08400000000000002,synthetic,ALL,not_applicable,not_applicable
EXP-01,SYNTHETIC EXPERIMENT,1747,full,664a150484ed2af3,9bdc3fb5a6006220,"{""alpha_a"": 0.4, ""alpha_b"": 0.1, ""kappa_a"": 0.32000000000000006, ""kappa_b"": 0.08000000000000002, ""n_per_group"": 200000.0}",0.4,0.1,0.32000000000000006,0.08000000000000002,200000,theoretical_signed_gap,0.07200000000000002,synthetic,ALL,not_applicable,not_applicable
EXP-01,SYNTHETIC EXPERIMENT,1747,full,664a150484ed2af3,97a60a27eda409c1,"{""alpha_a"": 0.4, ""alpha_b"": 0.15, ""kappa_a"": 0.32000000000000006, ""kappa_b"": 0.12, ""n_per_group"": 200000.0}",0.4,0.15,0.32000000000000006,0.12,200000,theoretical_signed_gap,0.060000000000000026,synthetic,ALL,not_applicable,not_applicable
EXP-01,SYNTHETIC EXPERIMENT,1747,full,664a150484ed2af3,7a120db23a63e449,"{""alpha_a"": 0.4, ""alpha_b"": 0.2, ""kappa_a"": 0.32000000000000006, ""kappa_b"": 0.16000000000000003, ""n_per_group"": 200000.0}",0.4,0.2,0.32000000000000006,0.16000000000000003,200000,theoretical_signed_gap,0.048000000000000015,synthetic,ALL,not_applicable,not_applicable
EXP-01,SYNTHETIC EXPERIMENT,1747,full,664a150484ed2af3,7ffcf6878c61b440,"{""alpha_a"": 0.4, ""alpha_b"": 0.25, ""kappa_a"": 0.32000000000000006, ""kappa_b"": 0.2, ""n_per_group"": 200000.0}",0.4,0.25,0.32000000000000006,0.2,200000,theoretical_signed_gap,0.03600000000000002,synthetic,ALL,not_applicable,not_applicable
EXP-01,SYNTHETIC EXPERIMENT,1747,full,664a150484ed2af3,230e3561fa16a6d7,"{""alpha_a"": 0.4, ""alpha_b"": 0.3, ""kappa_a"": 0.32000000000000006, ""kappa_b"": 0.24, ""n_per_group"": 200000.0}",0.4,0.3,0.32000000000000006,0.24,200000,theoretical_signed_gap,0.024000000000000025,synthetic,ALL,not_applicable,not_applicable
EXP-01,SYNTHETIC EXPERIMENT,1747,full,664a150484ed2af3,03fbaac52b776e02,"{""alpha_a"": 0.4, ""alpha_b"": 0.35, ""kappa_a"": 0.32000000000000006, ""kappa_b"": 0.27999999999999997, ""n_per_group"": 200000.0}",0.4,0.35,0.32000000000000006,0.27999999999999997,200000,theoretical_signed_gap,0.01200000000000003,synthetic,ALL,not_applicable,not_applicable
EXP-01,SYNTHETIC EXPERIMENT,1747,full,664a150484ed2af3,03ded27d9830e29b,"{""alpha_a"": 0.4, ""alpha_b"": 0.4, ""kappa_a"": 0.32000000000000006, ""kappa_b"": 0.32000000000000006, ""n_per_group"": 200000.0}",0.4,0.4,0.32000000000000006,0.32000000000000006,200000,theoretical_signed_gap,0.0,synthetic,ALL,not_applicable,not_applicable
EXP-01,SYNTHETIC EXPERIMENT,1747,full,664a150484ed2af3,d0089757333dae2c,"{""alpha_a"": 0.4, ""alpha_b"": 0.45, ""kappa_a"": 0.32000000000000006, ""kappa_b"": 0.36000000000000004, ""n_per_group"": 200000.0}",0.4,0.45,0.32000000000000006,0.36000000000000004,200000,theoretical_signed_gap,-0.011999999999999995,synthetic,ALL,not_applicable,not_applicable
EXP-01,SYNTHETIC EXPERIMENT,1747,full,664a150484ed2af3,efd4df14d055430f,"{""alpha_a"": 0.4, ""alpha_b"": 0.5, ""kappa_a"": 0.32000000000000006, ""kappa_b"": 0.4, ""n_per_group"": 200000.0}",0.4,0.5,0.32000000000000006,0.4,200000,theoretical_signed_gap,-0.02399999999999999,synthetic,ALL,not_applicable,not_applicable
EXP-01,SYNTHETIC EXPERIMENT,1747,full,664a150484ed2af3,63f7ebf65d44ba8e,"{""alpha_a"": 0.4, ""alpha_b"": 0.55, ""kappa_a"": 0.32000000000000006, ""kappa_b"": 0.44000000000000006, ""n_per_group"": 200000.0}",0.4,0.55,0.32000000000000006,0.44000000000000006,200000,theoretical_signed_gap,-0.036000000000000004,synthetic,ALL,not_applicable,not_applicable
EXP-01,SYNTHETIC EXPERIMENT,1747,full,664a150484ed2af3,1cc1ca6e183f8a2b,"{""alpha_a"": 0.4, ""alpha_b"": 0.6, ""kappa_a"": 0.32000000000000006, ""kappa_b"": 0.48, ""n_per_group"": 200000.0}",0.4,0.6,0.32000000000000006,0.48,200000,theoretical_signed_gap,-0.04799999999999998,synthetic,ALL,not_applicable,not_applicable
EXP-01,SYNTHETIC EXPERIMENT,1747,full,664a150484ed2af3,cfb71de8aed2d04d,"{""alpha_a"": 0.4, ""alpha_b"": 0.65, ""kappa_a"": 0.32000000000000006, ""kappa_b"": 0.52, ""n_per_group"": 200000.0}",0.4,0.65,0.32000000000000006,0.52,200000,theoretical_signed_gap,-0.06,synthetic,ALL,not_applicable,not_applicable
EXP-01,SYNTHETIC EXPERIMENT,1747,full,664a150484ed2af3,e7abb5db68be3d5d,"{""alpha_a"": 0.4, ""alpha_b"": 0.7, ""kappa_a"": 0.32000000000000006, ""kappa_b"": 0.5599999999999999, ""n_per_group"": 200000.0}",0.4,0.7,0.32000000000000006,0.5599999999999999,200000,theoretical_signed_gap,-0.07199999999999998,synthetic,ALL,not_applicable,not_applicable
EXP-01,SYNTHETIC EXPERIMENT,1747,full,664a150484ed2af3,103b3c3f95fd79de,"{""alpha_a"": 0.4, ""alpha_b"": 0.75, ""kappa_a"": 0.32000000000000006, ""kappa_b"": 0.6000000000000001, ""n_per_group"": 200000.0}",0.4,0.75,0.32000000000000006,0.6000000000000001,200000,theoretical_signed_gap,-0.08400000000000002,synthetic,ALL,not_applicable,not_applicable
EXP-01,SYNTHETIC EXPERIMENT,1747,full,664a150484ed2af3,fa9dc58ce3a3d192,"{""alpha_a"": 0.4, ""alpha_b"": 0.8, ""kappa_a"": 0.32000000000000006, ""kappa_b"": 0.6400000000000001, ""n_per_group"": 200000.0}",0.4,0.8,0.32000000000000006,0.6400000000000001,200000,theoretical_signed_gap,-0.09600000000000003,synthetic,ALL,not_applicable,not_applicable
EXP-01,SYNTHETIC EXPERIMENT,1747,full,664a150484ed2af3,09bba40ea7955ff9,"{""alpha_a"": 0.4, ""alpha_b"": 0.85, ""kappa_a"": 0.32000000000000006, ""kappa_b"": 0.68, ""n_per_group"": 200000.0}",0.4,0.85,0.32000000000000006,0.68,200000,theoretical_signed_gap,-0.10800000000000001,synthetic,ALL,not_applicable,not_applicable
EXP-01,SYNTHETIC EXPERIMENT,1747,full,664a150484ed2af3,b4b59d4a4736894e,"{""alpha_a"": 0.4, ""alpha_b"": 0.9, ""kappa_a"": 0.32000000000000006, ""kappa_b"": 0.7200000000000001, ""n_per_group"": 200000.0}",0.4,0.9,0.32000000000000006,0.7200000000000001,200000,theoretical_signed_gap,-0.12000000000000002,synthetic,ALL,not_applicable,not_applicable
EXP-01,SYNTHETIC EXPERIMENT,1747,full,664a150484ed2af3,e8ae8ee79c12ce05,"{""alpha_a"": 0.4, ""alpha_b"": 0.95, ""kappa_a"": 0.32000000000000006, ""kappa_b"": 0.76, ""n_per_group"": 200000.0}",0.4,0.95,0.32000000000000006,0.76,200000,theoretical_signed_gap,-0.132,synthetic,ALL,not_applicable,not_applicable
EXP-01,SYNTHETIC EXPERIMENT,1747,full,664a150484ed2af3,fdd731c5034f3760,"{""alpha_a"": 0.4, ""alpha_b"": 1.0, ""kappa_a"": 0.32000000000000006, ""kappa_b"": 0.8, ""n_per_group"": 200000.0}",0.4,1.0,0.32000000000000006,0.8,200000,theoretical_signed_gap,-0.14400000000000002,synthetic,ALL,not_applicable,not_applicable
EXP-01,SYNTHETIC EXPERIMENT,1747,full,664a150484ed2af3,3bc2c22b7e765bc4,"{""alpha_a"": 0.45, ""alpha_b"": 0.0, ""kappa_a"": 0.36000000000000004, ""kappa_b"": 0.0, ""n_per_group"": 200000.0}",0.45,0.0,0.36000000000000004,0.0,200000,theoretical_signed_gap,0.10800000000000003,synthetic,ALL,not_applicable,not_applicable
EXP-01,SYNTHETIC EXPERIMENT,1747,full,664a150484ed2af3,c1c326a6a3dca213,"{""alpha_a"": 0.45, ""alpha_b"": 0.05, ""kappa_a"": 0.36000000000000004, ""kappa_b"": 0.04000000000000001, ""n_per_group"": 200000.0}",0.45,0.05,0.36000000000000004,0.04000000000000001,200000,theoretical_signed_gap,0.09600000000000003,synthetic,ALL,not_applicable,not_applicable
EXP-01,SYNTHETIC EXPERIMENT,1747,full,664a150484ed2af3,347d0774540d85da,"{""alpha_a"": 0.45, ""alpha_b"": 0.1, ""kappa_a"": 0.36000000000000004, ""kappa_b"": 0.08000000000000002, ""n_per_group"": 200000.0}",0.45,0.1,0.36000000000000004,0.08000000000000002,200000,theoretical_signed_gap,0.08400000000000002,synthetic,ALL,not_applicable,not_applicable
EXP-01,SYNTHETIC EXPERIMENT,1747,full,664a150484ed2af3,2016120a8fc63390,"{""alpha_a"": 0.45, ""alpha_b"": 0.15, ""kappa_a"": 0.36000000000000004, ""kappa_b"": 0.12, ""n_per_group"": 200000.0}",0.45,0.15,0.36000000000000004,0.12,200000,theoretical_signed_gap,0.07200000000000002,synthetic,ALL,not_applicable,not_applicable
EXP-01,SYNTHETIC EXPERIMENT,1747,full,664a150484ed2af3,1b652a39b9738507,"{""alpha_a"": 0.45, ""alpha_b"": 0.2, ""kappa_a"": 0.36000000000000004, ""kappa_b"": 0.16000000000000003, ""n_per_group"": 200000.0}",0.45,0.2,0.36000000000000004,0.16000000000000003,200000,theoretical_signed_gap,0.06000000000000001,synthetic,ALL,not_applicable,not_applicable
EXP-01,SYNTHETIC EXPERIMENT,1747,full,664a150484ed2af3,dc259b734594bede,"{""alpha_a"": 0.45, ""alpha_b"": 0.25, ""kappa_a"": 0.36000000000000004, ""kappa_b"": 0.2, ""n_per_group"": 200000.0}",0.45,0.25,0.36000000000000004,0.2,200000,theoretical_signed_gap,0.048000000000000015,synthetic,ALL,not_applicable,not_applicable
EXP-01,SYNTHETIC EXPERIMENT,1747,full,664a150484ed2af3,bce5e46cd91d2816,"{""alpha_a"": 0.45, ""alpha_b"": 0.3, ""kappa_a"": 0.36000000000000004, ""kappa_b"": 0.24, ""n_per_group"": 200000.0}",0.45,0.3,0.36000000000000004,0.24,200000,theoretical_signed_gap,0.03600000000000002,synthetic,ALL,not_applicable,not_applicable
EXP-01,SYNTHETIC EXPERIMENT,1747,full,664a150484ed2af3,91722f0d6b9ef0a3,"{""alpha_a"": 0.45, ""alpha_b"": 0.35, ""kappa_a"": 0.36000000000000004, ""kappa_b"": 0.27999999999999997, ""n_per_group"": 200000.0}",0.45,0.35,0.36000000000000004,0.27999999999999997,200000,theoretical_signed_gap,0.024000000000000025,synthetic,ALL,not_applicable,not_applicable
EXP-01,SYNTHETIC EXPERIMENT,1747,full,664a150484ed2af3,6d6fab7de068f0b7,"{""alpha_a"": 0.45, ""alpha_b"": 0.4, ""kappa_a"": 0.36000000000000004, ""kappa_b"": 0.32000000000000006, ""n_per_group"": 200000.0}",0.45,0.4,0.36000000000000004,0.32000000000000006,200000,theoretical_signed_gap,0.011999999999999995,synthetic,ALL,not_applicable,not_applicable
EXP-01,SYNTHETIC EXPERIMENT,1747,full,664a150484ed2af3,fe2e18d354fc4b93,"{""alpha_a"": 0.45, ""alpha_b"": 0.45, ""kappa_a"": 0.36000000000000004, ""kappa_b"": 0.36000000000000004, ""n_per_group"": 200000.0}",0.45,0.45,0.36000000000000004,0.36000000000000004,200000,theoretical_signed_gap,0.0,synthetic,ALL,not_applicable,not_applicable
EXP-01,SYNTHETIC EXPERIMENT,1747,full,664a150484ed2af3,c9687dad408ba59b,"{""alpha_a"": 0.45, ""alpha_b"": 0.5, ""kappa_a"": 0.36000000000000004, ""kappa_b"": 0.4, ""n_per_group"": 200000.0}",0.45,0.5,0.36000000000000004,0.4,200000,theoretical_signed_gap,-0.011999999999999995,synthetic,ALL,not_applicable,not_applicable
EXP-01,SYNTHETIC EXPERIMENT,1747,full,664a150484ed2af3,46144f8fc8706c6a,"{""alpha_a"": 0.45, ""alpha_b"": 0.55, ""kappa_a"": 0.36000000000000004, ""kappa_b"": 0.44000000000000006, ""n_per_group"": 200000.0}",0.45,0.55,0.36000000000000004,0.44000000000000006,200000,theoretical_signed_gap,-0.024000000000000007,synthetic,ALL,not_applicable,not_applicable
EXP-01,SYNTHETIC EXPERIMENT,1747,full,664a150484ed2af3,20e042f8fd00acde,"{""alpha_a"": 0.45, ""alpha_b"": 0.6, ""kappa_a"": 0.36000000000000004, ""kappa_b"": 0.48, ""n_per_group"": 200000.0}",0.45,0.6,0.36000000000000004,0.48,200000,theoretical_signed_gap,-0.03599999999999999,synthetic,ALL,not_applicable,not_applicable
EXP-01,SYNTHETIC EXPERIMENT,1747,full,664a150484ed2af3,930255b761934dae,"{""alpha_a"": 0.45, ""alpha_b"": 0.65, ""kappa_a"": 0.36000000000000004, ""kappa_b"": 0.52, ""n_per_group"": 200000.0}",0.45,0.65,0.36000000000000004,0.52,200000,theoretical_signed_gap,-0.048,synthetic,ALL,not_applicable,not_applicable
EXP-01,SYNTHETIC EXPERIMENT,1747,full,664a150484ed2af3,1d7c482c26022f4e,"{""alpha_a"": 0.45, ""alpha_b"": 0.7, ""kappa_a"": 0.36000000000000004, ""kappa_b"": 0.5599999999999999, ""n_per_group"": 200000.0}",0.45,0.7,0.36000000000000004,0.5599999999999999,200000,theoretical_signed_gap,-0.05999999999999998,synthetic,ALL,not_applicable,not_applicable
EXP-01,SYNTHETIC EXPERIMENT,1747,full,664a150484ed2af3,2ce6124126bd3e85,"{""alpha_a"": 0.45, ""alpha_b"": 0.75, ""kappa_a"": 0.36000000000000004, ""kappa_b"": 0.6000000000000001, ""n_per_group"": 200000.0}",0.45,0.75,0.36000000000000004,0.6000000000000001,200000,theoretical_signed_gap,-0.07200000000000002,synthetic,ALL,not_applicable,not_applicable
EXP-01,SYNTHETIC EXPERIMENT,1747,full,664a150484ed2af3,dcc3fc77ff3c93cc,"{""alpha_a"": 0.45, ""alpha_b"": 0.8, ""kappa_a"": 0.36000000000000004, ""kappa_b"": 0.6400000000000001, ""n_per_group"": 200000.0}",0.45,0.8,0.36000000000000004,0.6400000000000001,200000,theoretical_signed_gap,-0.08400000000000003,synthetic,ALL,not_applicable,not_applicable
EXP-01,SYNTHETIC EXPERIMENT,1747,full,664a150484ed2af3,32b6f44fbb5ee4e9,"{""alpha_a"": 0.45, ""alpha_b"": 0.85, ""kappa_a"": 0.36000000000000004, ""kappa_b"": 0.68, ""n_per_group"": 200000.0}",0.45,0.85,0.36000000000000004,0.68,200000,theoretical_signed_gap,-0.09600000000000002,synthetic,ALL,not_applicable,not_applicable
EXP-01,SYNTHETIC EXPERIMENT,1747,full,664a150484ed2af3,937dbef27968b658,"{""alpha_a"": 0.45, ""alpha_b"": 0.9, ""kappa_a"": 0.36000000000000004, ""kappa_b"": 0.7200000000000001, ""n_per_group"": 200000.0}",0.45,0.9,0.36000000000000004,0.7200000000000001,200000,theoretical_signed_gap,-0.10800000000000003,synthetic,ALL,not_applicable,not_applicable
EXP-01,SYNTHETIC EXPERIMENT,1747,full,664a150484ed2af3,2db1985a44078181,"{""alpha_a"": 0.45, ""alpha_b"": 0.95, ""kappa_a"": 0.36000000000000004, ""kappa_b"": 0.76, ""n_per_group"": 200000.0}",0.45,0.95,0.36000000000000004,0.76,200000,theoretical_signed_gap,-0.12000000000000001,synthetic,ALL,not_applicable,not_applicable
EXP-01,SYNTHETIC EXPERIMENT,1747,full,664a150484ed2af3,e462c422d18f96c1,"{""alpha_a"": 0.45, ""alpha_b"": 1.0, ""kappa_a"": 0.36000000000000004, ""kappa_b"": 0.8, ""n_per_group"": 200000.0}",0.45,1.0,0.36000000000000004,0.8,200000,theoretical_signed_gap,-0.13200000000000003,synthetic,ALL,not_applicable,not_applicable
EXP-01,SYNTHETIC EXPERIMENT,1747,full,664a150484ed2af3,2317e2da2e740d7a,"{""alpha_a"": 0.5, ""alpha_b"": 0.0, ""kappa_a"": 0.4, ""kappa_b"": 0.0, ""n_per_group"": 200000.0}",0.5,0.0,0.4,0.0,200000,theoretical_signed_gap,0.12000000000000002,synthetic,ALL,not_applicable,not_applicable
EXP-01,SYNTHETIC EXPERIMENT,1747,full,664a150484ed2af3,5f880bbc3524c602,"{""alpha_a"": 0.5, ""alpha_b"": 0.05, ""kappa_a"": 0.4, ""kappa_b"": 0.04000000000000001, ""n_per_group"": 200000.0}",0.5,0.05,0.4,0.04000000000000001,200000,theoretical_signed_gap,0.10800000000000001,synthetic,ALL,not_applicable,not_applicable
EXP-01,SYNTHETIC EXPERIMENT,1747,full,664a150484ed2af3,cbee727bbee8b172,"{""alpha_a"": 0.5, ""alpha_b"": 0.1, ""kappa_a"": 0.4, ""kappa_b"": 0.08000000000000002, ""n_per_group"": 200000.0}",0.5,0.1,0.4,0.08000000000000002,200000,theoretical_signed_gap,0.09600000000000002,synthetic,ALL,not_applicable,not_applicable
EXP-01,SYNTHETIC EXPERIMENT,1747,full,664a150484ed2af3,c549ed94dc85c072,"{""alpha_a"": 0.5, ""alpha_b"": 0.15, ""kappa_a"": 0.4, ""kappa_b"": 0.12, ""n_per_group"": 200000.0}",0.5,0.15,0.4,0.12,200000,theoretical_signed_gap,0.08400000000000002,synthetic,ALL,not_applicable,not_applicable
EXP-01,SYNTHETIC EXPERIMENT,1747,full,664a150484ed2af3,e5c7966f86ab0d99,"{""alpha_a"": 0.5, ""alpha_b"": 0.2, ""kappa_a"": 0.4, ""kappa_b"": 0.16000000000000003, ""n_per_group"": 200000.0}",0.5,0.2,0.4,0.16000000000000003,200000,theoretical_signed_gap,0.07200000000000001,synthetic,ALL,not_applicable,not_applicable
EXP-01,SYNTHETIC EXPERIMENT,1747,full,664a150484ed2af3,51b1b4f5c30b1713,"{""alpha_a"": 0.5, ""alpha_b"": 0.25, ""kappa_a"": 0.4, ""kappa_b"": 0.2, ""n_per_group"": 200000.0}",0.5,0.25,0.4,0.2,200000,theoretical_signed_gap,0.06000000000000001,synthetic,ALL,not_applicable,not_applicable
EXP-01,SYNTHETIC EXPERIMENT,1747,full,664a150484ed2af3,72fe656b641cc483,"{""alpha_a"": 0.5, ""alpha_b"": 0.3, ""kappa_a"": 0.4, ""kappa_b"": 0.24, ""n_per_group"": 200000.0}",0.5,0.3,0.4,0.24,200000,theoretical_signed_gap,0.048000000000000015,synthetic,ALL,not_applicable,not_applicable
EXP-01,SYNTHETIC EXPERIMENT,1747,full,664a150484ed2af3,af622726dbd9c3ec,"{""alpha_a"": 0.5, ""alpha_b"": 0.35, ""kappa_a"": 0.4, ""kappa_b"": 0.27999999999999997, ""n_per_group"": 200000.0}",0.5,0.35,0.4,0.27999999999999997,200000,theoretical_signed_gap,0.03600000000000002,synthetic,ALL,not_applicable,not_applicable
EXP-01,SYNTHETIC EXPERIMENT,1747,full,664a150484ed2af3,a8d1656ae2edbe4f,"{""alpha_a"": 0.5, ""alpha_b"": 0.4, ""kappa_a"": 0.4, ""kappa_b"": 0.32000000000000006, ""n_per_group"": 200000.0}",0.5,0.4,0.4,0.32000000000000006,200000,theoretical_signed_gap,0.02399999999999999,synthetic,ALL,not_applicable,not_applicable
EXP-01,SYNTHETIC EXPERIMENT,1747,full,664a150484ed2af3,3392003f79f25b89,"{""alpha_a"": 0.5, ""alpha_b"": 0.45, ""kappa_a"": 0.4, ""kappa_b"": 0.36000000000000004, ""n_per_group"": 200000.0}",0.5,0.45,0.4,0.36000000000000004,200000,theoretical_signed_gap,0.011999999999999995,synthetic,ALL,not_applicable,not_applicable
EXP-01,SYNTHETIC EXPERIMENT,1747,full,664a150484ed2af3,6beae1245aca91e7,"{""alpha_a"": 0.5, ""alpha_b"": 0.5, ""kappa_a"": 0.4, ""kappa_b"": 0.4, ""n_per_group"": 200000.0}",0.5,0.5,0.4,0.4,200000,theoretical_signed_gap,0.0,synthetic,ALL,not_applicable,not_applicable
EXP-01,SYNTHETIC EXPERIMENT,1747,full,664a150484ed2af3,e09e5da7081a7b00,"{""alpha_a"": 0.5, ""alpha_b"": 0.55, ""kappa_a"": 0.4, ""kappa_b"": 0.44000000000000006, ""n_per_group"": 200000.0}",0.5,0.55,0.4,0.44000000000000006,200000,theoretical_signed_gap,-0.012000000000000012,synthetic,ALL,not_applicable,not_applicable
EXP-01,SYNTHETIC EXPERIMENT,1747,full,664a150484ed2af3,1062d55c00574d05,"{""alpha_a"": 0.5, ""alpha_b"": 0.6, ""kappa_a"": 0.4, ""kappa_b"": 0.48, ""n_per_group"": 200000.0}",0.5,0.6,0.4,0.48,200000,theoretical_signed_gap,-0.02399999999999999,synthetic,ALL,not_applicable,not_applicable
EXP-01,SYNTHETIC EXPERIMENT,1747,full,664a150484ed2af3,d98db135ea8d5701,"{""alpha_a"": 0.5, ""alpha_b"": 0.65, ""kappa_a"": 0.4, ""kappa_b"": 0.52, ""n_per_group"": 200000.0}",0.5,0.65,0.4,0.52,200000,theoretical_signed_gap,-0.036000000000000004,synthetic,ALL,not_applicable,not_applicable
EXP-01,SYNTHETIC EXPERIMENT,1747,full,664a150484ed2af3,3daace0638f99e2f,"{""alpha_a"": 0.5, ""alpha_b"": 0.7, ""kappa_a"": 0.4, ""kappa_b"": 0.5599999999999999, ""n_per_group"": 200000.0}",0.5,0.7,0.4,0.5599999999999999,200000,theoretical_signed_gap,-0.04799999999999998,synthetic,ALL,not_applicable,not_applicable
EXP-01,SYNTHETIC EXPERIMENT,1747,full,664a150484ed2af3,a5041d65159fb462,"{""alpha_a"": 0.5, ""alpha_b"": 0.75, ""kappa_a"": 0.4, ""kappa_b"": 0.6000000000000001, ""n_per_group"": 200000.0}",0.5,0.75,0.4,0.6000000000000001,200000,theoretical_signed_gap,-0.060000000000000026,synthetic,ALL,not_applicable,not_applicable
EXP-01,SYNTHETIC EXPERIMENT,1747,full,664a150484ed2af3,ce083d1501305d1c,"{""alpha_a"": 0.5, ""alpha_b"": 0.8, ""kappa_a"": 0.4, ""kappa_b"": 0.6400000000000001, ""n_per_group"": 200000.0}",0.5,0.8,0.4,0.6400000000000001,200000,theoretical_signed_gap,-0.07200000000000004,synthetic,ALL,not_applicable,not_applicable
EXP-01,SYNTHETIC EXPERIMENT,1747,full,664a150484ed2af3,6b66bbcc88daace4,"{""alpha_a"": 0.5, ""alpha_b"": 0.85, ""kappa_a"": 0.4, ""kappa_b"": 0.68, ""n_per_group"": 200000.0}",0.5,0.85,0.4,0.68,200000,theoretical_signed_gap,-0.08400000000000002,synthetic,ALL,not_applicable,not_applicable
EXP-01,SYNTHETIC EXPERIMENT,1747,full,664a150484ed2af3,74f5aa3687c13f75,"{""alpha_a"": 0.5, ""alpha_b"": 0.9, ""kappa_a"": 0.4, ""kappa_b"": 0.7200000000000001, ""n_per_group"": 200000.0}",0.5,0.9,0.4,0.7200000000000001,200000,theoretical_signed_gap,-0.09600000000000003,synthetic,ALL,not_applicable,not_applicable
EXP-01,SYNTHETIC EXPERIMENT,1747,full,664a150484ed2af3,32688959679582cb,"{""alpha_a"": 0.5, ""alpha_b"": 0.95, ""kappa_a"": 0.4, ""kappa_b"": 0.76, ""n_per_group"": 200000.0}",0.5,0.95,0.4,0.76,200000,theoretical_signed_gap,-0.10800000000000001,synthetic,ALL,not_applicable,not_applicable
EXP-01,SYNTHETIC EXPERIMENT,1747,full,664a150484ed2af3,32c63b25e253f30f,"{""alpha_a"": 0.5, ""alpha_b"": 1.0, ""kappa_a"": 0.4, ""kappa_b"": 0.8, ""n_per_group"": 200000.0}",0.5,1.0,0.4,0.8,200000,theoretical_signed_gap,-0.12000000000000002,synthetic,ALL,not_applicable,not_applicable
EXP-01,SYNTHETIC EXPERIMENT,1747,full,664a150484ed2af3,98adb6a0ac9f9b3d,"{""alpha_a"": 0.55, ""alpha_b"": 0.0, ""kappa_a"": 0.44000000000000006, ""kappa_b"": 0.0, ""n_per_group"": 200000.0}",0.55,0.0,0.44000000000000006,0.0,200000,theoretical_signed_gap,0.13200000000000003,synthetic,ALL,not_applicable,not_applicable
EXP-01,SYNTHETIC EXPERIMENT,1747,full,664a150484ed2af3,78a5de4ade8b5736,"{""alpha_a"": 0.55, ""alpha_b"": 0.05, ""kappa_a"": 0.44000000000000006, ""kappa_b"": 0.04000000000000001, ""n_per_group"": 200000.0}",0.55,0.05,0.44000000000000006,0.04000000000000001,200000,theoretical_signed_gap,0.12000000000000002,synthetic,ALL,not_applicable,not_applicable
EXP-01,SYNTHETIC EXPERIMENT,1747,full,664a150484ed2af3,4845ede7694bed0b,"{""alpha_a"": 0.55, ""alpha_b"": 0.1, ""kappa_a"": 0.44000000000000006, ""kappa_b"": 0.08000000000000002, ""n_per_group"": 200000.0}",0.55,0.1,0.44000000000000006,0.08000000000000002,200000,theoretical_signed_gap,0.10800000000000003,synthetic,ALL,not_applicable,not_applicable
EXP-01,SYNTHETIC EXPERIMENT,1747,full,664a150484ed2af3,d561748042cedcef,"{""alpha_a"": 0.55, ""alpha_b"": 0.15, ""kappa_a"": 0.44000000000000006, ""kappa_b"": 0.12, ""n_per_group"": 200000.0}",0.55,0.15,0.44000000000000006,0.12,200000,theoretical_signed_gap,0.09600000000000003,synthetic,ALL,not_applicable,not_applicable
EXP-01,SYNTHETIC EXPERIMENT,1747,full,664a150484ed2af3,8751ce8981d1ab37,"{""alpha_a"": 0.55, ""alpha_b"": 0.2, ""kappa_a"": 0.44000000000000006, ""kappa_b"": 0.16000000000000003, ""n_per_group"": 200000.0}",0.55,0.2,0.44000000000000006,0.16000000000000003,200000,theoretical_signed_gap,0.08400000000000002,synthetic,ALL,not_applicable,not_applicable
EXP-01,SYNTHETIC EXPERIMENT,1747,full,664a150484ed2af3,12dfd3a079d67fa3,"{""alpha_a"": 0.55, ""alpha_b"": 0.25, ""kappa_a"": 0.44000000000000006, ""kappa_b"": 0.2, ""n_per_group"": 200000.0}",0.55,0.25,0.44000000000000006,0.2,200000,theoretical_signed_gap,0.07200000000000002,synthetic,ALL,not_applicable,not_applicable
EXP-01,SYNTHETIC EXPERIMENT,1747,full,664a150484ed2af3,e4d4837ff7754ea2,"{""alpha_a"": 0.55, ""alpha_b"": 0.3, ""kappa_a"": 0.44000000000000006, ""kappa_b"": 0.24, ""n_per_group"": 200000.0}",0.55,0.3,0.44000000000000006,0.24,200000,theoretical_signed_gap,0.060000000000000026,synthetic,ALL,not_applicable,not_applicable
EXP-01,SYNTHETIC EXPERIMENT,1747,full,664a150484ed2af3,8aac5e321030839e,"{""alpha_a"": 0.55, ""alpha_b"": 0.35, ""kappa_a"": 0.44000000000000006, ""kappa_b"": 0.27999999999999997, ""n_per_group"": 200000.0}",0.55,0.35,0.44000000000000006,0.27999999999999997,200000,theoretical_signed_gap,0.048000000000000036,synthetic,ALL,not_applicable,not_applicable
EXP-01,SYNTHETIC EXPERIMENT,1747,full,664a150484ed2af3,a6e0dabdc5c1de0a,"{""alpha_a"": 0.55, ""alpha_b"": 0.4, ""kappa_a"": 0.44000000000000006, ""kappa_b"": 0.32000000000000006, ""n_per_group"": 200000.0}",0.55,0.4,0.44000000000000006,0.32000000000000006,200000,theoretical_signed_gap,0.036000000000000004,synthetic,ALL,not_applicable,not_applicable
EXP-01,SYNTHETIC EXPERIMENT,1747,full,664a150484ed2af3,6b9cb14935daa48e,"{""alpha_a"": 0.55, ""alpha_b"": 0.45, ""kappa_a"": 0.44000000000000006, ""kappa_b"": 0.36000000000000004, ""n_per_group"": 200000.0}",0.55,0.45,0.44000000000000006,0.36000000000000004,200000,theoretical_signed_gap,0.024000000000000007,synthetic,ALL,not_applicable,not_applicable
EXP-01,SYNTHETIC EXPERIMENT,1747,full,664a150484ed2af3,d23e16099cb9ffe6,"{""alpha_a"": 0.55, ""alpha_b"": 0.5, ""kappa_a"": 0.44000000000000006, ""kappa_b"": 0.4, ""n_per_group"": 200000.0}",0.55,0.5,0.44000000000000006,0.4,200000,theoretical_signed_gap,0.012000000000000012,synthetic,ALL,not_applicable,not_applicable
EXP-01,SYNTHETIC EXPERIMENT,1747,full,664a150484ed2af3,5d08b2ce05bfb185,"{""alpha_a"": 0.55, ""alpha_b"": 0.55, ""kappa_a"": 0.44000000000000006, ""kappa_b"": 0.44000000000000006, ""n_per_group"": 200000.0}",0.55,0.55,0.44000000000000006,0.44000000000000006,200000,theoretical_signed_gap,0.0,synthetic,ALL,not_applicable,not_applicable
EXP-01,SYNTHETIC EXPERIMENT,1747,full,664a150484ed2af3,91194d1ea7ca542b,"{""alpha_a"": 0.55, ""alpha_b"": 0.6, ""kappa_a"": 0.44000000000000006, ""kappa_b"": 0.48, ""n_per_group"": 200000.0}",0.55,0.6,0.44000000000000006,0.48,200000,theoretical_signed_gap,-0.01199999999999998,synthetic,ALL,not_applicable,not_applicable
EXP-01,SYNTHETIC EXPERIMENT,1747,full,664a150484ed2af3,c8c2017e28a9d555,"{""alpha_a"": 0.55, ""alpha_b"": 0.65, ""kappa_a"": 0.44000000000000006, ""kappa_b"": 0.52, ""n_per_group"": 200000.0}",0.55,0.65,0.44000000000000006,0.52,200000,theoretical_signed_gap,-0.02399999999999999,synthetic,ALL,not_applicable,not_applicable
EXP-01,SYNTHETIC EXPERIMENT,1747,full,664a150484ed2af3,23418fc93e09469c,"{""alpha_a"": 0.55, ""alpha_b"": 0.7, ""kappa_a"": 0.44000000000000006, ""kappa_b"": 0.5599999999999999, ""n_per_group"": 200000.0}",0.55,0.7,0.44000000000000006,0.5599999999999999,200000,theoretical_signed_gap,-0.03599999999999997,synthetic,ALL,not_applicable,not_applicable
EXP-01,SYNTHETIC EXPERIMENT,1747,full,664a150484ed2af3,bd14f0b165623491,"{""alpha_a"": 0.55, ""alpha_b"": 0.75, ""kappa_a"": 0.44000000000000006, ""kappa_b"": 0.6000000000000001, ""n_per_group"": 200000.0}",0.55,0.75,0.44000000000000006,0.6000000000000001,200000,theoretical_signed_gap,-0.048000000000000015,synthetic,ALL,not_applicable,not_applicable
EXP-01,SYNTHETIC EXPERIMENT,1747,full,664a150484ed2af3,b88630dd87f69369,"{""alpha_a"": 0.55, ""alpha_b"": 0.8, ""kappa_a"": 0.44000000000000006, ""kappa_b"": 0.6400000000000001, ""n_per_group"": 200000.0}",0.55,0.8,0.44000000000000006,0.6400000000000001,200000,theoretical_signed_gap,-0.060000000000000026,synthetic,ALL,not_applicable,not_applicable
EXP-01,SYNTHETIC EXPERIMENT,1747,full,664a150484ed2af3,6c2ec5e5c4c4d043,"{""alpha_a"": 0.55, ""alpha_b"": 0.85, ""kappa_a"": 0.44000000000000006, ""kappa_b"": 0.68, ""n_per_group"": 200000.0}",0.55,0.85,0.44000000000000006,0.68,200000,theoretical_signed_gap,-0.07200000000000001,synthetic,ALL,not_applicable,not_applicable
EXP-01,SYNTHETIC EXPERIMENT,1747,full,664a150484ed2af3,b34d2bbf74338187,"{""alpha_a"": 0.55, ""alpha_b"": 0.9, ""kappa_a"": 0.44000000000000006, ""kappa_b"": 0.7200000000000001, ""n_per_group"": 200000.0}",0.55,0.9,0.44000000000000006,0.7200000000000001,200000,theoretical_signed_gap,-0.08400000000000002,synthetic,ALL,not_applicable,not_applicable
EXP-01,SYNTHETIC EXPERIMENT,1747,full,664a150484ed2af3,1a35cdd70a8fdb97,"{""alpha_a"": 0.55, ""alpha_b"": 0.95, ""kappa_a"": 0.44000000000000006, ""kappa_b"": 0.76, ""n_per_group"": 200000.0}",0.55,0.95,0.44000000000000006,0.76,200000,theoretical_signed_gap,-0.096,synthetic,ALL,not_applicable,not_applicable
EXP-01,SYNTHETIC EXPERIMENT,1747,full,664a150484ed2af3,e5add7c7d801a5ae,"{""alpha_a"": 0.55, ""alpha_b"": 1.0, ""kappa_a"": 0.44000000000000006, ""kappa_b"": 0.8, ""n_per_group"": 200000.0}",0.55,1.0,0.44000000000000006,0.8,200000,theoretical_signed_gap,-0.10800000000000001,synthetic,ALL,not_applicable,not_applicable
EXP-01,SYNTHETIC EXPERIMENT,1747,full,664a150484ed2af3,50221bd8f402343b,"{""alpha_a"": 0.6, ""alpha_b"": 0.0, ""kappa_a"": 0.48, ""kappa_b"": 0.0, ""n_per_group"": 200000.0}",0.6,0.0,0.48,0.0,200000,theoretical_signed_gap,0.14400000000000002,synthetic,ALL,not_applicable,not_applicable
EXP-01,SYNTHETIC EXPERIMENT,1747,full,664a150484ed2af3,651eb2352d5e0ecd,"{""alpha_a"": 0.6, ""alpha_b"": 0.05, ""kappa_a"": 0.48, ""kappa_b"": 0.04000000000000001, ""n_per_group"": 200000.0}",0.6,0.05,0.48,0.04000000000000001,200000,theoretical_signed_gap,0.132,synthetic,ALL,not_applicable,not_applicable
EXP-01,SYNTHETIC EXPERIMENT,1747,full,664a150484ed2af3,163d8f9d1b8bfe8d,"{""alpha_a"": 0.6, ""alpha_b"": 0.1, ""kappa_a"": 0.48, ""kappa_b"": 0.08000000000000002, ""n_per_group"": 200000.0}",0.6,0.1,0.48,0.08000000000000002,200000,theoretical_signed_gap,0.12000000000000001,synthetic,ALL,not_applicable,not_applicable
EXP-01,SYNTHETIC EXPERIMENT,1747,full,664a150484ed2af3,e05d8a686a8954e9,"{""alpha_a"": 0.6, ""alpha_b"": 0.15, ""kappa_a"": 0.48, ""kappa_b"": 0.12, ""n_per_group"": 200000.0}",0.6,0.15,0.48,0.12,200000,theoretical_signed_gap,0.10800000000000001,synthetic,ALL,not_applicable,not_applicable
EXP-01,SYNTHETIC EXPERIMENT,1747,full,664a150484ed2af3,43d92043ecd69631,"{""alpha_a"": 0.6, ""alpha_b"": 0.2, ""kappa_a"": 0.48, ""kappa_b"": 0.16000000000000003, ""n_per_group"": 200000.0}",0.6,0.2,0.48,0.16000000000000003,200000,theoretical_signed_gap,0.096,synthetic,ALL,not_applicable,not_applicable
EXP-01,SYNTHETIC EXPERIMENT,1747,full,664a150484ed2af3,65f53042fd482273,"{""alpha_a"": 0.6, ""alpha_b"": 0.25, ""kappa_a"": 0.48, ""kappa_b"": 0.2, ""n_per_group"": 200000.0}",0.6,0.25,0.48,0.2,200000,theoretical_signed_gap,0.084,synthetic,ALL,not_applicable,not_applicable
EXP-01,SYNTHETIC EXPERIMENT,1747,full,664a150484ed2af3,cc544c0e221b5ff2,"{""alpha_a"": 0.6, ""alpha_b"": 0.3, ""kappa_a"": 0.48, ""kappa_b"": 0.24, ""n_per_group"": 200000.0}",0.6,0.3,0.48,0.24,200000,theoretical_signed_gap,0.07200000000000001,synthetic,ALL,not_applicable,not_applicable
EXP-01,SYNTHETIC EXPERIMENT,1747,full,664a150484ed2af3,e7aaa3eb9dade217,"{""alpha_a"": 0.6, ""alpha_b"": 0.35, ""kappa_a"": 0.48, ""kappa_b"": 0.27999999999999997, ""n_per_group"": 200000.0}",0.6,0.35,0.48,0.27999999999999997,200000,theoretical_signed_gap,0.06000000000000001,synthetic,ALL,not_applicable,not_applicable
EXP-01,SYNTHETIC EXPERIMENT,1747,full,664a150484ed2af3,3ac735935f127d26,"{""alpha_a"": 0.6, ""alpha_b"": 0.4, ""kappa_a"": 0.48, ""kappa_b"": 0.32000000000000006, ""n_per_group"": 200000.0}",0.6,0.4,0.48,0.32000000000000006,200000,theoretical_signed_gap,0.04799999999999998,synthetic,ALL,not_applicable,not_applicable
EXP-01,SYNTHETIC EXPERIMENT,1747,full,664a150484ed2af3,bf79925dafbd26b9,"{""alpha_a"": 0.6, ""alpha_b"": 0.45, ""kappa_a"": 0.48, ""kappa_b"": 0.36000000000000004, ""n_per_group"": 200000.0}",0.6,0.45,0.48,0.36000000000000004,200000,theoretical_signed_gap,0.03599999999999999,synthetic,ALL,not_applicable,not_applicable
EXP-01,SYNTHETIC EXPERIMENT,1747,full,664a150484ed2af3,2d923d3c491d34fb,"{""alpha_a"": 0.6, ""alpha_b"": 0.5, ""kappa_a"": 0.48, ""kappa_b"": 0.4, ""n_per_group"": 200000.0}",0.6,0.5,0.48,0.4,200000,theoretical_signed_gap,0.02399999999999999,synthetic,ALL,not_applicable,not_applicable
EXP-01,SYNTHETIC EXPERIMENT,1747,full,664a150484ed2af3,577fb647f69f629b,"{""alpha_a"": 0.6, ""alpha_b"": 0.55, ""kappa_a"": 0.48, ""kappa_b"": 0.44000000000000006, ""n_per_group"": 200000.0}",0.6,0.55,0.48,0.44000000000000006,200000,theoretical_signed_gap,0.01199999999999998,synthetic,ALL,not_applicable,not_applicable
EXP-01,SYNTHETIC EXPERIMENT,1747,full,664a150484ed2af3,780a17c5091409ed,"{""alpha_a"": 0.6, ""alpha_b"": 0.6, ""kappa_a"": 0.48, ""kappa_b"": 0.48, ""n_per_group"": 200000.0}",0.6,0.6,0.48,0.48,200000,theoretical_signed_gap,0.0,synthetic,ALL,not_applicable,not_applicable
EXP-01,SYNTHETIC EXPERIMENT,1747,full,664a150484ed2af3,c647f1f7edbb3a38,"{""alpha_a"": 0.6, ""alpha_b"": 0.65, ""kappa_a"": 0.48, ""kappa_b"": 0.52, ""n_per_group"": 200000.0}",0.6,0.65,0.48,0.52,200000,theoretical_signed_gap,-0.012000000000000012,synthetic,ALL,not_applicable,not_applicable
EXP-01,SYNTHETIC EXPERIMENT,1747,full,664a150484ed2af3,9f999dfd01025484,"{""alpha_a"": 0.6, ""alpha_b"": 0.7, ""kappa_a"": 0.48, ""kappa_b"": 0.5599999999999999, ""n_per_group"": 200000.0}",0.6,0.7,0.48,0.5599999999999999,200000,theoretical_signed_gap,-0.02399999999999999,synthetic,ALL,not_applicable,not_applicable
EXP-01,SYNTHETIC EXPERIMENT,1747,full,664a150484ed2af3,4a5d7fb971e337ce,"{""alpha_a"": 0.6, ""alpha_b"": 0.75, ""kappa_a"": 0.48, ""kappa_b"": 0.6000000000000001, ""n_per_group"": 200000.0}",0.6,0.75,0.48,0.6000000000000001,200000,theoretical_signed_gap,-0.03600000000000004,synthetic,ALL,not_applicable,not_applicable
EXP-01,SYNTHETIC EXPERIMENT,1747,full,664a150484ed2af3,a186c70650e1139c,"{""alpha_a"": 0.6, ""alpha_b"": 0.8, ""kappa_a"": 0.48, ""kappa_b"": 0.6400000000000001, ""n_per_group"": 200000.0}",0.6,0.8,0.48,0.6400000000000001,200000,theoretical_signed_gap,-0.04800000000000005,synthetic,ALL,not_applicable,not_applicable
EXP-01,SYNTHETIC EXPERIMENT,1747,full,664a150484ed2af3,de8705685ae9e61f,"{""alpha_a"": 0.6, ""alpha_b"": 0.85, ""kappa_a"": 0.48, ""kappa_b"": 0.68, ""n_per_group"": 200000.0}",0.6,0.85,0.48,0.68,200000,theoretical_signed_gap,-0.060000000000000026,synthetic,ALL,not_applicable,not_applicable
EXP-01,SYNTHETIC EXPERIMENT,1747,full,664a150484ed2af3,694c75f683525a03,"{""alpha_a"": 0.6, ""alpha_b"": 0.9, ""kappa_a"": 0.48, ""kappa_b"": 0.7200000000000001, ""n_per_group"": 200000.0}",0.6,0.9,0.48,0.7200000000000001,200000,theoretical_signed_gap,-0.07200000000000004,synthetic,ALL,not_applicable,not_applicable
EXP-01,SYNTHETIC EXPERIMENT,1747,full,664a150484ed2af3,78c170e48cdb4c3c,"{""alpha_a"": 0.6, ""alpha_b"": 0.95, ""kappa_a"": 0.48, ""kappa_b"": 0.76, ""n_per_group"": 200000.0}",0.6,0.95,0.48,0.76,200000,theoretical_signed_gap,-0.08400000000000002,synthetic,ALL,not_applicable,not_applicable
EXP-01,SYNTHETIC EXPERIMENT,1747,full,664a150484ed2af3,d50ead690aaf4332,"{""alpha_a"": 0.6, ""alpha_b"": 1.0, ""kappa_a"": 0.48, ""kappa_b"": 0.8, ""n_per_group"": 200000.0}",0.6,1.0,0.48,0.8,200000,theoretical_signed_gap,-0.09600000000000003,synthetic,ALL,not_applicable,not_applicable
EXP-01,SYNTHETIC EXPERIMENT,1747,full,664a150484ed2af3,8237ac1b2921d88e,"{""alpha_a"": 0.65, ""alpha_b"": 0.0, ""kappa_a"": 0.52, ""kappa_b"": 0.0, ""n_per_group"": 200000.0}",0.65,0.0,0.52,0.0,200000,theoretical_signed_gap,0.15600000000000003,synthetic,ALL,not_applicable,not_applicable
EXP-01,SYNTHETIC EXPERIMENT,1747,full,664a150484ed2af3,797d6a7e2cc9844e,"{""alpha_a"": 0.65, ""alpha_b"": 0.05, ""kappa_a"": 0.52, ""kappa_b"": 0.04000000000000001, ""n_per_group"": 200000.0}",0.65,0.05,0.52,0.04000000000000001,200000,theoretical_signed_gap,0.14400000000000002,synthetic,ALL,not_applicable,not_applicable
EXP-01,SYNTHETIC EXPERIMENT,1747,full,664a150484ed2af3,0204098df3c3b9e5,"{""alpha_a"": 0.65, ""alpha_b"": 0.1, ""kappa_a"": 0.52, ""kappa_b"": 0.08000000000000002, ""n_per_group"": 200000.0}",0.65,0.1,0.52,0.08000000000000002,200000,theoretical_signed_gap,0.13200000000000003,synthetic,ALL,not_applicable,not_applicable
EXP-01,SYNTHETIC EXPERIMENT,1747,full,664a150484ed2af3,d2ea0a9ab848cf49,"{""alpha_a"": 0.65, ""alpha_b"": 0.15, ""kappa_a"": 0.52, ""kappa_b"": 0.12, ""n_per_group"": 200000.0}",0.65,0.15,0.52,0.12,200000,theoretical_signed_gap,0.12000000000000002,synthetic,ALL,not_applicable,not_applicable
EXP-01,SYNTHETIC EXPERIMENT,1747,full,664a150484ed2af3,589f1decf964336d,"{""alpha_a"": 0.65, ""alpha_b"": 0.2, ""kappa_a"": 0.52, ""kappa_b"": 0.16000000000000003, ""n_per_group"": 200000.0}",0.65,0.2,0.52,0.16000000000000003,200000,theoretical_signed_gap,0.10800000000000001,synthetic,ALL,not_applicable,not_applicable
EXP-01,SYNTHETIC EXPERIMENT,1747,full,664a150484ed2af3,bbbcbbb934f1bd57,"{""alpha_a"": 0.65, ""alpha_b"": 0.25, ""kappa_a"": 0.52, ""kappa_b"": 0.2, ""n_per_group"": 200000.0}",0.65,0.25,0.52,0.2,200000,theoretical_signed_gap,0.09600000000000002,synthetic,ALL,not_applicable,not_applicable
EXP-01,SYNTHETIC EXPERIMENT,1747,full,664a150484ed2af3,56231ef03c73dc69,"{""alpha_a"": 0.65, ""alpha_b"": 0.3, ""kappa_a"": 0.52, ""kappa_b"": 0.24, ""n_per_group"": 200000.0}",0.65,0.3,0.52,0.24,200000,theoretical_signed_gap,0.08400000000000002,synthetic,ALL,not_applicable,not_applicable
EXP-01,SYNTHETIC EXPERIMENT,1747,full,664a150484ed2af3,d874f9b45c68c078,"{""alpha_a"": 0.65, ""alpha_b"": 0.35, ""kappa_a"": 0.52, ""kappa_b"": 0.27999999999999997, ""n_per_group"": 200000.0}",0.65,0.35,0.52,0.27999999999999997,200000,theoretical_signed_gap,0.07200000000000002,synthetic,ALL,not_applicable,not_applicable
EXP-01,SYNTHETIC EXPERIMENT,1747,full,664a150484ed2af3,c2e26c6bf8a9eb55,"{""alpha_a"": 0.65, ""alpha_b"": 0.4, ""kappa_a"": 0.52, ""kappa_b"": 0.32000000000000006, ""n_per_group"": 200000.0}",0.65,0.4,0.52,0.32000000000000006,200000,theoretical_signed_gap,0.06,synthetic,ALL,not_applicable,not_applicable
EXP-01,SYNTHETIC EXPERIMENT,1747,full,664a150484ed2af3,52dee04e5176f973,"{""alpha_a"": 0.65, ""alpha_b"": 0.45, ""kappa_a"": 0.52, ""kappa_b"": 0.36000000000000004, ""n_per_group"": 200000.0}",0.65,0.45,0.52,0.36000000000000004,200000,theoretical_signed_gap,0.048,synthetic,ALL,not_applicable,not_applicable
EXP-01,SYNTHETIC EXPERIMENT,1747,full,664a150484ed2af3,cb151264c8c41395,"{""alpha_a"": 0.65, ""alpha_b"": 0.5, ""kappa_a"": 0.52, ""kappa_b"": 0.4, ""n_per_group"": 200000.0}",0.65,0.5,0.52,0.4,200000,theoretical_signed_gap,0.036000000000000004,synthetic,ALL,not_applicable,not_applicable
EXP-01,SYNTHETIC EXPERIMENT,1747,full,664a150484ed2af3,cb4cc85d75c9f4dc,"{""alpha_a"": 0.65, ""alpha_b"": 0.55, ""kappa_a"": 0.52, ""kappa_b"": 0.44000000000000006, ""n_per_group"": 200000.0}",0.65,0.55,0.52,0.44000000000000006,200000,theoretical_signed_gap,0.02399999999999999,synthetic,ALL,not_applicable,not_applicable
EXP-01,SYNTHETIC EXPERIMENT,1747,full,664a150484ed2af3,867631e66e98681d,"{""alpha_a"": 0.65, ""alpha_b"": 0.6, ""kappa_a"": 0.52, ""kappa_b"": 0.48, ""n_per_group"": 200000.0}",0.65,0.6,0.52,0.48,200000,theoretical_signed_gap,0.012000000000000012,synthetic,ALL,not_applicable,not_applicable
EXP-01,SYNTHETIC EXPERIMENT,1747,full,664a150484ed2af3,cdde18ec67287c88,"{""alpha_a"": 0.65, ""alpha_b"": 0.65, ""kappa_a"": 0.52, ""kappa_b"": 0.52, ""n_per_group"": 200000.0}",0.65,0.65,0.52,0.52,200000,theoretical_signed_gap,0.0,synthetic,ALL,not_applicable,not_applicable
EXP-01,SYNTHETIC EXPERIMENT,1747,full,664a150484ed2af3,8db4e03766b93699,"{""alpha_a"": 0.65, ""alpha_b"": 0.7, ""kappa_a"": 0.52, ""kappa_b"": 0.5599999999999999, ""n_per_group"": 200000.0}",0.65,0.7,0.52,0.5599999999999999,200000,theoretical_signed_gap,-0.01199999999999998,synthetic,ALL,not_applicable,not_applicable
EXP-01,SYNTHETIC EXPERIMENT,1747,full,664a150484ed2af3,defa8621e1dae86e,"{""alpha_a"": 0.65, ""alpha_b"": 0.75, ""kappa_a"": 0.52, ""kappa_b"": 0.6000000000000001, ""n_per_group"": 200000.0}",0.65,0.75,0.52,0.6000000000000001,200000,theoretical_signed_gap,-0.024000000000000025,synthetic,ALL,not_applicable,not_applicable
EXP-01,SYNTHETIC EXPERIMENT,1747,full,664a150484ed2af3,e806bd5df6f97888,"{""alpha_a"": 0.65, ""alpha_b"": 0.8, ""kappa_a"": 0.52, ""kappa_b"": 0.6400000000000001, ""n_per_group"": 200000.0}",0.65,0.8,0.52,0.6400000000000001,200000,theoretical_signed_gap,-0.03600000000000004,synthetic,ALL,not_applicable,not_applicable
EXP-01,SYNTHETIC EXPERIMENT,1747,full,664a150484ed2af3,0903ae1542382f5e,"{""alpha_a"": 0.65, ""alpha_b"": 0.85, ""kappa_a"": 0.52, ""kappa_b"": 0.68, ""n_per_group"": 200000.0}",0.65,0.85,0.52,0.68,200000,theoretical_signed_gap,-0.048000000000000015,synthetic,ALL,not_applicable,not_applicable
EXP-01,SYNTHETIC EXPERIMENT,1747,full,664a150484ed2af3,ab1b216db6302741,"{""alpha_a"": 0.65, ""alpha_b"": 0.9, ""kappa_a"": 0.52, ""kappa_b"": 0.7200000000000001, ""n_per_group"": 200000.0}",0.65,0.9,0.52,0.7200000000000001,200000,theoretical_signed_gap,-0.060000000000000026,synthetic,ALL,not_applicable,not_applicable
EXP-01,SYNTHETIC EXPERIMENT,1747,full,664a150484ed2af3,577eaa46a40bff6b,"{""alpha_a"": 0.65, ""alpha_b"": 0.95, ""kappa_a"": 0.52, ""kappa_b"": 0.76, ""n_per_group"": 200000.0}",0.65,0.95,0.52,0.76,200000,theoretical_signed_gap,-0.07200000000000001,synthetic,ALL,not_applicable,not_applicable
EXP-01,SYNTHETIC EXPERIMENT,1747,full,664a150484ed2af3,341ee85502401eb8,"{""alpha_a"": 0.65, ""alpha_b"": 1.0, ""kappa_a"": 0.52, ""kappa_b"": 0.8, ""n_per_group"": 200000.0}",0.65,1.0,0.52,0.8,200000,theoretical_signed_gap,-0.08400000000000002,synthetic,ALL,not_applicable,not_applicable
EXP-01,SYNTHETIC EXPERIMENT,1747,full,664a150484ed2af3,c8ddd6677f6f843b,"{""alpha_a"": 0.7, ""alpha_b"": 0.0, ""kappa_a"": 0.5599999999999999, ""kappa_b"": 0.0, ""n_per_group"": 200000.0}",0.7,0.0,0.5599999999999999,0.0,200000,theoretical_signed_gap,0.168,synthetic,ALL,not_applicable,not_applicable
EXP-01,SYNTHETIC EXPERIMENT,1747,full,664a150484ed2af3,cecdc2a6be269b13,"{""alpha_a"": 0.7, ""alpha_b"": 0.05, ""kappa_a"": 0.5599999999999999, ""kappa_b"": 0.04000000000000001, ""n_per_group"": 200000.0}",0.7,0.05,0.5599999999999999,0.04000000000000001,200000,theoretical_signed_gap,0.156,synthetic,ALL,not_applicable,not_applicable
EXP-01,SYNTHETIC EXPERIMENT,1747,full,664a150484ed2af3,7c07722156d4753c,"{""alpha_a"": 0.7, ""alpha_b"": 0.1, ""kappa_a"": 0.5599999999999999, ""kappa_b"": 0.08000000000000002, ""n_per_group"": 200000.0}",0.7,0.1,0.5599999999999999,0.08000000000000002,200000,theoretical_signed_gap,0.144,synthetic,ALL,not_applicable,not_applicable
EXP-01,SYNTHETIC EXPERIMENT,1747,full,664a150484ed2af3,d866b68c9353ad8e,"{""alpha_a"": 0.7, ""alpha_b"": 0.15, ""kappa_a"": 0.5599999999999999, ""kappa_b"": 0.12, ""n_per_group"": 200000.0}",0.7,0.15,0.5599999999999999,0.12,200000,theoretical_signed_gap,0.132,synthetic,ALL,not_applicable,not_applicable
EXP-01,SYNTHETIC EXPERIMENT,1747,full,664a150484ed2af3,22e27fd9c9b7754b,"{""alpha_a"": 0.7, ""alpha_b"": 0.2, ""kappa_a"": 0.5599999999999999, ""kappa_b"": 0.16000000000000003, ""n_per_group"": 200000.0}",0.7,0.2,0.5599999999999999,0.16000000000000003,200000,theoretical_signed_gap,0.12,synthetic,ALL,not_applicable,not_applicable
EXP-01,SYNTHETIC EXPERIMENT,1747,full,664a150484ed2af3,47c868681941b524,"{""alpha_a"": 0.7, ""alpha_b"": 0.25, ""kappa_a"": 0.5599999999999999, ""kappa_b"": 0.2, ""n_per_group"": 200000.0}",0.7,0.25,0.5599999999999999,0.2,200000,theoretical_signed_gap,0.108,synthetic,ALL,not_applicable,not_applicable
EXP-01,SYNTHETIC EXPERIMENT,1747,full,664a150484ed2af3,968819aff68502bb,"{""alpha_a"": 0.7, ""alpha_b"": 0.3, ""kappa_a"": 0.5599999999999999, ""kappa_b"": 0.24, ""n_per_group"": 200000.0}",0.7,0.3,0.5599999999999999,0.24,200000,theoretical_signed_gap,0.096,synthetic,ALL,not_applicable,not_applicable
EXP-01,SYNTHETIC EXPERIMENT,1747,full,664a150484ed2af3,8ce8eb6782ff8e91,"{""alpha_a"": 0.7, ""alpha_b"": 0.35, ""kappa_a"": 0.5599999999999999, ""kappa_b"": 0.27999999999999997, ""n_per_group"": 200000.0}",0.7,0.35,0.5599999999999999,0.27999999999999997,200000,theoretical_signed_gap,0.084,synthetic,ALL,not_applicable,not_applicable
EXP-01,SYNTHETIC EXPERIMENT,1747,full,664a150484ed2af3,c89b278373082486,"{""alpha_a"": 0.7, ""alpha_b"": 0.4, ""kappa_a"": 0.5599999999999999, ""kappa_b"": 0.32000000000000006, ""n_per_group"": 200000.0}",0.7,0.4,0.5599999999999999,0.32000000000000006,200000,theoretical_signed_gap,0.07199999999999998,synthetic,ALL,not_applicable,not_applicable
EXP-01,SYNTHETIC EXPERIMENT,1747,full,664a150484ed2af3,530dc275e5d583d5,"{""alpha_a"": 0.7, ""alpha_b"": 0.45, ""kappa_a"": 0.5599999999999999, ""kappa_b"": 0.36000000000000004, ""n_per_group"": 200000.0}",0.7,0.45,0.5599999999999999,0.36000000000000004,200000,theoretical_signed_gap,0.05999999999999998,synthetic,ALL,not_applicable,not_applicable
EXP-01,SYNTHETIC EXPERIMENT,1747,full,664a150484ed2af3,01946da20aac2037,"{""alpha_a"": 0.7, ""alpha_b"": 0.5, ""kappa_a"": 0.5599999999999999, ""kappa_b"": 0.4, ""n_per_group"": 200000.0}",0.7,0.5,0.5599999999999999,0.4,200000,theoretical_signed_gap,0.04799999999999998,synthetic,ALL,not_applicable,not_applicable
EXP-01,SYNTHETIC EXPERIMENT,1747,full,664a150484ed2af3,73e1593e0dd5e9bb,"{""alpha_a"": 0.7, ""alpha_b"": 0.55, ""kappa_a"": 0.5599999999999999, ""kappa_b"": 0.44000000000000006, ""n_per_group"": 200000.0}",0.7,0.55,0.5599999999999999,0.44000000000000006,200000,theoretical_signed_gap,0.03599999999999997,synthetic,ALL,not_applicable,not_applicable
EXP-01,SYNTHETIC EXPERIMENT,1747,full,664a150484ed2af3,62270be4752f9f93,"{""alpha_a"": 0.7, ""alpha_b"": 0.6, ""kappa_a"": 0.5599999999999999, ""kappa_b"": 0.48, ""n_per_group"": 200000.0}",0.7,0.6,0.5599999999999999,0.48,200000,theoretical_signed_gap,0.02399999999999999,synthetic,ALL,not_applicable,not_applicable
EXP-01,SYNTHETIC EXPERIMENT,1747,full,664a150484ed2af3,6594a0ffafa2c5b6,"{""alpha_a"": 0.7, ""alpha_b"": 0.65, ""kappa_a"": 0.5599999999999999, ""kappa_b"": 0.52, ""n_per_group"": 200000.0}",0.7,0.65,0.5599999999999999,0.52,200000,theoretical_signed_gap,0.01199999999999998,synthetic,ALL,not_applicable,not_applicable
EXP-01,SYNTHETIC EXPERIMENT,1747,full,664a150484ed2af3,ba8e99ce6bbcaf0c,"{""alpha_a"": 0.7, ""alpha_b"": 0.7, ""kappa_a"": 0.5599999999999999, ""kappa_b"": 0.5599999999999999, ""n_per_group"": 200000.0}",0.7,0.7,0.5599999999999999,0.5599999999999999,200000,theoretical_signed_gap,0.0,synthetic,ALL,not_applicable,not_applicable
EXP-01,SYNTHETIC EXPERIMENT,1747,full,664a150484ed2af3,bf7a34578ca9cb00,"{""alpha_a"": 0.7, ""alpha_b"": 0.75, ""kappa_a"": 0.5599999999999999, ""kappa_b"": 0.6000000000000001, ""n_per_group"": 200000.0}",0.7,0.75,0.5599999999999999,0.6000000000000001,200000,theoretical_signed_gap,-0.012000000000000045,synthetic,ALL,not_applicable,not_applicable
EXP-01,SYNTHETIC EXPERIMENT,1747,full,664a150484ed2af3,67642f3a2918cae1,"{""alpha_a"": 0.7, ""alpha_b"": 0.8, ""kappa_a"": 0.5599999999999999, ""kappa_b"": 0.6400000000000001, ""n_per_group"": 200000.0}",0.7,0.8,0.5599999999999999,0.6400000000000001,200000,theoretical_signed_gap,-0.02400000000000006,synthetic,ALL,not_applicable,not_applicable
EXP-01,SYNTHETIC EXPERIMENT,1747,full,664a150484ed2af3,20e2a91826b6be2d,"{""alpha_a"": 0.7, ""alpha_b"": 0.85, ""kappa_a"": 0.5599999999999999, ""kappa_b"": 0.68, ""n_per_group"": 200000.0}",0.7,0.85,0.5599999999999999,0.68,200000,theoretical_signed_gap,-0.03600000000000004,synthetic,ALL,not_applicable,not_applicable
EXP-01,SYNTHETIC EXPERIMENT,1747,full,664a150484ed2af3,0a31e6d38f51fb59,"{""alpha_a"": 0.7, ""alpha_b"": 0.9, ""kappa_a"": 0.5599999999999999, ""kappa_b"": 0.7200000000000001, ""n_per_group"": 200000.0}",0.7,0.9,0.5599999999999999,0.7200000000000001,200000,theoretical_signed_gap,-0.04800000000000005,synthetic,ALL,not_applicable,not_applicable
EXP-01,SYNTHETIC EXPERIMENT,1747,full,664a150484ed2af3,33190ea543da4a9e,"{""alpha_a"": 0.7, ""alpha_b"": 0.95, ""kappa_a"": 0.5599999999999999, ""kappa_b"": 0.76, ""n_per_group"": 200000.0}",0.7,0.95,0.5599999999999999,0.76,200000,theoretical_signed_gap,-0.060000000000000026,synthetic,ALL,not_applicable,not_applicable
EXP-01,SYNTHETIC EXPERIMENT,1747,full,664a150484ed2af3,973027829e06a594,"{""alpha_a"": 0.7, ""alpha_b"": 1.0, ""kappa_a"": 0.5599999999999999, ""kappa_b"": 0.8, ""n_per_group"": 200000.0}",0.7,1.0,0.5599999999999999,0.8,200000,theoretical_signed_gap,-0.07200000000000004,synthetic,ALL,not_applicable,not_applicable
EXP-01,SYNTHETIC EXPERIMENT,1747,full,664a150484ed2af3,145fc1da1e77a85b,"{""alpha_a"": 0.75, ""alpha_b"": 0.0, ""kappa_a"": 0.6000000000000001, ""kappa_b"": 0.0, ""n_per_group"": 200000.0}",0.75,0.0,0.6000000000000001,0.0,200000,theoretical_signed_gap,0.18000000000000005,synthetic,ALL,not_applicable,not_applicable
EXP-01,SYNTHETIC EXPERIMENT,1747,full,664a150484ed2af3,8f76757fb173207f,"{""alpha_a"": 0.75, ""alpha_b"": 0.05, ""kappa_a"": 0.6000000000000001, ""kappa_b"": 0.04000000000000001, ""n_per_group"": 200000.0}",0.75,0.05,0.6000000000000001,0.04000000000000001,200000,theoretical_signed_gap,0.16800000000000004,synthetic,ALL,not_applicable,not_applicable
EXP-01,SYNTHETIC EXPERIMENT,1747,full,664a150484ed2af3,cfc40a9c00d949bd,"{""alpha_a"": 0.75, ""alpha_b"": 0.1, ""kappa_a"": 0.6000000000000001, ""kappa_b"": 0.08000000000000002, ""n_per_group"": 200000.0}",0.75,0.1,0.6000000000000001,0.08000000000000002,200000,theoretical_signed_gap,0.15600000000000003,synthetic,ALL,not_applicable,not_applicable
EXP-01,SYNTHETIC EXPERIMENT,1747,full,664a150484ed2af3,e900d04c2a412e38,"{""alpha_a"": 0.75, ""alpha_b"": 0.15, ""kappa_a"": 0.6000000000000001, ""kappa_b"": 0.12, ""n_per_group"": 200000.0}",0.75,0.15,0.6000000000000001,0.12,200000,theoretical_signed_gap,0.14400000000000004,synthetic,ALL,not_applicable,not_applicable
EXP-01,SYNTHETIC EXPERIMENT,1747,full,664a150484ed2af3,a66da16d88db03c0,"{""alpha_a"": 0.75, ""alpha_b"": 0.2, ""kappa_a"": 0.6000000000000001, ""kappa_b"": 0.16000000000000003, ""n_per_group"": 200000.0}",0.75,0.2,0.6000000000000001,0.16000000000000003,200000,theoretical_signed_gap,0.13200000000000003,synthetic,ALL,not_applicable,not_applicable
EXP-01,SYNTHETIC EXPERIMENT,1747,full,664a150484ed2af3,71c8bf969f130e9e,"{""alpha_a"": 0.75, ""alpha_b"": 0.25, ""kappa_a"": 0.6000000000000001, ""kappa_b"": 0.2, ""n_per_group"": 200000.0}",0.75,0.25,0.6000000000000001,0.2,200000,theoretical_signed_gap,0.12000000000000004,synthetic,ALL,not_applicable,not_applicable
EXP-01,SYNTHETIC EXPERIMENT,1747,full,664a150484ed2af3,b645633783a2b5d9,"{""alpha_a"": 0.75, ""alpha_b"": 0.3, ""kappa_a"": 0.6000000000000001, ""kappa_b"": 0.24, ""n_per_group"": 200000.0}",0.75,0.3,0.6000000000000001,0.24,200000,theoretical_signed_gap,0.10800000000000004,synthetic,ALL,not_applicable,not_applicable
EXP-01,SYNTHETIC EXPERIMENT,1747,full,664a150484ed2af3,a007c6e5d67106c5,"{""alpha_a"": 0.75, ""alpha_b"": 0.35, ""kappa_a"": 0.6000000000000001, ""kappa_b"": 0.27999999999999997, ""n_per_group"": 200000.0}",0.75,0.35,0.6000000000000001,0.27999999999999997,200000,theoretical_signed_gap,0.09600000000000004,synthetic,ALL,not_applicable,not_applicable
EXP-01,SYNTHETIC EXPERIMENT,1747,full,664a150484ed2af3,973cb6ad3b163f98,"{""alpha_a"": 0.75, ""alpha_b"": 0.4, ""kappa_a"": 0.6000000000000001, ""kappa_b"": 0.32000000000000006, ""n_per_group"": 200000.0}",0.75,0.4,0.6000000000000001,0.32000000000000006,200000,theoretical_signed_gap,0.08400000000000002,synthetic,ALL,not_applicable,not_applicable
EXP-01,SYNTHETIC EXPERIMENT,1747,full,664a150484ed2af3,105e9323311e6282,"{""alpha_a"": 0.75, ""alpha_b"": 0.45, ""kappa_a"": 0.6000000000000001, ""kappa_b"": 0.36000000000000004, ""n_per_group"": 200000.0}",0.75,0.45,0.6000000000000001,0.36000000000000004,200000,theoretical_signed_gap,0.07200000000000002,synthetic,ALL,not_applicable,not_applicable
EXP-01,SYNTHETIC EXPERIMENT,1747,full,664a150484ed2af3,a6664c1a4c2d235b,"{""alpha_a"": 0.75, ""alpha_b"": 0.5, ""kappa_a"": 0.6000000000000001, ""kappa_b"": 0.4, ""n_per_group"": 200000.0}",0.75,0.5,0.6000000000000001,0.4,200000,theoretical_signed_gap,0.060000000000000026,synthetic,ALL,not_applicable,not_applicable
EXP-01,SYNTHETIC EXPERIMENT,1747,full,664a150484ed2af3,f7fd55ca8782532f,"{""alpha_a"": 0.75, ""alpha_b"": 0.55, ""kappa_a"": 0.6000000000000001, ""kappa_b"": 0.44000000000000006, ""n_per_group"": 200000.0}",0.75,0.55,0.6000000000000001,0.44000000000000006,200000,theoretical_signed_gap,0.048000000000000015,synthetic,ALL,not_applicable,not_applicable
EXP-01,SYNTHETIC EXPERIMENT,1747,full,664a150484ed2af3,3a9b935cbfa06390,"{""alpha_a"": 0.75, ""alpha_b"": 0.6, ""kappa_a"": 0.6000000000000001, ""kappa_b"": 0.48, ""n_per_group"": 200000.0}",0.75,0.6,0.6000000000000001,0.48,200000,theoretical_signed_gap,0.03600000000000004,synthetic,ALL,not_applicable,not_applicable
EXP-01,SYNTHETIC EXPERIMENT,1747,full,664a150484ed2af3,5cdb075959b10140,"{""alpha_a"": 0.75, ""alpha_b"": 0.65, ""kappa_a"": 0.6000000000000001, ""kappa_b"": 0.52, ""n_per_group"": 200000.0}",0.75,0.65,0.6000000000000001,0.52,200000,theoretical_signed_gap,0.024000000000000025,synthetic,ALL,not_applicable,not_applicable
EXP-01,SYNTHETIC EXPERIMENT,1747,full,664a150484ed2af3,3c6bd916c2e4b2d9,"{""alpha_a"": 0.75, ""alpha_b"": 0.7, ""kappa_a"": 0.6000000000000001, ""kappa_b"": 0.5599999999999999, ""n_per_group"": 200000.0}",0.75,0.7,0.6000000000000001,0.5599999999999999,200000,theoretical_signed_gap,0.012000000000000045,synthetic,ALL,not_applicable,not_applicable
EXP-01,SYNTHETIC EXPERIMENT,1747,full,664a150484ed2af3,efff14e3d6b3c324,"{""alpha_a"": 0.75, ""alpha_b"": 0.75, ""kappa_a"": 0.6000000000000001, ""kappa_b"": 0.6000000000000001, ""n_per_group"": 200000.0}",0.75,0.75,0.6000000000000001,0.6000000000000001,200000,theoretical_signed_gap,0.0,synthetic,ALL,not_applicable,not_applicable
EXP-01,SYNTHETIC EXPERIMENT,1747,full,664a150484ed2af3,6cb165316d4be7b0,"{""alpha_a"": 0.75, ""alpha_b"": 0.8, ""kappa_a"": 0.6000000000000001, ""kappa_b"": 0.6400000000000001, ""n_per_group"": 200000.0}",0.75,0.8,0.6000000000000001,0.6400000000000001,200000,theoretical_signed_gap,-0.012000000000000012,synthetic,ALL,not_applicable,not_applicable
EXP-01,SYNTHETIC EXPERIMENT,1747,full,664a150484ed2af3,707d372e21aec193,"{""alpha_a"": 0.75, ""alpha_b"": 0.85, ""kappa_a"": 0.6000000000000001, ""kappa_b"": 0.68, ""n_per_group"": 200000.0}",0.75,0.85,0.6000000000000001,0.68,200000,theoretical_signed_gap,-0.02399999999999999,synthetic,ALL,not_applicable,not_applicable
EXP-01,SYNTHETIC EXPERIMENT,1747,full,664a150484ed2af3,7255b40c57376a7a,"{""alpha_a"": 0.75, ""alpha_b"": 0.9, ""kappa_a"": 0.6000000000000001, ""kappa_b"": 0.7200000000000001, ""n_per_group"": 200000.0}",0.75,0.9,0.6000000000000001,0.7200000000000001,200000,theoretical_signed_gap,-0.036000000000000004,synthetic,ALL,not_applicable,not_applicable
EXP-01,SYNTHETIC EXPERIMENT,1747,full,664a150484ed2af3,05d0dcea49021cc9,"{""alpha_a"": 0.75, ""alpha_b"": 0.95, ""kappa_a"": 0.6000000000000001, ""kappa_b"": 0.76, ""n_per_group"": 200000.0}",0.75,0.95,0.6000000000000001,0.76,200000,theoretical_signed_gap,-0.04799999999999998,synthetic,ALL,not_applicable,not_applicable
EXP-01,SYNTHETIC EXPERIMENT,1747,full,664a150484ed2af3,97edfe532689cab9,"{""alpha_a"": 0.75, ""alpha_b"": 1.0, ""kappa_a"": 0.6000000000000001, ""kappa_b"": 0.8, ""n_per_group"": 200000.0}",0.75,1.0,0.6000000000000001,0.8,200000,theoretical_signed_gap,-0.06,synthetic,ALL,not_applicable,not_applicable
EXP-01,SYNTHETIC EXPERIMENT,1747,full,664a150484ed2af3,97950d1b748ef7ea,"{""alpha_a"": 0.8, ""alpha_b"": 0.0, ""kappa_a"": 0.6400000000000001, ""kappa_b"": 0.0, ""n_per_group"": 200000.0}",0.8,0.0,0.6400000000000001,0.0,200000,theoretical_signed_gap,0.19200000000000006,synthetic,ALL,not_applicable,not_applicable
EXP-01,SYNTHETIC EXPERIMENT,1747,full,664a150484ed2af3,1c35e6c663ec2953,"{""alpha_a"": 0.8, ""alpha_b"": 0.05, ""kappa_a"": 0.6400000000000001, ""kappa_b"": 0.04000000000000001, ""n_per_group"": 200000.0}",0.8,0.05,0.6400000000000001,0.04000000000000001,200000,theoretical_signed_gap,0.18000000000000005,synthetic,ALL,not_applicable,not_applicable
EXP-01,SYNTHETIC EXPERIMENT,1747,full,664a150484ed2af3,19d1cdf7f2037051,"{""alpha_a"": 0.8, ""alpha_b"": 0.1, ""kappa_a"": 0.6400000000000001, ""kappa_b"": 0.08000000000000002, ""n_per_group"": 200000.0}",0.8,0.1,0.6400000000000001,0.08000000000000002,200000,theoretical_signed_gap,0.16800000000000004,synthetic,ALL,not_applicable,not_applicable
EXP-01,SYNTHETIC EXPERIMENT,1747,full,664a150484ed2af3,f5f34d81dfa051b0,"{""alpha_a"": 0.8, ""alpha_b"": 0.15, ""kappa_a"": 0.6400000000000001, ""kappa_b"": 0.12, ""n_per_group"": 200000.0}",0.8,0.15,0.6400000000000001,0.12,200000,theoretical_signed_gap,0.15600000000000006,synthetic,ALL,not_applicable,not_applicable
EXP-01,SYNTHETIC EXPERIMENT,1747,full,664a150484ed2af3,2d5071bf7658fe7d,"{""alpha_a"": 0.8, ""alpha_b"": 0.2, ""kappa_a"": 0.6400000000000001, ""kappa_b"": 0.16000000000000003, ""n_per_group"": 200000.0}",0.8,0.2,0.6400000000000001,0.16000000000000003,200000,theoretical_signed_gap,0.14400000000000004,synthetic,ALL,not_applicable,not_applicable
EXP-01,SYNTHETIC EXPERIMENT,1747,full,664a150484ed2af3,4fee8e67e2b9ec66,"{""alpha_a"": 0.8, ""alpha_b"": 0.25, ""kappa_a"": 0.6400000000000001, ""kappa_b"": 0.2, ""n_per_group"": 200000.0}",0.8,0.25,0.6400000000000001,0.2,200000,theoretical_signed_gap,0.13200000000000006,synthetic,ALL,not_applicable,not_applicable
EXP-01,SYNTHETIC EXPERIMENT,1747,full,664a150484ed2af3,ae3f287d1d76f955,"{""alpha_a"": 0.8, ""alpha_b"": 0.3, ""kappa_a"": 0.6400000000000001, ""kappa_b"": 0.24, ""n_per_group"": 200000.0}",0.8,0.3,0.6400000000000001,0.24,200000,theoretical_signed_gap,0.12000000000000005,synthetic,ALL,not_applicable,not_applicable
EXP-01,SYNTHETIC EXPERIMENT,1747,full,664a150484ed2af3,c76b97e8306f63ef,"{""alpha_a"": 0.8, ""alpha_b"": 0.35, ""kappa_a"": 0.6400000000000001, ""kappa_b"": 0.27999999999999997, ""n_per_group"": 200000.0}",0.8,0.35,0.6400000000000001,0.27999999999999997,200000,theoretical_signed_gap,0.10800000000000007,synthetic,ALL,not_applicable,not_applicable
EXP-01,SYNTHETIC EXPERIMENT,1747,full,664a150484ed2af3,de387c795811cf0f,"{""alpha_a"": 0.8, ""alpha_b"": 0.4, ""kappa_a"": 0.6400000000000001, ""kappa_b"": 0.32000000000000006, ""n_per_group"": 200000.0}",0.8,0.4,0.6400000000000001,0.32000000000000006,200000,theoretical_signed_gap,0.09600000000000003,synthetic,ALL,not_applicable,not_applicable
EXP-01,SYNTHETIC EXPERIMENT,1747,full,664a150484ed2af3,9b77dfbc189e232b,"{""alpha_a"": 0.8, ""alpha_b"": 0.45, ""kappa_a"": 0.6400000000000001, ""kappa_b"": 0.36000000000000004, ""n_per_group"": 200000.0}",0.8,0.45,0.6400000000000001,0.36000000000000004,200000,theoretical_signed_gap,0.08400000000000003,synthetic,ALL,not_applicable,not_applicable
EXP-01,SYNTHETIC EXPERIMENT,1747,full,664a150484ed2af3,4dfc43254ec4a6e8,"{""alpha_a"": 0.8, ""alpha_b"": 0.5, ""kappa_a"": 0.6400000000000001, ""kappa_b"": 0.4, ""n_per_group"": 200000.0}",0.8,0.5,0.6400000000000001,0.4,200000,theoretical_signed_gap,0.07200000000000004,synthetic,ALL,not_applicable,not_applicable
EXP-01,SYNTHETIC EXPERIMENT,1747,full,664a150484ed2af3,0a648ff7295000bf,"{""alpha_a"": 0.8, ""alpha_b"": 0.55, ""kappa_a"": 0.6400000000000001, ""kappa_b"": 0.44000000000000006, ""n_per_group"": 200000.0}",0.8,0.55,0.6400000000000001,0.44000000000000006,200000,theoretical_signed_gap,0.060000000000000026,synthetic,ALL,not_applicable,not_applicable
EXP-01,SYNTHETIC EXPERIMENT,1747,full,664a150484ed2af3,c4dc5c0a530c1b1b,"{""alpha_a"": 0.8, ""alpha_b"": 0.6, ""kappa_a"": 0.6400000000000001, ""kappa_b"": 0.48, ""n_per_group"": 200000.0}",0.8,0.6,0.6400000000000001,0.48,200000,theoretical_signed_gap,0.04800000000000005,synthetic,ALL,not_applicable,not_applicable
EXP-01,SYNTHETIC EXPERIMENT,1747,full,664a150484ed2af3,2ed7cbddc74538cd,"{""alpha_a"": 0.8, ""alpha_b"": 0.65, ""kappa_a"": 0.6400000000000001, ""kappa_b"": 0.52, ""n_per_group"": 200000.0}",0.8,0.65,0.6400000000000001,0.52,200000,theoretical_signed_gap,0.03600000000000004,synthetic,ALL,not_applicable,not_applicable
EXP-01,SYNTHETIC EXPERIMENT,1747,full,664a150484ed2af3,b457f6e1df0ab75b,"{""alpha_a"": 0.8, ""alpha_b"": 0.7, ""kappa_a"": 0.6400000000000001, ""kappa_b"": 0.5599999999999999, ""n_per_group"": 200000.0}",0.8,0.7,0.6400000000000001,0.5599999999999999,200000,theoretical_signed_gap,0.02400000000000006,synthetic,ALL,not_applicable,not_applicable
EXP-01,SYNTHETIC EXPERIMENT,1747,full,664a150484ed2af3,9062e32c7ea41a6e,"{""alpha_a"": 0.8, ""alpha_b"": 0.75, ""kappa_a"": 0.6400000000000001, ""kappa_b"": 0.6000000000000001, ""n_per_group"": 200000.0}",0.8,0.75,0.6400000000000001,0.6000000000000001,200000,theoretical_signed_gap,0.012000000000000012,synthetic,ALL,not_applicable,not_applicable
EXP-01,SYNTHETIC EXPERIMENT,1747,full,664a150484ed2af3,584ff44dc5b8503d,"{""alpha_a"": 0.8, ""alpha_b"": 0.8, ""kappa_a"": 0.6400000000000001, ""kappa_b"": 0.6400000000000001, ""n_per_group"": 200000.0}",0.8,0.8,0.6400000000000001,0.6400000000000001,200000,theoretical_signed_gap,0.0,synthetic,ALL,not_applicable,not_applicable
EXP-01,SYNTHETIC EXPERIMENT,1747,full,664a150484ed2af3,3194a78f498b4839,"{""alpha_a"": 0.8, ""alpha_b"": 0.85, ""kappa_a"": 0.6400000000000001, ""kappa_b"": 0.68, ""n_per_group"": 200000.0}",0.8,0.85,0.6400000000000001,0.68,200000,theoretical_signed_gap,-0.01199999999999998,synthetic,ALL,not_applicable,not_applicable
EXP-01,SYNTHETIC EXPERIMENT,1747,full,664a150484ed2af3,095e14182b8d996f,"{""alpha_a"": 0.8, ""alpha_b"": 0.9, ""kappa_a"": 0.6400000000000001, ""kappa_b"": 0.7200000000000001, ""n_per_group"": 200000.0}",0.8,0.9,0.6400000000000001,0.7200000000000001,200000,theoretical_signed_gap,-0.02399999999999999,synthetic,ALL,not_applicable,not_applicable
EXP-01,SYNTHETIC EXPERIMENT,1747,full,664a150484ed2af3,3628b420734c06e1,"{""alpha_a"": 0.8, ""alpha_b"": 0.95, ""kappa_a"": 0.6400000000000001, ""kappa_b"": 0.76, ""n_per_group"": 200000.0}",0.8,0.95,0.6400000000000001,0.76,200000,theoretical_signed_gap,-0.03599999999999997,synthetic,ALL,not_applicable,not_applicable
EXP-01,SYNTHETIC EXPERIMENT,1747,full,664a150484ed2af3,a70b9b85ede5eca5,"{""alpha_a"": 0.8, ""alpha_b"": 1.0, ""kappa_a"": 0.6400000000000001, ""kappa_b"": 0.8, ""n_per_group"": 200000.0}",0.8,1.0,0.6400000000000001,0.8,200000,theoretical_signed_gap,-0.04799999999999998,synthetic,ALL,not_applicable,not_applicable
EXP-01,SYNTHETIC EXPERIMENT,1747,full,664a150484ed2af3,f9781a2b6bd219b5,"{""alpha_a"": 0.85, ""alpha_b"": 0.0, ""kappa_a"": 0.68, ""kappa_b"": 0.0, ""n_per_group"": 200000.0}",0.85,0.0,0.68,0.0,200000,theoretical_signed_gap,0.20400000000000004,synthetic,ALL,not_applicable,not_applicable
EXP-01,SYNTHETIC EXPERIMENT,1747,full,664a150484ed2af3,9e5a0860788419ba,"{""alpha_a"": 0.85, ""alpha_b"": 0.05, ""kappa_a"": 0.68, ""kappa_b"": 0.04000000000000001, ""n_per_group"": 200000.0}",0.85,0.05,0.68,0.04000000000000001,200000,theoretical_signed_gap,0.19200000000000003,synthetic,ALL,not_applicable,not_applicable
EXP-01,SYNTHETIC EXPERIMENT,1747,full,664a150484ed2af3,ced6c97278427a71,"{""alpha_a"": 0.85, ""alpha_b"": 0.1, ""kappa_a"": 0.68, ""kappa_b"": 0.08000000000000002, ""n_per_group"": 200000.0}",0.85,0.1,0.68,0.08000000000000002,200000,theoretical_signed_gap,0.18000000000000005,synthetic,ALL,not_applicable,not_applicable
EXP-01,SYNTHETIC EXPERIMENT,1747,full,664a150484ed2af3,02e538e0808d85b0,"{""alpha_a"": 0.85, ""alpha_b"": 0.15, ""kappa_a"": 0.68, ""kappa_b"": 0.12, ""n_per_group"": 200000.0}",0.85,0.15,0.68,0.12,200000,theoretical_signed_gap,0.16800000000000004,synthetic,ALL,not_applicable,not_applicable
EXP-01,SYNTHETIC EXPERIMENT,1747,full,664a150484ed2af3,e7d8eeb495b380f2,"{""alpha_a"": 0.85, ""alpha_b"": 0.2, ""kappa_a"": 0.68, ""kappa_b"": 0.16000000000000003, ""n_per_group"": 200000.0}",0.85,0.2,0.68,0.16000000000000003,200000,theoretical_signed_gap,0.15600000000000003,synthetic,ALL,not_applicable,not_applicable
EXP-01,SYNTHETIC EXPERIMENT,1747,full,664a150484ed2af3,556c5d02c8185afb,"{""alpha_a"": 0.85, ""alpha_b"": 0.25, ""kappa_a"": 0.68, ""kappa_b"": 0.2, ""n_per_group"": 200000.0}",0.85,0.25,0.68,0.2,200000,theoretical_signed_gap,0.14400000000000004,synthetic,ALL,not_applicable,not_applicable
EXP-01,SYNTHETIC EXPERIMENT,1747,full,664a150484ed2af3,5647cd0abc42783f,"{""alpha_a"": 0.85, ""alpha_b"": 0.3, ""kappa_a"": 0.68, ""kappa_b"": 0.24, ""n_per_group"": 200000.0}",0.85,0.3,0.68,0.24,200000,theoretical_signed_gap,0.13200000000000003,synthetic,ALL,not_applicable,not_applicable
EXP-01,SYNTHETIC EXPERIMENT,1747,full,664a150484ed2af3,d5b6f367e33566b8,"{""alpha_a"": 0.85, ""alpha_b"": 0.35, ""kappa_a"": 0.68, ""kappa_b"": 0.27999999999999997, ""n_per_group"": 200000.0}",0.85,0.35,0.68,0.27999999999999997,200000,theoretical_signed_gap,0.12000000000000004,synthetic,ALL,not_applicable,not_applicable
EXP-01,SYNTHETIC EXPERIMENT,1747,full,664a150484ed2af3,161108514fcc9769,"{""alpha_a"": 0.85, ""alpha_b"": 0.4, ""kappa_a"": 0.68, ""kappa_b"": 0.32000000000000006, ""n_per_group"": 200000.0}",0.85,0.4,0.68,0.32000000000000006,200000,theoretical_signed_gap,0.10800000000000001,synthetic,ALL,not_applicable,not_applicable
EXP-01,SYNTHETIC EXPERIMENT,1747,full,664a150484ed2af3,8d74d363bf5e2d6c,"{""alpha_a"": 0.85, ""alpha_b"": 0.45, ""kappa_a"": 0.68, ""kappa_b"": 0.36000000000000004, ""n_per_group"": 200000.0}",0.85,0.45,0.68,0.36000000000000004,200000,theoretical_signed_gap,0.09600000000000002,synthetic,ALL,not_applicable,not_applicable
EXP-01,SYNTHETIC EXPERIMENT,1747,full,664a150484ed2af3,c8c1d9d14a4bcd8e,"{""alpha_a"": 0.85, ""alpha_b"": 0.5, ""kappa_a"": 0.68, ""kappa_b"": 0.4, ""n_per_group"": 200000.0}",0.85,0.5,0.68,0.4,200000,theoretical_signed_gap,0.08400000000000002,synthetic,ALL,not_applicable,not_applicable
EXP-01,SYNTHETIC EXPERIMENT,1747,full,664a150484ed2af3,de79e743a6136014,"{""alpha_a"": 0.85, ""alpha_b"": 0.55, ""kappa_a"": 0.68, ""kappa_b"": 0.44000000000000006, ""n_per_group"": 200000.0}",0.85,0.55,0.68,0.44000000000000006,200000,theoretical_signed_gap,0.07200000000000001,synthetic,ALL,not_applicable,not_applicable
EXP-01,SYNTHETIC EXPERIMENT,1747,full,664a150484ed2af3,2138fa704af3ee05,"{""alpha_a"": 0.85, ""alpha_b"": 0.6, ""kappa_a"": 0.68, ""kappa_b"": 0.48, ""n_per_group"": 200000.0}",0.85,0.6,0.68,0.48,200000,theoretical_signed_gap,0.060000000000000026,synthetic,ALL,not_applicable,not_applicable
EXP-01,SYNTHETIC EXPERIMENT,1747,full,664a150484ed2af3,2149d67fc1a37171,"{""alpha_a"": 0.85, ""alpha_b"": 0.65, ""kappa_a"": 0.68, ""kappa_b"": 0.52, ""n_per_group"": 200000.0}",0.85,0.65,0.68,0.52,200000,theoretical_signed_gap,0.048000000000000015,synthetic,ALL,not_applicable,not_applicable
EXP-01,SYNTHETIC EXPERIMENT,1747,full,664a150484ed2af3,ced565f3156e4445,"{""alpha_a"": 0.85, ""alpha_b"": 0.7, ""kappa_a"": 0.68, ""kappa_b"": 0.5599999999999999, ""n_per_group"": 200000.0}",0.85,0.7,0.68,0.5599999999999999,200000,theoretical_signed_gap,0.03600000000000004,synthetic,ALL,not_applicable,not_applicable
EXP-01,SYNTHETIC EXPERIMENT,1747,full,664a150484ed2af3,c223f7771f5a85a4,"{""alpha_a"": 0.85, ""alpha_b"": 0.75, ""kappa_a"": 0.68, ""kappa_b"": 0.6000000000000001, ""n_per_group"": 200000.0}",0.85,0.75,0.68,0.6000000000000001,200000,theoretical_signed_gap,0.02399999999999999,synthetic,ALL,not_applicable,not_applicable
EXP-01,SYNTHETIC EXPERIMENT,1747,full,664a150484ed2af3,77116d09b80a6189,"{""alpha_a"": 0.85, ""alpha_b"": 0.8, ""kappa_a"": 0.68, ""kappa_b"": 0.6400000000000001, ""n_per_group"": 200000.0}",0.85,0.8,0.68,0.6400000000000001,200000,theoretical_signed_gap,0.01199999999999998,synthetic,ALL,not_applicable,not_applicable
EXP-01,SYNTHETIC EXPERIMENT,1747,full,664a150484ed2af3,7081b639f8a5a0cd,"{""alpha_a"": 0.85, ""alpha_b"": 0.85, ""kappa_a"": 0.68, ""kappa_b"": 0.68, ""n_per_group"": 200000.0}",0.85,0.85,0.68,0.68,200000,theoretical_signed_gap,0.0,synthetic,ALL,not_applicable,not_applicable
EXP-01,SYNTHETIC EXPERIMENT,1747,full,664a150484ed2af3,d3fd05953a9005bb,"{""alpha_a"": 0.85, ""alpha_b"": 0.9, ""kappa_a"": 0.68, ""kappa_b"": 0.7200000000000001, ""n_per_group"": 200000.0}",0.85,0.9,0.68,0.7200000000000001,200000,theoretical_signed_gap,-0.012000000000000012,synthetic,ALL,not_applicable,not_applicable
EXP-01,SYNTHETIC EXPERIMENT,1747,full,664a150484ed2af3,30d64a54cd197906,"{""alpha_a"": 0.85, ""alpha_b"": 0.95, ""kappa_a"": 0.68, ""kappa_b"": 0.76, ""n_per_group"": 200000.0}",0.85,0.95,0.68,0.76,200000,theoretical_signed_gap,-0.02399999999999999,synthetic,ALL,not_applicable,not_applicable
EXP-01,SYNTHETIC EXPERIMENT,1747,full,664a150484ed2af3,1ef620acc56e345b,"{""alpha_a"": 0.85, ""alpha_b"": 1.0, ""kappa_a"": 0.68, ""kappa_b"": 0.8, ""n_per_group"": 200000.0}",0.85,1.0,0.68,0.8,200000,theoretical_signed_gap,-0.036000000000000004,synthetic,ALL,not_applicable,not_applicable
EXP-01,SYNTHETIC EXPERIMENT,1747,full,664a150484ed2af3,ab1f1dff446f9627,"{""alpha_a"": 0.9, ""alpha_b"": 0.0, ""kappa_a"": 0.7200000000000001, ""kappa_b"": 0.0, ""n_per_group"": 200000.0}",0.9,0.0,0.7200000000000001,0.0,200000,theoretical_signed_gap,0.21600000000000005,synthetic,ALL,not_applicable,not_applicable
EXP-01,SYNTHETIC EXPERIMENT,1747,full,664a150484ed2af3,f8909135871d2e9f,"{""alpha_a"": 0.9, ""alpha_b"": 0.05, ""kappa_a"": 0.7200000000000001, ""kappa_b"": 0.04000000000000001, ""n_per_group"": 200000.0}",0.9,0.05,0.7200000000000001,0.04000000000000001,200000,theoretical_signed_gap,0.20400000000000004,synthetic,ALL,not_applicable,not_applicable
EXP-01,SYNTHETIC EXPERIMENT,1747,full,664a150484ed2af3,eb1709a63184fd7e,"{""alpha_a"": 0.9, ""alpha_b"": 0.1, ""kappa_a"": 0.7200000000000001, ""kappa_b"": 0.08000000000000002, ""n_per_group"": 200000.0}",0.9,0.1,0.7200000000000001,0.08000000000000002,200000,theoretical_signed_gap,0.19200000000000006,synthetic,ALL,not_applicable,not_applicable
EXP-01,SYNTHETIC EXPERIMENT,1747,full,664a150484ed2af3,d533a31aae3537b4,"{""alpha_a"": 0.9, ""alpha_b"": 0.15, ""kappa_a"": 0.7200000000000001, ""kappa_b"": 0.12, ""n_per_group"": 200000.0}",0.9,0.15,0.7200000000000001,0.12,200000,theoretical_signed_gap,0.18000000000000005,synthetic,ALL,not_applicable,not_applicable
EXP-01,SYNTHETIC EXPERIMENT,1747,full,664a150484ed2af3,53a45e8cae2a157a,"{""alpha_a"": 0.9, ""alpha_b"": 0.2, ""kappa_a"": 0.7200000000000001, ""kappa_b"": 0.16000000000000003, ""n_per_group"": 200000.0}",0.9,0.2,0.7200000000000001,0.16000000000000003,200000,theoretical_signed_gap,0.16800000000000004,synthetic,ALL,not_applicable,not_applicable
EXP-01,SYNTHETIC EXPERIMENT,1747,full,664a150484ed2af3,75918e91d47967ba,"{""alpha_a"": 0.9, ""alpha_b"": 0.25, ""kappa_a"": 0.7200000000000001, ""kappa_b"": 0.2, ""n_per_group"": 200000.0}",0.9,0.25,0.7200000000000001,0.2,200000,theoretical_signed_gap,0.15600000000000003,synthetic,ALL,not_applicable,not_applicable
EXP-01,SYNTHETIC EXPERIMENT,1747,full,664a150484ed2af3,c0971c588524ff57,"{""alpha_a"": 0.9, ""alpha_b"": 0.3, ""kappa_a"": 0.7200000000000001, ""kappa_b"": 0.24, ""n_per_group"": 200000.0}",0.9,0.3,0.7200000000000001,0.24,200000,theoretical_signed_gap,0.14400000000000004,synthetic,ALL,not_applicable,not_applicable
EXP-01,SYNTHETIC EXPERIMENT,1747,full,664a150484ed2af3,3cd13a28a5fda48d,"{""alpha_a"": 0.9, ""alpha_b"": 0.35, ""kappa_a"": 0.7200000000000001, ""kappa_b"": 0.27999999999999997, ""n_per_group"": 200000.0}",0.9,0.35,0.7200000000000001,0.27999999999999997,200000,theoretical_signed_gap,0.13200000000000006,synthetic,ALL,not_applicable,not_applicable
EXP-01,SYNTHETIC EXPERIMENT,1747,full,664a150484ed2af3,dd85b0e934f15d7c,"{""alpha_a"": 0.9, ""alpha_b"": 0.4, ""kappa_a"": 0.7200000000000001, ""kappa_b"": 0.32000000000000006, ""n_per_group"": 200000.0}",0.9,0.4,0.7200000000000001,0.32000000000000006,200000,theoretical_signed_gap,0.12000000000000002,synthetic,ALL,not_applicable,not_applicable
EXP-01,SYNTHETIC EXPERIMENT,1747,full,664a150484ed2af3,0b952c1ec6a147ae,"{""alpha_a"": 0.9, ""alpha_b"": 0.45, ""kappa_a"": 0.7200000000000001, ""kappa_b"": 0.36000000000000004, ""n_per_group"": 200000.0}",0.9,0.45,0.7200000000000001,0.36000000000000004,200000,theoretical_signed_gap,0.10800000000000003,synthetic,ALL,not_applicable,not_applicable
EXP-01,SYNTHETIC EXPERIMENT,1747,full,664a150484ed2af3,54882e037f434319,"{""alpha_a"": 0.9, ""alpha_b"": 0.5, ""kappa_a"": 0.7200000000000001, ""kappa_b"": 0.4, ""n_per_group"": 200000.0}",0.9,0.5,0.7200000000000001,0.4,200000,theoretical_signed_gap,0.09600000000000003,synthetic,ALL,not_applicable,not_applicable
EXP-01,SYNTHETIC EXPERIMENT,1747,full,664a150484ed2af3,948cf8fc38ae3d9d,"{""alpha_a"": 0.9, ""alpha_b"": 0.55, ""kappa_a"": 0.7200000000000001, ""kappa_b"": 0.44000000000000006, ""n_per_group"": 200000.0}",0.9,0.55,0.7200000000000001,0.44000000000000006,200000,theoretical_signed_gap,0.08400000000000002,synthetic,ALL,not_applicable,not_applicable
EXP-01,SYNTHETIC EXPERIMENT,1747,full,664a150484ed2af3,40275bd2cc1519fd,"{""alpha_a"": 0.9, ""alpha_b"": 0.6, ""kappa_a"": 0.7200000000000001, ""kappa_b"": 0.48, ""n_per_group"": 200000.0}",0.9,0.6,0.7200000000000001,0.48,200000,theoretical_signed_gap,0.07200000000000004,synthetic,ALL,not_applicable,not_applicable
EXP-01,SYNTHETIC EXPERIMENT,1747,full,664a150484ed2af3,5378e279713aaddc,"{""alpha_a"": 0.9, ""alpha_b"": 0.65, ""kappa_a"": 0.7200000000000001, ""kappa_b"": 0.52, ""n_per_group"": 200000.0}",0.9,0.65,0.7200000000000001,0.52,200000,theoretical_signed_gap,0.060000000000000026,synthetic,ALL,not_applicable,not_applicable
EXP-01,SYNTHETIC EXPERIMENT,1747,full,664a150484ed2af3,8c7fa91d5dca1824,"{""alpha_a"": 0.9, ""alpha_b"": 0.7, ""kappa_a"": 0.7200000000000001, ""kappa_b"": 0.5599999999999999, ""n_per_group"": 200000.0}",0.9,0.7,0.7200000000000001,0.5599999999999999,200000,theoretical_signed_gap,0.04800000000000005,synthetic,ALL,not_applicable,not_applicable
EXP-01,SYNTHETIC EXPERIMENT,1747,full,664a150484ed2af3,3bab2ab0f8f8a95d,"{""alpha_a"": 0.9, ""alpha_b"": 0.75, ""kappa_a"": 0.7200000000000001, ""kappa_b"": 0.6000000000000001, ""n_per_group"": 200000.0}",0.9,0.75,0.7200000000000001,0.6000000000000001,200000,theoretical_signed_gap,0.036000000000000004,synthetic,ALL,not_applicable,not_applicable
EXP-01,SYNTHETIC EXPERIMENT,1747,full,664a150484ed2af3,3daa5281577cd02a,"{""alpha_a"": 0.9, ""alpha_b"": 0.8, ""kappa_a"": 0.7200000000000001, ""kappa_b"": 0.6400000000000001, ""n_per_group"": 200000.0}",0.9,0.8,0.7200000000000001,0.6400000000000001,200000,theoretical_signed_gap,0.02399999999999999,synthetic,ALL,not_applicable,not_applicable
EXP-01,SYNTHETIC EXPERIMENT,1747,full,664a150484ed2af3,b2b00c3251d6757d,"{""alpha_a"": 0.9, ""alpha_b"": 0.85, ""kappa_a"": 0.7200000000000001, ""kappa_b"": 0.68, ""n_per_group"": 200000.0}",0.9,0.85,0.7200000000000001,0.68,200000,theoretical_signed_gap,0.012000000000000012,synthetic,ALL,not_applicable,not_applicable
EXP-01,SYNTHETIC EXPERIMENT,1747,full,664a150484ed2af3,6291f556f7b17059,"{""alpha_a"": 0.9, ""alpha_b"": 0.9, ""kappa_a"": 0.7200000000000001, ""kappa_b"": 0.7200000000000001, ""n_per_group"": 200000.0}",0.9,0.9,0.7200000000000001,0.7200000000000001,200000,theoretical_signed_gap,0.0,synthetic,ALL,not_applicable,not_applicable
EXP-01,SYNTHETIC EXPERIMENT,1747,full,664a150484ed2af3,11168fee5bf988f4,"{""alpha_a"": 0.9, ""alpha_b"": 0.95, ""kappa_a"": 0.7200000000000001, ""kappa_b"": 0.76, ""n_per_group"": 200000.0}",0.9,0.95,0.7200000000000001,0.76,200000,theoretical_signed_gap,-0.01199999999999998,synthetic,ALL,not_applicable,not_applicable
EXP-01,SYNTHETIC EXPERIMENT,1747,full,664a150484ed2af3,b274530cc3910995,"{""alpha_a"": 0.9, ""alpha_b"": 1.0, ""kappa_a"": 0.7200000000000001, ""kappa_b"": 0.8, ""n_per_group"": 200000.0}",0.9,1.0,0.7200000000000001,0.8,200000,theoretical_signed_gap,-0.02399999999999999,synthetic,ALL,not_applicable,not_applicable
EXP-01,SYNTHETIC EXPERIMENT,1747,full,664a150484ed2af3,5633c9ce84ae305e,"{""alpha_a"": 0.95, ""alpha_b"": 0.0, ""kappa_a"": 0.76, ""kappa_b"": 0.0, ""n_per_group"": 200000.0}",0.95,0.0,0.76,0.0,200000,theoretical_signed_gap,0.22800000000000004,synthetic,ALL,not_applicable,not_applicable
EXP-01,SYNTHETIC EXPERIMENT,1747,full,664a150484ed2af3,87d9eae7355be919,"{""alpha_a"": 0.95, ""alpha_b"": 0.05, ""kappa_a"": 0.76, ""kappa_b"": 0.04000000000000001, ""n_per_group"": 200000.0}",0.95,0.05,0.76,0.04000000000000001,200000,theoretical_signed_gap,0.21600000000000003,synthetic,ALL,not_applicable,not_applicable
EXP-01,SYNTHETIC EXPERIMENT,1747,full,664a150484ed2af3,14a47a958260d942,"{""alpha_a"": 0.95, ""alpha_b"": 0.1, ""kappa_a"": 0.76, ""kappa_b"": 0.08000000000000002, ""n_per_group"": 200000.0}",0.95,0.1,0.76,0.08000000000000002,200000,theoretical_signed_gap,0.20400000000000001,synthetic,ALL,not_applicable,not_applicable
EXP-01,SYNTHETIC EXPERIMENT,1747,full,664a150484ed2af3,b156e709015040b8,"{""alpha_a"": 0.95, ""alpha_b"": 0.15, ""kappa_a"": 0.76, ""kappa_b"": 0.12, ""n_per_group"": 200000.0}",0.95,0.15,0.76,0.12,200000,theoretical_signed_gap,0.19200000000000003,synthetic,ALL,not_applicable,not_applicable
EXP-01,SYNTHETIC EXPERIMENT,1747,full,664a150484ed2af3,cc2dec4fa21443ee,"{""alpha_a"": 0.95, ""alpha_b"": 0.2, ""kappa_a"": 0.76, ""kappa_b"": 0.16000000000000003, ""n_per_group"": 200000.0}",0.95,0.2,0.76,0.16000000000000003,200000,theoretical_signed_gap,0.18000000000000002,synthetic,ALL,not_applicable,not_applicable
EXP-01,SYNTHETIC EXPERIMENT,1747,full,664a150484ed2af3,8ff05077826224c4,"{""alpha_a"": 0.95, ""alpha_b"": 0.25, ""kappa_a"": 0.76, ""kappa_b"": 0.2, ""n_per_group"": 200000.0}",0.95,0.25,0.76,0.2,200000,theoretical_signed_gap,0.16800000000000004,synthetic,ALL,not_applicable,not_applicable
EXP-01,SYNTHETIC EXPERIMENT,1747,full,664a150484ed2af3,2dd6d771e826206c,"{""alpha_a"": 0.95, ""alpha_b"": 0.3, ""kappa_a"": 0.76, ""kappa_b"": 0.24, ""n_per_group"": 200000.0}",0.95,0.3,0.76,0.24,200000,theoretical_signed_gap,0.15600000000000003,synthetic,ALL,not_applicable,not_applicable
EXP-01,SYNTHETIC EXPERIMENT,1747,full,664a150484ed2af3,ce77a76dc99a21ea,"{""alpha_a"": 0.95, ""alpha_b"": 0.35, ""kappa_a"": 0.76, ""kappa_b"": 0.27999999999999997, ""n_per_group"": 200000.0}",0.95,0.35,0.76,0.27999999999999997,200000,theoretical_signed_gap,0.14400000000000004,synthetic,ALL,not_applicable,not_applicable
EXP-01,SYNTHETIC EXPERIMENT,1747,full,664a150484ed2af3,52da6160cf2de3c4,"{""alpha_a"": 0.95, ""alpha_b"": 0.4, ""kappa_a"": 0.76, ""kappa_b"": 0.32000000000000006, ""n_per_group"": 200000.0}",0.95,0.4,0.76,0.32000000000000006,200000,theoretical_signed_gap,0.132,synthetic,ALL,not_applicable,not_applicable
EXP-01,SYNTHETIC EXPERIMENT,1747,full,664a150484ed2af3,ee2d4704f4ff1cd7,"{""alpha_a"": 0.95, ""alpha_b"": 0.45, ""kappa_a"": 0.76, ""kappa_b"": 0.36000000000000004, ""n_per_group"": 200000.0}",0.95,0.45,0.76,0.36000000000000004,200000,theoretical_signed_gap,0.12000000000000001,synthetic,ALL,not_applicable,not_applicable
EXP-01,SYNTHETIC EXPERIMENT,1747,full,664a150484ed2af3,7b51dc8a6ce67673,"{""alpha_a"": 0.95, ""alpha_b"": 0.5, ""kappa_a"": 0.76, ""kappa_b"": 0.4, ""n_per_group"": 200000.0}",0.95,0.5,0.76,0.4,200000,theoretical_signed_gap,0.10800000000000001,synthetic,ALL,not_applicable,not_applicable
EXP-01,SYNTHETIC EXPERIMENT,1747,full,664a150484ed2af3,343cce933bb0a64e,"{""alpha_a"": 0.95, ""alpha_b"": 0.55, ""kappa_a"": 0.76, ""kappa_b"": 0.44000000000000006, ""n_per_group"": 200000.0}",0.95,0.55,0.76,0.44000000000000006,200000,theoretical_signed_gap,0.096,synthetic,ALL,not_applicable,not_applicable
EXP-01,SYNTHETIC EXPERIMENT,1747,full,664a150484ed2af3,658610aeb2a013a1,"{""alpha_a"": 0.95, ""alpha_b"": 0.6, ""kappa_a"": 0.76, ""kappa_b"": 0.48, ""n_per_group"": 200000.0}",0.95,0.6,0.76,0.48,200000,theoretical_signed_gap,0.08400000000000002,synthetic,ALL,not_applicable,not_applicable
EXP-01,SYNTHETIC EXPERIMENT,1747,full,664a150484ed2af3,951bda2798672300,"{""alpha_a"": 0.95, ""alpha_b"": 0.65, ""kappa_a"": 0.76, ""kappa_b"": 0.52, ""n_per_group"": 200000.0}",0.95,0.65,0.76,0.52,200000,theoretical_signed_gap,0.07200000000000001,synthetic,ALL,not_applicable,not_applicable
EXP-01,SYNTHETIC EXPERIMENT,1747,full,664a150484ed2af3,11b8343c419f08cb,"{""alpha_a"": 0.95, ""alpha_b"": 0.7, ""kappa_a"": 0.76, ""kappa_b"": 0.5599999999999999, ""n_per_group"": 200000.0}",0.95,0.7,0.76,0.5599999999999999,200000,theoretical_signed_gap,0.060000000000000026,synthetic,ALL,not_applicable,not_applicable
EXP-01,SYNTHETIC EXPERIMENT,1747,full,664a150484ed2af3,2dc2c06025d58f87,"{""alpha_a"": 0.95, ""alpha_b"": 0.75, ""kappa_a"": 0.76, ""kappa_b"": 0.6000000000000001, ""n_per_group"": 200000.0}",0.95,0.75,0.76,0.6000000000000001,200000,theoretical_signed_gap,0.04799999999999998,synthetic,ALL,not_applicable,not_applicable
EXP-01,SYNTHETIC EXPERIMENT,1747,full,664a150484ed2af3,29e3d6f7e7ccee2c,"{""alpha_a"": 0.95, ""alpha_b"": 0.8, ""kappa_a"": 0.76, ""kappa_b"": 0.6400000000000001, ""n_per_group"": 200000.0}",0.95,0.8,0.76,0.6400000000000001,200000,theoretical_signed_gap,0.03599999999999997,synthetic,ALL,not_applicable,not_applicable
EXP-01,SYNTHETIC EXPERIMENT,1747,full,664a150484ed2af3,1f172d7a007e431d,"{""alpha_a"": 0.95, ""alpha_b"": 0.85, ""kappa_a"": 0.76, ""kappa_b"": 0.68, ""n_per_group"": 200000.0}",0.95,0.85,0.76,0.68,200000,theoretical_signed_gap,0.02399999999999999,synthetic,ALL,not_applicable,not_applicable
EXP-01,SYNTHETIC EXPERIMENT,1747,full,664a150484ed2af3,1039b38374920886,"{""alpha_a"": 0.95, ""alpha_b"": 0.9, ""kappa_a"": 0.76, ""kappa_b"": 0.7200000000000001, ""n_per_group"": 200000.0}",0.95,0.9,0.76,0.7200000000000001,200000,theoretical_signed_gap,0.01199999999999998,synthetic,ALL,not_applicable,not_applicable
EXP-01,SYNTHETIC EXPERIMENT,1747,full,664a150484ed2af3,35e289ecf7055aad,"{""alpha_a"": 0.95, ""alpha_b"": 0.95, ""kappa_a"": 0.76, ""kappa_b"": 0.76, ""n_per_group"": 200000.0}",0.95,0.95,0.76,0.76,200000,theoretical_signed_gap,0.0,synthetic,ALL,not_applicable,not_applicable
EXP-01,SYNTHETIC EXPERIMENT,1747,full,664a150484ed2af3,7714a258a40341b3,"{""alpha_a"": 0.95, ""alpha_b"": 1.0, ""kappa_a"": 0.76, ""kappa_b"": 0.8, ""n_per_group"": 200000.0}",0.95,1.0,0.76,0.8,200000,theoretical_signed_gap,-0.012000000000000012,synthetic,ALL,not_applicable,not_applicable
EXP-01,SYNTHETIC EXPERIMENT,1747,full,664a150484ed2af3,66d972889c47415f,"{""alpha_a"": 1.0, ""alpha_b"": 0.0, ""kappa_a"": 0.8, ""kappa_b"": 0.0, ""n_per_group"": 200000.0}",1.0,0.0,0.8,0.0,200000,theoretical_signed_gap,0.24000000000000005,synthetic,ALL,not_applicable,not_applicable
EXP-01,SYNTHETIC EXPERIMENT,1747,full,664a150484ed2af3,a79c80755cbc8c27,"{""alpha_a"": 1.0, ""alpha_b"": 0.05, ""kappa_a"": 0.8, ""kappa_b"": 0.04000000000000001, ""n_per_group"": 200000.0}",1.0,0.05,0.8,0.04000000000000001,200000,theoretical_signed_gap,0.22800000000000004,synthetic,ALL,not_applicable,not_applicable
EXP-01,SYNTHETIC EXPERIMENT,1747,full,664a150484ed2af3,a49454091edc07ae,"{""alpha_a"": 1.0, ""alpha_b"": 0.1, ""kappa_a"": 0.8, ""kappa_b"": 0.08000000000000002, ""n_per_group"": 200000.0}",1.0,0.1,0.8,0.08000000000000002,200000,theoretical_signed_gap,0.21600000000000003,synthetic,ALL,not_applicable,not_applicable
EXP-01,SYNTHETIC EXPERIMENT,1747,full,664a150484ed2af3,cc481bb19a6b0b5a,"{""alpha_a"": 1.0, ""alpha_b"": 0.15, ""kappa_a"": 0.8, ""kappa_b"": 0.12, ""n_per_group"": 200000.0}",1.0,0.15,0.8,0.12,200000,theoretical_signed_gap,0.20400000000000004,synthetic,ALL,not_applicable,not_applicable
EXP-01,SYNTHETIC EXPERIMENT,1747,full,664a150484ed2af3,fc813012b4b7092e,"{""alpha_a"": 1.0, ""alpha_b"": 0.2, ""kappa_a"": 0.8, ""kappa_b"": 0.16000000000000003, ""n_per_group"": 200000.0}",1.0,0.2,0.8,0.16000000000000003,200000,theoretical_signed_gap,0.19200000000000003,synthetic,ALL,not_applicable,not_applicable
EXP-01,SYNTHETIC EXPERIMENT,1747,full,664a150484ed2af3,80e9c6fbe0f19991,"{""alpha_a"": 1.0, ""alpha_b"": 0.25, ""kappa_a"": 0.8, ""kappa_b"": 0.2, ""n_per_group"": 200000.0}",1.0,0.25,0.8,0.2,200000,theoretical_signed_gap,0.18000000000000005,synthetic,ALL,not_applicable,not_applicable
EXP-01,SYNTHETIC EXPERIMENT,1747,full,664a150484ed2af3,52aa40ec77179569,"{""alpha_a"": 1.0, ""alpha_b"": 0.3, ""kappa_a"": 0.8, ""kappa_b"": 0.24, ""n_per_group"": 200000.0}",1.0,0.3,0.8,0.24,200000,theoretical_signed_gap,0.16800000000000004,synthetic,ALL,not_applicable,not_applicable
EXP-01,SYNTHETIC EXPERIMENT,1747,full,664a150484ed2af3,0d10be1ecbb2d950,"{""alpha_a"": 1.0, ""alpha_b"": 0.35, ""kappa_a"": 0.8, ""kappa_b"": 0.27999999999999997, ""n_per_group"": 200000.0}",1.0,0.35,0.8,0.27999999999999997,200000,theoretical_signed_gap,0.15600000000000003,synthetic,ALL,not_applicable,not_applicable
EXP-01,SYNTHETIC EXPERIMENT,1747,full,664a150484ed2af3,8c1caf3d867f4d4f,"{""alpha_a"": 1.0, ""alpha_b"": 0.4, ""kappa_a"": 0.8, ""kappa_b"": 0.32000000000000006, ""n_per_group"": 200000.0}",1.0,0.4,0.8,0.32000000000000006,200000,theoretical_signed_gap,0.14400000000000002,synthetic,ALL,not_applicable,not_applicable
EXP-01,SYNTHETIC EXPERIMENT,1747,full,664a150484ed2af3,e94e5c7b51f82ad1,"{""alpha_a"": 1.0, ""alpha_b"": 0.45, ""kappa_a"": 0.8, ""kappa_b"": 0.36000000000000004, ""n_per_group"": 200000.0}",1.0,0.45,0.8,0.36000000000000004,200000,theoretical_signed_gap,0.13200000000000003,synthetic,ALL,not_applicable,not_applicable
EXP-01,SYNTHETIC EXPERIMENT,1747,full,664a150484ed2af3,b85d6f9bfbdb7274,"{""alpha_a"": 1.0, ""alpha_b"": 0.5, ""kappa_a"": 0.8, ""kappa_b"": 0.4, ""n_per_group"": 200000.0}",1.0,0.5,0.8,0.4,200000,theoretical_signed_gap,0.12000000000000002,synthetic,ALL,not_applicable,not_applicable
EXP-01,SYNTHETIC EXPERIMENT,1747,full,664a150484ed2af3,87186b121909ae7d,"{""alpha_a"": 1.0, ""alpha_b"": 0.55, ""kappa_a"": 0.8, ""kappa_b"": 0.44000000000000006, ""n_per_group"": 200000.0}",1.0,0.55,0.8,0.44000000000000006,200000,theoretical_signed_gap,0.10800000000000001,synthetic,ALL,not_applicable,not_applicable
EXP-01,SYNTHETIC EXPERIMENT,1747,full,664a150484ed2af3,6d7f419530a493fb,"{""alpha_a"": 1.0, ""alpha_b"": 0.6, ""kappa_a"": 0.8, ""kappa_b"": 0.48, ""n_per_group"": 200000.0}",1.0,0.6,0.8,0.48,200000,theoretical_signed_gap,0.09600000000000003,synthetic,ALL,not_applicable,not_applicable
EXP-01,SYNTHETIC EXPERIMENT,1747,full,664a150484ed2af3,aa98dcb952c92d8b,"{""alpha_a"": 1.0, ""alpha_b"": 0.65, ""kappa_a"": 0.8, ""kappa_b"": 0.52, ""n_per_group"": 200000.0}",1.0,0.65,0.8,0.52,200000,theoretical_signed_gap,0.08400000000000002,synthetic,ALL,not_applicable,not_applicable
EXP-01,SYNTHETIC EXPERIMENT,1747,full,664a150484ed2af3,dfadfc5954bc9544,"{""alpha_a"": 1.0, ""alpha_b"": 0.7, ""kappa_a"": 0.8, ""kappa_b"": 0.5599999999999999, ""n_per_group"": 200000.0}",1.0,0.7,0.8,0.5599999999999999,200000,theoretical_signed_gap,0.07200000000000004,synthetic,ALL,not_applicable,not_applicable
EXP-01,SYNTHETIC EXPERIMENT,1747,full,664a150484ed2af3,ab199ab5679d0861,"{""alpha_a"": 1.0, ""alpha_b"": 0.75, ""kappa_a"": 0.8, ""kappa_b"": 0.6000000000000001, ""n_per_group"": 200000.0}",1.0,0.75,0.8,0.6000000000000001,200000,theoretical_signed_gap,0.06,synthetic,ALL,not_applicable,not_applicable
EXP-01,SYNTHETIC EXPERIMENT,1747,full,664a150484ed2af3,5973fabcadefed44,"{""alpha_a"": 1.0, ""alpha_b"": 0.8, ""kappa_a"": 0.8, ""kappa_b"": 0.6400000000000001, ""n_per_group"": 200000.0}",1.0,0.8,0.8,0.6400000000000001,200000,theoretical_signed_gap,0.04799999999999998,synthetic,ALL,not_applicable,not_applicable
EXP-01,SYNTHETIC EXPERIMENT,1747,full,664a150484ed2af3,1af21e3107bce179,"{""alpha_a"": 1.0, ""alpha_b"": 0.85, ""kappa_a"": 0.8, ""kappa_b"": 0.68, ""n_per_group"": 200000.0}",1.0,0.85,0.8,0.68,200000,theoretical_signed_gap,0.036000000000000004,synthetic,ALL,not_applicable,not_applicable
EXP-01,SYNTHETIC EXPERIMENT,1747,full,664a150484ed2af3,5ff3a7d612399c5f,"{""alpha_a"": 1.0, ""alpha_b"": 0.9, ""kappa_a"": 0.8, ""kappa_b"": 0.7200000000000001, ""n_per_group"": 200000.0}",1.0,0.9,0.8,0.7200000000000001,200000,theoretical_signed_gap,0.02399999999999999,synthetic,ALL,not_applicable,not_applicable
EXP-01,SYNTHETIC EXPERIMENT,1747,full,664a150484ed2af3,0099810ce775e549,"{""alpha_a"": 1.0, ""alpha_b"": 0.95, ""kappa_a"": 0.8, ""kappa_b"": 0.76, ""n_per_group"": 200000.0}",1.0,0.95,0.8,0.76,200000,theoretical_signed_gap,0.012000000000000012,synthetic,ALL,not_applicable,not_applicable
EXP-01,SYNTHETIC EXPERIMENT,1747,full,664a150484ed2af3,2450bd4c8c541d36,"{""alpha_a"": 1.0, ""alpha_b"": 1.0, ""kappa_a"": 0.8, ""kappa_b"": 0.8, ""n_per_group"": 200000.0}",1.0,1.0,0.8,0.8,200000,theoretical_signed_gap,0.0,synthetic,ALL,not_applicable,not_applicable
EXP-01,SYNTHETIC EXPERIMENT,1747,full,664a150484ed2af3,d677c370f64041a5,"{""alpha_a"": 0.0, ""alpha_b"": 0.0, ""kappa_a"": 0.0, ""kappa_b"": 0.0, ""n_per_group"": 200000.0}",0.0,0.0,0.0,0.0,200000,empirical_value,0.0014049999999999896,synthetic,ALL,not_applicable,not_applicable
EXP-01,SYNTHETIC EXPERIMENT,1747,full,664a150484ed2af3,ee15a83f63fdf3a4,"{""alpha_a"": 0.0, ""alpha_b"": 0.05, ""kappa_a"": 0.0, ""kappa_b"": 0.04000000000000001, ""n_per_group"": 200000.0}",0.0,0.05,0.0,0.04000000000000001,200000,empirical_value,0.013130000000000086,synthetic,ALL,not_applicable,not_applicable
EXP-01,SYNTHETIC EXPERIMENT,1747,full,664a150484ed2af3,9f213ad987e10721,"{""alpha_a"": 0.0, ""alpha_b"": 0.1, ""kappa_a"": 0.0, ""kappa_b"": 0.08000000000000002, ""n_per_group"": 200000.0}",0.0,0.1,0.0,0.08000000000000002,200000,empirical_value,0.0247949999999999,synthetic,ALL,not_applicable,not_applicable
EXP-01,SYNTHETIC EXPERIMENT,1747,full,664a150484ed2af3,a50ea05cc3632546,"{""alpha_a"": 0.0, ""alpha_b"": 0.15, ""kappa_a"": 0.0, ""kappa_b"": 0.12, ""n_per_group"": 200000.0}",0.0,0.15,0.0,0.12,200000,empirical_value,0.035194999999999976,synthetic,ALL,not_applicable,not_applicable
EXP-01,SYNTHETIC EXPERIMENT,1747,full,664a150484ed2af3,cb7d140ab1af89e3,"{""alpha_a"": 0.0, ""alpha_b"": 0.2, ""kappa_a"": 0.0, ""kappa_b"": 0.16000000000000003, ""n_per_group"": 200000.0}",0.0,0.2,0.0,0.16000000000000003,200000,empirical_value,0.04736499999999999,synthetic,ALL,not_applicable,not_applicable
EXP-01,SYNTHETIC EXPERIMENT,1747,full,664a150484ed2af3,07a82f8c8509babe,"{""alpha_a"": 0.0, ""alpha_b"": 0.25, ""kappa_a"": 0.0, ""kappa_b"": 0.2, ""n_per_group"": 200000.0}",0.0,0.25,0.0,0.2,200000,empirical_value,0.060450000000000004,synthetic,ALL,not_applicable,not_applicable
EXP-01,SYNTHETIC EXPERIMENT,1747,full,664a150484ed2af3,c7201cceb6eba04e,"{""alpha_a"": 0.0, ""alpha_b"": 0.3, ""kappa_a"": 0.0, ""kappa_b"": 0.24, ""n_per_group"": 200000.0}",0.0,0.3,0.0,0.24,200000,empirical_value,0.07188000000000005,synthetic,ALL,not_applicable,not_applicable
EXP-01,SYNTHETIC EXPERIMENT,1747,full,664a150484ed2af3,2d0c1d2bc4d99071,"{""alpha_a"": 0.0, ""alpha_b"": 0.35, ""kappa_a"": 0.0, ""kappa_b"": 0.27999999999999997, ""n_per_group"": 200000.0}",0.0,0.35,0.0,0.27999999999999997,200000,empirical_value,0.08594999999999997,synthetic,ALL,not_applicable,not_applicable
EXP-01,SYNTHETIC EXPERIMENT,1747,full,664a150484ed2af3,94e82436bcbea66c,"{""alpha_a"": 0.0, ""alpha_b"": 0.4, ""kappa_a"": 0.0, ""kappa_b"": 0.32000000000000006, ""n_per_group"": 200000.0}",0.0,0.4,0.0,0.32000000000000006,200000,empirical_value,0.09681499999999998,synthetic,ALL,not_applicable,not_applicable
EXP-01,SYNTHETIC EXPERIMENT,1747,full,664a150484ed2af3,7a738e25c58974de,"{""alpha_a"": 0.0, ""alpha_b"": 0.45, ""kappa_a"": 0.0, ""kappa_b"": 0.36000000000000004, ""n_per_group"": 200000.0}",0.0,0.45,0.0,0.36000000000000004,200000,empirical_value,0.10503000000000007,synthetic,ALL,not_applicable,not_applicable
EXP-01,SYNTHETIC EXPERIMENT,1747,full,664a150484ed2af3,9be7822385526acd,"{""alpha_a"": 0.0, ""alpha_b"": 0.5, ""kappa_a"": 0.0, ""kappa_b"": 0.4, ""n_per_group"": 200000.0}",0.0,0.5,0.0,0.4,200000,empirical_value,0.116695,synthetic,ALL,not_applicable,not_applicable
EXP-01,SYNTHETIC EXPERIMENT,1747,full,664a150484ed2af3,d187a1a86360d4a1,"{""alpha_a"": 0.0, ""alpha_b"": 0.55, ""kappa_a"": 0.0, ""kappa_b"": 0.44000000000000006, ""n_per_group"": 200000.0}",0.0,0.55,0.0,0.44000000000000006,200000,empirical_value,0.13217999999999996,synthetic,ALL,not_applicable,not_applicable
EXP-01,SYNTHETIC EXPERIMENT,1747,full,664a150484ed2af3,f099a38496da6d21,"{""alpha_a"": 0.0, ""alpha_b"": 0.6, ""kappa_a"": 0.0, ""kappa_b"": 0.48, ""n_per_group"": 200000.0}",0.0,0.6,0.0,0.48,200000,empirical_value,0.14244500000000004,synthetic,ALL,not_applicable,not_applicable
EXP-01,SYNTHETIC EXPERIMENT,1747,full,664a150484ed2af3,6425c81b89dd6306,"{""alpha_a"": 0.0, ""alpha_b"": 0.65, ""kappa_a"": 0.0, ""kappa_b"": 0.52, ""n_per_group"": 200000.0}",0.0,0.65,0.0,0.52,200000,empirical_value,0.155845,synthetic,ALL,not_applicable,not_applicable
EXP-01,SYNTHETIC EXPERIMENT,1747,full,664a150484ed2af3,c187d229ad634965,"{""alpha_a"": 0.0, ""alpha_b"": 0.7, ""kappa_a"": 0.0, ""kappa_b"": 0.5599999999999999, ""n_per_group"": 200000.0}",0.0,0.7,0.0,0.5599999999999999,200000,empirical_value,0.16811500000000001,synthetic,ALL,not_applicable,not_applicable
EXP-01,SYNTHETIC EXPERIMENT,1747,full,664a150484ed2af3,26c153d1fce459b2,"{""alpha_a"": 0.0, ""alpha_b"": 0.75, ""kappa_a"": 0.0, ""kappa_b"": 0.6000000000000001, ""n_per_group"": 200000.0}",0.0,0.75,0.0,0.6000000000000001,200000,empirical_value,0.18169999999999997,synthetic,ALL,not_applicable,not_applicable
EXP-01,SYNTHETIC EXPERIMENT,1747,full,664a150484ed2af3,82cd72741378faa9,"{""alpha_a"": 0.0, ""alpha_b"": 0.8, ""kappa_a"": 0.0, ""kappa_b"": 0.6400000000000001, ""n_per_group"": 200000.0}",0.0,0.8,0.0,0.6400000000000001,200000,empirical_value,0.19283000000000006,synthetic,ALL,not_applicable,not_applicable
EXP-01,SYNTHETIC EXPERIMENT,1747,full,664a150484ed2af3,53b00f6023d4c902,"{""alpha_a"": 0.0, ""alpha_b"": 0.85, ""kappa_a"": 0.0, ""kappa_b"": 0.68, ""n_per_group"": 200000.0}",0.0,0.85,0.0,0.68,200000,empirical_value,0.20406999999999997,synthetic,ALL,not_applicable,not_applicable
EXP-01,SYNTHETIC EXPERIMENT,1747,full,664a150484ed2af3,a3219e109d91ed33,"{""alpha_a"": 0.0, ""alpha_b"": 0.9, ""kappa_a"": 0.0, ""kappa_b"": 0.7200000000000001, ""n_per_group"": 200000.0}",0.0,0.9,0.0,0.7200000000000001,200000,empirical_value,0.216275,synthetic,ALL,not_applicable,not_applicable
EXP-01,SYNTHETIC EXPERIMENT,1747,full,664a150484ed2af3,f19beb43b18b3e3a,"{""alpha_a"": 0.0, ""alpha_b"": 0.95, ""kappa_a"": 0.0, ""kappa_b"": 0.76, ""n_per_group"": 200000.0}",0.0,0.95,0.0,0.76,200000,empirical_value,0.22699999999999998,synthetic,ALL,not_applicable,not_applicable
EXP-01,SYNTHETIC EXPERIMENT,1747,full,664a150484ed2af3,e9c1bbf887ad5156,"{""alpha_a"": 0.0, ""alpha_b"": 1.0, ""kappa_a"": 0.0, ""kappa_b"": 0.8, ""n_per_group"": 200000.0}",0.0,1.0,0.0,0.8,200000,empirical_value,0.24123499999999998,synthetic,ALL,not_applicable,not_applicable
EXP-01,SYNTHETIC EXPERIMENT,1747,full,664a150484ed2af3,517bf43b25015681,"{""alpha_a"": 0.05, ""alpha_b"": 0.0, ""kappa_a"": 0.04000000000000001, ""kappa_b"": 0.0, ""n_per_group"": 200000.0}",0.05,0.0,0.04000000000000001,0.0,200000,empirical_value,0.014364999999999961,synthetic,ALL,not_applicable,not_applicable
EXP-01,SYNTHETIC EXPERIMENT,1747,full,664a150484ed2af3,928165d19889b44d,"{""alpha_a"": 0.05, ""alpha_b"": 0.05, ""kappa_a"": 0.04000000000000001, ""kappa_b"": 0.04000000000000001, ""n_per_group"": 200000.0}",0.05,0.05,0.04000000000000001,0.04000000000000001,200000,empirical_value,0.0012750000000000261,synthetic,ALL,not_applicable,not_applicable
EXP-01,SYNTHETIC EXPERIMENT,1747,full,664a150484ed2af3,4dcbefe78bb965fa,"{""alpha_a"": 0.05, ""alpha_b"": 0.1, ""kappa_a"": 0.04000000000000001, ""kappa_b"": 0.08000000000000002, ""n_per_group"": 200000.0}",0.05,0.1,0.04000000000000001,0.08000000000000002,200000,empirical_value,0.010500000000000065,synthetic,ALL,not_applicable,not_applicable
EXP-01,SYNTHETIC EXPERIMENT,1747,full,664a150484ed2af3,3d8bba13e37d12a2,"{""alpha_a"": 0.05, ""alpha_b"": 0.15, ""kappa_a"": 0.04000000000000001, ""kappa_b"": 0.12, ""n_per_group"": 200000.0}",0.05,0.15,0.04000000000000001,0.12,200000,empirical_value,0.024074999999999958,synthetic,ALL,not_applicable,not_applicable
EXP-01,SYNTHETIC EXPERIMENT,1747,full,664a150484ed2af3,248cb25828144e14,"{""alpha_a"": 0.05, ""alpha_b"": 0.2, ""kappa_a"": 0.04000000000000001, ""kappa_b"": 0.16000000000000003, ""n_per_group"": 200000.0}",0.05,0.2,0.04000000000000001,0.16000000000000003,200000,empirical_value,0.039529999999999954,synthetic,ALL,not_applicable,not_applicable
EXP-01,SYNTHETIC EXPERIMENT,1747,full,664a150484ed2af3,bf8a90fef670b5c1,"{""alpha_a"": 0.05, ""alpha_b"": 0.25, ""kappa_a"": 0.04000000000000001, ""kappa_b"": 0.2, ""n_per_group"": 200000.0}",0.05,0.25,0.04000000000000001,0.2,200000,empirical_value,0.05064999999999997,synthetic,ALL,not_applicable,not_applicable
EXP-01,SYNTHETIC EXPERIMENT,1747,full,664a150484ed2af3,b4c4a034cc6a3477,"{""alpha_a"": 0.05, ""alpha_b"": 0.3, ""kappa_a"": 0.04000000000000001, ""kappa_b"": 0.24, ""n_per_group"": 200000.0}",0.05,0.3,0.04000000000000001,0.24,200000,empirical_value,0.059635000000000105,synthetic,ALL,not_applicable,not_applicable
EXP-01,SYNTHETIC EXPERIMENT,1747,full,664a150484ed2af3,515389475eead2e0,"{""alpha_a"": 0.05, ""alpha_b"": 0.35, ""kappa_a"": 0.04000000000000001, ""kappa_b"": 0.27999999999999997, ""n_per_group"": 200000.0}",0.05,0.35,0.04000000000000001,0.27999999999999997,200000,empirical_value,0.07033499999999993,synthetic,ALL,not_applicable,not_applicable
EXP-01,SYNTHETIC EXPERIMENT,1747,full,664a150484ed2af3,4e99ed3934b7d2fb,"{""alpha_a"": 0.05, ""alpha_b"": 0.4, ""kappa_a"": 0.04000000000000001, ""kappa_b"": 0.32000000000000006, ""n_per_group"": 200000.0}",0.05,0.4,0.04000000000000001,0.32000000000000006,200000,empirical_value,0.08514,synthetic,ALL,not_applicable,not_applicable
EXP-01,SYNTHETIC EXPERIMENT,1747,full,664a150484ed2af3,515a1d9d2839ad0d,"{""alpha_a"": 0.05, ""alpha_b"": 0.45, ""kappa_a"": 0.04000000000000001, ""kappa_b"": 0.36000000000000004, ""n_per_group"": 200000.0}",0.05,0.45,0.04000000000000001,0.36000000000000004,200000,empirical_value,0.09517500000000001,synthetic,ALL,not_applicable,not_applicable
EXP-01,SYNTHETIC EXPERIMENT,1747,full,664a150484ed2af3,7a32c7a4f1c13764,"{""alpha_a"": 0.05, ""alpha_b"": 0.5, ""kappa_a"": 0.04000000000000001, ""kappa_b"": 0.4, ""n_per_group"": 200000.0}",0.05,0.5,0.04000000000000001,0.4,200000,empirical_value,0.104275,synthetic,ALL,not_applicable,not_applicable
EXP-01,SYNTHETIC EXPERIMENT,1747,full,664a150484ed2af3,d522d392978a95b8,"{""alpha_a"": 0.05, ""alpha_b"": 0.55, ""kappa_a"": 0.04000000000000001, ""kappa_b"": 0.44000000000000006, ""n_per_group"": 200000.0}",0.05,0.55,0.04000000000000001,0.44000000000000006,200000,empirical_value,0.11731500000000006,synthetic,ALL,not_applicable,not_applicable
EXP-01,SYNTHETIC EXPERIMENT,1747,full,664a150484ed2af3,ec4724289873e8c4,"{""alpha_a"": 0.05, ""alpha_b"": 0.6, ""kappa_a"": 0.04000000000000001, ""kappa_b"": 0.48, ""n_per_group"": 200000.0}",0.05,0.6,0.04000000000000001,0.48,200000,empirical_value,0.131795,synthetic,ALL,not_applicable,not_applicable
EXP-01,SYNTHETIC EXPERIMENT,1747,full,664a150484ed2af3,26755716f1dba749,"{""alpha_a"": 0.05, ""alpha_b"": 0.65, ""kappa_a"": 0.04000000000000001, ""kappa_b"": 0.52, ""n_per_group"": 200000.0}",0.05,0.65,0.04000000000000001,0.52,200000,empirical_value,0.14458499999999996,synthetic,ALL,not_applicable,not_applicable
EXP-01,SYNTHETIC EXPERIMENT,1747,full,664a150484ed2af3,0f638c1854f1970d,"{""alpha_a"": 0.05, ""alpha_b"": 0.7, ""kappa_a"": 0.04000000000000001, ""kappa_b"": 0.5599999999999999, ""n_per_group"": 200000.0}",0.05,0.7,0.04000000000000001,0.5599999999999999,200000,empirical_value,0.156675,synthetic,ALL,not_applicable,not_applicable
EXP-01,SYNTHETIC EXPERIMENT,1747,full,664a150484ed2af3,26d544bc09ce66a9,"{""alpha_a"": 0.05, ""alpha_b"": 0.75, ""kappa_a"": 0.04000000000000001, ""kappa_b"": 0.6000000000000001, ""n_per_group"": 200000.0}",0.05,0.75,0.04000000000000001,0.6000000000000001,200000,empirical_value,0.17049999999999998,synthetic,ALL,not_applicable,not_applicable
EXP-01,SYNTHETIC EXPERIMENT,1747,full,664a150484ed2af3,23237d59319bfd07,"{""alpha_a"": 0.05, ""alpha_b"": 0.8, ""kappa_a"": 0.04000000000000001, ""kappa_b"": 0.6400000000000001, ""n_per_group"": 200000.0}",0.05,0.8,0.04000000000000001,0.6400000000000001,200000,empirical_value,0.18062499999999992,synthetic,ALL,not_applicable,not_applicable
EXP-01,SYNTHETIC EXPERIMENT,1747,full,664a150484ed2af3,738e962e48b78cff,"{""alpha_a"": 0.05, ""alpha_b"": 0.85, ""kappa_a"": 0.04000000000000001, ""kappa_b"": 0.68, ""n_per_group"": 200000.0}",0.05,0.85,0.04000000000000001,0.68,200000,empirical_value,0.19117499999999998,synthetic,ALL,not_applicable,not_applicable
EXP-01,SYNTHETIC EXPERIMENT,1747,full,664a150484ed2af3,76f5bf6fdc152914,"{""alpha_a"": 0.05, ""alpha_b"": 0.9, ""kappa_a"": 0.04000000000000001, ""kappa_b"": 0.7200000000000001, ""n_per_group"": 200000.0}",0.05,0.9,0.04000000000000001,0.7200000000000001,200000,empirical_value,0.2053600000000001,synthetic,ALL,not_applicable,not_applicable
EXP-01,SYNTHETIC EXPERIMENT,1747,full,664a150484ed2af3,ee689fe85a37c279,"{""alpha_a"": 0.05, ""alpha_b"": 0.95, ""kappa_a"": 0.04000000000000001, ""kappa_b"": 0.76, ""n_per_group"": 200000.0}",0.05,0.95,0.04000000000000001,0.76,200000,empirical_value,0.21692500000000003,synthetic,ALL,not_applicable,not_applicable
EXP-01,SYNTHETIC EXPERIMENT,1747,full,664a150484ed2af3,ddcb1a1882664933,"{""alpha_a"": 0.05, ""alpha_b"": 1.0, ""kappa_a"": 0.04000000000000001, ""kappa_b"": 0.8, ""n_per_group"": 200000.0}",0.05,1.0,0.04000000000000001,0.8,200000,empirical_value,0.22825499999999999,synthetic,ALL,not_applicable,not_applicable
EXP-01,SYNTHETIC EXPERIMENT,1747,full,664a150484ed2af3,a2915cafe1d6465a,"{""alpha_a"": 0.1, ""alpha_b"": 0.0, ""kappa_a"": 0.08000000000000002, ""kappa_b"": 0.0, ""n_per_group"": 200000.0}",0.1,0.0,0.08000000000000002,0.0,200000,empirical_value,0.024070000000000036,synthetic,ALL,not_applicable,not_applicable
EXP-01,SYNTHETIC EXPERIMENT,1747,full,664a150484ed2af3,120f7c547c56a2ff,"{""alpha_a"": 0.1, ""alpha_b"": 0.05, ""kappa_a"": 0.08000000000000002, ""kappa_b"": 0.04000000000000001, ""n_per_group"": 200000.0}",0.1,0.05,0.08000000000000002,0.04000000000000001,200000,empirical_value,0.01122500000000004,synthetic,ALL,not_applicable,not_applicable
EXP-01,SYNTHETIC EXPERIMENT,1747,full,664a150484ed2af3,7e2d1f708c0627fb,"{""alpha_a"": 0.1, ""alpha_b"": 0.1, ""kappa_a"": 0.08000000000000002, ""kappa_b"": 0.08000000000000002, ""n_per_group"": 200000.0}",0.1,0.1,0.08000000000000002,0.08000000000000002,200000,empirical_value,0.00036999999999998145,synthetic,ALL,not_applicable,not_applicable
EXP-01,SYNTHETIC EXPERIMENT,1747,full,664a150484ed2af3,d997930dab72759f,"{""alpha_a"": 0.1, ""alpha_b"": 0.15, ""kappa_a"": 0.08000000000000002, ""kappa_b"": 0.12, ""n_per_group"": 200000.0}",0.1,0.15,0.08000000000000002,0.12,200000,empirical_value,0.012964999999999893,synthetic,ALL,not_applicable,not_applicable
EXP-01,SYNTHETIC EXPERIMENT,1747,full,664a150484ed2af3,ad103656ed8d7f0b,"{""alpha_a"": 0.1, ""alpha_b"": 0.2, ""kappa_a"": 0.08000000000000002, ""kappa_b"": 0.16000000000000003, ""n_per_group"": 200000.0}",0.1,0.2,0.08000000000000002,0.16000000000000003,200000,empirical_value,0.02310000000000001,synthetic,ALL,not_applicable,not_applicable
EXP-01,SYNTHETIC EXPERIMENT,1747,full,664a150484ed2af3,c14ae267f5e9ca55,"{""alpha_a"": 0.1, ""alpha_b"": 0.25, ""kappa_a"": 0.08000000000000002, ""kappa_b"": 0.2, ""n_per_group"": 200000.0}",0.1,0.25,0.08000000000000002,0.2,200000,empirical_value,0.035929999999999906,synthetic,ALL,not_applicable,not_applicable
EXP-01,SYNTHETIC EXPERIMENT,1747,full,664a150484ed2af3,c5eb1f7d126e4e5c,"{""alpha_a"": 0.1, ""alpha_b"": 0.3, ""kappa_a"": 0.08000000000000002, ""kappa_b"": 0.24, ""n_per_group"": 200000.0}",0.1,0.3,0.08000000000000002,0.24,200000,empirical_value,0.04734499999999997,synthetic,ALL,not_applicable,not_applicable
EXP-01,SYNTHETIC EXPERIMENT,1747,full,664a150484ed2af3,b89305dece33fe6b,"{""alpha_a"": 0.1, ""alpha_b"": 0.35, ""kappa_a"": 0.08000000000000002, ""kappa_b"": 0.27999999999999997, ""n_per_group"": 200000.0}",0.1,0.35,0.08000000000000002,0.27999999999999997,200000,empirical_value,0.06221500000000002,synthetic,ALL,not_applicable,not_applicable
EXP-01,SYNTHETIC EXPERIMENT,1747,full,664a150484ed2af3,684fda3d6416ed53,"{""alpha_a"": 0.1, ""alpha_b"": 0.4, ""kappa_a"": 0.08000000000000002, ""kappa_b"": 0.32000000000000006, ""n_per_group"": 200000.0}",0.1,0.4,0.08000000000000002,0.32000000000000006,200000,empirical_value,0.0715300000000001,synthetic,ALL,not_applicable,not_applicable
EXP-01,SYNTHETIC EXPERIMENT,1747,full,664a150484ed2af3,259b09bf1fb9895d,"{""alpha_a"": 0.1, ""alpha_b"": 0.45, ""kappa_a"": 0.08000000000000002, ""kappa_b"": 0.36000000000000004, ""n_per_group"": 200000.0}",0.1,0.45,0.08000000000000002,0.36000000000000004,200000,empirical_value,0.085835,synthetic,ALL,not_applicable,not_applicable
EXP-01,SYNTHETIC EXPERIMENT,1747,full,664a150484ed2af3,1c9e3d54c99d81ff,"{""alpha_a"": 0.1, ""alpha_b"": 0.5, ""kappa_a"": 0.08000000000000002, ""kappa_b"": 0.4, ""n_per_group"": 200000.0}",0.1,0.5,0.08000000000000002,0.4,200000,empirical_value,0.09464000000000006,synthetic,ALL,not_applicable,not_applicable
EXP-01,SYNTHETIC EXPERIMENT,1747,full,664a150484ed2af3,d621968872180cc4,"{""alpha_a"": 0.1, ""alpha_b"": 0.55, ""kappa_a"": 0.08000000000000002, ""kappa_b"": 0.44000000000000006, ""n_per_group"": 200000.0}",0.1,0.55,0.08000000000000002,0.44000000000000006,200000,empirical_value,0.10512500000000002,synthetic,ALL,not_applicable,not_applicable
EXP-01,SYNTHETIC EXPERIMENT,1747,full,664a150484ed2af3,5fee5e1447dee117,"{""alpha_a"": 0.1, ""alpha_b"": 0.6, ""kappa_a"": 0.08000000000000002, ""kappa_b"": 0.48, ""n_per_group"": 200000.0}",0.1,0.6,0.08000000000000002,0.48,200000,empirical_value,0.12079499999999999,synthetic,ALL,not_applicable,not_applicable
EXP-01,SYNTHETIC EXPERIMENT,1747,full,664a150484ed2af3,ac09b83643b65a98,"{""alpha_a"": 0.1, ""alpha_b"": 0.65, ""kappa_a"": 0.08000000000000002, ""kappa_b"": 0.52, ""n_per_group"": 200000.0}",0.1,0.65,0.08000000000000002,0.52,200000,empirical_value,0.13183,synthetic,ALL,not_applicable,not_applicable
EXP-01,SYNTHETIC EXPERIMENT,1747,full,664a150484ed2af3,f014871fe5af6f7d,"{""alpha_a"": 0.1, ""alpha_b"": 0.7, ""kappa_a"": 0.08000000000000002, ""kappa_b"": 0.5599999999999999, ""n_per_group"": 200000.0}",0.1,0.7,0.08000000000000002,0.5599999999999999,200000,empirical_value,0.14258000000000004,synthetic,ALL,not_applicable,not_applicable
EXP-01,SYNTHETIC EXPERIMENT,1747,full,664a150484ed2af3,be46b326154d4429,"{""alpha_a"": 0.1, ""alpha_b"": 0.75, ""kappa_a"": 0.08000000000000002, ""kappa_b"": 0.6000000000000001, ""n_per_group"": 200000.0}",0.1,0.75,0.08000000000000002,0.6000000000000001,200000,empirical_value,0.15437,synthetic,ALL,not_applicable,not_applicable
EXP-01,SYNTHETIC EXPERIMENT,1747,full,664a150484ed2af3,b2387e44aaaf2399,"{""alpha_a"": 0.1, ""alpha_b"": 0.8, ""kappa_a"": 0.08000000000000002, ""kappa_b"": 0.6400000000000001, ""n_per_group"": 200000.0}",0.1,0.8,0.08000000000000002,0.6400000000000001,200000,empirical_value,0.16944499999999996,synthetic,ALL,not_applicable,not_applicable
EXP-01,SYNTHETIC EXPERIMENT,1747,full,664a150484ed2af3,c0c424d80b9b50db,"{""alpha_a"": 0.1, ""alpha_b"": 0.85, ""kappa_a"": 0.08000000000000002, ""kappa_b"": 0.68, ""n_per_group"": 200000.0}",0.1,0.85,0.08000000000000002,0.68,200000,empirical_value,0.18025499999999994,synthetic,ALL,not_applicable,not_applicable
EXP-01,SYNTHETIC EXPERIMENT,1747,full,664a150484ed2af3,2f6b0b058412dca4,"{""alpha_a"": 0.1, ""alpha_b"": 0.9, ""kappa_a"": 0.08000000000000002, ""kappa_b"": 0.7200000000000001, ""n_per_group"": 200000.0}",0.1,0.9,0.08000000000000002,0.7200000000000001,200000,empirical_value,0.19340499999999994,synthetic,ALL,not_applicable,not_applicable
EXP-01,SYNTHETIC EXPERIMENT,1747,full,664a150484ed2af3,1815c76d78805582,"{""alpha_a"": 0.1, ""alpha_b"": 0.95, ""kappa_a"": 0.08000000000000002, ""kappa_b"": 0.76, ""n_per_group"": 200000.0}",0.1,0.95,0.08000000000000002,0.76,200000,empirical_value,0.20220499999999997,synthetic,ALL,not_applicable,not_applicable
EXP-01,SYNTHETIC EXPERIMENT,1747,full,664a150484ed2af3,89ea702ee98ea51c,"{""alpha_a"": 0.1, ""alpha_b"": 1.0, ""kappa_a"": 0.08000000000000002, ""kappa_b"": 0.8, ""n_per_group"": 200000.0}",0.1,1.0,0.08000000000000002,0.8,200000,empirical_value,0.21586000000000005,synthetic,ALL,not_applicable,not_applicable
EXP-01,SYNTHETIC EXPERIMENT,1747,full,664a150484ed2af3,08b729e9e05a1017,"{""alpha_a"": 0.15, ""alpha_b"": 0.0, ""kappa_a"": 0.12, ""kappa_b"": 0.0, ""n_per_group"": 200000.0}",0.15,0.0,0.12,0.0,200000,empirical_value,0.035845000000000016,synthetic,ALL,not_applicable,not_applicable
EXP-01,SYNTHETIC EXPERIMENT,1747,full,664a150484ed2af3,7751e99793084c2b,"{""alpha_a"": 0.15, ""alpha_b"": 0.05, ""kappa_a"": 0.12, ""kappa_b"": 0.04000000000000001, ""n_per_group"": 200000.0}",0.15,0.05,0.12,0.04000000000000001,200000,empirical_value,0.023464999999999958,synthetic,ALL,not_applicable,not_applicable
EXP-01,SYNTHETIC EXPERIMENT,1747,full,664a150484ed2af3,059a983f21c27d05,"{""alpha_a"": 0.15, ""alpha_b"": 0.1, ""kappa_a"": 0.12, ""kappa_b"": 0.08000000000000002, ""n_per_group"": 200000.0}",0.15,0.1,0.12,0.08000000000000002,200000,empirical_value,0.008379999999999943,synthetic,ALL,not_applicable,not_applicable
EXP-01,SYNTHETIC EXPERIMENT,1747,full,664a150484ed2af3,83532426754cba0b,"{""alpha_a"": 0.15, ""alpha_b"": 0.15, ""kappa_a"": 0.12, ""kappa_b"": 0.12, ""n_per_group"": 200000.0}",0.15,0.15,0.12,0.12,200000,empirical_value,0.0008299999999999974,synthetic,ALL,not_applicable,not_applicable
EXP-01,SYNTHETIC EXPERIMENT,1747,full,664a150484ed2af3,dab075d822cb2e53,"{""alpha_a"": 0.15, ""alpha_b"": 0.2, ""kappa_a"": 0.12, ""kappa_b"": 0.16000000000000003, ""n_per_group"": 200000.0}",0.15,0.2,0.12,0.16000000000000003,200000,empirical_value,0.01173499999999994,synthetic,ALL,not_applicable,not_applicable
EXP-01,SYNTHETIC EXPERIMENT,1747,full,664a150484ed2af3,ff406255e9541ce0,"{""alpha_a"": 0.15, ""alpha_b"": 0.25, ""kappa_a"": 0.12, ""kappa_b"": 0.2, ""n_per_group"": 200000.0}",0.15,0.25,0.12,0.2,200000,empirical_value,0.02291500000000002,synthetic,ALL,not_applicable,not_applicable
EXP-01,SYNTHETIC EXPERIMENT,1747,full,664a150484ed2af3,bc67d0228f2d5dea,"{""alpha_a"": 0.15, ""alpha_b"": 0.3, ""kappa_a"": 0.12, ""kappa_b"": 0.24, ""n_per_group"": 200000.0}",0.15,0.3,0.12,0.24,200000,empirical_value,0.03614499999999998,synthetic,ALL,not_applicable,not_applicable
EXP-01,SYNTHETIC EXPERIMENT,1747,full,664a150484ed2af3,6e83edbdd079b951,"{""alpha_a"": 0.15, ""alpha_b"": 0.35, ""kappa_a"": 0.12, ""kappa_b"": 0.27999999999999997, ""n_per_group"": 200000.0}",0.15,0.35,0.12,0.27999999999999997,200000,empirical_value,0.048130000000000006,synthetic,ALL,not_applicable,not_applicable
EXP-01,SYNTHETIC EXPERIMENT,1747,full,664a150484ed2af3,036e8f34c32b5e42,"{""alpha_a"": 0.15, ""alpha_b"": 0.4, ""kappa_a"": 0.12, ""kappa_b"": 0.32000000000000006, ""n_per_group"": 200000.0}",0.15,0.4,0.12,0.32000000000000006,200000,empirical_value,0.06015000000000004,synthetic,ALL,not_applicable,not_applicable
EXP-01,SYNTHETIC EXPERIMENT,1747,full,664a150484ed2af3,acfa907abcae472a,"{""alpha_a"": 0.15, ""alpha_b"": 0.45, ""kappa_a"": 0.12, ""kappa_b"": 0.36000000000000004, ""n_per_group"": 200000.0}",0.15,0.45,0.12,0.36000000000000004,200000,empirical_value,0.07443999999999995,synthetic,ALL,not_applicable,not_applicable
EXP-01,SYNTHETIC EXPERIMENT,1747,full,664a150484ed2af3,a9662090ca98d4f6,"{""alpha_a"": 0.15, ""alpha_b"": 0.5, ""kappa_a"": 0.12, ""kappa_b"": 0.4, ""n_per_group"": 200000.0}",0.15,0.5,0.12,0.4,200000,empirical_value,0.08316999999999997,synthetic,ALL,not_applicable,not_applicable
EXP-01,SYNTHETIC EXPERIMENT,1747,full,664a150484ed2af3,045eff080186688d,"{""alpha_a"": 0.15, ""alpha_b"": 0.55, ""kappa_a"": 0.12, ""kappa_b"": 0.44000000000000006, ""n_per_group"": 200000.0}",0.15,0.55,0.12,0.44000000000000006,200000,empirical_value,0.0982400000000001,synthetic,ALL,not_applicable,not_applicable
EXP-01,SYNTHETIC EXPERIMENT,1747,full,664a150484ed2af3,1a1483085ec0edf2,"{""alpha_a"": 0.15, ""alpha_b"": 0.6, ""kappa_a"": 0.12, ""kappa_b"": 0.48, ""n_per_group"": 200000.0}",0.15,0.6,0.12,0.48,200000,empirical_value,0.10909999999999997,synthetic,ALL,not_applicable,not_applicable
EXP-01,SYNTHETIC EXPERIMENT,1747,full,664a150484ed2af3,6a6a0e31246bf09c,"{""alpha_a"": 0.15, ""alpha_b"": 0.65, ""kappa_a"": 0.12, ""kappa_b"": 0.52, ""n_per_group"": 200000.0}",0.15,0.65,0.12,0.52,200000,empirical_value,0.11933000000000005,synthetic,ALL,not_applicable,not_applicable
EXP-01,SYNTHETIC EXPERIMENT,1747,full,664a150484ed2af3,d10cd4e23035c428,"{""alpha_a"": 0.15, ""alpha_b"": 0.7, ""kappa_a"": 0.12, ""kappa_b"": 0.5599999999999999, ""n_per_group"": 200000.0}",0.15,0.7,0.12,0.5599999999999999,200000,empirical_value,0.131035,synthetic,ALL,not_applicable,not_applicable
EXP-01,SYNTHETIC EXPERIMENT,1747,full,664a150484ed2af3,9cb28d943a1dc510,"{""alpha_a"": 0.15, ""alpha_b"": 0.75, ""kappa_a"": 0.12, ""kappa_b"": 0.6000000000000001, ""n_per_group"": 200000.0}",0.15,0.75,0.12,0.6000000000000001,200000,empirical_value,0.14592499999999997,synthetic,ALL,not_applicable,not_applicable
EXP-01,SYNTHETIC EXPERIMENT,1747,full,664a150484ed2af3,8e58a4fc2a580565,"{""alpha_a"": 0.15, ""alpha_b"": 0.8, ""kappa_a"": 0.12, ""kappa_b"": 0.6400000000000001, ""n_per_group"": 200000.0}",0.15,0.8,0.12,0.6400000000000001,200000,empirical_value,0.15619000000000005,synthetic,ALL,not_applicable,not_applicable
EXP-01,SYNTHETIC EXPERIMENT,1747,full,664a150484ed2af3,201a8d3cd827b864,"{""alpha_a"": 0.15, ""alpha_b"": 0.85, ""kappa_a"": 0.12, ""kappa_b"": 0.68, ""n_per_group"": 200000.0}",0.15,0.85,0.12,0.68,200000,empirical_value,0.16888000000000003,synthetic,ALL,not_applicable,not_applicable
EXP-01,SYNTHETIC EXPERIMENT,1747,full,664a150484ed2af3,afd508f6c028d6a9,"{""alpha_a"": 0.15, ""alpha_b"": 0.9, ""kappa_a"": 0.12, ""kappa_b"": 0.7200000000000001, ""n_per_group"": 200000.0}",0.15,0.9,0.12,0.7200000000000001,200000,empirical_value,0.18200499999999997,synthetic,ALL,not_applicable,not_applicable
EXP-01,SYNTHETIC EXPERIMENT,1747,full,664a150484ed2af3,ae3046ae15a815a4,"{""alpha_a"": 0.15, ""alpha_b"": 0.95, ""kappa_a"": 0.12, ""kappa_b"": 0.76, ""n_per_group"": 200000.0}",0.15,0.95,0.12,0.76,200000,empirical_value,0.191805,synthetic,ALL,not_applicable,not_applicable
EXP-01,SYNTHETIC EXPERIMENT,1747,full,664a150484ed2af3,694c5a71a7871c49,"{""alpha_a"": 0.15, ""alpha_b"": 1.0, ""kappa_a"": 0.12, ""kappa_b"": 0.8, ""n_per_group"": 200000.0}",0.15,1.0,0.12,0.8,200000,empirical_value,0.201735,synthetic,ALL,not_applicable,not_applicable
EXP-01,SYNTHETIC EXPERIMENT,1747,full,664a150484ed2af3,7febf754872d3919,"{""alpha_a"": 0.2, ""alpha_b"": 0.0, ""kappa_a"": 0.16000000000000003, ""kappa_b"": 0.0, ""n_per_group"": 200000.0}",0.2,0.0,0.16000000000000003,0.0,200000,empirical_value,0.04930500000000004,synthetic,ALL,not_applicable,not_applicable
EXP-01,SYNTHETIC EXPERIMENT,1747,full,664a150484ed2af3,af0e88350643e722,"{""alpha_a"": 0.2, ""alpha_b"": 0.05, ""kappa_a"": 0.16000000000000003, ""kappa_b"": 0.04000000000000001, ""n_per_group"": 200000.0}",0.2,0.05,0.16000000000000003,0.04000000000000001,200000,empirical_value,0.03785499999999997,synthetic,ALL,not_applicable,not_applicable
EXP-01,SYNTHETIC EXPERIMENT,1747,full,664a150484ed2af3,ebc7988d8059dc14,"{""alpha_a"": 0.2, ""alpha_b"": 0.1, ""kappa_a"": 0.16000000000000003, ""kappa_b"": 0.08000000000000002, ""n_per_group"": 200000.0}",0.2,0.1,0.16000000000000003,0.08000000000000002,200000,empirical_value,0.022664999999999935,synthetic,ALL,not_applicable,not_applicable
EXP-01,SYNTHETIC EXPERIMENT,1747,full,664a150484ed2af3,41008b528b1235f7,"{""alpha_a"": 0.2, ""alpha_b"": 0.15, ""kappa_a"": 0.16000000000000003, ""kappa_b"": 0.12, ""n_per_group"": 200000.0}",0.2,0.15,0.16000000000000003,0.12,200000,empirical_value,0.013340000000000019,synthetic,ALL,not_applicable,not_applicable
EXP-01,SYNTHETIC EXPERIMENT,1747,full,664a150484ed2af3,a3f00a124577869e,"{""alpha_a"": 0.2, ""alpha_b"": 0.2, ""kappa_a"": 0.16000000000000003, ""kappa_b"": 0.16000000000000003, ""n_per_group"": 200000.0}",0.2,0.2,0.16000000000000003,0.16000000000000003,200000,empirical_value,5.500000000002725e-05,synthetic,ALL,not_applicable,not_applicable
EXP-01,SYNTHETIC EXPERIMENT,1747,full,664a150484ed2af3,8a2519f2ff1ed8f6,"{""alpha_a"": 0.2, ""alpha_b"": 0.25, ""kappa_a"": 0.16000000000000003, ""kappa_b"": 0.2, ""n_per_group"": 200000.0}",0.2,0.25,0.16000000000000003,0.2,200000,empirical_value,0.01169000000000009,synthetic,ALL,not_applicable,not_applicable
EXP-01,SYNTHETIC EXPERIMENT,1747,full,664a150484ed2af3,b4f261583a3b724a,"{""alpha_a"": 0.2, ""alpha_b"": 0.3, ""kappa_a"": 0.16000000000000003, ""kappa_b"": 0.24, ""n_per_group"": 200000.0}",0.2,0.3,0.16000000000000003,0.24,200000,empirical_value,0.023109999999999964,synthetic,ALL,not_applicable,not_applicable
EXP-01,SYNTHETIC EXPERIMENT,1747,full,664a150484ed2af3,f681b88a7543859f,"{""alpha_a"": 0.2, ""alpha_b"": 0.35, ""kappa_a"": 0.16000000000000003, ""kappa_b"": 0.27999999999999997, ""n_per_group"": 200000.0}",0.2,0.35,0.16000000000000003,0.27999999999999997,200000,empirical_value,0.03634999999999999,synthetic,ALL,not_applicable,not_applicable
EXP-01,SYNTHETIC EXPERIMENT,1747,full,664a150484ed2af3,d20ee4fa0ea4046f,"{""alpha_a"": 0.2, ""alpha_b"": 0.4, ""kappa_a"": 0.16000000000000003, ""kappa_b"": 0.32000000000000006, ""n_per_group"": 200000.0}",0.2,0.4,0.16000000000000003,0.32000000000000006,200000,empirical_value,0.046314999999999995,synthetic,ALL,not_applicable,not_applicable
EXP-01,SYNTHETIC EXPERIMENT,1747,full,664a150484ed2af3,ff7a91fd1b801645,"{""alpha_a"": 0.2, ""alpha_b"": 0.45, ""kappa_a"": 0.16000000000000003, ""kappa_b"": 0.36000000000000004, ""n_per_group"": 200000.0}",0.2,0.45,0.16000000000000003,0.36000000000000004,200000,empirical_value,0.059209999999999985,synthetic,ALL,not_applicable,not_applicable
EXP-01,SYNTHETIC EXPERIMENT,1747,full,664a150484ed2af3,6bfd94f82a5d1ff2,"{""alpha_a"": 0.2, ""alpha_b"": 0.5, ""kappa_a"": 0.16000000000000003, ""kappa_b"": 0.4, ""n_per_group"": 200000.0}",0.2,0.5,0.16000000000000003,0.4,200000,empirical_value,0.07206999999999997,synthetic,ALL,not_applicable,not_applicable
EXP-01,SYNTHETIC EXPERIMENT,1747,full,664a150484ed2af3,40b3681ff1bd5a33,"{""alpha_a"": 0.2, ""alpha_b"": 0.55, ""kappa_a"": 0.16000000000000003, ""kappa_b"": 0.44000000000000006, ""n_per_group"": 200000.0}",0.2,0.55,0.16000000000000003,0.44000000000000006,200000,empirical_value,0.085735,synthetic,ALL,not_applicable,not_applicable
EXP-01,SYNTHETIC EXPERIMENT,1747,full,664a150484ed2af3,e211bd0acc7eecf6,"{""alpha_a"": 0.2, ""alpha_b"": 0.6, ""kappa_a"": 0.16000000000000003, ""kappa_b"": 0.48, ""n_per_group"": 200000.0}",0.2,0.6,0.16000000000000003,0.48,200000,empirical_value,0.09556500000000001,synthetic,ALL,not_applicable,not_applicable
EXP-01,SYNTHETIC EXPERIMENT,1747,full,664a150484ed2af3,1e13ae164faf8f41,"{""alpha_a"": 0.2, ""alpha_b"": 0.65, ""kappa_a"": 0.16000000000000003, ""kappa_b"": 0.52, ""n_per_group"": 200000.0}",0.2,0.65,0.16000000000000003,0.52,200000,empirical_value,0.10604500000000006,synthetic,ALL,not_applicable,not_applicable
EXP-01,SYNTHETIC EXPERIMENT,1747,full,664a150484ed2af3,175745f0ccd8d860,"{""alpha_a"": 0.2, ""alpha_b"": 0.7, ""kappa_a"": 0.16000000000000003, ""kappa_b"": 0.5599999999999999, ""n_per_group"": 200000.0}",0.2,0.7,0.16000000000000003,0.5599999999999999,200000,empirical_value,0.12009499999999995,synthetic,ALL,not_applicable,not_applicable
EXP-01,SYNTHETIC EXPERIMENT,1747,full,664a150484ed2af3,a450449f379465e7,"{""alpha_a"": 0.2, ""alpha_b"": 0.75, ""kappa_a"": 0.16000000000000003, ""kappa_b"": 0.6000000000000001, ""n_per_group"": 200000.0}",0.2,0.75,0.16000000000000003,0.6000000000000001,200000,empirical_value,0.13185999999999998,synthetic,ALL,not_applicable,not_applicable
EXP-01,SYNTHETIC EXPERIMENT,1747,full,664a150484ed2af3,96e35d8738eec7f3,"{""alpha_a"": 0.2, ""alpha_b"": 0.8, ""kappa_a"": 0.16000000000000003, ""kappa_b"": 0.6400000000000001, ""n_per_group"": 200000.0}",0.2,0.8,0.16000000000000003,0.6400000000000001,200000,empirical_value,0.14483000000000001,synthetic,ALL,not_applicable,not_applicable
EXP-01,SYNTHETIC EXPERIMENT,1747,full,664a150484ed2af3,e2761bb3a6a7dfd5,"{""alpha_a"": 0.2, ""alpha_b"": 0.85, ""kappa_a"": 0.16000000000000003, ""kappa_b"": 0.68, ""n_per_group"": 200000.0}",0.2,0.85,0.16000000000000003,0.68,200000,empirical_value,0.15600499999999995,synthetic,ALL,not_applicable,not_applicable
EXP-01,SYNTHETIC EXPERIMENT,1747,full,664a150484ed2af3,96ba37d3d4dda9b2,"{""alpha_a"": 0.2, ""alpha_b"": 0.9, ""kappa_a"": 0.16000000000000003, ""kappa_b"": 0.7200000000000001, ""n_per_group"": 200000.0}",0.2,0.9,0.16000000000000003,0.7200000000000001,200000,empirical_value,0.16776499999999994,synthetic,ALL,not_applicable,not_applicable
EXP-01,SYNTHETIC EXPERIMENT,1747,full,664a150484ed2af3,67c017115584954c,"{""alpha_a"": 0.2, ""alpha_b"": 0.95, ""kappa_a"": 0.16000000000000003, ""kappa_b"": 0.76, ""n_per_group"": 200000.0}",0.2,0.95,0.16000000000000003,0.76,200000,empirical_value,0.18052,synthetic,ALL,not_applicable,not_applicable
EXP-01,SYNTHETIC EXPERIMENT,1747,full,664a150484ed2af3,308d26abc93558d0,"{""alpha_a"": 0.2, ""alpha_b"": 1.0, ""kappa_a"": 0.16000000000000003, ""kappa_b"": 0.8, ""n_per_group"": 200000.0}",0.2,1.0,0.16000000000000003,0.8,200000,empirical_value,0.19079500000000005,synthetic,ALL,not_applicable,not_applicable
EXP-01,SYNTHETIC EXPERIMENT,1747,full,664a150484ed2af3,d0ef03f67f087104,"{""alpha_a"": 0.25, ""alpha_b"": 0.0, ""kappa_a"": 0.2, ""kappa_b"": 0.0, ""n_per_group"": 200000.0}",0.25,0.0,0.2,0.0,200000,empirical_value,0.06010000000000004,synthetic,ALL,not_applicable,not_applicable
EXP-01,SYNTHETIC EXPERIMENT,1747,full,664a150484ed2af3,640da030f4c79e2a,"{""alpha_a"": 0.25, ""alpha_b"": 0.05, ""kappa_a"": 0.2, ""kappa_b"": 0.04000000000000001, ""n_per_group"": 200000.0}",0.25,0.05,0.2,0.04000000000000001,200000,empirical_value,0.05121999999999993,synthetic,ALL,not_applicable,not_applicable
EXP-01,SYNTHETIC EXPERIMENT,1747,full,664a150484ed2af3,d35d22f3b88f0655,"{""alpha_a"": 0.25, ""alpha_b"": 0.1, ""kappa_a"": 0.2, ""kappa_b"": 0.08000000000000002, ""n_per_group"": 200000.0}",0.25,0.1,0.2,0.08000000000000002,200000,empirical_value,0.03345000000000009,synthetic,ALL,not_applicable,not_applicable
EXP-01,SYNTHETIC EXPERIMENT,1747,full,664a150484ed2af3,36a097142cdadf6f,"{""alpha_a"": 0.25, ""alpha_b"": 0.15, ""kappa_a"": 0.2, ""kappa_b"": 0.12, ""n_per_group"": 200000.0}",0.25,0.15,0.2,0.12,200000,empirical_value,0.02499499999999999,synthetic,ALL,not_applicable,not_applicable
EXP-01,SYNTHETIC EXPERIMENT,1747,full,664a150484ed2af3,771ed3facb31defa,"{""alpha_a"": 0.25, ""alpha_b"": 0.2, ""kappa_a"": 0.2, ""kappa_b"": 0.16000000000000003, ""n_per_group"": 200000.0}",0.25,0.2,0.2,0.16000000000000003,200000,empirical_value,0.01319999999999999,synthetic,ALL,not_applicable,not_applicable
EXP-01,SYNTHETIC EXPERIMENT,1747,full,664a150484ed2af3,0ef3f92454098838,"{""alpha_a"": 0.25, ""alpha_b"": 0.25, ""kappa_a"": 0.2, ""kappa_b"": 0.2, ""n_per_group"": 200000.0}",0.25,0.25,0.2,0.2,200000,empirical_value,0.0003250000000000197,synthetic,ALL,not_applicable,not_applicable
EXP-01,SYNTHETIC EXPERIMENT,1747,full,664a150484ed2af3,69430f02107c86f3,"{""alpha_a"": 0.25, ""alpha_b"": 0.3, ""kappa_a"": 0.2, ""kappa_b"": 0.24, ""n_per_group"": 200000.0}",0.25,0.3,0.2,0.24,200000,empirical_value,0.011494999999999922,synthetic,ALL,not_applicable,not_applicable
EXP-01,SYNTHETIC EXPERIMENT,1747,full,664a150484ed2af3,d7ff82e5394737eb,"{""alpha_a"": 0.25, ""alpha_b"": 0.35, ""kappa_a"": 0.2, ""kappa_b"": 0.27999999999999997, ""n_per_group"": 200000.0}",0.25,0.35,0.2,0.27999999999999997,200000,empirical_value,0.023664999999999936,synthetic,ALL,not_applicable,not_applicable
EXP-01,SYNTHETIC EXPERIMENT,1747,full,664a150484ed2af3,58cbd7267c66f208,"{""alpha_a"": 0.25, ""alpha_b"": 0.4, ""kappa_a"": 0.2, ""kappa_b"": 0.32000000000000006, ""n_per_group"": 200000.0}",0.25,0.4,0.2,0.32000000000000006,200000,empirical_value,0.036985000000000046,synthetic,ALL,not_applicable,not_applicable
EXP-01,SYNTHETIC EXPERIMENT,1747,full,664a150484ed2af3,d0f4d027a21b5961,"{""alpha_a"": 0.25, ""alpha_b"": 0.45, ""kappa_a"": 0.2, ""kappa_b"": 0.36000000000000004, ""n_per_group"": 200000.0}",0.25,0.45,0.2,0.36000000000000004,200000,empirical_value,0.048514999999999975,synthetic,ALL,not_applicable,not_applicable
EXP-01,SYNTHETIC EXPERIMENT,1747,full,664a150484ed2af3,b831345230e1a585,"{""alpha_a"": 0.25, ""alpha_b"": 0.5, ""kappa_a"": 0.2, ""kappa_b"": 0.4, ""n_per_group"": 200000.0}",0.25,0.5,0.2,0.4,200000,empirical_value,0.058824999999999905,synthetic,ALL,not_applicable,not_applicable
EXP-01,SYNTHETIC EXPERIMENT,1747,full,664a150484ed2af3,f1088485738d706a,"{""alpha_a"": 0.25, ""alpha_b"": 0.55, ""kappa_a"": 0.2, ""kappa_b"": 0.44000000000000006, ""n_per_group"": 200000.0}",0.25,0.55,0.2,0.44000000000000006,200000,empirical_value,0.07334999999999992,synthetic,ALL,not_applicable,not_applicable
EXP-01,SYNTHETIC EXPERIMENT,1747,full,664a150484ed2af3,76c9d04638f909c9,"{""alpha_a"": 0.25, ""alpha_b"": 0.6, ""kappa_a"": 0.2, ""kappa_b"": 0.48, ""n_per_group"": 200000.0}",0.25,0.6,0.2,0.48,200000,empirical_value,0.08457999999999999,synthetic,ALL,not_applicable,not_applicable
EXP-01,SYNTHETIC EXPERIMENT,1747,full,664a150484ed2af3,d1bf2dd0766911b7,"{""alpha_a"": 0.25, ""alpha_b"": 0.65, ""kappa_a"": 0.2, ""kappa_b"": 0.52, ""n_per_group"": 200000.0}",0.25,0.65,0.2,0.52,200000,empirical_value,0.09455000000000002,synthetic,ALL,not_applicable,not_applicable
EXP-01,SYNTHETIC EXPERIMENT,1747,full,664a150484ed2af3,7347765828dc631a,"{""alpha_a"": 0.25, ""alpha_b"": 0.7, ""kappa_a"": 0.2, ""kappa_b"": 0.5599999999999999, ""n_per_group"": 200000.0}",0.25,0.7,0.2,0.5599999999999999,200000,empirical_value,0.10864499999999999,synthetic,ALL,not_applicable,not_applicable
EXP-01,SYNTHETIC EXPERIMENT,1747,full,664a150484ed2af3,8cd421c278dad9f0,"{""alpha_a"": 0.25, ""alpha_b"": 0.75, ""kappa_a"": 0.2, ""kappa_b"": 0.6000000000000001, ""n_per_group"": 200000.0}",0.25,0.75,0.2,0.6000000000000001,200000,empirical_value,0.12107999999999997,synthetic,ALL,not_applicable,not_applicable
EXP-01,SYNTHETIC EXPERIMENT,1747,full,664a150484ed2af3,a3a8587bfcda0271,"{""alpha_a"": 0.25, ""alpha_b"": 0.8, ""kappa_a"": 0.2, ""kappa_b"": 0.6400000000000001, ""n_per_group"": 200000.0}",0.25,0.8,0.2,0.6400000000000001,200000,empirical_value,0.13019000000000003,synthetic,ALL,not_applicable,not_applicable
EXP-01,SYNTHETIC EXPERIMENT,1747,full,664a150484ed2af3,7f75c4b391283e60,"{""alpha_a"": 0.25, ""alpha_b"": 0.85, ""kappa_a"": 0.2, ""kappa_b"": 0.68, ""n_per_group"": 200000.0}",0.25,0.85,0.2,0.68,200000,empirical_value,0.144505,synthetic,ALL,not_applicable,not_applicable
EXP-01,SYNTHETIC EXPERIMENT,1747,full,664a150484ed2af3,dca757c3df7ba091,"{""alpha_a"": 0.25, ""alpha_b"": 0.9, ""kappa_a"": 0.2, ""kappa_b"": 0.7200000000000001, ""n_per_group"": 200000.0}",0.25,0.9,0.2,0.7200000000000001,200000,empirical_value,0.15458499999999997,synthetic,ALL,not_applicable,not_applicable
EXP-01,SYNTHETIC EXPERIMENT,1747,full,664a150484ed2af3,0ead99814f3b20df,"{""alpha_a"": 0.25, ""alpha_b"": 0.95, ""kappa_a"": 0.2, ""kappa_b"": 0.76, ""n_per_group"": 200000.0}",0.25,0.95,0.2,0.76,200000,empirical_value,0.16870000000000007,synthetic,ALL,not_applicable,not_applicable
EXP-01,SYNTHETIC EXPERIMENT,1747,full,664a150484ed2af3,700ea7fd6f3fe715,"{""alpha_a"": 0.25, ""alpha_b"": 1.0, ""kappa_a"": 0.2, ""kappa_b"": 0.8, ""n_per_group"": 200000.0}",0.25,1.0,0.2,0.8,200000,empirical_value,0.18147000000000002,synthetic,ALL,not_applicable,not_applicable
EXP-01,SYNTHETIC EXPERIMENT,1747,full,664a150484ed2af3,31672113393a323b,"{""alpha_a"": 0.3, ""alpha_b"": 0.0, ""kappa_a"": 0.24, ""kappa_b"": 0.0, ""n_per_group"": 200000.0}",0.3,0.0,0.24,0.0,200000,empirical_value,0.07323000000000002,synthetic,ALL,not_applicable,not_applicable
EXP-01,SYNTHETIC EXPERIMENT,1747,full,664a150484ed2af3,3c646466648927bc,"{""alpha_a"": 0.3, ""alpha_b"": 0.05, ""kappa_a"": 0.24, ""kappa_b"": 0.04000000000000001, ""n_per_group"": 200000.0}",0.3,0.05,0.24,0.04000000000000001,200000,empirical_value,0.058904999999999985,synthetic,ALL,not_applicable,not_applicable
EXP-01,SYNTHETIC EXPERIMENT,1747,full,664a150484ed2af3,9814cad6fd886e66,"{""alpha_a"": 0.3, ""alpha_b"": 0.1, ""kappa_a"": 0.24, ""kappa_b"": 0.08000000000000002, ""n_per_group"": 200000.0}",0.3,0.1,0.24,0.08000000000000002,200000,empirical_value,0.047880000000000034,synthetic,ALL,not_applicable,not_applicable
EXP-01,SYNTHETIC EXPERIMENT,1747,full,664a150484ed2af3,8d91f387a3c7da84,"{""alpha_a"": 0.3, ""alpha_b"": 0.15, ""kappa_a"": 0.24, ""kappa_b"": 0.12, ""n_per_group"": 200000.0}",0.3,0.15,0.24,0.12,200000,empirical_value,0.03791499999999992,synthetic,ALL,not_applicable,not_applicable
EXP-01,SYNTHETIC EXPERIMENT,1747,full,664a150484ed2af3,fc766c884699c0b5,"{""alpha_a"": 0.3, ""alpha_b"": 0.2, ""kappa_a"": 0.24, ""kappa_b"": 0.16000000000000003, ""n_per_group"": 200000.0}",0.3,0.2,0.24,0.16000000000000003,200000,empirical_value,0.025760000000000005,synthetic,ALL,not_applicable,not_applicable
EXP-01,SYNTHETIC EXPERIMENT,1747,full,664a150484ed2af3,f53aaffe33312169,"{""alpha_a"": 0.3, ""alpha_b"": 0.25, ""kappa_a"": 0.24, ""kappa_b"": 0.2, ""n_per_group"": 200000.0}",0.3,0.25,0.24,0.2,200000,empirical_value,0.010865000000000014,synthetic,ALL,not_applicable,not_applicable
EXP-01,SYNTHETIC EXPERIMENT,1747,full,664a150484ed2af3,5e7d0c29ccf0d026,"{""alpha_a"": 0.3, ""alpha_b"": 0.3, ""kappa_a"": 0.24, ""kappa_b"": 0.24, ""n_per_group"": 200000.0}",0.3,0.3,0.24,0.24,200000,empirical_value,0.0015499999999999403,synthetic,ALL,not_applicable,not_applicable
EXP-01,SYNTHETIC EXPERIMENT,1747,full,664a150484ed2af3,914b9c976d95f94b,"{""alpha_a"": 0.3, ""alpha_b"": 0.35, ""kappa_a"": 0.24, ""kappa_b"": 0.27999999999999997, ""n_per_group"": 200000.0}",0.3,0.35,0.24,0.27999999999999997,200000,empirical_value,0.012745000000000006,synthetic,ALL,not_applicable,not_applicable
EXP-01,SYNTHETIC EXPERIMENT,1747,full,664a150484ed2af3,d9c80c2b33534eb6,"{""alpha_a"": 0.3, ""alpha_b"": 0.4, ""kappa_a"": 0.24, ""kappa_b"": 0.32000000000000006, ""n_per_group"": 200000.0}",0.3,0.4,0.24,0.32000000000000006,200000,empirical_value,0.024094999999999978,synthetic,ALL,not_applicable,not_applicable
EXP-01,SYNTHETIC EXPERIMENT,1747,full,664a150484ed2af3,fce7f455545cd060,"{""alpha_a"": 0.3, ""alpha_b"": 0.45, ""kappa_a"": 0.24, ""kappa_b"": 0.36000000000000004, ""n_per_group"": 200000.0}",0.3,0.45,0.24,0.36000000000000004,200000,empirical_value,0.03495499999999996,synthetic,ALL,not_applicable,not_applicable
EXP-01,SYNTHETIC EXPERIMENT,1747,full,664a150484ed2af3,9bd821115d6ab0c6,"{""alpha_a"": 0.3, ""alpha_b"": 0.5, ""kappa_a"": 0.24, ""kappa_b"": 0.4, ""n_per_group"": 200000.0}",0.3,0.5,0.24,0.4,200000,empirical_value,0.04756000000000005,synthetic,ALL,not_applicable,not_applicable
EXP-01,SYNTHETIC EXPERIMENT,1747,full,664a150484ed2af3,cd3e02481510dc73,"{""alpha_a"": 0.3, ""alpha_b"": 0.55, ""kappa_a"": 0.24, ""kappa_b"": 0.44000000000000006, ""n_per_group"": 200000.0}",0.3,0.55,0.24,0.44000000000000006,200000,empirical_value,0.05872999999999995,synthetic,ALL,not_applicable,not_applicable
EXP-01,SYNTHETIC EXPERIMENT,1747,full,664a150484ed2af3,1857cb75df40c346,"{""alpha_a"": 0.3, ""alpha_b"": 0.6, ""kappa_a"": 0.24, ""kappa_b"": 0.48, ""n_per_group"": 200000.0}",0.3,0.6,0.24,0.48,200000,empirical_value,0.07384000000000002,synthetic,ALL,not_applicable,not_applicable
EXP-01,SYNTHETIC EXPERIMENT,1747,full,664a150484ed2af3,02cadc2bc1e0b26b,"{""alpha_a"": 0.3, ""alpha_b"": 0.65, ""kappa_a"": 0.24, ""kappa_b"": 0.52, ""n_per_group"": 200000.0}",0.3,0.65,0.24,0.52,200000,empirical_value,0.08505499999999999,synthetic,ALL,not_applicable,not_applicable
EXP-01,SYNTHETIC EXPERIMENT,1747,full,664a150484ed2af3,9e5a08504b225d15,"{""alpha_a"": 0.3, ""alpha_b"": 0.7, ""kappa_a"": 0.24, ""kappa_b"": 0.5599999999999999, ""n_per_group"": 200000.0}",0.3,0.7,0.24,0.5599999999999999,200000,empirical_value,0.09635499999999997,synthetic,ALL,not_applicable,not_applicable
EXP-01,SYNTHETIC EXPERIMENT,1747,full,664a150484ed2af3,61dc1bdd16487838,"{""alpha_a"": 0.3, ""alpha_b"": 0.75, ""kappa_a"": 0.24, ""kappa_b"": 0.6000000000000001, ""n_per_group"": 200000.0}",0.3,0.75,0.24,0.6000000000000001,200000,empirical_value,0.10683999999999994,synthetic,ALL,not_applicable,not_applicable
EXP-01,SYNTHETIC EXPERIMENT,1747,full,664a150484ed2af3,78fbc22363e0f834,"{""alpha_a"": 0.3, ""alpha_b"": 0.8, ""kappa_a"": 0.24, ""kappa_b"": 0.6400000000000001, ""n_per_group"": 200000.0}",0.3,0.8,0.24,0.6400000000000001,200000,empirical_value,0.12097500000000005,synthetic,ALL,not_applicable,not_applicable
EXP-01,SYNTHETIC EXPERIMENT,1747,full,664a150484ed2af3,d88806cb2e3b4594,"{""alpha_a"": 0.3, ""alpha_b"": 0.85, ""kappa_a"": 0.24, ""kappa_b"": 0.68, ""n_per_group"": 200000.0}",0.3,0.85,0.24,0.68,200000,empirical_value,0.134085,synthetic,ALL,not_applicable,not_applicable
EXP-01,SYNTHETIC EXPERIMENT,1747,full,664a150484ed2af3,61be87df94fdc8f8,"{""alpha_a"": 0.3, ""alpha_b"": 0.9, ""kappa_a"": 0.24, ""kappa_b"": 0.7200000000000001, ""n_per_group"": 200000.0}",0.3,0.9,0.24,0.7200000000000001,200000,empirical_value,0.14490000000000003,synthetic,ALL,not_applicable,not_applicable
EXP-01,SYNTHETIC EXPERIMENT,1747,full,664a150484ed2af3,6a86b1c31fa23909,"{""alpha_a"": 0.3, ""alpha_b"": 0.95, ""kappa_a"": 0.24, ""kappa_b"": 0.76, ""n_per_group"": 200000.0}",0.3,0.95,0.24,0.76,200000,empirical_value,0.15434499999999995,synthetic,ALL,not_applicable,not_applicable
EXP-01,SYNTHETIC EXPERIMENT,1747,full,664a150484ed2af3,5abd187b355317bf,"{""alpha_a"": 0.3, ""alpha_b"": 1.0, ""kappa_a"": 0.24, ""kappa_b"": 0.8, ""n_per_group"": 200000.0}",0.3,1.0,0.24,0.8,200000,empirical_value,0.17162500000000003,synthetic,ALL,not_applicable,not_applicable
EXP-01,SYNTHETIC EXPERIMENT,1747,full,664a150484ed2af3,35ff863b653eda18,"{""alpha_a"": 0.35, ""alpha_b"": 0.0, ""kappa_a"": 0.27999999999999997, ""kappa_b"": 0.0, ""n_per_group"": 200000.0}",0.35,0.0,0.27999999999999997,0.0,200000,empirical_value,0.08545999999999998,synthetic,ALL,not_applicable,not_applicable
EXP-01,SYNTHETIC EXPERIMENT,1747,full,664a150484ed2af3,835b894ab977de78,"{""alpha_a"": 0.35, ""alpha_b"": 0.05, ""kappa_a"": 0.27999999999999997, ""kappa_b"": 0.04000000000000001, ""n_per_group"": 200000.0}",0.35,0.05,0.27999999999999997,0.04000000000000001,200000,empirical_value,0.07388499999999998,synthetic,ALL,not_applicable,not_applicable
EXP-01,SYNTHETIC EXPERIMENT,1747,full,664a150484ed2af3,96db7e710d5d8d5b,"{""alpha_a"": 0.35, ""alpha_b"": 0.1, ""kappa_a"": 0.27999999999999997, ""kappa_b"": 0.08000000000000002, ""n_per_group"": 200000.0}",0.35,0.1,0.27999999999999997,0.08000000000000002,200000,empirical_value,0.06146499999999999,synthetic,ALL,not_applicable,not_applicable
EXP-01,SYNTHETIC EXPERIMENT,1747,full,664a150484ed2af3,1cd1ef01007577c6,"{""alpha_a"": 0.35, ""alpha_b"": 0.15, ""kappa_a"": 0.27999999999999997, ""kappa_b"": 0.12, ""n_per_group"": 200000.0}",0.35,0.15,0.27999999999999997,0.12,200000,empirical_value,0.04647000000000001,synthetic,ALL,not_applicable,not_applicable
EXP-01,SYNTHETIC EXPERIMENT,1747,full,664a150484ed2af3,5fb5746dbff61339,"{""alpha_a"": 0.35, ""alpha_b"": 0.2, ""kappa_a"": 0.27999999999999997, ""kappa_b"": 0.16000000000000003, ""n_per_group"": 200000.0}",0.35,0.2,0.27999999999999997,0.16000000000000003,200000,empirical_value,0.03257500000000002,synthetic,ALL,not_applicable,not_applicable
EXP-01,SYNTHETIC EXPERIMENT,1747,full,664a150484ed2af3,eeea2850752b4ae0,"{""alpha_a"": 0.35, ""alpha_b"": 0.25, ""kappa_a"": 0.27999999999999997, ""kappa_b"": 0.2, ""n_per_group"": 200000.0}",0.35,0.25,0.27999999999999997,0.2,200000,empirical_value,0.02220000000000011,synthetic,ALL,not_applicable,not_applicable
EXP-01,SYNTHETIC EXPERIMENT,1747,full,664a150484ed2af3,46e36898985c7369,"{""alpha_a"": 0.35, ""alpha_b"": 0.3, ""kappa_a"": 0.27999999999999997, ""kappa_b"": 0.24, ""n_per_group"": 200000.0}",0.35,0.3,0.27999999999999997,0.24,200000,empirical_value,0.012674999999999992,synthetic,ALL,not_applicable,not_applicable
EXP-01,SYNTHETIC EXPERIMENT,1747,full,664a150484ed2af3,8c0f64670193ec33,"{""alpha_a"": 0.35, ""alpha_b"": 0.35, ""kappa_a"": 0.27999999999999997, ""kappa_b"": 0.27999999999999997, ""n_per_group"": 200000.0}",0.35,0.35,0.27999999999999997,0.27999999999999997,200000,empirical_value,0.0018650000000000055,synthetic,ALL,not_applicable,not_applicable
EXP-01,SYNTHETIC EXPERIMENT,1747,full,664a150484ed2af3,23773c40b6a3599c,"{""alpha_a"": 0.35, ""alpha_b"": 0.4, ""kappa_a"": 0.27999999999999997, ""kappa_b"": 0.32000000000000006, ""n_per_group"": 200000.0}",0.35,0.4,0.27999999999999997,0.32000000000000006,200000,empirical_value,0.012469999999999981,synthetic,ALL,not_applicable,not_applicable
EXP-01,SYNTHETIC EXPERIMENT,1747,full,664a150484ed2af3,ae87cf9c564d23d2,"{""alpha_a"": 0.35, ""alpha_b"": 0.45, ""kappa_a"": 0.27999999999999997, ""kappa_b"": 0.36000000000000004, ""n_per_group"": 200000.0}",0.35,0.45,0.27999999999999997,0.36000000000000004,200000,empirical_value,0.02422499999999994,synthetic,ALL,not_applicable,not_applicable
EXP-01,SYNTHETIC EXPERIMENT,1747,full,664a150484ed2af3,91b4e5e35293ac26,"{""alpha_a"": 0.35, ""alpha_b"": 0.5, ""kappa_a"": 0.27999999999999997, ""kappa_b"": 0.4, ""n_per_group"": 200000.0}",0.35,0.5,0.27999999999999997,0.4,200000,empirical_value,0.035945000000000005,synthetic,ALL,not_applicable,not_applicable
EXP-01,SYNTHETIC EXPERIMENT,1747,full,664a150484ed2af3,6a57d6101833ea47,"{""alpha_a"": 0.35, ""alpha_b"": 0.55, ""kappa_a"": 0.27999999999999997, ""kappa_b"": 0.44000000000000006, ""n_per_group"": 200000.0}",0.35,0.55,0.27999999999999997,0.44000000000000006,200000,empirical_value,0.04899500000000001,synthetic,ALL,not_applicable,not_applicable
EXP-01,SYNTHETIC EXPERIMENT,1747,full,664a150484ed2af3,003ec52360400121,"{""alpha_a"": 0.35, ""alpha_b"": 0.6, ""kappa_a"": 0.27999999999999997, ""kappa_b"": 0.48, ""n_per_group"": 200000.0}",0.35,0.6,0.27999999999999997,0.48,200000,empirical_value,0.05945999999999996,synthetic,ALL,not_applicable,not_applicable
EXP-01,SYNTHETIC EXPERIMENT,1747,full,664a150484ed2af3,8151c1081acf6482,"{""alpha_a"": 0.35, ""alpha_b"": 0.65, ""kappa_a"": 0.27999999999999997, ""kappa_b"": 0.52, ""n_per_group"": 200000.0}",0.35,0.65,0.27999999999999997,0.52,200000,empirical_value,0.07278499999999999,synthetic,ALL,not_applicable,not_applicable
EXP-01,SYNTHETIC EXPERIMENT,1747,full,664a150484ed2af3,f81d8f6eabc0273e,"{""alpha_a"": 0.35, ""alpha_b"": 0.7, ""kappa_a"": 0.27999999999999997, ""kappa_b"": 0.5599999999999999, ""n_per_group"": 200000.0}",0.35,0.7,0.27999999999999997,0.5599999999999999,200000,empirical_value,0.08379000000000003,synthetic,ALL,not_applicable,not_applicable
EXP-01,SYNTHETIC EXPERIMENT,1747,full,664a150484ed2af3,d11941c1c1d6866e,"{""alpha_a"": 0.35, ""alpha_b"": 0.75, ""kappa_a"": 0.27999999999999997, ""kappa_b"": 0.6000000000000001, ""n_per_group"": 200000.0}",0.35,0.75,0.27999999999999997,0.6000000000000001,200000,empirical_value,0.09771000000000007,synthetic,ALL,not_applicable,not_applicable
EXP-01,SYNTHETIC EXPERIMENT,1747,full,664a150484ed2af3,e8a764d634ae1a8d,"{""alpha_a"": 0.35, ""alpha_b"": 0.8, ""kappa_a"": 0.27999999999999997, ""kappa_b"": 0.6400000000000001, ""n_per_group"": 200000.0}",0.35,0.8,0.27999999999999997,0.6400000000000001,200000,empirical_value,0.1057849999999999,synthetic,ALL,not_applicable,not_applicable
EXP-01,SYNTHETIC EXPERIMENT,1747,full,664a150484ed2af3,b8492f83caf37e44,"{""alpha_a"": 0.35, ""alpha_b"": 0.85, ""kappa_a"": 0.27999999999999997, ""kappa_b"": 0.68, ""n_per_group"": 200000.0}",0.35,0.85,0.27999999999999997,0.68,200000,empirical_value,0.11970000000000003,synthetic,ALL,not_applicable,not_applicable
EXP-01,SYNTHETIC EXPERIMENT,1747,full,664a150484ed2af3,6287da3aae39e980,"{""alpha_a"": 0.35, ""alpha_b"": 0.9, ""kappa_a"": 0.27999999999999997, ""kappa_b"": 0.7200000000000001, ""n_per_group"": 200000.0}",0.35,0.9,0.27999999999999997,0.7200000000000001,200000,empirical_value,0.1321349999999999,synthetic,ALL,not_applicable,not_applicable
EXP-01,SYNTHETIC EXPERIMENT,1747,full,664a150484ed2af3,2b32f27fd4e80a79,"{""alpha_a"": 0.35, ""alpha_b"": 0.95, ""kappa_a"": 0.27999999999999997, ""kappa_b"": 0.76, ""n_per_group"": 200000.0}",0.35,0.95,0.27999999999999997,0.76,200000,empirical_value,0.14449999999999996,synthetic,ALL,not_applicable,not_applicable
EXP-01,SYNTHETIC EXPERIMENT,1747,full,664a150484ed2af3,4d7933012ad65dbf,"{""alpha_a"": 0.35, ""alpha_b"": 1.0, ""kappa_a"": 0.27999999999999997, ""kappa_b"": 0.8, ""n_per_group"": 200000.0}",0.35,1.0,0.27999999999999997,0.8,200000,empirical_value,0.15838000000000008,synthetic,ALL,not_applicable,not_applicable
EXP-01,SYNTHETIC EXPERIMENT,1747,full,664a150484ed2af3,fd3ca451b2202475,"{""alpha_a"": 0.4, ""alpha_b"": 0.0, ""kappa_a"": 0.32000000000000006, ""kappa_b"": 0.0, ""n_per_group"": 200000.0}",0.4,0.0,0.32000000000000006,0.0,200000,empirical_value,0.09899000000000002,synthetic,ALL,not_applicable,not_applicable
EXP-01,SYNTHETIC EXPERIMENT,1747,full,664a150484ed2af3,63e807603323db67,"{""alpha_a"": 0.4, ""alpha_b"": 0.05, ""kappa_a"": 0.32000000000000006, ""kappa_b"": 0.04000000000000001, ""n_per_group"": 200000.0}",0.4,0.05,0.32000000000000006,0.04000000000000001,200000,empirical_value,0.08438500000000004,synthetic,ALL,not_applicable,not_applicable
EXP-01,SYNTHETIC EXPERIMENT,1747,full,664a150484ed2af3,9bdc3fb5a6006220,"{""alpha_a"": 0.4, ""alpha_b"": 0.1, ""kappa_a"": 0.32000000000000006, ""kappa_b"": 0.08000000000000002, ""n_per_group"": 200000.0}",0.4,0.1,0.32000000000000006,0.08000000000000002,200000,empirical_value,0.07088499999999998,synthetic,ALL,not_applicable,not_applicable
EXP-01,SYNTHETIC EXPERIMENT,1747,full,664a150484ed2af3,97a60a27eda409c1,"{""alpha_a"": 0.4, ""alpha_b"": 0.15, ""kappa_a"": 0.32000000000000006, ""kappa_b"": 0.12, ""n_per_group"": 200000.0}",0.4,0.15,0.32000000000000006,0.12,200000,empirical_value,0.06045999999999996,synthetic,ALL,not_applicable,not_applicable
EXP-01,SYNTHETIC EXPERIMENT,1747,full,664a150484ed2af3,7a120db23a63e449,"{""alpha_a"": 0.4, ""alpha_b"": 0.2, ""kappa_a"": 0.32000000000000006, ""kappa_b"": 0.16000000000000003, ""n_per_group"": 200000.0}",0.4,0.2,0.32000000000000006,0.16000000000000003,200000,empirical_value,0.04771000000000003,synthetic,ALL,not_applicable,not_applicable
EXP-01,SYNTHETIC EXPERIMENT,1747,full,664a150484ed2af3,7ffcf6878c61b440,"{""alpha_a"": 0.4, ""alpha_b"": 0.25, ""kappa_a"": 0.32000000000000006, ""kappa_b"": 0.2, ""n_per_group"": 200000.0}",0.4,0.25,0.32000000000000006,0.2,200000,empirical_value,0.03603500000000004,synthetic,ALL,not_applicable,not_applicable
EXP-01,SYNTHETIC EXPERIMENT,1747,full,664a150484ed2af3,230e3561fa16a6d7,"{""alpha_a"": 0.4, ""alpha_b"": 0.3, ""kappa_a"": 0.32000000000000006, ""kappa_b"": 0.24, ""n_per_group"": 200000.0}",0.4,0.3,0.32000000000000006,0.24,200000,empirical_value,0.02483499999999994,synthetic,ALL,not_applicable,not_applicable
EXP-01,SYNTHETIC EXPERIMENT,1747,full,664a150484ed2af3,03fbaac52b776e02,"{""alpha_a"": 0.4, ""alpha_b"": 0.35, ""kappa_a"": 0.32000000000000006, ""kappa_b"": 0.27999999999999997, ""n_per_group"": 200000.0}",0.4,0.35,0.32000000000000006,0.27999999999999997,200000,empirical_value,0.009954999999999936,synthetic,ALL,not_applicable,not_applicable
EXP-01,SYNTHETIC EXPERIMENT,1747,full,664a150484ed2af3,03ded27d9830e29b,"{""alpha_a"": 0.4, ""alpha_b"": 0.4, ""kappa_a"": 0.32000000000000006, ""kappa_b"": 0.32000000000000006, ""n_per_group"": 200000.0}",0.4,0.4,0.32000000000000006,0.32000000000000006,200000,empirical_value,0.0010350000000000081,synthetic,ALL,not_applicable,not_applicable
EXP-01,SYNTHETIC EXPERIMENT,1747,full,664a150484ed2af3,d0089757333dae2c,"{""alpha_a"": 0.4, ""alpha_b"": 0.45, ""kappa_a"": 0.32000000000000006, ""kappa_b"": 0.36000000000000004, ""n_per_group"": 200000.0}",0.4,0.45,0.32000000000000006,0.36000000000000004,200000,empirical_value,0.012565000000000048,synthetic,ALL,not_applicable,not_applicable
EXP-01,SYNTHETIC EXPERIMENT,1747,full,664a150484ed2af3,efd4df14d055430f,"{""alpha_a"": 0.4, ""alpha_b"": 0.5, ""kappa_a"": 0.32000000000000006, ""kappa_b"": 0.4, ""n_per_group"": 200000.0}",0.4,0.5,0.32000000000000006,0.4,200000,empirical_value,0.024959999999999982,synthetic,ALL,not_applicable,not_applicable
EXP-01,SYNTHETIC EXPERIMENT,1747,full,664a150484ed2af3,63f7ebf65d44ba8e,"{""alpha_a"": 0.4, ""alpha_b"": 0.55, ""kappa_a"": 0.32000000000000006, ""kappa_b"": 0.44000000000000006, ""n_per_group"": 200000.0}",0.4,0.55,0.32000000000000006,0.44000000000000006,200000,empirical_value,0.03620499999999993,synthetic,ALL,not_applicable,not_applicable
EXP-01,SYNTHETIC EXPERIMENT,1747,full,664a150484ed2af3,1cc1ca6e183f8a2b,"{""alpha_a"": 0.4, ""alpha_b"": 0.6, ""kappa_a"": 0.32000000000000006, ""kappa_b"": 0.48, ""n_per_group"": 200000.0}",0.4,0.6,0.32000000000000006,0.48,200000,empirical_value,0.05049500000000007,synthetic,ALL,not_applicable,not_applicable
EXP-01,SYNTHETIC EXPERIMENT,1747,full,664a150484ed2af3,cfb71de8aed2d04d,"{""alpha_a"": 0.4, ""alpha_b"": 0.65, ""kappa_a"": 0.32000000000000006, ""kappa_b"": 0.52, ""n_per_group"": 200000.0}",0.4,0.65,0.32000000000000006,0.52,200000,empirical_value,0.05934499999999998,synthetic,ALL,not_applicable,not_applicable
EXP-01,SYNTHETIC EXPERIMENT,1747,full,664a150484ed2af3,e7abb5db68be3d5d,"{""alpha_a"": 0.4, ""alpha_b"": 0.7, ""kappa_a"": 0.32000000000000006, ""kappa_b"": 0.5599999999999999, ""n_per_group"": 200000.0}",0.4,0.7,0.32000000000000006,0.5599999999999999,200000,empirical_value,0.07145499999999994,synthetic,ALL,not_applicable,not_applicable
EXP-01,SYNTHETIC EXPERIMENT,1747,full,664a150484ed2af3,103b3c3f95fd79de,"{""alpha_a"": 0.4, ""alpha_b"": 0.75, ""kappa_a"": 0.32000000000000006, ""kappa_b"": 0.6000000000000001, ""n_per_group"": 200000.0}",0.4,0.75,0.32000000000000006,0.6000000000000001,200000,empirical_value,0.08394999999999997,synthetic,ALL,not_applicable,not_applicable
EXP-01,SYNTHETIC EXPERIMENT,1747,full,664a150484ed2af3,fa9dc58ce3a3d192,"{""alpha_a"": 0.4, ""alpha_b"": 0.8, ""kappa_a"": 0.32000000000000006, ""kappa_b"": 0.6400000000000001, ""n_per_group"": 200000.0}",0.4,0.8,0.32000000000000006,0.6400000000000001,200000,empirical_value,0.09704000000000002,synthetic,ALL,not_applicable,not_applicable
EXP-01,SYNTHETIC EXPERIMENT,1747,full,664a150484ed2af3,09bba40ea7955ff9,"{""alpha_a"": 0.4, ""alpha_b"": 0.85, ""kappa_a"": 0.32000000000000006, ""kappa_b"": 0.68, ""n_per_group"": 200000.0}",0.4,0.85,0.32000000000000006,0.68,200000,empirical_value,0.10726499999999994,synthetic,ALL,not_applicable,not_applicable
EXP-01,SYNTHETIC EXPERIMENT,1747,full,664a150484ed2af3,b4b59d4a4736894e,"{""alpha_a"": 0.4, ""alpha_b"": 0.9, ""kappa_a"": 0.32000000000000006, ""kappa_b"": 0.7200000000000001, ""n_per_group"": 200000.0}",0.4,0.9,0.32000000000000006,0.7200000000000001,200000,empirical_value,0.11908999999999992,synthetic,ALL,not_applicable,not_applicable
EXP-01,SYNTHETIC EXPERIMENT,1747,full,664a150484ed2af3,e8ae8ee79c12ce05,"{""alpha_a"": 0.4, ""alpha_b"": 0.95, ""kappa_a"": 0.32000000000000006, ""kappa_b"": 0.76, ""n_per_group"": 200000.0}",0.4,0.95,0.32000000000000006,0.76,200000,empirical_value,0.13230999999999993,synthetic,ALL,not_applicable,not_applicable
EXP-01,SYNTHETIC EXPERIMENT,1747,full,664a150484ed2af3,fdd731c5034f3760,"{""alpha_a"": 0.4, ""alpha_b"": 1.0, ""kappa_a"": 0.32000000000000006, ""kappa_b"": 0.8, ""n_per_group"": 200000.0}",0.4,1.0,0.32000000000000006,0.8,200000,empirical_value,0.14527999999999996,synthetic,ALL,not_applicable,not_applicable
EXP-01,SYNTHETIC EXPERIMENT,1747,full,664a150484ed2af3,3bc2c22b7e765bc4,"{""alpha_a"": 0.45, ""alpha_b"": 0.0, ""kappa_a"": 0.36000000000000004, ""kappa_b"": 0.0, ""n_per_group"": 200000.0}",0.45,0.0,0.36000000000000004,0.0,200000,empirical_value,0.10868500000000003,synthetic,ALL,not_applicable,not_applicable
EXP-01,SYNTHETIC EXPERIMENT,1747,full,664a150484ed2af3,c1c326a6a3dca213,"{""alpha_a"": 0.45, ""alpha_b"": 0.05, ""kappa_a"": 0.36000000000000004, ""kappa_b"": 0.04000000000000001, ""n_per_group"": 200000.0}",0.45,0.05,0.36000000000000004,0.04000000000000001,200000,empirical_value,0.09581000000000006,synthetic,ALL,not_applicable,not_applicable
EXP-01,SYNTHETIC EXPERIMENT,1747,full,664a150484ed2af3,347d0774540d85da,"{""alpha_a"": 0.45, ""alpha_b"": 0.1, ""kappa_a"": 0.36000000000000004, ""kappa_b"": 0.08000000000000002, ""n_per_group"": 200000.0}",0.45,0.1,0.36000000000000004,0.08000000000000002,200000,empirical_value,0.08472500000000005,synthetic,ALL,not_applicable,not_applicable
EXP-01,SYNTHETIC EXPERIMENT,1747,full,664a150484ed2af3,2016120a8fc63390,"{""alpha_a"": 0.45, ""alpha_b"": 0.15, ""kappa_a"": 0.36000000000000004, ""kappa_b"": 0.12, ""n_per_group"": 200000.0}",0.45,0.15,0.36000000000000004,0.12,200000,empirical_value,0.07309500000000002,synthetic,ALL,not_applicable,not_applicable
EXP-01,SYNTHETIC EXPERIMENT,1747,full,664a150484ed2af3,1b652a39b9738507,"{""alpha_a"": 0.45, ""alpha_b"": 0.2, ""kappa_a"": 0.36000000000000004, ""kappa_b"": 0.16000000000000003, ""n_per_group"": 200000.0}",0.45,0.2,0.36000000000000004,0.16000000000000003,200000,empirical_value,0.06109500000000001,synthetic,ALL,not_applicable,not_applicable
EXP-01,SYNTHETIC EXPERIMENT,1747,full,664a150484ed2af3,dc259b734594bede,"{""alpha_a"": 0.45, ""alpha_b"": 0.25, ""kappa_a"": 0.36000000000000004, ""kappa_b"": 0.2, ""n_per_group"": 200000.0}",0.45,0.25,0.36000000000000004,0.2,200000,empirical_value,0.04789999999999994,synthetic,ALL,not_applicable,not_applicable
EXP-01,SYNTHETIC EXPERIMENT,1747,full,664a150484ed2af3,bce5e46cd91d2816,"{""alpha_a"": 0.45, ""alpha_b"": 0.3, ""kappa_a"": 0.36000000000000004, ""kappa_b"": 0.24, ""n_per_group"": 200000.0}",0.45,0.3,0.36000000000000004,0.24,200000,empirical_value,0.03667500000000001,synthetic,ALL,not_applicable,not_applicable
EXP-01,SYNTHETIC EXPERIMENT,1747,full,664a150484ed2af3,91722f0d6b9ef0a3,"{""alpha_a"": 0.45, ""alpha_b"": 0.35, ""kappa_a"": 0.36000000000000004, ""kappa_b"": 0.27999999999999997, ""n_per_group"": 200000.0}",0.45,0.35,0.36000000000000004,0.27999999999999997,200000,empirical_value,0.023944999999999994,synthetic,ALL,not_applicable,not_applicable
EXP-01,SYNTHETIC EXPERIMENT,1747,full,664a150484ed2af3,6d6fab7de068f0b7,"{""alpha_a"": 0.45, ""alpha_b"": 0.4, ""kappa_a"": 0.36000000000000004, ""kappa_b"": 0.32000000000000006, ""n_per_group"": 200000.0}",0.45,0.4,0.36000000000000004,0.32000000000000006,200000,empirical_value,0.01277499999999998,synthetic,ALL,not_applicable,not_applicable
EXP-01,SYNTHETIC EXPERIMENT,1747,full,664a150484ed2af3,fe2e18d354fc4b93,"{""alpha_a"": 0.45, ""alpha_b"": 0.45, ""kappa_a"": 0.36000000000000004, ""kappa_b"": 0.36000000000000004, ""n_per_group"": 200000.0}",0.45,0.45,0.36000000000000004,0.36000000000000004,200000,empirical_value,0.0008549999999999391,synthetic,ALL,not_applicable,not_applicable
EXP-01,SYNTHETIC EXPERIMENT,1747,full,664a150484ed2af3,c9687dad408ba59b,"{""alpha_a"": 0.45, ""alpha_b"": 0.5, ""kappa_a"": 0.36000000000000004, ""kappa_b"": 0.4, ""n_per_group"": 200000.0}",0.45,0.5,0.36000000000000004,0.4,200000,empirical_value,0.011484999999999967,synthetic,ALL,not_applicable,not_applicable
EXP-01,SYNTHETIC EXPERIMENT,1747,full,664a150484ed2af3,46144f8fc8706c6a,"{""alpha_a"": 0.45, ""alpha_b"": 0.55, ""kappa_a"": 0.36000000000000004, ""kappa_b"": 0.44000000000000006, ""n_per_group"": 200000.0}",0.45,0.55,0.36000000000000004,0.44000000000000006,200000,empirical_value,0.025695000000000023,synthetic,ALL,not_applicable,not_applicable
EXP-01,SYNTHETIC EXPERIMENT,1747,full,664a150484ed2af3,20e042f8fd00acde,"{""alpha_a"": 0.45, ""alpha_b"": 0.6, ""kappa_a"": 0.36000000000000004, ""kappa_b"": 0.48, ""n_per_group"": 200000.0}",0.45,0.6,0.36000000000000004,0.48,200000,empirical_value,0.036065000000000014,synthetic,ALL,not_applicable,not_applicable
EXP-01,SYNTHETIC EXPERIMENT,1747,full,664a150484ed2af3,930255b761934dae,"{""alpha_a"": 0.45, ""alpha_b"": 0.65, ""kappa_a"": 0.36000000000000004, ""kappa_b"": 0.52, ""n_per_group"": 200000.0}",0.45,0.65,0.36000000000000004,0.52,200000,empirical_value,0.04726999999999992,synthetic,ALL,not_applicable,not_applicable
EXP-01,SYNTHETIC EXPERIMENT,1747,full,664a150484ed2af3,1d7c482c26022f4e,"{""alpha_a"": 0.45, ""alpha_b"": 0.7, ""kappa_a"": 0.36000000000000004, ""kappa_b"": 0.5599999999999999, ""n_per_group"": 200000.0}",0.45,0.7,0.36000000000000004,0.5599999999999999,200000,empirical_value,0.05918500000000004,synthetic,ALL,not_applicable,not_applicable
EXP-01,SYNTHETIC EXPERIMENT,1747,full,664a150484ed2af3,2ce6124126bd3e85,"{""alpha_a"": 0.45, ""alpha_b"": 0.75, ""kappa_a"": 0.36000000000000004, ""kappa_b"": 0.6000000000000001, ""n_per_group"": 200000.0}",0.45,0.75,0.36000000000000004,0.6000000000000001,200000,empirical_value,0.07193000000000005,synthetic,ALL,not_applicable,not_applicable
EXP-01,SYNTHETIC EXPERIMENT,1747,full,664a150484ed2af3,dcc3fc77ff3c93cc,"{""alpha_a"": 0.45, ""alpha_b"": 0.8, ""kappa_a"": 0.36000000000000004, ""kappa_b"": 0.6400000000000001, ""n_per_group"": 200000.0}",0.45,0.8,0.36000000000000004,0.6400000000000001,200000,empirical_value,0.08258999999999994,synthetic,ALL,not_applicable,not_applicable
EXP-01,SYNTHETIC EXPERIMENT,1747,full,664a150484ed2af3,32b6f44fbb5ee4e9,"{""alpha_a"": 0.45, ""alpha_b"": 0.85, ""kappa_a"": 0.36000000000000004, ""kappa_b"": 0.68, ""n_per_group"": 200000.0}",0.45,0.85,0.36000000000000004,0.68,200000,empirical_value,0.09638999999999998,synthetic,ALL,not_applicable,not_applicable
EXP-01,SYNTHETIC EXPERIMENT,1747,full,664a150484ed2af3,937dbef27968b658,"{""alpha_a"": 0.45, ""alpha_b"": 0.9, ""kappa_a"": 0.36000000000000004, ""kappa_b"": 0.7200000000000001, ""n_per_group"": 200000.0}",0.45,0.9,0.36000000000000004,0.7200000000000001,200000,empirical_value,0.11123000000000005,synthetic,ALL,not_applicable,not_applicable
EXP-01,SYNTHETIC EXPERIMENT,1747,full,664a150484ed2af3,2db1985a44078181,"{""alpha_a"": 0.45, ""alpha_b"": 0.95, ""kappa_a"": 0.36000000000000004, ""kappa_b"": 0.76, ""n_per_group"": 200000.0}",0.45,0.95,0.36000000000000004,0.76,200000,empirical_value,0.11931499999999995,synthetic,ALL,not_applicable,not_applicable
EXP-01,SYNTHETIC EXPERIMENT,1747,full,664a150484ed2af3,e462c422d18f96c1,"{""alpha_a"": 0.45, ""alpha_b"": 1.0, ""kappa_a"": 0.36000000000000004, ""kappa_b"": 0.8, ""n_per_group"": 200000.0}",0.45,1.0,0.36000000000000004,0.8,200000,empirical_value,0.13348000000000004,synthetic,ALL,not_applicable,not_applicable
EXP-01,SYNTHETIC EXPERIMENT,1747,full,664a150484ed2af3,2317e2da2e740d7a,"{""alpha_a"": 0.5, ""alpha_b"": 0.0, ""kappa_a"": 0.4, ""kappa_b"": 0.0, ""n_per_group"": 200000.0}",0.5,0.0,0.4,0.0,200000,empirical_value,0.121,synthetic,ALL,not_applicable,not_applicable
EXP-01,SYNTHETIC EXPERIMENT,1747,full,664a150484ed2af3,5f880bbc3524c602,"{""alpha_a"": 0.5, ""alpha_b"": 0.05, ""kappa_a"": 0.4, ""kappa_b"": 0.04000000000000001, ""n_per_group"": 200000.0}",0.5,0.05,0.4,0.04000000000000001,200000,empirical_value,0.10838499999999995,synthetic,ALL,not_applicable,not_applicable
EXP-01,SYNTHETIC EXPERIMENT,1747,full,664a150484ed2af3,cbee727bbee8b172,"{""alpha_a"": 0.5, ""alpha_b"": 0.1, ""kappa_a"": 0.4, ""kappa_b"": 0.08000000000000002, ""n_per_group"": 200000.0}",0.5,0.1,0.4,0.08000000000000002,200000,empirical_value,0.09616500000000006,synthetic,ALL,not_applicable,not_applicable
EXP-01,SYNTHETIC EXPERIMENT,1747,full,664a150484ed2af3,c549ed94dc85c072,"{""alpha_a"": 0.5, ""alpha_b"": 0.15, ""kappa_a"": 0.4, ""kappa_b"": 0.12, ""n_per_group"": 200000.0}",0.5,0.15,0.4,0.12,200000,empirical_value,0.08421000000000001,synthetic,ALL,not_applicable,not_applicable
EXP-01,SYNTHETIC EXPERIMENT,1747,full,664a150484ed2af3,e5c7966f86ab0d99,"{""alpha_a"": 0.5, ""alpha_b"": 0.2, ""kappa_a"": 0.4, ""kappa_b"": 0.16000000000000003, ""n_per_group"": 200000.0}",0.5,0.2,0.4,0.16000000000000003,200000,empirical_value,0.07340500000000005,synthetic,ALL,not_applicable,not_applicable
EXP-01,SYNTHETIC EXPERIMENT,1747,full,664a150484ed2af3,51b1b4f5c30b1713,"{""alpha_a"": 0.5, ""alpha_b"": 0.25, ""kappa_a"": 0.4, ""kappa_b"": 0.2, ""n_per_group"": 200000.0}",0.5,0.25,0.4,0.2,200000,empirical_value,0.06004000000000009,synthetic,ALL,not_applicable,not_applicable
EXP-01,SYNTHETIC EXPERIMENT,1747,full,664a150484ed2af3,72fe656b641cc483,"{""alpha_a"": 0.5, ""alpha_b"": 0.3, ""kappa_a"": 0.4, ""kappa_b"": 0.24, ""n_per_group"": 200000.0}",0.5,0.3,0.4,0.24,200000,empirical_value,0.04637000000000002,synthetic,ALL,not_applicable,not_applicable
EXP-01,SYNTHETIC EXPERIMENT,1747,full,664a150484ed2af3,af622726dbd9c3ec,"{""alpha_a"": 0.5, ""alpha_b"": 0.35, ""kappa_a"": 0.4, ""kappa_b"": 0.27999999999999997, ""n_per_group"": 200000.0}",0.5,0.35,0.4,0.27999999999999997,200000,empirical_value,0.034129999999999994,synthetic,ALL,not_applicable,not_applicable
EXP-01,SYNTHETIC EXPERIMENT,1747,full,664a150484ed2af3,a8d1656ae2edbe4f,"{""alpha_a"": 0.5, ""alpha_b"": 0.4, ""kappa_a"": 0.4, ""kappa_b"": 0.32000000000000006, ""n_per_group"": 200000.0}",0.5,0.4,0.4,0.32000000000000006,200000,empirical_value,0.02438000000000007,synthetic,ALL,not_applicable,not_applicable
EXP-01,SYNTHETIC EXPERIMENT,1747,full,664a150484ed2af3,3392003f79f25b89,"{""alpha_a"": 0.5, ""alpha_b"": 0.45, ""kappa_a"": 0.4, ""kappa_b"": 0.36000000000000004, ""n_per_group"": 200000.0}",0.5,0.45,0.4,0.36000000000000004,200000,empirical_value,0.011190000000000033,synthetic,ALL,not_applicable,not_applicable
EXP-01,SYNTHETIC EXPERIMENT,1747,full,664a150484ed2af3,6beae1245aca91e7,"{""alpha_a"": 0.5, ""alpha_b"": 0.5, ""kappa_a"": 0.4, ""kappa_b"": 0.4, ""n_per_group"": 200000.0}",0.5,0.5,0.4,0.4,200000,empirical_value,5.000000000032756e-06,synthetic,ALL,not_applicable,not_applicable
EXP-01,SYNTHETIC EXPERIMENT,1747,full,664a150484ed2af3,e09e5da7081a7b00,"{""alpha_a"": 0.5, ""alpha_b"": 0.55, ""kappa_a"": 0.4, ""kappa_b"": 0.44000000000000006, ""n_per_group"": 200000.0}",0.5,0.55,0.4,0.44000000000000006,200000,empirical_value,0.014675000000000105,synthetic,ALL,not_applicable,not_applicable
EXP-01,SYNTHETIC EXPERIMENT,1747,full,664a150484ed2af3,1062d55c00574d05,"{""alpha_a"": 0.5, ""alpha_b"": 0.6, ""kappa_a"": 0.4, ""kappa_b"": 0.48, ""n_per_group"": 200000.0}",0.5,0.6,0.4,0.48,200000,empirical_value,0.02334499999999995,synthetic,ALL,not_applicable,not_applicable
EXP-01,SYNTHETIC EXPERIMENT,1747,full,664a150484ed2af3,d98db135ea8d5701,"{""alpha_a"": 0.5, ""alpha_b"": 0.65, ""kappa_a"": 0.4, ""kappa_b"": 0.52, ""n_per_group"": 200000.0}",0.5,0.65,0.4,0.52,200000,empirical_value,0.03700000000000003,synthetic,ALL,not_applicable,not_applicable
EXP-01,SYNTHETIC EXPERIMENT,1747,full,664a150484ed2af3,3daace0638f99e2f,"{""alpha_a"": 0.5, ""alpha_b"": 0.7, ""kappa_a"": 0.4, ""kappa_b"": 0.5599999999999999, ""n_per_group"": 200000.0}",0.5,0.7,0.4,0.5599999999999999,200000,empirical_value,0.04733999999999994,synthetic,ALL,not_applicable,not_applicable
EXP-01,SYNTHETIC EXPERIMENT,1747,full,664a150484ed2af3,a5041d65159fb462,"{""alpha_a"": 0.5, ""alpha_b"": 0.75, ""kappa_a"": 0.4, ""kappa_b"": 0.6000000000000001, ""n_per_group"": 200000.0}",0.5,0.75,0.4,0.6000000000000001,200000,empirical_value,0.05823999999999996,synthetic,ALL,not_applicable,not_applicable
EXP-01,SYNTHETIC EXPERIMENT,1747,full,664a150484ed2af3,ce083d1501305d1c,"{""alpha_a"": 0.5, ""alpha_b"": 0.8, ""kappa_a"": 0.4, ""kappa_b"": 0.6400000000000001, ""n_per_group"": 200000.0}",0.5,0.8,0.4,0.6400000000000001,200000,empirical_value,0.07259499999999997,synthetic,ALL,not_applicable,not_applicable
EXP-01,SYNTHETIC EXPERIMENT,1747,full,664a150484ed2af3,6b66bbcc88daace4,"{""alpha_a"": 0.5, ""alpha_b"": 0.85, ""kappa_a"": 0.4, ""kappa_b"": 0.68, ""n_per_group"": 200000.0}",0.5,0.85,0.4,0.68,200000,empirical_value,0.08453499999999992,synthetic,ALL,not_applicable,not_applicable
EXP-01,SYNTHETIC EXPERIMENT,1747,full,664a150484ed2af3,74f5aa3687c13f75,"{""alpha_a"": 0.5, ""alpha_b"": 0.9, ""kappa_a"": 0.4, ""kappa_b"": 0.7200000000000001, ""n_per_group"": 200000.0}",0.5,0.9,0.4,0.7200000000000001,200000,empirical_value,0.09521999999999997,synthetic,ALL,not_applicable,not_applicable
EXP-01,SYNTHETIC EXPERIMENT,1747,full,664a150484ed2af3,32688959679582cb,"{""alpha_a"": 0.5, ""alpha_b"": 0.95, ""kappa_a"": 0.4, ""kappa_b"": 0.76, ""n_per_group"": 200000.0}",0.5,0.95,0.4,0.76,200000,empirical_value,0.10875999999999997,synthetic,ALL,not_applicable,not_applicable
EXP-01,SYNTHETIC EXPERIMENT,1747,full,664a150484ed2af3,32c63b25e253f30f,"{""alpha_a"": 0.5, ""alpha_b"": 1.0, ""kappa_a"": 0.4, ""kappa_b"": 0.8, ""n_per_group"": 200000.0}",0.5,1.0,0.4,0.8,200000,empirical_value,0.12082999999999999,synthetic,ALL,not_applicable,not_applicable
EXP-01,SYNTHETIC EXPERIMENT,1747,full,664a150484ed2af3,98adb6a0ac9f9b3d,"{""alpha_a"": 0.55, ""alpha_b"": 0.0, ""kappa_a"": 0.44000000000000006, ""kappa_b"": 0.0, ""n_per_group"": 200000.0}",0.55,0.0,0.44000000000000006,0.0,200000,empirical_value,0.13136000000000003,synthetic,ALL,not_applicable,not_applicable
EXP-01,SYNTHETIC EXPERIMENT,1747,full,664a150484ed2af3,78a5de4ade8b5736,"{""alpha_a"": 0.55, ""alpha_b"": 0.05, ""kappa_a"": 0.44000000000000006, ""kappa_b"": 0.04000000000000001, ""n_per_group"": 200000.0}",0.55,0.05,0.44000000000000006,0.04000000000000001,200000,empirical_value,0.118035,synthetic,ALL,not_applicable,not_applicable
EXP-01,SYNTHETIC EXPERIMENT,1747,full,664a150484ed2af3,4845ede7694bed0b,"{""alpha_a"": 0.55, ""alpha_b"": 0.1, ""kappa_a"": 0.44000000000000006, ""kappa_b"": 0.08000000000000002, ""n_per_group"": 200000.0}",0.55,0.1,0.44000000000000006,0.08000000000000002,200000,empirical_value,0.10977999999999999,synthetic,ALL,not_applicable,not_applicable
EXP-01,SYNTHETIC EXPERIMENT,1747,full,664a150484ed2af3,d561748042cedcef,"{""alpha_a"": 0.55, ""alpha_b"": 0.15, ""kappa_a"": 0.44000000000000006, ""kappa_b"": 0.12, ""n_per_group"": 200000.0}",0.55,0.15,0.44000000000000006,0.12,200000,empirical_value,0.09376000000000007,synthetic,ALL,not_applicable,not_applicable
EXP-01,SYNTHETIC EXPERIMENT,1747,full,664a150484ed2af3,8751ce8981d1ab37,"{""alpha_a"": 0.55, ""alpha_b"": 0.2, ""kappa_a"": 0.44000000000000006, ""kappa_b"": 0.16000000000000003, ""n_per_group"": 200000.0}",0.55,0.2,0.44000000000000006,0.16000000000000003,200000,empirical_value,0.08184499999999995,synthetic,ALL,not_applicable,not_applicable
EXP-01,SYNTHETIC EXPERIMENT,1747,full,664a150484ed2af3,12dfd3a079d67fa3,"{""alpha_a"": 0.55, ""alpha_b"": 0.25, ""kappa_a"": 0.44000000000000006, ""kappa_b"": 0.2, ""n_per_group"": 200000.0}",0.55,0.25,0.44000000000000006,0.2,200000,empirical_value,0.07287500000000002,synthetic,ALL,not_applicable,not_applicable
EXP-01,SYNTHETIC EXPERIMENT,1747,full,664a150484ed2af3,e4d4837ff7754ea2,"{""alpha_a"": 0.55, ""alpha_b"": 0.3, ""kappa_a"": 0.44000000000000006, ""kappa_b"": 0.24, ""n_per_group"": 200000.0}",0.55,0.3,0.44000000000000006,0.24,200000,empirical_value,0.059209999999999985,synthetic,ALL,not_applicable,not_applicable
EXP-01,SYNTHETIC EXPERIMENT,1747,full,664a150484ed2af3,8aac5e321030839e,"{""alpha_a"": 0.55, ""alpha_b"": 0.35, ""kappa_a"": 0.44000000000000006, ""kappa_b"": 0.27999999999999997, ""n_per_group"": 200000.0}",0.55,0.35,0.44000000000000006,0.27999999999999997,200000,empirical_value,0.046949999999999936,synthetic,ALL,not_applicable,not_applicable
EXP-01,SYNTHETIC EXPERIMENT,1747,full,664a150484ed2af3,a6e0dabdc5c1de0a,"{""alpha_a"": 0.55, ""alpha_b"": 0.4, ""kappa_a"": 0.44000000000000006, ""kappa_b"": 0.32000000000000006, ""n_per_group"": 200000.0}",0.55,0.4,0.44000000000000006,0.32000000000000006,200000,empirical_value,0.037109999999999976,synthetic,ALL,not_applicable,not_applicable
EXP-01,SYNTHETIC EXPERIMENT,1747,full,664a150484ed2af3,6b9cb14935daa48e,"{""alpha_a"": 0.55, ""alpha_b"": 0.45, ""kappa_a"": 0.44000000000000006, ""kappa_b"": 0.36000000000000004, ""n_per_group"": 200000.0}",0.55,0.45,0.44000000000000006,0.36000000000000004,200000,empirical_value,0.02566999999999997,synthetic,ALL,not_applicable,not_applicable
EXP-01,SYNTHETIC EXPERIMENT,1747,full,664a150484ed2af3,d23e16099cb9ffe6,"{""alpha_a"": 0.55, ""alpha_b"": 0.5, ""kappa_a"": 0.44000000000000006, ""kappa_b"": 0.4, ""n_per_group"": 200000.0}",0.55,0.5,0.44000000000000006,0.4,200000,empirical_value,0.011830000000000007,synthetic,ALL,not_applicable,not_applicable
EXP-01,SYNTHETIC EXPERIMENT,1747,full,664a150484ed2af3,5d08b2ce05bfb185,"{""alpha_a"": 0.55, ""alpha_b"": 0.55, ""kappa_a"": 0.44000000000000006, ""kappa_b"": 0.44000000000000006, ""n_per_group"": 200000.0}",0.55,0.55,0.44000000000000006,0.44000000000000006,200000,empirical_value,0.0004649999999999377,synthetic,ALL,not_applicable,not_applicable
EXP-01,SYNTHETIC EXPERIMENT,1747,full,664a150484ed2af3,91194d1ea7ca542b,"{""alpha_a"": 0.55, ""alpha_b"": 0.6, ""kappa_a"": 0.44000000000000006, ""kappa_b"": 0.48, ""n_per_group"": 200000.0}",0.55,0.6,0.44000000000000006,0.48,200000,empirical_value,0.010295000000000054,synthetic,ALL,not_applicable,not_applicable
EXP-01,SYNTHETIC EXPERIMENT,1747,full,664a150484ed2af3,c8c2017e28a9d555,"{""alpha_a"": 0.55, ""alpha_b"": 0.65, ""kappa_a"": 0.44000000000000006, ""kappa_b"": 0.52, ""n_per_group"": 200000.0}",0.55,0.65,0.44000000000000006,0.52,200000,empirical_value,0.02503500000000003,synthetic,ALL,not_applicable,not_applicable
EXP-01,SYNTHETIC EXPERIMENT,1747,full,664a150484ed2af3,23418fc93e09469c,"{""alpha_a"": 0.55, ""alpha_b"": 0.7, ""kappa_a"": 0.44000000000000006, ""kappa_b"": 0.5599999999999999, ""n_per_group"": 200000.0}",0.55,0.7,0.44000000000000006,0.5599999999999999,200000,empirical_value,0.03434999999999999,synthetic,ALL,not_applicable,not_applicable
EXP-01,SYNTHETIC EXPERIMENT,1747,full,664a150484ed2af3,bd14f0b165623491,"{""alpha_a"": 0.55, ""alpha_b"": 0.75, ""kappa_a"": 0.44000000000000006, ""kappa_b"": 0.6000000000000001, ""n_per_group"": 200000.0}",0.55,0.75,0.44000000000000006,0.6000000000000001,200000,empirical_value,0.04581500000000005,synthetic,ALL,not_applicable,not_applicable
EXP-01,SYNTHETIC EXPERIMENT,1747,full,664a150484ed2af3,b88630dd87f69369,"{""alpha_a"": 0.55, ""alpha_b"": 0.8, ""kappa_a"": 0.44000000000000006, ""kappa_b"": 0.6400000000000001, ""n_per_group"": 200000.0}",0.55,0.8,0.44000000000000006,0.6400000000000001,200000,empirical_value,0.05890000000000006,synthetic,ALL,not_applicable,not_applicable
EXP-01,SYNTHETIC EXPERIMENT,1747,full,664a150484ed2af3,6c2ec5e5c4c4d043,"{""alpha_a"": 0.55, ""alpha_b"": 0.85, ""kappa_a"": 0.44000000000000006, ""kappa_b"": 0.68, ""n_per_group"": 200000.0}",0.55,0.85,0.44000000000000006,0.68,200000,empirical_value,0.07194999999999996,synthetic,ALL,not_applicable,not_applicable
EXP-01,SYNTHETIC EXPERIMENT,1747,full,664a150484ed2af3,b34d2bbf74338187,"{""alpha_a"": 0.55, ""alpha_b"": 0.9, ""kappa_a"": 0.44000000000000006, ""kappa_b"": 0.7200000000000001, ""n_per_group"": 200000.0}",0.55,0.9,0.44000000000000006,0.7200000000000001,200000,empirical_value,0.08387,synthetic,ALL,not_applicable,not_applicable
EXP-01,SYNTHETIC EXPERIMENT,1747,full,664a150484ed2af3,1a35cdd70a8fdb97,"{""alpha_a"": 0.55, ""alpha_b"": 0.95, ""kappa_a"": 0.44000000000000006, ""kappa_b"": 0.76, ""n_per_group"": 200000.0}",0.55,0.95,0.44000000000000006,0.76,200000,empirical_value,0.0971399999999999,synthetic,ALL,not_applicable,not_applicable
EXP-01,SYNTHETIC EXPERIMENT,1747,full,664a150484ed2af3,e5add7c7d801a5ae,"{""alpha_a"": 0.55, ""alpha_b"": 1.0, ""kappa_a"": 0.44000000000000006, ""kappa_b"": 0.8, ""n_per_group"": 200000.0}",0.55,1.0,0.44000000000000006,0.8,200000,empirical_value,0.10936999999999997,synthetic,ALL,not_applicable,not_applicable
EXP-01,SYNTHETIC EXPERIMENT,1747,full,664a150484ed2af3,50221bd8f402343b,"{""alpha_a"": 0.6, ""alpha_b"": 0.0, ""kappa_a"": 0.48, ""kappa_b"": 0.0, ""n_per_group"": 200000.0}",0.6,0.0,0.48,0.0,200000,empirical_value,0.14332500000000004,synthetic,ALL,not_applicable,not_applicable
EXP-01,SYNTHETIC EXPERIMENT,1747,full,664a150484ed2af3,651eb2352d5e0ecd,"{""alpha_a"": 0.6, ""alpha_b"": 0.05, ""kappa_a"": 0.48, ""kappa_b"": 0.04000000000000001, ""n_per_group"": 200000.0}",0.6,0.05,0.48,0.04000000000000001,200000,empirical_value,0.13432,synthetic,ALL,not_applicable,not_applicable
EXP-01,SYNTHETIC EXPERIMENT,1747,full,664a150484ed2af3,163d8f9d1b8bfe8d,"{""alpha_a"": 0.6, ""alpha_b"": 0.1, ""kappa_a"": 0.48, ""kappa_b"": 0.08000000000000002, ""n_per_group"": 200000.0}",0.6,0.1,0.48,0.08000000000000002,200000,empirical_value,0.11866999999999994,synthetic,ALL,not_applicable,not_applicable
EXP-01,SYNTHETIC EXPERIMENT,1747,full,664a150484ed2af3,e05d8a686a8954e9,"{""alpha_a"": 0.6, ""alpha_b"": 0.15, ""kappa_a"": 0.48, ""kappa_b"": 0.12, ""n_per_group"": 200000.0}",0.6,0.15,0.48,0.12,200000,empirical_value,0.10880499999999993,synthetic,ALL,not_applicable,not_applicable
EXP-01,SYNTHETIC EXPERIMENT,1747,full,664a150484ed2af3,43d92043ecd69631,"{""alpha_a"": 0.6, ""alpha_b"": 0.2, ""kappa_a"": 0.48, ""kappa_b"": 0.16000000000000003, ""n_per_group"": 200000.0}",0.6,0.2,0.48,0.16000000000000003,200000,empirical_value,0.09331,synthetic,ALL,not_applicable,not_applicable
EXP-01,SYNTHETIC EXPERIMENT,1747,full,664a150484ed2af3,65f53042fd482273,"{""alpha_a"": 0.6, ""alpha_b"": 0.25, ""kappa_a"": 0.48, ""kappa_b"": 0.2, ""n_per_group"": 200000.0}",0.6,0.25,0.48,0.2,200000,empirical_value,0.084785,synthetic,ALL,not_applicable,not_applicable
EXP-01,SYNTHETIC EXPERIMENT,1747,full,664a150484ed2af3,cc544c0e221b5ff2,"{""alpha_a"": 0.6, ""alpha_b"": 0.3, ""kappa_a"": 0.48, ""kappa_b"": 0.24, ""n_per_group"": 200000.0}",0.6,0.3,0.48,0.24,200000,empirical_value,0.07312000000000007,synthetic,ALL,not_applicable,not_applicable
EXP-01,SYNTHETIC EXPERIMENT,1747,full,664a150484ed2af3,e7aaa3eb9dade217,"{""alpha_a"": 0.6, ""alpha_b"": 0.35, ""kappa_a"": 0.48, ""kappa_b"": 0.27999999999999997, ""n_per_group"": 200000.0}",0.6,0.35,0.48,0.27999999999999997,200000,empirical_value,0.06006999999999996,synthetic,ALL,not_applicable,not_applicable
EXP-01,SYNTHETIC EXPERIMENT,1747,full,664a150484ed2af3,3ac735935f127d26,"{""alpha_a"": 0.6, ""alpha_b"": 0.4, ""kappa_a"": 0.48, ""kappa_b"": 0.32000000000000006, ""n_per_group"": 200000.0}",0.6,0.4,0.48,0.32000000000000006,200000,empirical_value,0.04837999999999998,synthetic,ALL,not_applicable,not_applicable
EXP-01,SYNTHETIC EXPERIMENT,1747,full,664a150484ed2af3,bf79925dafbd26b9,"{""alpha_a"": 0.6, ""alpha_b"": 0.45, ""kappa_a"": 0.48, ""kappa_b"": 0.36000000000000004, ""n_per_group"": 200000.0}",0.6,0.45,0.48,0.36000000000000004,200000,empirical_value,0.03463499999999997,synthetic,ALL,not_applicable,not_applicable
EXP-01,SYNTHETIC EXPERIMENT,1747,full,664a150484ed2af3,2d923d3c491d34fb,"{""alpha_a"": 0.6, ""alpha_b"": 0.5, ""kappa_a"": 0.48, ""kappa_b"": 0.4, ""n_per_group"": 200000.0}",0.6,0.5,0.48,0.4,200000,empirical_value,0.023739999999999983,synthetic,ALL,not_applicable,not_applicable
EXP-01,SYNTHETIC EXPERIMENT,1747,full,664a150484ed2af3,577fb647f69f629b,"{""alpha_a"": 0.6, ""alpha_b"": 0.55, ""kappa_a"": 0.48, ""kappa_b"": 0.44000000000000006, ""n_per_group"": 200000.0}",0.6,0.55,0.48,0.44000000000000006,200000,empirical_value,0.010504999999999987,synthetic,ALL,not_applicable,not_applicable
EXP-01,SYNTHETIC EXPERIMENT,1747,full,664a150484ed2af3,780a17c5091409ed,"{""alpha_a"": 0.6, ""alpha_b"": 0.6, ""kappa_a"": 0.48, ""kappa_b"": 0.48, ""n_per_group"": 200000.0}",0.6,0.6,0.48,0.48,200000,empirical_value,0.00010500000000002174,synthetic,ALL,not_applicable,not_applicable
EXP-01,SYNTHETIC EXPERIMENT,1747,full,664a150484ed2af3,c647f1f7edbb3a38,"{""alpha_a"": 0.6, ""alpha_b"": 0.65, ""kappa_a"": 0.48, ""kappa_b"": 0.52, ""n_per_group"": 200000.0}",0.6,0.65,0.48,0.52,200000,empirical_value,0.013615000000000044,synthetic,ALL,not_applicable,not_applicable
EXP-01,SYNTHETIC EXPERIMENT,1747,full,664a150484ed2af3,9f999dfd01025484,"{""alpha_a"": 0.6, ""alpha_b"": 0.7, ""kappa_a"": 0.48, ""kappa_b"": 0.5599999999999999, ""n_per_group"": 200000.0}",0.6,0.7,0.48,0.5599999999999999,200000,empirical_value,0.022465000000000068,synthetic,ALL,not_applicable,not_applicable
EXP-01,SYNTHETIC EXPERIMENT,1747,full,664a150484ed2af3,4a5d7fb971e337ce,"{""alpha_a"": 0.6, ""alpha_b"": 0.75, ""kappa_a"": 0.48, ""kappa_b"": 0.6000000000000001, ""n_per_group"": 200000.0}",0.6,0.75,0.48,0.6000000000000001,200000,empirical_value,0.03450999999999993,synthetic,ALL,not_applicable,not_applicable
EXP-01,SYNTHETIC EXPERIMENT,1747,full,664a150484ed2af3,a186c70650e1139c,"{""alpha_a"": 0.6, ""alpha_b"": 0.8, ""kappa_a"": 0.48, ""kappa_b"": 0.6400000000000001, ""n_per_group"": 200000.0}",0.6,0.8,0.48,0.6400000000000001,200000,empirical_value,0.04759000000000002,synthetic,ALL,not_applicable,not_applicable
EXP-01,SYNTHETIC EXPERIMENT,1747,full,664a150484ed2af3,de8705685ae9e61f,"{""alpha_a"": 0.6, ""alpha_b"": 0.85, ""kappa_a"": 0.48, ""kappa_b"": 0.68, ""n_per_group"": 200000.0}",0.6,0.85,0.48,0.68,200000,empirical_value,0.05926500000000001,synthetic,ALL,not_applicable,not_applicable
EXP-01,SYNTHETIC EXPERIMENT,1747,full,664a150484ed2af3,694c75f683525a03,"{""alpha_a"": 0.6, ""alpha_b"": 0.9, ""kappa_a"": 0.48, ""kappa_b"": 0.7200000000000001, ""n_per_group"": 200000.0}",0.6,0.9,0.48,0.7200000000000001,200000,empirical_value,0.06996500000000005,synthetic,ALL,not_applicable,not_applicable
EXP-01,SYNTHETIC EXPERIMENT,1747,full,664a150484ed2af3,78c170e48cdb4c3c,"{""alpha_a"": 0.6, ""alpha_b"": 0.95, ""kappa_a"": 0.48, ""kappa_b"": 0.76, ""n_per_group"": 200000.0}",0.6,0.95,0.48,0.76,200000,empirical_value,0.08185999999999993,synthetic,ALL,not_applicable,not_applicable
EXP-01,SYNTHETIC EXPERIMENT,1747,full,664a150484ed2af3,d50ead690aaf4332,"{""alpha_a"": 0.6, ""alpha_b"": 1.0, ""kappa_a"": 0.48, ""kappa_b"": 0.8, ""n_per_group"": 200000.0}",0.6,1.0,0.48,0.8,200000,empirical_value,0.09430499999999997,synthetic,ALL,not_applicable,not_applicable
EXP-01,SYNTHETIC EXPERIMENT,1747,full,664a150484ed2af3,8237ac1b2921d88e,"{""alpha_a"": 0.65, ""alpha_b"": 0.0, ""kappa_a"": 0.52, ""kappa_b"": 0.0, ""n_per_group"": 200000.0}",0.65,0.0,0.52,0.0,200000,empirical_value,0.15878500000000006,synthetic,ALL,not_applicable,not_applicable
EXP-01,SYNTHETIC EXPERIMENT,1747,full,664a150484ed2af3,797d6a7e2cc9844e,"{""alpha_a"": 0.65, ""alpha_b"": 0.05, ""kappa_a"": 0.52, ""kappa_b"": 0.04000000000000001, ""n_per_group"": 200000.0}",0.65,0.05,0.52,0.04000000000000001,200000,empirical_value,0.14356499999999994,synthetic,ALL,not_applicable,not_applicable
EXP-01,SYNTHETIC EXPERIMENT,1747,full,664a150484ed2af3,0204098df3c3b9e5,"{""alpha_a"": 0.65, ""alpha_b"": 0.1, ""kappa_a"": 0.52, ""kappa_b"": 0.08000000000000002, ""n_per_group"": 200000.0}",0.65,0.1,0.52,0.08000000000000002,200000,empirical_value,0.13053000000000003,synthetic,ALL,not_applicable,not_applicable
EXP-01,SYNTHETIC EXPERIMENT,1747,full,664a150484ed2af3,d2ea0a9ab848cf49,"{""alpha_a"": 0.65, ""alpha_b"": 0.15, ""kappa_a"": 0.52, ""kappa_b"": 0.12, ""n_per_group"": 200000.0}",0.65,0.15,0.52,0.12,200000,empirical_value,0.11968000000000001,synthetic,ALL,not_applicable,not_applicable
EXP-01,SYNTHETIC EXPERIMENT,1747,full,664a150484ed2af3,589f1decf964336d,"{""alpha_a"": 0.65, ""alpha_b"": 0.2, ""kappa_a"": 0.52, ""kappa_b"": 0.16000000000000003, ""n_per_group"": 200000.0}",0.65,0.2,0.52,0.16000000000000003,200000,empirical_value,0.10977999999999999,synthetic,ALL,not_applicable,not_applicable
EXP-01,SYNTHETIC EXPERIMENT,1747,full,664a150484ed2af3,bbbcbbb934f1bd57,"{""alpha_a"": 0.65, ""alpha_b"": 0.25, ""kappa_a"": 0.52, ""kappa_b"": 0.2, ""n_per_group"": 200000.0}",0.65,0.25,0.52,0.2,200000,empirical_value,0.09818000000000005,synthetic,ALL,not_applicable,not_applicable
EXP-01,SYNTHETIC EXPERIMENT,1747,full,664a150484ed2af3,56231ef03c73dc69,"{""alpha_a"": 0.65, ""alpha_b"": 0.3, ""kappa_a"": 0.52, ""kappa_b"": 0.24, ""n_per_group"": 200000.0}",0.65,0.3,0.52,0.24,200000,empirical_value,0.08521500000000004,synthetic,ALL,not_applicable,not_applicable
EXP-01,SYNTHETIC EXPERIMENT,1747,full,664a150484ed2af3,d874f9b45c68c078,"{""alpha_a"": 0.65, ""alpha_b"": 0.35, ""kappa_a"": 0.52, ""kappa_b"": 0.27999999999999997, ""n_per_group"": 200000.0}",0.65,0.35,0.52,0.27999999999999997,200000,empirical_value,0.07170499999999991,synthetic,ALL,not_applicable,not_applicable
EXP-01,SYNTHETIC EXPERIMENT,1747,full,664a150484ed2af3,c2e26c6bf8a9eb55,"{""alpha_a"": 0.65, ""alpha_b"": 0.4, ""kappa_a"": 0.52, ""kappa_b"": 0.32000000000000006, ""n_per_group"": 200000.0}",0.65,0.4,0.52,0.32000000000000006,200000,empirical_value,0.06090499999999999,synthetic,ALL,not_applicable,not_applicable
EXP-01,SYNTHETIC EXPERIMENT,1747,full,664a150484ed2af3,52dee04e5176f973,"{""alpha_a"": 0.65, ""alpha_b"": 0.45, ""kappa_a"": 0.52, ""kappa_b"": 0.36000000000000004, ""n_per_group"": 200000.0}",0.65,0.45,0.52,0.36000000000000004,200000,empirical_value,0.04518500000000003,synthetic,ALL,not_applicable,not_applicable
EXP-01,SYNTHETIC EXPERIMENT,1747,full,664a150484ed2af3,cb151264c8c41395,"{""alpha_a"": 0.65, ""alpha_b"": 0.5, ""kappa_a"": 0.52, ""kappa_b"": 0.4, ""n_per_group"": 200000.0}",0.65,0.5,0.52,0.4,200000,empirical_value,0.03479999999999994,synthetic,ALL,not_applicable,not_applicable
EXP-01,SYNTHETIC EXPERIMENT,1747,full,664a150484ed2af3,cb4cc85d75c9f4dc,"{""alpha_a"": 0.65, ""alpha_b"": 0.55, ""kappa_a"": 0.52, ""kappa_b"": 0.44000000000000006, ""n_per_group"": 200000.0}",0.65,0.55,0.52,0.44000000000000006,200000,empirical_value,0.025305000000000022,synthetic,ALL,not_applicable,not_applicable
EXP-01,SYNTHETIC EXPERIMENT,1747,full,664a150484ed2af3,867631e66e98681d,"{""alpha_a"": 0.65, ""alpha_b"": 0.6, ""kappa_a"": 0.52, ""kappa_b"": 0.48, ""n_per_group"": 200000.0}",0.65,0.6,0.52,0.48,200000,empirical_value,0.01434000000000002,synthetic,ALL,not_applicable,not_applicable
EXP-01,SYNTHETIC EXPERIMENT,1747,full,664a150484ed2af3,cdde18ec67287c88,"{""alpha_a"": 0.65, ""alpha_b"": 0.65, ""kappa_a"": 0.52, ""kappa_b"": 0.52, ""n_per_group"": 200000.0}",0.65,0.65,0.52,0.52,200000,empirical_value,0.0020099999999999563,synthetic,ALL,not_applicable,not_applicable
EXP-01,SYNTHETIC EXPERIMENT,1747,full,664a150484ed2af3,8db4e03766b93699,"{""alpha_a"": 0.65, ""alpha_b"": 0.7, ""kappa_a"": 0.52, ""kappa_b"": 0.5599999999999999, ""n_per_group"": 200000.0}",0.65,0.7,0.52,0.5599999999999999,200000,empirical_value,0.012290000000000023,synthetic,ALL,not_applicable,not_applicable
EXP-01,SYNTHETIC EXPERIMENT,1747,full,664a150484ed2af3,defa8621e1dae86e,"{""alpha_a"": 0.65, ""alpha_b"": 0.75, ""kappa_a"": 0.52, ""kappa_b"": 0.6000000000000001, ""n_per_group"": 200000.0}",0.65,0.75,0.52,0.6000000000000001,200000,empirical_value,0.024150000000000005,synthetic,ALL,not_applicable,not_applicable
EXP-01,SYNTHETIC EXPERIMENT,1747,full,664a150484ed2af3,e806bd5df6f97888,"{""alpha_a"": 0.65, ""alpha_b"": 0.8, ""kappa_a"": 0.52, ""kappa_b"": 0.6400000000000001, ""n_per_group"": 200000.0}",0.65,0.8,0.52,0.6400000000000001,200000,empirical_value,0.03561000000000003,synthetic,ALL,not_applicable,not_applicable
EXP-01,SYNTHETIC EXPERIMENT,1747,full,664a150484ed2af3,0903ae1542382f5e,"{""alpha_a"": 0.65, ""alpha_b"": 0.85, ""kappa_a"": 0.52, ""kappa_b"": 0.68, ""n_per_group"": 200000.0}",0.65,0.85,0.52,0.68,200000,empirical_value,0.04796,synthetic,ALL,not_applicable,not_applicable
EXP-01,SYNTHETIC EXPERIMENT,1747,full,664a150484ed2af3,ab1b216db6302741,"{""alpha_a"": 0.65, ""alpha_b"": 0.9, ""kappa_a"": 0.52, ""kappa_b"": 0.7200000000000001, ""n_per_group"": 200000.0}",0.65,0.9,0.52,0.7200000000000001,200000,empirical_value,0.06017000000000006,synthetic,ALL,not_applicable,not_applicable
EXP-01,SYNTHETIC EXPERIMENT,1747,full,664a150484ed2af3,577eaa46a40bff6b,"{""alpha_a"": 0.65, ""alpha_b"": 0.95, ""kappa_a"": 0.52, ""kappa_b"": 0.76, ""n_per_group"": 200000.0}",0.65,0.95,0.52,0.76,200000,empirical_value,0.07101999999999997,synthetic,ALL,not_applicable,not_applicable
EXP-01,SYNTHETIC EXPERIMENT,1747,full,664a150484ed2af3,341ee85502401eb8,"{""alpha_a"": 0.65, ""alpha_b"": 1.0, ""kappa_a"": 0.52, ""kappa_b"": 0.8, ""n_per_group"": 200000.0}",0.65,1.0,0.52,0.8,200000,empirical_value,0.08255000000000001,synthetic,ALL,not_applicable,not_applicable
EXP-01,SYNTHETIC EXPERIMENT,1747,full,664a150484ed2af3,c8ddd6677f6f843b,"{""alpha_a"": 0.7, ""alpha_b"": 0.0, ""kappa_a"": 0.5599999999999999, ""kappa_b"": 0.0, ""n_per_group"": 200000.0}",0.7,0.0,0.5599999999999999,0.0,200000,empirical_value,0.16886999999999996,synthetic,ALL,not_applicable,not_applicable
EXP-01,SYNTHETIC EXPERIMENT,1747,full,664a150484ed2af3,cecdc2a6be269b13,"{""alpha_a"": 0.7, ""alpha_b"": 0.05, ""kappa_a"": 0.5599999999999999, ""kappa_b"": 0.04000000000000001, ""n_per_group"": 200000.0}",0.7,0.05,0.5599999999999999,0.04000000000000001,200000,empirical_value,0.1545249999999999,synthetic,ALL,not_applicable,not_applicable
EXP-01,SYNTHETIC EXPERIMENT,1747,full,664a150484ed2af3,7c07722156d4753c,"{""alpha_a"": 0.7, ""alpha_b"": 0.1, ""kappa_a"": 0.5599999999999999, ""kappa_b"": 0.08000000000000002, ""n_per_group"": 200000.0}",0.7,0.1,0.5599999999999999,0.08000000000000002,200000,empirical_value,0.14575000000000005,synthetic,ALL,not_applicable,not_applicable
EXP-01,SYNTHETIC EXPERIMENT,1747,full,664a150484ed2af3,d866b68c9353ad8e,"{""alpha_a"": 0.7, ""alpha_b"": 0.15, ""kappa_a"": 0.5599999999999999, ""kappa_b"": 0.12, ""n_per_group"": 200000.0}",0.7,0.15,0.5599999999999999,0.12,200000,empirical_value,0.13296000000000008,synthetic,ALL,not_applicable,not_applicable
EXP-01,SYNTHETIC EXPERIMENT,1747,full,664a150484ed2af3,22e27fd9c9b7754b,"{""alpha_a"": 0.7, ""alpha_b"": 0.2, ""kappa_a"": 0.5599999999999999, ""kappa_b"": 0.16000000000000003, ""n_per_group"": 200000.0}",0.7,0.2,0.5599999999999999,0.16000000000000003,200000,empirical_value,0.12281999999999993,synthetic,ALL,not_applicable,not_applicable
EXP-01,SYNTHETIC EXPERIMENT,1747,full,664a150484ed2af3,47c868681941b524,"{""alpha_a"": 0.7, ""alpha_b"": 0.25, ""kappa_a"": 0.5599999999999999, ""kappa_b"": 0.2, ""n_per_group"": 200000.0}",0.7,0.25,0.5599999999999999,0.2,200000,empirical_value,0.10900999999999994,synthetic,ALL,not_applicable,not_applicable
EXP-01,SYNTHETIC EXPERIMENT,1747,full,664a150484ed2af3,968819aff68502bb,"{""alpha_a"": 0.7, ""alpha_b"": 0.3, ""kappa_a"": 0.5599999999999999, ""kappa_b"": 0.24, ""n_per_group"": 200000.0}",0.7,0.3,0.5599999999999999,0.24,200000,empirical_value,0.09494000000000002,synthetic,ALL,not_applicable,not_applicable
EXP-01,SYNTHETIC EXPERIMENT,1747,full,664a150484ed2af3,8ce8eb6782ff8e91,"{""alpha_a"": 0.7, ""alpha_b"": 0.35, ""kappa_a"": 0.5599999999999999, ""kappa_b"": 0.27999999999999997, ""n_per_group"": 200000.0}",0.7,0.35,0.5599999999999999,0.27999999999999997,200000,empirical_value,0.08314999999999995,synthetic,ALL,not_applicable,not_applicable
EXP-01,SYNTHETIC EXPERIMENT,1747,full,664a150484ed2af3,c89b278373082486,"{""alpha_a"": 0.7, ""alpha_b"": 0.4, ""kappa_a"": 0.5599999999999999, ""kappa_b"": 0.32000000000000006, ""n_per_group"": 200000.0}",0.7,0.4,0.5599999999999999,0.32000000000000006,200000,empirical_value,0.07113500000000006,synthetic,ALL,not_applicable,not_applicable
EXP-01,SYNTHETIC EXPERIMENT,1747,full,664a150484ed2af3,530dc275e5d583d5,"{""alpha_a"": 0.7, ""alpha_b"": 0.45, ""kappa_a"": 0.5599999999999999, ""kappa_b"": 0.36000000000000004, ""n_per_group"": 200000.0}",0.7,0.45,0.5599999999999999,0.36000000000000004,200000,empirical_value,0.05803499999999995,synthetic,ALL,not_applicable,not_applicable
EXP-01,SYNTHETIC EXPERIMENT,1747,full,664a150484ed2af3,01946da20aac2037,"{""alpha_a"": 0.7, ""alpha_b"": 0.5, ""kappa_a"": 0.5599999999999999, ""kappa_b"": 0.4, ""n_per_group"": 200000.0}",0.7,0.5,0.5599999999999999,0.4,200000,empirical_value,0.04630500000000004,synthetic,ALL,not_applicable,not_applicable
EXP-01,SYNTHETIC EXPERIMENT,1747,full,664a150484ed2af3,73e1593e0dd5e9bb,"{""alpha_a"": 0.7, ""alpha_b"": 0.55, ""kappa_a"": 0.5599999999999999, ""kappa_b"": 0.44000000000000006, ""n_per_group"": 200000.0}",0.7,0.55,0.5599999999999999,0.44000000000000006,200000,empirical_value,0.03459499999999993,synthetic,ALL,not_applicable,not_applicable
EXP-01,SYNTHETIC EXPERIMENT,1747,full,664a150484ed2af3,62270be4752f9f93,"{""alpha_a"": 0.7, ""alpha_b"": 0.6, ""kappa_a"": 0.5599999999999999, ""kappa_b"": 0.48, ""n_per_group"": 200000.0}",0.7,0.6,0.5599999999999999,0.48,200000,empirical_value,0.02230999999999994,synthetic,ALL,not_applicable,not_applicable
EXP-01,SYNTHETIC EXPERIMENT,1747,full,664a150484ed2af3,6594a0ffafa2c5b6,"{""alpha_a"": 0.7, ""alpha_b"": 0.65, ""kappa_a"": 0.5599999999999999, ""kappa_b"": 0.52, ""n_per_group"": 200000.0}",0.7,0.65,0.5599999999999999,0.52,200000,empirical_value,0.011789999999999967,synthetic,ALL,not_applicable,not_applicable
EXP-01,SYNTHETIC EXPERIMENT,1747,full,664a150484ed2af3,ba8e99ce6bbcaf0c,"{""alpha_a"": 0.7, ""alpha_b"": 0.7, ""kappa_a"": 0.5599999999999999, ""kappa_b"": 0.5599999999999999, ""n_per_group"": 200000.0}",0.7,0.7,0.5599999999999999,0.5599999999999999,200000,empirical_value,0.001174999999999926,synthetic,ALL,not_applicable,not_applicable
EXP-01,SYNTHETIC EXPERIMENT,1747,full,664a150484ed2af3,bf7a34578ca9cb00,"{""alpha_a"": 0.7, ""alpha_b"": 0.75, ""kappa_a"": 0.5599999999999999, ""kappa_b"": 0.6000000000000001, ""n_per_group"": 200000.0}",0.7,0.75,0.5599999999999999,0.6000000000000001,200000,empirical_value,0.01230500000000001,synthetic,ALL,not_applicable,not_applicable
EXP-01,SYNTHETIC EXPERIMENT,1747,full,664a150484ed2af3,67642f3a2918cae1,"{""alpha_a"": 0.7, ""alpha_b"": 0.8, ""kappa_a"": 0.5599999999999999, ""kappa_b"": 0.6400000000000001, ""n_per_group"": 200000.0}",0.7,0.8,0.5599999999999999,0.6400000000000001,200000,empirical_value,0.024370000000000003,synthetic,ALL,not_applicable,not_applicable
EXP-01,SYNTHETIC EXPERIMENT,1747,full,664a150484ed2af3,20e2a91826b6be2d,"{""alpha_a"": 0.7, ""alpha_b"": 0.85, ""kappa_a"": 0.5599999999999999, ""kappa_b"": 0.68, ""n_per_group"": 200000.0}",0.7,0.85,0.5599999999999999,0.68,200000,empirical_value,0.036680000000000046,synthetic,ALL,not_applicable,not_applicable
EXP-01,SYNTHETIC EXPERIMENT,1747,full,664a150484ed2af3,0a31e6d38f51fb59,"{""alpha_a"": 0.7, ""alpha_b"": 0.9, ""kappa_a"": 0.5599999999999999, ""kappa_b"": 0.7200000000000001, ""n_per_group"": 200000.0}",0.7,0.9,0.5599999999999999,0.7200000000000001,200000,empirical_value,0.048350000000000004,synthetic,ALL,not_applicable,not_applicable
EXP-01,SYNTHETIC EXPERIMENT,1747,full,664a150484ed2af3,33190ea543da4a9e,"{""alpha_a"": 0.7, ""alpha_b"": 0.95, ""kappa_a"": 0.5599999999999999, ""kappa_b"": 0.76, ""n_per_group"": 200000.0}",0.7,0.95,0.5599999999999999,0.76,200000,empirical_value,0.059964999999999935,synthetic,ALL,not_applicable,not_applicable
EXP-01,SYNTHETIC EXPERIMENT,1747,full,664a150484ed2af3,973027829e06a594,"{""alpha_a"": 0.7, ""alpha_b"": 1.0, ""kappa_a"": 0.5599999999999999, ""kappa_b"": 0.8, ""n_per_group"": 200000.0}",0.7,1.0,0.5599999999999999,0.8,200000,empirical_value,0.07274499999999995,synthetic,ALL,not_applicable,not_applicable
EXP-01,SYNTHETIC EXPERIMENT,1747,full,664a150484ed2af3,145fc1da1e77a85b,"{""alpha_a"": 0.75, ""alpha_b"": 0.0, ""kappa_a"": 0.6000000000000001, ""kappa_b"": 0.0, ""n_per_group"": 200000.0}",0.75,0.0,0.6000000000000001,0.0,200000,empirical_value,0.17969999999999997,synthetic,ALL,not_applicable,not_applicable
EXP-01,SYNTHETIC EXPERIMENT,1747,full,664a150484ed2af3,8f76757fb173207f,"{""alpha_a"": 0.75, ""alpha_b"": 0.05, ""kappa_a"": 0.6000000000000001, ""kappa_b"": 0.04000000000000001, ""n_per_group"": 200000.0}",0.75,0.05,0.6000000000000001,0.04000000000000001,200000,empirical_value,0.16774,synthetic,ALL,not_applicable,not_applicable
EXP-01,SYNTHETIC EXPERIMENT,1747,full,664a150484ed2af3,cfc40a9c00d949bd,"{""alpha_a"": 0.75, ""alpha_b"": 0.1, ""kappa_a"": 0.6000000000000001, ""kappa_b"": 0.08000000000000002, ""n_per_group"": 200000.0}",0.75,0.1,0.6000000000000001,0.08000000000000002,200000,empirical_value,0.156335,synthetic,ALL,not_applicable,not_applicable
EXP-01,SYNTHETIC EXPERIMENT,1747,full,664a150484ed2af3,e900d04c2a412e38,"{""alpha_a"": 0.75, ""alpha_b"": 0.15, ""kappa_a"": 0.6000000000000001, ""kappa_b"": 0.12, ""n_per_group"": 200000.0}",0.75,0.15,0.6000000000000001,0.12,200000,empirical_value,0.14266,synthetic,ALL,not_applicable,not_applicable
EXP-01,SYNTHETIC EXPERIMENT,1747,full,664a150484ed2af3,a66da16d88db03c0,"{""alpha_a"": 0.75, ""alpha_b"": 0.2, ""kappa_a"": 0.6000000000000001, ""kappa_b"": 0.16000000000000003, ""n_per_group"": 200000.0}",0.75,0.2,0.6000000000000001,0.16000000000000003,200000,empirical_value,0.13405,synthetic,ALL,not_applicable,not_applicable
EXP-01,SYNTHETIC EXPERIMENT,1747,full,664a150484ed2af3,71c8bf969f130e9e,"{""alpha_a"": 0.75, ""alpha_b"": 0.25, ""kappa_a"": 0.6000000000000001, ""kappa_b"": 0.2, ""n_per_group"": 200000.0}",0.75,0.25,0.6000000000000001,0.2,200000,empirical_value,0.12070499999999995,synthetic,ALL,not_applicable,not_applicable
EXP-01,SYNTHETIC EXPERIMENT,1747,full,664a150484ed2af3,b645633783a2b5d9,"{""alpha_a"": 0.75, ""alpha_b"": 0.3, ""kappa_a"": 0.6000000000000001, ""kappa_b"": 0.24, ""n_per_group"": 200000.0}",0.75,0.3,0.6000000000000001,0.24,200000,empirical_value,0.10613000000000006,synthetic,ALL,not_applicable,not_applicable
EXP-01,SYNTHETIC EXPERIMENT,1747,full,664a150484ed2af3,a007c6e5d67106c5,"{""alpha_a"": 0.75, ""alpha_b"": 0.35, ""kappa_a"": 0.6000000000000001, ""kappa_b"": 0.27999999999999997, ""n_per_group"": 200000.0}",0.75,0.35,0.6000000000000001,0.27999999999999997,200000,empirical_value,0.09448000000000001,synthetic,ALL,not_applicable,not_applicable
EXP-01,SYNTHETIC EXPERIMENT,1747,full,664a150484ed2af3,973cb6ad3b163f98,"{""alpha_a"": 0.75, ""alpha_b"": 0.4, ""kappa_a"": 0.6000000000000001, ""kappa_b"": 0.32000000000000006, ""n_per_group"": 200000.0}",0.75,0.4,0.6000000000000001,0.32000000000000006,200000,empirical_value,0.08225000000000005,synthetic,ALL,not_applicable,not_applicable
EXP-01,SYNTHETIC EXPERIMENT,1747,full,664a150484ed2af3,105e9323311e6282,"{""alpha_a"": 0.75, ""alpha_b"": 0.45, ""kappa_a"": 0.6000000000000001, ""kappa_b"": 0.36000000000000004, ""n_per_group"": 200000.0}",0.75,0.45,0.6000000000000001,0.36000000000000004,200000,empirical_value,0.06991500000000006,synthetic,ALL,not_applicable,not_applicable
EXP-01,SYNTHETIC EXPERIMENT,1747,full,664a150484ed2af3,a6664c1a4c2d235b,"{""alpha_a"": 0.75, ""alpha_b"": 0.5, ""kappa_a"": 0.6000000000000001, ""kappa_b"": 0.4, ""n_per_group"": 200000.0}",0.75,0.5,0.6000000000000001,0.4,200000,empirical_value,0.06062500000000004,synthetic,ALL,not_applicable,not_applicable
EXP-01,SYNTHETIC EXPERIMENT,1747,full,664a150484ed2af3,f7fd55ca8782532f,"{""alpha_a"": 0.75, ""alpha_b"": 0.55, ""kappa_a"": 0.6000000000000001, ""kappa_b"": 0.44000000000000006, ""n_per_group"": 200000.0}",0.75,0.55,0.6000000000000001,0.44000000000000006,200000,empirical_value,0.04752000000000001,synthetic,ALL,not_applicable,not_applicable
EXP-01,SYNTHETIC EXPERIMENT,1747,full,664a150484ed2af3,3a9b935cbfa06390,"{""alpha_a"": 0.75, ""alpha_b"": 0.6, ""kappa_a"": 0.6000000000000001, ""kappa_b"": 0.48, ""n_per_group"": 200000.0}",0.75,0.6,0.6000000000000001,0.48,200000,empirical_value,0.03471999999999997,synthetic,ALL,not_applicable,not_applicable
EXP-01,SYNTHETIC EXPERIMENT,1747,full,664a150484ed2af3,5cdb075959b10140,"{""alpha_a"": 0.75, ""alpha_b"": 0.65, ""kappa_a"": 0.6000000000000001, ""kappa_b"": 0.52, ""n_per_group"": 200000.0}",0.75,0.65,0.6000000000000001,0.52,200000,empirical_value,0.023809999999999998,synthetic,ALL,not_applicable,not_applicable
EXP-01,SYNTHETIC EXPERIMENT,1747,full,664a150484ed2af3,3c6bd916c2e4b2d9,"{""alpha_a"": 0.75, ""alpha_b"": 0.7, ""kappa_a"": 0.6000000000000001, ""kappa_b"": 0.5599999999999999, ""n_per_group"": 200000.0}",0.75,0.7,0.6000000000000001,0.5599999999999999,200000,empirical_value,0.011634999999999951,synthetic,ALL,not_applicable,not_applicable
EXP-01,SYNTHETIC EXPERIMENT,1747,full,664a150484ed2af3,efff14e3d6b3c324,"{""alpha_a"": 0.75, ""alpha_b"": 0.75, ""kappa_a"": 0.6000000000000001, ""kappa_b"": 0.6000000000000001, ""n_per_group"": 200000.0}",0.75,0.75,0.6000000000000001,0.6000000000000001,200000,empirical_value,0.0018850000000000255,synthetic,ALL,not_applicable,not_applicable
EXP-01,SYNTHETIC EXPERIMENT,1747,full,664a150484ed2af3,6cb165316d4be7b0,"{""alpha_a"": 0.75, ""alpha_b"": 0.8, ""kappa_a"": 0.6000000000000001, ""kappa_b"": 0.6400000000000001, ""n_per_group"": 200000.0}",0.75,0.8,0.6000000000000001,0.6400000000000001,200000,empirical_value,0.009825000000000084,synthetic,ALL,not_applicable,not_applicable
EXP-01,SYNTHETIC EXPERIMENT,1747,full,664a150484ed2af3,707d372e21aec193,"{""alpha_a"": 0.75, ""alpha_b"": 0.85, ""kappa_a"": 0.6000000000000001, ""kappa_b"": 0.68, ""n_per_group"": 200000.0}",0.75,0.85,0.6000000000000001,0.68,200000,empirical_value,0.02312000000000003,synthetic,ALL,not_applicable,not_applicable
EXP-01,SYNTHETIC EXPERIMENT,1747,full,664a150484ed2af3,7255b40c57376a7a,"{""alpha_a"": 0.75, ""alpha_b"": 0.9, ""kappa_a"": 0.6000000000000001, ""kappa_b"": 0.7200000000000001, ""n_per_group"": 200000.0}",0.75,0.9,0.6000000000000001,0.7200000000000001,200000,empirical_value,0.03510500000000005,synthetic,ALL,not_applicable,not_applicable
EXP-01,SYNTHETIC EXPERIMENT,1747,full,664a150484ed2af3,05d0dcea49021cc9,"{""alpha_a"": 0.75, ""alpha_b"": 0.95, ""kappa_a"": 0.6000000000000001, ""kappa_b"": 0.76, ""n_per_group"": 200000.0}",0.75,0.95,0.6000000000000001,0.76,200000,empirical_value,0.04827499999999996,synthetic,ALL,not_applicable,not_applicable
EXP-01,SYNTHETIC EXPERIMENT,1747,full,664a150484ed2af3,97edfe532689cab9,"{""alpha_a"": 0.75, ""alpha_b"": 1.0, ""kappa_a"": 0.6000000000000001, ""kappa_b"": 0.8, ""n_per_group"": 200000.0}",0.75,1.0,0.6000000000000001,0.8,200000,empirical_value,0.05940999999999996,synthetic,ALL,not_applicable,not_applicable
EXP-01,SYNTHETIC EXPERIMENT,1747,full,664a150484ed2af3,97950d1b748ef7ea,"{""alpha_a"": 0.8, ""alpha_b"": 0.0, ""kappa_a"": 0.6400000000000001, ""kappa_b"": 0.0, ""n_per_group"": 200000.0}",0.8,0.0,0.6400000000000001,0.0,200000,empirical_value,0.1897350000000001,synthetic,ALL,not_applicable,not_applicable
EXP-01,SYNTHETIC EXPERIMENT,1747,full,664a150484ed2af3,1c35e6c663ec2953,"{""alpha_a"": 0.8, ""alpha_b"": 0.05, ""kappa_a"": 0.6400000000000001, ""kappa_b"": 0.04000000000000001, ""n_per_group"": 200000.0}",0.8,0.05,0.6400000000000001,0.04000000000000001,200000,empirical_value,0.18056000000000005,synthetic,ALL,not_applicable,not_applicable
EXP-01,SYNTHETIC EXPERIMENT,1747,full,664a150484ed2af3,19d1cdf7f2037051,"{""alpha_a"": 0.8, ""alpha_b"": 0.1, ""kappa_a"": 0.6400000000000001, ""kappa_b"": 0.08000000000000002, ""n_per_group"": 200000.0}",0.8,0.1,0.6400000000000001,0.08000000000000002,200000,empirical_value,0.168365,synthetic,ALL,not_applicable,not_applicable
EXP-01,SYNTHETIC EXPERIMENT,1747,full,664a150484ed2af3,f5f34d81dfa051b0,"{""alpha_a"": 0.8, ""alpha_b"": 0.15, ""kappa_a"": 0.6400000000000001, ""kappa_b"": 0.12, ""n_per_group"": 200000.0}",0.8,0.15,0.6400000000000001,0.12,200000,empirical_value,0.15541000000000005,synthetic,ALL,not_applicable,not_applicable
EXP-01,SYNTHETIC EXPERIMENT,1747,full,664a150484ed2af3,2d5071bf7658fe7d,"{""alpha_a"": 0.8, ""alpha_b"": 0.2, ""kappa_a"": 0.6400000000000001, ""kappa_b"": 0.16000000000000003, ""n_per_group"": 200000.0}",0.8,0.2,0.6400000000000001,0.16000000000000003,200000,empirical_value,0.14541499999999996,synthetic,ALL,not_applicable,not_applicable
EXP-01,SYNTHETIC EXPERIMENT,1747,full,664a150484ed2af3,4fee8e67e2b9ec66,"{""alpha_a"": 0.8, ""alpha_b"": 0.25, ""kappa_a"": 0.6400000000000001, ""kappa_b"": 0.2, ""n_per_group"": 200000.0}",0.8,0.25,0.6400000000000001,0.2,200000,empirical_value,0.1333749999999999,synthetic,ALL,not_applicable,not_applicable
EXP-01,SYNTHETIC EXPERIMENT,1747,full,664a150484ed2af3,ae3f287d1d76f955,"{""alpha_a"": 0.8, ""alpha_b"": 0.3, ""kappa_a"": 0.6400000000000001, ""kappa_b"": 0.24, ""n_per_group"": 200000.0}",0.8,0.3,0.6400000000000001,0.24,200000,empirical_value,0.11841000000000002,synthetic,ALL,not_applicable,not_applicable
EXP-01,SYNTHETIC EXPERIMENT,1747,full,664a150484ed2af3,c76b97e8306f63ef,"{""alpha_a"": 0.8, ""alpha_b"": 0.35, ""kappa_a"": 0.6400000000000001, ""kappa_b"": 0.27999999999999997, ""n_per_group"": 200000.0}",0.8,0.35,0.6400000000000001,0.27999999999999997,200000,empirical_value,0.10877000000000003,synthetic,ALL,not_applicable,not_applicable
EXP-01,SYNTHETIC EXPERIMENT,1747,full,664a150484ed2af3,de387c795811cf0f,"{""alpha_a"": 0.8, ""alpha_b"": 0.4, ""kappa_a"": 0.6400000000000001, ""kappa_b"": 0.32000000000000006, ""n_per_group"": 200000.0}",0.8,0.4,0.6400000000000001,0.32000000000000006,200000,empirical_value,0.09548000000000001,synthetic,ALL,not_applicable,not_applicable
EXP-01,SYNTHETIC EXPERIMENT,1747,full,664a150484ed2af3,9b77dfbc189e232b,"{""alpha_a"": 0.8, ""alpha_b"": 0.45, ""kappa_a"": 0.6400000000000001, ""kappa_b"": 0.36000000000000004, ""n_per_group"": 200000.0}",0.8,0.45,0.6400000000000001,0.36000000000000004,200000,empirical_value,0.08288999999999991,synthetic,ALL,not_applicable,not_applicable
EXP-01,SYNTHETIC EXPERIMENT,1747,full,664a150484ed2af3,4dfc43254ec4a6e8,"{""alpha_a"": 0.8, ""alpha_b"": 0.5, ""kappa_a"": 0.6400000000000001, ""kappa_b"": 0.4, ""n_per_group"": 200000.0}",0.8,0.5,0.6400000000000001,0.4,200000,empirical_value,0.07079000000000002,synthetic,ALL,not_applicable,not_applicable
EXP-01,SYNTHETIC EXPERIMENT,1747,full,664a150484ed2af3,0a648ff7295000bf,"{""alpha_a"": 0.8, ""alpha_b"": 0.55, ""kappa_a"": 0.6400000000000001, ""kappa_b"": 0.44000000000000006, ""n_per_group"": 200000.0}",0.8,0.55,0.6400000000000001,0.44000000000000006,200000,empirical_value,0.05945999999999996,synthetic,ALL,not_applicable,not_applicable
EXP-01,SYNTHETIC EXPERIMENT,1747,full,664a150484ed2af3,c4dc5c0a530c1b1b,"{""alpha_a"": 0.8, ""alpha_b"": 0.6, ""kappa_a"": 0.6400000000000001, ""kappa_b"": 0.48, ""n_per_group"": 200000.0}",0.8,0.6,0.6400000000000001,0.48,200000,empirical_value,0.04964500000000005,synthetic,ALL,not_applicable,not_applicable
EXP-01,SYNTHETIC EXPERIMENT,1747,full,664a150484ed2af3,2ed7cbddc74538cd,"{""alpha_a"": 0.8, ""alpha_b"": 0.65, ""kappa_a"": 0.6400000000000001, ""kappa_b"": 0.52, ""n_per_group"": 200000.0}",0.8,0.65,0.6400000000000001,0.52,200000,empirical_value,0.03705499999999995,synthetic,ALL,not_applicable,not_applicable
EXP-01,SYNTHETIC EXPERIMENT,1747,full,664a150484ed2af3,b457f6e1df0ab75b,"{""alpha_a"": 0.8, ""alpha_b"": 0.7, ""kappa_a"": 0.6400000000000001, ""kappa_b"": 0.5599999999999999, ""n_per_group"": 200000.0}",0.8,0.7,0.6400000000000001,0.5599999999999999,200000,empirical_value,0.023684999999999956,synthetic,ALL,not_applicable,not_applicable
EXP-01,SYNTHETIC EXPERIMENT,1747,full,664a150484ed2af3,9062e32c7ea41a6e,"{""alpha_a"": 0.8, ""alpha_b"": 0.75, ""kappa_a"": 0.6400000000000001, ""kappa_b"": 0.6000000000000001, ""n_per_group"": 200000.0}",0.8,0.75,0.6400000000000001,0.6000000000000001,200000,empirical_value,0.010700000000000043,synthetic,ALL,not_applicable,not_applicable
EXP-01,SYNTHETIC EXPERIMENT,1747,full,664a150484ed2af3,584ff44dc5b8503d,"{""alpha_a"": 0.8, ""alpha_b"": 0.8, ""kappa_a"": 0.6400000000000001, ""kappa_b"": 0.6400000000000001, ""n_per_group"": 200000.0}",0.8,0.8,0.6400000000000001,0.6400000000000001,200000,empirical_value,0.0016049999999999676,synthetic,ALL,not_applicable,not_applicable
EXP-01,SYNTHETIC EXPERIMENT,1747,full,664a150484ed2af3,3194a78f498b4839,"{""alpha_a"": 0.8, ""alpha_b"": 0.85, ""kappa_a"": 0.6400000000000001, ""kappa_b"": 0.68, ""n_per_group"": 200000.0}",0.8,0.85,0.6400000000000001,0.68,200000,empirical_value,0.011214999999999975,synthetic,ALL,not_applicable,not_applicable
EXP-01,SYNTHETIC EXPERIMENT,1747,full,664a150484ed2af3,095e14182b8d996f,"{""alpha_a"": 0.8, ""alpha_b"": 0.9, ""kappa_a"": 0.6400000000000001, ""kappa_b"": 0.7200000000000001, ""n_per_group"": 200000.0}",0.8,0.9,0.6400000000000001,0.7200000000000001,200000,empirical_value,0.02240999999999993,synthetic,ALL,not_applicable,not_applicable
EXP-01,SYNTHETIC EXPERIMENT,1747,full,664a150484ed2af3,3628b420734c06e1,"{""alpha_a"": 0.8, ""alpha_b"": 0.95, ""kappa_a"": 0.6400000000000001, ""kappa_b"": 0.76, ""n_per_group"": 200000.0}",0.8,0.95,0.6400000000000001,0.76,200000,empirical_value,0.03571000000000002,synthetic,ALL,not_applicable,not_applicable
EXP-01,SYNTHETIC EXPERIMENT,1747,full,664a150484ed2af3,a70b9b85ede5eca5,"{""alpha_a"": 0.8, ""alpha_b"": 1.0, ""kappa_a"": 0.6400000000000001, ""kappa_b"": 0.8, ""n_per_group"": 200000.0}",0.8,1.0,0.6400000000000001,0.8,200000,empirical_value,0.04605499999999996,synthetic,ALL,not_applicable,not_applicable
EXP-01,SYNTHETIC EXPERIMENT,1747,full,664a150484ed2af3,f9781a2b6bd219b5,"{""alpha_a"": 0.85, ""alpha_b"": 0.0, ""kappa_a"": 0.68, ""kappa_b"": 0.0, ""n_per_group"": 200000.0}",0.85,0.0,0.68,0.0,200000,empirical_value,0.20345500000000005,synthetic,ALL,not_applicable,not_applicable
EXP-01,SYNTHETIC EXPERIMENT,1747,full,664a150484ed2af3,9e5a0860788419ba,"{""alpha_a"": 0.85, ""alpha_b"": 0.05, ""kappa_a"": 0.68, ""kappa_b"": 0.04000000000000001, ""n_per_group"": 200000.0}",0.85,0.05,0.68,0.04000000000000001,200000,empirical_value,0.19352499999999995,synthetic,ALL,not_applicable,not_applicable
EXP-01,SYNTHETIC EXPERIMENT,1747,full,664a150484ed2af3,ced6c97278427a71,"{""alpha_a"": 0.85, ""alpha_b"": 0.1, ""kappa_a"": 0.68, ""kappa_b"": 0.08000000000000002, ""n_per_group"": 200000.0}",0.85,0.1,0.68,0.08000000000000002,200000,empirical_value,0.1784300000000001,synthetic,ALL,not_applicable,not_applicable
EXP-01,SYNTHETIC EXPERIMENT,1747,full,664a150484ed2af3,02e538e0808d85b0,"{""alpha_a"": 0.85, ""alpha_b"": 0.15, ""kappa_a"": 0.68, ""kappa_b"": 0.12, ""n_per_group"": 200000.0}",0.85,0.15,0.68,0.12,200000,empirical_value,0.16746500000000009,synthetic,ALL,not_applicable,not_applicable
EXP-01,SYNTHETIC EXPERIMENT,1747,full,664a150484ed2af3,e7d8eeb495b380f2,"{""alpha_a"": 0.85, ""alpha_b"": 0.2, ""kappa_a"": 0.68, ""kappa_b"": 0.16000000000000003, ""n_per_group"": 200000.0}",0.85,0.2,0.68,0.16000000000000003,200000,empirical_value,0.15692499999999998,synthetic,ALL,not_applicable,not_applicable
EXP-01,SYNTHETIC EXPERIMENT,1747,full,664a150484ed2af3,556c5d02c8185afb,"{""alpha_a"": 0.85, ""alpha_b"": 0.25, ""kappa_a"": 0.68, ""kappa_b"": 0.2, ""n_per_group"": 200000.0}",0.85,0.25,0.68,0.2,200000,empirical_value,0.14163000000000003,synthetic,ALL,not_applicable,not_applicable
EXP-01,SYNTHETIC EXPERIMENT,1747,full,664a150484ed2af3,5647cd0abc42783f,"{""alpha_a"": 0.85, ""alpha_b"": 0.3, ""kappa_a"": 0.68, ""kappa_b"": 0.24, ""n_per_group"": 200000.0}",0.85,0.3,0.68,0.24,200000,empirical_value,0.13229500000000005,synthetic,ALL,not_applicable,not_applicable
EXP-01,SYNTHETIC EXPERIMENT,1747,full,664a150484ed2af3,d5b6f367e33566b8,"{""alpha_a"": 0.85, ""alpha_b"": 0.35, ""kappa_a"": 0.68, ""kappa_b"": 0.27999999999999997, ""n_per_group"": 200000.0}",0.85,0.35,0.68,0.27999999999999997,200000,empirical_value,0.11953500000000006,synthetic,ALL,not_applicable,not_applicable
EXP-01,SYNTHETIC EXPERIMENT,1747,full,664a150484ed2af3,161108514fcc9769,"{""alpha_a"": 0.85, ""alpha_b"": 0.4, ""kappa_a"": 0.68, ""kappa_b"": 0.32000000000000006, ""n_per_group"": 200000.0}",0.85,0.4,0.68,0.32000000000000006,200000,empirical_value,0.10710000000000008,synthetic,ALL,not_applicable,not_applicable
EXP-01,SYNTHETIC EXPERIMENT,1747,full,664a150484ed2af3,8d74d363bf5e2d6c,"{""alpha_a"": 0.85, ""alpha_b"": 0.45, ""kappa_a"": 0.68, ""kappa_b"": 0.36000000000000004, ""n_per_group"": 200000.0}",0.85,0.45,0.68,0.36000000000000004,200000,empirical_value,0.09580999999999995,synthetic,ALL,not_applicable,not_applicable
EXP-01,SYNTHETIC EXPERIMENT,1747,full,664a150484ed2af3,c8c1d9d14a4bcd8e,"{""alpha_a"": 0.85, ""alpha_b"": 0.5, ""kappa_a"": 0.68, ""kappa_b"": 0.4, ""n_per_group"": 200000.0}",0.85,0.5,0.68,0.4,200000,empirical_value,0.08547499999999997,synthetic,ALL,not_applicable,not_applicable
EXP-01,SYNTHETIC EXPERIMENT,1747,full,664a150484ed2af3,de79e743a6136014,"{""alpha_a"": 0.85, ""alpha_b"": 0.55, ""kappa_a"": 0.68, ""kappa_b"": 0.44000000000000006, ""n_per_group"": 200000.0}",0.85,0.55,0.68,0.44000000000000006,200000,empirical_value,0.07358500000000001,synthetic,ALL,not_applicable,not_applicable
EXP-01,SYNTHETIC EXPERIMENT,1747,full,664a150484ed2af3,2138fa704af3ee05,"{""alpha_a"": 0.85, ""alpha_b"": 0.6, ""kappa_a"": 0.68, ""kappa_b"": 0.48, ""n_per_group"": 200000.0}",0.85,0.6,0.68,0.48,200000,empirical_value,0.06103000000000003,synthetic,ALL,not_applicable,not_applicable
EXP-01,SYNTHETIC EXPERIMENT,1747,full,664a150484ed2af3,2149d67fc1a37171,"{""alpha_a"": 0.85, ""alpha_b"": 0.65, ""kappa_a"": 0.68, ""kappa_b"": 0.52, ""n_per_group"": 200000.0}",0.85,0.65,0.68,0.52,200000,empirical_value,0.04659499999999994,synthetic,ALL,not_applicable,not_applicable
EXP-01,SYNTHETIC EXPERIMENT,1747,full,664a150484ed2af3,ced565f3156e4445,"{""alpha_a"": 0.85, ""alpha_b"": 0.7, ""kappa_a"": 0.68, ""kappa_b"": 0.5599999999999999, ""n_per_group"": 200000.0}",0.85,0.7,0.68,0.5599999999999999,200000,empirical_value,0.03571499999999994,synthetic,ALL,not_applicable,not_applicable
EXP-01,SYNTHETIC EXPERIMENT,1747,full,664a150484ed2af3,c223f7771f5a85a4,"{""alpha_a"": 0.85, ""alpha_b"": 0.75, ""kappa_a"": 0.68, ""kappa_b"": 0.6000000000000001, ""n_per_group"": 200000.0}",0.85,0.75,0.68,0.6000000000000001,200000,empirical_value,0.023455000000000004,synthetic,ALL,not_applicable,not_applicable
EXP-01,SYNTHETIC EXPERIMENT,1747,full,664a150484ed2af3,77116d09b80a6189,"{""alpha_a"": 0.85, ""alpha_b"": 0.8, ""kappa_a"": 0.68, ""kappa_b"": 0.6400000000000001, ""n_per_group"": 200000.0}",0.85,0.8,0.68,0.6400000000000001,200000,empirical_value,0.012044999999999972,synthetic,ALL,not_applicable,not_applicable
EXP-01,SYNTHETIC EXPERIMENT,1747,full,664a150484ed2af3,7081b639f8a5a0cd,"{""alpha_a"": 0.85, ""alpha_b"": 0.85, ""kappa_a"": 0.68, ""kappa_b"": 0.68, ""n_per_group"": 200000.0}",0.85,0.85,0.68,0.68,200000,empirical_value,0.00022999999999995246,synthetic,ALL,not_applicable,not_applicable
EXP-01,SYNTHETIC EXPERIMENT,1747,full,664a150484ed2af3,d3fd05953a9005bb,"{""alpha_a"": 0.85, ""alpha_b"": 0.9, ""kappa_a"": 0.68, ""kappa_b"": 0.7200000000000001, ""n_per_group"": 200000.0}",0.85,0.9,0.68,0.7200000000000001,200000,empirical_value,0.010820000000000052,synthetic,ALL,not_applicable,not_applicable
EXP-01,SYNTHETIC EXPERIMENT,1747,full,664a150484ed2af3,30d64a54cd197906,"{""alpha_a"": 0.85, ""alpha_b"": 0.95, ""kappa_a"": 0.68, ""kappa_b"": 0.76, ""n_per_group"": 200000.0}",0.85,0.95,0.68,0.76,200000,empirical_value,0.024965000000000015,synthetic,ALL,not_applicable,not_applicable
EXP-01,SYNTHETIC EXPERIMENT,1747,full,664a150484ed2af3,1ef620acc56e345b,"{""alpha_a"": 0.85, ""alpha_b"": 1.0, ""kappa_a"": 0.68, ""kappa_b"": 0.8, ""n_per_group"": 200000.0}",0.85,1.0,0.68,0.8,200000,empirical_value,0.036049999999999915,synthetic,ALL,not_applicable,not_applicable
EXP-01,SYNTHETIC EXPERIMENT,1747,full,664a150484ed2af3,ab1f1dff446f9627,"{""alpha_a"": 0.9, ""alpha_b"": 0.0, ""kappa_a"": 0.7200000000000001, ""kappa_b"": 0.0, ""n_per_group"": 200000.0}",0.9,0.0,0.7200000000000001,0.0,200000,empirical_value,0.21702,synthetic,ALL,not_applicable,not_applicable
EXP-01,SYNTHETIC EXPERIMENT,1747,full,664a150484ed2af3,f8909135871d2e9f,"{""alpha_a"": 0.9, ""alpha_b"": 0.05, ""kappa_a"": 0.7200000000000001, ""kappa_b"": 0.04000000000000001, ""n_per_group"": 200000.0}",0.9,0.05,0.7200000000000001,0.04000000000000001,200000,empirical_value,0.202905,synthetic,ALL,not_applicable,not_applicable
EXP-01,SYNTHETIC EXPERIMENT,1747,full,664a150484ed2af3,eb1709a63184fd7e,"{""alpha_a"": 0.9, ""alpha_b"": 0.1, ""kappa_a"": 0.7200000000000001, ""kappa_b"": 0.08000000000000002, ""n_per_group"": 200000.0}",0.9,0.1,0.7200000000000001,0.08000000000000002,200000,empirical_value,0.19238,synthetic,ALL,not_applicable,not_applicable
EXP-01,SYNTHETIC EXPERIMENT,1747,full,664a150484ed2af3,d533a31aae3537b4,"{""alpha_a"": 0.9, ""alpha_b"": 0.15, ""kappa_a"": 0.7200000000000001, ""kappa_b"": 0.12, ""n_per_group"": 200000.0}",0.9,0.15,0.7200000000000001,0.12,200000,empirical_value,0.1781799999999999,synthetic,ALL,not_applicable,not_applicable
EXP-01,SYNTHETIC EXPERIMENT,1747,full,664a150484ed2af3,53a45e8cae2a157a,"{""alpha_a"": 0.9, ""alpha_b"": 0.2, ""kappa_a"": 0.7200000000000001, ""kappa_b"": 0.16000000000000003, ""n_per_group"": 200000.0}",0.9,0.2,0.7200000000000001,0.16000000000000003,200000,empirical_value,0.16807499999999997,synthetic,ALL,not_applicable,not_applicable
EXP-01,SYNTHETIC EXPERIMENT,1747,full,664a150484ed2af3,75918e91d47967ba,"{""alpha_a"": 0.9, ""alpha_b"": 0.25, ""kappa_a"": 0.7200000000000001, ""kappa_b"": 0.2, ""n_per_group"": 200000.0}",0.9,0.25,0.7200000000000001,0.2,200000,empirical_value,0.15754999999999997,synthetic,ALL,not_applicable,not_applicable
EXP-01,SYNTHETIC EXPERIMENT,1747,full,664a150484ed2af3,c0971c588524ff57,"{""alpha_a"": 0.9, ""alpha_b"": 0.3, ""kappa_a"": 0.7200000000000001, ""kappa_b"": 0.24, ""n_per_group"": 200000.0}",0.9,0.3,0.7200000000000001,0.24,200000,empirical_value,0.1430800000000001,synthetic,ALL,not_applicable,not_applicable
EXP-01,SYNTHETIC EXPERIMENT,1747,full,664a150484ed2af3,3cd13a28a5fda48d,"{""alpha_a"": 0.9, ""alpha_b"": 0.35, ""kappa_a"": 0.7200000000000001, ""kappa_b"": 0.27999999999999997, ""n_per_group"": 200000.0}",0.9,0.35,0.7200000000000001,0.27999999999999997,200000,empirical_value,0.13272000000000006,synthetic,ALL,not_applicable,not_applicable
EXP-01,SYNTHETIC EXPERIMENT,1747,full,664a150484ed2af3,dd85b0e934f15d7c,"{""alpha_a"": 0.9, ""alpha_b"": 0.4, ""kappa_a"": 0.7200000000000001, ""kappa_b"": 0.32000000000000006, ""n_per_group"": 200000.0}",0.9,0.4,0.7200000000000001,0.32000000000000006,200000,empirical_value,0.11950499999999997,synthetic,ALL,not_applicable,not_applicable
EXP-01,SYNTHETIC EXPERIMENT,1747,full,664a150484ed2af3,0b952c1ec6a147ae,"{""alpha_a"": 0.9, ""alpha_b"": 0.45, ""kappa_a"": 0.7200000000000001, ""kappa_b"": 0.36000000000000004, ""n_per_group"": 200000.0}",0.9,0.45,0.7200000000000001,0.36000000000000004,200000,empirical_value,0.10985999999999996,synthetic,ALL,not_applicable,not_applicable
EXP-01,SYNTHETIC EXPERIMENT,1747,full,664a150484ed2af3,54882e037f434319,"{""alpha_a"": 0.9, ""alpha_b"": 0.5, ""kappa_a"": 0.7200000000000001, ""kappa_b"": 0.4, ""n_per_group"": 200000.0}",0.9,0.5,0.7200000000000001,0.4,200000,empirical_value,0.09523500000000007,synthetic,ALL,not_applicable,not_applicable
EXP-01,SYNTHETIC EXPERIMENT,1747,full,664a150484ed2af3,948cf8fc38ae3d9d,"{""alpha_a"": 0.9, ""alpha_b"": 0.55, ""kappa_a"": 0.7200000000000001, ""kappa_b"": 0.44000000000000006, ""n_per_group"": 200000.0}",0.9,0.55,0.7200000000000001,0.44000000000000006,200000,empirical_value,0.08345999999999998,synthetic,ALL,not_applicable,not_applicable
EXP-01,SYNTHETIC EXPERIMENT,1747,full,664a150484ed2af3,40275bd2cc1519fd,"{""alpha_a"": 0.9, ""alpha_b"": 0.6, ""kappa_a"": 0.7200000000000001, ""kappa_b"": 0.48, ""n_per_group"": 200000.0}",0.9,0.6,0.7200000000000001,0.48,200000,empirical_value,0.070855,synthetic,ALL,not_applicable,not_applicable
EXP-01,SYNTHETIC EXPERIMENT,1747,full,664a150484ed2af3,5378e279713aaddc,"{""alpha_a"": 0.9, ""alpha_b"": 0.65, ""kappa_a"": 0.7200000000000001, ""kappa_b"": 0.52, ""n_per_group"": 200000.0}",0.9,0.65,0.7200000000000001,0.52,200000,empirical_value,0.05918499999999993,synthetic,ALL,not_applicable,not_applicable
EXP-01,SYNTHETIC EXPERIMENT,1747,full,664a150484ed2af3,8c7fa91d5dca1824,"{""alpha_a"": 0.9, ""alpha_b"": 0.7, ""kappa_a"": 0.7200000000000001, ""kappa_b"": 0.5599999999999999, ""n_per_group"": 200000.0}",0.9,0.7,0.7200000000000001,0.5599999999999999,200000,empirical_value,0.04652500000000004,synthetic,ALL,not_applicable,not_applicable
EXP-01,SYNTHETIC EXPERIMENT,1747,full,664a150484ed2af3,3bab2ab0f8f8a95d,"{""alpha_a"": 0.9, ""alpha_b"": 0.75, ""kappa_a"": 0.7200000000000001, ""kappa_b"": 0.6000000000000001, ""n_per_group"": 200000.0}",0.9,0.75,0.7200000000000001,0.6000000000000001,200000,empirical_value,0.036495000000000055,synthetic,ALL,not_applicable,not_applicable
EXP-01,SYNTHETIC EXPERIMENT,1747,full,664a150484ed2af3,3daa5281577cd02a,"{""alpha_a"": 0.9, ""alpha_b"": 0.8, ""kappa_a"": 0.7200000000000001, ""kappa_b"": 0.6400000000000001, ""n_per_group"": 200000.0}",0.9,0.8,0.7200000000000001,0.6400000000000001,200000,empirical_value,0.023299999999999987,synthetic,ALL,not_applicable,not_applicable
EXP-01,SYNTHETIC EXPERIMENT,1747,full,664a150484ed2af3,b2b00c3251d6757d,"{""alpha_a"": 0.9, ""alpha_b"": 0.85, ""kappa_a"": 0.7200000000000001, ""kappa_b"": 0.68, ""n_per_group"": 200000.0}",0.9,0.85,0.7200000000000001,0.68,200000,empirical_value,0.011249999999999982,synthetic,ALL,not_applicable,not_applicable
EXP-01,SYNTHETIC EXPERIMENT,1747,full,664a150484ed2af3,6291f556f7b17059,"{""alpha_a"": 0.9, ""alpha_b"": 0.9, ""kappa_a"": 0.7200000000000001, ""kappa_b"": 0.7200000000000001, ""n_per_group"": 200000.0}",0.9,0.9,0.7200000000000001,0.7200000000000001,200000,empirical_value,0.0002849999999999797,synthetic,ALL,not_applicable,not_applicable
EXP-01,SYNTHETIC EXPERIMENT,1747,full,664a150484ed2af3,11168fee5bf988f4,"{""alpha_a"": 0.9, ""alpha_b"": 0.95, ""kappa_a"": 0.7200000000000001, ""kappa_b"": 0.76, ""n_per_group"": 200000.0}",0.9,0.95,0.7200000000000001,0.76,200000,empirical_value,0.01116499999999998,synthetic,ALL,not_applicable,not_applicable
EXP-01,SYNTHETIC EXPERIMENT,1747,full,664a150484ed2af3,b274530cc3910995,"{""alpha_a"": 0.9, ""alpha_b"": 1.0, ""kappa_a"": 0.7200000000000001, ""kappa_b"": 0.8, ""n_per_group"": 200000.0}",0.9,1.0,0.7200000000000001,0.8,200000,empirical_value,0.026514999999999955,synthetic,ALL,not_applicable,not_applicable
EXP-01,SYNTHETIC EXPERIMENT,1747,full,664a150484ed2af3,5633c9ce84ae305e,"{""alpha_a"": 0.95, ""alpha_b"": 0.0, ""kappa_a"": 0.76, ""kappa_b"": 0.0, ""n_per_group"": 200000.0}",0.95,0.0,0.76,0.0,200000,empirical_value,0.22804500000000005,synthetic,ALL,not_applicable,not_applicable
EXP-01,SYNTHETIC EXPERIMENT,1747,full,664a150484ed2af3,87d9eae7355be919,"{""alpha_a"": 0.95, ""alpha_b"": 0.05, ""kappa_a"": 0.76, ""kappa_b"": 0.04000000000000001, ""n_per_group"": 200000.0}",0.95,0.05,0.76,0.04000000000000001,200000,empirical_value,0.21545999999999998,synthetic,ALL,not_applicable,not_applicable
EXP-01,SYNTHETIC EXPERIMENT,1747,full,664a150484ed2af3,14a47a958260d942,"{""alpha_a"": 0.95, ""alpha_b"": 0.1, ""kappa_a"": 0.76, ""kappa_b"": 0.08000000000000002, ""n_per_group"": 200000.0}",0.95,0.1,0.76,0.08000000000000002,200000,empirical_value,0.20352000000000003,synthetic,ALL,not_applicable,not_applicable
EXP-01,SYNTHETIC EXPERIMENT,1747,full,664a150484ed2af3,b156e709015040b8,"{""alpha_a"": 0.95, ""alpha_b"": 0.15, ""kappa_a"": 0.76, ""kappa_b"": 0.12, ""n_per_group"": 200000.0}",0.95,0.15,0.76,0.12,200000,empirical_value,0.19169500000000006,synthetic,ALL,not_applicable,not_applicable
EXP-01,SYNTHETIC EXPERIMENT,1747,full,664a150484ed2af3,cc2dec4fa21443ee,"{""alpha_a"": 0.95, ""alpha_b"": 0.2, ""kappa_a"": 0.76, ""kappa_b"": 0.16000000000000003, ""n_per_group"": 200000.0}",0.95,0.2,0.76,0.16000000000000003,200000,empirical_value,0.17969999999999997,synthetic,ALL,not_applicable,not_applicable
EXP-01,SYNTHETIC EXPERIMENT,1747,full,664a150484ed2af3,8ff05077826224c4,"{""alpha_a"": 0.95, ""alpha_b"": 0.25, ""kappa_a"": 0.76, ""kappa_b"": 0.2, ""n_per_group"": 200000.0}",0.95,0.25,0.76,0.2,200000,empirical_value,0.1685199999999999,synthetic,ALL,not_applicable,not_applicable
EXP-01,SYNTHETIC EXPERIMENT,1747,full,664a150484ed2af3,2dd6d771e826206c,"{""alpha_a"": 0.95, ""alpha_b"": 0.3, ""kappa_a"": 0.76, ""kappa_b"": 0.24, ""n_per_group"": 200000.0}",0.95,0.3,0.76,0.24,200000,empirical_value,0.15398499999999993,synthetic,ALL,not_applicable,not_applicable
EXP-01,SYNTHETIC EXPERIMENT,1747,full,664a150484ed2af3,ce77a76dc99a21ea,"{""alpha_a"": 0.95, ""alpha_b"": 0.35, ""kappa_a"": 0.76, ""kappa_b"": 0.27999999999999997, ""n_per_group"": 200000.0}",0.95,0.35,0.76,0.27999999999999997,200000,empirical_value,0.14447,synthetic,ALL,not_applicable,not_applicable
EXP-01,SYNTHETIC EXPERIMENT,1747,full,664a150484ed2af3,52da6160cf2de3c4,"{""alpha_a"": 0.95, ""alpha_b"": 0.4, ""kappa_a"": 0.76, ""kappa_b"": 0.32000000000000006, ""n_per_group"": 200000.0}",0.95,0.4,0.76,0.32000000000000006,200000,empirical_value,0.13094499999999998,synthetic,ALL,not_applicable,not_applicable
EXP-01,SYNTHETIC EXPERIMENT,1747,full,664a150484ed2af3,ee2d4704f4ff1cd7,"{""alpha_a"": 0.95, ""alpha_b"": 0.45, ""kappa_a"": 0.76, ""kappa_b"": 0.36000000000000004, ""n_per_group"": 200000.0}",0.95,0.45,0.76,0.36000000000000004,200000,empirical_value,0.117815,synthetic,ALL,not_applicable,not_applicable
EXP-01,SYNTHETIC EXPERIMENT,1747,full,664a150484ed2af3,7b51dc8a6ce67673,"{""alpha_a"": 0.95, ""alpha_b"": 0.5, ""kappa_a"": 0.76, ""kappa_b"": 0.4, ""n_per_group"": 200000.0}",0.95,0.5,0.76,0.4,200000,empirical_value,0.10699499999999995,synthetic,ALL,not_applicable,not_applicable
EXP-01,SYNTHETIC EXPERIMENT,1747,full,664a150484ed2af3,343cce933bb0a64e,"{""alpha_a"": 0.95, ""alpha_b"": 0.55, ""kappa_a"": 0.76, ""kappa_b"": 0.44000000000000006, ""n_per_group"": 200000.0}",0.95,0.55,0.76,0.44000000000000006,200000,empirical_value,0.09602500000000003,synthetic,ALL,not_applicable,not_applicable
EXP-01,SYNTHETIC EXPERIMENT,1747,full,664a150484ed2af3,658610aeb2a013a1,"{""alpha_a"": 0.95, ""alpha_b"": 0.6, ""kappa_a"": 0.76, ""kappa_b"": 0.48, ""n_per_group"": 200000.0}",0.95,0.6,0.76,0.48,200000,empirical_value,0.08401999999999998,synthetic,ALL,not_applicable,not_applicable
EXP-01,SYNTHETIC EXPERIMENT,1747,full,664a150484ed2af3,951bda2798672300,"{""alpha_a"": 0.95, ""alpha_b"": 0.65, ""kappa_a"": 0.76, ""kappa_b"": 0.52, ""n_per_group"": 200000.0}",0.95,0.65,0.76,0.52,200000,empirical_value,0.07067500000000004,synthetic,ALL,not_applicable,not_applicable
EXP-01,SYNTHETIC EXPERIMENT,1747,full,664a150484ed2af3,11b8343c419f08cb,"{""alpha_a"": 0.95, ""alpha_b"": 0.7, ""kappa_a"": 0.76, ""kappa_b"": 0.5599999999999999, ""n_per_group"": 200000.0}",0.95,0.7,0.76,0.5599999999999999,200000,empirical_value,0.05929499999999999,synthetic,ALL,not_applicable,not_applicable
EXP-01,SYNTHETIC EXPERIMENT,1747,full,664a150484ed2af3,2dc2c06025d58f87,"{""alpha_a"": 0.95, ""alpha_b"": 0.75, ""kappa_a"": 0.76, ""kappa_b"": 0.6000000000000001, ""n_per_group"": 200000.0}",0.95,0.75,0.76,0.6000000000000001,200000,empirical_value,0.04895500000000008,synthetic,ALL,not_applicable,not_applicable
EXP-01,SYNTHETIC EXPERIMENT,1747,full,664a150484ed2af3,29e3d6f7e7ccee2c,"{""alpha_a"": 0.95, ""alpha_b"": 0.8, ""kappa_a"": 0.76, ""kappa_b"": 0.6400000000000001, ""n_per_group"": 200000.0}",0.95,0.8,0.76,0.6400000000000001,200000,empirical_value,0.03617999999999999,synthetic,ALL,not_applicable,not_applicable
EXP-01,SYNTHETIC EXPERIMENT,1747,full,664a150484ed2af3,1f172d7a007e431d,"{""alpha_a"": 0.95, ""alpha_b"": 0.85, ""kappa_a"": 0.76, ""kappa_b"": 0.68, ""n_per_group"": 200000.0}",0.95,0.85,0.76,0.68,200000,empirical_value,0.023870000000000058,synthetic,ALL,not_applicable,not_applicable
EXP-01,SYNTHETIC EXPERIMENT,1747,full,664a150484ed2af3,1039b38374920886,"{""alpha_a"": 0.95, ""alpha_b"": 0.9, ""kappa_a"": 0.76, ""kappa_b"": 0.7200000000000001, ""n_per_group"": 200000.0}",0.95,0.9,0.76,0.7200000000000001,200000,empirical_value,0.011575000000000002,synthetic,ALL,not_applicable,not_applicable
EXP-01,SYNTHETIC EXPERIMENT,1747,full,664a150484ed2af3,35e289ecf7055aad,"{""alpha_a"": 0.95, ""alpha_b"": 0.95, ""kappa_a"": 0.76, ""kappa_b"": 0.76, ""n_per_group"": 200000.0}",0.95,0.95,0.76,0.76,200000,empirical_value,0.0009649999999999936,synthetic,ALL,not_applicable,not_applicable
EXP-01,SYNTHETIC EXPERIMENT,1747,full,664a150484ed2af3,7714a258a40341b3,"{""alpha_a"": 0.95, ""alpha_b"": 1.0, ""kappa_a"": 0.76, ""kappa_b"": 0.8, ""n_per_group"": 200000.0}",0.95,1.0,0.76,0.8,200000,empirical_value,0.011909999999999976,synthetic,ALL,not_applicable,not_applicable
EXP-01,SYNTHETIC EXPERIMENT,1747,full,664a150484ed2af3,66d972889c47415f,"{""alpha_a"": 1.0, ""alpha_b"": 0.0, ""kappa_a"": 0.8, ""kappa_b"": 0.0, ""n_per_group"": 200000.0}",1.0,0.0,0.8,0.0,200000,empirical_value,0.23843499999999995,synthetic,ALL,not_applicable,not_applicable
EXP-01,SYNTHETIC EXPERIMENT,1747,full,664a150484ed2af3,a79c80755cbc8c27,"{""alpha_a"": 1.0, ""alpha_b"": 0.05, ""kappa_a"": 0.8, ""kappa_b"": 0.04000000000000001, ""n_per_group"": 200000.0}",1.0,0.05,0.8,0.04000000000000001,200000,empirical_value,0.22665999999999997,synthetic,ALL,not_applicable,not_applicable
EXP-01,SYNTHETIC EXPERIMENT,1747,full,664a150484ed2af3,a49454091edc07ae,"{""alpha_a"": 1.0, ""alpha_b"": 0.1, ""kappa_a"": 0.8, ""kappa_b"": 0.08000000000000002, ""n_per_group"": 200000.0}",1.0,0.1,0.8,0.08000000000000002,200000,empirical_value,0.21667499999999995,synthetic,ALL,not_applicable,not_applicable
EXP-01,SYNTHETIC EXPERIMENT,1747,full,664a150484ed2af3,cc481bb19a6b0b5a,"{""alpha_a"": 1.0, ""alpha_b"": 0.15, ""kappa_a"": 0.8, ""kappa_b"": 0.12, ""n_per_group"": 200000.0}",1.0,0.15,0.8,0.12,200000,empirical_value,0.20435500000000006,synthetic,ALL,not_applicable,not_applicable
EXP-01,SYNTHETIC EXPERIMENT,1747,full,664a150484ed2af3,fc813012b4b7092e,"{""alpha_a"": 1.0, ""alpha_b"": 0.2, ""kappa_a"": 0.8, ""kappa_b"": 0.16000000000000003, ""n_per_group"": 200000.0}",1.0,0.2,0.8,0.16000000000000003,200000,empirical_value,0.19254499999999997,synthetic,ALL,not_applicable,not_applicable
EXP-01,SYNTHETIC EXPERIMENT,1747,full,664a150484ed2af3,80e9c6fbe0f19991,"{""alpha_a"": 1.0, ""alpha_b"": 0.25, ""kappa_a"": 0.8, ""kappa_b"": 0.2, ""n_per_group"": 200000.0}",1.0,0.25,0.8,0.2,200000,empirical_value,0.180145,synthetic,ALL,not_applicable,not_applicable
EXP-01,SYNTHETIC EXPERIMENT,1747,full,664a150484ed2af3,52aa40ec77179569,"{""alpha_a"": 1.0, ""alpha_b"": 0.3, ""kappa_a"": 0.8, ""kappa_b"": 0.24, ""n_per_group"": 200000.0}",1.0,0.3,0.8,0.24,200000,empirical_value,0.16735,synthetic,ALL,not_applicable,not_applicable
EXP-01,SYNTHETIC EXPERIMENT,1747,full,664a150484ed2af3,0d10be1ecbb2d950,"{""alpha_a"": 1.0, ""alpha_b"": 0.35, ""kappa_a"": 0.8, ""kappa_b"": 0.27999999999999997, ""n_per_group"": 200000.0}",1.0,0.35,0.8,0.27999999999999997,200000,empirical_value,0.154045,synthetic,ALL,not_applicable,not_applicable
EXP-01,SYNTHETIC EXPERIMENT,1747,full,664a150484ed2af3,8c1caf3d867f4d4f,"{""alpha_a"": 1.0, ""alpha_b"": 0.4, ""kappa_a"": 0.8, ""kappa_b"": 0.32000000000000006, ""n_per_group"": 200000.0}",1.0,0.4,0.8,0.32000000000000006,200000,empirical_value,0.14465499999999998,synthetic,ALL,not_applicable,not_applicable
EXP-01,SYNTHETIC EXPERIMENT,1747,full,664a150484ed2af3,e94e5c7b51f82ad1,"{""alpha_a"": 1.0, ""alpha_b"": 0.45, ""kappa_a"": 0.8, ""kappa_b"": 0.36000000000000004, ""n_per_group"": 200000.0}",1.0,0.45,0.8,0.36000000000000004,200000,empirical_value,0.13111499999999998,synthetic,ALL,not_applicable,not_applicable
EXP-01,SYNTHETIC EXPERIMENT,1747,full,664a150484ed2af3,b85d6f9bfbdb7274,"{""alpha_a"": 1.0, ""alpha_b"": 0.5, ""kappa_a"": 0.8, ""kappa_b"": 0.4, ""n_per_group"": 200000.0}",1.0,0.5,0.8,0.4,200000,empirical_value,0.11997999999999998,synthetic,ALL,not_applicable,not_applicable
EXP-01,SYNTHETIC EXPERIMENT,1747,full,664a150484ed2af3,87186b121909ae7d,"{""alpha_a"": 1.0, ""alpha_b"": 0.55, ""kappa_a"": 0.8, ""kappa_b"": 0.44000000000000006, ""n_per_group"": 200000.0}",1.0,0.55,0.8,0.44000000000000006,200000,empirical_value,0.107205,synthetic,ALL,not_applicable,not_applicable
EXP-01,SYNTHETIC EXPERIMENT,1747,full,664a150484ed2af3,6d7f419530a493fb,"{""alpha_a"": 1.0, ""alpha_b"": 0.6, ""kappa_a"": 0.8, ""kappa_b"": 0.48, ""n_per_group"": 200000.0}",1.0,0.6,0.8,0.48,200000,empirical_value,0.09651999999999994,synthetic,ALL,not_applicable,not_applicable
EXP-01,SYNTHETIC EXPERIMENT,1747,full,664a150484ed2af3,aa98dcb952c92d8b,"{""alpha_a"": 1.0, ""alpha_b"": 0.65, ""kappa_a"": 0.8, ""kappa_b"": 0.52, ""n_per_group"": 200000.0}",1.0,0.65,0.8,0.52,200000,empirical_value,0.08587999999999996,synthetic,ALL,not_applicable,not_applicable
EXP-01,SYNTHETIC EXPERIMENT,1747,full,664a150484ed2af3,dfadfc5954bc9544,"{""alpha_a"": 1.0, ""alpha_b"": 0.7, ""kappa_a"": 0.8, ""kappa_b"": 0.5599999999999999, ""n_per_group"": 200000.0}",1.0,0.7,0.8,0.5599999999999999,200000,empirical_value,0.07062999999999997,synthetic,ALL,not_applicable,not_applicable
EXP-01,SYNTHETIC EXPERIMENT,1747,full,664a150484ed2af3,ab199ab5679d0861,"{""alpha_a"": 1.0, ""alpha_b"": 0.75, ""kappa_a"": 0.8, ""kappa_b"": 0.6000000000000001, ""n_per_group"": 200000.0}",1.0,0.75,0.8,0.6000000000000001,200000,empirical_value,0.06059000000000003,synthetic,ALL,not_applicable,not_applicable
EXP-01,SYNTHETIC EXPERIMENT,1747,full,664a150484ed2af3,5973fabcadefed44,"{""alpha_a"": 1.0, ""alpha_b"": 0.8, ""kappa_a"": 0.8, ""kappa_b"": 0.6400000000000001, ""n_per_group"": 200000.0}",1.0,0.8,0.8,0.6400000000000001,200000,empirical_value,0.04898999999999998,synthetic,ALL,not_applicable,not_applicable
EXP-01,SYNTHETIC EXPERIMENT,1747,full,664a150484ed2af3,1af21e3107bce179,"{""alpha_a"": 1.0, ""alpha_b"": 0.85, ""kappa_a"": 0.8, ""kappa_b"": 0.68, ""n_per_group"": 200000.0}",1.0,0.85,0.8,0.68,200000,empirical_value,0.036110000000000086,synthetic,ALL,not_applicable,not_applicable
EXP-01,SYNTHETIC EXPERIMENT,1747,full,664a150484ed2af3,5ff3a7d612399c5f,"{""alpha_a"": 1.0, ""alpha_b"": 0.9, ""kappa_a"": 0.8, ""kappa_b"": 0.7200000000000001, ""n_per_group"": 200000.0}",1.0,0.9,0.8,0.7200000000000001,200000,empirical_value,0.02487000000000006,synthetic,ALL,not_applicable,not_applicable
EXP-01,SYNTHETIC EXPERIMENT,1747,full,664a150484ed2af3,0099810ce775e549,"{""alpha_a"": 1.0, ""alpha_b"": 0.95, ""kappa_a"": 0.8, ""kappa_b"": 0.76, ""n_per_group"": 200000.0}",1.0,0.95,0.8,0.76,200000,empirical_value,0.01195999999999997,synthetic,ALL,not_applicable,not_applicable
EXP-01,SYNTHETIC EXPERIMENT,1747,full,664a150484ed2af3,2450bd4c8c541d36,"{""alpha_a"": 1.0, ""alpha_b"": 1.0, ""kappa_a"": 0.8, ""kappa_b"": 0.8, ""n_per_group"": 200000.0}",1.0,1.0,0.8,0.8,200000,empirical_value,0.0007650000000000157,synthetic,ALL,not_applicable,not_applicable
EXP-01,SYNTHETIC EXPERIMENT,1747,full,664a150484ed2af3,d677c370f64041a5,"{""alpha_a"": 0.0, ""alpha_b"": 0.0, ""kappa_a"": 0.0, ""kappa_b"": 0.0, ""n_per_group"": 200000.0}",0.0,0.0,0.0,0.0,200000,empirical_signed_gap,0.0014049999999999896,synthetic,ALL,not_applicable,not_applicable
EXP-01,SYNTHETIC EXPERIMENT,1747,full,664a150484ed2af3,ee15a83f63fdf3a4,"{""alpha_a"": 0.0, ""alpha_b"": 0.05, ""kappa_a"": 0.0, ""kappa_b"": 0.04000000000000001, ""n_per_group"": 200000.0}",0.0,0.05,0.0,0.04000000000000001,200000,empirical_signed_gap,-0.013130000000000086,synthetic,ALL,not_applicable,not_applicable
EXP-01,SYNTHETIC EXPERIMENT,1747,full,664a150484ed2af3,9f213ad987e10721,"{""alpha_a"": 0.0, ""alpha_b"": 0.1, ""kappa_a"": 0.0, ""kappa_b"": 0.08000000000000002, ""n_per_group"": 200000.0}",0.0,0.1,0.0,0.08000000000000002,200000,empirical_signed_gap,-0.0247949999999999,synthetic,ALL,not_applicable,not_applicable
EXP-01,SYNTHETIC EXPERIMENT,1747,full,664a150484ed2af3,a50ea05cc3632546,"{""alpha_a"": 0.0, ""alpha_b"": 0.15, ""kappa_a"": 0.0, ""kappa_b"": 0.12, ""n_per_group"": 200000.0}",0.0,0.15,0.0,0.12,200000,empirical_signed_gap,-0.035194999999999976,synthetic,ALL,not_applicable,not_applicable
EXP-01,SYNTHETIC EXPERIMENT,1747,full,664a150484ed2af3,cb7d140ab1af89e3,"{""alpha_a"": 0.0, ""alpha_b"": 0.2, ""kappa_a"": 0.0, ""kappa_b"": 0.16000000000000003, ""n_per_group"": 200000.0}",0.0,0.2,0.0,0.16000000000000003,200000,empirical_signed_gap,-0.04736499999999999,synthetic,ALL,not_applicable,not_applicable
EXP-01,SYNTHETIC EXPERIMENT,1747,full,664a150484ed2af3,07a82f8c8509babe,"{""alpha_a"": 0.0, ""alpha_b"": 0.25, ""kappa_a"": 0.0, ""kappa_b"": 0.2, ""n_per_group"": 200000.0}",0.0,0.25,0.0,0.2,200000,empirical_signed_gap,-0.060450000000000004,synthetic,ALL,not_applicable,not_applicable
EXP-01,SYNTHETIC EXPERIMENT,1747,full,664a150484ed2af3,c7201cceb6eba04e,"{""alpha_a"": 0.0, ""alpha_b"": 0.3, ""kappa_a"": 0.0, ""kappa_b"": 0.24, ""n_per_group"": 200000.0}",0.0,0.3,0.0,0.24,200000,empirical_signed_gap,-0.07188000000000005,synthetic,ALL,not_applicable,not_applicable
EXP-01,SYNTHETIC EXPERIMENT,1747,full,664a150484ed2af3,2d0c1d2bc4d99071,"{""alpha_a"": 0.0, ""alpha_b"": 0.35, ""kappa_a"": 0.0, ""kappa_b"": 0.27999999999999997, ""n_per_group"": 200000.0}",0.0,0.35,0.0,0.27999999999999997,200000,empirical_signed_gap,-0.08594999999999997,synthetic,ALL,not_applicable,not_applicable
EXP-01,SYNTHETIC EXPERIMENT,1747,full,664a150484ed2af3,94e82436bcbea66c,"{""alpha_a"": 0.0, ""alpha_b"": 0.4, ""kappa_a"": 0.0, ""kappa_b"": 0.32000000000000006, ""n_per_group"": 200000.0}",0.0,0.4,0.0,0.32000000000000006,200000,empirical_signed_gap,-0.09681499999999998,synthetic,ALL,not_applicable,not_applicable
EXP-01,SYNTHETIC EXPERIMENT,1747,full,664a150484ed2af3,7a738e25c58974de,"{""alpha_a"": 0.0, ""alpha_b"": 0.45, ""kappa_a"": 0.0, ""kappa_b"": 0.36000000000000004, ""n_per_group"": 200000.0}",0.0,0.45,0.0,0.36000000000000004,200000,empirical_signed_gap,-0.10503000000000007,synthetic,ALL,not_applicable,not_applicable
EXP-01,SYNTHETIC EXPERIMENT,1747,full,664a150484ed2af3,9be7822385526acd,"{""alpha_a"": 0.0, ""alpha_b"": 0.5, ""kappa_a"": 0.0, ""kappa_b"": 0.4, ""n_per_group"": 200000.0}",0.0,0.5,0.0,0.4,200000,empirical_signed_gap,-0.116695,synthetic,ALL,not_applicable,not_applicable
EXP-01,SYNTHETIC EXPERIMENT,1747,full,664a150484ed2af3,d187a1a86360d4a1,"{""alpha_a"": 0.0, ""alpha_b"": 0.55, ""kappa_a"": 0.0, ""kappa_b"": 0.44000000000000006, ""n_per_group"": 200000.0}",0.0,0.55,0.0,0.44000000000000006,200000,empirical_signed_gap,-0.13217999999999996,synthetic,ALL,not_applicable,not_applicable
EXP-01,SYNTHETIC EXPERIMENT,1747,full,664a150484ed2af3,f099a38496da6d21,"{""alpha_a"": 0.0, ""alpha_b"": 0.6, ""kappa_a"": 0.0, ""kappa_b"": 0.48, ""n_per_group"": 200000.0}",0.0,0.6,0.0,0.48,200000,empirical_signed_gap,-0.14244500000000004,synthetic,ALL,not_applicable,not_applicable
EXP-01,SYNTHETIC EXPERIMENT,1747,full,664a150484ed2af3,6425c81b89dd6306,"{""alpha_a"": 0.0, ""alpha_b"": 0.65, ""kappa_a"": 0.0, ""kappa_b"": 0.52, ""n_per_group"": 200000.0}",0.0,0.65,0.0,0.52,200000,empirical_signed_gap,-0.155845,synthetic,ALL,not_applicable,not_applicable
EXP-01,SYNTHETIC EXPERIMENT,1747,full,664a150484ed2af3,c187d229ad634965,"{""alpha_a"": 0.0, ""alpha_b"": 0.7, ""kappa_a"": 0.0, ""kappa_b"": 0.5599999999999999, ""n_per_group"": 200000.0}",0.0,0.7,0.0,0.5599999999999999,200000,empirical_signed_gap,-0.16811500000000001,synthetic,ALL,not_applicable,not_applicable
EXP-01,SYNTHETIC EXPERIMENT,1747,full,664a150484ed2af3,26c153d1fce459b2,"{""alpha_a"": 0.0, ""alpha_b"": 0.75, ""kappa_a"": 0.0, ""kappa_b"": 0.6000000000000001, ""n_per_group"": 200000.0}",0.0,0.75,0.0,0.6000000000000001,200000,empirical_signed_gap,-0.18169999999999997,synthetic,ALL,not_applicable,not_applicable
EXP-01,SYNTHETIC EXPERIMENT,1747,full,664a150484ed2af3,82cd72741378faa9,"{""alpha_a"": 0.0, ""alpha_b"": 0.8, ""kappa_a"": 0.0, ""kappa_b"": 0.6400000000000001, ""n_per_group"": 200000.0}",0.0,0.8,0.0,0.6400000000000001,200000,empirical_signed_gap,-0.19283000000000006,synthetic,ALL,not_applicable,not_applicable
EXP-01,SYNTHETIC EXPERIMENT,1747,full,664a150484ed2af3,53b00f6023d4c902,"{""alpha_a"": 0.0, ""alpha_b"": 0.85, ""kappa_a"": 0.0, ""kappa_b"": 0.68, ""n_per_group"": 200000.0}",0.0,0.85,0.0,0.68,200000,empirical_signed_gap,-0.20406999999999997,synthetic,ALL,not_applicable,not_applicable
EXP-01,SYNTHETIC EXPERIMENT,1747,full,664a150484ed2af3,a3219e109d91ed33,"{""alpha_a"": 0.0, ""alpha_b"": 0.9, ""kappa_a"": 0.0, ""kappa_b"": 0.7200000000000001, ""n_per_group"": 200000.0}",0.0,0.9,0.0,0.7200000000000001,200000,empirical_signed_gap,-0.216275,synthetic,ALL,not_applicable,not_applicable
EXP-01,SYNTHETIC EXPERIMENT,1747,full,664a150484ed2af3,f19beb43b18b3e3a,"{""alpha_a"": 0.0, ""alpha_b"": 0.95, ""kappa_a"": 0.0, ""kappa_b"": 0.76, ""n_per_group"": 200000.0}",0.0,0.95,0.0,0.76,200000,empirical_signed_gap,-0.22699999999999998,synthetic,ALL,not_applicable,not_applicable
EXP-01,SYNTHETIC EXPERIMENT,1747,full,664a150484ed2af3,e9c1bbf887ad5156,"{""alpha_a"": 0.0, ""alpha_b"": 1.0, ""kappa_a"": 0.0, ""kappa_b"": 0.8, ""n_per_group"": 200000.0}",0.0,1.0,0.0,0.8,200000,empirical_signed_gap,-0.24123499999999998,synthetic,ALL,not_applicable,not_applicable
EXP-01,SYNTHETIC EXPERIMENT,1747,full,664a150484ed2af3,517bf43b25015681,"{""alpha_a"": 0.05, ""alpha_b"": 0.0, ""kappa_a"": 0.04000000000000001, ""kappa_b"": 0.0, ""n_per_group"": 200000.0}",0.05,0.0,0.04000000000000001,0.0,200000,empirical_signed_gap,0.014364999999999961,synthetic,ALL,not_applicable,not_applicable
EXP-01,SYNTHETIC EXPERIMENT,1747,full,664a150484ed2af3,928165d19889b44d,"{""alpha_a"": 0.05, ""alpha_b"": 0.05, ""kappa_a"": 0.04000000000000001, ""kappa_b"": 0.04000000000000001, ""n_per_group"": 200000.0}",0.05,0.05,0.04000000000000001,0.04000000000000001,200000,empirical_signed_gap,-0.0012750000000000261,synthetic,ALL,not_applicable,not_applicable
EXP-01,SYNTHETIC EXPERIMENT,1747,full,664a150484ed2af3,4dcbefe78bb965fa,"{""alpha_a"": 0.05, ""alpha_b"": 0.1, ""kappa_a"": 0.04000000000000001, ""kappa_b"": 0.08000000000000002, ""n_per_group"": 200000.0}",0.05,0.1,0.04000000000000001,0.08000000000000002,200000,empirical_signed_gap,-0.010500000000000065,synthetic,ALL,not_applicable,not_applicable
EXP-01,SYNTHETIC EXPERIMENT,1747,full,664a150484ed2af3,3d8bba13e37d12a2,"{""alpha_a"": 0.05, ""alpha_b"": 0.15, ""kappa_a"": 0.04000000000000001, ""kappa_b"": 0.12, ""n_per_group"": 200000.0}",0.05,0.15,0.04000000000000001,0.12,200000,empirical_signed_gap,-0.024074999999999958,synthetic,ALL,not_applicable,not_applicable
EXP-01,SYNTHETIC EXPERIMENT,1747,full,664a150484ed2af3,248cb25828144e14,"{""alpha_a"": 0.05, ""alpha_b"": 0.2, ""kappa_a"": 0.04000000000000001, ""kappa_b"": 0.16000000000000003, ""n_per_group"": 200000.0}",0.05,0.2,0.04000000000000001,0.16000000000000003,200000,empirical_signed_gap,-0.039529999999999954,synthetic,ALL,not_applicable,not_applicable
EXP-01,SYNTHETIC EXPERIMENT,1747,full,664a150484ed2af3,bf8a90fef670b5c1,"{""alpha_a"": 0.05, ""alpha_b"": 0.25, ""kappa_a"": 0.04000000000000001, ""kappa_b"": 0.2, ""n_per_group"": 200000.0}",0.05,0.25,0.04000000000000001,0.2,200000,empirical_signed_gap,-0.05064999999999997,synthetic,ALL,not_applicable,not_applicable
EXP-01,SYNTHETIC EXPERIMENT,1747,full,664a150484ed2af3,b4c4a034cc6a3477,"{""alpha_a"": 0.05, ""alpha_b"": 0.3, ""kappa_a"": 0.04000000000000001, ""kappa_b"": 0.24, ""n_per_group"": 200000.0}",0.05,0.3,0.04000000000000001,0.24,200000,empirical_signed_gap,-0.059635000000000105,synthetic,ALL,not_applicable,not_applicable
EXP-01,SYNTHETIC EXPERIMENT,1747,full,664a150484ed2af3,515389475eead2e0,"{""alpha_a"": 0.05, ""alpha_b"": 0.35, ""kappa_a"": 0.04000000000000001, ""kappa_b"": 0.27999999999999997, ""n_per_group"": 200000.0}",0.05,0.35,0.04000000000000001,0.27999999999999997,200000,empirical_signed_gap,-0.07033499999999993,synthetic,ALL,not_applicable,not_applicable
EXP-01,SYNTHETIC EXPERIMENT,1747,full,664a150484ed2af3,4e99ed3934b7d2fb,"{""alpha_a"": 0.05, ""alpha_b"": 0.4, ""kappa_a"": 0.04000000000000001, ""kappa_b"": 0.32000000000000006, ""n_per_group"": 200000.0}",0.05,0.4,0.04000000000000001,0.32000000000000006,200000,empirical_signed_gap,-0.08514,synthetic,ALL,not_applicable,not_applicable
EXP-01,SYNTHETIC EXPERIMENT,1747,full,664a150484ed2af3,515a1d9d2839ad0d,"{""alpha_a"": 0.05, ""alpha_b"": 0.45, ""kappa_a"": 0.04000000000000001, ""kappa_b"": 0.36000000000000004, ""n_per_group"": 200000.0}",0.05,0.45,0.04000000000000001,0.36000000000000004,200000,empirical_signed_gap,-0.09517500000000001,synthetic,ALL,not_applicable,not_applicable
EXP-01,SYNTHETIC EXPERIMENT,1747,full,664a150484ed2af3,7a32c7a4f1c13764,"{""alpha_a"": 0.05, ""alpha_b"": 0.5, ""kappa_a"": 0.04000000000000001, ""kappa_b"": 0.4, ""n_per_group"": 200000.0}",0.05,0.5,0.04000000000000001,0.4,200000,empirical_signed_gap,-0.104275,synthetic,ALL,not_applicable,not_applicable
EXP-01,SYNTHETIC EXPERIMENT,1747,full,664a150484ed2af3,d522d392978a95b8,"{""alpha_a"": 0.05, ""alpha_b"": 0.55, ""kappa_a"": 0.04000000000000001, ""kappa_b"": 0.44000000000000006, ""n_per_group"": 200000.0}",0.05,0.55,0.04000000000000001,0.44000000000000006,200000,empirical_signed_gap,-0.11731500000000006,synthetic,ALL,not_applicable,not_applicable
EXP-01,SYNTHETIC EXPERIMENT,1747,full,664a150484ed2af3,ec4724289873e8c4,"{""alpha_a"": 0.05, ""alpha_b"": 0.6, ""kappa_a"": 0.04000000000000001, ""kappa_b"": 0.48, ""n_per_group"": 200000.0}",0.05,0.6,0.04000000000000001,0.48,200000,empirical_signed_gap,-0.131795,synthetic,ALL,not_applicable,not_applicable
EXP-01,SYNTHETIC EXPERIMENT,1747,full,664a150484ed2af3,26755716f1dba749,"{""alpha_a"": 0.05, ""alpha_b"": 0.65, ""kappa_a"": 0.04000000000000001, ""kappa_b"": 0.52, ""n_per_group"": 200000.0}",0.05,0.65,0.04000000000000001,0.52,200000,empirical_signed_gap,-0.14458499999999996,synthetic,ALL,not_applicable,not_applicable
EXP-01,SYNTHETIC EXPERIMENT,1747,full,664a150484ed2af3,0f638c1854f1970d,"{""alpha_a"": 0.05, ""alpha_b"": 0.7, ""kappa_a"": 0.04000000000000001, ""kappa_b"": 0.5599999999999999, ""n_per_group"": 200000.0}",0.05,0.7,0.04000000000000001,0.5599999999999999,200000,empirical_signed_gap,-0.156675,synthetic,ALL,not_applicable,not_applicable
EXP-01,SYNTHETIC EXPERIMENT,1747,full,664a150484ed2af3,26d544bc09ce66a9,"{""alpha_a"": 0.05, ""alpha_b"": 0.75, ""kappa_a"": 0.04000000000000001, ""kappa_b"": 0.6000000000000001, ""n_per_group"": 200000.0}",0.05,0.75,0.04000000000000001,0.6000000000000001,200000,empirical_signed_gap,-0.17049999999999998,synthetic,ALL,not_applicable,not_applicable
EXP-01,SYNTHETIC EXPERIMENT,1747,full,664a150484ed2af3,23237d59319bfd07,"{""alpha_a"": 0.05, ""alpha_b"": 0.8, ""kappa_a"": 0.04000000000000001, ""kappa_b"": 0.6400000000000001, ""n_per_group"": 200000.0}",0.05,0.8,0.04000000000000001,0.6400000000000001,200000,empirical_signed_gap,-0.18062499999999992,synthetic,ALL,not_applicable,not_applicable
EXP-01,SYNTHETIC EXPERIMENT,1747,full,664a150484ed2af3,738e962e48b78cff,"{""alpha_a"": 0.05, ""alpha_b"": 0.85, ""kappa_a"": 0.04000000000000001, ""kappa_b"": 0.68, ""n_per_group"": 200000.0}",0.05,0.85,0.04000000000000001,0.68,200000,empirical_signed_gap,-0.19117499999999998,synthetic,ALL,not_applicable,not_applicable
EXP-01,SYNTHETIC EXPERIMENT,1747,full,664a150484ed2af3,76f5bf6fdc152914,"{""alpha_a"": 0.05, ""alpha_b"": 0.9, ""kappa_a"": 0.04000000000000001, ""kappa_b"": 0.7200000000000001, ""n_per_group"": 200000.0}",0.05,0.9,0.04000000000000001,0.7200000000000001,200000,empirical_signed_gap,-0.2053600000000001,synthetic,ALL,not_applicable,not_applicable
EXP-01,SYNTHETIC EXPERIMENT,1747,full,664a150484ed2af3,ee689fe85a37c279,"{""alpha_a"": 0.05, ""alpha_b"": 0.95, ""kappa_a"": 0.04000000000000001, ""kappa_b"": 0.76, ""n_per_group"": 200000.0}",0.05,0.95,0.04000000000000001,0.76,200000,empirical_signed_gap,-0.21692500000000003,synthetic,ALL,not_applicable,not_applicable
EXP-01,SYNTHETIC EXPERIMENT,1747,full,664a150484ed2af3,ddcb1a1882664933,"{""alpha_a"": 0.05, ""alpha_b"": 1.0, ""kappa_a"": 0.04000000000000001, ""kappa_b"": 0.8, ""n_per_group"": 200000.0}",0.05,1.0,0.04000000000000001,0.8,200000,empirical_signed_gap,-0.22825499999999999,synthetic,ALL,not_applicable,not_applicable
EXP-01,SYNTHETIC EXPERIMENT,1747,full,664a150484ed2af3,a2915cafe1d6465a,"{""alpha_a"": 0.1, ""alpha_b"": 0.0, ""kappa_a"": 0.08000000000000002, ""kappa_b"": 0.0, ""n_per_group"": 200000.0}",0.1,0.0,0.08000000000000002,0.0,200000,empirical_signed_gap,0.024070000000000036,synthetic,ALL,not_applicable,not_applicable
EXP-01,SYNTHETIC EXPERIMENT,1747,full,664a150484ed2af3,120f7c547c56a2ff,"{""alpha_a"": 0.1, ""alpha_b"": 0.05, ""kappa_a"": 0.08000000000000002, ""kappa_b"": 0.04000000000000001, ""n_per_group"": 200000.0}",0.1,0.05,0.08000000000000002,0.04000000000000001,200000,empirical_signed_gap,0.01122500000000004,synthetic,ALL,not_applicable,not_applicable
EXP-01,SYNTHETIC EXPERIMENT,1747,full,664a150484ed2af3,7e2d1f708c0627fb,"{""alpha_a"": 0.1, ""alpha_b"": 0.1, ""kappa_a"": 0.08000000000000002, ""kappa_b"": 0.08000000000000002, ""n_per_group"": 200000.0}",0.1,0.1,0.08000000000000002,0.08000000000000002,200000,empirical_signed_gap,0.00036999999999998145,synthetic,ALL,not_applicable,not_applicable
EXP-01,SYNTHETIC EXPERIMENT,1747,full,664a150484ed2af3,d997930dab72759f,"{""alpha_a"": 0.1, ""alpha_b"": 0.15, ""kappa_a"": 0.08000000000000002, ""kappa_b"": 0.12, ""n_per_group"": 200000.0}",0.1,0.15,0.08000000000000002,0.12,200000,empirical_signed_gap,-0.012964999999999893,synthetic,ALL,not_applicable,not_applicable
EXP-01,SYNTHETIC EXPERIMENT,1747,full,664a150484ed2af3,ad103656ed8d7f0b,"{""alpha_a"": 0.1, ""alpha_b"": 0.2, ""kappa_a"": 0.08000000000000002, ""kappa_b"": 0.16000000000000003, ""n_per_group"": 200000.0}",0.1,0.2,0.08000000000000002,0.16000000000000003,200000,empirical_signed_gap,-0.02310000000000001,synthetic,ALL,not_applicable,not_applicable
EXP-01,SYNTHETIC EXPERIMENT,1747,full,664a150484ed2af3,c14ae267f5e9ca55,"{""alpha_a"": 0.1, ""alpha_b"": 0.25, ""kappa_a"": 0.08000000000000002, ""kappa_b"": 0.2, ""n_per_group"": 200000.0}",0.1,0.25,0.08000000000000002,0.2,200000,empirical_signed_gap,-0.035929999999999906,synthetic,ALL,not_applicable,not_applicable
EXP-01,SYNTHETIC EXPERIMENT,1747,full,664a150484ed2af3,c5eb1f7d126e4e5c,"{""alpha_a"": 0.1, ""alpha_b"": 0.3, ""kappa_a"": 0.08000000000000002, ""kappa_b"": 0.24, ""n_per_group"": 200000.0}",0.1,0.3,0.08000000000000002,0.24,200000,empirical_signed_gap,-0.04734499999999997,synthetic,ALL,not_applicable,not_applicable
EXP-01,SYNTHETIC EXPERIMENT,1747,full,664a150484ed2af3,b89305dece33fe6b,"{""alpha_a"": 0.1, ""alpha_b"": 0.35, ""kappa_a"": 0.08000000000000002, ""kappa_b"": 0.27999999999999997, ""n_per_group"": 200000.0}",0.1,0.35,0.08000000000000002,0.27999999999999997,200000,empirical_signed_gap,-0.06221500000000002,synthetic,ALL,not_applicable,not_applicable
EXP-01,SYNTHETIC EXPERIMENT,1747,full,664a150484ed2af3,684fda3d6416ed53,"{""alpha_a"": 0.1, ""alpha_b"": 0.4, ""kappa_a"": 0.08000000000000002, ""kappa_b"": 0.32000000000000006, ""n_per_group"": 200000.0}",0.1,0.4,0.08000000000000002,0.32000000000000006,200000,empirical_signed_gap,-0.0715300000000001,synthetic,ALL,not_applicable,not_applicable
EXP-01,SYNTHETIC EXPERIMENT,1747,full,664a150484ed2af3,259b09bf1fb9895d,"{""alpha_a"": 0.1, ""alpha_b"": 0.45, ""kappa_a"": 0.08000000000000002, ""kappa_b"": 0.36000000000000004, ""n_per_group"": 200000.0}",0.1,0.45,0.08000000000000002,0.36000000000000004,200000,empirical_signed_gap,-0.085835,synthetic,ALL,not_applicable,not_applicable
EXP-01,SYNTHETIC EXPERIMENT,1747,full,664a150484ed2af3,1c9e3d54c99d81ff,"{""alpha_a"": 0.1, ""alpha_b"": 0.5, ""kappa_a"": 0.08000000000000002, ""kappa_b"": 0.4, ""n_per_group"": 200000.0}",0.1,0.5,0.08000000000000002,0.4,200000,empirical_signed_gap,-0.09464000000000006,synthetic,ALL,not_applicable,not_applicable
EXP-01,SYNTHETIC EXPERIMENT,1747,full,664a150484ed2af3,d621968872180cc4,"{""alpha_a"": 0.1, ""alpha_b"": 0.55, ""kappa_a"": 0.08000000000000002, ""kappa_b"": 0.44000000000000006, ""n_per_group"": 200000.0}",0.1,0.55,0.08000000000000002,0.44000000000000006,200000,empirical_signed_gap,-0.10512500000000002,synthetic,ALL,not_applicable,not_applicable
EXP-01,SYNTHETIC EXPERIMENT,1747,full,664a150484ed2af3,5fee5e1447dee117,"{""alpha_a"": 0.1, ""alpha_b"": 0.6, ""kappa_a"": 0.08000000000000002, ""kappa_b"": 0.48, ""n_per_group"": 200000.0}",0.1,0.6,0.08000000000000002,0.48,200000,empirical_signed_gap,-0.12079499999999999,synthetic,ALL,not_applicable,not_applicable
EXP-01,SYNTHETIC EXPERIMENT,1747,full,664a150484ed2af3,ac09b83643b65a98,"{""alpha_a"": 0.1, ""alpha_b"": 0.65, ""kappa_a"": 0.08000000000000002, ""kappa_b"": 0.52, ""n_per_group"": 200000.0}",0.1,0.65,0.08000000000000002,0.52,200000,empirical_signed_gap,-0.13183,synthetic,ALL,not_applicable,not_applicable
EXP-01,SYNTHETIC EXPERIMENT,1747,full,664a150484ed2af3,f014871fe5af6f7d,"{""alpha_a"": 0.1, ""alpha_b"": 0.7, ""kappa_a"": 0.08000000000000002, ""kappa_b"": 0.5599999999999999, ""n_per_group"": 200000.0}",0.1,0.7,0.08000000000000002,0.5599999999999999,200000,empirical_signed_gap,-0.14258000000000004,synthetic,ALL,not_applicable,not_applicable
EXP-01,SYNTHETIC EXPERIMENT,1747,full,664a150484ed2af3,be46b326154d4429,"{""alpha_a"": 0.1, ""alpha_b"": 0.75, ""kappa_a"": 0.08000000000000002, ""kappa_b"": 0.6000000000000001, ""n_per_group"": 200000.0}",0.1,0.75,0.08000000000000002,0.6000000000000001,200000,empirical_signed_gap,-0.15437,synthetic,ALL,not_applicable,not_applicable
EXP-01,SYNTHETIC EXPERIMENT,1747,full,664a150484ed2af3,b2387e44aaaf2399,"{""alpha_a"": 0.1, ""alpha_b"": 0.8, ""kappa_a"": 0.08000000000000002, ""kappa_b"": 0.6400000000000001, ""n_per_group"": 200000.0}",0.1,0.8,0.08000000000000002,0.6400000000000001,200000,empirical_signed_gap,-0.16944499999999996,synthetic,ALL,not_applicable,not_applicable
EXP-01,SYNTHETIC EXPERIMENT,1747,full,664a150484ed2af3,c0c424d80b9b50db,"{""alpha_a"": 0.1, ""alpha_b"": 0.85, ""kappa_a"": 0.08000000000000002, ""kappa_b"": 0.68, ""n_per_group"": 200000.0}",0.1,0.85,0.08000000000000002,0.68,200000,empirical_signed_gap,-0.18025499999999994,synthetic,ALL,not_applicable,not_applicable
EXP-01,SYNTHETIC EXPERIMENT,1747,full,664a150484ed2af3,2f6b0b058412dca4,"{""alpha_a"": 0.1, ""alpha_b"": 0.9, ""kappa_a"": 0.08000000000000002, ""kappa_b"": 0.7200000000000001, ""n_per_group"": 200000.0}",0.1,0.9,0.08000000000000002,0.7200000000000001,200000,empirical_signed_gap,-0.19340499999999994,synthetic,ALL,not_applicable,not_applicable
EXP-01,SYNTHETIC EXPERIMENT,1747,full,664a150484ed2af3,1815c76d78805582,"{""alpha_a"": 0.1, ""alpha_b"": 0.95, ""kappa_a"": 0.08000000000000002, ""kappa_b"": 0.76, ""n_per_group"": 200000.0}",0.1,0.95,0.08000000000000002,0.76,200000,empirical_signed_gap,-0.20220499999999997,synthetic,ALL,not_applicable,not_applicable
EXP-01,SYNTHETIC EXPERIMENT,1747,full,664a150484ed2af3,89ea702ee98ea51c,"{""alpha_a"": 0.1, ""alpha_b"": 1.0, ""kappa_a"": 0.08000000000000002, ""kappa_b"": 0.8, ""n_per_group"": 200000.0}",0.1,1.0,0.08000000000000002,0.8,200000,empirical_signed_gap,-0.21586000000000005,synthetic,ALL,not_applicable,not_applicable
EXP-01,SYNTHETIC EXPERIMENT,1747,full,664a150484ed2af3,08b729e9e05a1017,"{""alpha_a"": 0.15, ""alpha_b"": 0.0, ""kappa_a"": 0.12, ""kappa_b"": 0.0, ""n_per_group"": 200000.0}",0.15,0.0,0.12,0.0,200000,empirical_signed_gap,0.035845000000000016,synthetic,ALL,not_applicable,not_applicable
EXP-01,SYNTHETIC EXPERIMENT,1747,full,664a150484ed2af3,7751e99793084c2b,"{""alpha_a"": 0.15, ""alpha_b"": 0.05, ""kappa_a"": 0.12, ""kappa_b"": 0.04000000000000001, ""n_per_group"": 200000.0}",0.15,0.05,0.12,0.04000000000000001,200000,empirical_signed_gap,0.023464999999999958,synthetic,ALL,not_applicable,not_applicable
EXP-01,SYNTHETIC EXPERIMENT,1747,full,664a150484ed2af3,059a983f21c27d05,"{""alpha_a"": 0.15, ""alpha_b"": 0.1, ""kappa_a"": 0.12, ""kappa_b"": 0.08000000000000002, ""n_per_group"": 200000.0}",0.15,0.1,0.12,0.08000000000000002,200000,empirical_signed_gap,0.008379999999999943,synthetic,ALL,not_applicable,not_applicable
EXP-01,SYNTHETIC EXPERIMENT,1747,full,664a150484ed2af3,83532426754cba0b,"{""alpha_a"": 0.15, ""alpha_b"": 0.15, ""kappa_a"": 0.12, ""kappa_b"": 0.12, ""n_per_group"": 200000.0}",0.15,0.15,0.12,0.12,200000,empirical_signed_gap,-0.0008299999999999974,synthetic,ALL,not_applicable,not_applicable
EXP-01,SYNTHETIC EXPERIMENT,1747,full,664a150484ed2af3,dab075d822cb2e53,"{""alpha_a"": 0.15, ""alpha_b"": 0.2, ""kappa_a"": 0.12, ""kappa_b"": 0.16000000000000003, ""n_per_group"": 200000.0}",0.15,0.2,0.12,0.16000000000000003,200000,empirical_signed_gap,-0.01173499999999994,synthetic,ALL,not_applicable,not_applicable
EXP-01,SYNTHETIC EXPERIMENT,1747,full,664a150484ed2af3,ff406255e9541ce0,"{""alpha_a"": 0.15, ""alpha_b"": 0.25, ""kappa_a"": 0.12, ""kappa_b"": 0.2, ""n_per_group"": 200000.0}",0.15,0.25,0.12,0.2,200000,empirical_signed_gap,-0.02291500000000002,synthetic,ALL,not_applicable,not_applicable
EXP-01,SYNTHETIC EXPERIMENT,1747,full,664a150484ed2af3,bc67d0228f2d5dea,"{""alpha_a"": 0.15, ""alpha_b"": 0.3, ""kappa_a"": 0.12, ""kappa_b"": 0.24, ""n_per_group"": 200000.0}",0.15,0.3,0.12,0.24,200000,empirical_signed_gap,-0.03614499999999998,synthetic,ALL,not_applicable,not_applicable
EXP-01,SYNTHETIC EXPERIMENT,1747,full,664a150484ed2af3,6e83edbdd079b951,"{""alpha_a"": 0.15, ""alpha_b"": 0.35, ""kappa_a"": 0.12, ""kappa_b"": 0.27999999999999997, ""n_per_group"": 200000.0}",0.15,0.35,0.12,0.27999999999999997,200000,empirical_signed_gap,-0.048130000000000006,synthetic,ALL,not_applicable,not_applicable
EXP-01,SYNTHETIC EXPERIMENT,1747,full,664a150484ed2af3,036e8f34c32b5e42,"{""alpha_a"": 0.15, ""alpha_b"": 0.4, ""kappa_a"": 0.12, ""kappa_b"": 0.32000000000000006, ""n_per_group"": 200000.0}",0.15,0.4,0.12,0.32000000000000006,200000,empirical_signed_gap,-0.06015000000000004,synthetic,ALL,not_applicable,not_applicable
EXP-01,SYNTHETIC EXPERIMENT,1747,full,664a150484ed2af3,acfa907abcae472a,"{""alpha_a"": 0.15, ""alpha_b"": 0.45, ""kappa_a"": 0.12, ""kappa_b"": 0.36000000000000004, ""n_per_group"": 200000.0}",0.15,0.45,0.12,0.36000000000000004,200000,empirical_signed_gap,-0.07443999999999995,synthetic,ALL,not_applicable,not_applicable
EXP-01,SYNTHETIC EXPERIMENT,1747,full,664a150484ed2af3,a9662090ca98d4f6,"{""alpha_a"": 0.15, ""alpha_b"": 0.5, ""kappa_a"": 0.12, ""kappa_b"": 0.4, ""n_per_group"": 200000.0}",0.15,0.5,0.12,0.4,200000,empirical_signed_gap,-0.08316999999999997,synthetic,ALL,not_applicable,not_applicable
EXP-01,SYNTHETIC EXPERIMENT,1747,full,664a150484ed2af3,045eff080186688d,"{""alpha_a"": 0.15, ""alpha_b"": 0.55, ""kappa_a"": 0.12, ""kappa_b"": 0.44000000000000006, ""n_per_group"": 200000.0}",0.15,0.55,0.12,0.44000000000000006,200000,empirical_signed_gap,-0.0982400000000001,synthetic,ALL,not_applicable,not_applicable
EXP-01,SYNTHETIC EXPERIMENT,1747,full,664a150484ed2af3,1a1483085ec0edf2,"{""alpha_a"": 0.15, ""alpha_b"": 0.6, ""kappa_a"": 0.12, ""kappa_b"": 0.48, ""n_per_group"": 200000.0}",0.15,0.6,0.12,0.48,200000,empirical_signed_gap,-0.10909999999999997,synthetic,ALL,not_applicable,not_applicable
EXP-01,SYNTHETIC EXPERIMENT,1747,full,664a150484ed2af3,6a6a0e31246bf09c,"{""alpha_a"": 0.15, ""alpha_b"": 0.65, ""kappa_a"": 0.12, ""kappa_b"": 0.52, ""n_per_group"": 200000.0}",0.15,0.65,0.12,0.52,200000,empirical_signed_gap,-0.11933000000000005,synthetic,ALL,not_applicable,not_applicable
EXP-01,SYNTHETIC EXPERIMENT,1747,full,664a150484ed2af3,d10cd4e23035c428,"{""alpha_a"": 0.15, ""alpha_b"": 0.7, ""kappa_a"": 0.12, ""kappa_b"": 0.5599999999999999, ""n_per_group"": 200000.0}",0.15,0.7,0.12,0.5599999999999999,200000,empirical_signed_gap,-0.131035,synthetic,ALL,not_applicable,not_applicable
EXP-01,SYNTHETIC EXPERIMENT,1747,full,664a150484ed2af3,9cb28d943a1dc510,"{""alpha_a"": 0.15, ""alpha_b"": 0.75, ""kappa_a"": 0.12, ""kappa_b"": 0.6000000000000001, ""n_per_group"": 200000.0}",0.15,0.75,0.12,0.6000000000000001,200000,empirical_signed_gap,-0.14592499999999997,synthetic,ALL,not_applicable,not_applicable
EXP-01,SYNTHETIC EXPERIMENT,1747,full,664a150484ed2af3,8e58a4fc2a580565,"{""alpha_a"": 0.15, ""alpha_b"": 0.8, ""kappa_a"": 0.12, ""kappa_b"": 0.6400000000000001, ""n_per_group"": 200000.0}",0.15,0.8,0.12,0.6400000000000001,200000,empirical_signed_gap,-0.15619000000000005,synthetic,ALL,not_applicable,not_applicable
EXP-01,SYNTHETIC EXPERIMENT,1747,full,664a150484ed2af3,201a8d3cd827b864,"{""alpha_a"": 0.15, ""alpha_b"": 0.85, ""kappa_a"": 0.12, ""kappa_b"": 0.68, ""n_per_group"": 200000.0}",0.15,0.85,0.12,0.68,200000,empirical_signed_gap,-0.16888000000000003,synthetic,ALL,not_applicable,not_applicable
EXP-01,SYNTHETIC EXPERIMENT,1747,full,664a150484ed2af3,afd508f6c028d6a9,"{""alpha_a"": 0.15, ""alpha_b"": 0.9, ""kappa_a"": 0.12, ""kappa_b"": 0.7200000000000001, ""n_per_group"": 200000.0}",0.15,0.9,0.12,0.7200000000000001,200000,empirical_signed_gap,-0.18200499999999997,synthetic,ALL,not_applicable,not_applicable
EXP-01,SYNTHETIC EXPERIMENT,1747,full,664a150484ed2af3,ae3046ae15a815a4,"{""alpha_a"": 0.15, ""alpha_b"": 0.95, ""kappa_a"": 0.12, ""kappa_b"": 0.76, ""n_per_group"": 200000.0}",0.15,0.95,0.12,0.76,200000,empirical_signed_gap,-0.191805,synthetic,ALL,not_applicable,not_applicable
EXP-01,SYNTHETIC EXPERIMENT,1747,full,664a150484ed2af3,694c5a71a7871c49,"{""alpha_a"": 0.15, ""alpha_b"": 1.0, ""kappa_a"": 0.12, ""kappa_b"": 0.8, ""n_per_group"": 200000.0}",0.15,1.0,0.12,0.8,200000,empirical_signed_gap,-0.201735,synthetic,ALL,not_applicable,not_applicable
EXP-01,SYNTHETIC EXPERIMENT,1747,full,664a150484ed2af3,7febf754872d3919,"{""alpha_a"": 0.2, ""alpha_b"": 0.0, ""kappa_a"": 0.16000000000000003, ""kappa_b"": 0.0, ""n_per_group"": 200000.0}",0.2,0.0,0.16000000000000003,0.0,200000,empirical_signed_gap,0.04930500000000004,synthetic,ALL,not_applicable,not_applicable
EXP-01,SYNTHETIC EXPERIMENT,1747,full,664a150484ed2af3,af0e88350643e722,"{""alpha_a"": 0.2, ""alpha_b"": 0.05, ""kappa_a"": 0.16000000000000003, ""kappa_b"": 0.04000000000000001, ""n_per_group"": 200000.0}",0.2,0.05,0.16000000000000003,0.04000000000000001,200000,empirical_signed_gap,0.03785499999999997,synthetic,ALL,not_applicable,not_applicable
EXP-01,SYNTHETIC EXPERIMENT,1747,full,664a150484ed2af3,ebc7988d8059dc14,"{""alpha_a"": 0.2, ""alpha_b"": 0.1, ""kappa_a"": 0.16000000000000003, ""kappa_b"": 0.08000000000000002, ""n_per_group"": 200000.0}",0.2,0.1,0.16000000000000003,0.08000000000000002,200000,empirical_signed_gap,0.022664999999999935,synthetic,ALL,not_applicable,not_applicable
EXP-01,SYNTHETIC EXPERIMENT,1747,full,664a150484ed2af3,41008b528b1235f7,"{""alpha_a"": 0.2, ""alpha_b"": 0.15, ""kappa_a"": 0.16000000000000003, ""kappa_b"": 0.12, ""n_per_group"": 200000.0}",0.2,0.15,0.16000000000000003,0.12,200000,empirical_signed_gap,0.013340000000000019,synthetic,ALL,not_applicable,not_applicable
EXP-01,SYNTHETIC EXPERIMENT,1747,full,664a150484ed2af3,a3f00a124577869e,"{""alpha_a"": 0.2, ""alpha_b"": 0.2, ""kappa_a"": 0.16000000000000003, ""kappa_b"": 0.16000000000000003, ""n_per_group"": 200000.0}",0.2,0.2,0.16000000000000003,0.16000000000000003,200000,empirical_signed_gap,5.500000000002725e-05,synthetic,ALL,not_applicable,not_applicable
EXP-01,SYNTHETIC EXPERIMENT,1747,full,664a150484ed2af3,8a2519f2ff1ed8f6,"{""alpha_a"": 0.2, ""alpha_b"": 0.25, ""kappa_a"": 0.16000000000000003, ""kappa_b"": 0.2, ""n_per_group"": 200000.0}",0.2,0.25,0.16000000000000003,0.2,200000,empirical_signed_gap,-0.01169000000000009,synthetic,ALL,not_applicable,not_applicable
EXP-01,SYNTHETIC EXPERIMENT,1747,full,664a150484ed2af3,b4f261583a3b724a,"{""alpha_a"": 0.2, ""alpha_b"": 0.3, ""kappa_a"": 0.16000000000000003, ""kappa_b"": 0.24, ""n_per_group"": 200000.0}",0.2,0.3,0.16000000000000003,0.24,200000,empirical_signed_gap,-0.023109999999999964,synthetic,ALL,not_applicable,not_applicable
EXP-01,SYNTHETIC EXPERIMENT,1747,full,664a150484ed2af3,f681b88a7543859f,"{""alpha_a"": 0.2, ""alpha_b"": 0.35, ""kappa_a"": 0.16000000000000003, ""kappa_b"": 0.27999999999999997, ""n_per_group"": 200000.0}",0.2,0.35,0.16000000000000003,0.27999999999999997,200000,empirical_signed_gap,-0.03634999999999999,synthetic,ALL,not_applicable,not_applicable
EXP-01,SYNTHETIC EXPERIMENT,1747,full,664a150484ed2af3,d20ee4fa0ea4046f,"{""alpha_a"": 0.2, ""alpha_b"": 0.4, ""kappa_a"": 0.16000000000000003, ""kappa_b"": 0.32000000000000006, ""n_per_group"": 200000.0}",0.2,0.4,0.16000000000000003,0.32000000000000006,200000,empirical_signed_gap,-0.046314999999999995,synthetic,ALL,not_applicable,not_applicable
EXP-01,SYNTHETIC EXPERIMENT,1747,full,664a150484ed2af3,ff7a91fd1b801645,"{""alpha_a"": 0.2, ""alpha_b"": 0.45, ""kappa_a"": 0.16000000000000003, ""kappa_b"": 0.36000000000000004, ""n_per_group"": 200000.0}",0.2,0.45,0.16000000000000003,0.36000000000000004,200000,empirical_signed_gap,-0.059209999999999985,synthetic,ALL,not_applicable,not_applicable
EXP-01,SYNTHETIC EXPERIMENT,1747,full,664a150484ed2af3,6bfd94f82a5d1ff2,"{""alpha_a"": 0.2, ""alpha_b"": 0.5, ""kappa_a"": 0.16000000000000003, ""kappa_b"": 0.4, ""n_per_group"": 200000.0}",0.2,0.5,0.16000000000000003,0.4,200000,empirical_signed_gap,-0.07206999999999997,synthetic,ALL,not_applicable,not_applicable
EXP-01,SYNTHETIC EXPERIMENT,1747,full,664a150484ed2af3,40b3681ff1bd5a33,"{""alpha_a"": 0.2, ""alpha_b"": 0.55, ""kappa_a"": 0.16000000000000003, ""kappa_b"": 0.44000000000000006, ""n_per_group"": 200000.0}",0.2,0.55,0.16000000000000003,0.44000000000000006,200000,empirical_signed_gap,-0.085735,synthetic,ALL,not_applicable,not_applicable
EXP-01,SYNTHETIC EXPERIMENT,1747,full,664a150484ed2af3,e211bd0acc7eecf6,"{""alpha_a"": 0.2, ""alpha_b"": 0.6, ""kappa_a"": 0.16000000000000003, ""kappa_b"": 0.48, ""n_per_group"": 200000.0}",0.2,0.6,0.16000000000000003,0.48,200000,empirical_signed_gap,-0.09556500000000001,synthetic,ALL,not_applicable,not_applicable
EXP-01,SYNTHETIC EXPERIMENT,1747,full,664a150484ed2af3,1e13ae164faf8f41,"{""alpha_a"": 0.2, ""alpha_b"": 0.65, ""kappa_a"": 0.16000000000000003, ""kappa_b"": 0.52, ""n_per_group"": 200000.0}",0.2,0.65,0.16000000000000003,0.52,200000,empirical_signed_gap,-0.10604500000000006,synthetic,ALL,not_applicable,not_applicable
EXP-01,SYNTHETIC EXPERIMENT,1747,full,664a150484ed2af3,175745f0ccd8d860,"{""alpha_a"": 0.2, ""alpha_b"": 0.7, ""kappa_a"": 0.16000000000000003, ""kappa_b"": 0.5599999999999999, ""n_per_group"": 200000.0}",0.2,0.7,0.16000000000000003,0.5599999999999999,200000,empirical_signed_gap,-0.12009499999999995,synthetic,ALL,not_applicable,not_applicable
EXP-01,SYNTHETIC EXPERIMENT,1747,full,664a150484ed2af3,a450449f379465e7,"{""alpha_a"": 0.2, ""alpha_b"": 0.75, ""kappa_a"": 0.16000000000000003, ""kappa_b"": 0.6000000000000001, ""n_per_group"": 200000.0}",0.2,0.75,0.16000000000000003,0.6000000000000001,200000,empirical_signed_gap,-0.13185999999999998,synthetic,ALL,not_applicable,not_applicable
EXP-01,SYNTHETIC EXPERIMENT,1747,full,664a150484ed2af3,96e35d8738eec7f3,"{""alpha_a"": 0.2, ""alpha_b"": 0.8, ""kappa_a"": 0.16000000000000003, ""kappa_b"": 0.6400000000000001, ""n_per_group"": 200000.0}",0.2,0.8,0.16000000000000003,0.6400000000000001,200000,empirical_signed_gap,-0.14483000000000001,synthetic,ALL,not_applicable,not_applicable
EXP-01,SYNTHETIC EXPERIMENT,1747,full,664a150484ed2af3,e2761bb3a6a7dfd5,"{""alpha_a"": 0.2, ""alpha_b"": 0.85, ""kappa_a"": 0.16000000000000003, ""kappa_b"": 0.68, ""n_per_group"": 200000.0}",0.2,0.85,0.16000000000000003,0.68,200000,empirical_signed_gap,-0.15600499999999995,synthetic,ALL,not_applicable,not_applicable
EXP-01,SYNTHETIC EXPERIMENT,1747,full,664a150484ed2af3,96ba37d3d4dda9b2,"{""alpha_a"": 0.2, ""alpha_b"": 0.9, ""kappa_a"": 0.16000000000000003, ""kappa_b"": 0.7200000000000001, ""n_per_group"": 200000.0}",0.2,0.9,0.16000000000000003,0.7200000000000001,200000,empirical_signed_gap,-0.16776499999999994,synthetic,ALL,not_applicable,not_applicable
EXP-01,SYNTHETIC EXPERIMENT,1747,full,664a150484ed2af3,67c017115584954c,"{""alpha_a"": 0.2, ""alpha_b"": 0.95, ""kappa_a"": 0.16000000000000003, ""kappa_b"": 0.76, ""n_per_group"": 200000.0}",0.2,0.95,0.16000000000000003,0.76,200000,empirical_signed_gap,-0.18052,synthetic,ALL,not_applicable,not_applicable
EXP-01,SYNTHETIC EXPERIMENT,1747,full,664a150484ed2af3,308d26abc93558d0,"{""alpha_a"": 0.2, ""alpha_b"": 1.0, ""kappa_a"": 0.16000000000000003, ""kappa_b"": 0.8, ""n_per_group"": 200000.0}",0.2,1.0,0.16000000000000003,0.8,200000,empirical_signed_gap,-0.19079500000000005,synthetic,ALL,not_applicable,not_applicable
EXP-01,SYNTHETIC EXPERIMENT,1747,full,664a150484ed2af3,d0ef03f67f087104,"{""alpha_a"": 0.25, ""alpha_b"": 0.0, ""kappa_a"": 0.2, ""kappa_b"": 0.0, ""n_per_group"": 200000.0}",0.25,0.0,0.2,0.0,200000,empirical_signed_gap,0.06010000000000004,synthetic,ALL,not_applicable,not_applicable
EXP-01,SYNTHETIC EXPERIMENT,1747,full,664a150484ed2af3,640da030f4c79e2a,"{""alpha_a"": 0.25, ""alpha_b"": 0.05, ""kappa_a"": 0.2, ""kappa_b"": 0.04000000000000001, ""n_per_group"": 200000.0}",0.25,0.05,0.2,0.04000000000000001,200000,empirical_signed_gap,0.05121999999999993,synthetic,ALL,not_applicable,not_applicable
EXP-01,SYNTHETIC EXPERIMENT,1747,full,664a150484ed2af3,d35d22f3b88f0655,"{""alpha_a"": 0.25, ""alpha_b"": 0.1, ""kappa_a"": 0.2, ""kappa_b"": 0.08000000000000002, ""n_per_group"": 200000.0}",0.25,0.1,0.2,0.08000000000000002,200000,empirical_signed_gap,0.03345000000000009,synthetic,ALL,not_applicable,not_applicable
EXP-01,SYNTHETIC EXPERIMENT,1747,full,664a150484ed2af3,36a097142cdadf6f,"{""alpha_a"": 0.25, ""alpha_b"": 0.15, ""kappa_a"": 0.2, ""kappa_b"": 0.12, ""n_per_group"": 200000.0}",0.25,0.15,0.2,0.12,200000,empirical_signed_gap,0.02499499999999999,synthetic,ALL,not_applicable,not_applicable
EXP-01,SYNTHETIC EXPERIMENT,1747,full,664a150484ed2af3,771ed3facb31defa,"{""alpha_a"": 0.25, ""alpha_b"": 0.2, ""kappa_a"": 0.2, ""kappa_b"": 0.16000000000000003, ""n_per_group"": 200000.0}",0.25,0.2,0.2,0.16000000000000003,200000,empirical_signed_gap,0.01319999999999999,synthetic,ALL,not_applicable,not_applicable
EXP-01,SYNTHETIC EXPERIMENT,1747,full,664a150484ed2af3,0ef3f92454098838,"{""alpha_a"": 0.25, ""alpha_b"": 0.25, ""kappa_a"": 0.2, ""kappa_b"": 0.2, ""n_per_group"": 200000.0}",0.25,0.25,0.2,0.2,200000,empirical_signed_gap,0.0003250000000000197,synthetic,ALL,not_applicable,not_applicable
EXP-01,SYNTHETIC EXPERIMENT,1747,full,664a150484ed2af3,69430f02107c86f3,"{""alpha_a"": 0.25, ""alpha_b"": 0.3, ""kappa_a"": 0.2, ""kappa_b"": 0.24, ""n_per_group"": 200000.0}",0.25,0.3,0.2,0.24,200000,empirical_signed_gap,-0.011494999999999922,synthetic,ALL,not_applicable,not_applicable
EXP-01,SYNTHETIC EXPERIMENT,1747,full,664a150484ed2af3,d7ff82e5394737eb,"{""alpha_a"": 0.25, ""alpha_b"": 0.35, ""kappa_a"": 0.2, ""kappa_b"": 0.27999999999999997, ""n_per_group"": 200000.0}",0.25,0.35,0.2,0.27999999999999997,200000,empirical_signed_gap,-0.023664999999999936,synthetic,ALL,not_applicable,not_applicable
EXP-01,SYNTHETIC EXPERIMENT,1747,full,664a150484ed2af3,58cbd7267c66f208,"{""alpha_a"": 0.25, ""alpha_b"": 0.4, ""kappa_a"": 0.2, ""kappa_b"": 0.32000000000000006, ""n_per_group"": 200000.0}",0.25,0.4,0.2,0.32000000000000006,200000,empirical_signed_gap,-0.036985000000000046,synthetic,ALL,not_applicable,not_applicable
EXP-01,SYNTHETIC EXPERIMENT,1747,full,664a150484ed2af3,d0f4d027a21b5961,"{""alpha_a"": 0.25, ""alpha_b"": 0.45, ""kappa_a"": 0.2, ""kappa_b"": 0.36000000000000004, ""n_per_group"": 200000.0}",0.25,0.45,0.2,0.36000000000000004,200000,empirical_signed_gap,-0.048514999999999975,synthetic,ALL,not_applicable,not_applicable
EXP-01,SYNTHETIC EXPERIMENT,1747,full,664a150484ed2af3,b831345230e1a585,"{""alpha_a"": 0.25, ""alpha_b"": 0.5, ""kappa_a"": 0.2, ""kappa_b"": 0.4, ""n_per_group"": 200000.0}",0.25,0.5,0.2,0.4,200000,empirical_signed_gap,-0.058824999999999905,synthetic,ALL,not_applicable,not_applicable
EXP-01,SYNTHETIC EXPERIMENT,1747,full,664a150484ed2af3,f1088485738d706a,"{""alpha_a"": 0.25, ""alpha_b"": 0.55, ""kappa_a"": 0.2, ""kappa_b"": 0.44000000000000006, ""n_per_group"": 200000.0}",0.25,0.55,0.2,0.44000000000000006,200000,empirical_signed_gap,-0.07334999999999992,synthetic,ALL,not_applicable,not_applicable
EXP-01,SYNTHETIC EXPERIMENT,1747,full,664a150484ed2af3,76c9d04638f909c9,"{""alpha_a"": 0.25, ""alpha_b"": 0.6, ""kappa_a"": 0.2, ""kappa_b"": 0.48, ""n_per_group"": 200000.0}",0.25,0.6,0.2,0.48,200000,empirical_signed_gap,-0.08457999999999999,synthetic,ALL,not_applicable,not_applicable
EXP-01,SYNTHETIC EXPERIMENT,1747,full,664a150484ed2af3,d1bf2dd0766911b7,"{""alpha_a"": 0.25, ""alpha_b"": 0.65, ""kappa_a"": 0.2, ""kappa_b"": 0.52, ""n_per_group"": 200000.0}",0.25,0.65,0.2,0.52,200000,empirical_signed_gap,-0.09455000000000002,synthetic,ALL,not_applicable,not_applicable
EXP-01,SYNTHETIC EXPERIMENT,1747,full,664a150484ed2af3,7347765828dc631a,"{""alpha_a"": 0.25, ""alpha_b"": 0.7, ""kappa_a"": 0.2, ""kappa_b"": 0.5599999999999999, ""n_per_group"": 200000.0}",0.25,0.7,0.2,0.5599999999999999,200000,empirical_signed_gap,-0.10864499999999999,synthetic,ALL,not_applicable,not_applicable
EXP-01,SYNTHETIC EXPERIMENT,1747,full,664a150484ed2af3,8cd421c278dad9f0,"{""alpha_a"": 0.25, ""alpha_b"": 0.75, ""kappa_a"": 0.2, ""kappa_b"": 0.6000000000000001, ""n_per_group"": 200000.0}",0.25,0.75,0.2,0.6000000000000001,200000,empirical_signed_gap,-0.12107999999999997,synthetic,ALL,not_applicable,not_applicable
EXP-01,SYNTHETIC EXPERIMENT,1747,full,664a150484ed2af3,a3a8587bfcda0271,"{""alpha_a"": 0.25, ""alpha_b"": 0.8, ""kappa_a"": 0.2, ""kappa_b"": 0.6400000000000001, ""n_per_group"": 200000.0}",0.25,0.8,0.2,0.6400000000000001,200000,empirical_signed_gap,-0.13019000000000003,synthetic,ALL,not_applicable,not_applicable
EXP-01,SYNTHETIC EXPERIMENT,1747,full,664a150484ed2af3,7f75c4b391283e60,"{""alpha_a"": 0.25, ""alpha_b"": 0.85, ""kappa_a"": 0.2, ""kappa_b"": 0.68, ""n_per_group"": 200000.0}",0.25,0.85,0.2,0.68,200000,empirical_signed_gap,-0.144505,synthetic,ALL,not_applicable,not_applicable
EXP-01,SYNTHETIC EXPERIMENT,1747,full,664a150484ed2af3,dca757c3df7ba091,"{""alpha_a"": 0.25, ""alpha_b"": 0.9, ""kappa_a"": 0.2, ""kappa_b"": 0.7200000000000001, ""n_per_group"": 200000.0}",0.25,0.9,0.2,0.7200000000000001,200000,empirical_signed_gap,-0.15458499999999997,synthetic,ALL,not_applicable,not_applicable
EXP-01,SYNTHETIC EXPERIMENT,1747,full,664a150484ed2af3,0ead99814f3b20df,"{""alpha_a"": 0.25, ""alpha_b"": 0.95, ""kappa_a"": 0.2, ""kappa_b"": 0.76, ""n_per_group"": 200000.0}",0.25,0.95,0.2,0.76,200000,empirical_signed_gap,-0.16870000000000007,synthetic,ALL,not_applicable,not_applicable
EXP-01,SYNTHETIC EXPERIMENT,1747,full,664a150484ed2af3,700ea7fd6f3fe715,"{""alpha_a"": 0.25, ""alpha_b"": 1.0, ""kappa_a"": 0.2, ""kappa_b"": 0.8, ""n_per_group"": 200000.0}",0.25,1.0,0.2,0.8,200000,empirical_signed_gap,-0.18147000000000002,synthetic,ALL,not_applicable,not_applicable
EXP-01,SYNTHETIC EXPERIMENT,1747,full,664a150484ed2af3,31672113393a323b,"{""alpha_a"": 0.3, ""alpha_b"": 0.0, ""kappa_a"": 0.24, ""kappa_b"": 0.0, ""n_per_group"": 200000.0}",0.3,0.0,0.24,0.0,200000,empirical_signed_gap,0.07323000000000002,synthetic,ALL,not_applicable,not_applicable
EXP-01,SYNTHETIC EXPERIMENT,1747,full,664a150484ed2af3,3c646466648927bc,"{""alpha_a"": 0.3, ""alpha_b"": 0.05, ""kappa_a"": 0.24, ""kappa_b"": 0.04000000000000001, ""n_per_group"": 200000.0}",0.3,0.05,0.24,0.04000000000000001,200000,empirical_signed_gap,0.058904999999999985,synthetic,ALL,not_applicable,not_applicable
EXP-01,SYNTHETIC EXPERIMENT,1747,full,664a150484ed2af3,9814cad6fd886e66,"{""alpha_a"": 0.3, ""alpha_b"": 0.1, ""kappa_a"": 0.24, ""kappa_b"": 0.08000000000000002, ""n_per_group"": 200000.0}",0.3,0.1,0.24,0.08000000000000002,200000,empirical_signed_gap,0.047880000000000034,synthetic,ALL,not_applicable,not_applicable
EXP-01,SYNTHETIC EXPERIMENT,1747,full,664a150484ed2af3,8d91f387a3c7da84,"{""alpha_a"": 0.3, ""alpha_b"": 0.15, ""kappa_a"": 0.24, ""kappa_b"": 0.12, ""n_per_group"": 200000.0}",0.3,0.15,0.24,0.12,200000,empirical_signed_gap,0.03791499999999992,synthetic,ALL,not_applicable,not_applicable
EXP-01,SYNTHETIC EXPERIMENT,1747,full,664a150484ed2af3,fc766c884699c0b5,"{""alpha_a"": 0.3, ""alpha_b"": 0.2, ""kappa_a"": 0.24, ""kappa_b"": 0.16000000000000003, ""n_per_group"": 200000.0}",0.3,0.2,0.24,0.16000000000000003,200000,empirical_signed_gap,0.025760000000000005,synthetic,ALL,not_applicable,not_applicable
EXP-01,SYNTHETIC EXPERIMENT,1747,full,664a150484ed2af3,f53aaffe33312169,"{""alpha_a"": 0.3, ""alpha_b"": 0.25, ""kappa_a"": 0.24, ""kappa_b"": 0.2, ""n_per_group"": 200000.0}",0.3,0.25,0.24,0.2,200000,empirical_signed_gap,0.010865000000000014,synthetic,ALL,not_applicable,not_applicable
EXP-01,SYNTHETIC EXPERIMENT,1747,full,664a150484ed2af3,5e7d0c29ccf0d026,"{""alpha_a"": 0.3, ""alpha_b"": 0.3, ""kappa_a"": 0.24, ""kappa_b"": 0.24, ""n_per_group"": 200000.0}",0.3,0.3,0.24,0.24,200000,empirical_signed_gap,0.0015499999999999403,synthetic,ALL,not_applicable,not_applicable
EXP-01,SYNTHETIC EXPERIMENT,1747,full,664a150484ed2af3,914b9c976d95f94b,"{""alpha_a"": 0.3, ""alpha_b"": 0.35, ""kappa_a"": 0.24, ""kappa_b"": 0.27999999999999997, ""n_per_group"": 200000.0}",0.3,0.35,0.24,0.27999999999999997,200000,empirical_signed_gap,-0.012745000000000006,synthetic,ALL,not_applicable,not_applicable
EXP-01,SYNTHETIC EXPERIMENT,1747,full,664a150484ed2af3,d9c80c2b33534eb6,"{""alpha_a"": 0.3, ""alpha_b"": 0.4, ""kappa_a"": 0.24, ""kappa_b"": 0.32000000000000006, ""n_per_group"": 200000.0}",0.3,0.4,0.24,0.32000000000000006,200000,empirical_signed_gap,-0.024094999999999978,synthetic,ALL,not_applicable,not_applicable
EXP-01,SYNTHETIC EXPERIMENT,1747,full,664a150484ed2af3,fce7f455545cd060,"{""alpha_a"": 0.3, ""alpha_b"": 0.45, ""kappa_a"": 0.24, ""kappa_b"": 0.36000000000000004, ""n_per_group"": 200000.0}",0.3,0.45,0.24,0.36000000000000004,200000,empirical_signed_gap,-0.03495499999999996,synthetic,ALL,not_applicable,not_applicable
EXP-01,SYNTHETIC EXPERIMENT,1747,full,664a150484ed2af3,9bd821115d6ab0c6,"{""alpha_a"": 0.3, ""alpha_b"": 0.5, ""kappa_a"": 0.24, ""kappa_b"": 0.4, ""n_per_group"": 200000.0}",0.3,0.5,0.24,0.4,200000,empirical_signed_gap,-0.04756000000000005,synthetic,ALL,not_applicable,not_applicable
EXP-01,SYNTHETIC EXPERIMENT,1747,full,664a150484ed2af3,cd3e02481510dc73,"{""alpha_a"": 0.3, ""alpha_b"": 0.55, ""kappa_a"": 0.24, ""kappa_b"": 0.44000000000000006, ""n_per_group"": 200000.0}",0.3,0.55,0.24,0.44000000000000006,200000,empirical_signed_gap,-0.05872999999999995,synthetic,ALL,not_applicable,not_applicable
EXP-01,SYNTHETIC EXPERIMENT,1747,full,664a150484ed2af3,1857cb75df40c346,"{""alpha_a"": 0.3, ""alpha_b"": 0.6, ""kappa_a"": 0.24, ""kappa_b"": 0.48, ""n_per_group"": 200000.0}",0.3,0.6,0.24,0.48,200000,empirical_signed_gap,-0.07384000000000002,synthetic,ALL,not_applicable,not_applicable
EXP-01,SYNTHETIC EXPERIMENT,1747,full,664a150484ed2af3,02cadc2bc1e0b26b,"{""alpha_a"": 0.3, ""alpha_b"": 0.65, ""kappa_a"": 0.24, ""kappa_b"": 0.52, ""n_per_group"": 200000.0}",0.3,0.65,0.24,0.52,200000,empirical_signed_gap,-0.08505499999999999,synthetic,ALL,not_applicable,not_applicable
EXP-01,SYNTHETIC EXPERIMENT,1747,full,664a150484ed2af3,9e5a08504b225d15,"{""alpha_a"": 0.3, ""alpha_b"": 0.7, ""kappa_a"": 0.24, ""kappa_b"": 0.5599999999999999, ""n_per_group"": 200000.0}",0.3,0.7,0.24,0.5599999999999999,200000,empirical_signed_gap,-0.09635499999999997,synthetic,ALL,not_applicable,not_applicable
EXP-01,SYNTHETIC EXPERIMENT,1747,full,664a150484ed2af3,61dc1bdd16487838,"{""alpha_a"": 0.3, ""alpha_b"": 0.75, ""kappa_a"": 0.24, ""kappa_b"": 0.6000000000000001, ""n_per_group"": 200000.0}",0.3,0.75,0.24,0.6000000000000001,200000,empirical_signed_gap,-0.10683999999999994,synthetic,ALL,not_applicable,not_applicable
EXP-01,SYNTHETIC EXPERIMENT,1747,full,664a150484ed2af3,78fbc22363e0f834,"{""alpha_a"": 0.3, ""alpha_b"": 0.8, ""kappa_a"": 0.24, ""kappa_b"": 0.6400000000000001, ""n_per_group"": 200000.0}",0.3,0.8,0.24,0.6400000000000001,200000,empirical_signed_gap,-0.12097500000000005,synthetic,ALL,not_applicable,not_applicable
EXP-01,SYNTHETIC EXPERIMENT,1747,full,664a150484ed2af3,d88806cb2e3b4594,"{""alpha_a"": 0.3, ""alpha_b"": 0.85, ""kappa_a"": 0.24, ""kappa_b"": 0.68, ""n_per_group"": 200000.0}",0.3,0.85,0.24,0.68,200000,empirical_signed_gap,-0.134085,synthetic,ALL,not_applicable,not_applicable
EXP-01,SYNTHETIC EXPERIMENT,1747,full,664a150484ed2af3,61be87df94fdc8f8,"{""alpha_a"": 0.3, ""alpha_b"": 0.9, ""kappa_a"": 0.24, ""kappa_b"": 0.7200000000000001, ""n_per_group"": 200000.0}",0.3,0.9,0.24,0.7200000000000001,200000,empirical_signed_gap,-0.14490000000000003,synthetic,ALL,not_applicable,not_applicable
EXP-01,SYNTHETIC EXPERIMENT,1747,full,664a150484ed2af3,6a86b1c31fa23909,"{""alpha_a"": 0.3, ""alpha_b"": 0.95, ""kappa_a"": 0.24, ""kappa_b"": 0.76, ""n_per_group"": 200000.0}",0.3,0.95,0.24,0.76,200000,empirical_signed_gap,-0.15434499999999995,synthetic,ALL,not_applicable,not_applicable
EXP-01,SYNTHETIC EXPERIMENT,1747,full,664a150484ed2af3,5abd187b355317bf,"{""alpha_a"": 0.3, ""alpha_b"": 1.0, ""kappa_a"": 0.24, ""kappa_b"": 0.8, ""n_per_group"": 200000.0}",0.3,1.0,0.24,0.8,200000,empirical_signed_gap,-0.17162500000000003,synthetic,ALL,not_applicable,not_applicable
EXP-01,SYNTHETIC EXPERIMENT,1747,full,664a150484ed2af3,35ff863b653eda18,"{""alpha_a"": 0.35, ""alpha_b"": 0.0, ""kappa_a"": 0.27999999999999997, ""kappa_b"": 0.0, ""n_per_group"": 200000.0}",0.35,0.0,0.27999999999999997,0.0,200000,empirical_signed_gap,0.08545999999999998,synthetic,ALL,not_applicable,not_applicable
EXP-01,SYNTHETIC EXPERIMENT,1747,full,664a150484ed2af3,835b894ab977de78,"{""alpha_a"": 0.35, ""alpha_b"": 0.05, ""kappa_a"": 0.27999999999999997, ""kappa_b"": 0.04000000000000001, ""n_per_group"": 200000.0}",0.35,0.05,0.27999999999999997,0.04000000000000001,200000,empirical_signed_gap,0.07388499999999998,synthetic,ALL,not_applicable,not_applicable
EXP-01,SYNTHETIC EXPERIMENT,1747,full,664a150484ed2af3,96db7e710d5d8d5b,"{""alpha_a"": 0.35, ""alpha_b"": 0.1, ""kappa_a"": 0.27999999999999997, ""kappa_b"": 0.08000000000000002, ""n_per_group"": 200000.0}",0.35,0.1,0.27999999999999997,0.08000000000000002,200000,empirical_signed_gap,0.06146499999999999,synthetic,ALL,not_applicable,not_applicable
EXP-01,SYNTHETIC EXPERIMENT,1747,full,664a150484ed2af3,1cd1ef01007577c6,"{""alpha_a"": 0.35, ""alpha_b"": 0.15, ""kappa_a"": 0.27999999999999997, ""kappa_b"": 0.12, ""n_per_group"": 200000.0}",0.35,0.15,0.27999999999999997,0.12,200000,empirical_signed_gap,0.04647000000000001,synthetic,ALL,not_applicable,not_applicable
EXP-01,SYNTHETIC EXPERIMENT,1747,full,664a150484ed2af3,5fb5746dbff61339,"{""alpha_a"": 0.35, ""alpha_b"": 0.2, ""kappa_a"": 0.27999999999999997, ""kappa_b"": 0.16000000000000003, ""n_per_group"": 200000.0}",0.35,0.2,0.27999999999999997,0.16000000000000003,200000,empirical_signed_gap,0.03257500000000002,synthetic,ALL,not_applicable,not_applicable
EXP-01,SYNTHETIC EXPERIMENT,1747,full,664a150484ed2af3,eeea2850752b4ae0,"{""alpha_a"": 0.35, ""alpha_b"": 0.25, ""kappa_a"": 0.27999999999999997, ""kappa_b"": 0.2, ""n_per_group"": 200000.0}",0.35,0.25,0.27999999999999997,0.2,200000,empirical_signed_gap,0.02220000000000011,synthetic,ALL,not_applicable,not_applicable
EXP-01,SYNTHETIC EXPERIMENT,1747,full,664a150484ed2af3,46e36898985c7369,"{""alpha_a"": 0.35, ""alpha_b"": 0.3, ""kappa_a"": 0.27999999999999997, ""kappa_b"": 0.24, ""n_per_group"": 200000.0}",0.35,0.3,0.27999999999999997,0.24,200000,empirical_signed_gap,0.012674999999999992,synthetic,ALL,not_applicable,not_applicable
EXP-01,SYNTHETIC EXPERIMENT,1747,full,664a150484ed2af3,8c0f64670193ec33,"{""alpha_a"": 0.35, ""alpha_b"": 0.35, ""kappa_a"": 0.27999999999999997, ""kappa_b"": 0.27999999999999997, ""n_per_group"": 200000.0}",0.35,0.35,0.27999999999999997,0.27999999999999997,200000,empirical_signed_gap,0.0018650000000000055,synthetic,ALL,not_applicable,not_applicable
EXP-01,SYNTHETIC EXPERIMENT,1747,full,664a150484ed2af3,23773c40b6a3599c,"{""alpha_a"": 0.35, ""alpha_b"": 0.4, ""kappa_a"": 0.27999999999999997, ""kappa_b"": 0.32000000000000006, ""n_per_group"": 200000.0}",0.35,0.4,0.27999999999999997,0.32000000000000006,200000,empirical_signed_gap,-0.012469999999999981,synthetic,ALL,not_applicable,not_applicable
EXP-01,SYNTHETIC EXPERIMENT,1747,full,664a150484ed2af3,ae87cf9c564d23d2,"{""alpha_a"": 0.35, ""alpha_b"": 0.45, ""kappa_a"": 0.27999999999999997, ""kappa_b"": 0.36000000000000004, ""n_per_group"": 200000.0}",0.35,0.45,0.27999999999999997,0.36000000000000004,200000,empirical_signed_gap,-0.02422499999999994,synthetic,ALL,not_applicable,not_applicable
EXP-01,SYNTHETIC EXPERIMENT,1747,full,664a150484ed2af3,91b4e5e35293ac26,"{""alpha_a"": 0.35, ""alpha_b"": 0.5, ""kappa_a"": 0.27999999999999997, ""kappa_b"": 0.4, ""n_per_group"": 200000.0}",0.35,0.5,0.27999999999999997,0.4,200000,empirical_signed_gap,-0.035945000000000005,synthetic,ALL,not_applicable,not_applicable
EXP-01,SYNTHETIC EXPERIMENT,1747,full,664a150484ed2af3,6a57d6101833ea47,"{""alpha_a"": 0.35, ""alpha_b"": 0.55, ""kappa_a"": 0.27999999999999997, ""kappa_b"": 0.44000000000000006, ""n_per_group"": 200000.0}",0.35,0.55,0.27999999999999997,0.44000000000000006,200000,empirical_signed_gap,-0.04899500000000001,synthetic,ALL,not_applicable,not_applicable
EXP-01,SYNTHETIC EXPERIMENT,1747,full,664a150484ed2af3,003ec52360400121,"{""alpha_a"": 0.35, ""alpha_b"": 0.6, ""kappa_a"": 0.27999999999999997, ""kappa_b"": 0.48, ""n_per_group"": 200000.0}",0.35,0.6,0.27999999999999997,0.48,200000,empirical_signed_gap,-0.05945999999999996,synthetic,ALL,not_applicable,not_applicable
EXP-01,SYNTHETIC EXPERIMENT,1747,full,664a150484ed2af3,8151c1081acf6482,"{""alpha_a"": 0.35, ""alpha_b"": 0.65, ""kappa_a"": 0.27999999999999997, ""kappa_b"": 0.52, ""n_per_group"": 200000.0}",0.35,0.65,0.27999999999999997,0.52,200000,empirical_signed_gap,-0.07278499999999999,synthetic,ALL,not_applicable,not_applicable
EXP-01,SYNTHETIC EXPERIMENT,1747,full,664a150484ed2af3,f81d8f6eabc0273e,"{""alpha_a"": 0.35, ""alpha_b"": 0.7, ""kappa_a"": 0.27999999999999997, ""kappa_b"": 0.5599999999999999, ""n_per_group"": 200000.0}",0.35,0.7,0.27999999999999997,0.5599999999999999,200000,empirical_signed_gap,-0.08379000000000003,synthetic,ALL,not_applicable,not_applicable
EXP-01,SYNTHETIC EXPERIMENT,1747,full,664a150484ed2af3,d11941c1c1d6866e,"{""alpha_a"": 0.35, ""alpha_b"": 0.75, ""kappa_a"": 0.27999999999999997, ""kappa_b"": 0.6000000000000001, ""n_per_group"": 200000.0}",0.35,0.75,0.27999999999999997,0.6000000000000001,200000,empirical_signed_gap,-0.09771000000000007,synthetic,ALL,not_applicable,not_applicable
EXP-01,SYNTHETIC EXPERIMENT,1747,full,664a150484ed2af3,e8a764d634ae1a8d,"{""alpha_a"": 0.35, ""alpha_b"": 0.8, ""kappa_a"": 0.27999999999999997, ""kappa_b"": 0.6400000000000001, ""n_per_group"": 200000.0}",0.35,0.8,0.27999999999999997,0.6400000000000001,200000,empirical_signed_gap,-0.1057849999999999,synthetic,ALL,not_applicable,not_applicable
EXP-01,SYNTHETIC EXPERIMENT,1747,full,664a150484ed2af3,b8492f83caf37e44,"{""alpha_a"": 0.35, ""alpha_b"": 0.85, ""kappa_a"": 0.27999999999999997, ""kappa_b"": 0.68, ""n_per_group"": 200000.0}",0.35,0.85,0.27999999999999997,0.68,200000,empirical_signed_gap,-0.11970000000000003,synthetic,ALL,not_applicable,not_applicable
EXP-01,SYNTHETIC EXPERIMENT,1747,full,664a150484ed2af3,6287da3aae39e980,"{""alpha_a"": 0.35, ""alpha_b"": 0.9, ""kappa_a"": 0.27999999999999997, ""kappa_b"": 0.7200000000000001, ""n_per_group"": 200000.0}",0.35,0.9,0.27999999999999997,0.7200000000000001,200000,empirical_signed_gap,-0.1321349999999999,synthetic,ALL,not_applicable,not_applicable
EXP-01,SYNTHETIC EXPERIMENT,1747,full,664a150484ed2af3,2b32f27fd4e80a79,"{""alpha_a"": 0.35, ""alpha_b"": 0.95, ""kappa_a"": 0.27999999999999997, ""kappa_b"": 0.76, ""n_per_group"": 200000.0}",0.35,0.95,0.27999999999999997,0.76,200000,empirical_signed_gap,-0.14449999999999996,synthetic,ALL,not_applicable,not_applicable
EXP-01,SYNTHETIC EXPERIMENT,1747,full,664a150484ed2af3,4d7933012ad65dbf,"{""alpha_a"": 0.35, ""alpha_b"": 1.0, ""kappa_a"": 0.27999999999999997, ""kappa_b"": 0.8, ""n_per_group"": 200000.0}",0.35,1.0,0.27999999999999997,0.8,200000,empirical_signed_gap,-0.15838000000000008,synthetic,ALL,not_applicable,not_applicable
EXP-01,SYNTHETIC EXPERIMENT,1747,full,664a150484ed2af3,fd3ca451b2202475,"{""alpha_a"": 0.4, ""alpha_b"": 0.0, ""kappa_a"": 0.32000000000000006, ""kappa_b"": 0.0, ""n_per_group"": 200000.0}",0.4,0.0,0.32000000000000006,0.0,200000,empirical_signed_gap,0.09899000000000002,synthetic,ALL,not_applicable,not_applicable
EXP-01,SYNTHETIC EXPERIMENT,1747,full,664a150484ed2af3,63e807603323db67,"{""alpha_a"": 0.4, ""alpha_b"": 0.05, ""kappa_a"": 0.32000000000000006, ""kappa_b"": 0.04000000000000001, ""n_per_group"": 200000.0}",0.4,0.05,0.32000000000000006,0.04000000000000001,200000,empirical_signed_gap,0.08438500000000004,synthetic,ALL,not_applicable,not_applicable
EXP-01,SYNTHETIC EXPERIMENT,1747,full,664a150484ed2af3,9bdc3fb5a6006220,"{""alpha_a"": 0.4, ""alpha_b"": 0.1, ""kappa_a"": 0.32000000000000006, ""kappa_b"": 0.08000000000000002, ""n_per_group"": 200000.0}",0.4,0.1,0.32000000000000006,0.08000000000000002,200000,empirical_signed_gap,0.07088499999999998,synthetic,ALL,not_applicable,not_applicable
EXP-01,SYNTHETIC EXPERIMENT,1747,full,664a150484ed2af3,97a60a27eda409c1,"{""alpha_a"": 0.4, ""alpha_b"": 0.15, ""kappa_a"": 0.32000000000000006, ""kappa_b"": 0.12, ""n_per_group"": 200000.0}",0.4,0.15,0.32000000000000006,0.12,200000,empirical_signed_gap,0.06045999999999996,synthetic,ALL,not_applicable,not_applicable
EXP-01,SYNTHETIC EXPERIMENT,1747,full,664a150484ed2af3,7a120db23a63e449,"{""alpha_a"": 0.4, ""alpha_b"": 0.2, ""kappa_a"": 0.32000000000000006, ""kappa_b"": 0.16000000000000003, ""n_per_group"": 200000.0}",0.4,0.2,0.32000000000000006,0.16000000000000003,200000,empirical_signed_gap,0.04771000000000003,synthetic,ALL,not_applicable,not_applicable
EXP-01,SYNTHETIC EXPERIMENT,1747,full,664a150484ed2af3,7ffcf6878c61b440,"{""alpha_a"": 0.4, ""alpha_b"": 0.25, ""kappa_a"": 0.32000000000000006, ""kappa_b"": 0.2, ""n_per_group"": 200000.0}",0.4,0.25,0.32000000000000006,0.2,200000,empirical_signed_gap,0.03603500000000004,synthetic,ALL,not_applicable,not_applicable
EXP-01,SYNTHETIC EXPERIMENT,1747,full,664a150484ed2af3,230e3561fa16a6d7,"{""alpha_a"": 0.4, ""alpha_b"": 0.3, ""kappa_a"": 0.32000000000000006, ""kappa_b"": 0.24, ""n_per_group"": 200000.0}",0.4,0.3,0.32000000000000006,0.24,200000,empirical_signed_gap,0.02483499999999994,synthetic,ALL,not_applicable,not_applicable
EXP-01,SYNTHETIC EXPERIMENT,1747,full,664a150484ed2af3,03fbaac52b776e02,"{""alpha_a"": 0.4, ""alpha_b"": 0.35, ""kappa_a"": 0.32000000000000006, ""kappa_b"": 0.27999999999999997, ""n_per_group"": 200000.0}",0.4,0.35,0.32000000000000006,0.27999999999999997,200000,empirical_signed_gap,0.009954999999999936,synthetic,ALL,not_applicable,not_applicable
EXP-01,SYNTHETIC EXPERIMENT,1747,full,664a150484ed2af3,03ded27d9830e29b,"{""alpha_a"": 0.4, ""alpha_b"": 0.4, ""kappa_a"": 0.32000000000000006, ""kappa_b"": 0.32000000000000006, ""n_per_group"": 200000.0}",0.4,0.4,0.32000000000000006,0.32000000000000006,200000,empirical_signed_gap,-0.0010350000000000081,synthetic,ALL,not_applicable,not_applicable
EXP-01,SYNTHETIC EXPERIMENT,1747,full,664a150484ed2af3,d0089757333dae2c,"{""alpha_a"": 0.4, ""alpha_b"": 0.45, ""kappa_a"": 0.32000000000000006, ""kappa_b"": 0.36000000000000004, ""n_per_group"": 200000.0}",0.4,0.45,0.32000000000000006,0.36000000000000004,200000,empirical_signed_gap,-0.012565000000000048,synthetic,ALL,not_applicable,not_applicable
EXP-01,SYNTHETIC EXPERIMENT,1747,full,664a150484ed2af3,efd4df14d055430f,"{""alpha_a"": 0.4, ""alpha_b"": 0.5, ""kappa_a"": 0.32000000000000006, ""kappa_b"": 0.4, ""n_per_group"": 200000.0}",0.4,0.5,0.32000000000000006,0.4,200000,empirical_signed_gap,-0.024959999999999982,synthetic,ALL,not_applicable,not_applicable
EXP-01,SYNTHETIC EXPERIMENT,1747,full,664a150484ed2af3,63f7ebf65d44ba8e,"{""alpha_a"": 0.4, ""alpha_b"": 0.55, ""kappa_a"": 0.32000000000000006, ""kappa_b"": 0.44000000000000006, ""n_per_group"": 200000.0}",0.4,0.55,0.32000000000000006,0.44000000000000006,200000,empirical_signed_gap,-0.03620499999999993,synthetic,ALL,not_applicable,not_applicable
EXP-01,SYNTHETIC EXPERIMENT,1747,full,664a150484ed2af3,1cc1ca6e183f8a2b,"{""alpha_a"": 0.4, ""alpha_b"": 0.6, ""kappa_a"": 0.32000000000000006, ""kappa_b"": 0.48, ""n_per_group"": 200000.0}",0.4,0.6,0.32000000000000006,0.48,200000,empirical_signed_gap,-0.05049500000000007,synthetic,ALL,not_applicable,not_applicable
EXP-01,SYNTHETIC EXPERIMENT,1747,full,664a150484ed2af3,cfb71de8aed2d04d,"{""alpha_a"": 0.4, ""alpha_b"": 0.65, ""kappa_a"": 0.32000000000000006, ""kappa_b"": 0.52, ""n_per_group"": 200000.0}",0.4,0.65,0.32000000000000006,0.52,200000,empirical_signed_gap,-0.05934499999999998,synthetic,ALL,not_applicable,not_applicable
EXP-01,SYNTHETIC EXPERIMENT,1747,full,664a150484ed2af3,e7abb5db68be3d5d,"{""alpha_a"": 0.4, ""alpha_b"": 0.7, ""kappa_a"": 0.32000000000000006, ""kappa_b"": 0.5599999999999999, ""n_per_group"": 200000.0}",0.4,0.7,0.32000000000000006,0.5599999999999999,200000,empirical_signed_gap,-0.07145499999999994,synthetic,ALL,not_applicable,not_applicable
EXP-01,SYNTHETIC EXPERIMENT,1747,full,664a150484ed2af3,103b3c3f95fd79de,"{""alpha_a"": 0.4, ""alpha_b"": 0.75, ""kappa_a"": 0.32000000000000006, ""kappa_b"": 0.6000000000000001, ""n_per_group"": 200000.0}",0.4,0.75,0.32000000000000006,0.6000000000000001,200000,empirical_signed_gap,-0.08394999999999997,synthetic,ALL,not_applicable,not_applicable
EXP-01,SYNTHETIC EXPERIMENT,1747,full,664a150484ed2af3,fa9dc58ce3a3d192,"{""alpha_a"": 0.4, ""alpha_b"": 0.8, ""kappa_a"": 0.32000000000000006, ""kappa_b"": 0.6400000000000001, ""n_per_group"": 200000.0}",0.4,0.8,0.32000000000000006,0.6400000000000001,200000,empirical_signed_gap,-0.09704000000000002,synthetic,ALL,not_applicable,not_applicable
EXP-01,SYNTHETIC EXPERIMENT,1747,full,664a150484ed2af3,09bba40ea7955ff9,"{""alpha_a"": 0.4, ""alpha_b"": 0.85, ""kappa_a"": 0.32000000000000006, ""kappa_b"": 0.68, ""n_per_group"": 200000.0}",0.4,0.85,0.32000000000000006,0.68,200000,empirical_signed_gap,-0.10726499999999994,synthetic,ALL,not_applicable,not_applicable
EXP-01,SYNTHETIC EXPERIMENT,1747,full,664a150484ed2af3,b4b59d4a4736894e,"{""alpha_a"": 0.4, ""alpha_b"": 0.9, ""kappa_a"": 0.32000000000000006, ""kappa_b"": 0.7200000000000001, ""n_per_group"": 200000.0}",0.4,0.9,0.32000000000000006,0.7200000000000001,200000,empirical_signed_gap,-0.11908999999999992,synthetic,ALL,not_applicable,not_applicable
EXP-01,SYNTHETIC EXPERIMENT,1747,full,664a150484ed2af3,e8ae8ee79c12ce05,"{""alpha_a"": 0.4, ""alpha_b"": 0.95, ""kappa_a"": 0.32000000000000006, ""kappa_b"": 0.76, ""n_per_group"": 200000.0}",0.4,0.95,0.32000000000000006,0.76,200000,empirical_signed_gap,-0.13230999999999993,synthetic,ALL,not_applicable,not_applicable
EXP-01,SYNTHETIC EXPERIMENT,1747,full,664a150484ed2af3,fdd731c5034f3760,"{""alpha_a"": 0.4, ""alpha_b"": 1.0, ""kappa_a"": 0.32000000000000006, ""kappa_b"": 0.8, ""n_per_group"": 200000.0}",0.4,1.0,0.32000000000000006,0.8,200000,empirical_signed_gap,-0.14527999999999996,synthetic,ALL,not_applicable,not_applicable
EXP-01,SYNTHETIC EXPERIMENT,1747,full,664a150484ed2af3,3bc2c22b7e765bc4,"{""alpha_a"": 0.45, ""alpha_b"": 0.0, ""kappa_a"": 0.36000000000000004, ""kappa_b"": 0.0, ""n_per_group"": 200000.0}",0.45,0.0,0.36000000000000004,0.0,200000,empirical_signed_gap,0.10868500000000003,synthetic,ALL,not_applicable,not_applicable
EXP-01,SYNTHETIC EXPERIMENT,1747,full,664a150484ed2af3,c1c326a6a3dca213,"{""alpha_a"": 0.45, ""alpha_b"": 0.05, ""kappa_a"": 0.36000000000000004, ""kappa_b"": 0.04000000000000001, ""n_per_group"": 200000.0}",0.45,0.05,0.36000000000000004,0.04000000000000001,200000,empirical_signed_gap,0.09581000000000006,synthetic,ALL,not_applicable,not_applicable
EXP-01,SYNTHETIC EXPERIMENT,1747,full,664a150484ed2af3,347d0774540d85da,"{""alpha_a"": 0.45, ""alpha_b"": 0.1, ""kappa_a"": 0.36000000000000004, ""kappa_b"": 0.08000000000000002, ""n_per_group"": 200000.0}",0.45,0.1,0.36000000000000004,0.08000000000000002,200000,empirical_signed_gap,0.08472500000000005,synthetic,ALL,not_applicable,not_applicable
EXP-01,SYNTHETIC EXPERIMENT,1747,full,664a150484ed2af3,2016120a8fc63390,"{""alpha_a"": 0.45, ""alpha_b"": 0.15, ""kappa_a"": 0.36000000000000004, ""kappa_b"": 0.12, ""n_per_group"": 200000.0}",0.45,0.15,0.36000000000000004,0.12,200000,empirical_signed_gap,0.07309500000000002,synthetic,ALL,not_applicable,not_applicable
EXP-01,SYNTHETIC EXPERIMENT,1747,full,664a150484ed2af3,1b652a39b9738507,"{""alpha_a"": 0.45, ""alpha_b"": 0.2, ""kappa_a"": 0.36000000000000004, ""kappa_b"": 0.16000000000000003, ""n_per_group"": 200000.0}",0.45,0.2,0.36000000000000004,0.16000000000000003,200000,empirical_signed_gap,0.06109500000000001,synthetic,ALL,not_applicable,not_applicable
EXP-01,SYNTHETIC EXPERIMENT,1747,full,664a150484ed2af3,dc259b734594bede,"{""alpha_a"": 0.45, ""alpha_b"": 0.25, ""kappa_a"": 0.36000000000000004, ""kappa_b"": 0.2, ""n_per_group"": 200000.0}",0.45,0.25,0.36000000000000004,0.2,200000,empirical_signed_gap,0.04789999999999994,synthetic,ALL,not_applicable,not_applicable
EXP-01,SYNTHETIC EXPERIMENT,1747,full,664a150484ed2af3,bce5e46cd91d2816,"{""alpha_a"": 0.45, ""alpha_b"": 0.3, ""kappa_a"": 0.36000000000000004, ""kappa_b"": 0.24, ""n_per_group"": 200000.0}",0.45,0.3,0.36000000000000004,0.24,200000,empirical_signed_gap,0.03667500000000001,synthetic,ALL,not_applicable,not_applicable
EXP-01,SYNTHETIC EXPERIMENT,1747,full,664a150484ed2af3,91722f0d6b9ef0a3,"{""alpha_a"": 0.45, ""alpha_b"": 0.35, ""kappa_a"": 0.36000000000000004, ""kappa_b"": 0.27999999999999997, ""n_per_group"": 200000.0}",0.45,0.35,0.36000000000000004,0.27999999999999997,200000,empirical_signed_gap,0.023944999999999994,synthetic,ALL,not_applicable,not_applicable
EXP-01,SYNTHETIC EXPERIMENT,1747,full,664a150484ed2af3,6d6fab7de068f0b7,"{""alpha_a"": 0.45, ""alpha_b"": 0.4, ""kappa_a"": 0.36000000000000004, ""kappa_b"": 0.32000000000000006, ""n_per_group"": 200000.0}",0.45,0.4,0.36000000000000004,0.32000000000000006,200000,empirical_signed_gap,0.01277499999999998,synthetic,ALL,not_applicable,not_applicable
EXP-01,SYNTHETIC EXPERIMENT,1747,full,664a150484ed2af3,fe2e18d354fc4b93,"{""alpha_a"": 0.45, ""alpha_b"": 0.45, ""kappa_a"": 0.36000000000000004, ""kappa_b"": 0.36000000000000004, ""n_per_group"": 200000.0}",0.45,0.45,0.36000000000000004,0.36000000000000004,200000,empirical_signed_gap,0.0008549999999999391,synthetic,ALL,not_applicable,not_applicable
EXP-01,SYNTHETIC EXPERIMENT,1747,full,664a150484ed2af3,c9687dad408ba59b,"{""alpha_a"": 0.45, ""alpha_b"": 0.5, ""kappa_a"": 0.36000000000000004, ""kappa_b"": 0.4, ""n_per_group"": 200000.0}",0.45,0.5,0.36000000000000004,0.4,200000,empirical_signed_gap,-0.011484999999999967,synthetic,ALL,not_applicable,not_applicable
EXP-01,SYNTHETIC EXPERIMENT,1747,full,664a150484ed2af3,46144f8fc8706c6a,"{""alpha_a"": 0.45, ""alpha_b"": 0.55, ""kappa_a"": 0.36000000000000004, ""kappa_b"": 0.44000000000000006, ""n_per_group"": 200000.0}",0.45,0.55,0.36000000000000004,0.44000000000000006,200000,empirical_signed_gap,-0.025695000000000023,synthetic,ALL,not_applicable,not_applicable
EXP-01,SYNTHETIC EXPERIMENT,1747,full,664a150484ed2af3,20e042f8fd00acde,"{""alpha_a"": 0.45, ""alpha_b"": 0.6, ""kappa_a"": 0.36000000000000004, ""kappa_b"": 0.48, ""n_per_group"": 200000.0}",0.45,0.6,0.36000000000000004,0.48,200000,empirical_signed_gap,-0.036065000000000014,synthetic,ALL,not_applicable,not_applicable
EXP-01,SYNTHETIC EXPERIMENT,1747,full,664a150484ed2af3,930255b761934dae,"{""alpha_a"": 0.45, ""alpha_b"": 0.65, ""kappa_a"": 0.36000000000000004, ""kappa_b"": 0.52, ""n_per_group"": 200000.0}",0.45,0.65,0.36000000000000004,0.52,200000,empirical_signed_gap,-0.04726999999999992,synthetic,ALL,not_applicable,not_applicable
EXP-01,SYNTHETIC EXPERIMENT,1747,full,664a150484ed2af3,1d7c482c26022f4e,"{""alpha_a"": 0.45, ""alpha_b"": 0.7, ""kappa_a"": 0.36000000000000004, ""kappa_b"": 0.5599999999999999, ""n_per_group"": 200000.0}",0.45,0.7,0.36000000000000004,0.5599999999999999,200000,empirical_signed_gap,-0.05918500000000004,synthetic,ALL,not_applicable,not_applicable
EXP-01,SYNTHETIC EXPERIMENT,1747,full,664a150484ed2af3,2ce6124126bd3e85,"{""alpha_a"": 0.45, ""alpha_b"": 0.75, ""kappa_a"": 0.36000000000000004, ""kappa_b"": 0.6000000000000001, ""n_per_group"": 200000.0}",0.45,0.75,0.36000000000000004,0.6000000000000001,200000,empirical_signed_gap,-0.07193000000000005,synthetic,ALL,not_applicable,not_applicable
EXP-01,SYNTHETIC EXPERIMENT,1747,full,664a150484ed2af3,dcc3fc77ff3c93cc,"{""alpha_a"": 0.45, ""alpha_b"": 0.8, ""kappa_a"": 0.36000000000000004, ""kappa_b"": 0.6400000000000001, ""n_per_group"": 200000.0}",0.45,0.8,0.36000000000000004,0.6400000000000001,200000,empirical_signed_gap,-0.08258999999999994,synthetic,ALL,not_applicable,not_applicable
EXP-01,SYNTHETIC EXPERIMENT,1747,full,664a150484ed2af3,32b6f44fbb5ee4e9,"{""alpha_a"": 0.45, ""alpha_b"": 0.85, ""kappa_a"": 0.36000000000000004, ""kappa_b"": 0.68, ""n_per_group"": 200000.0}",0.45,0.85,0.36000000000000004,0.68,200000,empirical_signed_gap,-0.09638999999999998,synthetic,ALL,not_applicable,not_applicable
EXP-01,SYNTHETIC EXPERIMENT,1747,full,664a150484ed2af3,937dbef27968b658,"{""alpha_a"": 0.45, ""alpha_b"": 0.9, ""kappa_a"": 0.36000000000000004, ""kappa_b"": 0.7200000000000001, ""n_per_group"": 200000.0}",0.45,0.9,0.36000000000000004,0.7200000000000001,200000,empirical_signed_gap,-0.11123000000000005,synthetic,ALL,not_applicable,not_applicable
EXP-01,SYNTHETIC EXPERIMENT,1747,full,664a150484ed2af3,2db1985a44078181,"{""alpha_a"": 0.45, ""alpha_b"": 0.95, ""kappa_a"": 0.36000000000000004, ""kappa_b"": 0.76, ""n_per_group"": 200000.0}",0.45,0.95,0.36000000000000004,0.76,200000,empirical_signed_gap,-0.11931499999999995,synthetic,ALL,not_applicable,not_applicable
EXP-01,SYNTHETIC EXPERIMENT,1747,full,664a150484ed2af3,e462c422d18f96c1,"{""alpha_a"": 0.45, ""alpha_b"": 1.0, ""kappa_a"": 0.36000000000000004, ""kappa_b"": 0.8, ""n_per_group"": 200000.0}",0.45,1.0,0.36000000000000004,0.8,200000,empirical_signed_gap,-0.13348000000000004,synthetic,ALL,not_applicable,not_applicable
EXP-01,SYNTHETIC EXPERIMENT,1747,full,664a150484ed2af3,2317e2da2e740d7a,"{""alpha_a"": 0.5, ""alpha_b"": 0.0, ""kappa_a"": 0.4, ""kappa_b"": 0.0, ""n_per_group"": 200000.0}",0.5,0.0,0.4,0.0,200000,empirical_signed_gap,0.121,synthetic,ALL,not_applicable,not_applicable
EXP-01,SYNTHETIC EXPERIMENT,1747,full,664a150484ed2af3,5f880bbc3524c602,"{""alpha_a"": 0.5, ""alpha_b"": 0.05, ""kappa_a"": 0.4, ""kappa_b"": 0.04000000000000001, ""n_per_group"": 200000.0}",0.5,0.05,0.4,0.04000000000000001,200000,empirical_signed_gap,0.10838499999999995,synthetic,ALL,not_applicable,not_applicable
EXP-01,SYNTHETIC EXPERIMENT,1747,full,664a150484ed2af3,cbee727bbee8b172,"{""alpha_a"": 0.5, ""alpha_b"": 0.1, ""kappa_a"": 0.4, ""kappa_b"": 0.08000000000000002, ""n_per_group"": 200000.0}",0.5,0.1,0.4,0.08000000000000002,200000,empirical_signed_gap,0.09616500000000006,synthetic,ALL,not_applicable,not_applicable
EXP-01,SYNTHETIC EXPERIMENT,1747,full,664a150484ed2af3,c549ed94dc85c072,"{""alpha_a"": 0.5, ""alpha_b"": 0.15, ""kappa_a"": 0.4, ""kappa_b"": 0.12, ""n_per_group"": 200000.0}",0.5,0.15,0.4,0.12,200000,empirical_signed_gap,0.08421000000000001,synthetic,ALL,not_applicable,not_applicable
EXP-01,SYNTHETIC EXPERIMENT,1747,full,664a150484ed2af3,e5c7966f86ab0d99,"{""alpha_a"": 0.5, ""alpha_b"": 0.2, ""kappa_a"": 0.4, ""kappa_b"": 0.16000000000000003, ""n_per_group"": 200000.0}",0.5,0.2,0.4,0.16000000000000003,200000,empirical_signed_gap,0.07340500000000005,synthetic,ALL,not_applicable,not_applicable
EXP-01,SYNTHETIC EXPERIMENT,1747,full,664a150484ed2af3,51b1b4f5c30b1713,"{""alpha_a"": 0.5, ""alpha_b"": 0.25, ""kappa_a"": 0.4, ""kappa_b"": 0.2, ""n_per_group"": 200000.0}",0.5,0.25,0.4,0.2,200000,empirical_signed_gap,0.06004000000000009,synthetic,ALL,not_applicable,not_applicable
EXP-01,SYNTHETIC EXPERIMENT,1747,full,664a150484ed2af3,72fe656b641cc483,"{""alpha_a"": 0.5, ""alpha_b"": 0.3, ""kappa_a"": 0.4, ""kappa_b"": 0.24, ""n_per_group"": 200000.0}",0.5,0.3,0.4,0.24,200000,empirical_signed_gap,0.04637000000000002,synthetic,ALL,not_applicable,not_applicable
EXP-01,SYNTHETIC EXPERIMENT,1747,full,664a150484ed2af3,af622726dbd9c3ec,"{""alpha_a"": 0.5, ""alpha_b"": 0.35, ""kappa_a"": 0.4, ""kappa_b"": 0.27999999999999997, ""n_per_group"": 200000.0}",0.5,0.35,0.4,0.27999999999999997,200000,empirical_signed_gap,0.034129999999999994,synthetic,ALL,not_applicable,not_applicable
EXP-01,SYNTHETIC EXPERIMENT,1747,full,664a150484ed2af3,a8d1656ae2edbe4f,"{""alpha_a"": 0.5, ""alpha_b"": 0.4, ""kappa_a"": 0.4, ""kappa_b"": 0.32000000000000006, ""n_per_group"": 200000.0}",0.5,0.4,0.4,0.32000000000000006,200000,empirical_signed_gap,0.02438000000000007,synthetic,ALL,not_applicable,not_applicable
EXP-01,SYNTHETIC EXPERIMENT,1747,full,664a150484ed2af3,3392003f79f25b89,"{""alpha_a"": 0.5, ""alpha_b"": 0.45, ""kappa_a"": 0.4, ""kappa_b"": 0.36000000000000004, ""n_per_group"": 200000.0}",0.5,0.45,0.4,0.36000000000000004,200000,empirical_signed_gap,0.011190000000000033,synthetic,ALL,not_applicable,not_applicable
EXP-01,SYNTHETIC EXPERIMENT,1747,full,664a150484ed2af3,6beae1245aca91e7,"{""alpha_a"": 0.5, ""alpha_b"": 0.5, ""kappa_a"": 0.4, ""kappa_b"": 0.4, ""n_per_group"": 200000.0}",0.5,0.5,0.4,0.4,200000,empirical_signed_gap,5.000000000032756e-06,synthetic,ALL,not_applicable,not_applicable
EXP-01,SYNTHETIC EXPERIMENT,1747,full,664a150484ed2af3,e09e5da7081a7b00,"{""alpha_a"": 0.5, ""alpha_b"": 0.55, ""kappa_a"": 0.4, ""kappa_b"": 0.44000000000000006, ""n_per_group"": 200000.0}",0.5,0.55,0.4,0.44000000000000006,200000,empirical_signed_gap,-0.014675000000000105,synthetic,ALL,not_applicable,not_applicable
EXP-01,SYNTHETIC EXPERIMENT,1747,full,664a150484ed2af3,1062d55c00574d05,"{""alpha_a"": 0.5, ""alpha_b"": 0.6, ""kappa_a"": 0.4, ""kappa_b"": 0.48, ""n_per_group"": 200000.0}",0.5,0.6,0.4,0.48,200000,empirical_signed_gap,-0.02334499999999995,synthetic,ALL,not_applicable,not_applicable
EXP-01,SYNTHETIC EXPERIMENT,1747,full,664a150484ed2af3,d98db135ea8d5701,"{""alpha_a"": 0.5, ""alpha_b"": 0.65, ""kappa_a"": 0.4, ""kappa_b"": 0.52, ""n_per_group"": 200000.0}",0.5,0.65,0.4,0.52,200000,empirical_signed_gap,-0.03700000000000003,synthetic,ALL,not_applicable,not_applicable
EXP-01,SYNTHETIC EXPERIMENT,1747,full,664a150484ed2af3,3daace0638f99e2f,"{""alpha_a"": 0.5, ""alpha_b"": 0.7, ""kappa_a"": 0.4, ""kappa_b"": 0.5599999999999999, ""n_per_group"": 200000.0}",0.5,0.7,0.4,0.5599999999999999,200000,empirical_signed_gap,-0.04733999999999994,synthetic,ALL,not_applicable,not_applicable
EXP-01,SYNTHETIC EXPERIMENT,1747,full,664a150484ed2af3,a5041d65159fb462,"{""alpha_a"": 0.5, ""alpha_b"": 0.75, ""kappa_a"": 0.4, ""kappa_b"": 0.6000000000000001, ""n_per_group"": 200000.0}",0.5,0.75,0.4,0.6000000000000001,200000,empirical_signed_gap,-0.05823999999999996,synthetic,ALL,not_applicable,not_applicable
EXP-01,SYNTHETIC EXPERIMENT,1747,full,664a150484ed2af3,ce083d1501305d1c,"{""alpha_a"": 0.5, ""alpha_b"": 0.8, ""kappa_a"": 0.4, ""kappa_b"": 0.6400000000000001, ""n_per_group"": 200000.0}",0.5,0.8,0.4,0.6400000000000001,200000,empirical_signed_gap,-0.07259499999999997,synthetic,ALL,not_applicable,not_applicable
EXP-01,SYNTHETIC EXPERIMENT,1747,full,664a150484ed2af3,6b66bbcc88daace4,"{""alpha_a"": 0.5, ""alpha_b"": 0.85, ""kappa_a"": 0.4, ""kappa_b"": 0.68, ""n_per_group"": 200000.0}",0.5,0.85,0.4,0.68,200000,empirical_signed_gap,-0.08453499999999992,synthetic,ALL,not_applicable,not_applicable
EXP-01,SYNTHETIC EXPERIMENT,1747,full,664a150484ed2af3,74f5aa3687c13f75,"{""alpha_a"": 0.5, ""alpha_b"": 0.9, ""kappa_a"": 0.4, ""kappa_b"": 0.7200000000000001, ""n_per_group"": 200000.0}",0.5,0.9,0.4,0.7200000000000001,200000,empirical_signed_gap,-0.09521999999999997,synthetic,ALL,not_applicable,not_applicable
EXP-01,SYNTHETIC EXPERIMENT,1747,full,664a150484ed2af3,32688959679582cb,"{""alpha_a"": 0.5, ""alpha_b"": 0.95, ""kappa_a"": 0.4, ""kappa_b"": 0.76, ""n_per_group"": 200000.0}",0.5,0.95,0.4,0.76,200000,empirical_signed_gap,-0.10875999999999997,synthetic,ALL,not_applicable,not_applicable
EXP-01,SYNTHETIC EXPERIMENT,1747,full,664a150484ed2af3,32c63b25e253f30f,"{""alpha_a"": 0.5, ""alpha_b"": 1.0, ""kappa_a"": 0.4, ""kappa_b"": 0.8, ""n_per_group"": 200000.0}",0.5,1.0,0.4,0.8,200000,empirical_signed_gap,-0.12082999999999999,synthetic,ALL,not_applicable,not_applicable
EXP-01,SYNTHETIC EXPERIMENT,1747,full,664a150484ed2af3,98adb6a0ac9f9b3d,"{""alpha_a"": 0.55, ""alpha_b"": 0.0, ""kappa_a"": 0.44000000000000006, ""kappa_b"": 0.0, ""n_per_group"": 200000.0}",0.55,0.0,0.44000000000000006,0.0,200000,empirical_signed_gap,0.13136000000000003,synthetic,ALL,not_applicable,not_applicable
EXP-01,SYNTHETIC EXPERIMENT,1747,full,664a150484ed2af3,78a5de4ade8b5736,"{""alpha_a"": 0.55, ""alpha_b"": 0.05, ""kappa_a"": 0.44000000000000006, ""kappa_b"": 0.04000000000000001, ""n_per_group"": 200000.0}",0.55,0.05,0.44000000000000006,0.04000000000000001,200000,empirical_signed_gap,0.118035,synthetic,ALL,not_applicable,not_applicable
EXP-01,SYNTHETIC EXPERIMENT,1747,full,664a150484ed2af3,4845ede7694bed0b,"{""alpha_a"": 0.55, ""alpha_b"": 0.1, ""kappa_a"": 0.44000000000000006, ""kappa_b"": 0.08000000000000002, ""n_per_group"": 200000.0}",0.55,0.1,0.44000000000000006,0.08000000000000002,200000,empirical_signed_gap,0.10977999999999999,synthetic,ALL,not_applicable,not_applicable
EXP-01,SYNTHETIC EXPERIMENT,1747,full,664a150484ed2af3,d561748042cedcef,"{""alpha_a"": 0.55, ""alpha_b"": 0.15, ""kappa_a"": 0.44000000000000006, ""kappa_b"": 0.12, ""n_per_group"": 200000.0}",0.55,0.15,0.44000000000000006,0.12,200000,empirical_signed_gap,0.09376000000000007,synthetic,ALL,not_applicable,not_applicable
EXP-01,SYNTHETIC EXPERIMENT,1747,full,664a150484ed2af3,8751ce8981d1ab37,"{""alpha_a"": 0.55, ""alpha_b"": 0.2, ""kappa_a"": 0.44000000000000006, ""kappa_b"": 0.16000000000000003, ""n_per_group"": 200000.0}",0.55,0.2,0.44000000000000006,0.16000000000000003,200000,empirical_signed_gap,0.08184499999999995,synthetic,ALL,not_applicable,not_applicable
EXP-01,SYNTHETIC EXPERIMENT,1747,full,664a150484ed2af3,12dfd3a079d67fa3,"{""alpha_a"": 0.55, ""alpha_b"": 0.25, ""kappa_a"": 0.44000000000000006, ""kappa_b"": 0.2, ""n_per_group"": 200000.0}",0.55,0.25,0.44000000000000006,0.2,200000,empirical_signed_gap,0.07287500000000002,synthetic,ALL,not_applicable,not_applicable
EXP-01,SYNTHETIC EXPERIMENT,1747,full,664a150484ed2af3,e4d4837ff7754ea2,"{""alpha_a"": 0.55, ""alpha_b"": 0.3, ""kappa_a"": 0.44000000000000006, ""kappa_b"": 0.24, ""n_per_group"": 200000.0}",0.55,0.3,0.44000000000000006,0.24,200000,empirical_signed_gap,0.059209999999999985,synthetic,ALL,not_applicable,not_applicable
EXP-01,SYNTHETIC EXPERIMENT,1747,full,664a150484ed2af3,8aac5e321030839e,"{""alpha_a"": 0.55, ""alpha_b"": 0.35, ""kappa_a"": 0.44000000000000006, ""kappa_b"": 0.27999999999999997, ""n_per_group"": 200000.0}",0.55,0.35,0.44000000000000006,0.27999999999999997,200000,empirical_signed_gap,0.046949999999999936,synthetic,ALL,not_applicable,not_applicable
EXP-01,SYNTHETIC EXPERIMENT,1747,full,664a150484ed2af3,a6e0dabdc5c1de0a,"{""alpha_a"": 0.55, ""alpha_b"": 0.4, ""kappa_a"": 0.44000000000000006, ""kappa_b"": 0.32000000000000006, ""n_per_group"": 200000.0}",0.55,0.4,0.44000000000000006,0.32000000000000006,200000,empirical_signed_gap,0.037109999999999976,synthetic,ALL,not_applicable,not_applicable
EXP-01,SYNTHETIC EXPERIMENT,1747,full,664a150484ed2af3,6b9cb14935daa48e,"{""alpha_a"": 0.55, ""alpha_b"": 0.45, ""kappa_a"": 0.44000000000000006, ""kappa_b"": 0.36000000000000004, ""n_per_group"": 200000.0}",0.55,0.45,0.44000000000000006,0.36000000000000004,200000,empirical_signed_gap,0.02566999999999997,synthetic,ALL,not_applicable,not_applicable
EXP-01,SYNTHETIC EXPERIMENT,1747,full,664a150484ed2af3,d23e16099cb9ffe6,"{""alpha_a"": 0.55, ""alpha_b"": 0.5, ""kappa_a"": 0.44000000000000006, ""kappa_b"": 0.4, ""n_per_group"": 200000.0}",0.55,0.5,0.44000000000000006,0.4,200000,empirical_signed_gap,0.011830000000000007,synthetic,ALL,not_applicable,not_applicable
EXP-01,SYNTHETIC EXPERIMENT,1747,full,664a150484ed2af3,5d08b2ce05bfb185,"{""alpha_a"": 0.55, ""alpha_b"": 0.55, ""kappa_a"": 0.44000000000000006, ""kappa_b"": 0.44000000000000006, ""n_per_group"": 200000.0}",0.55,0.55,0.44000000000000006,0.44000000000000006,200000,empirical_signed_gap,-0.0004649999999999377,synthetic,ALL,not_applicable,not_applicable
EXP-01,SYNTHETIC EXPERIMENT,1747,full,664a150484ed2af3,91194d1ea7ca542b,"{""alpha_a"": 0.55, ""alpha_b"": 0.6, ""kappa_a"": 0.44000000000000006, ""kappa_b"": 0.48, ""n_per_group"": 200000.0}",0.55,0.6,0.44000000000000006,0.48,200000,empirical_signed_gap,-0.010295000000000054,synthetic,ALL,not_applicable,not_applicable
EXP-01,SYNTHETIC EXPERIMENT,1747,full,664a150484ed2af3,c8c2017e28a9d555,"{""alpha_a"": 0.55, ""alpha_b"": 0.65, ""kappa_a"": 0.44000000000000006, ""kappa_b"": 0.52, ""n_per_group"": 200000.0}",0.55,0.65,0.44000000000000006,0.52,200000,empirical_signed_gap,-0.02503500000000003,synthetic,ALL,not_applicable,not_applicable
EXP-01,SYNTHETIC EXPERIMENT,1747,full,664a150484ed2af3,23418fc93e09469c,"{""alpha_a"": 0.55, ""alpha_b"": 0.7, ""kappa_a"": 0.44000000000000006, ""kappa_b"": 0.5599999999999999, ""n_per_group"": 200000.0}",0.55,0.7,0.44000000000000006,0.5599999999999999,200000,empirical_signed_gap,-0.03434999999999999,synthetic,ALL,not_applicable,not_applicable
EXP-01,SYNTHETIC EXPERIMENT,1747,full,664a150484ed2af3,bd14f0b165623491,"{""alpha_a"": 0.55, ""alpha_b"": 0.75, ""kappa_a"": 0.44000000000000006, ""kappa_b"": 0.6000000000000001, ""n_per_group"": 200000.0}",0.55,0.75,0.44000000000000006,0.6000000000000001,200000,empirical_signed_gap,-0.04581500000000005,synthetic,ALL,not_applicable,not_applicable
EXP-01,SYNTHETIC EXPERIMENT,1747,full,664a150484ed2af3,b88630dd87f69369,"{""alpha_a"": 0.55, ""alpha_b"": 0.8, ""kappa_a"": 0.44000000000000006, ""kappa_b"": 0.6400000000000001, ""n_per_group"": 200000.0}",0.55,0.8,0.44000000000000006,0.6400000000000001,200000,empirical_signed_gap,-0.05890000000000006,synthetic,ALL,not_applicable,not_applicable
EXP-01,SYNTHETIC EXPERIMENT,1747,full,664a150484ed2af3,6c2ec5e5c4c4d043,"{""alpha_a"": 0.55, ""alpha_b"": 0.85, ""kappa_a"": 0.44000000000000006, ""kappa_b"": 0.68, ""n_per_group"": 200000.0}",0.55,0.85,0.44000000000000006,0.68,200000,empirical_signed_gap,-0.07194999999999996,synthetic,ALL,not_applicable,not_applicable
EXP-01,SYNTHETIC EXPERIMENT,1747,full,664a150484ed2af3,b34d2bbf74338187,"{""alpha_a"": 0.55, ""alpha_b"": 0.9, ""kappa_a"": 0.44000000000000006, ""kappa_b"": 0.7200000000000001, ""n_per_group"": 200000.0}",0.55,0.9,0.44000000000000006,0.7200000000000001,200000,empirical_signed_gap,-0.08387,synthetic,ALL,not_applicable,not_applicable
EXP-01,SYNTHETIC EXPERIMENT,1747,full,664a150484ed2af3,1a35cdd70a8fdb97,"{""alpha_a"": 0.55, ""alpha_b"": 0.95, ""kappa_a"": 0.44000000000000006, ""kappa_b"": 0.76, ""n_per_group"": 200000.0}",0.55,0.95,0.44000000000000006,0.76,200000,empirical_signed_gap,-0.0971399999999999,synthetic,ALL,not_applicable,not_applicable
EXP-01,SYNTHETIC EXPERIMENT,1747,full,664a150484ed2af3,e5add7c7d801a5ae,"{""alpha_a"": 0.55, ""alpha_b"": 1.0, ""kappa_a"": 0.44000000000000006, ""kappa_b"": 0.8, ""n_per_group"": 200000.0}",0.55,1.0,0.44000000000000006,0.8,200000,empirical_signed_gap,-0.10936999999999997,synthetic,ALL,not_applicable,not_applicable
EXP-01,SYNTHETIC EXPERIMENT,1747,full,664a150484ed2af3,50221bd8f402343b,"{""alpha_a"": 0.6, ""alpha_b"": 0.0, ""kappa_a"": 0.48, ""kappa_b"": 0.0, ""n_per_group"": 200000.0}",0.6,0.0,0.48,0.0,200000,empirical_signed_gap,0.14332500000000004,synthetic,ALL,not_applicable,not_applicable
EXP-01,SYNTHETIC EXPERIMENT,1747,full,664a150484ed2af3,651eb2352d5e0ecd,"{""alpha_a"": 0.6, ""alpha_b"": 0.05, ""kappa_a"": 0.48, ""kappa_b"": 0.04000000000000001, ""n_per_group"": 200000.0}",0.6,0.05,0.48,0.04000000000000001,200000,empirical_signed_gap,0.13432,synthetic,ALL,not_applicable,not_applicable
EXP-01,SYNTHETIC EXPERIMENT,1747,full,664a150484ed2af3,163d8f9d1b8bfe8d,"{""alpha_a"": 0.6, ""alpha_b"": 0.1, ""kappa_a"": 0.48, ""kappa_b"": 0.08000000000000002, ""n_per_group"": 200000.0}",0.6,0.1,0.48,0.08000000000000002,200000,empirical_signed_gap,0.11866999999999994,synthetic,ALL,not_applicable,not_applicable
EXP-01,SYNTHETIC EXPERIMENT,1747,full,664a150484ed2af3,e05d8a686a8954e9,"{""alpha_a"": 0.6, ""alpha_b"": 0.15, ""kappa_a"": 0.48, ""kappa_b"": 0.12, ""n_per_group"": 200000.0}",0.6,0.15,0.48,0.12,200000,empirical_signed_gap,0.10880499999999993,synthetic,ALL,not_applicable,not_applicable
EXP-01,SYNTHETIC EXPERIMENT,1747,full,664a150484ed2af3,43d92043ecd69631,"{""alpha_a"": 0.6, ""alpha_b"": 0.2, ""kappa_a"": 0.48, ""kappa_b"": 0.16000000000000003, ""n_per_group"": 200000.0}",0.6,0.2,0.48,0.16000000000000003,200000,empirical_signed_gap,0.09331,synthetic,ALL,not_applicable,not_applicable
EXP-01,SYNTHETIC EXPERIMENT,1747,full,664a150484ed2af3,65f53042fd482273,"{""alpha_a"": 0.6, ""alpha_b"": 0.25, ""kappa_a"": 0.48, ""kappa_b"": 0.2, ""n_per_group"": 200000.0}",0.6,0.25,0.48,0.2,200000,empirical_signed_gap,0.084785,synthetic,ALL,not_applicable,not_applicable
EXP-01,SYNTHETIC EXPERIMENT,1747,full,664a150484ed2af3,cc544c0e221b5ff2,"{""alpha_a"": 0.6, ""alpha_b"": 0.3, ""kappa_a"": 0.48, ""kappa_b"": 0.24, ""n_per_group"": 200000.0}",0.6,0.3,0.48,0.24,200000,empirical_signed_gap,0.07312000000000007,synthetic,ALL,not_applicable,not_applicable
EXP-01,SYNTHETIC EXPERIMENT,1747,full,664a150484ed2af3,e7aaa3eb9dade217,"{""alpha_a"": 0.6, ""alpha_b"": 0.35, ""kappa_a"": 0.48, ""kappa_b"": 0.27999999999999997, ""n_per_group"": 200000.0}",0.6,0.35,0.48,0.27999999999999997,200000,empirical_signed_gap,0.06006999999999996,synthetic,ALL,not_applicable,not_applicable
EXP-01,SYNTHETIC EXPERIMENT,1747,full,664a150484ed2af3,3ac735935f127d26,"{""alpha_a"": 0.6, ""alpha_b"": 0.4, ""kappa_a"": 0.48, ""kappa_b"": 0.32000000000000006, ""n_per_group"": 200000.0}",0.6,0.4,0.48,0.32000000000000006,200000,empirical_signed_gap,0.04837999999999998,synthetic,ALL,not_applicable,not_applicable
EXP-01,SYNTHETIC EXPERIMENT,1747,full,664a150484ed2af3,bf79925dafbd26b9,"{""alpha_a"": 0.6, ""alpha_b"": 0.45, ""kappa_a"": 0.48, ""kappa_b"": 0.36000000000000004, ""n_per_group"": 200000.0}",0.6,0.45,0.48,0.36000000000000004,200000,empirical_signed_gap,0.03463499999999997,synthetic,ALL,not_applicable,not_applicable
EXP-01,SYNTHETIC EXPERIMENT,1747,full,664a150484ed2af3,2d923d3c491d34fb,"{""alpha_a"": 0.6, ""alpha_b"": 0.5, ""kappa_a"": 0.48, ""kappa_b"": 0.4, ""n_per_group"": 200000.0}",0.6,0.5,0.48,0.4,200000,empirical_signed_gap,0.023739999999999983,synthetic,ALL,not_applicable,not_applicable
EXP-01,SYNTHETIC EXPERIMENT,1747,full,664a150484ed2af3,577fb647f69f629b,"{""alpha_a"": 0.6, ""alpha_b"": 0.55, ""kappa_a"": 0.48, ""kappa_b"": 0.44000000000000006, ""n_per_group"": 200000.0}",0.6,0.55,0.48,0.44000000000000006,200000,empirical_signed_gap,0.010504999999999987,synthetic,ALL,not_applicable,not_applicable
EXP-01,SYNTHETIC EXPERIMENT,1747,full,664a150484ed2af3,780a17c5091409ed,"{""alpha_a"": 0.6, ""alpha_b"": 0.6, ""kappa_a"": 0.48, ""kappa_b"": 0.48, ""n_per_group"": 200000.0}",0.6,0.6,0.48,0.48,200000,empirical_signed_gap,-0.00010500000000002174,synthetic,ALL,not_applicable,not_applicable
EXP-01,SYNTHETIC EXPERIMENT,1747,full,664a150484ed2af3,c647f1f7edbb3a38,"{""alpha_a"": 0.6, ""alpha_b"": 0.65, ""kappa_a"": 0.48, ""kappa_b"": 0.52, ""n_per_group"": 200000.0}",0.6,0.65,0.48,0.52,200000,empirical_signed_gap,-0.013615000000000044,synthetic,ALL,not_applicable,not_applicable
EXP-01,SYNTHETIC EXPERIMENT,1747,full,664a150484ed2af3,9f999dfd01025484,"{""alpha_a"": 0.6, ""alpha_b"": 0.7, ""kappa_a"": 0.48, ""kappa_b"": 0.5599999999999999, ""n_per_group"": 200000.0}",0.6,0.7,0.48,0.5599999999999999,200000,empirical_signed_gap,-0.022465000000000068,synthetic,ALL,not_applicable,not_applicable
EXP-01,SYNTHETIC EXPERIMENT,1747,full,664a150484ed2af3,4a5d7fb971e337ce,"{""alpha_a"": 0.6, ""alpha_b"": 0.75, ""kappa_a"": 0.48, ""kappa_b"": 0.6000000000000001, ""n_per_group"": 200000.0}",0.6,0.75,0.48,0.6000000000000001,200000,empirical_signed_gap,-0.03450999999999993,synthetic,ALL,not_applicable,not_applicable
EXP-01,SYNTHETIC EXPERIMENT,1747,full,664a150484ed2af3,a186c70650e1139c,"{""alpha_a"": 0.6, ""alpha_b"": 0.8, ""kappa_a"": 0.48, ""kappa_b"": 0.6400000000000001, ""n_per_group"": 200000.0}",0.6,0.8,0.48,0.6400000000000001,200000,empirical_signed_gap,-0.04759000000000002,synthetic,ALL,not_applicable,not_applicable
EXP-01,SYNTHETIC EXPERIMENT,1747,full,664a150484ed2af3,de8705685ae9e61f,"{""alpha_a"": 0.6, ""alpha_b"": 0.85, ""kappa_a"": 0.48, ""kappa_b"": 0.68, ""n_per_group"": 200000.0}",0.6,0.85,0.48,0.68,200000,empirical_signed_gap,-0.05926500000000001,synthetic,ALL,not_applicable,not_applicable
EXP-01,SYNTHETIC EXPERIMENT,1747,full,664a150484ed2af3,694c75f683525a03,"{""alpha_a"": 0.6, ""alpha_b"": 0.9, ""kappa_a"": 0.48, ""kappa_b"": 0.7200000000000001, ""n_per_group"": 200000.0}",0.6,0.9,0.48,0.7200000000000001,200000,empirical_signed_gap,-0.06996500000000005,synthetic,ALL,not_applicable,not_applicable
EXP-01,SYNTHETIC EXPERIMENT,1747,full,664a150484ed2af3,78c170e48cdb4c3c,"{""alpha_a"": 0.6, ""alpha_b"": 0.95, ""kappa_a"": 0.48, ""kappa_b"": 0.76, ""n_per_group"": 200000.0}",0.6,0.95,0.48,0.76,200000,empirical_signed_gap,-0.08185999999999993,synthetic,ALL,not_applicable,not_applicable
EXP-01,SYNTHETIC EXPERIMENT,1747,full,664a150484ed2af3,d50ead690aaf4332,"{""alpha_a"": 0.6, ""alpha_b"": 1.0, ""kappa_a"": 0.48, ""kappa_b"": 0.8, ""n_per_group"": 200000.0}",0.6,1.0,0.48,0.8,200000,empirical_signed_gap,-0.09430499999999997,synthetic,ALL,not_applicable,not_applicable
EXP-01,SYNTHETIC EXPERIMENT,1747,full,664a150484ed2af3,8237ac1b2921d88e,"{""alpha_a"": 0.65, ""alpha_b"": 0.0, ""kappa_a"": 0.52, ""kappa_b"": 0.0, ""n_per_group"": 200000.0}",0.65,0.0,0.52,0.0,200000,empirical_signed_gap,0.15878500000000006,synthetic,ALL,not_applicable,not_applicable
EXP-01,SYNTHETIC EXPERIMENT,1747,full,664a150484ed2af3,797d6a7e2cc9844e,"{""alpha_a"": 0.65, ""alpha_b"": 0.05, ""kappa_a"": 0.52, ""kappa_b"": 0.04000000000000001, ""n_per_group"": 200000.0}",0.65,0.05,0.52,0.04000000000000001,200000,empirical_signed_gap,0.14356499999999994,synthetic,ALL,not_applicable,not_applicable
EXP-01,SYNTHETIC EXPERIMENT,1747,full,664a150484ed2af3,0204098df3c3b9e5,"{""alpha_a"": 0.65, ""alpha_b"": 0.1, ""kappa_a"": 0.52, ""kappa_b"": 0.08000000000000002, ""n_per_group"": 200000.0}",0.65,0.1,0.52,0.08000000000000002,200000,empirical_signed_gap,0.13053000000000003,synthetic,ALL,not_applicable,not_applicable
EXP-01,SYNTHETIC EXPERIMENT,1747,full,664a150484ed2af3,d2ea0a9ab848cf49,"{""alpha_a"": 0.65, ""alpha_b"": 0.15, ""kappa_a"": 0.52, ""kappa_b"": 0.12, ""n_per_group"": 200000.0}",0.65,0.15,0.52,0.12,200000,empirical_signed_gap,0.11968000000000001,synthetic,ALL,not_applicable,not_applicable
EXP-01,SYNTHETIC EXPERIMENT,1747,full,664a150484ed2af3,589f1decf964336d,"{""alpha_a"": 0.65, ""alpha_b"": 0.2, ""kappa_a"": 0.52, ""kappa_b"": 0.16000000000000003, ""n_per_group"": 200000.0}",0.65,0.2,0.52,0.16000000000000003,200000,empirical_signed_gap,0.10977999999999999,synthetic,ALL,not_applicable,not_applicable
EXP-01,SYNTHETIC EXPERIMENT,1747,full,664a150484ed2af3,bbbcbbb934f1bd57,"{""alpha_a"": 0.65, ""alpha_b"": 0.25, ""kappa_a"": 0.52, ""kappa_b"": 0.2, ""n_per_group"": 200000.0}",0.65,0.25,0.52,0.2,200000,empirical_signed_gap,0.09818000000000005,synthetic,ALL,not_applicable,not_applicable
EXP-01,SYNTHETIC EXPERIMENT,1747,full,664a150484ed2af3,56231ef03c73dc69,"{""alpha_a"": 0.65, ""alpha_b"": 0.3, ""kappa_a"": 0.52, ""kappa_b"": 0.24, ""n_per_group"": 200000.0}",0.65,0.3,0.52,0.24,200000,empirical_signed_gap,0.08521500000000004,synthetic,ALL,not_applicable,not_applicable
EXP-01,SYNTHETIC EXPERIMENT,1747,full,664a150484ed2af3,d874f9b45c68c078,"{""alpha_a"": 0.65, ""alpha_b"": 0.35, ""kappa_a"": 0.52, ""kappa_b"": 0.27999999999999997, ""n_per_group"": 200000.0}",0.65,0.35,0.52,0.27999999999999997,200000,empirical_signed_gap,0.07170499999999991,synthetic,ALL,not_applicable,not_applicable
EXP-01,SYNTHETIC EXPERIMENT,1747,full,664a150484ed2af3,c2e26c6bf8a9eb55,"{""alpha_a"": 0.65, ""alpha_b"": 0.4, ""kappa_a"": 0.52, ""kappa_b"": 0.32000000000000006, ""n_per_group"": 200000.0}",0.65,0.4,0.52,0.32000000000000006,200000,empirical_signed_gap,0.06090499999999999,synthetic,ALL,not_applicable,not_applicable
EXP-01,SYNTHETIC EXPERIMENT,1747,full,664a150484ed2af3,52dee04e5176f973,"{""alpha_a"": 0.65, ""alpha_b"": 0.45, ""kappa_a"": 0.52, ""kappa_b"": 0.36000000000000004, ""n_per_group"": 200000.0}",0.65,0.45,0.52,0.36000000000000004,200000,empirical_signed_gap,0.04518500000000003,synthetic,ALL,not_applicable,not_applicable
EXP-01,SYNTHETIC EXPERIMENT,1747,full,664a150484ed2af3,cb151264c8c41395,"{""alpha_a"": 0.65, ""alpha_b"": 0.5, ""kappa_a"": 0.52, ""kappa_b"": 0.4, ""n_per_group"": 200000.0}",0.65,0.5,0.52,0.4,200000,empirical_signed_gap,0.03479999999999994,synthetic,ALL,not_applicable,not_applicable
EXP-01,SYNTHETIC EXPERIMENT,1747,full,664a150484ed2af3,cb4cc85d75c9f4dc,"{""alpha_a"": 0.65, ""alpha_b"": 0.55, ""kappa_a"": 0.52, ""kappa_b"": 0.44000000000000006, ""n_per_group"": 200000.0}",0.65,0.55,0.52,0.44000000000000006,200000,empirical_signed_gap,0.025305000000000022,synthetic,ALL,not_applicable,not_applicable
EXP-01,SYNTHETIC EXPERIMENT,1747,full,664a150484ed2af3,867631e66e98681d,"{""alpha_a"": 0.65, ""alpha_b"": 0.6, ""kappa_a"": 0.52, ""kappa_b"": 0.48, ""n_per_group"": 200000.0}",0.65,0.6,0.52,0.48,200000,empirical_signed_gap,0.01434000000000002,synthetic,ALL,not_applicable,not_applicable
EXP-01,SYNTHETIC EXPERIMENT,1747,full,664a150484ed2af3,cdde18ec67287c88,"{""alpha_a"": 0.65, ""alpha_b"": 0.65, ""kappa_a"": 0.52, ""kappa_b"": 0.52, ""n_per_group"": 200000.0}",0.65,0.65,0.52,0.52,200000,empirical_signed_gap,-0.0020099999999999563,synthetic,ALL,not_applicable,not_applicable
EXP-01,SYNTHETIC EXPERIMENT,1747,full,664a150484ed2af3,8db4e03766b93699,"{""alpha_a"": 0.65, ""alpha_b"": 0.7, ""kappa_a"": 0.52, ""kappa_b"": 0.5599999999999999, ""n_per_group"": 200000.0}",0.65,0.7,0.52,0.5599999999999999,200000,empirical_signed_gap,-0.012290000000000023,synthetic,ALL,not_applicable,not_applicable
EXP-01,SYNTHETIC EXPERIMENT,1747,full,664a150484ed2af3,defa8621e1dae86e,"{""alpha_a"": 0.65, ""alpha_b"": 0.75, ""kappa_a"": 0.52, ""kappa_b"": 0.6000000000000001, ""n_per_group"": 200000.0}",0.65,0.75,0.52,0.6000000000000001,200000,empirical_signed_gap,-0.024150000000000005,synthetic,ALL,not_applicable,not_applicable
EXP-01,SYNTHETIC EXPERIMENT,1747,full,664a150484ed2af3,e806bd5df6f97888,"{""alpha_a"": 0.65, ""alpha_b"": 0.8, ""kappa_a"": 0.52, ""kappa_b"": 0.6400000000000001, ""n_per_group"": 200000.0}",0.65,0.8,0.52,0.6400000000000001,200000,empirical_signed_gap,-0.03561000000000003,synthetic,ALL,not_applicable,not_applicable
EXP-01,SYNTHETIC EXPERIMENT,1747,full,664a150484ed2af3,0903ae1542382f5e,"{""alpha_a"": 0.65, ""alpha_b"": 0.85, ""kappa_a"": 0.52, ""kappa_b"": 0.68, ""n_per_group"": 200000.0}",0.65,0.85,0.52,0.68,200000,empirical_signed_gap,-0.04796,synthetic,ALL,not_applicable,not_applicable
EXP-01,SYNTHETIC EXPERIMENT,1747,full,664a150484ed2af3,ab1b216db6302741,"{""alpha_a"": 0.65, ""alpha_b"": 0.9, ""kappa_a"": 0.52, ""kappa_b"": 0.7200000000000001, ""n_per_group"": 200000.0}",0.65,0.9,0.52,0.7200000000000001,200000,empirical_signed_gap,-0.06017000000000006,synthetic,ALL,not_applicable,not_applicable
EXP-01,SYNTHETIC EXPERIMENT,1747,full,664a150484ed2af3,577eaa46a40bff6b,"{""alpha_a"": 0.65, ""alpha_b"": 0.95, ""kappa_a"": 0.52, ""kappa_b"": 0.76, ""n_per_group"": 200000.0}",0.65,0.95,0.52,0.76,200000,empirical_signed_gap,-0.07101999999999997,synthetic,ALL,not_applicable,not_applicable
EXP-01,SYNTHETIC EXPERIMENT,1747,full,664a150484ed2af3,341ee85502401eb8,"{""alpha_a"": 0.65, ""alpha_b"": 1.0, ""kappa_a"": 0.52, ""kappa_b"": 0.8, ""n_per_group"": 200000.0}",0.65,1.0,0.52,0.8,200000,empirical_signed_gap,-0.08255000000000001,synthetic,ALL,not_applicable,not_applicable
EXP-01,SYNTHETIC EXPERIMENT,1747,full,664a150484ed2af3,c8ddd6677f6f843b,"{""alpha_a"": 0.7, ""alpha_b"": 0.0, ""kappa_a"": 0.5599999999999999, ""kappa_b"": 0.0, ""n_per_group"": 200000.0}",0.7,0.0,0.5599999999999999,0.0,200000,empirical_signed_gap,0.16886999999999996,synthetic,ALL,not_applicable,not_applicable
EXP-01,SYNTHETIC EXPERIMENT,1747,full,664a150484ed2af3,cecdc2a6be269b13,"{""alpha_a"": 0.7, ""alpha_b"": 0.05, ""kappa_a"": 0.5599999999999999, ""kappa_b"": 0.04000000000000001, ""n_per_group"": 200000.0}",0.7,0.05,0.5599999999999999,0.04000000000000001,200000,empirical_signed_gap,0.1545249999999999,synthetic,ALL,not_applicable,not_applicable
EXP-01,SYNTHETIC EXPERIMENT,1747,full,664a150484ed2af3,7c07722156d4753c,"{""alpha_a"": 0.7, ""alpha_b"": 0.1, ""kappa_a"": 0.5599999999999999, ""kappa_b"": 0.08000000000000002, ""n_per_group"": 200000.0}",0.7,0.1,0.5599999999999999,0.08000000000000002,200000,empirical_signed_gap,0.14575000000000005,synthetic,ALL,not_applicable,not_applicable
EXP-01,SYNTHETIC EXPERIMENT,1747,full,664a150484ed2af3,d866b68c9353ad8e,"{""alpha_a"": 0.7, ""alpha_b"": 0.15, ""kappa_a"": 0.5599999999999999, ""kappa_b"": 0.12, ""n_per_group"": 200000.0}",0.7,0.15,0.5599999999999999,0.12,200000,empirical_signed_gap,0.13296000000000008,synthetic,ALL,not_applicable,not_applicable
EXP-01,SYNTHETIC EXPERIMENT,1747,full,664a150484ed2af3,22e27fd9c9b7754b,"{""alpha_a"": 0.7, ""alpha_b"": 0.2, ""kappa_a"": 0.5599999999999999, ""kappa_b"": 0.16000000000000003, ""n_per_group"": 200000.0}",0.7,0.2,0.5599999999999999,0.16000000000000003,200000,empirical_signed_gap,0.12281999999999993,synthetic,ALL,not_applicable,not_applicable
EXP-01,SYNTHETIC EXPERIMENT,1747,full,664a150484ed2af3,47c868681941b524,"{""alpha_a"": 0.7, ""alpha_b"": 0.25, ""kappa_a"": 0.5599999999999999, ""kappa_b"": 0.2, ""n_per_group"": 200000.0}",0.7,0.25,0.5599999999999999,0.2,200000,empirical_signed_gap,0.10900999999999994,synthetic,ALL,not_applicable,not_applicable
EXP-01,SYNTHETIC EXPERIMENT,1747,full,664a150484ed2af3,968819aff68502bb,"{""alpha_a"": 0.7, ""alpha_b"": 0.3, ""kappa_a"": 0.5599999999999999, ""kappa_b"": 0.24, ""n_per_group"": 200000.0}",0.7,0.3,0.5599999999999999,0.24,200000,empirical_signed_gap,0.09494000000000002,synthetic,ALL,not_applicable,not_applicable
EXP-01,SYNTHETIC EXPERIMENT,1747,full,664a150484ed2af3,8ce8eb6782ff8e91,"{""alpha_a"": 0.7, ""alpha_b"": 0.35, ""kappa_a"": 0.5599999999999999, ""kappa_b"": 0.27999999999999997, ""n_per_group"": 200000.0}",0.7,0.35,0.5599999999999999,0.27999999999999997,200000,empirical_signed_gap,0.08314999999999995,synthetic,ALL,not_applicable,not_applicable
EXP-01,SYNTHETIC EXPERIMENT,1747,full,664a150484ed2af3,c89b278373082486,"{""alpha_a"": 0.7, ""alpha_b"": 0.4, ""kappa_a"": 0.5599999999999999, ""kappa_b"": 0.32000000000000006, ""n_per_group"": 200000.0}",0.7,0.4,0.5599999999999999,0.32000000000000006,200000,empirical_signed_gap,0.07113500000000006,synthetic,ALL,not_applicable,not_applicable
EXP-01,SYNTHETIC EXPERIMENT,1747,full,664a150484ed2af3,530dc275e5d583d5,"{""alpha_a"": 0.7, ""alpha_b"": 0.45, ""kappa_a"": 0.5599999999999999, ""kappa_b"": 0.36000000000000004, ""n_per_group"": 200000.0}",0.7,0.45,0.5599999999999999,0.36000000000000004,200000,empirical_signed_gap,0.05803499999999995,synthetic,ALL,not_applicable,not_applicable
EXP-01,SYNTHETIC EXPERIMENT,1747,full,664a150484ed2af3,01946da20aac2037,"{""alpha_a"": 0.7, ""alpha_b"": 0.5, ""kappa_a"": 0.5599999999999999, ""kappa_b"": 0.4, ""n_per_group"": 200000.0}",0.7,0.5,0.5599999999999999,0.4,200000,empirical_signed_gap,0.04630500000000004,synthetic,ALL,not_applicable,not_applicable
EXP-01,SYNTHETIC EXPERIMENT,1747,full,664a150484ed2af3,73e1593e0dd5e9bb,"{""alpha_a"": 0.7, ""alpha_b"": 0.55, ""kappa_a"": 0.5599999999999999, ""kappa_b"": 0.44000000000000006, ""n_per_group"": 200000.0}",0.7,0.55,0.5599999999999999,0.44000000000000006,200000,empirical_signed_gap,0.03459499999999993,synthetic,ALL,not_applicable,not_applicable
EXP-01,SYNTHETIC EXPERIMENT,1747,full,664a150484ed2af3,62270be4752f9f93,"{""alpha_a"": 0.7, ""alpha_b"": 0.6, ""kappa_a"": 0.5599999999999999, ""kappa_b"": 0.48, ""n_per_group"": 200000.0}",0.7,0.6,0.5599999999999999,0.48,200000,empirical_signed_gap,0.02230999999999994,synthetic,ALL,not_applicable,not_applicable
EXP-01,SYNTHETIC EXPERIMENT,1747,full,664a150484ed2af3,6594a0ffafa2c5b6,"{""alpha_a"": 0.7, ""alpha_b"": 0.65, ""kappa_a"": 0.5599999999999999, ""kappa_b"": 0.52, ""n_per_group"": 200000.0}",0.7,0.65,0.5599999999999999,0.52,200000,empirical_signed_gap,0.011789999999999967,synthetic,ALL,not_applicable,not_applicable
EXP-01,SYNTHETIC EXPERIMENT,1747,full,664a150484ed2af3,ba8e99ce6bbcaf0c,"{""alpha_a"": 0.7, ""alpha_b"": 0.7, ""kappa_a"": 0.5599999999999999, ""kappa_b"": 0.5599999999999999, ""n_per_group"": 200000.0}",0.7,0.7,0.5599999999999999,0.5599999999999999,200000,empirical_signed_gap,0.001174999999999926,synthetic,ALL,not_applicable,not_applicable
EXP-01,SYNTHETIC EXPERIMENT,1747,full,664a150484ed2af3,bf7a34578ca9cb00,"{""alpha_a"": 0.7, ""alpha_b"": 0.75, ""kappa_a"": 0.5599999999999999, ""kappa_b"": 0.6000000000000001, ""n_per_group"": 200000.0}",0.7,0.75,0.5599999999999999,0.6000000000000001,200000,empirical_signed_gap,-0.01230500000000001,synthetic,ALL,not_applicable,not_applicable
EXP-01,SYNTHETIC EXPERIMENT,1747,full,664a150484ed2af3,67642f3a2918cae1,"{""alpha_a"": 0.7, ""alpha_b"": 0.8, ""kappa_a"": 0.5599999999999999, ""kappa_b"": 0.6400000000000001, ""n_per_group"": 200000.0}",0.7,0.8,0.5599999999999999,0.6400000000000001,200000,empirical_signed_gap,-0.024370000000000003,synthetic,ALL,not_applicable,not_applicable
EXP-01,SYNTHETIC EXPERIMENT,1747,full,664a150484ed2af3,20e2a91826b6be2d,"{""alpha_a"": 0.7, ""alpha_b"": 0.85, ""kappa_a"": 0.5599999999999999, ""kappa_b"": 0.68, ""n_per_group"": 200000.0}",0.7,0.85,0.5599999999999999,0.68,200000,empirical_signed_gap,-0.036680000000000046,synthetic,ALL,not_applicable,not_applicable
EXP-01,SYNTHETIC EXPERIMENT,1747,full,664a150484ed2af3,0a31e6d38f51fb59,"{""alpha_a"": 0.7, ""alpha_b"": 0.9, ""kappa_a"": 0.5599999999999999, ""kappa_b"": 0.7200000000000001, ""n_per_group"": 200000.0}",0.7,0.9,0.5599999999999999,0.7200000000000001,200000,empirical_signed_gap,-0.048350000000000004,synthetic,ALL,not_applicable,not_applicable
EXP-01,SYNTHETIC EXPERIMENT,1747,full,664a150484ed2af3,33190ea543da4a9e,"{""alpha_a"": 0.7, ""alpha_b"": 0.95, ""kappa_a"": 0.5599999999999999, ""kappa_b"": 0.76, ""n_per_group"": 200000.0}",0.7,0.95,0.5599999999999999,0.76,200000,empirical_signed_gap,-0.059964999999999935,synthetic,ALL,not_applicable,not_applicable
EXP-01,SYNTHETIC EXPERIMENT,1747,full,664a150484ed2af3,973027829e06a594,"{""alpha_a"": 0.7, ""alpha_b"": 1.0, ""kappa_a"": 0.5599999999999999, ""kappa_b"": 0.8, ""n_per_group"": 200000.0}",0.7,1.0,0.5599999999999999,0.8,200000,empirical_signed_gap,-0.07274499999999995,synthetic,ALL,not_applicable,not_applicable
EXP-01,SYNTHETIC EXPERIMENT,1747,full,664a150484ed2af3,145fc1da1e77a85b,"{""alpha_a"": 0.75, ""alpha_b"": 0.0, ""kappa_a"": 0.6000000000000001, ""kappa_b"": 0.0, ""n_per_group"": 200000.0}",0.75,0.0,0.6000000000000001,0.0,200000,empirical_signed_gap,0.17969999999999997,synthetic,ALL,not_applicable,not_applicable
EXP-01,SYNTHETIC EXPERIMENT,1747,full,664a150484ed2af3,8f76757fb173207f,"{""alpha_a"": 0.75, ""alpha_b"": 0.05, ""kappa_a"": 0.6000000000000001, ""kappa_b"": 0.04000000000000001, ""n_per_group"": 200000.0}",0.75,0.05,0.6000000000000001,0.04000000000000001,200000,empirical_signed_gap,0.16774,synthetic,ALL,not_applicable,not_applicable
EXP-01,SYNTHETIC EXPERIMENT,1747,full,664a150484ed2af3,cfc40a9c00d949bd,"{""alpha_a"": 0.75, ""alpha_b"": 0.1, ""kappa_a"": 0.6000000000000001, ""kappa_b"": 0.08000000000000002, ""n_per_group"": 200000.0}",0.75,0.1,0.6000000000000001,0.08000000000000002,200000,empirical_signed_gap,0.156335,synthetic,ALL,not_applicable,not_applicable
EXP-01,SYNTHETIC EXPERIMENT,1747,full,664a150484ed2af3,e900d04c2a412e38,"{""alpha_a"": 0.75, ""alpha_b"": 0.15, ""kappa_a"": 0.6000000000000001, ""kappa_b"": 0.12, ""n_per_group"": 200000.0}",0.75,0.15,0.6000000000000001,0.12,200000,empirical_signed_gap,0.14266,synthetic,ALL,not_applicable,not_applicable
EXP-01,SYNTHETIC EXPERIMENT,1747,full,664a150484ed2af3,a66da16d88db03c0,"{""alpha_a"": 0.75, ""alpha_b"": 0.2, ""kappa_a"": 0.6000000000000001, ""kappa_b"": 0.16000000000000003, ""n_per_group"": 200000.0}",0.75,0.2,0.6000000000000001,0.16000000000000003,200000,empirical_signed_gap,0.13405,synthetic,ALL,not_applicable,not_applicable
EXP-01,SYNTHETIC EXPERIMENT,1747,full,664a150484ed2af3,71c8bf969f130e9e,"{""alpha_a"": 0.75, ""alpha_b"": 0.25, ""kappa_a"": 0.6000000000000001, ""kappa_b"": 0.2, ""n_per_group"": 200000.0}",0.75,0.25,0.6000000000000001,0.2,200000,empirical_signed_gap,0.12070499999999995,synthetic,ALL,not_applicable,not_applicable
EXP-01,SYNTHETIC EXPERIMENT,1747,full,664a150484ed2af3,b645633783a2b5d9,"{""alpha_a"": 0.75, ""alpha_b"": 0.3, ""kappa_a"": 0.6000000000000001, ""kappa_b"": 0.24, ""n_per_group"": 200000.0}",0.75,0.3,0.6000000000000001,0.24,200000,empirical_signed_gap,0.10613000000000006,synthetic,ALL,not_applicable,not_applicable
EXP-01,SYNTHETIC EXPERIMENT,1747,full,664a150484ed2af3,a007c6e5d67106c5,"{""alpha_a"": 0.75, ""alpha_b"": 0.35, ""kappa_a"": 0.6000000000000001, ""kappa_b"": 0.27999999999999997, ""n_per_group"": 200000.0}",0.75,0.35,0.6000000000000001,0.27999999999999997,200000,empirical_signed_gap,0.09448000000000001,synthetic,ALL,not_applicable,not_applicable
EXP-01,SYNTHETIC EXPERIMENT,1747,full,664a150484ed2af3,973cb6ad3b163f98,"{""alpha_a"": 0.75, ""alpha_b"": 0.4, ""kappa_a"": 0.6000000000000001, ""kappa_b"": 0.32000000000000006, ""n_per_group"": 200000.0}",0.75,0.4,0.6000000000000001,0.32000000000000006,200000,empirical_signed_gap,0.08225000000000005,synthetic,ALL,not_applicable,not_applicable
EXP-01,SYNTHETIC EXPERIMENT,1747,full,664a150484ed2af3,105e9323311e6282,"{""alpha_a"": 0.75, ""alpha_b"": 0.45, ""kappa_a"": 0.6000000000000001, ""kappa_b"": 0.36000000000000004, ""n_per_group"": 200000.0}",0.75,0.45,0.6000000000000001,0.36000000000000004,200000,empirical_signed_gap,0.06991500000000006,synthetic,ALL,not_applicable,not_applicable
EXP-01,SYNTHETIC EXPERIMENT,1747,full,664a150484ed2af3,a6664c1a4c2d235b,"{""alpha_a"": 0.75, ""alpha_b"": 0.5, ""kappa_a"": 0.6000000000000001, ""kappa_b"": 0.4, ""n_per_group"": 200000.0}",0.75,0.5,0.6000000000000001,0.4,200000,empirical_signed_gap,0.06062500000000004,synthetic,ALL,not_applicable,not_applicable
EXP-01,SYNTHETIC EXPERIMENT,1747,full,664a150484ed2af3,f7fd55ca8782532f,"{""alpha_a"": 0.75, ""alpha_b"": 0.55, ""kappa_a"": 0.6000000000000001, ""kappa_b"": 0.44000000000000006, ""n_per_group"": 200000.0}",0.75,0.55,0.6000000000000001,0.44000000000000006,200000,empirical_signed_gap,0.04752000000000001,synthetic,ALL,not_applicable,not_applicable
EXP-01,SYNTHETIC EXPERIMENT,1747,full,664a150484ed2af3,3a9b935cbfa06390,"{""alpha_a"": 0.75, ""alpha_b"": 0.6, ""kappa_a"": 0.6000000000000001, ""kappa_b"": 0.48, ""n_per_group"": 200000.0}",0.75,0.6,0.6000000000000001,0.48,200000,empirical_signed_gap,0.03471999999999997,synthetic,ALL,not_applicable,not_applicable
EXP-01,SYNTHETIC EXPERIMENT,1747,full,664a150484ed2af3,5cdb075959b10140,"{""alpha_a"": 0.75, ""alpha_b"": 0.65, ""kappa_a"": 0.6000000000000001, ""kappa_b"": 0.52, ""n_per_group"": 200000.0}",0.75,0.65,0.6000000000000001,0.52,200000,empirical_signed_gap,0.023809999999999998,synthetic,ALL,not_applicable,not_applicable
EXP-01,SYNTHETIC EXPERIMENT,1747,full,664a150484ed2af3,3c6bd916c2e4b2d9,"{""alpha_a"": 0.75, ""alpha_b"": 0.7, ""kappa_a"": 0.6000000000000001, ""kappa_b"": 0.5599999999999999, ""n_per_group"": 200000.0}",0.75,0.7,0.6000000000000001,0.5599999999999999,200000,empirical_signed_gap,0.011634999999999951,synthetic,ALL,not_applicable,not_applicable
EXP-01,SYNTHETIC EXPERIMENT,1747,full,664a150484ed2af3,efff14e3d6b3c324,"{""alpha_a"": 0.75, ""alpha_b"": 0.75, ""kappa_a"": 0.6000000000000001, ""kappa_b"": 0.6000000000000001, ""n_per_group"": 200000.0}",0.75,0.75,0.6000000000000001,0.6000000000000001,200000,empirical_signed_gap,-0.0018850000000000255,synthetic,ALL,not_applicable,not_applicable
EXP-01,SYNTHETIC EXPERIMENT,1747,full,664a150484ed2af3,6cb165316d4be7b0,"{""alpha_a"": 0.75, ""alpha_b"": 0.8, ""kappa_a"": 0.6000000000000001, ""kappa_b"": 0.6400000000000001, ""n_per_group"": 200000.0}",0.75,0.8,0.6000000000000001,0.6400000000000001,200000,empirical_signed_gap,-0.009825000000000084,synthetic,ALL,not_applicable,not_applicable
EXP-01,SYNTHETIC EXPERIMENT,1747,full,664a150484ed2af3,707d372e21aec193,"{""alpha_a"": 0.75, ""alpha_b"": 0.85, ""kappa_a"": 0.6000000000000001, ""kappa_b"": 0.68, ""n_per_group"": 200000.0}",0.75,0.85,0.6000000000000001,0.68,200000,empirical_signed_gap,-0.02312000000000003,synthetic,ALL,not_applicable,not_applicable
EXP-01,SYNTHETIC EXPERIMENT,1747,full,664a150484ed2af3,7255b40c57376a7a,"{""alpha_a"": 0.75, ""alpha_b"": 0.9, ""kappa_a"": 0.6000000000000001, ""kappa_b"": 0.7200000000000001, ""n_per_group"": 200000.0}",0.75,0.9,0.6000000000000001,0.7200000000000001,200000,empirical_signed_gap,-0.03510500000000005,synthetic,ALL,not_applicable,not_applicable
EXP-01,SYNTHETIC EXPERIMENT,1747,full,664a150484ed2af3,05d0dcea49021cc9,"{""alpha_a"": 0.75, ""alpha_b"": 0.95, ""kappa_a"": 0.6000000000000001, ""kappa_b"": 0.76, ""n_per_group"": 200000.0}",0.75,0.95,0.6000000000000001,0.76,200000,empirical_signed_gap,-0.04827499999999996,synthetic,ALL,not_applicable,not_applicable
EXP-01,SYNTHETIC EXPERIMENT,1747,full,664a150484ed2af3,97edfe532689cab9,"{""alpha_a"": 0.75, ""alpha_b"": 1.0, ""kappa_a"": 0.6000000000000001, ""kappa_b"": 0.8, ""n_per_group"": 200000.0}",0.75,1.0,0.6000000000000001,0.8,200000,empirical_signed_gap,-0.05940999999999996,synthetic,ALL,not_applicable,not_applicable
EXP-01,SYNTHETIC EXPERIMENT,1747,full,664a150484ed2af3,97950d1b748ef7ea,"{""alpha_a"": 0.8, ""alpha_b"": 0.0, ""kappa_a"": 0.6400000000000001, ""kappa_b"": 0.0, ""n_per_group"": 200000.0}",0.8,0.0,0.6400000000000001,0.0,200000,empirical_signed_gap,0.1897350000000001,synthetic,ALL,not_applicable,not_applicable
EXP-01,SYNTHETIC EXPERIMENT,1747,full,664a150484ed2af3,1c35e6c663ec2953,"{""alpha_a"": 0.8, ""alpha_b"": 0.05, ""kappa_a"": 0.6400000000000001, ""kappa_b"": 0.04000000000000001, ""n_per_group"": 200000.0}",0.8,0.05,0.6400000000000001,0.04000000000000001,200000,empirical_signed_gap,0.18056000000000005,synthetic,ALL,not_applicable,not_applicable
EXP-01,SYNTHETIC EXPERIMENT,1747,full,664a150484ed2af3,19d1cdf7f2037051,"{""alpha_a"": 0.8, ""alpha_b"": 0.1, ""kappa_a"": 0.6400000000000001, ""kappa_b"": 0.08000000000000002, ""n_per_group"": 200000.0}",0.8,0.1,0.6400000000000001,0.08000000000000002,200000,empirical_signed_gap,0.168365,synthetic,ALL,not_applicable,not_applicable
EXP-01,SYNTHETIC EXPERIMENT,1747,full,664a150484ed2af3,f5f34d81dfa051b0,"{""alpha_a"": 0.8, ""alpha_b"": 0.15, ""kappa_a"": 0.6400000000000001, ""kappa_b"": 0.12, ""n_per_group"": 200000.0}",0.8,0.15,0.6400000000000001,0.12,200000,empirical_signed_gap,0.15541000000000005,synthetic,ALL,not_applicable,not_applicable
EXP-01,SYNTHETIC EXPERIMENT,1747,full,664a150484ed2af3,2d5071bf7658fe7d,"{""alpha_a"": 0.8, ""alpha_b"": 0.2, ""kappa_a"": 0.6400000000000001, ""kappa_b"": 0.16000000000000003, ""n_per_group"": 200000.0}",0.8,0.2,0.6400000000000001,0.16000000000000003,200000,empirical_signed_gap,0.14541499999999996,synthetic,ALL,not_applicable,not_applicable
EXP-01,SYNTHETIC EXPERIMENT,1747,full,664a150484ed2af3,4fee8e67e2b9ec66,"{""alpha_a"": 0.8, ""alpha_b"": 0.25, ""kappa_a"": 0.6400000000000001, ""kappa_b"": 0.2, ""n_per_group"": 200000.0}",0.8,0.25,0.6400000000000001,0.2,200000,empirical_signed_gap,0.1333749999999999,synthetic,ALL,not_applicable,not_applicable
EXP-01,SYNTHETIC EXPERIMENT,1747,full,664a150484ed2af3,ae3f287d1d76f955,"{""alpha_a"": 0.8, ""alpha_b"": 0.3, ""kappa_a"": 0.6400000000000001, ""kappa_b"": 0.24, ""n_per_group"": 200000.0}",0.8,0.3,0.6400000000000001,0.24,200000,empirical_signed_gap,0.11841000000000002,synthetic,ALL,not_applicable,not_applicable
EXP-01,SYNTHETIC EXPERIMENT,1747,full,664a150484ed2af3,c76b97e8306f63ef,"{""alpha_a"": 0.8, ""alpha_b"": 0.35, ""kappa_a"": 0.6400000000000001, ""kappa_b"": 0.27999999999999997, ""n_per_group"": 200000.0}",0.8,0.35,0.6400000000000001,0.27999999999999997,200000,empirical_signed_gap,0.10877000000000003,synthetic,ALL,not_applicable,not_applicable
EXP-01,SYNTHETIC EXPERIMENT,1747,full,664a150484ed2af3,de387c795811cf0f,"{""alpha_a"": 0.8, ""alpha_b"": 0.4, ""kappa_a"": 0.6400000000000001, ""kappa_b"": 0.32000000000000006, ""n_per_group"": 200000.0}",0.8,0.4,0.6400000000000001,0.32000000000000006,200000,empirical_signed_gap,0.09548000000000001,synthetic,ALL,not_applicable,not_applicable
EXP-01,SYNTHETIC EXPERIMENT,1747,full,664a150484ed2af3,9b77dfbc189e232b,"{""alpha_a"": 0.8, ""alpha_b"": 0.45, ""kappa_a"": 0.6400000000000001, ""kappa_b"": 0.36000000000000004, ""n_per_group"": 200000.0}",0.8,0.45,0.6400000000000001,0.36000000000000004,200000,empirical_signed_gap,0.08288999999999991,synthetic,ALL,not_applicable,not_applicable
EXP-01,SYNTHETIC EXPERIMENT,1747,full,664a150484ed2af3,4dfc43254ec4a6e8,"{""alpha_a"": 0.8, ""alpha_b"": 0.5, ""kappa_a"": 0.6400000000000001, ""kappa_b"": 0.4, ""n_per_group"": 200000.0}",0.8,0.5,0.6400000000000001,0.4,200000,empirical_signed_gap,0.07079000000000002,synthetic,ALL,not_applicable,not_applicable
EXP-01,SYNTHETIC EXPERIMENT,1747,full,664a150484ed2af3,0a648ff7295000bf,"{""alpha_a"": 0.8, ""alpha_b"": 0.55, ""kappa_a"": 0.6400000000000001, ""kappa_b"": 0.44000000000000006, ""n_per_group"": 200000.0}",0.8,0.55,0.6400000000000001,0.44000000000000006,200000,empirical_signed_gap,0.05945999999999996,synthetic,ALL,not_applicable,not_applicable
EXP-01,SYNTHETIC EXPERIMENT,1747,full,664a150484ed2af3,c4dc5c0a530c1b1b,"{""alpha_a"": 0.8, ""alpha_b"": 0.6, ""kappa_a"": 0.6400000000000001, ""kappa_b"": 0.48, ""n_per_group"": 200000.0}",0.8,0.6,0.6400000000000001,0.48,200000,empirical_signed_gap,0.04964500000000005,synthetic,ALL,not_applicable,not_applicable
EXP-01,SYNTHETIC EXPERIMENT,1747,full,664a150484ed2af3,2ed7cbddc74538cd,"{""alpha_a"": 0.8, ""alpha_b"": 0.65, ""kappa_a"": 0.6400000000000001, ""kappa_b"": 0.52, ""n_per_group"": 200000.0}",0.8,0.65,0.6400000000000001,0.52,200000,empirical_signed_gap,0.03705499999999995,synthetic,ALL,not_applicable,not_applicable
EXP-01,SYNTHETIC EXPERIMENT,1747,full,664a150484ed2af3,b457f6e1df0ab75b,"{""alpha_a"": 0.8, ""alpha_b"": 0.7, ""kappa_a"": 0.6400000000000001, ""kappa_b"": 0.5599999999999999, ""n_per_group"": 200000.0}",0.8,0.7,0.6400000000000001,0.5599999999999999,200000,empirical_signed_gap,0.023684999999999956,synthetic,ALL,not_applicable,not_applicable
EXP-01,SYNTHETIC EXPERIMENT,1747,full,664a150484ed2af3,9062e32c7ea41a6e,"{""alpha_a"": 0.8, ""alpha_b"": 0.75, ""kappa_a"": 0.6400000000000001, ""kappa_b"": 0.6000000000000001, ""n_per_group"": 200000.0}",0.8,0.75,0.6400000000000001,0.6000000000000001,200000,empirical_signed_gap,0.010700000000000043,synthetic,ALL,not_applicable,not_applicable
EXP-01,SYNTHETIC EXPERIMENT,1747,full,664a150484ed2af3,584ff44dc5b8503d,"{""alpha_a"": 0.8, ""alpha_b"": 0.8, ""kappa_a"": 0.6400000000000001, ""kappa_b"": 0.6400000000000001, ""n_per_group"": 200000.0}",0.8,0.8,0.6400000000000001,0.6400000000000001,200000,empirical_signed_gap,-0.0016049999999999676,synthetic,ALL,not_applicable,not_applicable
EXP-01,SYNTHETIC EXPERIMENT,1747,full,664a150484ed2af3,3194a78f498b4839,"{""alpha_a"": 0.8, ""alpha_b"": 0.85, ""kappa_a"": 0.6400000000000001, ""kappa_b"": 0.68, ""n_per_group"": 200000.0}",0.8,0.85,0.6400000000000001,0.68,200000,empirical_signed_gap,-0.011214999999999975,synthetic,ALL,not_applicable,not_applicable
EXP-01,SYNTHETIC EXPERIMENT,1747,full,664a150484ed2af3,095e14182b8d996f,"{""alpha_a"": 0.8, ""alpha_b"": 0.9, ""kappa_a"": 0.6400000000000001, ""kappa_b"": 0.7200000000000001, ""n_per_group"": 200000.0}",0.8,0.9,0.6400000000000001,0.7200000000000001,200000,empirical_signed_gap,-0.02240999999999993,synthetic,ALL,not_applicable,not_applicable
EXP-01,SYNTHETIC EXPERIMENT,1747,full,664a150484ed2af3,3628b420734c06e1,"{""alpha_a"": 0.8, ""alpha_b"": 0.95, ""kappa_a"": 0.6400000000000001, ""kappa_b"": 0.76, ""n_per_group"": 200000.0}",0.8,0.95,0.6400000000000001,0.76,200000,empirical_signed_gap,-0.03571000000000002,synthetic,ALL,not_applicable,not_applicable
EXP-01,SYNTHETIC EXPERIMENT,1747,full,664a150484ed2af3,a70b9b85ede5eca5,"{""alpha_a"": 0.8, ""alpha_b"": 1.0, ""kappa_a"": 0.6400000000000001, ""kappa_b"": 0.8, ""n_per_group"": 200000.0}",0.8,1.0,0.6400000000000001,0.8,200000,empirical_signed_gap,-0.04605499999999996,synthetic,ALL,not_applicable,not_applicable
EXP-01,SYNTHETIC EXPERIMENT,1747,full,664a150484ed2af3,f9781a2b6bd219b5,"{""alpha_a"": 0.85, ""alpha_b"": 0.0, ""kappa_a"": 0.68, ""kappa_b"": 0.0, ""n_per_group"": 200000.0}",0.85,0.0,0.68,0.0,200000,empirical_signed_gap,0.20345500000000005,synthetic,ALL,not_applicable,not_applicable
EXP-01,SYNTHETIC EXPERIMENT,1747,full,664a150484ed2af3,9e5a0860788419ba,"{""alpha_a"": 0.85, ""alpha_b"": 0.05, ""kappa_a"": 0.68, ""kappa_b"": 0.04000000000000001, ""n_per_group"": 200000.0}",0.85,0.05,0.68,0.04000000000000001,200000,empirical_signed_gap,0.19352499999999995,synthetic,ALL,not_applicable,not_applicable
EXP-01,SYNTHETIC EXPERIMENT,1747,full,664a150484ed2af3,ced6c97278427a71,"{""alpha_a"": 0.85, ""alpha_b"": 0.1, ""kappa_a"": 0.68, ""kappa_b"": 0.08000000000000002, ""n_per_group"": 200000.0}",0.85,0.1,0.68,0.08000000000000002,200000,empirical_signed_gap,0.1784300000000001,synthetic,ALL,not_applicable,not_applicable
EXP-01,SYNTHETIC EXPERIMENT,1747,full,664a150484ed2af3,02e538e0808d85b0,"{""alpha_a"": 0.85, ""alpha_b"": 0.15, ""kappa_a"": 0.68, ""kappa_b"": 0.12, ""n_per_group"": 200000.0}",0.85,0.15,0.68,0.12,200000,empirical_signed_gap,0.16746500000000009,synthetic,ALL,not_applicable,not_applicable
EXP-01,SYNTHETIC EXPERIMENT,1747,full,664a150484ed2af3,e7d8eeb495b380f2,"{""alpha_a"": 0.85, ""alpha_b"": 0.2, ""kappa_a"": 0.68, ""kappa_b"": 0.16000000000000003, ""n_per_group"": 200000.0}",0.85,0.2,0.68,0.16000000000000003,200000,empirical_signed_gap,0.15692499999999998,synthetic,ALL,not_applicable,not_applicable
EXP-01,SYNTHETIC EXPERIMENT,1747,full,664a150484ed2af3,556c5d02c8185afb,"{""alpha_a"": 0.85, ""alpha_b"": 0.25, ""kappa_a"": 0.68, ""kappa_b"": 0.2, ""n_per_group"": 200000.0}",0.85,0.25,0.68,0.2,200000,empirical_signed_gap,0.14163000000000003,synthetic,ALL,not_applicable,not_applicable
EXP-01,SYNTHETIC EXPERIMENT,1747,full,664a150484ed2af3,5647cd0abc42783f,"{""alpha_a"": 0.85, ""alpha_b"": 0.3, ""kappa_a"": 0.68, ""kappa_b"": 0.24, ""n_per_group"": 200000.0}",0.85,0.3,0.68,0.24,200000,empirical_signed_gap,0.13229500000000005,synthetic,ALL,not_applicable,not_applicable
EXP-01,SYNTHETIC EXPERIMENT,1747,full,664a150484ed2af3,d5b6f367e33566b8,"{""alpha_a"": 0.85, ""alpha_b"": 0.35, ""kappa_a"": 0.68, ""kappa_b"": 0.27999999999999997, ""n_per_group"": 200000.0}",0.85,0.35,0.68,0.27999999999999997,200000,empirical_signed_gap,0.11953500000000006,synthetic,ALL,not_applicable,not_applicable
EXP-01,SYNTHETIC EXPERIMENT,1747,full,664a150484ed2af3,161108514fcc9769,"{""alpha_a"": 0.85, ""alpha_b"": 0.4, ""kappa_a"": 0.68, ""kappa_b"": 0.32000000000000006, ""n_per_group"": 200000.0}",0.85,0.4,0.68,0.32000000000000006,200000,empirical_signed_gap,0.10710000000000008,synthetic,ALL,not_applicable,not_applicable
EXP-01,SYNTHETIC EXPERIMENT,1747,full,664a150484ed2af3,8d74d363bf5e2d6c,"{""alpha_a"": 0.85, ""alpha_b"": 0.45, ""kappa_a"": 0.68, ""kappa_b"": 0.36000000000000004, ""n_per_group"": 200000.0}",0.85,0.45,0.68,0.36000000000000004,200000,empirical_signed_gap,0.09580999999999995,synthetic,ALL,not_applicable,not_applicable
EXP-01,SYNTHETIC EXPERIMENT,1747,full,664a150484ed2af3,c8c1d9d14a4bcd8e,"{""alpha_a"": 0.85, ""alpha_b"": 0.5, ""kappa_a"": 0.68, ""kappa_b"": 0.4, ""n_per_group"": 200000.0}",0.85,0.5,0.68,0.4,200000,empirical_signed_gap,0.08547499999999997,synthetic,ALL,not_applicable,not_applicable
EXP-01,SYNTHETIC EXPERIMENT,1747,full,664a150484ed2af3,de79e743a6136014,"{""alpha_a"": 0.85, ""alpha_b"": 0.55, ""kappa_a"": 0.68, ""kappa_b"": 0.44000000000000006, ""n_per_group"": 200000.0}",0.85,0.55,0.68,0.44000000000000006,200000,empirical_signed_gap,0.07358500000000001,synthetic,ALL,not_applicable,not_applicable
EXP-01,SYNTHETIC EXPERIMENT,1747,full,664a150484ed2af3,2138fa704af3ee05,"{""alpha_a"": 0.85, ""alpha_b"": 0.6, ""kappa_a"": 0.68, ""kappa_b"": 0.48, ""n_per_group"": 200000.0}",0.85,0.6,0.68,0.48,200000,empirical_signed_gap,0.06103000000000003,synthetic,ALL,not_applicable,not_applicable
EXP-01,SYNTHETIC EXPERIMENT,1747,full,664a150484ed2af3,2149d67fc1a37171,"{""alpha_a"": 0.85, ""alpha_b"": 0.65, ""kappa_a"": 0.68, ""kappa_b"": 0.52, ""n_per_group"": 200000.0}",0.85,0.65,0.68,0.52,200000,empirical_signed_gap,0.04659499999999994,synthetic,ALL,not_applicable,not_applicable
EXP-01,SYNTHETIC EXPERIMENT,1747,full,664a150484ed2af3,ced565f3156e4445,"{""alpha_a"": 0.85, ""alpha_b"": 0.7, ""kappa_a"": 0.68, ""kappa_b"": 0.5599999999999999, ""n_per_group"": 200000.0}",0.85,0.7,0.68,0.5599999999999999,200000,empirical_signed_gap,0.03571499999999994,synthetic,ALL,not_applicable,not_applicable
EXP-01,SYNTHETIC EXPERIMENT,1747,full,664a150484ed2af3,c223f7771f5a85a4,"{""alpha_a"": 0.85, ""alpha_b"": 0.75, ""kappa_a"": 0.68, ""kappa_b"": 0.6000000000000001, ""n_per_group"": 200000.0}",0.85,0.75,0.68,0.6000000000000001,200000,empirical_signed_gap,0.023455000000000004,synthetic,ALL,not_applicable,not_applicable
EXP-01,SYNTHETIC EXPERIMENT,1747,full,664a150484ed2af3,77116d09b80a6189,"{""alpha_a"": 0.85, ""alpha_b"": 0.8, ""kappa_a"": 0.68, ""kappa_b"": 0.6400000000000001, ""n_per_group"": 200000.0}",0.85,0.8,0.68,0.6400000000000001,200000,empirical_signed_gap,0.012044999999999972,synthetic,ALL,not_applicable,not_applicable
EXP-01,SYNTHETIC EXPERIMENT,1747,full,664a150484ed2af3,7081b639f8a5a0cd,"{""alpha_a"": 0.85, ""alpha_b"": 0.85, ""kappa_a"": 0.68, ""kappa_b"": 0.68, ""n_per_group"": 200000.0}",0.85,0.85,0.68,0.68,200000,empirical_signed_gap,0.00022999999999995246,synthetic,ALL,not_applicable,not_applicable
EXP-01,SYNTHETIC EXPERIMENT,1747,full,664a150484ed2af3,d3fd05953a9005bb,"{""alpha_a"": 0.85, ""alpha_b"": 0.9, ""kappa_a"": 0.68, ""kappa_b"": 0.7200000000000001, ""n_per_group"": 200000.0}",0.85,0.9,0.68,0.7200000000000001,200000,empirical_signed_gap,-0.010820000000000052,synthetic,ALL,not_applicable,not_applicable
EXP-01,SYNTHETIC EXPERIMENT,1747,full,664a150484ed2af3,30d64a54cd197906,"{""alpha_a"": 0.85, ""alpha_b"": 0.95, ""kappa_a"": 0.68, ""kappa_b"": 0.76, ""n_per_group"": 200000.0}",0.85,0.95,0.68,0.76,200000,empirical_signed_gap,-0.024965000000000015,synthetic,ALL,not_applicable,not_applicable
EXP-01,SYNTHETIC EXPERIMENT,1747,full,664a150484ed2af3,1ef620acc56e345b,"{""alpha_a"": 0.85, ""alpha_b"": 1.0, ""kappa_a"": 0.68, ""kappa_b"": 0.8, ""n_per_group"": 200000.0}",0.85,1.0,0.68,0.8,200000,empirical_signed_gap,-0.036049999999999915,synthetic,ALL,not_applicable,not_applicable
EXP-01,SYNTHETIC EXPERIMENT,1747,full,664a150484ed2af3,ab1f1dff446f9627,"{""alpha_a"": 0.9, ""alpha_b"": 0.0, ""kappa_a"": 0.7200000000000001, ""kappa_b"": 0.0, ""n_per_group"": 200000.0}",0.9,0.0,0.7200000000000001,0.0,200000,empirical_signed_gap,0.21702,synthetic,ALL,not_applicable,not_applicable
EXP-01,SYNTHETIC EXPERIMENT,1747,full,664a150484ed2af3,f8909135871d2e9f,"{""alpha_a"": 0.9, ""alpha_b"": 0.05, ""kappa_a"": 0.7200000000000001, ""kappa_b"": 0.04000000000000001, ""n_per_group"": 200000.0}",0.9,0.05,0.7200000000000001,0.04000000000000001,200000,empirical_signed_gap,0.202905,synthetic,ALL,not_applicable,not_applicable
EXP-01,SYNTHETIC EXPERIMENT,1747,full,664a150484ed2af3,eb1709a63184fd7e,"{""alpha_a"": 0.9, ""alpha_b"": 0.1, ""kappa_a"": 0.7200000000000001, ""kappa_b"": 0.08000000000000002, ""n_per_group"": 200000.0}",0.9,0.1,0.7200000000000001,0.08000000000000002,200000,empirical_signed_gap,0.19238,synthetic,ALL,not_applicable,not_applicable
EXP-01,SYNTHETIC EXPERIMENT,1747,full,664a150484ed2af3,d533a31aae3537b4,"{""alpha_a"": 0.9, ""alpha_b"": 0.15, ""kappa_a"": 0.7200000000000001, ""kappa_b"": 0.12, ""n_per_group"": 200000.0}",0.9,0.15,0.7200000000000001,0.12,200000,empirical_signed_gap,0.1781799999999999,synthetic,ALL,not_applicable,not_applicable
EXP-01,SYNTHETIC EXPERIMENT,1747,full,664a150484ed2af3,53a45e8cae2a157a,"{""alpha_a"": 0.9, ""alpha_b"": 0.2, ""kappa_a"": 0.7200000000000001, ""kappa_b"": 0.16000000000000003, ""n_per_group"": 200000.0}",0.9,0.2,0.7200000000000001,0.16000000000000003,200000,empirical_signed_gap,0.16807499999999997,synthetic,ALL,not_applicable,not_applicable
EXP-01,SYNTHETIC EXPERIMENT,1747,full,664a150484ed2af3,75918e91d47967ba,"{""alpha_a"": 0.9, ""alpha_b"": 0.25, ""kappa_a"": 0.7200000000000001, ""kappa_b"": 0.2, ""n_per_group"": 200000.0}",0.9,0.25,0.7200000000000001,0.2,200000,empirical_signed_gap,0.15754999999999997,synthetic,ALL,not_applicable,not_applicable
EXP-01,SYNTHETIC EXPERIMENT,1747,full,664a150484ed2af3,c0971c588524ff57,"{""alpha_a"": 0.9, ""alpha_b"": 0.3, ""kappa_a"": 0.7200000000000001, ""kappa_b"": 0.24, ""n_per_group"": 200000.0}",0.9,0.3,0.7200000000000001,0.24,200000,empirical_signed_gap,0.1430800000000001,synthetic,ALL,not_applicable,not_applicable
EXP-01,SYNTHETIC EXPERIMENT,1747,full,664a150484ed2af3,3cd13a28a5fda48d,"{""alpha_a"": 0.9, ""alpha_b"": 0.35, ""kappa_a"": 0.7200000000000001, ""kappa_b"": 0.27999999999999997, ""n_per_group"": 200000.0}",0.9,0.35,0.7200000000000001,0.27999999999999997,200000,empirical_signed_gap,0.13272000000000006,synthetic,ALL,not_applicable,not_applicable
EXP-01,SYNTHETIC EXPERIMENT,1747,full,664a150484ed2af3,dd85b0e934f15d7c,"{""alpha_a"": 0.9, ""alpha_b"": 0.4, ""kappa_a"": 0.7200000000000001, ""kappa_b"": 0.32000000000000006, ""n_per_group"": 200000.0}",0.9,0.4,0.7200000000000001,0.32000000000000006,200000,empirical_signed_gap,0.11950499999999997,synthetic,ALL,not_applicable,not_applicable
EXP-01,SYNTHETIC EXPERIMENT,1747,full,664a150484ed2af3,0b952c1ec6a147ae,"{""alpha_a"": 0.9, ""alpha_b"": 0.45, ""kappa_a"": 0.7200000000000001, ""kappa_b"": 0.36000000000000004, ""n_per_group"": 200000.0}",0.9,0.45,0.7200000000000001,0.36000000000000004,200000,empirical_signed_gap,0.10985999999999996,synthetic,ALL,not_applicable,not_applicable
EXP-01,SYNTHETIC EXPERIMENT,1747,full,664a150484ed2af3,54882e037f434319,"{""alpha_a"": 0.9, ""alpha_b"": 0.5, ""kappa_a"": 0.7200000000000001, ""kappa_b"": 0.4, ""n_per_group"": 200000.0}",0.9,0.5,0.7200000000000001,0.4,200000,empirical_signed_gap,0.09523500000000007,synthetic,ALL,not_applicable,not_applicable
EXP-01,SYNTHETIC EXPERIMENT,1747,full,664a150484ed2af3,948cf8fc38ae3d9d,"{""alpha_a"": 0.9, ""alpha_b"": 0.55, ""kappa_a"": 0.7200000000000001, ""kappa_b"": 0.44000000000000006, ""n_per_group"": 200000.0}",0.9,0.55,0.7200000000000001,0.44000000000000006,200000,empirical_signed_gap,0.08345999999999998,synthetic,ALL,not_applicable,not_applicable
EXP-01,SYNTHETIC EXPERIMENT,1747,full,664a150484ed2af3,40275bd2cc1519fd,"{""alpha_a"": 0.9, ""alpha_b"": 0.6, ""kappa_a"": 0.7200000000000001, ""kappa_b"": 0.48, ""n_per_group"": 200000.0}",0.9,0.6,0.7200000000000001,0.48,200000,empirical_signed_gap,0.070855,synthetic,ALL,not_applicable,not_applicable
EXP-01,SYNTHETIC EXPERIMENT,1747,full,664a150484ed2af3,5378e279713aaddc,"{""alpha_a"": 0.9, ""alpha_b"": 0.65, ""kappa_a"": 0.7200000000000001, ""kappa_b"": 0.52, ""n_per_group"": 200000.0}",0.9,0.65,0.7200000000000001,0.52,200000,empirical_signed_gap,0.05918499999999993,synthetic,ALL,not_applicable,not_applicable
EXP-01,SYNTHETIC EXPERIMENT,1747,full,664a150484ed2af3,8c7fa91d5dca1824,"{""alpha_a"": 0.9, ""alpha_b"": 0.7, ""kappa_a"": 0.7200000000000001, ""kappa_b"": 0.5599999999999999, ""n_per_group"": 200000.0}",0.9,0.7,0.7200000000000001,0.5599999999999999,200000,empirical_signed_gap,0.04652500000000004,synthetic,ALL,not_applicable,not_applicable
EXP-01,SYNTHETIC EXPERIMENT,1747,full,664a150484ed2af3,3bab2ab0f8f8a95d,"{""alpha_a"": 0.9, ""alpha_b"": 0.75, ""kappa_a"": 0.7200000000000001, ""kappa_b"": 0.6000000000000001, ""n_per_group"": 200000.0}",0.9,0.75,0.7200000000000001,0.6000000000000001,200000,empirical_signed_gap,0.036495000000000055,synthetic,ALL,not_applicable,not_applicable
EXP-01,SYNTHETIC EXPERIMENT,1747,full,664a150484ed2af3,3daa5281577cd02a,"{""alpha_a"": 0.9, ""alpha_b"": 0.8, ""kappa_a"": 0.7200000000000001, ""kappa_b"": 0.6400000000000001, ""n_per_group"": 200000.0}",0.9,0.8,0.7200000000000001,0.6400000000000001,200000,empirical_signed_gap,0.023299999999999987,synthetic,ALL,not_applicable,not_applicable
EXP-01,SYNTHETIC EXPERIMENT,1747,full,664a150484ed2af3,b2b00c3251d6757d,"{""alpha_a"": 0.9, ""alpha_b"": 0.85, ""kappa_a"": 0.7200000000000001, ""kappa_b"": 0.68, ""n_per_group"": 200000.0}",0.9,0.85,0.7200000000000001,0.68,200000,empirical_signed_gap,0.011249999999999982,synthetic,ALL,not_applicable,not_applicable
EXP-01,SYNTHETIC EXPERIMENT,1747,full,664a150484ed2af3,6291f556f7b17059,"{""alpha_a"": 0.9, ""alpha_b"": 0.9, ""kappa_a"": 0.7200000000000001, ""kappa_b"": 0.7200000000000001, ""n_per_group"": 200000.0}",0.9,0.9,0.7200000000000001,0.7200000000000001,200000,empirical_signed_gap,0.0002849999999999797,synthetic,ALL,not_applicable,not_applicable
EXP-01,SYNTHETIC EXPERIMENT,1747,full,664a150484ed2af3,11168fee5bf988f4,"{""alpha_a"": 0.9, ""alpha_b"": 0.95, ""kappa_a"": 0.7200000000000001, ""kappa_b"": 0.76, ""n_per_group"": 200000.0}",0.9,0.95,0.7200000000000001,0.76,200000,empirical_signed_gap,-0.01116499999999998,synthetic,ALL,not_applicable,not_applicable
EXP-01,SYNTHETIC EXPERIMENT,1747,full,664a150484ed2af3,b274530cc3910995,"{""alpha_a"": 0.9, ""alpha_b"": 1.0, ""kappa_a"": 0.7200000000000001, ""kappa_b"": 0.8, ""n_per_group"": 200000.0}",0.9,1.0,0.7200000000000001,0.8,200000,empirical_signed_gap,-0.026514999999999955,synthetic,ALL,not_applicable,not_applicable
EXP-01,SYNTHETIC EXPERIMENT,1747,full,664a150484ed2af3,5633c9ce84ae305e,"{""alpha_a"": 0.95, ""alpha_b"": 0.0, ""kappa_a"": 0.76, ""kappa_b"": 0.0, ""n_per_group"": 200000.0}",0.95,0.0,0.76,0.0,200000,empirical_signed_gap,0.22804500000000005,synthetic,ALL,not_applicable,not_applicable
EXP-01,SYNTHETIC EXPERIMENT,1747,full,664a150484ed2af3,87d9eae7355be919,"{""alpha_a"": 0.95, ""alpha_b"": 0.05, ""kappa_a"": 0.76, ""kappa_b"": 0.04000000000000001, ""n_per_group"": 200000.0}",0.95,0.05,0.76,0.04000000000000001,200000,empirical_signed_gap,0.21545999999999998,synthetic,ALL,not_applicable,not_applicable
EXP-01,SYNTHETIC EXPERIMENT,1747,full,664a150484ed2af3,14a47a958260d942,"{""alpha_a"": 0.95, ""alpha_b"": 0.1, ""kappa_a"": 0.76, ""kappa_b"": 0.08000000000000002, ""n_per_group"": 200000.0}",0.95,0.1,0.76,0.08000000000000002,200000,empirical_signed_gap,0.20352000000000003,synthetic,ALL,not_applicable,not_applicable
EXP-01,SYNTHETIC EXPERIMENT,1747,full,664a150484ed2af3,b156e709015040b8,"{""alpha_a"": 0.95, ""alpha_b"": 0.15, ""kappa_a"": 0.76, ""kappa_b"": 0.12, ""n_per_group"": 200000.0}",0.95,0.15,0.76,0.12,200000,empirical_signed_gap,0.19169500000000006,synthetic,ALL,not_applicable,not_applicable
EXP-01,SYNTHETIC EXPERIMENT,1747,full,664a150484ed2af3,cc2dec4fa21443ee,"{""alpha_a"": 0.95, ""alpha_b"": 0.2, ""kappa_a"": 0.76, ""kappa_b"": 0.16000000000000003, ""n_per_group"": 200000.0}",0.95,0.2,0.76,0.16000000000000003,200000,empirical_signed_gap,0.17969999999999997,synthetic,ALL,not_applicable,not_applicable
EXP-01,SYNTHETIC EXPERIMENT,1747,full,664a150484ed2af3,8ff05077826224c4,"{""alpha_a"": 0.95, ""alpha_b"": 0.25, ""kappa_a"": 0.76, ""kappa_b"": 0.2, ""n_per_group"": 200000.0}",0.95,0.25,0.76,0.2,200000,empirical_signed_gap,0.1685199999999999,synthetic,ALL,not_applicable,not_applicable
EXP-01,SYNTHETIC EXPERIMENT,1747,full,664a150484ed2af3,2dd6d771e826206c,"{""alpha_a"": 0.95, ""alpha_b"": 0.3, ""kappa_a"": 0.76, ""kappa_b"": 0.24, ""n_per_group"": 200000.0}",0.95,0.3,0.76,0.24,200000,empirical_signed_gap,0.15398499999999993,synthetic,ALL,not_applicable,not_applicable
EXP-01,SYNTHETIC EXPERIMENT,1747,full,664a150484ed2af3,ce77a76dc99a21ea,"{""alpha_a"": 0.95, ""alpha_b"": 0.35, ""kappa_a"": 0.76, ""kappa_b"": 0.27999999999999997, ""n_per_group"": 200000.0}",0.95,0.35,0.76,0.27999999999999997,200000,empirical_signed_gap,0.14447,synthetic,ALL,not_applicable,not_applicable
EXP-01,SYNTHETIC EXPERIMENT,1747,full,664a150484ed2af3,52da6160cf2de3c4,"{""alpha_a"": 0.95, ""alpha_b"": 0.4, ""kappa_a"": 0.76, ""kappa_b"": 0.32000000000000006, ""n_per_group"": 200000.0}",0.95,0.4,0.76,0.32000000000000006,200000,empirical_signed_gap,0.13094499999999998,synthetic,ALL,not_applicable,not_applicable
EXP-01,SYNTHETIC EXPERIMENT,1747,full,664a150484ed2af3,ee2d4704f4ff1cd7,"{""alpha_a"": 0.95, ""alpha_b"": 0.45, ""kappa_a"": 0.76, ""kappa_b"": 0.36000000000000004, ""n_per_group"": 200000.0}",0.95,0.45,0.76,0.36000000000000004,200000,empirical_signed_gap,0.117815,synthetic,ALL,not_applicable,not_applicable
EXP-01,SYNTHETIC EXPERIMENT,1747,full,664a150484ed2af3,7b51dc8a6ce67673,"{""alpha_a"": 0.95, ""alpha_b"": 0.5, ""kappa_a"": 0.76, ""kappa_b"": 0.4, ""n_per_group"": 200000.0}",0.95,0.5,0.76,0.4,200000,empirical_signed_gap,0.10699499999999995,synthetic,ALL,not_applicable,not_applicable
EXP-01,SYNTHETIC EXPERIMENT,1747,full,664a150484ed2af3,343cce933bb0a64e,"{""alpha_a"": 0.95, ""alpha_b"": 0.55, ""kappa_a"": 0.76, ""kappa_b"": 0.44000000000000006, ""n_per_group"": 200000.0}",0.95,0.55,0.76,0.44000000000000006,200000,empirical_signed_gap,0.09602500000000003,synthetic,ALL,not_applicable,not_applicable
EXP-01,SYNTHETIC EXPERIMENT,1747,full,664a150484ed2af3,658610aeb2a013a1,"{""alpha_a"": 0.95, ""alpha_b"": 0.6, ""kappa_a"": 0.76, ""kappa_b"": 0.48, ""n_per_group"": 200000.0}",0.95,0.6,0.76,0.48,200000,empirical_signed_gap,0.08401999999999998,synthetic,ALL,not_applicable,not_applicable
EXP-01,SYNTHETIC EXPERIMENT,1747,full,664a150484ed2af3,951bda2798672300,"{""alpha_a"": 0.95, ""alpha_b"": 0.65, ""kappa_a"": 0.76, ""kappa_b"": 0.52, ""n_per_group"": 200000.0}",0.95,0.65,0.76,0.52,200000,empirical_signed_gap,0.07067500000000004,synthetic,ALL,not_applicable,not_applicable
EXP-01,SYNTHETIC EXPERIMENT,1747,full,664a150484ed2af3,11b8343c419f08cb,"{""alpha_a"": 0.95, ""alpha_b"": 0.7, ""kappa_a"": 0.76, ""kappa_b"": 0.5599999999999999, ""n_per_group"": 200000.0}",0.95,0.7,0.76,0.5599999999999999,200000,empirical_signed_gap,0.05929499999999999,synthetic,ALL,not_applicable,not_applicable
EXP-01,SYNTHETIC EXPERIMENT,1747,full,664a150484ed2af3,2dc2c06025d58f87,"{""alpha_a"": 0.95, ""alpha_b"": 0.75, ""kappa_a"": 0.76, ""kappa_b"": 0.6000000000000001, ""n_per_group"": 200000.0}",0.95,0.75,0.76,0.6000000000000001,200000,empirical_signed_gap,0.04895500000000008,synthetic,ALL,not_applicable,not_applicable
EXP-01,SYNTHETIC EXPERIMENT,1747,full,664a150484ed2af3,29e3d6f7e7ccee2c,"{""alpha_a"": 0.95, ""alpha_b"": 0.8, ""kappa_a"": 0.76, ""kappa_b"": 0.6400000000000001, ""n_per_group"": 200000.0}",0.95,0.8,0.76,0.6400000000000001,200000,empirical_signed_gap,0.03617999999999999,synthetic,ALL,not_applicable,not_applicable
EXP-01,SYNTHETIC EXPERIMENT,1747,full,664a150484ed2af3,1f172d7a007e431d,"{""alpha_a"": 0.95, ""alpha_b"": 0.85, ""kappa_a"": 0.76, ""kappa_b"": 0.68, ""n_per_group"": 200000.0}",0.95,0.85,0.76,0.68,200000,empirical_signed_gap,0.023870000000000058,synthetic,ALL,not_applicable,not_applicable
EXP-01,SYNTHETIC EXPERIMENT,1747,full,664a150484ed2af3,1039b38374920886,"{""alpha_a"": 0.95, ""alpha_b"": 0.9, ""kappa_a"": 0.76, ""kappa_b"": 0.7200000000000001, ""n_per_group"": 200000.0}",0.95,0.9,0.76,0.7200000000000001,200000,empirical_signed_gap,0.011575000000000002,synthetic,ALL,not_applicable,not_applicable
EXP-01,SYNTHETIC EXPERIMENT,1747,full,664a150484ed2af3,35e289ecf7055aad,"{""alpha_a"": 0.95, ""alpha_b"": 0.95, ""kappa_a"": 0.76, ""kappa_b"": 0.76, ""n_per_group"": 200000.0}",0.95,0.95,0.76,0.76,200000,empirical_signed_gap,-0.0009649999999999936,synthetic,ALL,not_applicable,not_applicable
EXP-01,SYNTHETIC EXPERIMENT,1747,full,664a150484ed2af3,7714a258a40341b3,"{""alpha_a"": 0.95, ""alpha_b"": 1.0, ""kappa_a"": 0.76, ""kappa_b"": 0.8, ""n_per_group"": 200000.0}",0.95,1.0,0.76,0.8,200000,empirical_signed_gap,-0.011909999999999976,synthetic,ALL,not_applicable,not_applicable
EXP-01,SYNTHETIC EXPERIMENT,1747,full,664a150484ed2af3,66d972889c47415f,"{""alpha_a"": 1.0, ""alpha_b"": 0.0, ""kappa_a"": 0.8, ""kappa_b"": 0.0, ""n_per_group"": 200000.0}",1.0,0.0,0.8,0.0,200000,empirical_signed_gap,0.23843499999999995,synthetic,ALL,not_applicable,not_applicable
EXP-01,SYNTHETIC EXPERIMENT,1747,full,664a150484ed2af3,a79c80755cbc8c27,"{""alpha_a"": 1.0, ""alpha_b"": 0.05, ""kappa_a"": 0.8, ""kappa_b"": 0.04000000000000001, ""n_per_group"": 200000.0}",1.0,0.05,0.8,0.04000000000000001,200000,empirical_signed_gap,0.22665999999999997,synthetic,ALL,not_applicable,not_applicable
EXP-01,SYNTHETIC EXPERIMENT,1747,full,664a150484ed2af3,a49454091edc07ae,"{""alpha_a"": 1.0, ""alpha_b"": 0.1, ""kappa_a"": 0.8, ""kappa_b"": 0.08000000000000002, ""n_per_group"": 200000.0}",1.0,0.1,0.8,0.08000000000000002,200000,empirical_signed_gap,0.21667499999999995,synthetic,ALL,not_applicable,not_applicable
EXP-01,SYNTHETIC EXPERIMENT,1747,full,664a150484ed2af3,cc481bb19a6b0b5a,"{""alpha_a"": 1.0, ""alpha_b"": 0.15, ""kappa_a"": 0.8, ""kappa_b"": 0.12, ""n_per_group"": 200000.0}",1.0,0.15,0.8,0.12,200000,empirical_signed_gap,0.20435500000000006,synthetic,ALL,not_applicable,not_applicable
EXP-01,SYNTHETIC EXPERIMENT,1747,full,664a150484ed2af3,fc813012b4b7092e,"{""alpha_a"": 1.0, ""alpha_b"": 0.2, ""kappa_a"": 0.8, ""kappa_b"": 0.16000000000000003, ""n_per_group"": 200000.0}",1.0,0.2,0.8,0.16000000000000003,200000,empirical_signed_gap,0.19254499999999997,synthetic,ALL,not_applicable,not_applicable
EXP-01,SYNTHETIC EXPERIMENT,1747,full,664a150484ed2af3,80e9c6fbe0f19991,"{""alpha_a"": 1.0, ""alpha_b"": 0.25, ""kappa_a"": 0.8, ""kappa_b"": 0.2, ""n_per_group"": 200000.0}",1.0,0.25,0.8,0.2,200000,empirical_signed_gap,0.180145,synthetic,ALL,not_applicable,not_applicable
EXP-01,SYNTHETIC EXPERIMENT,1747,full,664a150484ed2af3,52aa40ec77179569,"{""alpha_a"": 1.0, ""alpha_b"": 0.3, ""kappa_a"": 0.8, ""kappa_b"": 0.24, ""n_per_group"": 200000.0}",1.0,0.3,0.8,0.24,200000,empirical_signed_gap,0.16735,synthetic,ALL,not_applicable,not_applicable
EXP-01,SYNTHETIC EXPERIMENT,1747,full,664a150484ed2af3,0d10be1ecbb2d950,"{""alpha_a"": 1.0, ""alpha_b"": 0.35, ""kappa_a"": 0.8, ""kappa_b"": 0.27999999999999997, ""n_per_group"": 200000.0}",1.0,0.35,0.8,0.27999999999999997,200000,empirical_signed_gap,0.154045,synthetic,ALL,not_applicable,not_applicable
EXP-01,SYNTHETIC EXPERIMENT,1747,full,664a150484ed2af3,8c1caf3d867f4d4f,"{""alpha_a"": 1.0, ""alpha_b"": 0.4, ""kappa_a"": 0.8, ""kappa_b"": 0.32000000000000006, ""n_per_group"": 200000.0}",1.0,0.4,0.8,0.32000000000000006,200000,empirical_signed_gap,0.14465499999999998,synthetic,ALL,not_applicable,not_applicable
EXP-01,SYNTHETIC EXPERIMENT,1747,full,664a150484ed2af3,e94e5c7b51f82ad1,"{""alpha_a"": 1.0, ""alpha_b"": 0.45, ""kappa_a"": 0.8, ""kappa_b"": 0.36000000000000004, ""n_per_group"": 200000.0}",1.0,0.45,0.8,0.36000000000000004,200000,empirical_signed_gap,0.13111499999999998,synthetic,ALL,not_applicable,not_applicable
EXP-01,SYNTHETIC EXPERIMENT,1747,full,664a150484ed2af3,b85d6f9bfbdb7274,"{""alpha_a"": 1.0, ""alpha_b"": 0.5, ""kappa_a"": 0.8, ""kappa_b"": 0.4, ""n_per_group"": 200000.0}",1.0,0.5,0.8,0.4,200000,empirical_signed_gap,0.11997999999999998,synthetic,ALL,not_applicable,not_applicable
EXP-01,SYNTHETIC EXPERIMENT,1747,full,664a150484ed2af3,87186b121909ae7d,"{""alpha_a"": 1.0, ""alpha_b"": 0.55, ""kappa_a"": 0.8, ""kappa_b"": 0.44000000000000006, ""n_per_group"": 200000.0}",1.0,0.55,0.8,0.44000000000000006,200000,empirical_signed_gap,0.107205,synthetic,ALL,not_applicable,not_applicable
EXP-01,SYNTHETIC EXPERIMENT,1747,full,664a150484ed2af3,6d7f419530a493fb,"{""alpha_a"": 1.0, ""alpha_b"": 0.6, ""kappa_a"": 0.8, ""kappa_b"": 0.48, ""n_per_group"": 200000.0}",1.0,0.6,0.8,0.48,200000,empirical_signed_gap,0.09651999999999994,synthetic,ALL,not_applicable,not_applicable
EXP-01,SYNTHETIC EXPERIMENT,1747,full,664a150484ed2af3,aa98dcb952c92d8b,"{""alpha_a"": 1.0, ""alpha_b"": 0.65, ""kappa_a"": 0.8, ""kappa_b"": 0.52, ""n_per_group"": 200000.0}",1.0,0.65,0.8,0.52,200000,empirical_signed_gap,0.08587999999999996,synthetic,ALL,not_applicable,not_applicable
EXP-01,SYNTHETIC EXPERIMENT,1747,full,664a150484ed2af3,dfadfc5954bc9544,"{""alpha_a"": 1.0, ""alpha_b"": 0.7, ""kappa_a"": 0.8, ""kappa_b"": 0.5599999999999999, ""n_per_group"": 200000.0}",1.0,0.7,0.8,0.5599999999999999,200000,empirical_signed_gap,0.07062999999999997,synthetic,ALL,not_applicable,not_applicable
EXP-01,SYNTHETIC EXPERIMENT,1747,full,664a150484ed2af3,ab199ab5679d0861,"{""alpha_a"": 1.0, ""alpha_b"": 0.75, ""kappa_a"": 0.8, ""kappa_b"": 0.6000000000000001, ""n_per_group"": 200000.0}",1.0,0.75,0.8,0.6000000000000001,200000,empirical_signed_gap,0.06059000000000003,synthetic,ALL,not_applicable,not_applicable
EXP-01,SYNTHETIC EXPERIMENT,1747,full,664a150484ed2af3,5973fabcadefed44,"{""alpha_a"": 1.0, ""alpha_b"": 0.8, ""kappa_a"": 0.8, ""kappa_b"": 0.6400000000000001, ""n_per_group"": 200000.0}",1.0,0.8,0.8,0.6400000000000001,200000,empirical_signed_gap,0.04898999999999998,synthetic,ALL,not_applicable,not_applicable
EXP-01,SYNTHETIC EXPERIMENT,1747,full,664a150484ed2af3,1af21e3107bce179,"{""alpha_a"": 1.0, ""alpha_b"": 0.85, ""kappa_a"": 0.8, ""kappa_b"": 0.68, ""n_per_group"": 200000.0}",1.0,0.85,0.8,0.68,200000,empirical_signed_gap,0.036110000000000086,synthetic,ALL,not_applicable,not_applicable
EXP-01,SYNTHETIC EXPERIMENT,1747,full,664a150484ed2af3,5ff3a7d612399c5f,"{""alpha_a"": 1.0, ""alpha_b"": 0.9, ""kappa_a"": 0.8, ""kappa_b"": 0.7200000000000001, ""n_per_group"": 200000.0}",1.0,0.9,0.8,0.7200000000000001,200000,empirical_signed_gap,0.02487000000000006,synthetic,ALL,not_applicable,not_applicable
EXP-01,SYNTHETIC EXPERIMENT,1747,full,664a150484ed2af3,0099810ce775e549,"{""alpha_a"": 1.0, ""alpha_b"": 0.95, ""kappa_a"": 0.8, ""kappa_b"": 0.76, ""n_per_group"": 200000.0}",1.0,0.95,0.8,0.76,200000,empirical_signed_gap,0.01195999999999997,synthetic,ALL,not_applicable,not_applicable
EXP-01,SYNTHETIC EXPERIMENT,1747,full,664a150484ed2af3,2450bd4c8c541d36,"{""alpha_a"": 1.0, ""alpha_b"": 1.0, ""kappa_a"": 0.8, ""kappa_b"": 0.8, ""n_per_group"": 200000.0}",1.0,1.0,0.8,0.8,200000,empirical_signed_gap,-0.0007650000000000157,synthetic,ALL,not_applicable,not_applicable
EXP-01,SYNTHETIC EXPERIMENT,1747,full,664a150484ed2af3,d677c370f64041a5,"{""alpha_a"": 0.0, ""alpha_b"": 0.0, ""kappa_a"": 0.0, ""kappa_b"": 0.0, ""n_per_group"": 200000.0}",0.0,0.0,0.0,0.0,200000,absolute_error,0.0014049999999999896,synthetic,ALL,not_applicable,not_applicable
EXP-01,SYNTHETIC EXPERIMENT,1747,full,664a150484ed2af3,ee15a83f63fdf3a4,"{""alpha_a"": 0.0, ""alpha_b"": 0.05, ""kappa_a"": 0.0, ""kappa_b"": 0.04000000000000001, ""n_per_group"": 200000.0}",0.0,0.05,0.0,0.04000000000000001,200000,absolute_error,0.0011300000000000823,synthetic,ALL,not_applicable,not_applicable
EXP-01,SYNTHETIC EXPERIMENT,1747,full,664a150484ed2af3,9f213ad987e10721,"{""alpha_a"": 0.0, ""alpha_b"": 0.1, ""kappa_a"": 0.0, ""kappa_b"": 0.08000000000000002, ""n_per_group"": 200000.0}",0.0,0.1,0.0,0.08000000000000002,200000,absolute_error,0.000794999999999893,synthetic,ALL,not_applicable,not_applicable
EXP-01,SYNTHETIC EXPERIMENT,1747,full,664a150484ed2af3,a50ea05cc3632546,"{""alpha_a"": 0.0, ""alpha_b"": 0.15, ""kappa_a"": 0.0, ""kappa_b"": 0.12, ""n_per_group"": 200000.0}",0.0,0.15,0.0,0.12,200000,absolute_error,0.0008050000000000279,synthetic,ALL,not_applicable,not_applicable
EXP-01,SYNTHETIC EXPERIMENT,1747,full,664a150484ed2af3,cb7d140ab1af89e3,"{""alpha_a"": 0.0, ""alpha_b"": 0.2, ""kappa_a"": 0.0, ""kappa_b"": 0.16000000000000003, ""n_per_group"": 200000.0}",0.0,0.2,0.0,0.16000000000000003,200000,absolute_error,0.0006350000000000244,synthetic,ALL,not_applicable,not_applicable
EXP-01,SYNTHETIC EXPERIMENT,1747,full,664a150484ed2af3,07a82f8c8509babe,"{""alpha_a"": 0.0, ""alpha_b"": 0.25, ""kappa_a"": 0.0, ""kappa_b"": 0.2, ""n_per_group"": 200000.0}",0.0,0.25,0.0,0.2,200000,absolute_error,0.0004499999999999921,synthetic,ALL,not_applicable,not_applicable
EXP-01,SYNTHETIC EXPERIMENT,1747,full,664a150484ed2af3,c7201cceb6eba04e,"{""alpha_a"": 0.0, ""alpha_b"": 0.3, ""kappa_a"": 0.0, ""kappa_b"": 0.24, ""n_per_group"": 200000.0}",0.0,0.3,0.0,0.24,200000,absolute_error,0.00011999999999995348,synthetic,ALL,not_applicable,not_applicable
EXP-01,SYNTHETIC EXPERIMENT,1747,full,664a150484ed2af3,2d0c1d2bc4d99071,"{""alpha_a"": 0.0, ""alpha_b"": 0.35, ""kappa_a"": 0.0, ""kappa_b"": 0.27999999999999997, ""n_per_group"": 200000.0}",0.0,0.35,0.0,0.27999999999999997,200000,absolute_error,0.0019499999999999656,synthetic,ALL,not_applicable,not_applicable
EXP-01,SYNTHETIC EXPERIMENT,1747,full,664a150484ed2af3,94e82436bcbea66c,"{""alpha_a"": 0.0, ""alpha_b"": 0.4, ""kappa_a"": 0.0, ""kappa_b"": 0.32000000000000006, ""n_per_group"": 200000.0}",0.0,0.4,0.0,0.32000000000000006,200000,absolute_error,0.0008149999999999546,synthetic,ALL,not_applicable,not_applicable
EXP-01,SYNTHETIC EXPERIMENT,1747,full,664a150484ed2af3,7a738e25c58974de,"{""alpha_a"": 0.0, ""alpha_b"": 0.45, ""kappa_a"": 0.0, ""kappa_b"": 0.36000000000000004, ""n_per_group"": 200000.0}",0.0,0.45,0.0,0.36000000000000004,200000,absolute_error,0.002969999999999959,synthetic,ALL,not_applicable,not_applicable
EXP-01,SYNTHETIC EXPERIMENT,1747,full,664a150484ed2af3,9be7822385526acd,"{""alpha_a"": 0.0, ""alpha_b"": 0.5, ""kappa_a"": 0.0, ""kappa_b"": 0.4, ""n_per_group"": 200000.0}",0.0,0.5,0.0,0.4,200000,absolute_error,0.00330500000000003,synthetic,ALL,not_applicable,not_applicable
EXP-01,SYNTHETIC EXPERIMENT,1747,full,664a150484ed2af3,d187a1a86360d4a1,"{""alpha_a"": 0.0, ""alpha_b"": 0.55, ""kappa_a"": 0.0, ""kappa_b"": 0.44000000000000006, ""n_per_group"": 200000.0}",0.0,0.55,0.0,0.44000000000000006,200000,absolute_error,0.00017999999999993022,synthetic,ALL,not_applicable,not_applicable
EXP-01,SYNTHETIC EXPERIMENT,1747,full,664a150484ed2af3,f099a38496da6d21,"{""alpha_a"": 0.0, ""alpha_b"": 0.6, ""kappa_a"": 0.0, ""kappa_b"": 0.48, ""n_per_group"": 200000.0}",0.0,0.6,0.0,0.48,200000,absolute_error,0.001554999999999973,synthetic,ALL,not_applicable,not_applicable
EXP-01,SYNTHETIC EXPERIMENT,1747,full,664a150484ed2af3,6425c81b89dd6306,"{""alpha_a"": 0.0, ""alpha_b"": 0.65, ""kappa_a"": 0.0, ""kappa_b"": 0.52, ""n_per_group"": 200000.0}",0.0,0.65,0.0,0.52,200000,absolute_error,0.00015500000000001624,synthetic,ALL,not_applicable,not_applicable
EXP-01,SYNTHETIC EXPERIMENT,1747,full,664a150484ed2af3,c187d229ad634965,"{""alpha_a"": 0.0, ""alpha_b"": 0.7, ""kappa_a"": 0.0, ""kappa_b"": 0.5599999999999999, ""n_per_group"": 200000.0}",0.0,0.7,0.0,0.5599999999999999,200000,absolute_error,0.00011500000000000399,synthetic,ALL,not_applicable,not_applicable
EXP-01,SYNTHETIC EXPERIMENT,1747,full,664a150484ed2af3,26c153d1fce459b2,"{""alpha_a"": 0.0, ""alpha_b"": 0.75, ""kappa_a"": 0.0, ""kappa_b"": 0.6000000000000001, ""n_per_group"": 200000.0}",0.0,0.75,0.0,0.6000000000000001,200000,absolute_error,0.0016999999999999238,synthetic,ALL,not_applicable,not_applicable
EXP-01,SYNTHETIC EXPERIMENT,1747,full,664a150484ed2af3,82cd72741378faa9,"{""alpha_a"": 0.0, ""alpha_b"": 0.8, ""kappa_a"": 0.0, ""kappa_b"": 0.6400000000000001, ""n_per_group"": 200000.0}",0.0,0.8,0.0,0.6400000000000001,200000,absolute_error,0.0008299999999999974,synthetic,ALL,not_applicable,not_applicable
EXP-01,SYNTHETIC EXPERIMENT,1747,full,664a150484ed2af3,53b00f6023d4c902,"{""alpha_a"": 0.0, ""alpha_b"": 0.85, ""kappa_a"": 0.0, ""kappa_b"": 0.68, ""n_per_group"": 200000.0}",0.0,0.85,0.0,0.68,200000,absolute_error,6.999999999993123e-05,synthetic,ALL,not_applicable,not_applicable
EXP-01,SYNTHETIC EXPERIMENT,1747,full,664a150484ed2af3,a3219e109d91ed33,"{""alpha_a"": 0.0, ""alpha_b"": 0.9, ""kappa_a"": 0.0, ""kappa_b"": 0.7200000000000001, ""n_per_group"": 200000.0}",0.0,0.9,0.0,0.7200000000000001,200000,absolute_error,0.00027499999999994196,synthetic,ALL,not_applicable,not_applicable
EXP-01,SYNTHETIC EXPERIMENT,1747,full,664a150484ed2af3,f19beb43b18b3e3a,"{""alpha_a"": 0.0, ""alpha_b"": 0.95, ""kappa_a"": 0.0, ""kappa_b"": 0.76, ""n_per_group"": 200000.0}",0.0,0.95,0.0,0.76,200000,absolute_error,0.0010000000000000564,synthetic,ALL,not_applicable,not_applicable
EXP-01,SYNTHETIC EXPERIMENT,1747,full,664a150484ed2af3,e9c1bbf887ad5156,"{""alpha_a"": 0.0, ""alpha_b"": 1.0, ""kappa_a"": 0.0, ""kappa_b"": 0.8, ""n_per_group"": 200000.0}",0.0,1.0,0.0,0.8,200000,absolute_error,0.0012349999999999306,synthetic,ALL,not_applicable,not_applicable
EXP-01,SYNTHETIC EXPERIMENT,1747,full,664a150484ed2af3,517bf43b25015681,"{""alpha_a"": 0.05, ""alpha_b"": 0.0, ""kappa_a"": 0.04000000000000001, ""kappa_b"": 0.0, ""n_per_group"": 200000.0}",0.05,0.0,0.04000000000000001,0.0,200000,absolute_error,0.0023649999999999574,synthetic,ALL,not_applicable,not_applicable
EXP-01,SYNTHETIC EXPERIMENT,1747,full,664a150484ed2af3,928165d19889b44d,"{""alpha_a"": 0.05, ""alpha_b"": 0.05, ""kappa_a"": 0.04000000000000001, ""kappa_b"": 0.04000000000000001, ""n_per_group"": 200000.0}",0.05,0.05,0.04000000000000001,0.04000000000000001,200000,absolute_error,0.0012750000000000261,synthetic,ALL,not_applicable,not_applicable
EXP-01,SYNTHETIC EXPERIMENT,1747,full,664a150484ed2af3,4dcbefe78bb965fa,"{""alpha_a"": 0.05, ""alpha_b"": 0.1, ""kappa_a"": 0.04000000000000001, ""kappa_b"": 0.08000000000000002, ""n_per_group"": 200000.0}",0.05,0.1,0.04000000000000001,0.08000000000000002,200000,absolute_error,0.0014999999999999389,synthetic,ALL,not_applicable,not_applicable
EXP-01,SYNTHETIC EXPERIMENT,1747,full,664a150484ed2af3,3d8bba13e37d12a2,"{""alpha_a"": 0.05, ""alpha_b"": 0.15, ""kappa_a"": 0.04000000000000001, ""kappa_b"": 0.12, ""n_per_group"": 200000.0}",0.05,0.15,0.04000000000000001,0.12,200000,absolute_error,7.499999999995705e-05,synthetic,ALL,not_applicable,not_applicable
EXP-01,SYNTHETIC EXPERIMENT,1747,full,664a150484ed2af3,248cb25828144e14,"{""alpha_a"": 0.05, ""alpha_b"": 0.2, ""kappa_a"": 0.04000000000000001, ""kappa_b"": 0.16000000000000003, ""n_per_group"": 200000.0}",0.05,0.2,0.04000000000000001,0.16000000000000003,200000,absolute_error,0.003529999999999943,synthetic,ALL,not_applicable,not_applicable
EXP-01,SYNTHETIC EXPERIMENT,1747,full,664a150484ed2af3,bf8a90fef670b5c1,"{""alpha_a"": 0.05, ""alpha_b"": 0.25, ""kappa_a"": 0.04000000000000001, ""kappa_b"": 0.2, ""n_per_group"": 200000.0}",0.05,0.25,0.04000000000000001,0.2,200000,absolute_error,0.002649999999999965,synthetic,ALL,not_applicable,not_applicable
EXP-01,SYNTHETIC EXPERIMENT,1747,full,664a150484ed2af3,b4c4a034cc6a3477,"{""alpha_a"": 0.05, ""alpha_b"": 0.3, ""kappa_a"": 0.04000000000000001, ""kappa_b"": 0.24, ""n_per_group"": 200000.0}",0.05,0.3,0.04000000000000001,0.24,200000,absolute_error,0.0003649999999999001,synthetic,ALL,not_applicable,not_applicable
EXP-01,SYNTHETIC EXPERIMENT,1747,full,664a150484ed2af3,515389475eead2e0,"{""alpha_a"": 0.05, ""alpha_b"": 0.35, ""kappa_a"": 0.04000000000000001, ""kappa_b"": 0.27999999999999997, ""n_per_group"": 200000.0}",0.05,0.35,0.04000000000000001,0.27999999999999997,200000,absolute_error,0.0016650000000000692,synthetic,ALL,not_applicable,not_applicable
EXP-01,SYNTHETIC EXPERIMENT,1747,full,664a150484ed2af3,4e99ed3934b7d2fb,"{""alpha_a"": 0.05, ""alpha_b"": 0.4, ""kappa_a"": 0.04000000000000001, ""kappa_b"": 0.32000000000000006, ""n_per_group"": 200000.0}",0.05,0.4,0.04000000000000001,0.32000000000000006,200000,absolute_error,0.0011399999999999744,synthetic,ALL,not_applicable,not_applicable
EXP-01,SYNTHETIC EXPERIMENT,1747,full,664a150484ed2af3,515a1d9d2839ad0d,"{""alpha_a"": 0.05, ""alpha_b"": 0.45, ""kappa_a"": 0.04000000000000001, ""kappa_b"": 0.36000000000000004, ""n_per_group"": 200000.0}",0.05,0.45,0.04000000000000001,0.36000000000000004,200000,absolute_error,0.0008250000000000202,synthetic,ALL,not_applicable,not_applicable
EXP-01,SYNTHETIC EXPERIMENT,1747,full,664a150484ed2af3,7a32c7a4f1c13764,"{""alpha_a"": 0.05, ""alpha_b"": 0.5, ""kappa_a"": 0.04000000000000001, ""kappa_b"": 0.4, ""n_per_group"": 200000.0}",0.05,0.5,0.04000000000000001,0.4,200000,absolute_error,0.003725000000000006,synthetic,ALL,not_applicable,not_applicable
EXP-01,SYNTHETIC EXPERIMENT,1747,full,664a150484ed2af3,d522d392978a95b8,"{""alpha_a"": 0.05, ""alpha_b"": 0.55, ""kappa_a"": 0.04000000000000001, ""kappa_b"": 0.44000000000000006, ""n_per_group"": 200000.0}",0.05,0.55,0.04000000000000001,0.44000000000000006,200000,absolute_error,0.002684999999999965,synthetic,ALL,not_applicable,not_applicable
EXP-01,SYNTHETIC EXPERIMENT,1747,full,664a150484ed2af3,ec4724289873e8c4,"{""alpha_a"": 0.05, ""alpha_b"": 0.6, ""kappa_a"": 0.04000000000000001, ""kappa_b"": 0.48, ""n_per_group"": 200000.0}",0.05,0.6,0.04000000000000001,0.48,200000,absolute_error,0.00020500000000001073,synthetic,ALL,not_applicable,not_applicable
EXP-01,SYNTHETIC EXPERIMENT,1747,full,664a150484ed2af3,26755716f1dba749,"{""alpha_a"": 0.05, ""alpha_b"": 0.65, ""kappa_a"": 0.04000000000000001, ""kappa_b"": 0.52, ""n_per_group"": 200000.0}",0.05,0.65,0.04000000000000001,0.52,200000,absolute_error,0.0005849999999999467,synthetic,ALL,not_applicable,not_applicable
EXP-01,SYNTHETIC EXPERIMENT,1747,full,664a150484ed2af3,0f638c1854f1970d,"{""alpha_a"": 0.05, ""alpha_b"": 0.7, ""kappa_a"": 0.04000000000000001, ""kappa_b"": 0.5599999999999999, ""n_per_group"": 200000.0}",0.05,0.7,0.04000000000000001,0.5599999999999999,200000,absolute_error,0.0006750000000000089,synthetic,ALL,not_applicable,not_applicable
EXP-01,SYNTHETIC EXPERIMENT,1747,full,664a150484ed2af3,26d544bc09ce66a9,"{""alpha_a"": 0.05, ""alpha_b"": 0.75, ""kappa_a"": 0.04000000000000001, ""kappa_b"": 0.6000000000000001, ""n_per_group"": 200000.0}",0.05,0.75,0.04000000000000001,0.6000000000000001,200000,absolute_error,0.0024999999999999467,synthetic,ALL,not_applicable,not_applicable
EXP-01,SYNTHETIC EXPERIMENT,1747,full,664a150484ed2af3,23237d59319bfd07,"{""alpha_a"": 0.05, ""alpha_b"": 0.8, ""kappa_a"": 0.04000000000000001, ""kappa_b"": 0.6400000000000001, ""n_per_group"": 200000.0}",0.05,0.8,0.04000000000000001,0.6400000000000001,200000,absolute_error,0.0006249999999998757,synthetic,ALL,not_applicable,not_applicable
EXP-01,SYNTHETIC EXPERIMENT,1747,full,664a150484ed2af3,738e962e48b78cff,"{""alpha_a"": 0.05, ""alpha_b"": 0.85, ""kappa_a"": 0.04000000000000001, ""kappa_b"": 0.68, ""n_per_group"": 200000.0}",0.05,0.85,0.04000000000000001,0.68,200000,absolute_error,0.0008250000000000479,synthetic,ALL,not_applicable,not_applicable
EXP-01,SYNTHETIC EXPERIMENT,1747,full,664a150484ed2af3,76f5bf6fdc152914,"{""alpha_a"": 0.05, ""alpha_b"": 0.9, ""kappa_a"": 0.04000000000000001, ""kappa_b"": 0.7200000000000001, ""n_per_group"": 200000.0}",0.05,0.9,0.04000000000000001,0.7200000000000001,200000,absolute_error,0.0013600000000000556,synthetic,ALL,not_applicable,not_applicable
EXP-01,SYNTHETIC EXPERIMENT,1747,full,664a150484ed2af3,ee689fe85a37c279,"{""alpha_a"": 0.05, ""alpha_b"": 0.95, ""kappa_a"": 0.04000000000000001, ""kappa_b"": 0.76, ""n_per_group"": 200000.0}",0.05,0.95,0.04000000000000001,0.76,200000,absolute_error,0.0009250000000000091,synthetic,ALL,not_applicable,not_applicable
EXP-01,SYNTHETIC EXPERIMENT,1747,full,664a150484ed2af3,ddcb1a1882664933,"{""alpha_a"": 0.05, ""alpha_b"": 1.0, ""kappa_a"": 0.04000000000000001, ""kappa_b"": 0.8, ""n_per_group"": 200000.0}",0.05,1.0,0.04000000000000001,0.8,200000,absolute_error,0.0002549999999999497,synthetic,ALL,not_applicable,not_applicable
EXP-01,SYNTHETIC EXPERIMENT,1747,full,664a150484ed2af3,a2915cafe1d6465a,"{""alpha_a"": 0.1, ""alpha_b"": 0.0, ""kappa_a"": 0.08000000000000002, ""kappa_b"": 0.0, ""n_per_group"": 200000.0}",0.1,0.0,0.08000000000000002,0.0,200000,absolute_error,7.000000000002837e-05,synthetic,ALL,not_applicable,not_applicable
EXP-01,SYNTHETIC EXPERIMENT,1747,full,664a150484ed2af3,120f7c547c56a2ff,"{""alpha_a"": 0.1, ""alpha_b"": 0.05, ""kappa_a"": 0.08000000000000002, ""kappa_b"": 0.04000000000000001, ""n_per_group"": 200000.0}",0.1,0.05,0.08000000000000002,0.04000000000000001,200000,absolute_error,0.0007749999999999632,synthetic,ALL,not_applicable,not_applicable
EXP-01,SYNTHETIC EXPERIMENT,1747,full,664a150484ed2af3,7e2d1f708c0627fb,"{""alpha_a"": 0.1, ""alpha_b"": 0.1, ""kappa_a"": 0.08000000000000002, ""kappa_b"": 0.08000000000000002, ""n_per_group"": 200000.0}",0.1,0.1,0.08000000000000002,0.08000000000000002,200000,absolute_error,0.00036999999999998145,synthetic,ALL,not_applicable,not_applicable
EXP-01,SYNTHETIC EXPERIMENT,1747,full,664a150484ed2af3,d997930dab72759f,"{""alpha_a"": 0.1, ""alpha_b"": 0.15, ""kappa_a"": 0.08000000000000002, ""kappa_b"": 0.12, ""n_per_group"": 200000.0}",0.1,0.15,0.08000000000000002,0.12,200000,absolute_error,0.0009649999999998982,synthetic,ALL,not_applicable,not_applicable
EXP-01,SYNTHETIC EXPERIMENT,1747,full,664a150484ed2af3,ad103656ed8d7f0b,"{""alpha_a"": 0.1, ""alpha_b"": 0.2, ""kappa_a"": 0.08000000000000002, ""kappa_b"": 0.16000000000000003, ""n_per_group"": 200000.0}",0.1,0.2,0.08000000000000002,0.16000000000000003,200000,absolute_error,0.000899999999999998,synthetic,ALL,not_applicable,not_applicable
EXP-01,SYNTHETIC EXPERIMENT,1747,full,664a150484ed2af3,c14ae267f5e9ca55,"{""alpha_a"": 0.1, ""alpha_b"": 0.25, ""kappa_a"": 0.08000000000000002, ""kappa_b"": 0.2, ""n_per_group"": 200000.0}",0.1,0.25,0.08000000000000002,0.2,200000,absolute_error,7.000000000009776e-05,synthetic,ALL,not_applicable,not_applicable
EXP-01,SYNTHETIC EXPERIMENT,1747,full,664a150484ed2af3,c5eb1f7d126e4e5c,"{""alpha_a"": 0.1, ""alpha_b"": 0.3, ""kappa_a"": 0.08000000000000002, ""kappa_b"": 0.24, ""n_per_group"": 200000.0}",0.1,0.3,0.08000000000000002,0.24,200000,absolute_error,0.0006550000000000306,synthetic,ALL,not_applicable,not_applicable
EXP-01,SYNTHETIC EXPERIMENT,1747,full,664a150484ed2af3,b89305dece33fe6b,"{""alpha_a"": 0.1, ""alpha_b"": 0.35, ""kappa_a"": 0.08000000000000002, ""kappa_b"": 0.27999999999999997, ""n_per_group"": 200000.0}",0.1,0.35,0.08000000000000002,0.27999999999999997,200000,absolute_error,0.0022150000000000225,synthetic,ALL,not_applicable,not_applicable
EXP-01,SYNTHETIC EXPERIMENT,1747,full,664a150484ed2af3,684fda3d6416ed53,"{""alpha_a"": 0.1, ""alpha_b"": 0.4, ""kappa_a"": 0.08000000000000002, ""kappa_b"": 0.32000000000000006, ""n_per_group"": 200000.0}",0.1,0.4,0.08000000000000002,0.32000000000000006,200000,absolute_error,0.0004699999999999288,synthetic,ALL,not_applicable,not_applicable
EXP-01,SYNTHETIC EXPERIMENT,1747,full,664a150484ed2af3,259b09bf1fb9895d,"{""alpha_a"": 0.1, ""alpha_b"": 0.45, ""kappa_a"": 0.08000000000000002, ""kappa_b"": 0.36000000000000004, ""n_per_group"": 200000.0}",0.1,0.45,0.08000000000000002,0.36000000000000004,200000,absolute_error,0.0018349999999999755,synthetic,ALL,not_applicable,not_applicable
EXP-01,SYNTHETIC EXPERIMENT,1747,full,664a150484ed2af3,1c9e3d54c99d81ff,"{""alpha_a"": 0.1, ""alpha_b"": 0.5, ""kappa_a"": 0.08000000000000002, ""kappa_b"": 0.4, ""n_per_group"": 200000.0}",0.1,0.5,0.08000000000000002,0.4,200000,absolute_error,0.0013599999999999585,synthetic,ALL,not_applicable,not_applicable
EXP-01,SYNTHETIC EXPERIMENT,1747,full,664a150484ed2af3,d621968872180cc4,"{""alpha_a"": 0.1, ""alpha_b"": 0.55, ""kappa_a"": 0.08000000000000002, ""kappa_b"": 0.44000000000000006, ""n_per_group"": 200000.0}",0.1,0.55,0.08000000000000002,0.44000000000000006,200000,absolute_error,0.0028750000000000026,synthetic,ALL,not_applicable,not_applicable
EXP-01,SYNTHETIC EXPERIMENT,1747,full,664a150484ed2af3,5fee5e1447dee117,"{""alpha_a"": 0.1, ""alpha_b"": 0.6, ""kappa_a"": 0.08000000000000002, ""kappa_b"": 0.48, ""n_per_group"": 200000.0}",0.1,0.6,0.08000000000000002,0.48,200000,absolute_error,0.0007949999999999763,synthetic,ALL,not_applicable,not_applicable
EXP-01,SYNTHETIC EXPERIMENT,1747,full,664a150484ed2af3,ac09b83643b65a98,"{""alpha_a"": 0.1, ""alpha_b"": 0.65, ""kappa_a"": 0.08000000000000002, ""kappa_b"": 0.52, ""n_per_group"": 200000.0}",0.1,0.65,0.08000000000000002,0.52,200000,absolute_error,0.00017000000000003124,synthetic,ALL,not_applicable,not_applicable
EXP-01,SYNTHETIC EXPERIMENT,1747,full,664a150484ed2af3,f014871fe5af6f7d,"{""alpha_a"": 0.1, ""alpha_b"": 0.7, ""kappa_a"": 0.08000000000000002, ""kappa_b"": 0.5599999999999999, ""n_per_group"": 200000.0}",0.1,0.7,0.08000000000000002,0.5599999999999999,200000,absolute_error,0.001419999999999949,synthetic,ALL,not_applicable,not_applicable
EXP-01,SYNTHETIC EXPERIMENT,1747,full,664a150484ed2af3,be46b326154d4429,"{""alpha_a"": 0.1, ""alpha_b"": 0.75, ""kappa_a"": 0.08000000000000002, ""kappa_b"": 0.6000000000000001, ""n_per_group"": 200000.0}",0.1,0.75,0.08000000000000002,0.6000000000000001,200000,absolute_error,0.0016300000000000203,synthetic,ALL,not_applicable,not_applicable
EXP-01,SYNTHETIC EXPERIMENT,1747,full,664a150484ed2af3,b2387e44aaaf2399,"{""alpha_a"": 0.1, ""alpha_b"": 0.8, ""kappa_a"": 0.08000000000000002, ""kappa_b"": 0.6400000000000001, ""n_per_group"": 200000.0}",0.1,0.8,0.08000000000000002,0.6400000000000001,200000,absolute_error,0.0014449999999999186,synthetic,ALL,not_applicable,not_applicable
EXP-01,SYNTHETIC EXPERIMENT,1747,full,664a150484ed2af3,c0c424d80b9b50db,"{""alpha_a"": 0.1, ""alpha_b"": 0.85, ""kappa_a"": 0.08000000000000002, ""kappa_b"": 0.68, ""n_per_group"": 200000.0}",0.1,0.85,0.08000000000000002,0.68,200000,absolute_error,0.0002549999999998942,synthetic,ALL,not_applicable,not_applicable
EXP-01,SYNTHETIC EXPERIMENT,1747,full,664a150484ed2af3,2f6b0b058412dca4,"{""alpha_a"": 0.1, ""alpha_b"": 0.9, ""kappa_a"": 0.08000000000000002, ""kappa_b"": 0.7200000000000001, ""n_per_group"": 200000.0}",0.1,0.9,0.08000000000000002,0.7200000000000001,200000,absolute_error,0.0014049999999998786,synthetic,ALL,not_applicable,not_applicable
EXP-01,SYNTHETIC EXPERIMENT,1747,full,664a150484ed2af3,1815c76d78805582,"{""alpha_a"": 0.1, ""alpha_b"": 0.95, ""kappa_a"": 0.08000000000000002, ""kappa_b"": 0.76, ""n_per_group"": 200000.0}",0.1,0.95,0.08000000000000002,0.76,200000,absolute_error,0.0017950000000000466,synthetic,ALL,not_applicable,not_applicable
EXP-01,SYNTHETIC EXPERIMENT,1747,full,664a150484ed2af3,89ea702ee98ea51c,"{""alpha_a"": 0.1, ""alpha_b"": 1.0, ""kappa_a"": 0.08000000000000002, ""kappa_b"": 0.8, ""n_per_group"": 200000.0}",0.1,1.0,0.08000000000000002,0.8,200000,absolute_error,0.00013999999999997348,synthetic,ALL,not_applicable,not_applicable
EXP-01,SYNTHETIC EXPERIMENT,1747,full,664a150484ed2af3,08b729e9e05a1017,"{""alpha_a"": 0.15, ""alpha_b"": 0.0, ""kappa_a"": 0.12, ""kappa_b"": 0.0, ""n_per_group"": 200000.0}",0.15,0.0,0.12,0.0,200000,absolute_error,0.00015499999999998848,synthetic,ALL,not_applicable,not_applicable
EXP-01,SYNTHETIC EXPERIMENT,1747,full,664a150484ed2af3,7751e99793084c2b,"{""alpha_a"": 0.15, ""alpha_b"": 0.05, ""kappa_a"": 0.12, ""kappa_b"": 0.04000000000000001, ""n_per_group"": 200000.0}",0.15,0.05,0.12,0.04000000000000001,200000,absolute_error,0.0005350000000000424,synthetic,ALL,not_applicable,not_applicable
EXP-01,SYNTHETIC EXPERIMENT,1747,full,664a150484ed2af3,059a983f21c27d05,"{""alpha_a"": 0.15, ""alpha_b"": 0.1, ""kappa_a"": 0.12, ""kappa_b"": 0.08000000000000002, ""n_per_group"": 200000.0}",0.15,0.1,0.12,0.08000000000000002,200000,absolute_error,0.003620000000000052,synthetic,ALL,not_applicable,not_applicable
EXP-01,SYNTHETIC EXPERIMENT,1747,full,664a150484ed2af3,83532426754cba0b,"{""alpha_a"": 0.15, ""alpha_b"": 0.15, ""kappa_a"": 0.12, ""kappa_b"": 0.12, ""n_per_group"": 200000.0}",0.15,0.15,0.12,0.12,200000,absolute_error,0.0008299999999999974,synthetic,ALL,not_applicable,not_applicable
EXP-01,SYNTHETIC EXPERIMENT,1747,full,664a150484ed2af3,dab075d822cb2e53,"{""alpha_a"": 0.15, ""alpha_b"": 0.2, ""kappa_a"": 0.12, ""kappa_b"": 0.16000000000000003, ""n_per_group"": 200000.0}",0.15,0.2,0.12,0.16000000000000003,200000,absolute_error,0.00026500000000007247,synthetic,ALL,not_applicable,not_applicable
EXP-01,SYNTHETIC EXPERIMENT,1747,full,664a150484ed2af3,ff406255e9541ce0,"{""alpha_a"": 0.15, ""alpha_b"": 0.25, ""kappa_a"": 0.12, ""kappa_b"": 0.2, ""n_per_group"": 200000.0}",0.15,0.25,0.12,0.2,200000,absolute_error,0.0010849999999999888,synthetic,ALL,not_applicable,not_applicable
EXP-01,SYNTHETIC EXPERIMENT,1747,full,664a150484ed2af3,bc67d0228f2d5dea,"{""alpha_a"": 0.15, ""alpha_b"": 0.3, ""kappa_a"": 0.12, ""kappa_b"": 0.24, ""n_per_group"": 200000.0}",0.15,0.3,0.12,0.24,200000,absolute_error,0.00014499999999997848,synthetic,ALL,not_applicable,not_applicable
EXP-01,SYNTHETIC EXPERIMENT,1747,full,664a150484ed2af3,6e83edbdd079b951,"{""alpha_a"": 0.15, ""alpha_b"": 0.35, ""kappa_a"": 0.12, ""kappa_b"": 0.27999999999999997, ""n_per_group"": 200000.0}",0.15,0.35,0.12,0.27999999999999997,200000,absolute_error,0.0001300000000000051,synthetic,ALL,not_applicable,not_applicable
EXP-01,SYNTHETIC EXPERIMENT,1747,full,664a150484ed2af3,036e8f34c32b5e42,"{""alpha_a"": 0.15, ""alpha_b"": 0.4, ""kappa_a"": 0.12, ""kappa_b"": 0.32000000000000006, ""n_per_group"": 200000.0}",0.15,0.4,0.12,0.32000000000000006,200000,absolute_error,0.00015000000000001124,synthetic,ALL,not_applicable,not_applicable
EXP-01,SYNTHETIC EXPERIMENT,1747,full,664a150484ed2af3,acfa907abcae472a,"{""alpha_a"": 0.15, ""alpha_b"": 0.45, ""kappa_a"": 0.12, ""kappa_b"": 0.36000000000000004, ""n_per_group"": 200000.0}",0.15,0.45,0.12,0.36000000000000004,200000,absolute_error,0.0024399999999999283,synthetic,ALL,not_applicable,not_applicable
EXP-01,SYNTHETIC EXPERIMENT,1747,full,664a150484ed2af3,a9662090ca98d4f6,"{""alpha_a"": 0.15, ""alpha_b"": 0.5, ""kappa_a"": 0.12, ""kappa_b"": 0.4, ""n_per_group"": 200000.0}",0.15,0.5,0.12,0.4,200000,absolute_error,0.0008300000000000529,synthetic,ALL,not_applicable,not_applicable
EXP-01,SYNTHETIC EXPERIMENT,1747,full,664a150484ed2af3,045eff080186688d,"{""alpha_a"": 0.15, ""alpha_b"": 0.55, ""kappa_a"": 0.12, ""kappa_b"": 0.44000000000000006, ""n_per_group"": 200000.0}",0.15,0.55,0.12,0.44000000000000006,200000,absolute_error,0.0022400000000000753,synthetic,ALL,not_applicable,not_applicable
EXP-01,SYNTHETIC EXPERIMENT,1747,full,664a150484ed2af3,1a1483085ec0edf2,"{""alpha_a"": 0.15, ""alpha_b"": 0.6, ""kappa_a"": 0.12, ""kappa_b"": 0.48, ""n_per_group"": 200000.0}",0.15,0.6,0.12,0.48,200000,absolute_error,0.0010999999999999621,synthetic,ALL,not_applicable,not_applicable
EXP-01,SYNTHETIC EXPERIMENT,1747,full,664a150484ed2af3,6a6a0e31246bf09c,"{""alpha_a"": 0.15, ""alpha_b"": 0.65, ""kappa_a"": 0.12, ""kappa_b"": 0.52, ""n_per_group"": 200000.0}",0.15,0.65,0.12,0.52,200000,absolute_error,0.0006699999999999762,synthetic,ALL,not_applicable,not_applicable
EXP-01,SYNTHETIC EXPERIMENT,1747,full,664a150484ed2af3,d10cd4e23035c428,"{""alpha_a"": 0.15, ""alpha_b"": 0.7, ""kappa_a"": 0.12, ""kappa_b"": 0.5599999999999999, ""n_per_group"": 200000.0}",0.15,0.7,0.12,0.5599999999999999,200000,absolute_error,0.0009649999999999936,synthetic,ALL,not_applicable,not_applicable
EXP-01,SYNTHETIC EXPERIMENT,1747,full,664a150484ed2af3,9cb28d943a1dc510,"{""alpha_a"": 0.15, ""alpha_b"": 0.75, ""kappa_a"": 0.12, ""kappa_b"": 0.6000000000000001, ""n_per_group"": 200000.0}",0.15,0.75,0.12,0.6000000000000001,200000,absolute_error,0.0019249999999999268,synthetic,ALL,not_applicable,not_applicable
EXP-01,SYNTHETIC EXPERIMENT,1747,full,664a150484ed2af3,8e58a4fc2a580565,"{""alpha_a"": 0.15, ""alpha_b"": 0.8, ""kappa_a"": 0.12, ""kappa_b"": 0.6400000000000001, ""n_per_group"": 200000.0}",0.15,0.8,0.12,0.6400000000000001,200000,absolute_error,0.00018999999999999573,synthetic,ALL,not_applicable,not_applicable
EXP-01,SYNTHETIC EXPERIMENT,1747,full,664a150484ed2af3,201a8d3cd827b864,"{""alpha_a"": 0.15, ""alpha_b"": 0.85, ""kappa_a"": 0.12, ""kappa_b"": 0.68, ""n_per_group"": 200000.0}",0.15,0.85,0.12,0.68,200000,absolute_error,0.0008799999999999919,synthetic,ALL,not_applicable,not_applicable
EXP-01,SYNTHETIC EXPERIMENT,1747,full,664a150484ed2af3,afd508f6c028d6a9,"{""alpha_a"": 0.15, ""alpha_b"": 0.9, ""kappa_a"": 0.12, ""kappa_b"": 0.7200000000000001, ""n_per_group"": 200000.0}",0.15,0.9,0.12,0.7200000000000001,200000,absolute_error,0.0020049999999999235,synthetic,ALL,not_applicable,not_applicable
EXP-01,SYNTHETIC EXPERIMENT,1747,full,664a150484ed2af3,ae3046ae15a815a4,"{""alpha_a"": 0.15, ""alpha_b"": 0.95, ""kappa_a"": 0.12, ""kappa_b"": 0.76, ""n_per_group"": 200000.0}",0.15,0.95,0.12,0.76,200000,absolute_error,0.00019500000000002848,synthetic,ALL,not_applicable,not_applicable
EXP-01,SYNTHETIC EXPERIMENT,1747,full,664a150484ed2af3,694c5a71a7871c49,"{""alpha_a"": 0.15, ""alpha_b"": 1.0, ""kappa_a"": 0.12, ""kappa_b"": 0.8, ""n_per_group"": 200000.0}",0.15,1.0,0.12,0.8,200000,absolute_error,0.0022650000000000448,synthetic,ALL,not_applicable,not_applicable
EXP-01,SYNTHETIC EXPERIMENT,1747,full,664a150484ed2af3,7febf754872d3919,"{""alpha_a"": 0.2, ""alpha_b"": 0.0, ""kappa_a"": 0.16000000000000003, ""kappa_b"": 0.0, ""n_per_group"": 200000.0}",0.2,0.0,0.16000000000000003,0.0,200000,absolute_error,0.0013050000000000284,synthetic,ALL,not_applicable,not_applicable
EXP-01,SYNTHETIC EXPERIMENT,1747,full,664a150484ed2af3,af0e88350643e722,"{""alpha_a"": 0.2, ""alpha_b"": 0.05, ""kappa_a"": 0.16000000000000003, ""kappa_b"": 0.04000000000000001, ""n_per_group"": 200000.0}",0.2,0.05,0.16000000000000003,0.04000000000000001,200000,absolute_error,0.0018549999999999608,synthetic,ALL,not_applicable,not_applicable
EXP-01,SYNTHETIC EXPERIMENT,1747,full,664a150484ed2af3,ebc7988d8059dc14,"{""alpha_a"": 0.2, ""alpha_b"": 0.1, ""kappa_a"": 0.16000000000000003, ""kappa_b"": 0.08000000000000002, ""n_per_group"": 200000.0}",0.2,0.1,0.16000000000000003,0.08000000000000002,200000,absolute_error,0.0013350000000000722,synthetic,ALL,not_applicable,not_applicable
EXP-01,SYNTHETIC EXPERIMENT,1747,full,664a150484ed2af3,41008b528b1235f7,"{""alpha_a"": 0.2, ""alpha_b"": 0.15, ""kappa_a"": 0.16000000000000003, ""kappa_b"": 0.12, ""n_per_group"": 200000.0}",0.2,0.15,0.16000000000000003,0.12,200000,absolute_error,0.0013400000000000061,synthetic,ALL,not_applicable,not_applicable
EXP-01,SYNTHETIC EXPERIMENT,1747,full,664a150484ed2af3,a3f00a124577869e,"{""alpha_a"": 0.2, ""alpha_b"": 0.2, ""kappa_a"": 0.16000000000000003, ""kappa_b"": 0.16000000000000003, ""n_per_group"": 200000.0}",0.2,0.2,0.16000000000000003,0.16000000000000003,200000,absolute_error,5.500000000002725e-05,synthetic,ALL,not_applicable,not_applicable
EXP-01,SYNTHETIC EXPERIMENT,1747,full,664a150484ed2af3,8a2519f2ff1ed8f6,"{""alpha_a"": 0.2, ""alpha_b"": 0.25, ""kappa_a"": 0.16000000000000003, ""kappa_b"": 0.2, ""n_per_group"": 200000.0}",0.2,0.25,0.16000000000000003,0.2,200000,absolute_error,0.00030999999999990584,synthetic,ALL,not_applicable,not_applicable
EXP-01,SYNTHETIC EXPERIMENT,1747,full,664a150484ed2af3,b4f261583a3b724a,"{""alpha_a"": 0.2, ""alpha_b"": 0.3, ""kappa_a"": 0.16000000000000003, ""kappa_b"": 0.24, ""n_per_group"": 200000.0}",0.2,0.3,0.16000000000000003,0.24,200000,absolute_error,0.0008900000000000262,synthetic,ALL,not_applicable,not_applicable
EXP-01,SYNTHETIC EXPERIMENT,1747,full,664a150484ed2af3,f681b88a7543859f,"{""alpha_a"": 0.2, ""alpha_b"": 0.35, ""kappa_a"": 0.16000000000000003, ""kappa_b"": 0.27999999999999997, ""n_per_group"": 200000.0}",0.2,0.35,0.16000000000000003,0.27999999999999997,200000,absolute_error,0.0003500000000000031,synthetic,ALL,not_applicable,not_applicable
EXP-01,SYNTHETIC EXPERIMENT,1747,full,664a150484ed2af3,d20ee4fa0ea4046f,"{""alpha_a"": 0.2, ""alpha_b"": 0.4, ""kappa_a"": 0.16000000000000003, ""kappa_b"": 0.32000000000000006, ""n_per_group"": 200000.0}",0.2,0.4,0.16000000000000003,0.32000000000000006,200000,absolute_error,0.0016850000000000198,synthetic,ALL,not_applicable,not_applicable
EXP-01,SYNTHETIC EXPERIMENT,1747,full,664a150484ed2af3,ff7a91fd1b801645,"{""alpha_a"": 0.2, ""alpha_b"": 0.45, ""kappa_a"": 0.16000000000000003, ""kappa_b"": 0.36000000000000004, ""n_per_group"": 200000.0}",0.2,0.45,0.16000000000000003,0.36000000000000004,200000,absolute_error,0.0007900000000000268,synthetic,ALL,not_applicable,not_applicable
EXP-01,SYNTHETIC EXPERIMENT,1747,full,664a150484ed2af3,6bfd94f82a5d1ff2,"{""alpha_a"": 0.2, ""alpha_b"": 0.5, ""kappa_a"": 0.16000000000000003, ""kappa_b"": 0.4, ""n_per_group"": 200000.0}",0.2,0.5,0.16000000000000003,0.4,200000,absolute_error,6.999999999995898e-05,synthetic,ALL,not_applicable,not_applicable
EXP-01,SYNTHETIC EXPERIMENT,1747,full,664a150484ed2af3,40b3681ff1bd5a33,"{""alpha_a"": 0.2, ""alpha_b"": 0.55, ""kappa_a"": 0.16000000000000003, ""kappa_b"": 0.44000000000000006, ""n_per_group"": 200000.0}",0.2,0.55,0.16000000000000003,0.44000000000000006,200000,absolute_error,0.0017349999999999866,synthetic,ALL,not_applicable,not_applicable
EXP-01,SYNTHETIC EXPERIMENT,1747,full,664a150484ed2af3,e211bd0acc7eecf6,"{""alpha_a"": 0.2, ""alpha_b"": 0.6, ""kappa_a"": 0.16000000000000003, ""kappa_b"": 0.48, ""n_per_group"": 200000.0}",0.2,0.6,0.16000000000000003,0.48,200000,absolute_error,0.00043499999999999095,synthetic,ALL,not_applicable,not_applicable
EXP-01,SYNTHETIC EXPERIMENT,1747,full,664a150484ed2af3,1e13ae164faf8f41,"{""alpha_a"": 0.2, ""alpha_b"": 0.65, ""kappa_a"": 0.16000000000000003, ""kappa_b"": 0.52, ""n_per_group"": 200000.0}",0.2,0.65,0.16000000000000003,0.52,200000,absolute_error,0.0019549999999999568,synthetic,ALL,not_applicable,not_applicable
EXP-01,SYNTHETIC EXPERIMENT,1747,full,664a150484ed2af3,175745f0ccd8d860,"{""alpha_a"": 0.2, ""alpha_b"": 0.7, ""kappa_a"": 0.16000000000000003, ""kappa_b"": 0.5599999999999999, ""n_per_group"": 200000.0}",0.2,0.7,0.16000000000000003,0.5599999999999999,200000,absolute_error,9.499999999995623e-05,synthetic,ALL,not_applicable,not_applicable
EXP-01,SYNTHETIC EXPERIMENT,1747,full,664a150484ed2af3,a450449f379465e7,"{""alpha_a"": 0.2, ""alpha_b"": 0.75, ""kappa_a"": 0.16000000000000003, ""kappa_b"": 0.6000000000000001, ""n_per_group"": 200000.0}",0.2,0.75,0.16000000000000003,0.6000000000000001,200000,absolute_error,0.00014000000000005675,synthetic,ALL,not_applicable,not_applicable
EXP-01,SYNTHETIC EXPERIMENT,1747,full,664a150484ed2af3,96e35d8738eec7f3,"{""alpha_a"": 0.2, ""alpha_b"": 0.8, ""kappa_a"": 0.16000000000000003, ""kappa_b"": 0.6400000000000001, ""n_per_group"": 200000.0}",0.2,0.8,0.16000000000000003,0.6400000000000001,200000,absolute_error,0.0008299999999999697,synthetic,ALL,not_applicable,not_applicable
EXP-01,SYNTHETIC EXPERIMENT,1747,full,664a150484ed2af3,e2761bb3a6a7dfd5,"{""alpha_a"": 0.2, ""alpha_b"": 0.85, ""kappa_a"": 0.16000000000000003, ""kappa_b"": 0.68, ""n_per_group"": 200000.0}",0.2,0.85,0.16000000000000003,0.68,200000,absolute_error,4.999999999921734e-06,synthetic,ALL,not_applicable,not_applicable
EXP-01,SYNTHETIC EXPERIMENT,1747,full,664a150484ed2af3,96ba37d3d4dda9b2,"{""alpha_a"": 0.2, ""alpha_b"": 0.9, ""kappa_a"": 0.16000000000000003, ""kappa_b"": 0.7200000000000001, ""n_per_group"": 200000.0}",0.2,0.9,0.16000000000000003,0.7200000000000001,200000,absolute_error,0.00023500000000009624,synthetic,ALL,not_applicable,not_applicable
EXP-01,SYNTHETIC EXPERIMENT,1747,full,664a150484ed2af3,67c017115584954c,"{""alpha_a"": 0.2, ""alpha_b"": 0.95, ""kappa_a"": 0.16000000000000003, ""kappa_b"": 0.76, ""n_per_group"": 200000.0}",0.2,0.95,0.16000000000000003,0.76,200000,absolute_error,0.0005199999999999927,synthetic,ALL,not_applicable,not_applicable
EXP-01,SYNTHETIC EXPERIMENT,1747,full,664a150484ed2af3,308d26abc93558d0,"{""alpha_a"": 0.2, ""alpha_b"": 1.0, ""kappa_a"": 0.16000000000000003, ""kappa_b"": 0.8, ""n_per_group"": 200000.0}",0.2,1.0,0.16000000000000003,0.8,200000,absolute_error,0.0012049999999999839,synthetic,ALL,not_applicable,not_applicable
EXP-01,SYNTHETIC EXPERIMENT,1747,full,664a150484ed2af3,d0ef03f67f087104,"{""alpha_a"": 0.25, ""alpha_b"": 0.0, ""kappa_a"": 0.2, ""kappa_b"": 0.0, ""n_per_group"": 200000.0}",0.25,0.0,0.2,0.0,200000,absolute_error,0.00010000000000003062,synthetic,ALL,not_applicable,not_applicable
EXP-01,SYNTHETIC EXPERIMENT,1747,full,664a150484ed2af3,640da030f4c79e2a,"{""alpha_a"": 0.25, ""alpha_b"": 0.05, ""kappa_a"": 0.2, ""kappa_b"": 0.04000000000000001, ""n_per_group"": 200000.0}",0.25,0.05,0.2,0.04000000000000001,200000,absolute_error,0.0032199999999999243,synthetic,ALL,not_applicable,not_applicable
EXP-01,SYNTHETIC EXPERIMENT,1747,full,664a150484ed2af3,d35d22f3b88f0655,"{""alpha_a"": 0.25, ""alpha_b"": 0.1, ""kappa_a"": 0.2, ""kappa_b"": 0.08000000000000002, ""n_per_group"": 200000.0}",0.25,0.1,0.2,0.08000000000000002,200000,absolute_error,0.0025499999999999134,synthetic,ALL,not_applicable,not_applicable
EXP-01,SYNTHETIC EXPERIMENT,1747,full,664a150484ed2af3,36a097142cdadf6f,"{""alpha_a"": 0.25, ""alpha_b"": 0.15, ""kappa_a"": 0.2, ""kappa_b"": 0.12, ""n_per_group"": 200000.0}",0.25,0.15,0.2,0.12,200000,absolute_error,0.000994999999999982,synthetic,ALL,not_applicable,not_applicable
EXP-01,SYNTHETIC EXPERIMENT,1747,full,664a150484ed2af3,771ed3facb31defa,"{""alpha_a"": 0.25, ""alpha_b"": 0.2, ""kappa_a"": 0.2, ""kappa_b"": 0.16000000000000003, ""n_per_group"": 200000.0}",0.25,0.2,0.2,0.16000000000000003,200000,absolute_error,0.0011999999999999945,synthetic,ALL,not_applicable,not_applicable
EXP-01,SYNTHETIC EXPERIMENT,1747,full,664a150484ed2af3,0ef3f92454098838,"{""alpha_a"": 0.25, ""alpha_b"": 0.25, ""kappa_a"": 0.2, ""kappa_b"": 0.2, ""n_per_group"": 200000.0}",0.25,0.25,0.2,0.2,200000,absolute_error,0.0003250000000000197,synthetic,ALL,not_applicable,not_applicable
EXP-01,SYNTHETIC EXPERIMENT,1747,full,664a150484ed2af3,69430f02107c86f3,"{""alpha_a"": 0.25, ""alpha_b"": 0.3, ""kappa_a"": 0.2, ""kappa_b"": 0.24, ""n_per_group"": 200000.0}",0.25,0.3,0.2,0.24,200000,absolute_error,0.0005050000000000731,synthetic,ALL,not_applicable,not_applicable
EXP-01,SYNTHETIC EXPERIMENT,1747,full,664a150484ed2af3,d7ff82e5394737eb,"{""alpha_a"": 0.25, ""alpha_b"": 0.35, ""kappa_a"": 0.2, ""kappa_b"": 0.27999999999999997, ""n_per_group"": 200000.0}",0.25,0.35,0.2,0.27999999999999997,200000,absolute_error,0.000335000000000054,synthetic,ALL,not_applicable,not_applicable
EXP-01,SYNTHETIC EXPERIMENT,1747,full,664a150484ed2af3,58cbd7267c66f208,"{""alpha_a"": 0.25, ""alpha_b"": 0.4, ""kappa_a"": 0.2, ""kappa_b"": 0.32000000000000006, ""n_per_group"": 200000.0}",0.25,0.4,0.2,0.32000000000000006,200000,absolute_error,0.0009850000000000275,synthetic,ALL,not_applicable,not_applicable
EXP-01,SYNTHETIC EXPERIMENT,1747,full,664a150484ed2af3,d0f4d027a21b5961,"{""alpha_a"": 0.25, ""alpha_b"": 0.45, ""kappa_a"": 0.2, ""kappa_b"": 0.36000000000000004, ""n_per_group"": 200000.0}",0.25,0.45,0.2,0.36000000000000004,200000,absolute_error,0.0005149999999999599,synthetic,ALL,not_applicable,not_applicable
EXP-01,SYNTHETIC EXPERIMENT,1747,full,664a150484ed2af3,b831345230e1a585,"{""alpha_a"": 0.25, ""alpha_b"": 0.5, ""kappa_a"": 0.2, ""kappa_b"": 0.4, ""n_per_group"": 200000.0}",0.25,0.5,0.2,0.4,200000,absolute_error,0.0011750000000001065,synthetic,ALL,not_applicable,not_applicable
EXP-01,SYNTHETIC EXPERIMENT,1747,full,664a150484ed2af3,f1088485738d706a,"{""alpha_a"": 0.25, ""alpha_b"": 0.55, ""kappa_a"": 0.2, ""kappa_b"": 0.44000000000000006, ""n_per_group"": 200000.0}",0.25,0.55,0.2,0.44000000000000006,200000,absolute_error,0.001349999999999893,synthetic,ALL,not_applicable,not_applicable
EXP-01,SYNTHETIC EXPERIMENT,1747,full,664a150484ed2af3,76c9d04638f909c9,"{""alpha_a"": 0.25, ""alpha_b"": 0.6, ""kappa_a"": 0.2, ""kappa_b"": 0.48, ""n_per_group"": 200000.0}",0.25,0.6,0.2,0.48,200000,absolute_error,0.0005799999999999833,synthetic,ALL,not_applicable,not_applicable
EXP-01,SYNTHETIC EXPERIMENT,1747,full,664a150484ed2af3,d1bf2dd0766911b7,"{""alpha_a"": 0.25, ""alpha_b"": 0.65, ""kappa_a"": 0.2, ""kappa_b"": 0.52, ""n_per_group"": 200000.0}",0.25,0.65,0.2,0.52,200000,absolute_error,0.001449999999999993,synthetic,ALL,not_applicable,not_applicable
EXP-01,SYNTHETIC EXPERIMENT,1747,full,664a150484ed2af3,7347765828dc631a,"{""alpha_a"": 0.25, ""alpha_b"": 0.7, ""kappa_a"": 0.2, ""kappa_b"": 0.5599999999999999, ""n_per_group"": 200000.0}",0.25,0.7,0.2,0.5599999999999999,200000,absolute_error,0.0006449999999999928,synthetic,ALL,not_applicable,not_applicable
EXP-01,SYNTHETIC EXPERIMENT,1747,full,664a150484ed2af3,8cd421c278dad9f0,"{""alpha_a"": 0.25, ""alpha_b"": 0.75, ""kappa_a"": 0.2, ""kappa_b"": 0.6000000000000001, ""n_per_group"": 200000.0}",0.25,0.75,0.2,0.6000000000000001,200000,absolute_error,0.0010799999999999282,synthetic,ALL,not_applicable,not_applicable
EXP-01,SYNTHETIC EXPERIMENT,1747,full,664a150484ed2af3,a3a8587bfcda0271,"{""alpha_a"": 0.25, ""alpha_b"": 0.8, ""kappa_a"": 0.2, ""kappa_b"": 0.6400000000000001, ""n_per_group"": 200000.0}",0.25,0.8,0.2,0.6400000000000001,200000,absolute_error,0.0018100000000000338,synthetic,ALL,not_applicable,not_applicable
EXP-01,SYNTHETIC EXPERIMENT,1747,full,664a150484ed2af3,7f75c4b391283e60,"{""alpha_a"": 0.25, ""alpha_b"": 0.85, ""kappa_a"": 0.2, ""kappa_b"": 0.68, ""n_per_group"": 200000.0}",0.25,0.85,0.2,0.68,200000,absolute_error,0.0005049999999999499,synthetic,ALL,not_applicable,not_applicable
EXP-01,SYNTHETIC EXPERIMENT,1747,full,664a150484ed2af3,dca757c3df7ba091,"{""alpha_a"": 0.25, ""alpha_b"": 0.9, ""kappa_a"": 0.2, ""kappa_b"": 0.7200000000000001, ""n_per_group"": 200000.0}",0.25,0.9,0.2,0.7200000000000001,200000,absolute_error,0.001415000000000055,synthetic,ALL,not_applicable,not_applicable
EXP-01,SYNTHETIC EXPERIMENT,1747,full,664a150484ed2af3,0ead99814f3b20df,"{""alpha_a"": 0.25, ""alpha_b"": 0.95, ""kappa_a"": 0.2, ""kappa_b"": 0.76, ""n_per_group"": 200000.0}",0.25,0.95,0.2,0.76,200000,absolute_error,0.0007000000000000339,synthetic,ALL,not_applicable,not_applicable
EXP-01,SYNTHETIC EXPERIMENT,1747,full,664a150484ed2af3,700ea7fd6f3fe715,"{""alpha_a"": 0.25, ""alpha_b"": 1.0, ""kappa_a"": 0.2, ""kappa_b"": 0.8, ""n_per_group"": 200000.0}",0.25,1.0,0.2,0.8,200000,absolute_error,0.0014699999999999713,synthetic,ALL,not_applicable,not_applicable
EXP-01,SYNTHETIC EXPERIMENT,1747,full,664a150484ed2af3,31672113393a323b,"{""alpha_a"": 0.3, ""alpha_b"": 0.0, ""kappa_a"": 0.24, ""kappa_b"": 0.0, ""n_per_group"": 200000.0}",0.3,0.0,0.24,0.0,200000,absolute_error,0.0012300000000000089,synthetic,ALL,not_applicable,not_applicable
EXP-01,SYNTHETIC EXPERIMENT,1747,full,664a150484ed2af3,3c646466648927bc,"{""alpha_a"": 0.3, ""alpha_b"": 0.05, ""kappa_a"": 0.24, ""kappa_b"": 0.04000000000000001, ""n_per_group"": 200000.0}",0.3,0.05,0.24,0.04000000000000001,200000,absolute_error,0.0010950000000000196,synthetic,ALL,not_applicable,not_applicable
EXP-01,SYNTHETIC EXPERIMENT,1747,full,664a150484ed2af3,9814cad6fd886e66,"{""alpha_a"": 0.3, ""alpha_b"": 0.1, ""kappa_a"": 0.24, ""kappa_b"": 0.08000000000000002, ""n_per_group"": 200000.0}",0.3,0.1,0.24,0.08000000000000002,200000,absolute_error,0.00011999999999996736,synthetic,ALL,not_applicable,not_applicable
EXP-01,SYNTHETIC EXPERIMENT,1747,full,664a150484ed2af3,8d91f387a3c7da84,"{""alpha_a"": 0.3, ""alpha_b"": 0.15, ""kappa_a"": 0.24, ""kappa_b"": 0.12, ""n_per_group"": 200000.0}",0.3,0.15,0.24,0.12,200000,absolute_error,0.0019149999999999168,synthetic,ALL,not_applicable,not_applicable
EXP-01,SYNTHETIC EXPERIMENT,1747,full,664a150484ed2af3,fc766c884699c0b5,"{""alpha_a"": 0.3, ""alpha_b"": 0.2, ""kappa_a"": 0.24, ""kappa_b"": 0.16000000000000003, ""n_per_group"": 200000.0}",0.3,0.2,0.24,0.16000000000000003,200000,absolute_error,0.001760000000000015,synthetic,ALL,not_applicable,not_applicable
EXP-01,SYNTHETIC EXPERIMENT,1747,full,664a150484ed2af3,f53aaffe33312169,"{""alpha_a"": 0.3, ""alpha_b"": 0.25, ""kappa_a"": 0.24, ""kappa_b"": 0.2, ""n_per_group"": 200000.0}",0.3,0.25,0.24,0.2,200000,absolute_error,0.0011349999999999815,synthetic,ALL,not_applicable,not_applicable
EXP-01,SYNTHETIC EXPERIMENT,1747,full,664a150484ed2af3,5e7d0c29ccf0d026,"{""alpha_a"": 0.3, ""alpha_b"": 0.3, ""kappa_a"": 0.24, ""kappa_b"": 0.24, ""n_per_group"": 200000.0}",0.3,0.3,0.24,0.24,200000,absolute_error,0.0015499999999999403,synthetic,ALL,not_applicable,not_applicable
EXP-01,SYNTHETIC EXPERIMENT,1747,full,664a150484ed2af3,914b9c976d95f94b,"{""alpha_a"": 0.3, ""alpha_b"": 0.35, ""kappa_a"": 0.24, ""kappa_b"": 0.27999999999999997, ""n_per_group"": 200000.0}",0.3,0.35,0.24,0.27999999999999997,200000,absolute_error,0.0007450000000000113,synthetic,ALL,not_applicable,not_applicable
EXP-01,SYNTHETIC EXPERIMENT,1747,full,664a150484ed2af3,d9c80c2b33534eb6,"{""alpha_a"": 0.3, ""alpha_b"": 0.4, ""kappa_a"": 0.24, ""kappa_b"": 0.32000000000000006, ""n_per_group"": 200000.0}",0.3,0.4,0.24,0.32000000000000006,200000,absolute_error,9.499999999995276e-05,synthetic,ALL,not_applicable,not_applicable
EXP-01,SYNTHETIC EXPERIMENT,1747,full,664a150484ed2af3,fce7f455545cd060,"{""alpha_a"": 0.3, ""alpha_b"": 0.45, ""kappa_a"": 0.24, ""kappa_b"": 0.36000000000000004, ""n_per_group"": 200000.0}",0.3,0.45,0.24,0.36000000000000004,200000,absolute_error,0.0010450000000000598,synthetic,ALL,not_applicable,not_applicable
EXP-01,SYNTHETIC EXPERIMENT,1747,full,664a150484ed2af3,9bd821115d6ab0c6,"{""alpha_a"": 0.3, ""alpha_b"": 0.5, ""kappa_a"": 0.24, ""kappa_b"": 0.4, ""n_per_group"": 200000.0}",0.3,0.5,0.24,0.4,200000,absolute_error,0.0004399999999999682,synthetic,ALL,not_applicable,not_applicable
EXP-01,SYNTHETIC EXPERIMENT,1747,full,664a150484ed2af3,cd3e02481510dc73,"{""alpha_a"": 0.3, ""alpha_b"": 0.55, ""kappa_a"": 0.24, ""kappa_b"": 0.44000000000000006, ""n_per_group"": 200000.0}",0.3,0.55,0.24,0.44000000000000006,200000,absolute_error,0.0012700000000000766,synthetic,ALL,not_applicable,not_applicable
EXP-01,SYNTHETIC EXPERIMENT,1747,full,664a150484ed2af3,1857cb75df40c346,"{""alpha_a"": 0.3, ""alpha_b"": 0.6, ""kappa_a"": 0.24, ""kappa_b"": 0.48, ""n_per_group"": 200000.0}",0.3,0.6,0.24,0.48,200000,absolute_error,0.0018400000000000083,synthetic,ALL,not_applicable,not_applicable
EXP-01,SYNTHETIC EXPERIMENT,1747,full,664a150484ed2af3,02cadc2bc1e0b26b,"{""alpha_a"": 0.3, ""alpha_b"": 0.65, ""kappa_a"": 0.24, ""kappa_b"": 0.52, ""n_per_group"": 200000.0}",0.3,0.65,0.24,0.52,200000,absolute_error,0.0010549999999999726,synthetic,ALL,not_applicable,not_applicable
EXP-01,SYNTHETIC EXPERIMENT,1747,full,664a150484ed2af3,9e5a08504b225d15,"{""alpha_a"": 0.3, ""alpha_b"": 0.7, ""kappa_a"": 0.24, ""kappa_b"": 0.5599999999999999, ""n_per_group"": 200000.0}",0.3,0.7,0.24,0.5599999999999999,200000,absolute_error,0.00035499999999996645,synthetic,ALL,not_applicable,not_applicable
EXP-01,SYNTHETIC EXPERIMENT,1747,full,664a150484ed2af3,61dc1bdd16487838,"{""alpha_a"": 0.3, ""alpha_b"": 0.75, ""kappa_a"": 0.24, ""kappa_b"": 0.6000000000000001, ""n_per_group"": 200000.0}",0.3,0.75,0.24,0.6000000000000001,200000,absolute_error,0.0011600000000001054,synthetic,ALL,not_applicable,not_applicable
EXP-01,SYNTHETIC EXPERIMENT,1747,full,664a150484ed2af3,78fbc22363e0f834,"{""alpha_a"": 0.3, ""alpha_b"": 0.8, ""kappa_a"": 0.24, ""kappa_b"": 0.6400000000000001, ""n_per_group"": 200000.0}",0.3,0.8,0.24,0.6400000000000001,200000,absolute_error,0.0009750000000000036,synthetic,ALL,not_applicable,not_applicable
EXP-01,SYNTHETIC EXPERIMENT,1747,full,664a150484ed2af3,d88806cb2e3b4594,"{""alpha_a"": 0.3, ""alpha_b"": 0.85, ""kappa_a"": 0.24, ""kappa_b"": 0.68, ""n_per_group"": 200000.0}",0.3,0.85,0.24,0.68,200000,absolute_error,0.0020849999999999758,synthetic,ALL,not_applicable,not_applicable
EXP-01,SYNTHETIC EXPERIMENT,1747,full,664a150484ed2af3,61be87df94fdc8f8,"{""alpha_a"": 0.3, ""alpha_b"": 0.9, ""kappa_a"": 0.24, ""kappa_b"": 0.7200000000000001, ""n_per_group"": 200000.0}",0.3,0.9,0.24,0.7200000000000001,200000,absolute_error,0.0008999999999999841,synthetic,ALL,not_applicable,not_applicable
EXP-01,SYNTHETIC EXPERIMENT,1747,full,664a150484ed2af3,6a86b1c31fa23909,"{""alpha_a"": 0.3, ""alpha_b"": 0.95, ""kappa_a"": 0.24, ""kappa_b"": 0.76, ""n_per_group"": 200000.0}",0.3,0.95,0.24,0.76,200000,absolute_error,0.001655000000000073,synthetic,ALL,not_applicable,not_applicable
EXP-01,SYNTHETIC EXPERIMENT,1747,full,664a150484ed2af3,5abd187b355317bf,"{""alpha_a"": 0.3, ""alpha_b"": 1.0, ""kappa_a"": 0.24, ""kappa_b"": 0.8, ""n_per_group"": 200000.0}",0.3,1.0,0.24,0.8,200000,absolute_error,0.0036249999999999893,synthetic,ALL,not_applicable,not_applicable
EXP-01,SYNTHETIC EXPERIMENT,1747,full,664a150484ed2af3,35ff863b653eda18,"{""alpha_a"": 0.35, ""alpha_b"": 0.0, ""kappa_a"": 0.27999999999999997, ""kappa_b"": 0.0, ""n_per_group"": 200000.0}",0.35,0.0,0.27999999999999997,0.0,200000,absolute_error,0.0014599999999999752,synthetic,ALL,not_applicable,not_applicable
EXP-01,SYNTHETIC EXPERIMENT,1747,full,664a150484ed2af3,835b894ab977de78,"{""alpha_a"": 0.35, ""alpha_b"": 0.05, ""kappa_a"": 0.27999999999999997, ""kappa_b"": 0.04000000000000001, ""n_per_group"": 200000.0}",0.35,0.05,0.27999999999999997,0.04000000000000001,200000,absolute_error,0.001884999999999984,synthetic,ALL,not_applicable,not_applicable
EXP-01,SYNTHETIC EXPERIMENT,1747,full,664a150484ed2af3,96db7e710d5d8d5b,"{""alpha_a"": 0.35, ""alpha_b"": 0.1, ""kappa_a"": 0.27999999999999997, ""kappa_b"": 0.08000000000000002, ""n_per_group"": 200000.0}",0.35,0.1,0.27999999999999997,0.08000000000000002,200000,absolute_error,0.001464999999999994,synthetic,ALL,not_applicable,not_applicable
EXP-01,SYNTHETIC EXPERIMENT,1747,full,664a150484ed2af3,1cd1ef01007577c6,"{""alpha_a"": 0.35, ""alpha_b"": 0.15, ""kappa_a"": 0.27999999999999997, ""kappa_b"": 0.12, ""n_per_group"": 200000.0}",0.35,0.15,0.27999999999999997,0.12,200000,absolute_error,0.0015299999999999897,synthetic,ALL,not_applicable,not_applicable
EXP-01,SYNTHETIC EXPERIMENT,1747,full,664a150484ed2af3,5fb5746dbff61339,"{""alpha_a"": 0.35, ""alpha_b"": 0.2, ""kappa_a"": 0.27999999999999997, ""kappa_b"": 0.16000000000000003, ""n_per_group"": 200000.0}",0.35,0.2,0.27999999999999997,0.16000000000000003,200000,absolute_error,0.0034249999999999697,synthetic,ALL,not_applicable,not_applicable
EXP-01,SYNTHETIC EXPERIMENT,1747,full,664a150484ed2af3,eeea2850752b4ae0,"{""alpha_a"": 0.35, ""alpha_b"": 0.25, ""kappa_a"": 0.27999999999999997, ""kappa_b"": 0.2, ""n_per_group"": 200000.0}",0.35,0.25,0.27999999999999997,0.2,200000,absolute_error,0.0017999999999998816,synthetic,ALL,not_applicable,not_applicable
EXP-01,SYNTHETIC EXPERIMENT,1747,full,664a150484ed2af3,46e36898985c7369,"{""alpha_a"": 0.35, ""alpha_b"": 0.3, ""kappa_a"": 0.27999999999999997, ""kappa_b"": 0.24, ""n_per_group"": 200000.0}",0.35,0.3,0.27999999999999997,0.24,200000,absolute_error,0.0006749999999999968,synthetic,ALL,not_applicable,not_applicable
EXP-01,SYNTHETIC EXPERIMENT,1747,full,664a150484ed2af3,8c0f64670193ec33,"{""alpha_a"": 0.35, ""alpha_b"": 0.35, ""kappa_a"": 0.27999999999999997, ""kappa_b"": 0.27999999999999997, ""n_per_group"": 200000.0}",0.35,0.35,0.27999999999999997,0.27999999999999997,200000,absolute_error,0.0018650000000000055,synthetic,ALL,not_applicable,not_applicable
EXP-01,SYNTHETIC EXPERIMENT,1747,full,664a150484ed2af3,23773c40b6a3599c,"{""alpha_a"": 0.35, ""alpha_b"": 0.4, ""kappa_a"": 0.27999999999999997, ""kappa_b"": 0.32000000000000006, ""n_per_group"": 200000.0}",0.35,0.4,0.27999999999999997,0.32000000000000006,200000,absolute_error,0.00046999999999995136,synthetic,ALL,not_applicable,not_applicable
EXP-01,SYNTHETIC EXPERIMENT,1747,full,664a150484ed2af3,ae87cf9c564d23d2,"{""alpha_a"": 0.35, ""alpha_b"": 0.45, ""kappa_a"": 0.27999999999999997, ""kappa_b"": 0.36000000000000004, ""n_per_group"": 200000.0}",0.35,0.45,0.27999999999999997,0.36000000000000004,200000,absolute_error,0.00022499999999991624,synthetic,ALL,not_applicable,not_applicable
EXP-01,SYNTHETIC EXPERIMENT,1747,full,664a150484ed2af3,91b4e5e35293ac26,"{""alpha_a"": 0.35, ""alpha_b"": 0.5, ""kappa_a"": 0.27999999999999997, ""kappa_b"": 0.4, ""n_per_group"": 200000.0}",0.35,0.5,0.27999999999999997,0.4,200000,absolute_error,5.500000000001337e-05,synthetic,ALL,not_applicable,not_applicable
EXP-01,SYNTHETIC EXPERIMENT,1747,full,664a150484ed2af3,6a57d6101833ea47,"{""alpha_a"": 0.35, ""alpha_b"": 0.55, ""kappa_a"": 0.27999999999999997, ""kappa_b"": 0.44000000000000006, ""n_per_group"": 200000.0}",0.35,0.55,0.27999999999999997,0.44000000000000006,200000,absolute_error,0.000994999999999975,synthetic,ALL,not_applicable,not_applicable
EXP-01,SYNTHETIC EXPERIMENT,1747,full,664a150484ed2af3,003ec52360400121,"{""alpha_a"": 0.35, ""alpha_b"": 0.6, ""kappa_a"": 0.27999999999999997, ""kappa_b"": 0.48, ""n_per_group"": 200000.0}",0.35,0.6,0.27999999999999997,0.48,200000,absolute_error,0.0005400000000000543,synthetic,ALL,not_applicable,not_applicable
EXP-01,SYNTHETIC EXPERIMENT,1747,full,664a150484ed2af3,8151c1081acf6482,"{""alpha_a"": 0.35, ""alpha_b"": 0.65, ""kappa_a"": 0.27999999999999997, ""kappa_b"": 0.52, ""n_per_group"": 200000.0}",0.35,0.65,0.27999999999999997,0.52,200000,absolute_error,0.0007849999999999663,synthetic,ALL,not_applicable,not_applicable
EXP-01,SYNTHETIC EXPERIMENT,1747,full,664a150484ed2af3,f81d8f6eabc0273e,"{""alpha_a"": 0.35, ""alpha_b"": 0.7, ""kappa_a"": 0.27999999999999997, ""kappa_b"": 0.5599999999999999, ""n_per_group"": 200000.0}",0.35,0.7,0.27999999999999997,0.5599999999999999,200000,absolute_error,0.0002099999999999741,synthetic,ALL,not_applicable,not_applicable
EXP-01,SYNTHETIC EXPERIMENT,1747,full,664a150484ed2af3,d11941c1c1d6866e,"{""alpha_a"": 0.35, ""alpha_b"": 0.75, ""kappa_a"": 0.27999999999999997, ""kappa_b"": 0.6000000000000001, ""n_per_group"": 200000.0}",0.35,0.75,0.27999999999999997,0.6000000000000001,200000,absolute_error,0.001710000000000031,synthetic,ALL,not_applicable,not_applicable
EXP-01,SYNTHETIC EXPERIMENT,1747,full,664a150484ed2af3,e8a764d634ae1a8d,"{""alpha_a"": 0.35, ""alpha_b"": 0.8, ""kappa_a"": 0.27999999999999997, ""kappa_b"": 0.6400000000000001, ""n_per_group"": 200000.0}",0.35,0.8,0.27999999999999997,0.6400000000000001,200000,absolute_error,0.0022150000000001613,synthetic,ALL,not_applicable,not_applicable
EXP-01,SYNTHETIC EXPERIMENT,1747,full,664a150484ed2af3,b8492f83caf37e44,"{""alpha_a"": 0.35, ""alpha_b"": 0.85, ""kappa_a"": 0.27999999999999997, ""kappa_b"": 0.68, ""n_per_group"": 200000.0}",0.35,0.85,0.27999999999999997,0.68,200000,absolute_error,0.0003000000000000086,synthetic,ALL,not_applicable,not_applicable
EXP-01,SYNTHETIC EXPERIMENT,1747,full,664a150484ed2af3,6287da3aae39e980,"{""alpha_a"": 0.35, ""alpha_b"": 0.9, ""kappa_a"": 0.27999999999999997, ""kappa_b"": 0.7200000000000001, ""n_per_group"": 200000.0}",0.35,0.9,0.27999999999999997,0.7200000000000001,200000,absolute_error,0.0001349999999998297,synthetic,ALL,not_applicable,not_applicable
EXP-01,SYNTHETIC EXPERIMENT,1747,full,664a150484ed2af3,2b32f27fd4e80a79,"{""alpha_a"": 0.35, ""alpha_b"": 0.95, ""kappa_a"": 0.27999999999999997, ""kappa_b"": 0.76, ""n_per_group"": 200000.0}",0.35,0.95,0.27999999999999997,0.76,200000,absolute_error,0.0004999999999999172,synthetic,ALL,not_applicable,not_applicable
EXP-01,SYNTHETIC EXPERIMENT,1747,full,664a150484ed2af3,4d7933012ad65dbf,"{""alpha_a"": 0.35, ""alpha_b"": 1.0, ""kappa_a"": 0.27999999999999997, ""kappa_b"": 0.8, ""n_per_group"": 200000.0}",0.35,1.0,0.27999999999999997,0.8,200000,absolute_error,0.0023800000000000487,synthetic,ALL,not_applicable,not_applicable
EXP-01,SYNTHETIC EXPERIMENT,1747,full,664a150484ed2af3,fd3ca451b2202475,"{""alpha_a"": 0.4, ""alpha_b"": 0.0, ""kappa_a"": 0.32000000000000006, ""kappa_b"": 0.0, ""n_per_group"": 200000.0}",0.4,0.0,0.32000000000000006,0.0,200000,absolute_error,0.0029899999999999927,synthetic,ALL,not_applicable,not_applicable
EXP-01,SYNTHETIC EXPERIMENT,1747,full,664a150484ed2af3,63e807603323db67,"{""alpha_a"": 0.4, ""alpha_b"": 0.05, ""kappa_a"": 0.32000000000000006, ""kappa_b"": 0.04000000000000001, ""n_per_group"": 200000.0}",0.4,0.05,0.32000000000000006,0.04000000000000001,200000,absolute_error,0.0003850000000000242,synthetic,ALL,not_applicable,not_applicable
EXP-01,SYNTHETIC EXPERIMENT,1747,full,664a150484ed2af3,9bdc3fb5a6006220,"{""alpha_a"": 0.4, ""alpha_b"": 0.1, ""kappa_a"": 0.32000000000000006, ""kappa_b"": 0.08000000000000002, ""n_per_group"": 200000.0}",0.4,0.1,0.32000000000000006,0.08000000000000002,200000,absolute_error,0.0011150000000000465,synthetic,ALL,not_applicable,not_applicable
EXP-01,SYNTHETIC EXPERIMENT,1747,full,664a150484ed2af3,97a60a27eda409c1,"{""alpha_a"": 0.4, ""alpha_b"": 0.15, ""kappa_a"": 0.32000000000000006, ""kappa_b"": 0.12, ""n_per_group"": 200000.0}",0.4,0.15,0.32000000000000006,0.12,200000,absolute_error,0.0004599999999999327,synthetic,ALL,not_applicable,not_applicable
EXP-01,SYNTHETIC EXPERIMENT,1747,full,664a150484ed2af3,7a120db23a63e449,"{""alpha_a"": 0.4, ""alpha_b"": 0.2, ""kappa_a"": 0.32000000000000006, ""kappa_b"": 0.16000000000000003, ""n_per_group"": 200000.0}",0.4,0.2,0.32000000000000006,0.16000000000000003,200000,absolute_error,0.0002899999999999847,synthetic,ALL,not_applicable,not_applicable
EXP-01,SYNTHETIC EXPERIMENT,1747,full,664a150484ed2af3,7ffcf6878c61b440,"{""alpha_a"": 0.4, ""alpha_b"": 0.25, ""kappa_a"": 0.32000000000000006, ""kappa_b"": 0.2, ""n_per_group"": 200000.0}",0.4,0.25,0.32000000000000006,0.2,200000,absolute_error,3.5000000000021125e-05,synthetic,ALL,not_applicable,not_applicable
EXP-01,SYNTHETIC EXPERIMENT,1747,full,664a150484ed2af3,230e3561fa16a6d7,"{""alpha_a"": 0.4, ""alpha_b"": 0.3, ""kappa_a"": 0.32000000000000006, ""kappa_b"": 0.24, ""n_per_group"": 200000.0}",0.4,0.3,0.32000000000000006,0.24,200000,absolute_error,0.0008349999999999157,synthetic,ALL,not_applicable,not_applicable
EXP-01,SYNTHETIC EXPERIMENT,1747,full,664a150484ed2af3,03fbaac52b776e02,"{""alpha_a"": 0.4, ""alpha_b"": 0.35, ""kappa_a"": 0.32000000000000006, ""kappa_b"": 0.27999999999999997, ""n_per_group"": 200000.0}",0.4,0.35,0.32000000000000006,0.27999999999999997,200000,absolute_error,0.0020450000000000936,synthetic,ALL,not_applicable,not_applicable
EXP-01,SYNTHETIC EXPERIMENT,1747,full,664a150484ed2af3,03ded27d9830e29b,"{""alpha_a"": 0.4, ""alpha_b"": 0.4, ""kappa_a"": 0.32000000000000006, ""kappa_b"": 0.32000000000000006, ""n_per_group"": 200000.0}",0.4,0.4,0.32000000000000006,0.32000000000000006,200000,absolute_error,0.0010350000000000081,synthetic,ALL,not_applicable,not_applicable
EXP-01,SYNTHETIC EXPERIMENT,1747,full,664a150484ed2af3,d0089757333dae2c,"{""alpha_a"": 0.4, ""alpha_b"": 0.45, ""kappa_a"": 0.32000000000000006, ""kappa_b"": 0.36000000000000004, ""n_per_group"": 200000.0}",0.4,0.45,0.32000000000000006,0.36000000000000004,200000,absolute_error,0.0005650000000000533,synthetic,ALL,not_applicable,not_applicable
EXP-01,SYNTHETIC EXPERIMENT,1747,full,664a150484ed2af3,efd4df14d055430f,"{""alpha_a"": 0.4, ""alpha_b"": 0.5, ""kappa_a"": 0.32000000000000006, ""kappa_b"": 0.4, ""n_per_group"": 200000.0}",0.4,0.5,0.32000000000000006,0.4,200000,absolute_error,0.0009599999999999921,synthetic,ALL,not_applicable,not_applicable
EXP-01,SYNTHETIC EXPERIMENT,1747,full,664a150484ed2af3,63f7ebf65d44ba8e,"{""alpha_a"": 0.4, ""alpha_b"": 0.55, ""kappa_a"": 0.32000000000000006, ""kappa_b"": 0.44000000000000006, ""n_per_group"": 200000.0}",0.4,0.55,0.32000000000000006,0.44000000000000006,200000,absolute_error,0.00020499999999992746,synthetic,ALL,not_applicable,not_applicable
EXP-01,SYNTHETIC EXPERIMENT,1747,full,664a150484ed2af3,1cc1ca6e183f8a2b,"{""alpha_a"": 0.4, ""alpha_b"": 0.6, ""kappa_a"": 0.32000000000000006, ""kappa_b"": 0.48, ""n_per_group"": 200000.0}",0.4,0.6,0.32000000000000006,0.48,200000,absolute_error,0.0024950000000000874,synthetic,ALL,not_applicable,not_applicable
EXP-01,SYNTHETIC EXPERIMENT,1747,full,664a150484ed2af3,cfb71de8aed2d04d,"{""alpha_a"": 0.4, ""alpha_b"": 0.65, ""kappa_a"": 0.32000000000000006, ""kappa_b"": 0.52, ""n_per_group"": 200000.0}",0.4,0.65,0.32000000000000006,0.52,200000,absolute_error,0.0006550000000000167,synthetic,ALL,not_applicable,not_applicable
EXP-01,SYNTHETIC EXPERIMENT,1747,full,664a150484ed2af3,e7abb5db68be3d5d,"{""alpha_a"": 0.4, ""alpha_b"": 0.7, ""kappa_a"": 0.32000000000000006, ""kappa_b"": 0.5599999999999999, ""n_per_group"": 200000.0}",0.4,0.7,0.32000000000000006,0.5599999999999999,200000,absolute_error,0.0005450000000000454,synthetic,ALL,not_applicable,not_applicable
EXP-01,SYNTHETIC EXPERIMENT,1747,full,664a150484ed2af3,103b3c3f95fd79de,"{""alpha_a"": 0.4, ""alpha_b"": 0.75, ""kappa_a"": 0.32000000000000006, ""kappa_b"": 0.6000000000000001, ""n_per_group"": 200000.0}",0.4,0.75,0.32000000000000006,0.6000000000000001,200000,absolute_error,5.0000000000050004e-05,synthetic,ALL,not_applicable,not_applicable
EXP-01,SYNTHETIC EXPERIMENT,1747,full,664a150484ed2af3,fa9dc58ce3a3d192,"{""alpha_a"": 0.4, ""alpha_b"": 0.8, ""kappa_a"": 0.32000000000000006, ""kappa_b"": 0.6400000000000001, ""n_per_group"": 200000.0}",0.4,0.8,0.32000000000000006,0.6400000000000001,200000,absolute_error,0.0010399999999999854,synthetic,ALL,not_applicable,not_applicable
EXP-01,SYNTHETIC EXPERIMENT,1747,full,664a150484ed2af3,09bba40ea7955ff9,"{""alpha_a"": 0.4, ""alpha_b"": 0.85, ""kappa_a"": 0.32000000000000006, ""kappa_b"": 0.68, ""n_per_group"": 200000.0}",0.4,0.85,0.32000000000000006,0.68,200000,absolute_error,0.0007350000000000689,synthetic,ALL,not_applicable,not_applicable
EXP-01,SYNTHETIC EXPERIMENT,1747,full,664a150484ed2af3,b4b59d4a4736894e,"{""alpha_a"": 0.4, ""alpha_b"": 0.9, ""kappa_a"": 0.32000000000000006, ""kappa_b"": 0.7200000000000001, ""n_per_group"": 200000.0}",0.4,0.9,0.32000000000000006,0.7200000000000001,200000,absolute_error,0.0009100000000001052,synthetic,ALL,not_applicable,not_applicable
EXP-01,SYNTHETIC EXPERIMENT,1747,full,664a150484ed2af3,e8ae8ee79c12ce05,"{""alpha_a"": 0.4, ""alpha_b"": 0.95, ""kappa_a"": 0.32000000000000006, ""kappa_b"": 0.76, ""n_per_group"": 200000.0}",0.4,0.95,0.32000000000000006,0.76,200000,absolute_error,0.00030999999999992145,synthetic,ALL,not_applicable,not_applicable
EXP-01,SYNTHETIC EXPERIMENT,1747,full,664a150484ed2af3,fdd731c5034f3760,"{""alpha_a"": 0.4, ""alpha_b"": 1.0, ""kappa_a"": 0.32000000000000006, ""kappa_b"": 0.8, ""n_per_group"": 200000.0}",0.4,1.0,0.32000000000000006,0.8,200000,absolute_error,0.0012799999999999478,synthetic,ALL,not_applicable,not_applicable
EXP-01,SYNTHETIC EXPERIMENT,1747,full,664a150484ed2af3,3bc2c22b7e765bc4,"{""alpha_a"": 0.45, ""alpha_b"": 0.0, ""kappa_a"": 0.36000000000000004, ""kappa_b"": 0.0, ""n_per_group"": 200000.0}",0.45,0.0,0.36000000000000004,0.0,200000,absolute_error,0.000685000000000005,synthetic,ALL,not_applicable,not_applicable
EXP-01,SYNTHETIC EXPERIMENT,1747,full,664a150484ed2af3,c1c326a6a3dca213,"{""alpha_a"": 0.45, ""alpha_b"": 0.05, ""kappa_a"": 0.36000000000000004, ""kappa_b"": 0.04000000000000001, ""n_per_group"": 200000.0}",0.45,0.05,0.36000000000000004,0.04000000000000001,200000,absolute_error,0.00018999999999996797,synthetic,ALL,not_applicable,not_applicable
EXP-01,SYNTHETIC EXPERIMENT,1747,full,664a150484ed2af3,347d0774540d85da,"{""alpha_a"": 0.45, ""alpha_b"": 0.1, ""kappa_a"": 0.36000000000000004, ""kappa_b"": 0.08000000000000002, ""n_per_group"": 200000.0}",0.45,0.1,0.36000000000000004,0.08000000000000002,200000,absolute_error,0.0007250000000000312,synthetic,ALL,not_applicable,not_applicable
EXP-01,SYNTHETIC EXPERIMENT,1747,full,664a150484ed2af3,2016120a8fc63390,"{""alpha_a"": 0.45, ""alpha_b"": 0.15, ""kappa_a"": 0.36000000000000004, ""kappa_b"": 0.12, ""n_per_group"": 200000.0}",0.45,0.15,0.36000000000000004,0.12,200000,absolute_error,0.0010949999999999988,synthetic,ALL,not_applicable,not_applicable
EXP-01,SYNTHETIC EXPERIMENT,1747,full,664a150484ed2af3,1b652a39b9738507,"{""alpha_a"": 0.45, ""alpha_b"": 0.2, ""kappa_a"": 0.36000000000000004, ""kappa_b"": 0.16000000000000003, ""n_per_group"": 200000.0}",0.45,0.2,0.36000000000000004,0.16000000000000003,200000,absolute_error,0.0010949999999999988,synthetic,ALL,not_applicable,not_applicable
EXP-01,SYNTHETIC EXPERIMENT,1747,full,664a150484ed2af3,dc259b734594bede,"{""alpha_a"": 0.45, ""alpha_b"": 0.25, ""kappa_a"": 0.36000000000000004, ""kappa_b"": 0.2, ""n_per_group"": 200000.0}",0.45,0.25,0.36000000000000004,0.2,200000,absolute_error,0.00010000000000007225,synthetic,ALL,not_applicable,not_applicable
EXP-01,SYNTHETIC EXPERIMENT,1747,full,664a150484ed2af3,bce5e46cd91d2816,"{""alpha_a"": 0.45, ""alpha_b"": 0.3, ""kappa_a"": 0.36000000000000004, ""kappa_b"": 0.24, ""n_per_group"": 200000.0}",0.45,0.3,0.36000000000000004,0.24,200000,absolute_error,0.000674999999999995,synthetic,ALL,not_applicable,not_applicable
EXP-01,SYNTHETIC EXPERIMENT,1747,full,664a150484ed2af3,91722f0d6b9ef0a3,"{""alpha_a"": 0.45, ""alpha_b"": 0.35, ""kappa_a"": 0.36000000000000004, ""kappa_b"": 0.27999999999999997, ""n_per_group"": 200000.0}",0.45,0.35,0.36000000000000004,0.27999999999999997,200000,absolute_error,5.500000000003072e-05,synthetic,ALL,not_applicable,not_applicable
EXP-01,SYNTHETIC EXPERIMENT,1747,full,664a150484ed2af3,6d6fab7de068f0b7,"{""alpha_a"": 0.45, ""alpha_b"": 0.4, ""kappa_a"": 0.36000000000000004, ""kappa_b"": 0.32000000000000006, ""n_per_group"": 200000.0}",0.45,0.4,0.36000000000000004,0.32000000000000006,200000,absolute_error,0.0007749999999999858,synthetic,ALL,not_applicable,not_applicable
EXP-01,SYNTHETIC EXPERIMENT,1747,full,664a150484ed2af3,fe2e18d354fc4b93,"{""alpha_a"": 0.45, ""alpha_b"": 0.45, ""kappa_a"": 0.36000000000000004, ""kappa_b"": 0.36000000000000004, ""n_per_group"": 200000.0}",0.45,0.45,0.36000000000000004,0.36000000000000004,200000,absolute_error,0.0008549999999999391,synthetic,ALL,not_applicable,not_applicable
EXP-01,SYNTHETIC EXPERIMENT,1747,full,664a150484ed2af3,c9687dad408ba59b,"{""alpha_a"": 0.45, ""alpha_b"": 0.5, ""kappa_a"": 0.36000000000000004, ""kappa_b"": 0.4, ""n_per_group"": 200000.0}",0.45,0.5,0.36000000000000004,0.4,200000,absolute_error,0.0005150000000000276,synthetic,ALL,not_applicable,not_applicable
EXP-01,SYNTHETIC EXPERIMENT,1747,full,664a150484ed2af3,46144f8fc8706c6a,"{""alpha_a"": 0.45, ""alpha_b"": 0.55, ""kappa_a"": 0.36000000000000004, ""kappa_b"": 0.44000000000000006, ""n_per_group"": 200000.0}",0.45,0.55,0.36000000000000004,0.44000000000000006,200000,absolute_error,0.001695000000000016,synthetic,ALL,not_applicable,not_applicable
EXP-01,SYNTHETIC EXPERIMENT,1747,full,664a150484ed2af3,20e042f8fd00acde,"{""alpha_a"": 0.45, ""alpha_b"": 0.6, ""kappa_a"": 0.36000000000000004, ""kappa_b"": 0.48, ""n_per_group"": 200000.0}",0.45,0.6,0.36000000000000004,0.48,200000,absolute_error,6.500000000002337e-05,synthetic,ALL,not_applicable,not_applicable
EXP-01,SYNTHETIC EXPERIMENT,1747,full,664a150484ed2af3,930255b761934dae,"{""alpha_a"": 0.45, ""alpha_b"": 0.65, ""kappa_a"": 0.36000000000000004, ""kappa_b"": 0.52, ""n_per_group"": 200000.0}",0.45,0.65,0.36000000000000004,0.52,200000,absolute_error,0.0007300000000000778,synthetic,ALL,not_applicable,not_applicable
EXP-01,SYNTHETIC EXPERIMENT,1747,full,664a150484ed2af3,1d7c482c26022f4e,"{""alpha_a"": 0.45, ""alpha_b"": 0.7, ""kappa_a"": 0.36000000000000004, ""kappa_b"": 0.5599999999999999, ""n_per_group"": 200000.0}",0.45,0.7,0.36000000000000004,0.5599999999999999,200000,absolute_error,0.0008149999999999338,synthetic,ALL,not_applicable,not_applicable
EXP-01,SYNTHETIC EXPERIMENT,1747,full,664a150484ed2af3,2ce6124126bd3e85,"{""alpha_a"": 0.45, ""alpha_b"": 0.75, ""kappa_a"": 0.36000000000000004, ""kappa_b"": 0.6000000000000001, ""n_per_group"": 200000.0}",0.45,0.75,0.36000000000000004,0.6000000000000001,200000,absolute_error,6.999999999997286e-05,synthetic,ALL,not_applicable,not_applicable
EXP-01,SYNTHETIC EXPERIMENT,1747,full,664a150484ed2af3,dcc3fc77ff3c93cc,"{""alpha_a"": 0.45, ""alpha_b"": 0.8, ""kappa_a"": 0.36000000000000004, ""kappa_b"": 0.6400000000000001, ""n_per_group"": 200000.0}",0.45,0.8,0.36000000000000004,0.6400000000000001,200000,absolute_error,0.0014100000000000917,synthetic,ALL,not_applicable,not_applicable
EXP-01,SYNTHETIC EXPERIMENT,1747,full,664a150484ed2af3,32b6f44fbb5ee4e9,"{""alpha_a"": 0.45, ""alpha_b"": 0.85, ""kappa_a"": 0.36000000000000004, ""kappa_b"": 0.68, ""n_per_group"": 200000.0}",0.45,0.85,0.36000000000000004,0.68,200000,absolute_error,0.0003899999999999598,synthetic,ALL,not_applicable,not_applicable
EXP-01,SYNTHETIC EXPERIMENT,1747,full,664a150484ed2af3,937dbef27968b658,"{""alpha_a"": 0.45, ""alpha_b"": 0.9, ""kappa_a"": 0.36000000000000004, ""kappa_b"": 0.7200000000000001, ""n_per_group"": 200000.0}",0.45,0.9,0.36000000000000004,0.7200000000000001,200000,absolute_error,0.0032300000000000245,synthetic,ALL,not_applicable,not_applicable
EXP-01,SYNTHETIC EXPERIMENT,1747,full,664a150484ed2af3,2db1985a44078181,"{""alpha_a"": 0.45, ""alpha_b"": 0.95, ""kappa_a"": 0.36000000000000004, ""kappa_b"": 0.76, ""n_per_group"": 200000.0}",0.45,0.95,0.36000000000000004,0.76,200000,absolute_error,0.0006850000000000606,synthetic,ALL,not_applicable,not_applicable
EXP-01,SYNTHETIC EXPERIMENT,1747,full,664a150484ed2af3,e462c422d18f96c1,"{""alpha_a"": 0.45, ""alpha_b"": 1.0, ""kappa_a"": 0.36000000000000004, ""kappa_b"": 0.8, ""n_per_group"": 200000.0}",0.45,1.0,0.36000000000000004,0.8,200000,absolute_error,0.001480000000000009,synthetic,ALL,not_applicable,not_applicable
EXP-01,SYNTHETIC EXPERIMENT,1747,full,664a150484ed2af3,2317e2da2e740d7a,"{""alpha_a"": 0.5, ""alpha_b"": 0.0, ""kappa_a"": 0.4, ""kappa_b"": 0.0, ""n_per_group"": 200000.0}",0.5,0.0,0.4,0.0,200000,absolute_error,0.0009999999999999731,synthetic,ALL,not_applicable,not_applicable
EXP-01,SYNTHETIC EXPERIMENT,1747,full,664a150484ed2af3,5f880bbc3524c602,"{""alpha_a"": 0.5, ""alpha_b"": 0.05, ""kappa_a"": 0.4, ""kappa_b"": 0.04000000000000001, ""n_per_group"": 200000.0}",0.5,0.05,0.4,0.04000000000000001,200000,absolute_error,0.00038499999999994095,synthetic,ALL,not_applicable,not_applicable
EXP-01,SYNTHETIC EXPERIMENT,1747,full,664a150484ed2af3,cbee727bbee8b172,"{""alpha_a"": 0.5, ""alpha_b"": 0.1, ""kappa_a"": 0.4, ""kappa_b"": 0.08000000000000002, ""n_per_group"": 200000.0}",0.5,0.1,0.4,0.08000000000000002,200000,absolute_error,0.00016500000000004011,synthetic,ALL,not_applicable,not_applicable
EXP-01,SYNTHETIC EXPERIMENT,1747,full,664a150484ed2af3,c549ed94dc85c072,"{""alpha_a"": 0.5, ""alpha_b"": 0.15, ""kappa_a"": 0.4, ""kappa_b"": 0.12, ""n_per_group"": 200000.0}",0.5,0.15,0.4,0.12,200000,absolute_error,0.00020999999999998797,synthetic,ALL,not_applicable,not_applicable
EXP-01,SYNTHETIC EXPERIMENT,1747,full,664a150484ed2af3,e5c7966f86ab0d99,"{""alpha_a"": 0.5, ""alpha_b"": 0.2, ""kappa_a"": 0.4, ""kappa_b"": 0.16000000000000003, ""n_per_group"": 200000.0}",0.5,0.2,0.4,0.16000000000000003,200000,absolute_error,0.001405000000000045,synthetic,ALL,not_applicable,not_applicable
EXP-01,SYNTHETIC EXPERIMENT,1747,full,664a150484ed2af3,51b1b4f5c30b1713,"{""alpha_a"": 0.5, ""alpha_b"": 0.25, ""kappa_a"": 0.4, ""kappa_b"": 0.2, ""n_per_group"": 200000.0}",0.5,0.25,0.4,0.2,200000,absolute_error,4.000000000008164e-05,synthetic,ALL,not_applicable,not_applicable
EXP-01,SYNTHETIC EXPERIMENT,1747,full,664a150484ed2af3,72fe656b641cc483,"{""alpha_a"": 0.5, ""alpha_b"": 0.3, ""kappa_a"": 0.4, ""kappa_b"": 0.24, ""n_per_group"": 200000.0}",0.5,0.3,0.4,0.24,200000,absolute_error,0.0016299999999999926,synthetic,ALL,not_applicable,not_applicable
EXP-01,SYNTHETIC EXPERIMENT,1747,full,664a150484ed2af3,af622726dbd9c3ec,"{""alpha_a"": 0.5, ""alpha_b"": 0.35, ""kappa_a"": 0.4, ""kappa_b"": 0.27999999999999997, ""n_per_group"": 200000.0}",0.5,0.35,0.4,0.27999999999999997,200000,absolute_error,0.0018700000000000244,synthetic,ALL,not_applicable,not_applicable
EXP-01,SYNTHETIC EXPERIMENT,1747,full,664a150484ed2af3,a8d1656ae2edbe4f,"{""alpha_a"": 0.5, ""alpha_b"": 0.4, ""kappa_a"": 0.4, ""kappa_b"": 0.32000000000000006, ""n_per_group"": 200000.0}",0.5,0.4,0.4,0.32000000000000006,200000,absolute_error,0.0003800000000000782,synthetic,ALL,not_applicable,not_applicable
EXP-01,SYNTHETIC EXPERIMENT,1747,full,664a150484ed2af3,3392003f79f25b89,"{""alpha_a"": 0.5, ""alpha_b"": 0.45, ""kappa_a"": 0.4, ""kappa_b"": 0.36000000000000004, ""n_per_group"": 200000.0}",0.5,0.45,0.4,0.36000000000000004,200000,absolute_error,0.0008099999999999618,synthetic,ALL,not_applicable,not_applicable
EXP-01,SYNTHETIC EXPERIMENT,1747,full,664a150484ed2af3,6beae1245aca91e7,"{""alpha_a"": 0.5, ""alpha_b"": 0.5, ""kappa_a"": 0.4, ""kappa_b"": 0.4, ""n_per_group"": 200000.0}",0.5,0.5,0.4,0.4,200000,absolute_error,5.000000000032756e-06,synthetic,ALL,not_applicable,not_applicable
EXP-01,SYNTHETIC EXPERIMENT,1747,full,664a150484ed2af3,e09e5da7081a7b00,"{""alpha_a"": 0.5, ""alpha_b"": 0.55, ""kappa_a"": 0.4, ""kappa_b"": 0.44000000000000006, ""n_per_group"": 200000.0}",0.5,0.55,0.4,0.44000000000000006,200000,absolute_error,0.0026750000000000922,synthetic,ALL,not_applicable,not_applicable
EXP-01,SYNTHETIC EXPERIMENT,1747,full,664a150484ed2af3,1062d55c00574d05,"{""alpha_a"": 0.5, ""alpha_b"": 0.6, ""kappa_a"": 0.4, ""kappa_b"": 0.48, ""n_per_group"": 200000.0}",0.5,0.6,0.4,0.48,200000,absolute_error,0.000655000000000041,synthetic,ALL,not_applicable,not_applicable
EXP-01,SYNTHETIC EXPERIMENT,1747,full,664a150484ed2af3,d98db135ea8d5701,"{""alpha_a"": 0.5, ""alpha_b"": 0.65, ""kappa_a"": 0.4, ""kappa_b"": 0.52, ""n_per_group"": 200000.0}",0.5,0.65,0.4,0.52,200000,absolute_error,0.0010000000000000286,synthetic,ALL,not_applicable,not_applicable
EXP-01,SYNTHETIC EXPERIMENT,1747,full,664a150484ed2af3,3daace0638f99e2f,"{""alpha_a"": 0.5, ""alpha_b"": 0.7, ""kappa_a"": 0.4, ""kappa_b"": 0.5599999999999999, ""n_per_group"": 200000.0}",0.5,0.7,0.4,0.5599999999999999,200000,absolute_error,0.0006600000000000425,synthetic,ALL,not_applicable,not_applicable
EXP-01,SYNTHETIC EXPERIMENT,1747,full,664a150484ed2af3,a5041d65159fb462,"{""alpha_a"": 0.5, ""alpha_b"": 0.75, ""kappa_a"": 0.4, ""kappa_b"": 0.6000000000000001, ""n_per_group"": 200000.0}",0.5,0.75,0.4,0.6000000000000001,200000,absolute_error,0.001760000000000067,synthetic,ALL,not_applicable,not_applicable
EXP-01,SYNTHETIC EXPERIMENT,1747,full,664a150484ed2af3,ce083d1501305d1c,"{""alpha_a"": 0.5, ""alpha_b"": 0.8, ""kappa_a"": 0.4, ""kappa_b"": 0.6400000000000001, ""n_per_group"": 200000.0}",0.5,0.8,0.4,0.6400000000000001,200000,absolute_error,0.0005949999999999289,synthetic,ALL,not_applicable,not_applicable
EXP-01,SYNTHETIC EXPERIMENT,1747,full,664a150484ed2af3,6b66bbcc88daace4,"{""alpha_a"": 0.5, ""alpha_b"": 0.85, ""kappa_a"": 0.4, ""kappa_b"": 0.68, ""n_per_group"": 200000.0}",0.5,0.85,0.4,0.68,200000,absolute_error,0.0005349999999998967,synthetic,ALL,not_applicable,not_applicable
EXP-01,SYNTHETIC EXPERIMENT,1747,full,664a150484ed2af3,74f5aa3687c13f75,"{""alpha_a"": 0.5, ""alpha_b"": 0.9, ""kappa_a"": 0.4, ""kappa_b"": 0.7200000000000001, ""n_per_group"": 200000.0}",0.5,0.9,0.4,0.7200000000000001,200000,absolute_error,0.0007800000000000584,synthetic,ALL,not_applicable,not_applicable
EXP-01,SYNTHETIC EXPERIMENT,1747,full,664a150484ed2af3,32688959679582cb,"{""alpha_a"": 0.5, ""alpha_b"": 0.95, ""kappa_a"": 0.4, ""kappa_b"": 0.76, ""n_per_group"": 200000.0}",0.5,0.95,0.4,0.76,200000,absolute_error,0.0007599999999999552,synthetic,ALL,not_applicable,not_applicable
EXP-01,SYNTHETIC EXPERIMENT,1747,full,664a150484ed2af3,32c63b25e253f30f,"{""alpha_a"": 0.5, ""alpha_b"": 1.0, ""kappa_a"": 0.4, ""kappa_b"": 0.8, ""n_per_group"": 200000.0}",0.5,1.0,0.4,0.8,200000,absolute_error,0.0008299999999999697,synthetic,ALL,not_applicable,not_applicable
EXP-01,SYNTHETIC EXPERIMENT,1747,full,664a150484ed2af3,98adb6a0ac9f9b3d,"{""alpha_a"": 0.55, ""alpha_b"": 0.0, ""kappa_a"": 0.44000000000000006, ""kappa_b"": 0.0, ""n_per_group"": 200000.0}",0.55,0.0,0.44000000000000006,0.0,200000,absolute_error,0.0006400000000000017,synthetic,ALL,not_applicable,not_applicable
EXP-01,SYNTHETIC EXPERIMENT,1747,full,664a150484ed2af3,78a5de4ade8b5736,"{""alpha_a"": 0.55, ""alpha_b"": 0.05, ""kappa_a"": 0.44000000000000006, ""kappa_b"": 0.04000000000000001, ""n_per_group"": 200000.0}",0.55,0.05,0.44000000000000006,0.04000000000000001,200000,absolute_error,0.0019650000000000223,synthetic,ALL,not_applicable,not_applicable
EXP-01,SYNTHETIC EXPERIMENT,1747,full,664a150484ed2af3,4845ede7694bed0b,"{""alpha_a"": 0.55, ""alpha_b"": 0.1, ""kappa_a"": 0.44000000000000006, ""kappa_b"": 0.08000000000000002, ""n_per_group"": 200000.0}",0.55,0.1,0.44000000000000006,0.08000000000000002,200000,absolute_error,0.0017799999999999622,synthetic,ALL,not_applicable,not_applicable
EXP-01,SYNTHETIC EXPERIMENT,1747,full,664a150484ed2af3,d561748042cedcef,"{""alpha_a"": 0.55, ""alpha_b"": 0.15, ""kappa_a"": 0.44000000000000006, ""kappa_b"": 0.12, ""n_per_group"": 200000.0}",0.55,0.15,0.44000000000000006,0.12,200000,absolute_error,0.0022399999999999642,synthetic,ALL,not_applicable,not_applicable
EXP-01,SYNTHETIC EXPERIMENT,1747,full,664a150484ed2af3,8751ce8981d1ab37,"{""alpha_a"": 0.55, ""alpha_b"": 0.2, ""kappa_a"": 0.44000000000000006, ""kappa_b"": 0.16000000000000003, ""n_per_group"": 200000.0}",0.55,0.2,0.44000000000000006,0.16000000000000003,200000,absolute_error,0.0021550000000000735,synthetic,ALL,not_applicable,not_applicable
EXP-01,SYNTHETIC EXPERIMENT,1747,full,664a150484ed2af3,12dfd3a079d67fa3,"{""alpha_a"": 0.55, ""alpha_b"": 0.25, ""kappa_a"": 0.44000000000000006, ""kappa_b"": 0.2, ""n_per_group"": 200000.0}",0.55,0.25,0.44000000000000006,0.2,200000,absolute_error,0.0008750000000000008,synthetic,ALL,not_applicable,not_applicable
EXP-01,SYNTHETIC EXPERIMENT,1747,full,664a150484ed2af3,e4d4837ff7754ea2,"{""alpha_a"": 0.55, ""alpha_b"": 0.3, ""kappa_a"": 0.44000000000000006, ""kappa_b"": 0.24, ""n_per_group"": 200000.0}",0.55,0.3,0.44000000000000006,0.24,200000,absolute_error,0.0007900000000000407,synthetic,ALL,not_applicable,not_applicable
EXP-01,SYNTHETIC EXPERIMENT,1747,full,664a150484ed2af3,8aac5e321030839e,"{""alpha_a"": 0.55, ""alpha_b"": 0.35, ""kappa_a"": 0.44000000000000006, ""kappa_b"": 0.27999999999999997, ""n_per_group"": 200000.0}",0.55,0.35,0.44000000000000006,0.27999999999999997,200000,absolute_error,0.0010500000000000995,synthetic,ALL,not_applicable,not_applicable
EXP-01,SYNTHETIC EXPERIMENT,1747,full,664a150484ed2af3,a6e0dabdc5c1de0a,"{""alpha_a"": 0.55, ""alpha_b"": 0.4, ""kappa_a"": 0.44000000000000006, ""kappa_b"": 0.32000000000000006, ""n_per_group"": 200000.0}",0.55,0.4,0.44000000000000006,0.32000000000000006,200000,absolute_error,0.0011099999999999721,synthetic,ALL,not_applicable,not_applicable
EXP-01,SYNTHETIC EXPERIMENT,1747,full,664a150484ed2af3,6b9cb14935daa48e,"{""alpha_a"": 0.55, ""alpha_b"": 0.45, ""kappa_a"": 0.44000000000000006, ""kappa_b"": 0.36000000000000004, ""n_per_group"": 200000.0}",0.55,0.45,0.44000000000000006,0.36000000000000004,200000,absolute_error,0.0016699999999999632,synthetic,ALL,not_applicable,not_applicable
EXP-01,SYNTHETIC EXPERIMENT,1747,full,664a150484ed2af3,d23e16099cb9ffe6,"{""alpha_a"": 0.55, ""alpha_b"": 0.5, ""kappa_a"": 0.44000000000000006, ""kappa_b"": 0.4, ""n_per_group"": 200000.0}",0.55,0.5,0.44000000000000006,0.4,200000,absolute_error,0.00017000000000000522,synthetic,ALL,not_applicable,not_applicable
EXP-01,SYNTHETIC EXPERIMENT,1747,full,664a150484ed2af3,5d08b2ce05bfb185,"{""alpha_a"": 0.55, ""alpha_b"": 0.55, ""kappa_a"": 0.44000000000000006, ""kappa_b"": 0.44000000000000006, ""n_per_group"": 200000.0}",0.55,0.55,0.44000000000000006,0.44000000000000006,200000,absolute_error,0.0004649999999999377,synthetic,ALL,not_applicable,not_applicable
EXP-01,SYNTHETIC EXPERIMENT,1747,full,664a150484ed2af3,91194d1ea7ca542b,"{""alpha_a"": 0.55, ""alpha_b"": 0.6, ""kappa_a"": 0.44000000000000006, ""kappa_b"": 0.48, ""n_per_group"": 200000.0}",0.55,0.6,0.44000000000000006,0.48,200000,absolute_error,0.0017049999999999253,synthetic,ALL,not_applicable,not_applicable
EXP-01,SYNTHETIC EXPERIMENT,1747,full,664a150484ed2af3,c8c2017e28a9d555,"{""alpha_a"": 0.55, ""alpha_b"": 0.65, ""kappa_a"": 0.44000000000000006, ""kappa_b"": 0.52, ""n_per_group"": 200000.0}",0.55,0.65,0.44000000000000006,0.52,200000,absolute_error,0.0010350000000000394,synthetic,ALL,not_applicable,not_applicable
EXP-01,SYNTHETIC EXPERIMENT,1747,full,664a150484ed2af3,23418fc93e09469c,"{""alpha_a"": 0.55, ""alpha_b"": 0.7, ""kappa_a"": 0.44000000000000006, ""kappa_b"": 0.5599999999999999, ""n_per_group"": 200000.0}",0.55,0.7,0.44000000000000006,0.5599999999999999,200000,absolute_error,0.0016499999999999779,synthetic,ALL,not_applicable,not_applicable
EXP-01,SYNTHETIC EXPERIMENT,1747,full,664a150484ed2af3,bd14f0b165623491,"{""alpha_a"": 0.55, ""alpha_b"": 0.75, ""kappa_a"": 0.44000000000000006, ""kappa_b"": 0.6000000000000001, ""n_per_group"": 200000.0}",0.55,0.75,0.44000000000000006,0.6000000000000001,200000,absolute_error,0.0021849999999999647,synthetic,ALL,not_applicable,not_applicable
EXP-01,SYNTHETIC EXPERIMENT,1747,full,664a150484ed2af3,b88630dd87f69369,"{""alpha_a"": 0.55, ""alpha_b"": 0.8, ""kappa_a"": 0.44000000000000006, ""kappa_b"": 0.6400000000000001, ""n_per_group"": 200000.0}",0.55,0.8,0.44000000000000006,0.6400000000000001,200000,absolute_error,0.0010999999999999621,synthetic,ALL,not_applicable,not_applicable
EXP-01,SYNTHETIC EXPERIMENT,1747,full,664a150484ed2af3,6c2ec5e5c4c4d043,"{""alpha_a"": 0.55, ""alpha_b"": 0.85, ""kappa_a"": 0.44000000000000006, ""kappa_b"": 0.68, ""n_per_group"": 200000.0}",0.55,0.85,0.44000000000000006,0.68,200000,absolute_error,5.0000000000050004e-05,synthetic,ALL,not_applicable,not_applicable
EXP-01,SYNTHETIC EXPERIMENT,1747,full,664a150484ed2af3,b34d2bbf74338187,"{""alpha_a"": 0.55, ""alpha_b"": 0.9, ""kappa_a"": 0.44000000000000006, ""kappa_b"": 0.7200000000000001, ""n_per_group"": 200000.0}",0.55,0.9,0.44000000000000006,0.7200000000000001,200000,absolute_error,0.000130000000000019,synthetic,ALL,not_applicable,not_applicable
EXP-01,SYNTHETIC EXPERIMENT,1747,full,664a150484ed2af3,1a35cdd70a8fdb97,"{""alpha_a"": 0.55, ""alpha_b"": 0.95, ""kappa_a"": 0.44000000000000006, ""kappa_b"": 0.76, ""n_per_group"": 200000.0}",0.55,0.95,0.44000000000000006,0.76,200000,absolute_error,0.001139999999999891,synthetic,ALL,not_applicable,not_applicable
EXP-01,SYNTHETIC EXPERIMENT,1747,full,664a150484ed2af3,e5add7c7d801a5ae,"{""alpha_a"": 0.55, ""alpha_b"": 1.0, ""kappa_a"": 0.44000000000000006, ""kappa_b"": 0.8, ""n_per_group"": 200000.0}",0.55,1.0,0.44000000000000006,0.8,200000,absolute_error,0.0013699999999999546,synthetic,ALL,not_applicable,not_applicable
EXP-01,SYNTHETIC EXPERIMENT,1747,full,664a150484ed2af3,50221bd8f402343b,"{""alpha_a"": 0.6, ""alpha_b"": 0.0, ""kappa_a"": 0.48, ""kappa_b"": 0.0, ""n_per_group"": 200000.0}",0.6,0.0,0.48,0.0,200000,absolute_error,0.0006749999999999812,synthetic,ALL,not_applicable,not_applicable
EXP-01,SYNTHETIC EXPERIMENT,1747,full,664a150484ed2af3,651eb2352d5e0ecd,"{""alpha_a"": 0.6, ""alpha_b"": 0.05, ""kappa_a"": 0.48, ""kappa_b"": 0.04000000000000001, ""n_per_group"": 200000.0}",0.6,0.05,0.48,0.04000000000000001,200000,absolute_error,0.0023199999999999887,synthetic,ALL,not_applicable,not_applicable
EXP-01,SYNTHETIC EXPERIMENT,1747,full,664a150484ed2af3,163d8f9d1b8bfe8d,"{""alpha_a"": 0.6, ""alpha_b"": 0.1, ""kappa_a"": 0.48, ""kappa_b"": 0.08000000000000002, ""n_per_group"": 200000.0}",0.6,0.1,0.48,0.08000000000000002,200000,absolute_error,0.0013300000000000672,synthetic,ALL,not_applicable,not_applicable
EXP-01,SYNTHETIC EXPERIMENT,1747,full,664a150484ed2af3,e05d8a686a8954e9,"{""alpha_a"": 0.6, ""alpha_b"": 0.15, ""kappa_a"": 0.48, ""kappa_b"": 0.12, ""n_per_group"": 200000.0}",0.6,0.15,0.48,0.12,200000,absolute_error,0.0008049999999999169,synthetic,ALL,not_applicable,not_applicable
EXP-01,SYNTHETIC EXPERIMENT,1747,full,664a150484ed2af3,43d92043ecd69631,"{""alpha_a"": 0.6, ""alpha_b"": 0.2, ""kappa_a"": 0.48, ""kappa_b"": 0.16000000000000003, ""n_per_group"": 200000.0}",0.6,0.2,0.48,0.16000000000000003,200000,absolute_error,0.002689999999999998,synthetic,ALL,not_applicable,not_applicable
EXP-01,SYNTHETIC EXPERIMENT,1747,full,664a150484ed2af3,65f53042fd482273,"{""alpha_a"": 0.6, ""alpha_b"": 0.25, ""kappa_a"": 0.48, ""kappa_b"": 0.2, ""n_per_group"": 200000.0}",0.6,0.25,0.48,0.2,200000,absolute_error,0.000784999999999994,synthetic,ALL,not_applicable,not_applicable
EXP-01,SYNTHETIC EXPERIMENT,1747,full,664a150484ed2af3,cc544c0e221b5ff2,"{""alpha_a"": 0.6, ""alpha_b"": 0.3, ""kappa_a"": 0.48, ""kappa_b"": 0.24, ""n_per_group"": 200000.0}",0.6,0.3,0.48,0.24,200000,absolute_error,0.0011200000000000654,synthetic,ALL,not_applicable,not_applicable
EXP-01,SYNTHETIC EXPERIMENT,1747,full,664a150484ed2af3,e7aaa3eb9dade217,"{""alpha_a"": 0.6, ""alpha_b"": 0.35, ""kappa_a"": 0.48, ""kappa_b"": 0.27999999999999997, ""n_per_group"": 200000.0}",0.6,0.35,0.48,0.27999999999999997,200000,absolute_error,6.99999999999451e-05,synthetic,ALL,not_applicable,not_applicable
EXP-01,SYNTHETIC EXPERIMENT,1747,full,664a150484ed2af3,3ac735935f127d26,"{""alpha_a"": 0.6, ""alpha_b"": 0.4, ""kappa_a"": 0.48, ""kappa_b"": 0.32000000000000006, ""n_per_group"": 200000.0}",0.6,0.4,0.48,0.32000000000000006,200000,absolute_error,0.0003799999999999984,synthetic,ALL,not_applicable,not_applicable
EXP-01,SYNTHETIC EXPERIMENT,1747,full,664a150484ed2af3,bf79925dafbd26b9,"{""alpha_a"": 0.6, ""alpha_b"": 0.45, ""kappa_a"": 0.48, ""kappa_b"": 0.36000000000000004, ""n_per_group"": 200000.0}",0.6,0.45,0.48,0.36000000000000004,200000,absolute_error,0.001365000000000019,synthetic,ALL,not_applicable,not_applicable
EXP-01,SYNTHETIC EXPERIMENT,1747,full,664a150484ed2af3,2d923d3c491d34fb,"{""alpha_a"": 0.6, ""alpha_b"": 0.5, ""kappa_a"": 0.48, ""kappa_b"": 0.4, ""n_per_group"": 200000.0}",0.6,0.5,0.48,0.4,200000,absolute_error,0.00026000000000000675,synthetic,ALL,not_applicable,not_applicable
EXP-01,SYNTHETIC EXPERIMENT,1747,full,664a150484ed2af3,577fb647f69f629b,"{""alpha_a"": 0.6, ""alpha_b"": 0.55, ""kappa_a"": 0.48, ""kappa_b"": 0.44000000000000006, ""n_per_group"": 200000.0}",0.6,0.55,0.48,0.44000000000000006,200000,absolute_error,0.0014949999999999929,synthetic,ALL,not_applicable,not_applicable
EXP-01,SYNTHETIC EXPERIMENT,1747,full,664a150484ed2af3,780a17c5091409ed,"{""alpha_a"": 0.6, ""alpha_b"": 0.6, ""kappa_a"": 0.48, ""kappa_b"": 0.48, ""n_per_group"": 200000.0}",0.6,0.6,0.48,0.48,200000,absolute_error,0.00010500000000002174,synthetic,ALL,not_applicable,not_applicable
EXP-01,SYNTHETIC EXPERIMENT,1747,full,664a150484ed2af3,c647f1f7edbb3a38,"{""alpha_a"": 0.6, ""alpha_b"": 0.65, ""kappa_a"": 0.48, ""kappa_b"": 0.52, ""n_per_group"": 200000.0}",0.6,0.65,0.48,0.52,200000,absolute_error,0.0016150000000000313,synthetic,ALL,not_applicable,not_applicable
EXP-01,SYNTHETIC EXPERIMENT,1747,full,664a150484ed2af3,9f999dfd01025484,"{""alpha_a"": 0.6, ""alpha_b"": 0.7, ""kappa_a"": 0.48, ""kappa_b"": 0.5599999999999999, ""n_per_group"": 200000.0}",0.6,0.7,0.48,0.5599999999999999,200000,absolute_error,0.0015349999999999218,synthetic,ALL,not_applicable,not_applicable
EXP-01,SYNTHETIC EXPERIMENT,1747,full,664a150484ed2af3,4a5d7fb971e337ce,"{""alpha_a"": 0.6, ""alpha_b"": 0.75, ""kappa_a"": 0.48, ""kappa_b"": 0.6000000000000001, ""n_per_group"": 200000.0}",0.6,0.75,0.48,0.6000000000000001,200000,absolute_error,0.0014900000000001093,synthetic,ALL,not_applicable,not_applicable
EXP-01,SYNTHETIC EXPERIMENT,1747,full,664a150484ed2af3,a186c70650e1139c,"{""alpha_a"": 0.6, ""alpha_b"": 0.8, ""kappa_a"": 0.48, ""kappa_b"": 0.6400000000000001, ""n_per_group"": 200000.0}",0.6,0.8,0.48,0.6400000000000001,200000,absolute_error,0.0004100000000000284,synthetic,ALL,not_applicable,not_applicable
EXP-01,SYNTHETIC EXPERIMENT,1747,full,664a150484ed2af3,de8705685ae9e61f,"{""alpha_a"": 0.6, ""alpha_b"": 0.85, ""kappa_a"": 0.48, ""kappa_b"": 0.68, ""n_per_group"": 200000.0}",0.6,0.85,0.48,0.68,200000,absolute_error,0.0007350000000000134,synthetic,ALL,not_applicable,not_applicable
EXP-01,SYNTHETIC EXPERIMENT,1747,full,664a150484ed2af3,694c75f683525a03,"{""alpha_a"": 0.6, ""alpha_b"": 0.9, ""kappa_a"": 0.48, ""kappa_b"": 0.7200000000000001, ""n_per_group"": 200000.0}",0.6,0.9,0.48,0.7200000000000001,200000,absolute_error,0.0020349999999999813,synthetic,ALL,not_applicable,not_applicable
EXP-01,SYNTHETIC EXPERIMENT,1747,full,664a150484ed2af3,78c170e48cdb4c3c,"{""alpha_a"": 0.6, ""alpha_b"": 0.95, ""kappa_a"": 0.48, ""kappa_b"": 0.76, ""n_per_group"": 200000.0}",0.6,0.95,0.48,0.76,200000,absolute_error,0.0021400000000000863,synthetic,ALL,not_applicable,not_applicable
EXP-01,SYNTHETIC EXPERIMENT,1747,full,664a150484ed2af3,d50ead690aaf4332,"{""alpha_a"": 0.6, ""alpha_b"": 1.0, ""kappa_a"": 0.48, ""kappa_b"": 0.8, ""n_per_group"": 200000.0}",0.6,1.0,0.48,0.8,200000,absolute_error,0.0016950000000000576,synthetic,ALL,not_applicable,not_applicable
EXP-01,SYNTHETIC EXPERIMENT,1747,full,664a150484ed2af3,8237ac1b2921d88e,"{""alpha_a"": 0.65, ""alpha_b"": 0.0, ""kappa_a"": 0.52, ""kappa_b"": 0.0, ""n_per_group"": 200000.0}",0.65,0.0,0.52,0.0,200000,absolute_error,0.0027850000000000374,synthetic,ALL,not_applicable,not_applicable
EXP-01,SYNTHETIC EXPERIMENT,1747,full,664a150484ed2af3,797d6a7e2cc9844e,"{""alpha_a"": 0.65, ""alpha_b"": 0.05, ""kappa_a"": 0.52, ""kappa_b"": 0.04000000000000001, ""n_per_group"": 200000.0}",0.65,0.05,0.52,0.04000000000000001,200000,absolute_error,0.0004350000000000742,synthetic,ALL,not_applicable,not_applicable
EXP-01,SYNTHETIC EXPERIMENT,1747,full,664a150484ed2af3,0204098df3c3b9e5,"{""alpha_a"": 0.65, ""alpha_b"": 0.1, ""kappa_a"": 0.52, ""kappa_b"": 0.08000000000000002, ""n_per_group"": 200000.0}",0.65,0.1,0.52,0.08000000000000002,200000,absolute_error,0.001469999999999999,synthetic,ALL,not_applicable,not_applicable
EXP-01,SYNTHETIC EXPERIMENT,1747,full,664a150484ed2af3,d2ea0a9ab848cf49,"{""alpha_a"": 0.65, ""alpha_b"": 0.15, ""kappa_a"": 0.52, ""kappa_b"": 0.12, ""n_per_group"": 200000.0}",0.65,0.15,0.52,0.12,200000,absolute_error,0.0003200000000000147,synthetic,ALL,not_applicable,not_applicable
EXP-01,SYNTHETIC EXPERIMENT,1747,full,664a150484ed2af3,589f1decf964336d,"{""alpha_a"": 0.65, ""alpha_b"": 0.2, ""kappa_a"": 0.52, ""kappa_b"": 0.16000000000000003, ""n_per_group"": 200000.0}",0.65,0.2,0.52,0.16000000000000003,200000,absolute_error,0.001779999999999976,synthetic,ALL,not_applicable,not_applicable
EXP-01,SYNTHETIC EXPERIMENT,1747,full,664a150484ed2af3,bbbcbbb934f1bd57,"{""alpha_a"": 0.65, ""alpha_b"": 0.25, ""kappa_a"": 0.52, ""kappa_b"": 0.2, ""n_per_group"": 200000.0}",0.65,0.25,0.52,0.2,200000,absolute_error,0.002180000000000029,synthetic,ALL,not_applicable,not_applicable
EXP-01,SYNTHETIC EXPERIMENT,1747,full,664a150484ed2af3,56231ef03c73dc69,"{""alpha_a"": 0.65, ""alpha_b"": 0.3, ""kappa_a"": 0.52, ""kappa_b"": 0.24, ""n_per_group"": 200000.0}",0.65,0.3,0.52,0.24,200000,absolute_error,0.0012150000000000216,synthetic,ALL,not_applicable,not_applicable
EXP-01,SYNTHETIC EXPERIMENT,1747,full,664a150484ed2af3,d874f9b45c68c078,"{""alpha_a"": 0.65, ""alpha_b"": 0.35, ""kappa_a"": 0.52, ""kappa_b"": 0.27999999999999997, ""n_per_group"": 200000.0}",0.65,0.35,0.52,0.27999999999999997,200000,absolute_error,0.0002950000000001146,synthetic,ALL,not_applicable,not_applicable
EXP-01,SYNTHETIC EXPERIMENT,1747,full,664a150484ed2af3,c2e26c6bf8a9eb55,"{""alpha_a"": 0.65, ""alpha_b"": 0.4, ""kappa_a"": 0.52, ""kappa_b"": 0.32000000000000006, ""n_per_group"": 200000.0}",0.65,0.4,0.52,0.32000000000000006,200000,absolute_error,0.0009049999999999891,synthetic,ALL,not_applicable,not_applicable
EXP-01,SYNTHETIC EXPERIMENT,1747,full,664a150484ed2af3,52dee04e5176f973,"{""alpha_a"": 0.65, ""alpha_b"": 0.45, ""kappa_a"": 0.52, ""kappa_b"": 0.36000000000000004, ""n_per_group"": 200000.0}",0.65,0.45,0.52,0.36000000000000004,200000,absolute_error,0.0028149999999999703,synthetic,ALL,not_applicable,not_applicable
EXP-01,SYNTHETIC EXPERIMENT,1747,full,664a150484ed2af3,cb151264c8c41395,"{""alpha_a"": 0.65, ""alpha_b"": 0.5, ""kappa_a"": 0.52, ""kappa_b"": 0.4, ""n_per_group"": 200000.0}",0.65,0.5,0.52,0.4,200000,absolute_error,0.0012000000000000621,synthetic,ALL,not_applicable,not_applicable
EXP-01,SYNTHETIC EXPERIMENT,1747,full,664a150484ed2af3,cb4cc85d75c9f4dc,"{""alpha_a"": 0.65, ""alpha_b"": 0.55, ""kappa_a"": 0.52, ""kappa_b"": 0.44000000000000006, ""n_per_group"": 200000.0}",0.65,0.55,0.52,0.44000000000000006,200000,absolute_error,0.0013050000000000318,synthetic,ALL,not_applicable,not_applicable
EXP-01,SYNTHETIC EXPERIMENT,1747,full,664a150484ed2af3,867631e66e98681d,"{""alpha_a"": 0.65, ""alpha_b"": 0.6, ""kappa_a"": 0.52, ""kappa_b"": 0.48, ""n_per_group"": 200000.0}",0.65,0.6,0.52,0.48,200000,absolute_error,0.002340000000000007,synthetic,ALL,not_applicable,not_applicable
EXP-01,SYNTHETIC EXPERIMENT,1747,full,664a150484ed2af3,cdde18ec67287c88,"{""alpha_a"": 0.65, ""alpha_b"": 0.65, ""kappa_a"": 0.52, ""kappa_b"": 0.52, ""n_per_group"": 200000.0}",0.65,0.65,0.52,0.52,200000,absolute_error,0.0020099999999999563,synthetic,ALL,not_applicable,not_applicable
EXP-01,SYNTHETIC EXPERIMENT,1747,full,664a150484ed2af3,8db4e03766b93699,"{""alpha_a"": 0.65, ""alpha_b"": 0.7, ""kappa_a"": 0.52, ""kappa_b"": 0.5599999999999999, ""n_per_group"": 200000.0}",0.65,0.7,0.52,0.5599999999999999,200000,absolute_error,0.0002900000000000437,synthetic,ALL,not_applicable,not_applicable
EXP-01,SYNTHETIC EXPERIMENT,1747,full,664a150484ed2af3,defa8621e1dae86e,"{""alpha_a"": 0.65, ""alpha_b"": 0.75, ""kappa_a"": 0.52, ""kappa_b"": 0.6000000000000001, ""n_per_group"": 200000.0}",0.65,0.75,0.52,0.6000000000000001,200000,absolute_error,0.00014999999999998,synthetic,ALL,not_applicable,not_applicable
EXP-01,SYNTHETIC EXPERIMENT,1747,full,664a150484ed2af3,e806bd5df6f97888,"{""alpha_a"": 0.65, ""alpha_b"": 0.8, ""kappa_a"": 0.52, ""kappa_b"": 0.6400000000000001, ""n_per_group"": 200000.0}",0.65,0.8,0.52,0.6400000000000001,200000,absolute_error,0.0003900000000000084,synthetic,ALL,not_applicable,not_applicable
EXP-01,SYNTHETIC EXPERIMENT,1747,full,664a150484ed2af3,0903ae1542382f5e,"{""alpha_a"": 0.65, ""alpha_b"": 0.85, ""kappa_a"": 0.52, ""kappa_b"": 0.68, ""n_per_group"": 200000.0}",0.65,0.85,0.52,0.68,200000,absolute_error,4.000000000001225e-05,synthetic,ALL,not_applicable,not_applicable
EXP-01,SYNTHETIC EXPERIMENT,1747,full,664a150484ed2af3,ab1b216db6302741,"{""alpha_a"": 0.65, ""alpha_b"": 0.9, ""kappa_a"": 0.52, ""kappa_b"": 0.7200000000000001, ""n_per_group"": 200000.0}",0.65,0.9,0.52,0.7200000000000001,200000,absolute_error,0.00017000000000003124,synthetic,ALL,not_applicable,not_applicable
EXP-01,SYNTHETIC EXPERIMENT,1747,full,664a150484ed2af3,577eaa46a40bff6b,"{""alpha_a"": 0.65, ""alpha_b"": 0.95, ""kappa_a"": 0.52, ""kappa_b"": 0.76, ""n_per_group"": 200000.0}",0.65,0.95,0.52,0.76,200000,absolute_error,0.0009800000000000364,synthetic,ALL,not_applicable,not_applicable
EXP-01,SYNTHETIC EXPERIMENT,1747,full,664a150484ed2af3,341ee85502401eb8,"{""alpha_a"": 0.65, ""alpha_b"": 1.0, ""kappa_a"": 0.52, ""kappa_b"": 0.8, ""n_per_group"": 200000.0}",0.65,1.0,0.52,0.8,200000,absolute_error,0.0014500000000000068,synthetic,ALL,not_applicable,not_applicable
EXP-01,SYNTHETIC EXPERIMENT,1747,full,664a150484ed2af3,c8ddd6677f6f843b,"{""alpha_a"": 0.7, ""alpha_b"": 0.0, ""kappa_a"": 0.5599999999999999, ""kappa_b"": 0.0, ""n_per_group"": 200000.0}",0.7,0.0,0.5599999999999999,0.0,200000,absolute_error,0.0008699999999999541,synthetic,ALL,not_applicable,not_applicable
EXP-01,SYNTHETIC EXPERIMENT,1747,full,664a150484ed2af3,cecdc2a6be269b13,"{""alpha_a"": 0.7, ""alpha_b"": 0.05, ""kappa_a"": 0.5599999999999999, ""kappa_b"": 0.04000000000000001, ""n_per_group"": 200000.0}",0.7,0.05,0.5599999999999999,0.04000000000000001,200000,absolute_error,0.0014750000000000874,synthetic,ALL,not_applicable,not_applicable
EXP-01,SYNTHETIC EXPERIMENT,1747,full,664a150484ed2af3,7c07722156d4753c,"{""alpha_a"": 0.7, ""alpha_b"": 0.1, ""kappa_a"": 0.5599999999999999, ""kappa_b"": 0.08000000000000002, ""n_per_group"": 200000.0}",0.7,0.1,0.5599999999999999,0.08000000000000002,200000,absolute_error,0.001750000000000057,synthetic,ALL,not_applicable,not_applicable
EXP-01,SYNTHETIC EXPERIMENT,1747,full,664a150484ed2af3,d866b68c9353ad8e,"{""alpha_a"": 0.7, ""alpha_b"": 0.15, ""kappa_a"": 0.5599999999999999, ""kappa_b"": 0.12, ""n_per_group"": 200000.0}",0.7,0.15,0.5599999999999999,0.12,200000,absolute_error,0.0009600000000000719,synthetic,ALL,not_applicable,not_applicable
EXP-01,SYNTHETIC EXPERIMENT,1747,full,664a150484ed2af3,22e27fd9c9b7754b,"{""alpha_a"": 0.7, ""alpha_b"": 0.2, ""kappa_a"": 0.5599999999999999, ""kappa_b"": 0.16000000000000003, ""n_per_group"": 200000.0}",0.7,0.2,0.5599999999999999,0.16000000000000003,200000,absolute_error,0.0028199999999999337,synthetic,ALL,not_applicable,not_applicable
EXP-01,SYNTHETIC EXPERIMENT,1747,full,664a150484ed2af3,47c868681941b524,"{""alpha_a"": 0.7, ""alpha_b"": 0.25, ""kappa_a"": 0.5599999999999999, ""kappa_b"": 0.2, ""n_per_group"": 200000.0}",0.7,0.25,0.5599999999999999,0.2,200000,absolute_error,0.0010099999999999415,synthetic,ALL,not_applicable,not_applicable
EXP-01,SYNTHETIC EXPERIMENT,1747,full,664a150484ed2af3,968819aff68502bb,"{""alpha_a"": 0.7, ""alpha_b"": 0.3, ""kappa_a"": 0.5599999999999999, ""kappa_b"": 0.24, ""n_per_group"": 200000.0}",0.7,0.3,0.5599999999999999,0.24,200000,absolute_error,0.0010599999999999776,synthetic,ALL,not_applicable,not_applicable
EXP-01,SYNTHETIC EXPERIMENT,1747,full,664a150484ed2af3,8ce8eb6782ff8e91,"{""alpha_a"": 0.7, ""alpha_b"": 0.35, ""kappa_a"": 0.5599999999999999, ""kappa_b"": 0.27999999999999997, ""n_per_group"": 200000.0}",0.7,0.35,0.5599999999999999,0.27999999999999997,200000,absolute_error,0.000850000000000059,synthetic,ALL,not_applicable,not_applicable
EXP-01,SYNTHETIC EXPERIMENT,1747,full,664a150484ed2af3,c89b278373082486,"{""alpha_a"": 0.7, ""alpha_b"": 0.4, ""kappa_a"": 0.5599999999999999, ""kappa_b"": 0.32000000000000006, ""n_per_group"": 200000.0}",0.7,0.4,0.5599999999999999,0.32000000000000006,200000,absolute_error,0.0008649999999999214,synthetic,ALL,not_applicable,not_applicable
EXP-01,SYNTHETIC EXPERIMENT,1747,full,664a150484ed2af3,530dc275e5d583d5,"{""alpha_a"": 0.7, ""alpha_b"": 0.45, ""kappa_a"": 0.5599999999999999, ""kappa_b"": 0.36000000000000004, ""n_per_group"": 200000.0}",0.7,0.45,0.5599999999999999,0.36000000000000004,200000,absolute_error,0.0019650000000000292,synthetic,ALL,not_applicable,not_applicable
EXP-01,SYNTHETIC EXPERIMENT,1747,full,664a150484ed2af3,01946da20aac2037,"{""alpha_a"": 0.7, ""alpha_b"": 0.5, ""kappa_a"": 0.5599999999999999, ""kappa_b"": 0.4, ""n_per_group"": 200000.0}",0.7,0.5,0.5599999999999999,0.4,200000,absolute_error,0.0016949999999999396,synthetic,ALL,not_applicable,not_applicable
EXP-01,SYNTHETIC EXPERIMENT,1747,full,664a150484ed2af3,73e1593e0dd5e9bb,"{""alpha_a"": 0.7, ""alpha_b"": 0.55, ""kappa_a"": 0.5599999999999999, ""kappa_b"": 0.44000000000000006, ""n_per_group"": 200000.0}",0.7,0.55,0.5599999999999999,0.44000000000000006,200000,absolute_error,0.0014050000000000382,synthetic,ALL,not_applicable,not_applicable
EXP-01,SYNTHETIC EXPERIMENT,1747,full,664a150484ed2af3,62270be4752f9f93,"{""alpha_a"": 0.7, ""alpha_b"": 0.6, ""kappa_a"": 0.5599999999999999, ""kappa_b"": 0.48, ""n_per_group"": 200000.0}",0.7,0.6,0.5599999999999999,0.48,200000,absolute_error,0.001690000000000049,synthetic,ALL,not_applicable,not_applicable
EXP-01,SYNTHETIC EXPERIMENT,1747,full,664a150484ed2af3,6594a0ffafa2c5b6,"{""alpha_a"": 0.7, ""alpha_b"": 0.65, ""kappa_a"": 0.5599999999999999, ""kappa_b"": 0.52, ""n_per_group"": 200000.0}",0.7,0.65,0.5599999999999999,0.52,200000,absolute_error,0.00021000000000001226,synthetic,ALL,not_applicable,not_applicable
EXP-01,SYNTHETIC EXPERIMENT,1747,full,664a150484ed2af3,ba8e99ce6bbcaf0c,"{""alpha_a"": 0.7, ""alpha_b"": 0.7, ""kappa_a"": 0.5599999999999999, ""kappa_b"": 0.5599999999999999, ""n_per_group"": 200000.0}",0.7,0.7,0.5599999999999999,0.5599999999999999,200000,absolute_error,0.001174999999999926,synthetic,ALL,not_applicable,not_applicable
EXP-01,SYNTHETIC EXPERIMENT,1747,full,664a150484ed2af3,bf7a34578ca9cb00,"{""alpha_a"": 0.7, ""alpha_b"": 0.75, ""kappa_a"": 0.5599999999999999, ""kappa_b"": 0.6000000000000001, ""n_per_group"": 200000.0}",0.7,0.75,0.5599999999999999,0.6000000000000001,200000,absolute_error,0.000304999999999965,synthetic,ALL,not_applicable,not_applicable
EXP-01,SYNTHETIC EXPERIMENT,1747,full,664a150484ed2af3,67642f3a2918cae1,"{""alpha_a"": 0.7, ""alpha_b"": 0.8, ""kappa_a"": 0.5599999999999999, ""kappa_b"": 0.6400000000000001, ""n_per_group"": 200000.0}",0.7,0.8,0.5599999999999999,0.6400000000000001,200000,absolute_error,0.0003699999999999433,synthetic,ALL,not_applicable,not_applicable
EXP-01,SYNTHETIC EXPERIMENT,1747,full,664a150484ed2af3,20e2a91826b6be2d,"{""alpha_a"": 0.7, ""alpha_b"": 0.85, ""kappa_a"": 0.5599999999999999, ""kappa_b"": 0.68, ""n_per_group"": 200000.0}",0.7,0.85,0.5599999999999999,0.68,200000,absolute_error,0.000680000000000007,synthetic,ALL,not_applicable,not_applicable
EXP-01,SYNTHETIC EXPERIMENT,1747,full,664a150484ed2af3,0a31e6d38f51fb59,"{""alpha_a"": 0.7, ""alpha_b"": 0.9, ""kappa_a"": 0.5599999999999999, ""kappa_b"": 0.7200000000000001, ""n_per_group"": 200000.0}",0.7,0.9,0.5599999999999999,0.7200000000000001,200000,absolute_error,0.0003499999999999545,synthetic,ALL,not_applicable,not_applicable
EXP-01,SYNTHETIC EXPERIMENT,1747,full,664a150484ed2af3,33190ea543da4a9e,"{""alpha_a"": 0.7, ""alpha_b"": 0.95, ""kappa_a"": 0.5599999999999999, ""kappa_b"": 0.76, ""n_per_group"": 200000.0}",0.7,0.95,0.5599999999999999,0.76,200000,absolute_error,3.5000000000090514e-05,synthetic,ALL,not_applicable,not_applicable
EXP-01,SYNTHETIC EXPERIMENT,1747,full,664a150484ed2af3,973027829e06a594,"{""alpha_a"": 0.7, ""alpha_b"": 1.0, ""kappa_a"": 0.5599999999999999, ""kappa_b"": 0.8, ""n_per_group"": 200000.0}",0.7,1.0,0.5599999999999999,0.8,200000,absolute_error,0.0007449999999999124,synthetic,ALL,not_applicable,not_applicable
EXP-01,SYNTHETIC EXPERIMENT,1747,full,664a150484ed2af3,145fc1da1e77a85b,"{""alpha_a"": 0.75, ""alpha_b"": 0.0, ""kappa_a"": 0.6000000000000001, ""kappa_b"": 0.0, ""n_per_group"": 200000.0}",0.75,0.0,0.6000000000000001,0.0,200000,absolute_error,0.000300000000000078,synthetic,ALL,not_applicable,not_applicable
EXP-01,SYNTHETIC EXPERIMENT,1747,full,664a150484ed2af3,8f76757fb173207f,"{""alpha_a"": 0.75, ""alpha_b"": 0.05, ""kappa_a"": 0.6000000000000001, ""kappa_b"": 0.04000000000000001, ""n_per_group"": 200000.0}",0.75,0.05,0.6000000000000001,0.04000000000000001,200000,absolute_error,0.000260000000000038,synthetic,ALL,not_applicable,not_applicable
EXP-01,SYNTHETIC EXPERIMENT,1747,full,664a150484ed2af3,cfc40a9c00d949bd,"{""alpha_a"": 0.75, ""alpha_b"": 0.1, ""kappa_a"": 0.6000000000000001, ""kappa_b"": 0.08000000000000002, ""n_per_group"": 200000.0}",0.75,0.1,0.6000000000000001,0.08000000000000002,200000,absolute_error,0.0003349999999999742,synthetic,ALL,not_applicable,not_applicable
EXP-01,SYNTHETIC EXPERIMENT,1747,full,664a150484ed2af3,e900d04c2a412e38,"{""alpha_a"": 0.75, ""alpha_b"": 0.15, ""kappa_a"": 0.6000000000000001, ""kappa_b"": 0.12, ""n_per_group"": 200000.0}",0.75,0.15,0.6000000000000001,0.12,200000,absolute_error,0.0013400000000000356,synthetic,ALL,not_applicable,not_applicable
EXP-01,SYNTHETIC EXPERIMENT,1747,full,664a150484ed2af3,a66da16d88db03c0,"{""alpha_a"": 0.75, ""alpha_b"": 0.2, ""kappa_a"": 0.6000000000000001, ""kappa_b"": 0.16000000000000003, ""n_per_group"": 200000.0}",0.75,0.2,0.6000000000000001,0.16000000000000003,200000,absolute_error,0.0020499999999999685,synthetic,ALL,not_applicable,not_applicable
EXP-01,SYNTHETIC EXPERIMENT,1747,full,664a150484ed2af3,71c8bf969f130e9e,"{""alpha_a"": 0.75, ""alpha_b"": 0.25, ""kappa_a"": 0.6000000000000001, ""kappa_b"": 0.2, ""n_per_group"": 200000.0}",0.75,0.25,0.6000000000000001,0.2,200000,absolute_error,0.000704999999999914,synthetic,ALL,not_applicable,not_applicable
EXP-01,SYNTHETIC EXPERIMENT,1747,full,664a150484ed2af3,b645633783a2b5d9,"{""alpha_a"": 0.75, ""alpha_b"": 0.3, ""kappa_a"": 0.6000000000000001, ""kappa_b"": 0.24, ""n_per_group"": 200000.0}",0.75,0.3,0.6000000000000001,0.24,200000,absolute_error,0.0018699999999999828,synthetic,ALL,not_applicable,not_applicable
EXP-01,SYNTHETIC EXPERIMENT,1747,full,664a150484ed2af3,a007c6e5d67106c5,"{""alpha_a"": 0.75, ""alpha_b"": 0.35, ""kappa_a"": 0.6000000000000001, ""kappa_b"": 0.27999999999999997, ""n_per_group"": 200000.0}",0.75,0.35,0.6000000000000001,0.27999999999999997,200000,absolute_error,0.0015200000000000352,synthetic,ALL,not_applicable,not_applicable
EXP-01,SYNTHETIC EXPERIMENT,1747,full,664a150484ed2af3,973cb6ad3b163f98,"{""alpha_a"": 0.75, ""alpha_b"": 0.4, ""kappa_a"": 0.6000000000000001, ""kappa_b"": 0.32000000000000006, ""n_per_group"": 200000.0}",0.75,0.4,0.6000000000000001,0.32000000000000006,200000,absolute_error,0.0017499999999999738,synthetic,ALL,not_applicable,not_applicable
EXP-01,SYNTHETIC EXPERIMENT,1747,full,664a150484ed2af3,105e9323311e6282,"{""alpha_a"": 0.75, ""alpha_b"": 0.45, ""kappa_a"": 0.6000000000000001, ""kappa_b"": 0.36000000000000004, ""n_per_group"": 200000.0}",0.75,0.45,0.6000000000000001,0.36000000000000004,200000,absolute_error,0.002084999999999962,synthetic,ALL,not_applicable,not_applicable
EXP-01,SYNTHETIC EXPERIMENT,1747,full,664a150484ed2af3,a6664c1a4c2d235b,"{""alpha_a"": 0.75, ""alpha_b"": 0.5, ""kappa_a"": 0.6000000000000001, ""kappa_b"": 0.4, ""n_per_group"": 200000.0}",0.75,0.5,0.6000000000000001,0.4,200000,absolute_error,0.0006250000000000144,synthetic,ALL,not_applicable,not_applicable
EXP-01,SYNTHETIC EXPERIMENT,1747,full,664a150484ed2af3,f7fd55ca8782532f,"{""alpha_a"": 0.75, ""alpha_b"": 0.55, ""kappa_a"": 0.6000000000000001, ""kappa_b"": 0.44000000000000006, ""n_per_group"": 200000.0}",0.75,0.55,0.6000000000000001,0.44000000000000006,200000,absolute_error,0.0004800000000000082,synthetic,ALL,not_applicable,not_applicable
EXP-01,SYNTHETIC EXPERIMENT,1747,full,664a150484ed2af3,3a9b935cbfa06390,"{""alpha_a"": 0.75, ""alpha_b"": 0.6, ""kappa_a"": 0.6000000000000001, ""kappa_b"": 0.48, ""n_per_group"": 200000.0}",0.75,0.6,0.6000000000000001,0.48,200000,absolute_error,0.0012800000000000658,synthetic,ALL,not_applicable,not_applicable
EXP-01,SYNTHETIC EXPERIMENT,1747,full,664a150484ed2af3,5cdb075959b10140,"{""alpha_a"": 0.75, ""alpha_b"": 0.65, ""kappa_a"": 0.6000000000000001, ""kappa_b"": 0.52, ""n_per_group"": 200000.0}",0.75,0.65,0.6000000000000001,0.52,200000,absolute_error,0.00019000000000002695,synthetic,ALL,not_applicable,not_applicable
EXP-01,SYNTHETIC EXPERIMENT,1747,full,664a150484ed2af3,3c6bd916c2e4b2d9,"{""alpha_a"": 0.75, ""alpha_b"": 0.7, ""kappa_a"": 0.6000000000000001, ""kappa_b"": 0.5599999999999999, ""n_per_group"": 200000.0}",0.75,0.7,0.6000000000000001,0.5599999999999999,200000,absolute_error,0.0003650000000000944,synthetic,ALL,not_applicable,not_applicable
EXP-01,SYNTHETIC EXPERIMENT,1747,full,664a150484ed2af3,efff14e3d6b3c324,"{""alpha_a"": 0.75, ""alpha_b"": 0.75, ""kappa_a"": 0.6000000000000001, ""kappa_b"": 0.6000000000000001, ""n_per_group"": 200000.0}",0.75,0.75,0.6000000000000001,0.6000000000000001,200000,absolute_error,0.0018850000000000255,synthetic,ALL,not_applicable,not_applicable
EXP-01,SYNTHETIC EXPERIMENT,1747,full,664a150484ed2af3,6cb165316d4be7b0,"{""alpha_a"": 0.75, ""alpha_b"": 0.8, ""kappa_a"": 0.6000000000000001, ""kappa_b"": 0.6400000000000001, ""n_per_group"": 200000.0}",0.75,0.8,0.6000000000000001,0.6400000000000001,200000,absolute_error,0.0021749999999999287,synthetic,ALL,not_applicable,not_applicable
EXP-01,SYNTHETIC EXPERIMENT,1747,full,664a150484ed2af3,707d372e21aec193,"{""alpha_a"": 0.75, ""alpha_b"": 0.85, ""kappa_a"": 0.6000000000000001, ""kappa_b"": 0.68, ""n_per_group"": 200000.0}",0.75,0.85,0.6000000000000001,0.68,200000,absolute_error,0.0008799999999999607,synthetic,ALL,not_applicable,not_applicable
EXP-01,SYNTHETIC EXPERIMENT,1747,full,664a150484ed2af3,7255b40c57376a7a,"{""alpha_a"": 0.75, ""alpha_b"": 0.9, ""kappa_a"": 0.6000000000000001, ""kappa_b"": 0.7200000000000001, ""n_per_group"": 200000.0}",0.75,0.9,0.6000000000000001,0.7200000000000001,200000,absolute_error,0.0008949999999999514,synthetic,ALL,not_applicable,not_applicable
EXP-01,SYNTHETIC EXPERIMENT,1747,full,664a150484ed2af3,05d0dcea49021cc9,"{""alpha_a"": 0.75, ""alpha_b"": 0.95, ""kappa_a"": 0.6000000000000001, ""kappa_b"": 0.76, ""n_per_group"": 200000.0}",0.75,0.95,0.6000000000000001,0.76,200000,absolute_error,0.00027499999999997665,synthetic,ALL,not_applicable,not_applicable
EXP-01,SYNTHETIC EXPERIMENT,1747,full,664a150484ed2af3,97edfe532689cab9,"{""alpha_a"": 0.75, ""alpha_b"": 1.0, ""kappa_a"": 0.6000000000000001, ""kappa_b"": 0.8, ""n_per_group"": 200000.0}",0.75,1.0,0.6000000000000001,0.8,200000,absolute_error,0.0005900000000000349,synthetic,ALL,not_applicable,not_applicable
EXP-01,SYNTHETIC EXPERIMENT,1747,full,664a150484ed2af3,97950d1b748ef7ea,"{""alpha_a"": 0.8, ""alpha_b"": 0.0, ""kappa_a"": 0.6400000000000001, ""kappa_b"": 0.0, ""n_per_group"": 200000.0}",0.8,0.0,0.6400000000000001,0.0,200000,absolute_error,0.0022649999999999615,synthetic,ALL,not_applicable,not_applicable
EXP-01,SYNTHETIC EXPERIMENT,1747,full,664a150484ed2af3,1c35e6c663ec2953,"{""alpha_a"": 0.8, ""alpha_b"": 0.05, ""kappa_a"": 0.6400000000000001, ""kappa_b"": 0.04000000000000001, ""n_per_group"": 200000.0}",0.8,0.05,0.6400000000000001,0.04000000000000001,200000,absolute_error,0.0005600000000000049,synthetic,ALL,not_applicable,not_applicable
EXP-01,SYNTHETIC EXPERIMENT,1747,full,664a150484ed2af3,19d1cdf7f2037051,"{""alpha_a"": 0.8, ""alpha_b"": 0.1, ""kappa_a"": 0.6400000000000001, ""kappa_b"": 0.08000000000000002, ""n_per_group"": 200000.0}",0.8,0.1,0.6400000000000001,0.08000000000000002,200000,absolute_error,0.0003649999999999487,synthetic,ALL,not_applicable,not_applicable
EXP-01,SYNTHETIC EXPERIMENT,1747,full,664a150484ed2af3,f5f34d81dfa051b0,"{""alpha_a"": 0.8, ""alpha_b"": 0.15, ""kappa_a"": 0.6400000000000001, ""kappa_b"": 0.12, ""n_per_group"": 200000.0}",0.8,0.15,0.6400000000000001,0.12,200000,absolute_error,0.0005900000000000072,synthetic,ALL,not_applicable,not_applicable
EXP-01,SYNTHETIC EXPERIMENT,1747,full,664a150484ed2af3,2d5071bf7658fe7d,"{""alpha_a"": 0.8, ""alpha_b"": 0.2, ""kappa_a"": 0.6400000000000001, ""kappa_b"": 0.16000000000000003, ""n_per_group"": 200000.0}",0.8,0.2,0.6400000000000001,0.16000000000000003,200000,absolute_error,0.0014149999999999163,synthetic,ALL,not_applicable,not_applicable
EXP-01,SYNTHETIC EXPERIMENT,1747,full,664a150484ed2af3,4fee8e67e2b9ec66,"{""alpha_a"": 0.8, ""alpha_b"": 0.25, ""kappa_a"": 0.6400000000000001, ""kappa_b"": 0.2, ""n_per_group"": 200000.0}",0.8,0.25,0.6400000000000001,0.2,200000,absolute_error,0.0013749999999998486,synthetic,ALL,not_applicable,not_applicable
EXP-01,SYNTHETIC EXPERIMENT,1747,full,664a150484ed2af3,ae3f287d1d76f955,"{""alpha_a"": 0.8, ""alpha_b"": 0.3, ""kappa_a"": 0.6400000000000001, ""kappa_b"": 0.24, ""n_per_group"": 200000.0}",0.8,0.3,0.6400000000000001,0.24,200000,absolute_error,0.0015900000000000358,synthetic,ALL,not_applicable,not_applicable
EXP-01,SYNTHETIC EXPERIMENT,1747,full,664a150484ed2af3,c76b97e8306f63ef,"{""alpha_a"": 0.8, ""alpha_b"": 0.35, ""kappa_a"": 0.6400000000000001, ""kappa_b"": 0.27999999999999997, ""n_per_group"": 200000.0}",0.8,0.35,0.6400000000000001,0.27999999999999997,200000,absolute_error,0.0007699999999999652,synthetic,ALL,not_applicable,not_applicable
EXP-01,SYNTHETIC EXPERIMENT,1747,full,664a150484ed2af3,de387c795811cf0f,"{""alpha_a"": 0.8, ""alpha_b"": 0.4, ""kappa_a"": 0.6400000000000001, ""kappa_b"": 0.32000000000000006, ""n_per_group"": 200000.0}",0.8,0.4,0.6400000000000001,0.32000000000000006,200000,absolute_error,0.0005200000000000204,synthetic,ALL,not_applicable,not_applicable
EXP-01,SYNTHETIC EXPERIMENT,1747,full,664a150484ed2af3,9b77dfbc189e232b,"{""alpha_a"": 0.8, ""alpha_b"": 0.45, ""kappa_a"": 0.6400000000000001, ""kappa_b"": 0.36000000000000004, ""n_per_group"": 200000.0}",0.8,0.45,0.6400000000000001,0.36000000000000004,200000,absolute_error,0.0011100000000001248,synthetic,ALL,not_applicable,not_applicable
EXP-01,SYNTHETIC EXPERIMENT,1747,full,664a150484ed2af3,4dfc43254ec4a6e8,"{""alpha_a"": 0.8, ""alpha_b"": 0.5, ""kappa_a"": 0.6400000000000001, ""kappa_b"": 0.4, ""n_per_group"": 200000.0}",0.8,0.5,0.6400000000000001,0.4,200000,absolute_error,0.0012100000000000166,synthetic,ALL,not_applicable,not_applicable
EXP-01,SYNTHETIC EXPERIMENT,1747,full,664a150484ed2af3,0a648ff7295000bf,"{""alpha_a"": 0.8, ""alpha_b"": 0.55, ""kappa_a"": 0.6400000000000001, ""kappa_b"": 0.44000000000000006, ""n_per_group"": 200000.0}",0.8,0.55,0.6400000000000001,0.44000000000000006,200000,absolute_error,0.0005400000000000682,synthetic,ALL,not_applicable,not_applicable
EXP-01,SYNTHETIC EXPERIMENT,1747,full,664a150484ed2af3,c4dc5c0a530c1b1b,"{""alpha_a"": 0.8, ""alpha_b"": 0.6, ""kappa_a"": 0.6400000000000001, ""kappa_b"": 0.48, ""n_per_group"": 200000.0}",0.8,0.6,0.6400000000000001,0.48,200000,absolute_error,0.0016450000000000006,synthetic,ALL,not_applicable,not_applicable
EXP-01,SYNTHETIC EXPERIMENT,1747,full,664a150484ed2af3,2ed7cbddc74538cd,"{""alpha_a"": 0.8, ""alpha_b"": 0.65, ""kappa_a"": 0.6400000000000001, ""kappa_b"": 0.52, ""n_per_group"": 200000.0}",0.8,0.65,0.6400000000000001,0.52,200000,absolute_error,0.0010549999999999102,synthetic,ALL,not_applicable,not_applicable
EXP-01,SYNTHETIC EXPERIMENT,1747,full,664a150484ed2af3,b457f6e1df0ab75b,"{""alpha_a"": 0.8, ""alpha_b"": 0.7, ""kappa_a"": 0.6400000000000001, ""kappa_b"": 0.5599999999999999, ""n_per_group"": 200000.0}",0.8,0.7,0.6400000000000001,0.5599999999999999,200000,absolute_error,0.0003150000000001034,synthetic,ALL,not_applicable,not_applicable
EXP-01,SYNTHETIC EXPERIMENT,1747,full,664a150484ed2af3,9062e32c7ea41a6e,"{""alpha_a"": 0.8, ""alpha_b"": 0.75, ""kappa_a"": 0.6400000000000001, ""kappa_b"": 0.6000000000000001, ""n_per_group"": 200000.0}",0.8,0.75,0.6400000000000001,0.6000000000000001,200000,absolute_error,0.0012999999999999696,synthetic,ALL,not_applicable,not_applicable
EXP-01,SYNTHETIC EXPERIMENT,1747,full,664a150484ed2af3,584ff44dc5b8503d,"{""alpha_a"": 0.8, ""alpha_b"": 0.8, ""kappa_a"": 0.6400000000000001, ""kappa_b"": 0.6400000000000001, ""n_per_group"": 200000.0}",0.8,0.8,0.6400000000000001,0.6400000000000001,200000,absolute_error,0.0016049999999999676,synthetic,ALL,not_applicable,not_applicable
EXP-01,SYNTHETIC EXPERIMENT,1747,full,664a150484ed2af3,3194a78f498b4839,"{""alpha_a"": 0.8, ""alpha_b"": 0.85, ""kappa_a"": 0.6400000000000001, ""kappa_b"": 0.68, ""n_per_group"": 200000.0}",0.8,0.85,0.6400000000000001,0.68,200000,absolute_error,0.0007850000000000044,synthetic,ALL,not_applicable,not_applicable
EXP-01,SYNTHETIC EXPERIMENT,1747,full,664a150484ed2af3,095e14182b8d996f,"{""alpha_a"": 0.8, ""alpha_b"": 0.9, ""kappa_a"": 0.6400000000000001, ""kappa_b"": 0.7200000000000001, ""n_per_group"": 200000.0}",0.8,0.9,0.6400000000000001,0.7200000000000001,200000,absolute_error,0.0015900000000000601,synthetic,ALL,not_applicable,not_applicable
EXP-01,SYNTHETIC EXPERIMENT,1747,full,664a150484ed2af3,3628b420734c06e1,"{""alpha_a"": 0.8, ""alpha_b"": 0.95, ""kappa_a"": 0.6400000000000001, ""kappa_b"": 0.76, ""n_per_group"": 200000.0}",0.8,0.95,0.6400000000000001,0.76,200000,absolute_error,0.00028999999999995,synthetic,ALL,not_applicable,not_applicable
EXP-01,SYNTHETIC EXPERIMENT,1747,full,664a150484ed2af3,a70b9b85ede5eca5,"{""alpha_a"": 0.8, ""alpha_b"": 1.0, ""kappa_a"": 0.6400000000000001, ""kappa_b"": 0.8, ""n_per_group"": 200000.0}",0.8,1.0,0.6400000000000001,0.8,200000,absolute_error,0.001945000000000023,synthetic,ALL,not_applicable,not_applicable
EXP-01,SYNTHETIC EXPERIMENT,1747,full,664a150484ed2af3,f9781a2b6bd219b5,"{""alpha_a"": 0.85, ""alpha_b"": 0.0, ""kappa_a"": 0.68, ""kappa_b"": 0.0, ""n_per_group"": 200000.0}",0.85,0.0,0.68,0.0,200000,absolute_error,0.0005449999999999899,synthetic,ALL,not_applicable,not_applicable
EXP-01,SYNTHETIC EXPERIMENT,1747,full,664a150484ed2af3,9e5a0860788419ba,"{""alpha_a"": 0.85, ""alpha_b"": 0.05, ""kappa_a"": 0.68, ""kappa_b"": 0.04000000000000001, ""n_per_group"": 200000.0}",0.85,0.05,0.68,0.04000000000000001,200000,absolute_error,0.0015249999999999153,synthetic,ALL,not_applicable,not_applicable
EXP-01,SYNTHETIC EXPERIMENT,1747,full,664a150484ed2af3,ced6c97278427a71,"{""alpha_a"": 0.85, ""alpha_b"": 0.1, ""kappa_a"": 0.68, ""kappa_b"": 0.08000000000000002, ""n_per_group"": 200000.0}",0.85,0.1,0.68,0.08000000000000002,200000,absolute_error,0.0015699999999999603,synthetic,ALL,not_applicable,not_applicable
EXP-01,SYNTHETIC EXPERIMENT,1747,full,664a150484ed2af3,02e538e0808d85b0,"{""alpha_a"": 0.85, ""alpha_b"": 0.15, ""kappa_a"": 0.68, ""kappa_b"": 0.12, ""n_per_group"": 200000.0}",0.85,0.15,0.68,0.12,200000,absolute_error,0.0005349999999999522,synthetic,ALL,not_applicable,not_applicable
EXP-01,SYNTHETIC EXPERIMENT,1747,full,664a150484ed2af3,e7d8eeb495b380f2,"{""alpha_a"": 0.85, ""alpha_b"": 0.2, ""kappa_a"": 0.68, ""kappa_b"": 0.16000000000000003, ""n_per_group"": 200000.0}",0.85,0.2,0.68,0.16000000000000003,200000,absolute_error,0.0009249999999999536,synthetic,ALL,not_applicable,not_applicable
EXP-01,SYNTHETIC EXPERIMENT,1747,full,664a150484ed2af3,556c5d02c8185afb,"{""alpha_a"": 0.85, ""alpha_b"": 0.25, ""kappa_a"": 0.68, ""kappa_b"": 0.2, ""n_per_group"": 200000.0}",0.85,0.25,0.68,0.2,200000,absolute_error,0.002370000000000011,synthetic,ALL,not_applicable,not_applicable
EXP-01,SYNTHETIC EXPERIMENT,1747,full,664a150484ed2af3,5647cd0abc42783f,"{""alpha_a"": 0.85, ""alpha_b"": 0.3, ""kappa_a"": 0.68, ""kappa_b"": 0.24, ""n_per_group"": 200000.0}",0.85,0.3,0.68,0.24,200000,absolute_error,0.00029500000000001747,synthetic,ALL,not_applicable,not_applicable
EXP-01,SYNTHETIC EXPERIMENT,1747,full,664a150484ed2af3,d5b6f367e33566b8,"{""alpha_a"": 0.85, ""alpha_b"": 0.35, ""kappa_a"": 0.68, ""kappa_b"": 0.27999999999999997, ""n_per_group"": 200000.0}",0.85,0.35,0.68,0.27999999999999997,200000,absolute_error,0.0004649999999999793,synthetic,ALL,not_applicable,not_applicable
EXP-01,SYNTHETIC EXPERIMENT,1747,full,664a150484ed2af3,161108514fcc9769,"{""alpha_a"": 0.85, ""alpha_b"": 0.4, ""kappa_a"": 0.68, ""kappa_b"": 0.32000000000000006, ""n_per_group"": 200000.0}",0.85,0.4,0.68,0.32000000000000006,200000,absolute_error,0.0008999999999999286,synthetic,ALL,not_applicable,not_applicable
EXP-01,SYNTHETIC EXPERIMENT,1747,full,664a150484ed2af3,8d74d363bf5e2d6c,"{""alpha_a"": 0.85, ""alpha_b"": 0.45, ""kappa_a"": 0.68, ""kappa_b"": 0.36000000000000004, ""n_per_group"": 200000.0}",0.85,0.45,0.68,0.36000000000000004,200000,absolute_error,0.00019000000000006512,synthetic,ALL,not_applicable,not_applicable
EXP-01,SYNTHETIC EXPERIMENT,1747,full,664a150484ed2af3,c8c1d9d14a4bcd8e,"{""alpha_a"": 0.85, ""alpha_b"": 0.5, ""kappa_a"": 0.68, ""kappa_b"": 0.4, ""n_per_group"": 200000.0}",0.85,0.5,0.68,0.4,200000,absolute_error,0.0014749999999999486,synthetic,ALL,not_applicable,not_applicable
EXP-01,SYNTHETIC EXPERIMENT,1747,full,664a150484ed2af3,de79e743a6136014,"{""alpha_a"": 0.85, ""alpha_b"": 0.55, ""kappa_a"": 0.68, ""kappa_b"": 0.44000000000000006, ""n_per_group"": 200000.0}",0.85,0.55,0.68,0.44000000000000006,200000,absolute_error,0.001585000000000003,synthetic,ALL,not_applicable,not_applicable
EXP-01,SYNTHETIC EXPERIMENT,1747,full,664a150484ed2af3,2138fa704af3ee05,"{""alpha_a"": 0.85, ""alpha_b"": 0.6, ""kappa_a"": 0.68, ""kappa_b"": 0.48, ""n_per_group"": 200000.0}",0.85,0.6,0.68,0.48,200000,absolute_error,0.0010300000000000031,synthetic,ALL,not_applicable,not_applicable
EXP-01,SYNTHETIC EXPERIMENT,1747,full,664a150484ed2af3,2149d67fc1a37171,"{""alpha_a"": 0.85, ""alpha_b"": 0.65, ""kappa_a"": 0.68, ""kappa_b"": 0.52, ""n_per_group"": 200000.0}",0.85,0.65,0.68,0.52,200000,absolute_error,0.0014050000000000729,synthetic,ALL,not_applicable,not_applicable
EXP-01,SYNTHETIC EXPERIMENT,1747,full,664a150484ed2af3,ced565f3156e4445,"{""alpha_a"": 0.85, ""alpha_b"": 0.7, ""kappa_a"": 0.68, ""kappa_b"": 0.5599999999999999, ""n_per_group"": 200000.0}",0.85,0.7,0.68,0.5599999999999999,200000,absolute_error,0.0002850000000000977,synthetic,ALL,not_applicable,not_applicable
EXP-01,SYNTHETIC EXPERIMENT,1747,full,664a150484ed2af3,c223f7771f5a85a4,"{""alpha_a"": 0.85, ""alpha_b"": 0.75, ""kappa_a"": 0.68, ""kappa_b"": 0.6000000000000001, ""n_per_group"": 200000.0}",0.85,0.75,0.68,0.6000000000000001,200000,absolute_error,0.0005449999999999865,synthetic,ALL,not_applicable,not_applicable
EXP-01,SYNTHETIC EXPERIMENT,1747,full,664a150484ed2af3,77116d09b80a6189,"{""alpha_a"": 0.85, ""alpha_b"": 0.8, ""kappa_a"": 0.68, ""kappa_b"": 0.6400000000000001, ""n_per_group"": 200000.0}",0.85,0.8,0.68,0.6400000000000001,200000,absolute_error,4.499999999999296e-05,synthetic,ALL,not_applicable,not_applicable
EXP-01,SYNTHETIC EXPERIMENT,1747,full,664a150484ed2af3,7081b639f8a5a0cd,"{""alpha_a"": 0.85, ""alpha_b"": 0.85, ""kappa_a"": 0.68, ""kappa_b"": 0.68, ""n_per_group"": 200000.0}",0.85,0.85,0.68,0.68,200000,absolute_error,0.00022999999999995246,synthetic,ALL,not_applicable,not_applicable
EXP-01,SYNTHETIC EXPERIMENT,1747,full,664a150484ed2af3,d3fd05953a9005bb,"{""alpha_a"": 0.85, ""alpha_b"": 0.9, ""kappa_a"": 0.68, ""kappa_b"": 0.7200000000000001, ""n_per_group"": 200000.0}",0.85,0.9,0.68,0.7200000000000001,200000,absolute_error,0.0011799999999999606,synthetic,ALL,not_applicable,not_applicable
EXP-01,SYNTHETIC EXPERIMENT,1747,full,664a150484ed2af3,30d64a54cd197906,"{""alpha_a"": 0.85, ""alpha_b"": 0.95, ""kappa_a"": 0.68, ""kappa_b"": 0.76, ""n_per_group"": 200000.0}",0.85,0.95,0.68,0.76,200000,absolute_error,0.0009650000000000249,synthetic,ALL,not_applicable,not_applicable
EXP-01,SYNTHETIC EXPERIMENT,1747,full,664a150484ed2af3,1ef620acc56e345b,"{""alpha_a"": 0.85, ""alpha_b"": 1.0, ""kappa_a"": 0.68, ""kappa_b"": 0.8, ""n_per_group"": 200000.0}",0.85,1.0,0.68,0.8,200000,absolute_error,4.9999999999911227e-05,synthetic,ALL,not_applicable,not_applicable
EXP-01,SYNTHETIC EXPERIMENT,1747,full,664a150484ed2af3,ab1f1dff446f9627,"{""alpha_a"": 0.9, ""alpha_b"": 0.0, ""kappa_a"": 0.7200000000000001, ""kappa_b"": 0.0, ""n_per_group"": 200000.0}",0.9,0.0,0.7200000000000001,0.0,200000,absolute_error,0.0010199999999999376,synthetic,ALL,not_applicable,not_applicable
EXP-01,SYNTHETIC EXPERIMENT,1747,full,664a150484ed2af3,f8909135871d2e9f,"{""alpha_a"": 0.9, ""alpha_b"": 0.05, ""kappa_a"": 0.7200000000000001, ""kappa_b"": 0.04000000000000001, ""n_per_group"": 200000.0}",0.9,0.05,0.7200000000000001,0.04000000000000001,200000,absolute_error,0.0010950000000000404,synthetic,ALL,not_applicable,not_applicable
EXP-01,SYNTHETIC EXPERIMENT,1747,full,664a150484ed2af3,eb1709a63184fd7e,"{""alpha_a"": 0.9, ""alpha_b"": 0.1, ""kappa_a"": 0.7200000000000001, ""kappa_b"": 0.08000000000000002, ""n_per_group"": 200000.0}",0.9,0.1,0.7200000000000001,0.08000000000000002,200000,absolute_error,0.00037999999999993594,synthetic,ALL,not_applicable,not_applicable
EXP-01,SYNTHETIC EXPERIMENT,1747,full,664a150484ed2af3,d533a31aae3537b4,"{""alpha_a"": 0.9, ""alpha_b"": 0.15, ""kappa_a"": 0.7200000000000001, ""kappa_b"": 0.12, ""n_per_group"": 200000.0}",0.9,0.15,0.7200000000000001,0.12,200000,absolute_error,0.0018200000000001548,synthetic,ALL,not_applicable,not_applicable
EXP-01,SYNTHETIC EXPERIMENT,1747,full,664a150484ed2af3,53a45e8cae2a157a,"{""alpha_a"": 0.9, ""alpha_b"": 0.2, ""kappa_a"": 0.7200000000000001, ""kappa_b"": 0.16000000000000003, ""n_per_group"": 200000.0}",0.9,0.2,0.7200000000000001,0.16000000000000003,200000,absolute_error,7.499999999993623e-05,synthetic,ALL,not_applicable,not_applicable
EXP-01,SYNTHETIC EXPERIMENT,1747,full,664a150484ed2af3,75918e91d47967ba,"{""alpha_a"": 0.9, ""alpha_b"": 0.25, ""kappa_a"": 0.7200000000000001, ""kappa_b"": 0.2, ""n_per_group"": 200000.0}",0.9,0.25,0.7200000000000001,0.2,200000,absolute_error,0.0015499999999999403,synthetic,ALL,not_applicable,not_applicable
EXP-01,SYNTHETIC EXPERIMENT,1747,full,664a150484ed2af3,c0971c588524ff57,"{""alpha_a"": 0.9, ""alpha_b"": 0.3, ""kappa_a"": 0.7200000000000001, ""kappa_b"": 0.24, ""n_per_group"": 200000.0}",0.9,0.3,0.7200000000000001,0.24,200000,absolute_error,0.0009199999999999486,synthetic,ALL,not_applicable,not_applicable
EXP-01,SYNTHETIC EXPERIMENT,1747,full,664a150484ed2af3,3cd13a28a5fda48d,"{""alpha_a"": 0.9, ""alpha_b"": 0.35, ""kappa_a"": 0.7200000000000001, ""kappa_b"": 0.27999999999999997, ""n_per_group"": 200000.0}",0.9,0.35,0.7200000000000001,0.27999999999999997,200000,absolute_error,0.0007199999999999984,synthetic,ALL,not_applicable,not_applicable
EXP-01,SYNTHETIC EXPERIMENT,1747,full,664a150484ed2af3,dd85b0e934f15d7c,"{""alpha_a"": 0.9, ""alpha_b"": 0.4, ""kappa_a"": 0.7200000000000001, ""kappa_b"": 0.32000000000000006, ""n_per_group"": 200000.0}",0.9,0.4,0.7200000000000001,0.32000000000000006,200000,absolute_error,0.000495000000000051,synthetic,ALL,not_applicable,not_applicable
EXP-01,SYNTHETIC EXPERIMENT,1747,full,664a150484ed2af3,0b952c1ec6a147ae,"{""alpha_a"": 0.9, ""alpha_b"": 0.45, ""kappa_a"": 0.7200000000000001, ""kappa_b"": 0.36000000000000004, ""n_per_group"": 200000.0}",0.9,0.45,0.7200000000000001,0.36000000000000004,200000,absolute_error,0.0018599999999999312,synthetic,ALL,not_applicable,not_applicable
EXP-01,SYNTHETIC EXPERIMENT,1747,full,664a150484ed2af3,54882e037f434319,"{""alpha_a"": 0.9, ""alpha_b"": 0.5, ""kappa_a"": 0.7200000000000001, ""kappa_b"": 0.4, ""n_per_group"": 200000.0}",0.9,0.5,0.7200000000000001,0.4,200000,absolute_error,0.0007649999999999602,synthetic,ALL,not_applicable,not_applicable
EXP-01,SYNTHETIC EXPERIMENT,1747,full,664a150484ed2af3,948cf8fc38ae3d9d,"{""alpha_a"": 0.9, ""alpha_b"": 0.55, ""kappa_a"": 0.7200000000000001, ""kappa_b"": 0.44000000000000006, ""n_per_group"": 200000.0}",0.9,0.55,0.7200000000000001,0.44000000000000006,200000,absolute_error,0.0005400000000000404,synthetic,ALL,not_applicable,not_applicable
EXP-01,SYNTHETIC EXPERIMENT,1747,full,664a150484ed2af3,40275bd2cc1519fd,"{""alpha_a"": 0.9, ""alpha_b"": 0.6, ""kappa_a"": 0.7200000000000001, ""kappa_b"": 0.48, ""n_per_group"": 200000.0}",0.9,0.6,0.7200000000000001,0.48,200000,absolute_error,0.0011450000000000349,synthetic,ALL,not_applicable,not_applicable
EXP-01,SYNTHETIC EXPERIMENT,1747,full,664a150484ed2af3,5378e279713aaddc,"{""alpha_a"": 0.9, ""alpha_b"": 0.65, ""kappa_a"": 0.7200000000000001, ""kappa_b"": 0.52, ""n_per_group"": 200000.0}",0.9,0.65,0.7200000000000001,0.52,200000,absolute_error,0.0008150000000000934,synthetic,ALL,not_applicable,not_applicable
EXP-01,SYNTHETIC EXPERIMENT,1747,full,664a150484ed2af3,8c7fa91d5dca1824,"{""alpha_a"": 0.9, ""alpha_b"": 0.7, ""kappa_a"": 0.7200000000000001, ""kappa_b"": 0.5599999999999999, ""n_per_group"": 200000.0}",0.9,0.7,0.7200000000000001,0.5599999999999999,200000,absolute_error,0.001475000000000011,synthetic,ALL,not_applicable,not_applicable
EXP-01,SYNTHETIC EXPERIMENT,1747,full,664a150484ed2af3,3bab2ab0f8f8a95d,"{""alpha_a"": 0.9, ""alpha_b"": 0.75, ""kappa_a"": 0.7200000000000001, ""kappa_b"": 0.6000000000000001, ""n_per_group"": 200000.0}",0.9,0.75,0.7200000000000001,0.6000000000000001,200000,absolute_error,0.000495000000000051,synthetic,ALL,not_applicable,not_applicable
EXP-01,SYNTHETIC EXPERIMENT,1747,full,664a150484ed2af3,3daa5281577cd02a,"{""alpha_a"": 0.9, ""alpha_b"": 0.8, ""kappa_a"": 0.7200000000000001, ""kappa_b"": 0.6400000000000001, ""n_per_group"": 200000.0}",0.9,0.8,0.7200000000000001,0.6400000000000001,200000,absolute_error,0.0007000000000000027,synthetic,ALL,not_applicable,not_applicable
EXP-01,SYNTHETIC EXPERIMENT,1747,full,664a150484ed2af3,b2b00c3251d6757d,"{""alpha_a"": 0.9, ""alpha_b"": 0.85, ""kappa_a"": 0.7200000000000001, ""kappa_b"": 0.68, ""n_per_group"": 200000.0}",0.9,0.85,0.7200000000000001,0.68,200000,absolute_error,0.0007500000000000302,synthetic,ALL,not_applicable,not_applicable
EXP-01,SYNTHETIC EXPERIMENT,1747,full,664a150484ed2af3,6291f556f7b17059,"{""alpha_a"": 0.9, ""alpha_b"": 0.9, ""kappa_a"": 0.7200000000000001, ""kappa_b"": 0.7200000000000001, ""n_per_group"": 200000.0}",0.9,0.9,0.7200000000000001,0.7200000000000001,200000,absolute_error,0.0002849999999999797,synthetic,ALL,not_applicable,not_applicable
EXP-01,SYNTHETIC EXPERIMENT,1747,full,664a150484ed2af3,11168fee5bf988f4,"{""alpha_a"": 0.9, ""alpha_b"": 0.95, ""kappa_a"": 0.7200000000000001, ""kappa_b"": 0.76, ""n_per_group"": 200000.0}",0.9,0.95,0.7200000000000001,0.76,200000,absolute_error,0.0008349999999999989,synthetic,ALL,not_applicable,not_applicable
EXP-01,SYNTHETIC EXPERIMENT,1747,full,664a150484ed2af3,b274530cc3910995,"{""alpha_a"": 0.9, ""alpha_b"": 1.0, ""kappa_a"": 0.7200000000000001, ""kappa_b"": 0.8, ""n_per_group"": 200000.0}",0.9,1.0,0.7200000000000001,0.8,200000,absolute_error,0.002514999999999965,synthetic,ALL,not_applicable,not_applicable
EXP-01,SYNTHETIC EXPERIMENT,1747,full,664a150484ed2af3,5633c9ce84ae305e,"{""alpha_a"": 0.95, ""alpha_b"": 0.0, ""kappa_a"": 0.76, ""kappa_b"": 0.0, ""n_per_group"": 200000.0}",0.95,0.0,0.76,0.0,200000,absolute_error,4.500000000001725e-05,synthetic,ALL,not_applicable,not_applicable
EXP-01,SYNTHETIC EXPERIMENT,1747,full,664a150484ed2af3,87d9eae7355be919,"{""alpha_a"": 0.95, ""alpha_b"": 0.05, ""kappa_a"": 0.76, ""kappa_b"": 0.04000000000000001, ""n_per_group"": 200000.0}",0.95,0.05,0.76,0.04000000000000001,200000,absolute_error,0.0005400000000000404,synthetic,ALL,not_applicable,not_applicable
EXP-01,SYNTHETIC EXPERIMENT,1747,full,664a150484ed2af3,14a47a958260d942,"{""alpha_a"": 0.95, ""alpha_b"": 0.1, ""kappa_a"": 0.76, ""kappa_b"": 0.08000000000000002, ""n_per_group"": 200000.0}",0.95,0.1,0.76,0.08000000000000002,200000,absolute_error,0.00047999999999998044,synthetic,ALL,not_applicable,not_applicable
EXP-01,SYNTHETIC EXPERIMENT,1747,full,664a150484ed2af3,b156e709015040b8,"{""alpha_a"": 0.95, ""alpha_b"": 0.15, ""kappa_a"": 0.76, ""kappa_b"": 0.12, ""n_per_group"": 200000.0}",0.95,0.15,0.76,0.12,200000,absolute_error,0.00030499999999997196,synthetic,ALL,not_applicable,not_applicable
EXP-01,SYNTHETIC EXPERIMENT,1747,full,664a150484ed2af3,cc2dec4fa21443ee,"{""alpha_a"": 0.95, ""alpha_b"": 0.2, ""kappa_a"": 0.76, ""kappa_b"": 0.16000000000000003, ""n_per_group"": 200000.0}",0.95,0.2,0.76,0.16000000000000003,200000,absolute_error,0.0003000000000000502,synthetic,ALL,not_applicable,not_applicable
EXP-01,SYNTHETIC EXPERIMENT,1747,full,664a150484ed2af3,8ff05077826224c4,"{""alpha_a"": 0.95, ""alpha_b"": 0.25, ""kappa_a"": 0.76, ""kappa_b"": 0.2, ""n_per_group"": 200000.0}",0.95,0.25,0.76,0.2,200000,absolute_error,0.0005199999999998539,synthetic,ALL,not_applicable,not_applicable
EXP-01,SYNTHETIC EXPERIMENT,1747,full,664a150484ed2af3,2dd6d771e826206c,"{""alpha_a"": 0.95, ""alpha_b"": 0.3, ""kappa_a"": 0.76, ""kappa_b"": 0.24, ""n_per_group"": 200000.0}",0.95,0.3,0.76,0.24,200000,absolute_error,0.0020150000000001,synthetic,ALL,not_applicable,not_applicable
EXP-01,SYNTHETIC EXPERIMENT,1747,full,664a150484ed2af3,ce77a76dc99a21ea,"{""alpha_a"": 0.95, ""alpha_b"": 0.35, ""kappa_a"": 0.76, ""kappa_b"": 0.27999999999999997, ""n_per_group"": 200000.0}",0.95,0.35,0.76,0.27999999999999997,200000,absolute_error,0.0004699999999999427,synthetic,ALL,not_applicable,not_applicable
EXP-01,SYNTHETIC EXPERIMENT,1747,full,664a150484ed2af3,52da6160cf2de3c4,"{""alpha_a"": 0.95, ""alpha_b"": 0.4, ""kappa_a"": 0.76, ""kappa_b"": 0.32000000000000006, ""n_per_group"": 200000.0}",0.95,0.4,0.76,0.32000000000000006,200000,absolute_error,0.0010550000000000281,synthetic,ALL,not_applicable,not_applicable
EXP-01,SYNTHETIC EXPERIMENT,1747,full,664a150484ed2af3,ee2d4704f4ff1cd7,"{""alpha_a"": 0.95, ""alpha_b"": 0.45, ""kappa_a"": 0.76, ""kappa_b"": 0.36000000000000004, ""n_per_group"": 200000.0}",0.95,0.45,0.76,0.36000000000000004,200000,absolute_error,0.0021850000000000064,synthetic,ALL,not_applicable,not_applicable
EXP-01,SYNTHETIC EXPERIMENT,1747,full,664a150484ed2af3,7b51dc8a6ce67673,"{""alpha_a"": 0.95, ""alpha_b"": 0.5, ""kappa_a"": 0.76, ""kappa_b"": 0.4, ""n_per_group"": 200000.0}",0.95,0.5,0.76,0.4,200000,absolute_error,0.0010050000000000614,synthetic,ALL,not_applicable,not_applicable
EXP-01,SYNTHETIC EXPERIMENT,1747,full,664a150484ed2af3,343cce933bb0a64e,"{""alpha_a"": 0.95, ""alpha_b"": 0.55, ""kappa_a"": 0.76, ""kappa_b"": 0.44000000000000006, ""n_per_group"": 200000.0}",0.95,0.55,0.76,0.44000000000000006,200000,absolute_error,2.5000000000025002e-05,synthetic,ALL,not_applicable,not_applicable
EXP-01,SYNTHETIC EXPERIMENT,1747,full,664a150484ed2af3,658610aeb2a013a1,"{""alpha_a"": 0.95, ""alpha_b"": 0.6, ""kappa_a"": 0.76, ""kappa_b"": 0.48, ""n_per_group"": 200000.0}",0.95,0.6,0.76,0.48,200000,absolute_error,1.999999999996449e-05,synthetic,ALL,not_applicable,not_applicable
EXP-01,SYNTHETIC EXPERIMENT,1747,full,664a150484ed2af3,951bda2798672300,"{""alpha_a"": 0.95, ""alpha_b"": 0.65, ""kappa_a"": 0.76, ""kappa_b"": 0.52, ""n_per_group"": 200000.0}",0.95,0.65,0.76,0.52,200000,absolute_error,0.001324999999999965,synthetic,ALL,not_applicable,not_applicable
EXP-01,SYNTHETIC EXPERIMENT,1747,full,664a150484ed2af3,11b8343c419f08cb,"{""alpha_a"": 0.95, ""alpha_b"": 0.7, ""kappa_a"": 0.76, ""kappa_b"": 0.5599999999999999, ""n_per_group"": 200000.0}",0.95,0.7,0.76,0.5599999999999999,200000,absolute_error,0.0007050000000000389,synthetic,ALL,not_applicable,not_applicable
EXP-01,SYNTHETIC EXPERIMENT,1747,full,664a150484ed2af3,2dc2c06025d58f87,"{""alpha_a"": 0.95, ""alpha_b"": 0.75, ""kappa_a"": 0.76, ""kappa_b"": 0.6000000000000001, ""n_per_group"": 200000.0}",0.95,0.75,0.76,0.6000000000000001,200000,absolute_error,0.0009550000000001016,synthetic,ALL,not_applicable,not_applicable
EXP-01,SYNTHETIC EXPERIMENT,1747,full,664a150484ed2af3,29e3d6f7e7ccee2c,"{""alpha_a"": 0.95, ""alpha_b"": 0.8, ""kappa_a"": 0.76, ""kappa_b"": 0.6400000000000001, ""n_per_group"": 200000.0}",0.95,0.8,0.76,0.6400000000000001,200000,absolute_error,0.00018000000000002042,synthetic,ALL,not_applicable,not_applicable
EXP-01,SYNTHETIC EXPERIMENT,1747,full,664a150484ed2af3,1f172d7a007e431d,"{""alpha_a"": 0.95, ""alpha_b"": 0.85, ""kappa_a"": 0.76, ""kappa_b"": 0.68, ""n_per_group"": 200000.0}",0.95,0.85,0.76,0.68,200000,absolute_error,0.00012999999999993225,synthetic,ALL,not_applicable,not_applicable
EXP-01,SYNTHETIC EXPERIMENT,1747,full,664a150484ed2af3,1039b38374920886,"{""alpha_a"": 0.95, ""alpha_b"": 0.9, ""kappa_a"": 0.76, ""kappa_b"": 0.7200000000000001, ""n_per_group"": 200000.0}",0.95,0.9,0.76,0.7200000000000001,200000,absolute_error,0.0004249999999999775,synthetic,ALL,not_applicable,not_applicable
EXP-01,SYNTHETIC EXPERIMENT,1747,full,664a150484ed2af3,35e289ecf7055aad,"{""alpha_a"": 0.95, ""alpha_b"": 0.95, ""kappa_a"": 0.76, ""kappa_b"": 0.76, ""n_per_group"": 200000.0}",0.95,0.95,0.76,0.76,200000,absolute_error,0.0009649999999999936,synthetic,ALL,not_applicable,not_applicable
EXP-01,SYNTHETIC EXPERIMENT,1747,full,664a150484ed2af3,7714a258a40341b3,"{""alpha_a"": 0.95, ""alpha_b"": 1.0, ""kappa_a"": 0.76, ""kappa_b"": 0.8, ""n_per_group"": 200000.0}",0.95,1.0,0.76,0.8,200000,absolute_error,9.000000000003623e-05,synthetic,ALL,not_applicable,not_applicable
EXP-01,SYNTHETIC EXPERIMENT,1747,full,664a150484ed2af3,66d972889c47415f,"{""alpha_a"": 1.0, ""alpha_b"": 0.0, ""kappa_a"": 0.8, ""kappa_b"": 0.0, ""n_per_group"": 200000.0}",1.0,0.0,0.8,0.0,200000,absolute_error,0.001565000000000094,synthetic,ALL,not_applicable,not_applicable
EXP-01,SYNTHETIC EXPERIMENT,1747,full,664a150484ed2af3,a79c80755cbc8c27,"{""alpha_a"": 1.0, ""alpha_b"": 0.05, ""kappa_a"": 0.8, ""kappa_b"": 0.04000000000000001, ""n_per_group"": 200000.0}",1.0,0.05,0.8,0.04000000000000001,200000,absolute_error,0.0013400000000000634,synthetic,ALL,not_applicable,not_applicable
EXP-01,SYNTHETIC EXPERIMENT,1747,full,664a150484ed2af3,a49454091edc07ae,"{""alpha_a"": 1.0, ""alpha_b"": 0.1, ""kappa_a"": 0.8, ""kappa_b"": 0.08000000000000002, ""n_per_group"": 200000.0}",1.0,0.1,0.8,0.08000000000000002,200000,absolute_error,0.0006749999999999257,synthetic,ALL,not_applicable,not_applicable
EXP-01,SYNTHETIC EXPERIMENT,1747,full,664a150484ed2af3,cc481bb19a6b0b5a,"{""alpha_a"": 1.0, ""alpha_b"": 0.15, ""kappa_a"": 0.8, ""kappa_b"": 0.12, ""n_per_group"": 200000.0}",1.0,0.15,0.8,0.12,200000,absolute_error,0.00035500000000002196,synthetic,ALL,not_applicable,not_applicable
EXP-01,SYNTHETIC EXPERIMENT,1747,full,664a150484ed2af3,fc813012b4b7092e,"{""alpha_a"": 1.0, ""alpha_b"": 0.2, ""kappa_a"": 0.8, ""kappa_b"": 0.16000000000000003, ""n_per_group"": 200000.0}",1.0,0.2,0.8,0.16000000000000003,200000,absolute_error,0.0005449999999999344,synthetic,ALL,not_applicable,not_applicable
EXP-01,SYNTHETIC EXPERIMENT,1747,full,664a150484ed2af3,80e9c6fbe0f19991,"{""alpha_a"": 1.0, ""alpha_b"": 0.25, ""kappa_a"": 0.8, ""kappa_b"": 0.2, ""n_per_group"": 200000.0}",1.0,0.25,0.8,0.2,200000,absolute_error,0.00014499999999995072,synthetic,ALL,not_applicable,not_applicable
EXP-01,SYNTHETIC EXPERIMENT,1747,full,664a150484ed2af3,52aa40ec77179569,"{""alpha_a"": 1.0, ""alpha_b"": 0.3, ""kappa_a"": 0.8, ""kappa_b"": 0.24, ""n_per_group"": 200000.0}",1.0,0.3,0.8,0.24,200000,absolute_error,0.0006500000000000394,synthetic,ALL,not_applicable,not_applicable
EXP-01,SYNTHETIC EXPERIMENT,1747,full,664a150484ed2af3,0d10be1ecbb2d950,"{""alpha_a"": 1.0, ""alpha_b"": 0.35, ""kappa_a"": 0.8, ""kappa_b"": 0.27999999999999997, ""n_per_group"": 200000.0}",1.0,0.35,0.8,0.27999999999999997,200000,absolute_error,0.00195500000000004,synthetic,ALL,not_applicable,not_applicable
EXP-01,SYNTHETIC EXPERIMENT,1747,full,664a150484ed2af3,8c1caf3d867f4d4f,"{""alpha_a"": 1.0, ""alpha_b"": 0.4, ""kappa_a"": 0.8, ""kappa_b"": 0.32000000000000006, ""n_per_group"": 200000.0}",1.0,0.4,0.8,0.32000000000000006,200000,absolute_error,0.0006549999999999612,synthetic,ALL,not_applicable,not_applicable
EXP-01,SYNTHETIC EXPERIMENT,1747,full,664a150484ed2af3,e94e5c7b51f82ad1,"{""alpha_a"": 1.0, ""alpha_b"": 0.45, ""kappa_a"": 0.8, ""kappa_b"": 0.36000000000000004, ""n_per_group"": 200000.0}",1.0,0.45,0.8,0.36000000000000004,200000,absolute_error,0.0008850000000000524,synthetic,ALL,not_applicable,not_applicable
EXP-01,SYNTHETIC EXPERIMENT,1747,full,664a150484ed2af3,b85d6f9bfbdb7274,"{""alpha_a"": 1.0, ""alpha_b"": 0.5, ""kappa_a"": 0.8, ""kappa_b"": 0.4, ""n_per_group"": 200000.0}",1.0,0.5,0.8,0.4,200000,absolute_error,2.0000000000047757e-05,synthetic,ALL,not_applicable,not_applicable
EXP-01,SYNTHETIC EXPERIMENT,1747,full,664a150484ed2af3,87186b121909ae7d,"{""alpha_a"": 1.0, ""alpha_b"": 0.55, ""kappa_a"": 0.8, ""kappa_b"": 0.44000000000000006, ""n_per_group"": 200000.0}",1.0,0.55,0.8,0.44000000000000006,200000,absolute_error,0.0007950000000000179,synthetic,ALL,not_applicable,not_applicable
EXP-01,SYNTHETIC EXPERIMENT,1747,full,664a150484ed2af3,6d7f419530a493fb,"{""alpha_a"": 1.0, ""alpha_b"": 0.6, ""kappa_a"": 0.8, ""kappa_b"": 0.48, ""n_per_group"": 200000.0}",1.0,0.6,0.8,0.48,200000,absolute_error,0.0005199999999999094,synthetic,ALL,not_applicable,not_applicable
EXP-01,SYNTHETIC EXPERIMENT,1747,full,664a150484ed2af3,aa98dcb952c92d8b,"{""alpha_a"": 1.0, ""alpha_b"": 0.65, ""kappa_a"": 0.8, ""kappa_b"": 0.52, ""n_per_group"": 200000.0}",1.0,0.65,0.8,0.52,200000,absolute_error,0.0018799999999999373,synthetic,ALL,not_applicable,not_applicable
EXP-01,SYNTHETIC EXPERIMENT,1747,full,664a150484ed2af3,dfadfc5954bc9544,"{""alpha_a"": 1.0, ""alpha_b"": 0.7, ""kappa_a"": 0.8, ""kappa_b"": 0.5599999999999999, ""n_per_group"": 200000.0}",1.0,0.7,0.8,0.5599999999999999,200000,absolute_error,0.0013700000000000656,synthetic,ALL,not_applicable,not_applicable
EXP-01,SYNTHETIC EXPERIMENT,1747,full,664a150484ed2af3,ab199ab5679d0861,"{""alpha_a"": 1.0, ""alpha_b"": 0.75, ""kappa_a"": 0.8, ""kappa_b"": 0.6000000000000001, ""n_per_group"": 200000.0}",1.0,0.75,0.8,0.6000000000000001,200000,absolute_error,0.0005900000000000349,synthetic,ALL,not_applicable,not_applicable
EXP-01,SYNTHETIC EXPERIMENT,1747,full,664a150484ed2af3,5973fabcadefed44,"{""alpha_a"": 1.0, ""alpha_b"": 0.8, ""kappa_a"": 0.8, ""kappa_b"": 0.6400000000000001, ""n_per_group"": 200000.0}",1.0,0.8,0.8,0.6400000000000001,200000,absolute_error,0.0009899999999999978,synthetic,ALL,not_applicable,not_applicable
EXP-01,SYNTHETIC EXPERIMENT,1747,full,664a150484ed2af3,1af21e3107bce179,"{""alpha_a"": 1.0, ""alpha_b"": 0.85, ""kappa_a"": 0.8, ""kappa_b"": 0.68, ""n_per_group"": 200000.0}",1.0,0.85,0.8,0.68,200000,absolute_error,0.00011000000000008225,synthetic,ALL,not_applicable,not_applicable
EXP-01,SYNTHETIC EXPERIMENT,1747,full,664a150484ed2af3,5ff3a7d612399c5f,"{""alpha_a"": 1.0, ""alpha_b"": 0.9, ""kappa_a"": 0.8, ""kappa_b"": 0.7200000000000001, ""n_per_group"": 200000.0}",1.0,0.9,0.8,0.7200000000000001,200000,absolute_error,0.0008700000000000686,synthetic,ALL,not_applicable,not_applicable
EXP-01,SYNTHETIC EXPERIMENT,1747,full,664a150484ed2af3,0099810ce775e549,"{""alpha_a"": 1.0, ""alpha_b"": 0.95, ""kappa_a"": 0.8, ""kappa_b"": 0.76, ""n_per_group"": 200000.0}",1.0,0.95,0.8,0.76,200000,absolute_error,4.000000000004174e-05,synthetic,ALL,not_applicable,not_applicable
EXP-01,SYNTHETIC EXPERIMENT,1747,full,664a150484ed2af3,2450bd4c8c541d36,"{""alpha_a"": 1.0, ""alpha_b"": 1.0, ""kappa_a"": 0.8, ""kappa_b"": 0.8, ""n_per_group"": 200000.0}",1.0,1.0,0.8,0.8,200000,absolute_error,0.0007650000000000157,synthetic,ALL,not_applicable,not_applicable
