experiment_id,experiment_type,seed,configuration,config_hash,parameter_key,parameter_json,alpha_a,alpha_b,kappa_a,kappa_b,n_per_group,metric,value,dataset,group,model,method
EXP-01,SYNTHETIC EXPERIMENT,1729,full,664a150484ed2af3,d677c370f64041a5,"{""alpha_a"": 0.0, ""alpha_b"": 0.0, ""kappa_a"": 0.0, ""kappa_b"": 0.0, ""n_per_group"": 200000.0}",0.0,0.0,0.0,0.0,200000,theoretical_value,0.0,synthetic,ALL,not_applicable,not_applicable
EXP-01,SYNTHETIC EXPERIMENT,1729,full,664a150484ed2af3,ee15a83f63fdf3a4,"{""alpha_a"": 0.0, ""alpha_b"": 0.05, ""kappa_a"": 0.0, ""kappa_b"": 0.04000000000000001, ""n_per_group"": 200000.0}",0.0,0.05,0.0,0.04000000000000001,200000,theoretical_value,0.012000000000000004,synthetic,ALL,not_applicable,not_applicable
EXP-01,SYNTHETIC EXPERIMENT,1729,full,664a150484ed2af3,9f213ad987e10721,"{""alpha_a"": 0.0, ""alpha_b"": 0.1, ""kappa_a"": 0.0, ""kappa_b"": 0.08000000000000002, ""n_per_group"": 200000.0}",0.0,0.1,0.0,0.08000000000000002,200000,theoretical_value,0.024000000000000007,synthetic,ALL,not_applicable,not_applicable
EXP-01,SYNTHETIC EXPERIMENT,1729,full,664a150484ed2af3,a50ea05cc3632546,"{""alpha_a"": 0.0, ""alpha_b"": 0.15, ""kappa_a"": 0.0, ""kappa_b"": 0.12, ""n_per_group"": 200000.0}",0.0,0.15,0.0,0.12,200000,theoretical_value,0.036000000000000004,synthetic,ALL,not_applicable,not_applicable
EXP-01,SYNTHETIC EXPERIMENT,1729,full,664a150484ed2af3,cb7d140ab1af89e3,"{""alpha_a"": 0.0, ""alpha_b"": 0.2, ""kappa_a"": 0.0, ""kappa_b"": 0.16000000000000003, ""n_per_group"": 200000.0}",0.0,0.2,0.0,0.16000000000000003,200000,theoretical_value,0.048000000000000015,synthetic,ALL,not_applicable,not_applicable
EXP-01,SYNTHETIC EXPERIMENT,1729,full,664a150484ed2af3,07a82f8c8509babe,"{""alpha_a"": 0.0, ""alpha_b"": 0.25, ""kappa_a"": 0.0, ""kappa_b"": 0.2, ""n_per_group"": 200000.0}",0.0,0.25,0.0,0.2,200000,theoretical_value,0.06000000000000001,synthetic,ALL,not_applicable,not_applicable
EXP-01,SYNTHETIC EXPERIMENT,1729,full,664a150484ed2af3,c7201cceb6eba04e,"{""alpha_a"": 0.0, ""alpha_b"": 0.3, ""kappa_a"": 0.0, ""kappa_b"": 0.24, ""n_per_group"": 200000.0}",0.0,0.3,0.0,0.24,200000,theoretical_value,0.07200000000000001,synthetic,ALL,not_applicable,not_applicable
EXP-01,SYNTHETIC EXPERIMENT,1729,full,664a150484ed2af3,2d0c1d2bc4d99071,"{""alpha_a"": 0.0, ""alpha_b"": 0.35, ""kappa_a"": 0.0, ""kappa_b"": 0.27999999999999997, ""n_per_group"": 200000.0}",0.0,0.35,0.0,0.27999999999999997,200000,theoretical_value,0.084,synthetic,ALL,not_applicable,not_applicable
EXP-01,SYNTHETIC EXPERIMENT,1729,full,664a150484ed2af3,94e82436bcbea66c,"{""alpha_a"": 0.0, ""alpha_b"": 0.4, ""kappa_a"": 0.0, ""kappa_b"": 0.32000000000000006, ""n_per_group"": 200000.0}",0.0,0.4,0.0,0.32000000000000006,200000,theoretical_value,0.09600000000000003,synthetic,ALL,not_applicable,not_applicable
EXP-01,SYNTHETIC EXPERIMENT,1729,full,664a150484ed2af3,7a738e25c58974de,"{""alpha_a"": 0.0, ""alpha_b"": 0.45, ""kappa_a"": 0.0, ""kappa_b"": 0.36000000000000004, ""n_per_group"": 200000.0}",0.0,0.45,0.0,0.36000000000000004,200000,theoretical_value,0.10800000000000003,synthetic,ALL,not_applicable,not_applicable
EXP-01,SYNTHETIC EXPERIMENT,1729,full,664a150484ed2af3,9be7822385526acd,"{""alpha_a"": 0.0, ""alpha_b"": 0.5, ""kappa_a"": 0.0, ""kappa_b"": 0.4, ""n_per_group"": 200000.0}",0.0,0.5,0.0,0.4,200000,theoretical_value,0.12000000000000002,synthetic,ALL,not_applicable,not_applicable
EXP-01,SYNTHETIC EXPERIMENT,1729,full,664a150484ed2af3,d187a1a86360d4a1,"{""alpha_a"": 0.0, ""alpha_b"": 0.55, ""kappa_a"": 0.0, ""kappa_b"": 0.44000000000000006, ""n_per_group"": 200000.0}",0.0,0.55,0.0,0.44000000000000006,200000,theoretical_value,0.13200000000000003,synthetic,ALL,not_applicable,not_applicable
EXP-01,SYNTHETIC EXPERIMENT,1729,full,664a150484ed2af3,f099a38496da6d21,"{""alpha_a"": 0.0, ""alpha_b"": 0.6, ""kappa_a"": 0.0, ""kappa_b"": 0.48, ""n_per_group"": 200000.0}",0.0,0.6,0.0,0.48,200000,theoretical_value,0.14400000000000002,synthetic,ALL,not_applicable,not_applicable
EXP-01,SYNTHETIC EXPERIMENT,1729,full,664a150484ed2af3,6425c81b89dd6306,"{""alpha_a"": 0.0, ""alpha_b"": 0.65, ""kappa_a"": 0.0, ""kappa_b"": 0.52, ""n_per_group"": 200000.0}",0.0,0.65,0.0,0.52,200000,theoretical_value,0.15600000000000003,synthetic,ALL,not_applicable,not_applicable
EXP-01,SYNTHETIC EXPERIMENT,1729,full,664a150484ed2af3,c187d229ad634965,"{""alpha_a"": 0.0, ""alpha_b"": 0.7, ""kappa_a"": 0.0, ""kappa_b"": 0.5599999999999999, ""n_per_group"": 200000.0}",0.0,0.7,0.0,0.5599999999999999,200000,theoretical_value,0.168,synthetic,ALL,not_applicable,not_applicable
EXP-01,SYNTHETIC EXPERIMENT,1729,full,664a150484ed2af3,26c153d1fce459b2,"{""alpha_a"": 0.0, ""alpha_b"": 0.75, ""kappa_a"": 0.0, ""kappa_b"": 0.6000000000000001, ""n_per_group"": 200000.0}",0.0,0.75,0.0,0.6000000000000001,200000,theoretical_value,0.18000000000000005,synthetic,ALL,not_applicable,not_applicable
EXP-01,SYNTHETIC EXPERIMENT,1729,full,664a150484ed2af3,82cd72741378faa9,"{""alpha_a"": 0.0, ""alpha_b"": 0.8, ""kappa_a"": 0.0, ""kappa_b"": 0.6400000000000001, ""n_per_group"": 200000.0}",0.0,0.8,0.0,0.6400000000000001,200000,theoretical_value,0.19200000000000006,synthetic,ALL,not_applicable,not_applicable
EXP-01,SYNTHETIC EXPERIMENT,1729,full,664a150484ed2af3,53b00f6023d4c902,"{""alpha_a"": 0.0, ""alpha_b"": 0.85, ""kappa_a"": 0.0, ""kappa_b"": 0.68, ""n_per_group"": 200000.0}",0.0,0.85,0.0,0.68,200000,theoretical_value,0.20400000000000004,synthetic,ALL,not_applicable,not_applicable
EXP-01,SYNTHETIC EXPERIMENT,1729,full,664a150484ed2af3,a3219e109d91ed33,"{""alpha_a"": 0.0, ""alpha_b"": 0.9, ""kappa_a"": 0.0, ""kappa_b"": 0.7200000000000001, ""n_per_group"": 200000.0}",0.0,0.9,0.0,0.7200000000000001,200000,theoretical_value,0.21600000000000005,synthetic,ALL,not_applicable,not_applicable
EXP-01,SYNTHETIC EXPERIMENT,1729,full,664a150484ed2af3,f19beb43b18b3e3a,"{""alpha_a"": 0.0, ""alpha_b"": 0.95, ""kappa_a"": 0.0, ""kappa_b"": 0.76, ""n_per_group"": 200000.0}",0.0,0.95,0.0,0.76,200000,theoretical_value,0.22800000000000004,synthetic,ALL,not_applicable,not_applicable
EXP-01,SYNTHETIC EXPERIMENT,1729,full,664a150484ed2af3,e9c1bbf887ad5156,"{""alpha_a"": 0.0, ""alpha_b"": 1.0, ""kappa_a"": 0.0, ""kappa_b"": 0.8, ""n_per_group"": 200000.0}",0.0,1.0,0.0,0.8,200000,theoretical_value,0.24000000000000005,synthetic,ALL,not_applicable,not_applicable
EXP-01,SYNTHETIC EXPERIMENT,1729,full,664a150484ed2af3,517bf43b25015681,"{""alpha_a"": 0.05, ""alpha_b"": 0.0, ""kappa_a"": 0.04000000000000001, ""kappa_b"": 0.0, ""n_per_group"": 200000.0}",0.05,0.0,0.04000000000000001,0.0,200000,theoretical_value,0.012000000000000004,synthetic,ALL,not_applicable,not_applicable
EXP-01,SYNTHETIC EXPERIMENT,1729,full,664a150484ed2af3,928165d19889b44d,"{""alpha_a"": 0.05, ""alpha_b"": 0.05, ""kappa_a"": 0.04000000000000001, ""kappa_b"": 0.04000000000000001, ""n_per_group"": 200000.0}",0.05,0.05,0.04000000000000001,0.04000000000000001,200000,theoretical_value,0.0,synthetic,ALL,not_applicable,not_applicable
EXP-01,SYNTHETIC EXPERIMENT,1729,full,664a150484ed2af3,4dcbefe78bb965fa,"{""alpha_a"": 0.05, ""alpha_b"": 0.1, ""kappa_a"": 0.04000000000000001, ""kappa_b"": 0.08000000000000002, ""n_per_group"": 200000.0}",0.05,0.1,0.04000000000000001,0.08000000000000002,200000,theoretical_value,0.012000000000000004,synthetic,ALL,not_applicable,not_applicable
EXP-01,SYNTHETIC EXPERIMENT,1729,full,664a150484ed2af3,3d8bba13e37d12a2,"{""alpha_a"": 0.05, ""alpha_b"": 0.15, ""kappa_a"": 0.04000000000000001, ""kappa_b"": 0.12, ""n_per_group"": 200000.0}",0.05,0.15,0.04000000000000001,0.12,200000,theoretical_value,0.024,synthetic,ALL,not_applicable,not_applicable
EXP-01,SYNTHETIC EXPERIMENT,1729,full,664a150484ed2af3,248cb25828144e14,"{""alpha_a"": 0.05, ""alpha_b"": 0.2, ""kappa_a"": 0.04000000000000001, ""kappa_b"": 0.16000000000000003, ""n_per_group"": 200000.0}",0.05,0.2,0.04000000000000001,0.16000000000000003,200000,theoretical_value,0.03600000000000001,synthetic,ALL,not_applicable,not_applicable
EXP-01,SYNTHETIC EXPERIMENT,1729,full,664a150484ed2af3,bf8a90fef670b5c1,"{""alpha_a"": 0.05, ""alpha_b"": 0.25, ""kappa_a"": 0.04000000000000001, ""kappa_b"": 0.2, ""n_per_group"": 200000.0}",0.05,0.25,0.04000000000000001,0.2,200000,theoretical_value,0.04800000000000001,synthetic,ALL,not_applicable,not_applicable
EXP-01,SYNTHETIC EXPERIMENT,1729,full,664a150484ed2af3,b4c4a034cc6a3477,"{""alpha_a"": 0.05, ""alpha_b"": 0.3, ""kappa_a"": 0.04000000000000001, ""kappa_b"": 0.24, ""n_per_group"": 200000.0}",0.05,0.3,0.04000000000000001,0.24,200000,theoretical_value,0.060000000000000005,synthetic,ALL,not_applicable,not_applicable
EXP-01,SYNTHETIC EXPERIMENT,1729,full,664a150484ed2af3,515389475eead2e0,"{""alpha_a"": 0.05, ""alpha_b"": 0.35, ""kappa_a"": 0.04000000000000001, ""kappa_b"": 0.27999999999999997, ""n_per_group"": 200000.0}",0.05,0.35,0.04000000000000001,0.27999999999999997,200000,theoretical_value,0.072,synthetic,ALL,not_applicable,not_applicable
EXP-01,SYNTHETIC EXPERIMENT,1729,full,664a150484ed2af3,4e99ed3934b7d2fb,"{""alpha_a"": 0.05, ""alpha_b"": 0.4, ""kappa_a"": 0.04000000000000001, ""kappa_b"": 0.32000000000000006, ""n_per_group"": 200000.0}",0.05,0.4,0.04000000000000001,0.32000000000000006,200000,theoretical_value,0.08400000000000002,synthetic,ALL,not_applicable,not_applicable
EXP-01,SYNTHETIC EXPERIMENT,1729,full,664a150484ed2af3,515a1d9d2839ad0d,"{""alpha_a"": 0.05, ""alpha_b"": 0.45, ""kappa_a"": 0.04000000000000001, ""kappa_b"": 0.36000000000000004, ""n_per_group"": 200000.0}",0.05,0.45,0.04000000000000001,0.36000000000000004,200000,theoretical_value,0.09600000000000003,synthetic,ALL,not_applicable,not_applicable
EXP-01,SYNTHETIC EXPERIMENT,1729,full,664a150484ed2af3,7a32c7a4f1c13764,"{""alpha_a"": 0.05, ""alpha_b"": 0.5, ""kappa_a"": 0.04000000000000001, ""kappa_b"": 0.4, ""n_per_group"": 200000.0}",0.05,0.5,0.04000000000000001,0.4,200000,theoretical_value,0.10800000000000001,synthetic,ALL,not_applicable,not_applicable
EXP-01,SYNTHETIC EXPERIMENT,1729,full,664a150484ed2af3,d522d392978a95b8,"{""alpha_a"": 0.05, ""alpha_b"": 0.55, ""kappa_a"": 0.04000000000000001, ""kappa_b"": 0.44000000000000006, ""n_per_group"": 200000.0}",0.05,0.55,0.04000000000000001,0.44000000000000006,200000,theoretical_value,0.12000000000000002,synthetic,ALL,not_applicable,not_applicable
EXP-01,SYNTHETIC EXPERIMENT,1729,full,664a150484ed2af3,ec4724289873e8c4,"{""alpha_a"": 0.05, ""alpha_b"": 0.6, ""kappa_a"": 0.04000000000000001, ""kappa_b"": 0.48, ""n_per_group"": 200000.0}",0.05,0.6,0.04000000000000001,0.48,200000,theoretical_value,0.132,synthetic,ALL,not_applicable,not_applicable
EXP-01,SYNTHETIC EXPERIMENT,1729,full,664a150484ed2af3,26755716f1dba749,"{""alpha_a"": 0.05, ""alpha_b"": 0.65, ""kappa_a"": 0.04000000000000001, ""kappa_b"": 0.52, ""n_per_group"": 200000.0}",0.05,0.65,0.04000000000000001,0.52,200000,theoretical_value,0.14400000000000002,synthetic,ALL,not_applicable,not_applicable
EXP-01,SYNTHETIC EXPERIMENT,1729,full,664a150484ed2af3,0f638c1854f1970d,"{""alpha_a"": 0.05, ""alpha_b"": 0.7, ""kappa_a"": 0.04000000000000001, ""kappa_b"": 0.5599999999999999, ""n_per_group"": 200000.0}",0.05,0.7,0.04000000000000001,0.5599999999999999,200000,theoretical_value,0.156,synthetic,ALL,not_applicable,not_applicable
EXP-01,SYNTHETIC EXPERIMENT,1729,full,664a150484ed2af3,26d544bc09ce66a9,"{""alpha_a"": 0.05, ""alpha_b"": 0.75, ""kappa_a"": 0.04000000000000001, ""kappa_b"": 0.6000000000000001, ""n_per_group"": 200000.0}",0.05,0.75,0.04000000000000001,0.6000000000000001,200000,theoretical_value,0.16800000000000004,synthetic,ALL,not_applicable,not_applicable
EXP-01,SYNTHETIC EXPERIMENT,1729,full,664a150484ed2af3,23237d59319bfd07,"{""alpha_a"": 0.05, ""alpha_b"": 0.8, ""kappa_a"": 0.04000000000000001, ""kappa_b"": 0.6400000000000001, ""n_per_group"": 200000.0}",0.05,0.8,0.04000000000000001,0.6400000000000001,200000,theoretical_value,0.18000000000000005,synthetic,ALL,not_applicable,not_applicable
EXP-01,SYNTHETIC EXPERIMENT,1729,full,664a150484ed2af3,738e962e48b78cff,"{""alpha_a"": 0.05, ""alpha_b"": 0.85, ""kappa_a"": 0.04000000000000001, ""kappa_b"": 0.68, ""n_per_group"": 200000.0}",0.05,0.85,0.04000000000000001,0.68,200000,theoretical_value,0.19200000000000003,synthetic,ALL,not_applicable,not_applicable
EXP-01,SYNTHETIC EXPERIMENT,1729,full,664a150484ed2af3,76f5bf6fdc152914,"{""alpha_a"": 0.05, ""alpha_b"": 0.9, ""kappa_a"": 0.04000000000000001, ""kappa_b"": 0.7200000000000001, ""n_per_group"": 200000.0}",0.05,0.9,0.04000000000000001,0.7200000000000001,200000,theoretical_value,0.20400000000000004,synthetic,ALL,not_applicable,not_applicable
EXP-01,SYNTHETIC EXPERIMENT,1729,full,664a150484ed2af3,ee689fe85a37c279,"{""alpha_a"": 0.05, ""alpha_b"": 0.95, ""kappa_a"": 0.04000000000000001, ""kappa_b"": 0.76, ""n_per_group"": 200000.0}",0.05,0.95,0.04000000000000001,0.76,200000,theoretical_value,0.21600000000000003,synthetic,ALL,not_applicable,not_applicable
EXP-01,SYNTHETIC EXPERIMENT,1729,full,664a150484ed2af3,ddcb1a1882664933,"{""alpha_a"": 0.05, ""alpha_b"": 1.0, ""kappa_a"": 0.04000000000000001, ""kappa_b"": 0.8, ""n_per_group"": 200000.0}",0.05,1.0,0.04000000000000001,0.8,200000,theoretical_value,0.22800000000000004,synthetic,ALL,not_applicable,not_applicable
EXP-01,SYNTHETIC EXPERIMENT,1729,full,664a150484ed2af3,a2915cafe1d6465a,"{""alpha_a"": 0.1, ""alpha_b"": 0.0, ""kappa_a"": 0.08000000000000002, ""kappa_b"": 0.0, ""n_per_group"": 200000.0}",0.1,0.0,0.08000000000000002,0.0,200000,theoretical_value,0.024000000000000007,synthetic,ALL,not_applicable,not_applicable
EXP-01,SYNTHETIC EXPERIMENT,1729,full,664a150484ed2af3,120f7c547c56a2ff,"{""alpha_a"": 0.1, ""alpha_b"": 0.05, ""kappa_a"": 0.08000000000000002, ""kappa_b"": 0.04000000000000001, ""n_per_group"": 200000.0}",0.1,0.05,0.08000000000000002,0.04000000000000001,200000,theoretical_value,0.012000000000000004,synthetic,ALL,not_applicable,not_applicable
EXP-01,SYNTHETIC EXPERIMENT,1729,full,664a150484ed2af3,7e2d1f708c0627fb,"{""alpha_a"": 0.1, ""alpha_b"": 0.1, ""kappa_a"": 0.08000000000000002, ""kappa_b"": 0.08000000000000002, ""n_per_group"": 200000.0}",0.1,0.1,0.08000000000000002,0.08000000000000002,200000,theoretical_value,0.0,synthetic,ALL,not_applicable,not_applicable
EXP-01,SYNTHETIC EXPERIMENT,1729,full,664a150484ed2af3,d997930dab72759f,"{""alpha_a"": 0.1, ""alpha_b"": 0.15, ""kappa_a"": 0.08000000000000002, ""kappa_b"": 0.12, ""n_per_group"": 200000.0}",0.1,0.15,0.08000000000000002,0.12,200000,theoretical_value,0.011999999999999995,synthetic,ALL,not_applicable,not_applicable
EXP-01,SYNTHETIC EXPERIMENT,1729,full,664a150484ed2af3,ad103656ed8d7f0b,"{""alpha_a"": 0.1, ""alpha_b"": 0.2, ""kappa_a"": 0.08000000000000002, ""kappa_b"": 0.16000000000000003, ""n_per_group"": 200000.0}",0.1,0.2,0.08000000000000002,0.16000000000000003,200000,theoretical_value,0.024000000000000007,synthetic,ALL,not_applicable,not_applicable
EXP-01,SYNTHETIC EXPERIMENT,1729,full,664a150484ed2af3,c14ae267f5e9ca55,"{""alpha_a"": 0.1, ""alpha_b"": 0.25, ""kappa_a"": 0.08000000000000002, ""kappa_b"": 0.2, ""n_per_group"": 200000.0}",0.1,0.25,0.08000000000000002,0.2,200000,theoretical_value,0.036000000000000004,synthetic,ALL,not_applicable,not_applicable
EXP-01,SYNTHETIC EXPERIMENT,1729,full,664a150484ed2af3,c5eb1f7d126e4e5c,"{""alpha_a"": 0.1, ""alpha_b"": 0.3, ""kappa_a"": 0.08000000000000002, ""kappa_b"": 0.24, ""n_per_group"": 200000.0}",0.1,0.3,0.08000000000000002,0.24,200000,theoretical_value,0.048,synthetic,ALL,not_applicable,not_applicable
EXP-01,SYNTHETIC EXPERIMENT,1729,full,664a150484ed2af3,b89305dece33fe6b,"{""alpha_a"": 0.1, ""alpha_b"": 0.35, ""kappa_a"": 0.08000000000000002, ""kappa_b"": 0.27999999999999997, ""n_per_group"": 200000.0}",0.1,0.35,0.08000000000000002,0.27999999999999997,200000,theoretical_value,0.06,synthetic,ALL,not_applicable,not_applicable
EXP-01,SYNTHETIC EXPERIMENT,1729,full,664a150484ed2af3,684fda3d6416ed53,"{""alpha_a"": 0.1, ""alpha_b"": 0.4, ""kappa_a"": 0.08000000000000002, ""kappa_b"": 0.32000000000000006, ""n_per_group"": 200000.0}",0.1,0.4,0.08000000000000002,0.32000000000000006,200000,theoretical_value,0.07200000000000002,synthetic,ALL,not_applicable,not_applicable
EXP-01,SYNTHETIC EXPERIMENT,1729,full,664a150484ed2af3,259b09bf1fb9895d,"{""alpha_a"": 0.1, ""alpha_b"": 0.45, ""kappa_a"": 0.08000000000000002, ""kappa_b"": 0.36000000000000004, ""n_per_group"": 200000.0}",0.1,0.45,0.08000000000000002,0.36000000000000004,200000,theoretical_value,0.08400000000000002,synthetic,ALL,not_applicable,not_applicable
EXP-01,SYNTHETIC EXPERIMENT,1729,full,664a150484ed2af3,1c9e3d54c99d81ff,"{""alpha_a"": 0.1, ""alpha_b"": 0.5, ""kappa_a"": 0.08000000000000002, ""kappa_b"": 0.4, ""n_per_group"": 200000.0}",0.1,0.5,0.08000000000000002,0.4,200000,theoretical_value,0.09600000000000002,synthetic,ALL,not_applicable,not_applicable
EXP-01,SYNTHETIC EXPERIMENT,1729,full,664a150484ed2af3,d621968872180cc4,"{""alpha_a"": 0.1, ""alpha_b"": 0.55, ""kappa_a"": 0.08000000000000002, ""kappa_b"": 0.44000000000000006, ""n_per_group"": 200000.0}",0.1,0.55,0.08000000000000002,0.44000000000000006,200000,theoretical_value,0.10800000000000003,synthetic,ALL,not_applicable,not_applicable
EXP-01,SYNTHETIC EXPERIMENT,1729,full,664a150484ed2af3,5fee5e1447dee117,"{""alpha_a"": 0.1, ""alpha_b"": 0.6, ""kappa_a"": 0.08000000000000002, ""kappa_b"": 0.48, ""n_per_group"": 200000.0}",0.1,0.6,0.08000000000000002,0.48,200000,theoretical_value,0.12000000000000001,synthetic,ALL,not_applicable,not_applicable
EXP-01,SYNTHETIC EXPERIMENT,1729,full,664a150484ed2af3,ac09b83643b65a98,"{""alpha_a"": 0.1, ""alpha_b"": 0.65, ""kappa_a"": 0.08000000000000002, ""kappa_b"": 0.52, ""n_per_group"": 200000.0}",0.1,0.65,0.08000000000000002,0.52,200000,theoretical_value,0.13200000000000003,synthetic,ALL,not_applicable,not_applicable
EXP-01,SYNTHETIC EXPERIMENT,1729,full,664a150484ed2af3,f014871fe5af6f7d,"{""alpha_a"": 0.1, ""alpha_b"": 0.7, ""kappa_a"": 0.08000000000000002, ""kappa_b"": 0.5599999999999999, ""n_per_group"": 200000.0}",0.1,0.7,0.08000000000000002,0.5599999999999999,200000,theoretical_value,0.144,synthetic,ALL,not_applicable,not_applicable
EXP-01,SYNTHETIC EXPERIMENT,1729,full,664a150484ed2af3,be46b326154d4429,"{""alpha_a"": 0.1, ""alpha_b"": 0.75, ""kappa_a"": 0.08000000000000002, ""kappa_b"": 0.6000000000000001, ""n_per_group"": 200000.0}",0.1,0.75,0.08000000000000002,0.6000000000000001,200000,theoretical_value,0.15600000000000003,synthetic,ALL,not_applicable,not_applicable
EXP-01,SYNTHETIC EXPERIMENT,1729,full,664a150484ed2af3,b2387e44aaaf2399,"{""alpha_a"": 0.1, ""alpha_b"": 0.8, ""kappa_a"": 0.08000000000000002, ""kappa_b"": 0.6400000000000001, ""n_per_group"": 200000.0}",0.1,0.8,0.08000000000000002,0.6400000000000001,200000,theoretical_value,0.16800000000000004,synthetic,ALL,not_applicable,not_applicable
EXP-01,SYNTHETIC EXPERIMENT,1729,full,664a150484ed2af3,c0c424d80b9b50db,"{""alpha_a"": 0.1, ""alpha_b"": 0.85, ""kappa_a"": 0.08000000000000002, ""kappa_b"": 0.68, ""n_per_group"": 200000.0}",0.1,0.85,0.08000000000000002,0.68,200000,theoretical_value,0.18000000000000005,synthetic,ALL,not_applicable,not_applicable
EXP-01,SYNTHETIC EXPERIMENT,1729,full,664a150484ed2af3,2f6b0b058412dca4,"{""alpha_a"": 0.1, ""alpha_b"": 0.9, ""kappa_a"": 0.08000000000000002, ""kappa_b"": 0.7200000000000001, ""n_per_group"": 200000.0}",0.1,0.9,0.08000000000000002,0.7200000000000001,200000,theoretical_value,0.19200000000000006,synthetic,ALL,not_applicable,not_applicable
EXP-01,SYNTHETIC EXPERIMENT,1729,full,664a150484ed2af3,1815c76d78805582,"{""alpha_a"": 0.1, ""alpha_b"": 0.95, ""kappa_a"": 0.08000000000000002, ""kappa_b"": 0.76, ""n_per_group"": 200000.0}",0.1,0.95,0.08000000000000002,0.76,200000,theoretical_value,0.20400000000000001,synthetic,ALL,not_applicable,not_applicable
EXP-01,SYNTHETIC EXPERIMENT,1729,full,664a150484ed2af3,89ea702ee98ea51c,"{""alpha_a"": 0.1, ""alpha_b"": 1.0, ""kappa_a"": 0.08000000000000002, ""kappa_b"": 0.8, ""n_per_group"": 200000.0}",0.1,1.0,0.08000000000000002,0.8,200000,theoretical_value,0.21600000000000003,synthetic,ALL,not_applicable,not_applicable
EXP-01,SYNTHETIC EXPERIMENT,1729,full,664a150484ed2af3,08b729e9e05a1017,"{""alpha_a"": 0.15, ""alpha_b"": 0.0, ""kappa_a"": 0.12, ""kappa_b"": 0.0, ""n_per_group"": 200000.0}",0.15,0.0,0.12,0.0,200000,theoretical_value,0.036000000000000004,synthetic,ALL,not_applicable,not_applicable
EXP-01,SYNTHETIC EXPERIMENT,1729,full,664a150484ed2af3,7751e99793084c2b,"{""alpha_a"": 0.15, ""alpha_b"": 0.05, ""kappa_a"": 0.12, ""kappa_b"": 0.04000000000000001, ""n_per_group"": 200000.0}",0.15,0.05,0.12,0.04000000000000001,200000,theoretical_value,0.024,synthetic,ALL,not_applicable,not_applicable
EXP-01,SYNTHETIC EXPERIMENT,1729,full,664a150484ed2af3,059a983f21c27d05,"{""alpha_a"": 0.15, ""alpha_b"": 0.1, ""kappa_a"": 0.12, ""kappa_b"": 0.08000000000000002, ""n_per_group"": 200000.0}",0.15,0.1,0.12,0.08000000000000002,200000,theoretical_value,0.011999999999999995,synthetic,ALL,not_applicable,not_applicable
EXP-01,SYNTHETIC EXPERIMENT,1729,full,664a150484ed2af3,83532426754cba0b,"{""alpha_a"": 0.15, ""alpha_b"": 0.15, ""kappa_a"": 0.12, ""kappa_b"": 0.12, ""n_per_group"": 200000.0}",0.15,0.15,0.12,0.12,200000,theoretical_value,0.0,synthetic,ALL,not_applicable,not_applicable
EXP-01,SYNTHETIC EXPERIMENT,1729,full,664a150484ed2af3,dab075d822cb2e53,"{""alpha_a"": 0.15, ""alpha_b"": 0.2, ""kappa_a"": 0.12, ""kappa_b"": 0.16000000000000003, ""n_per_group"": 200000.0}",0.15,0.2,0.12,0.16000000000000003,200000,theoretical_value,0.012000000000000012,synthetic,ALL,not_applicable,not_applicable
EXP-01,SYNTHETIC EXPERIMENT,1729,full,664a150484ed2af3,ff406255e9541ce0,"{""alpha_a"": 0.15, ""alpha_b"": 0.25, ""kappa_a"": 0.12, ""kappa_b"": 0.2, ""n_per_group"": 200000.0}",0.15,0.25,0.12,0.2,200000,theoretical_value,0.024000000000000007,synthetic,ALL,not_applicable,not_applicable
EXP-01,SYNTHETIC EXPERIMENT,1729,full,664a150484ed2af3,bc67d0228f2d5dea,"{""alpha_a"": 0.15, ""alpha_b"": 0.3, ""kappa_a"": 0.12, ""kappa_b"": 0.24, ""n_per_group"": 200000.0}",0.15,0.3,0.12,0.24,200000,theoretical_value,0.036000000000000004,synthetic,ALL,not_applicable,not_applicable
EXP-01,SYNTHETIC EXPERIMENT,1729,full,664a150484ed2af3,6e83edbdd079b951,"{""alpha_a"": 0.15, ""alpha_b"": 0.35, ""kappa_a"": 0.12, ""kappa_b"": 0.27999999999999997, ""n_per_group"": 200000.0}",0.15,0.35,0.12,0.27999999999999997,200000,theoretical_value,0.048,synthetic,ALL,not_applicable,not_applicable
EXP-01,SYNTHETIC EXPERIMENT,1729,full,664a150484ed2af3,036e8f34c32b5e42,"{""alpha_a"": 0.15, ""alpha_b"": 0.4, ""kappa_a"": 0.12, ""kappa_b"": 0.32000000000000006, ""n_per_group"": 200000.0}",0.15,0.4,0.12,0.32000000000000006,200000,theoretical_value,0.060000000000000026,synthetic,ALL,not_applicable,not_applicable
EXP-01,SYNTHETIC EXPERIMENT,1729,full,664a150484ed2af3,acfa907abcae472a,"{""alpha_a"": 0.15, ""alpha_b"": 0.45, ""kappa_a"": 0.12, ""kappa_b"": 0.36000000000000004, ""n_per_group"": 200000.0}",0.15,0.45,0.12,0.36000000000000004,200000,theoretical_value,0.07200000000000002,synthetic,ALL,not_applicable,not_applicable
EXP-01,SYNTHETIC EXPERIMENT,1729,full,664a150484ed2af3,a9662090ca98d4f6,"{""alpha_a"": 0.15, ""alpha_b"": 0.5, ""kappa_a"": 0.12, ""kappa_b"": 0.4, ""n_per_group"": 200000.0}",0.15,0.5,0.12,0.4,200000,theoretical_value,0.08400000000000002,synthetic,ALL,not_applicable,not_applicable
EXP-01,SYNTHETIC EXPERIMENT,1729,full,664a150484ed2af3,045eff080186688d,"{""alpha_a"": 0.15, ""alpha_b"": 0.55, ""kappa_a"": 0.12, ""kappa_b"": 0.44000000000000006, ""n_per_group"": 200000.0}",0.15,0.55,0.12,0.44000000000000006,200000,theoretical_value,0.09600000000000003,synthetic,ALL,not_applicable,not_applicable
EXP-01,SYNTHETIC EXPERIMENT,1729,full,664a150484ed2af3,1a1483085ec0edf2,"{""alpha_a"": 0.15, ""alpha_b"": 0.6, ""kappa_a"": 0.12, ""kappa_b"": 0.48, ""n_per_group"": 200000.0}",0.15,0.6,0.12,0.48,200000,theoretical_value,0.10800000000000001,synthetic,ALL,not_applicable,not_applicable
EXP-01,SYNTHETIC EXPERIMENT,1729,full,664a150484ed2af3,6a6a0e31246bf09c,"{""alpha_a"": 0.15, ""alpha_b"": 0.65, ""kappa_a"": 0.12, ""kappa_b"": 0.52, ""n_per_group"": 200000.0}",0.15,0.65,0.12,0.52,200000,theoretical_value,0.12000000000000002,synthetic,ALL,not_applicable,not_applicable
EXP-01,SYNTHETIC EXPERIMENT,1729,full,664a150484ed2af3,d10cd4e23035c428,"{""alpha_a"": 0.15, ""alpha_b"": 0.7, ""kappa_a"": 0.12, ""kappa_b"": 0.5599999999999999, ""n_per_group"": 200000.0}",0.15,0.7,0.12,0.5599999999999999,200000,theoretical_value,0.132,synthetic,ALL,not_applicable,not_applicable
EXP-01,SYNTHETIC EXPERIMENT,1729,full,664a150484ed2af3,9cb28d943a1dc510,"{""alpha_a"": 0.15, ""alpha_b"": 0.75, ""kappa_a"": 0.12, ""kappa_b"": 0.6000000000000001, ""n_per_group"": 200000.0}",0.15,0.75,0.12,0.6000000000000001,200000,theoretical_value,0.14400000000000004,synthetic,ALL,not_applicable,not_applicable
EXP-01,SYNTHETIC EXPERIMENT,1729,full,664a150484ed2af3,8e58a4fc2a580565,"{""alpha_a"": 0.15, ""alpha_b"": 0.8, ""kappa_a"": 0.12, ""kappa_b"": 0.6400000000000001, ""n_per_group"": 200000.0}",0.15,0.8,0.12,0.6400000000000001,200000,theoretical_value,0.15600000000000006,synthetic,ALL,not_applicable,not_applicable
EXP-01,SYNTHETIC EXPERIMENT,1729,full,664a150484ed2af3,201a8d3cd827b864,"{""alpha_a"": 0.15, ""alpha_b"": 0.85, ""kappa_a"": 0.12, ""kappa_b"": 0.68, ""n_per_group"": 200000.0}",0.15,0.85,0.12,0.68,200000,theoretical_value,0.16800000000000004,synthetic,ALL,not_applicable,not_applicable
EXP-01,SYNTHETIC EXPERIMENT,1729,full,664a150484ed2af3,afd508f6c028d6a9,"{""alpha_a"": 0.15, ""alpha_b"": 0.9, ""kappa_a"": 0.12, ""kappa_b"": 0.7200000000000001, ""n_per_group"": 200000.0}",0.15,0.9,0.12,0.7200000000000001,200000,theoretical_value,0.18000000000000005,synthetic,ALL,not_applicable,not_applicable
EXP-01,SYNTHETIC EXPERIMENT,1729,full,664a150484ed2af3,ae3046ae15a815a4,"{""alpha_a"": 0.15, ""alpha_b"": 0.95, ""kappa_a"": 0.12, ""kappa_b"": 0.76, ""n_per_group"": 200000.0}",0.15,0.95,0.12,0.76,200000,theoretical_value,0.19200000000000003,synthetic,ALL,not_applicable,not_applicable
EXP-01,SYNTHETIC EXPERIMENT,1729,full,664a150484ed2af3,694c5a71a7871c49,"{""alpha_a"": 0.15, ""alpha_b"": 1.0, ""kappa_a"": 0.12, ""kappa_b"": 0.8, ""n_per_group"": 200000.0}",0.15,1.0,0.12,0.8,200000,theoretical_value,0.20400000000000004,synthetic,ALL,not_applicable,not_applicable
EXP-01,SYNTHETIC EXPERIMENT,1729,full,664a150484ed2af3,7febf754872d3919,"{""alpha_a"": 0.2, ""alpha_b"": 0.0, ""kappa_a"": 0.16000000000000003, ""kappa_b"": 0.0, ""n_per_group"": 200000.0}",0.2,0.0,0.16000000000000003,0.0,200000,theoretical_value,0.048000000000000015,synthetic,ALL,not_applicable,not_applicable
EXP-01,SYNTHETIC EXPERIMENT,1729,full,664a150484ed2af3,af0e88350643e722,"{""alpha_a"": 0.2, ""alpha_b"": 0.05, ""kappa_a"": 0.16000000000000003, ""kappa_b"": 0.04000000000000001, ""n_per_group"": 200000.0}",0.2,0.05,0.16000000000000003,0.04000000000000001,200000,theoretical_value,0.03600000000000001,synthetic,ALL,not_applicable,not_applicable
EXP-01,SYNTHETIC EXPERIMENT,1729,full,664a150484ed2af3,ebc7988d8059dc14,"{""alpha_a"": 0.2, ""alpha_b"": 0.1, ""kappa_a"": 0.16000000000000003, ""kappa_b"": 0.08000000000000002, ""n_per_group"": 200000.0}",0.2,0.1,0.16000000000000003,0.08000000000000002,200000,theoretical_value,0.024000000000000007,synthetic,ALL,not_applicable,not_applicable
EXP-01,SYNTHETIC EXPERIMENT,1729,full,664a150484ed2af3,41008b528b1235f7,"{""alpha_a"": 0.2, ""alpha_b"": 0.15, ""kappa_a"": 0.16000000000000003, ""kappa_b"": 0.12, ""n_per_group"": 200000.0}",0.2,0.15,0.16000000000000003,0.12,200000,theoretical_value,0.012000000000000012,synthetic,ALL,not_applicable,not_applicable
EXP-01,SYNTHETIC EXPERIMENT,1729,full,664a150484ed2af3,a3f00a124577869e,"{""alpha_a"": 0.2, ""alpha_b"": 0.2, ""kappa_a"": 0.16000000000000003, ""kappa_b"": 0.16000000000000003, ""n_per_group"": 200000.0}",0.2,0.2,0.16000000000000003,0.16000000000000003,200000,theoretical_value,0.0,synthetic,ALL,not_applicable,not_applicable
EXP-01,SYNTHETIC EXPERIMENT,1729,full,664a150484ed2af3,8a2519f2ff1ed8f6,"{""alpha_a"": 0.2, ""alpha_b"": 0.25, ""kappa_a"": 0.16000000000000003, ""kappa_b"": 0.2, ""n_per_group"": 200000.0}",0.2,0.25,0.16000000000000003,0.2,200000,theoretical_value,0.011999999999999995,synthetic,ALL,not_applicable,not_applicable
EXP-01,SYNTHETIC EXPERIMENT,1729,full,664a150484ed2af3,b4f261583a3b724a,"{""alpha_a"": 0.2, ""alpha_b"": 0.3, ""kappa_a"": 0.16000000000000003, ""kappa_b"": 0.24, ""n_per_group"": 200000.0}",0.2,0.3,0.16000000000000003,0.24,200000,theoretical_value,0.02399999999999999,synthetic,ALL,not_applicable,not_applicable
EXP-01,SYNTHETIC EXPERIMENT,1729,full,664a150484ed2af3,f681b88a7543859f,"{""alpha_a"": 0.2, ""alpha_b"": 0.35, ""kappa_a"": 0.16000000000000003, ""kappa_b"": 0.27999999999999997, ""n_per_group"": 200000.0}",0.2,0.35,0.16000000000000003,0.27999999999999997,200000,theoretical_value,0.03599999999999999,synthetic,ALL,not_applicable,not_applicable
EXP-01,SYNTHETIC EXPERIMENT,1729,full,664a150484ed2af3,d20ee4fa0ea4046f,"{""alpha_a"": 0.2, ""alpha_b"": 0.4, ""kappa_a"": 0.16000000000000003, ""kappa_b"": 0.32000000000000006, ""n_per_group"": 200000.0}",0.2,0.4,0.16000000000000003,0.32000000000000006,200000,theoretical_value,0.048000000000000015,synthetic,ALL,not_applicable,not_applicable
EXP-01,SYNTHETIC EXPERIMENT,1729,full,664a150484ed2af3,ff7a91fd1b801645,"{""alpha_a"": 0.2, ""alpha_b"": 0.45, ""kappa_a"": 0.16000000000000003, ""kappa_b"": 0.36000000000000004, ""n_per_group"": 200000.0}",0.2,0.45,0.16000000000000003,0.36000000000000004,200000,theoretical_value,0.06000000000000001,synthetic,ALL,not_applicable,not_applicable
EXP-01,SYNTHETIC EXPERIMENT,1729,full,664a150484ed2af3,6bfd94f82a5d1ff2,"{""alpha_a"": 0.2, ""alpha_b"": 0.5, ""kappa_a"": 0.16000000000000003, ""kappa_b"": 0.4, ""n_per_group"": 200000.0}",0.2,0.5,0.16000000000000003,0.4,200000,theoretical_value,0.07200000000000001,synthetic,ALL,not_applicable,not_applicable
EXP-01,SYNTHETIC EXPERIMENT,1729,full,664a150484ed2af3,40b3681ff1bd5a33,"{""alpha_a"": 0.2, ""alpha_b"": 0.55, ""kappa_a"": 0.16000000000000003, ""kappa_b"": 0.44000000000000006, ""n_per_group"": 200000.0}",0.2,0.55,0.16000000000000003,0.44000000000000006,200000,theoretical_value,0.08400000000000002,synthetic,ALL,not_applicable,not_applicable
EXP-01,SYNTHETIC EXPERIMENT,1729,full,664a150484ed2af3,e211bd0acc7eecf6,"{""alpha_a"": 0.2, ""alpha_b"": 0.6, ""kappa_a"": 0.16000000000000003, ""kappa_b"": 0.48, ""n_per_group"": 200000.0}",0.2,0.6,0.16000000000000003,0.48,200000,theoretical_value,0.096,synthetic,ALL,not_applicable,not_applicable
EXP-01,SYNTHETIC EXPERIMENT,1729,full,664a150484ed2af3,1e13ae164faf8f41,"{""alpha_a"": 0.2, ""alpha_b"": 0.65, ""kappa_a"": 0.16000000000000003, ""kappa_b"": 0.52, ""n_per_group"": 200000.0}",0.2,0.65,0.16000000000000003,0.52,200000,theoretical_value,0.10800000000000001,synthetic,ALL,not_applicable,not_applicable
EXP-01,SYNTHETIC EXPERIMENT,1729,full,664a150484ed2af3,175745f0ccd8d860,"{""alpha_a"": 0.2, ""alpha_b"": 0.7, ""kappa_a"": 0.16000000000000003, ""kappa_b"": 0.5599999999999999, ""n_per_group"": 200000.0}",0.2,0.7,0.16000000000000003,0.5599999999999999,200000,theoretical_value,0.12,synthetic,ALL,not_applicable,not_applicable
EXP-01,SYNTHETIC EXPERIMENT,1729,full,664a150484ed2af3,a450449f379465e7,"{""alpha_a"": 0.2, ""alpha_b"": 0.75, ""kappa_a"": 0.16000000000000003, ""kappa_b"": 0.6000000000000001, ""n_per_group"": 200000.0}",0.2,0.75,0.16000000000000003,0.6000000000000001,200000,theoretical_value,0.13200000000000003,synthetic,ALL,not_applicable,not_applicable
EXP-01,SYNTHETIC EXPERIMENT,1729,full,664a150484ed2af3,96e35d8738eec7f3,"{""alpha_a"": 0.2, ""alpha_b"": 0.8, ""kappa_a"": 0.16000000000000003, ""kappa_b"": 0.6400000000000001, ""n_per_group"": 200000.0}",0.2,0.8,0.16000000000000003,0.6400000000000001,200000,theoretical_value,0.14400000000000004,synthetic,ALL,not_applicable,not_applicable
EXP-01,SYNTHETIC EXPERIMENT,1729,full,664a150484ed2af3,e2761bb3a6a7dfd5,"{""alpha_a"": 0.2, ""alpha_b"": 0.85, ""kappa_a"": 0.16000000000000003, ""kappa_b"": 0.68, ""n_per_group"": 200000.0}",0.2,0.85,0.16000000000000003,0.68,200000,theoretical_value,0.15600000000000003,synthetic,ALL,not_applicable,not_applicable
EXP-01,SYNTHETIC EXPERIMENT,1729,full,664a150484ed2af3,96ba37d3d4dda9b2,"{""alpha_a"": 0.2, ""alpha_b"": 0.9, ""kappa_a"": 0.16000000000000003, ""kappa_b"": 0.7200000000000001, ""n_per_group"": 200000.0}",0.2,0.9,0.16000000000000003,0.7200000000000001,200000,theoretical_value,0.16800000000000004,synthetic,ALL,not_applicable,not_applicable
EXP-01,SYNTHETIC EXPERIMENT,1729,full,664a150484ed2af3,67c017115584954c,"{""alpha_a"": 0.2, ""alpha_b"": 0.95, ""kappa_a"": 0.16000000000000003, ""kappa_b"": 0.76, ""n_per_group"": 200000.0}",0.2,0.95,0.16000000000000003,0.76,200000,theoretical_value,0.18000000000000002,synthetic,ALL,not_applicable,not_applicable
EXP-01,SYNTHETIC EXPERIMENT,1729,full,664a150484ed2af3,308d26abc93558d0,"{""alpha_a"": 0.2, ""alpha_b"": 1.0, ""kappa_a"": 0.16000000000000003, ""kappa_b"": 0.8, ""n_per_group"": 200000.0}",0.2,1.0,0.16000000000000003,0.8,200000,theoretical_value,0.19200000000000003,synthetic,ALL,not_applicable,not_applicable
EXP-01,SYNTHETIC EXPERIMENT,1729,full,664a150484ed2af3,d0ef03f67f087104,"{""alpha_a"": 0.25, ""alpha_b"": 0.0, ""kappa_a"": 0.2, ""kappa_b"": 0.0, ""n_per_group"": 200000.0}",0.25,0.0,0.2,0.0,200000,theoretical_value,0.06000000000000001,synthetic,ALL,not_applicable,not_applicable
EXP-01,SYNTHETIC EXPERIMENT,1729,full,664a150484ed2af3,640da030f4c79e2a,"{""alpha_a"": 0.25, ""alpha_b"": 0.05, ""kappa_a"": 0.2, ""kappa_b"": 0.04000000000000001, ""n_per_group"": 200000.0}",0.25,0.05,0.2,0.04000000000000001,200000,theoretical_value,0.04800000000000001,synthetic,ALL,not_applicable,not_applicable
EXP-01,SYNTHETIC EXPERIMENT,1729,full,664a150484ed2af3,d35d22f3b88f0655,"{""alpha_a"": 0.25, ""alpha_b"": 0.1, ""kappa_a"": 0.2, ""kappa_b"": 0.08000000000000002, ""n_per_group"": 200000.0}",0.25,0.1,0.2,0.08000000000000002,200000,theoretical_value,0.036000000000000004,synthetic,ALL,not_applicable,not_applicable
EXP-01,SYNTHETIC EXPERIMENT,1729,full,664a150484ed2af3,36a097142cdadf6f,"{""alpha_a"": 0.25, ""alpha_b"": 0.15, ""kappa_a"": 0.2, ""kappa_b"": 0.12, ""n_per_group"": 200000.0}",0.25,0.15,0.2,0.12,200000,theoretical_value,0.024000000000000007,synthetic,ALL,not_applicable,not_applicable
EXP-01,SYNTHETIC EXPERIMENT,1729,full,664a150484ed2af3,771ed3facb31defa,"{""alpha_a"": 0.25, ""alpha_b"": 0.2, ""kappa_a"": 0.2, ""kappa_b"": 0.16000000000000003, ""n_per_group"": 200000.0}",0.25,0.2,0.2,0.16000000000000003,200000,theoretical_value,0.011999999999999995,synthetic,ALL,not_applicable,not_applicable
EXP-01,SYNTHETIC EXPERIMENT,1729,full,664a150484ed2af3,0ef3f92454098838,"{""alpha_a"": 0.25, ""alpha_b"": 0.25, ""kappa_a"": 0.2, ""kappa_b"": 0.2, ""n_per_group"": 200000.0}",0.25,0.25,0.2,0.2,200000,theoretical_value,0.0,synthetic,ALL,not_applicable,not_applicable
EXP-01,SYNTHETIC EXPERIMENT,1729,full,664a150484ed2af3,69430f02107c86f3,"{""alpha_a"": 0.25, ""alpha_b"": 0.3, ""kappa_a"": 0.2, ""kappa_b"": 0.24, ""n_per_group"": 200000.0}",0.25,0.3,0.2,0.24,200000,theoretical_value,0.011999999999999995,synthetic,ALL,not_applicable,not_applicable
EXP-01,SYNTHETIC EXPERIMENT,1729,full,664a150484ed2af3,d7ff82e5394737eb,"{""alpha_a"": 0.25, ""alpha_b"": 0.35, ""kappa_a"": 0.2, ""kappa_b"": 0.27999999999999997, ""n_per_group"": 200000.0}",0.25,0.35,0.2,0.27999999999999997,200000,theoretical_value,0.02399999999999999,synthetic,ALL,not_applicable,not_applicable
EXP-01,SYNTHETIC EXPERIMENT,1729,full,664a150484ed2af3,58cbd7267c66f208,"{""alpha_a"": 0.25, ""alpha_b"": 0.4, ""kappa_a"": 0.2, ""kappa_b"": 0.32000000000000006, ""n_per_group"": 200000.0}",0.25,0.4,0.2,0.32000000000000006,200000,theoretical_value,0.03600000000000002,synthetic,ALL,not_applicable,not_applicable
EXP-01,SYNTHETIC EXPERIMENT,1729,full,664a150484ed2af3,d0f4d027a21b5961,"{""alpha_a"": 0.25, ""alpha_b"": 0.45, ""kappa_a"": 0.2, ""kappa_b"": 0.36000000000000004, ""n_per_group"": 200000.0}",0.25,0.45,0.2,0.36000000000000004,200000,theoretical_value,0.048000000000000015,synthetic,ALL,not_applicable,not_applicable
EXP-01,SYNTHETIC EXPERIMENT,1729,full,664a150484ed2af3,b831345230e1a585,"{""alpha_a"": 0.25, ""alpha_b"": 0.5, ""kappa_a"": 0.2, ""kappa_b"": 0.4, ""n_per_group"": 200000.0}",0.25,0.5,0.2,0.4,200000,theoretical_value,0.06000000000000001,synthetic,ALL,not_applicable,not_applicable
EXP-01,SYNTHETIC EXPERIMENT,1729,full,664a150484ed2af3,f1088485738d706a,"{""alpha_a"": 0.25, ""alpha_b"": 0.55, ""kappa_a"": 0.2, ""kappa_b"": 0.44000000000000006, ""n_per_group"": 200000.0}",0.25,0.55,0.2,0.44000000000000006,200000,theoretical_value,0.07200000000000002,synthetic,ALL,not_applicable,not_applicable
EXP-01,SYNTHETIC EXPERIMENT,1729,full,664a150484ed2af3,76c9d04638f909c9,"{""alpha_a"": 0.25, ""alpha_b"": 0.6, ""kappa_a"": 0.2, ""kappa_b"": 0.48, ""n_per_group"": 200000.0}",0.25,0.6,0.2,0.48,200000,theoretical_value,0.084,synthetic,ALL,not_applicable,not_applicable
EXP-01,SYNTHETIC EXPERIMENT,1729,full,664a150484ed2af3,d1bf2dd0766911b7,"{""alpha_a"": 0.25, ""alpha_b"": 0.65, ""kappa_a"": 0.2, ""kappa_b"": 0.52, ""n_per_group"": 200000.0}",0.25,0.65,0.2,0.52,200000,theoretical_value,0.09600000000000002,synthetic,ALL,not_applicable,not_applicable
EXP-01,SYNTHETIC EXPERIMENT,1729,full,664a150484ed2af3,7347765828dc631a,"{""alpha_a"": 0.25, ""alpha_b"": 0.7, ""kappa_a"": 0.2, ""kappa_b"": 0.5599999999999999, ""n_per_group"": 200000.0}",0.25,0.7,0.2,0.5599999999999999,200000,theoretical_value,0.108,synthetic,ALL,not_applicable,not_applicable
EXP-01,SYNTHETIC EXPERIMENT,1729,full,664a150484ed2af3,8cd421c278dad9f0,"{""alpha_a"": 0.25, ""alpha_b"": 0.75, ""kappa_a"": 0.2, ""kappa_b"": 0.6000000000000001, ""n_per_group"": 200000.0}",0.25,0.75,0.2,0.6000000000000001,200000,theoretical_value,0.12000000000000004,synthetic,ALL,not_applicable,not_applicable
EXP-01,SYNTHETIC EXPERIMENT,1729,full,664a150484ed2af3,a3a8587bfcda0271,"{""alpha_a"": 0.25, ""alpha_b"": 0.8, ""kappa_a"": 0.2, ""kappa_b"": 0.6400000000000001, ""n_per_group"": 200000.0}",0.25,0.8,0.2,0.6400000000000001,200000,theoretical_value,0.13200000000000006,synthetic,ALL,not_applicable,not_applicable
EXP-01,SYNTHETIC EXPERIMENT,1729,full,664a150484ed2af3,7f75c4b391283e60,"{""alpha_a"": 0.25, ""alpha_b"": 0.85, ""kappa_a"": 0.2, ""kappa_b"": 0.68, ""n_per_group"": 200000.0}",0.25,0.85,0.2,0.68,200000,theoretical_value,0.14400000000000004,synthetic,ALL,not_applicable,not_applicable
EXP-01,SYNTHETIC EXPERIMENT,1729,full,664a150484ed2af3,dca757c3df7ba091,"{""alpha_a"": 0.25, ""alpha_b"": 0.9, ""kappa_a"": 0.2, ""kappa_b"": 0.7200000000000001, ""n_per_group"": 200000.0}",0.25,0.9,0.2,0.7200000000000001,200000,theoretical_value,0.15600000000000003,synthetic,ALL,not_applicable,not_applicable
EXP-01,SYNTHETIC EXPERIMENT,1729,full,664a150484ed2af3,0ead99814f3b20df,"{""alpha_a"": 0.25, ""alpha_b"": 0.95, ""kappa_a"": 0.2, ""kappa_b"": 0.76, ""n_per_group"": 200000.0}",0.25,0.95,0.2,0.76,200000,theoretical_value,0.16800000000000004,synthetic,ALL,not_applicable,not_applicable
EXP-01,SYNTHETIC EXPERIMENT,1729,full,664a150484ed2af3,700ea7fd6f3fe715,"{""alpha_a"": 0.25, ""alpha_b"": 1.0, ""kappa_a"": 0.2, ""kappa_b"": 0.8, ""n_per_group"": 200000.0}",0.25,1.0,0.2,0.8,200000,theoretical_value,0.18000000000000005,synthetic,ALL,not_applicable,not_applicable
EXP-01,SYNTHETIC EXPERIMENT,1729,full,664a150484ed2af3,31672113393a323b,"{""alpha_a"": 0.3, ""alpha_b"": 0.0, ""kappa_a"": 0.24, ""kappa_b"": 0.0, ""n_per_group"": 200000.0}",0.3,0.0,0.24,0.0,200000,theoretical_value,0.07200000000000001,synthetic,ALL,not_applicable,not_applicable
EXP-01,SYNTHETIC EXPERIMENT,1729,full,664a150484ed2af3,3c646466648927bc,"{""alpha_a"": 0.3, ""alpha_b"": 0.05, ""kappa_a"": 0.24, ""kappa_b"": 0.04000000000000001, ""n_per_group"": 200000.0}",0.3,0.05,0.24,0.04000000000000001,200000,theoretical_value,0.060000000000000005,synthetic,ALL,not_applicable,not_applicable
EXP-01,SYNTHETIC EXPERIMENT,1729,full,664a150484ed2af3,9814cad6fd886e66,"{""alpha_a"": 0.3, ""alpha_b"": 0.1, ""kappa_a"": 0.24, ""kappa_b"": 0.08000000000000002, ""n_per_group"": 200000.0}",0.3,0.1,0.24,0.08000000000000002,200000,theoretical_value,0.048,synthetic,ALL,not_applicable,not_applicable
EXP-01,SYNTHETIC EXPERIMENT,1729,full,664a150484ed2af3,8d91f387a3c7da84,"{""alpha_a"": 0.3, ""alpha_b"": 0.15, ""kappa_a"": 0.24, ""kappa_b"": 0.12, ""n_per_group"": 200000.0}",0.3,0.15,0.24,0.12,200000,theoretical_value,0.036000000000000004,synthetic,ALL,not_applicable,not_applicable
EXP-01,SYNTHETIC EXPERIMENT,1729,full,664a150484ed2af3,fc766c884699c0b5,"{""alpha_a"": 0.3, ""alpha_b"": 0.2, ""kappa_a"": 0.24, ""kappa_b"": 0.16000000000000003, ""n_per_group"": 200000.0}",0.3,0.2,0.24,0.16000000000000003,200000,theoretical_value,0.02399999999999999,synthetic,ALL,not_applicable,not_applicable
EXP-01,SYNTHETIC EXPERIMENT,1729,full,664a150484ed2af3,f53aaffe33312169,"{""alpha_a"": 0.3, ""alpha_b"": 0.25, ""kappa_a"": 0.24, ""kappa_b"": 0.2, ""n_per_group"": 200000.0}",0.3,0.25,0.24,0.2,200000,theoretical_value,0.011999999999999995,synthetic,ALL,not_applicable,not_applicable
EXP-01,SYNTHETIC EXPERIMENT,1729,full,664a150484ed2af3,5e7d0c29ccf0d026,"{""alpha_a"": 0.3, ""alpha_b"": 0.3, ""kappa_a"": 0.24, ""kappa_b"": 0.24, ""n_per_group"": 200000.0}",0.3,0.3,0.24,0.24,200000,theoretical_value,0.0,synthetic,ALL,not_applicable,not_applicable
EXP-01,SYNTHETIC EXPERIMENT,1729,full,664a150484ed2af3,914b9c976d95f94b,"{""alpha_a"": 0.3, ""alpha_b"": 0.35, ""kappa_a"": 0.24, ""kappa_b"": 0.27999999999999997, ""n_per_group"": 200000.0}",0.3,0.35,0.24,0.27999999999999997,200000,theoretical_value,0.011999999999999995,synthetic,ALL,not_applicable,not_applicable
EXP-01,SYNTHETIC EXPERIMENT,1729,full,664a150484ed2af3,d9c80c2b33534eb6,"{""alpha_a"": 0.3, ""alpha_b"": 0.4, ""kappa_a"": 0.24, ""kappa_b"": 0.32000000000000006, ""n_per_group"": 200000.0}",0.3,0.4,0.24,0.32000000000000006,200000,theoretical_value,0.024000000000000025,synthetic,ALL,not_applicable,not_applicable
EXP-01,SYNTHETIC EXPERIMENT,1729,full,664a150484ed2af3,fce7f455545cd060,"{""alpha_a"": 0.3, ""alpha_b"": 0.45, ""kappa_a"": 0.24, ""kappa_b"": 0.36000000000000004, ""n_per_group"": 200000.0}",0.3,0.45,0.24,0.36000000000000004,200000,theoretical_value,0.03600000000000002,synthetic,ALL,not_applicable,not_applicable
EXP-01,SYNTHETIC EXPERIMENT,1729,full,664a150484ed2af3,9bd821115d6ab0c6,"{""alpha_a"": 0.3, ""alpha_b"": 0.5, ""kappa_a"": 0.24, ""kappa_b"": 0.4, ""n_per_group"": 200000.0}",0.3,0.5,0.24,0.4,200000,theoretical_value,0.048000000000000015,synthetic,ALL,not_applicable,not_applicable
EXP-01,SYNTHETIC EXPERIMENT,1729,full,664a150484ed2af3,cd3e02481510dc73,"{""alpha_a"": 0.3, ""alpha_b"": 0.55, ""kappa_a"": 0.24, ""kappa_b"": 0.44000000000000006, ""n_per_group"": 200000.0}",0.3,0.55,0.24,0.44000000000000006,200000,theoretical_value,0.060000000000000026,synthetic,ALL,not_applicable,not_applicable
EXP-01,SYNTHETIC EXPERIMENT,1729,full,664a150484ed2af3,1857cb75df40c346,"{""alpha_a"": 0.3, ""alpha_b"": 0.6, ""kappa_a"": 0.24, ""kappa_b"": 0.48, ""n_per_group"": 200000.0}",0.3,0.6,0.24,0.48,200000,theoretical_value,0.07200000000000001,synthetic,ALL,not_applicable,not_applicable
EXP-01,SYNTHETIC EXPERIMENT,1729,full,664a150484ed2af3,02cadc2bc1e0b26b,"{""alpha_a"": 0.3, ""alpha_b"": 0.65, ""kappa_a"": 0.24, ""kappa_b"": 0.52, ""n_per_group"": 200000.0}",0.3,0.65,0.24,0.52,200000,theoretical_value,0.08400000000000002,synthetic,ALL,not_applicable,not_applicable
EXP-01,SYNTHETIC EXPERIMENT,1729,full,664a150484ed2af3,9e5a08504b225d15,"{""alpha_a"": 0.3, ""alpha_b"": 0.7, ""kappa_a"": 0.24, ""kappa_b"": 0.5599999999999999, ""n_per_group"": 200000.0}",0.3,0.7,0.24,0.5599999999999999,200000,theoretical_value,0.096,synthetic,ALL,not_applicable,not_applicable
EXP-01,SYNTHETIC EXPERIMENT,1729,full,664a150484ed2af3,61dc1bdd16487838,"{""alpha_a"": 0.3, ""alpha_b"": 0.75, ""kappa_a"": 0.24, ""kappa_b"": 0.6000000000000001, ""n_per_group"": 200000.0}",0.3,0.75,0.24,0.6000000000000001,200000,theoretical_value,0.10800000000000004,synthetic,ALL,not_applicable,not_applicable
EXP-01,SYNTHETIC EXPERIMENT,1729,full,664a150484ed2af3,78fbc22363e0f834,"{""alpha_a"": 0.3, ""alpha_b"": 0.8, ""kappa_a"": 0.24, ""kappa_b"": 0.6400000000000001, ""n_per_group"": 200000.0}",0.3,0.8,0.24,0.6400000000000001,200000,theoretical_value,0.12000000000000005,synthetic,ALL,not_applicable,not_applicable
EXP-01,SYNTHETIC EXPERIMENT,1729,full,664a150484ed2af3,d88806cb2e3b4594,"{""alpha_a"": 0.3, ""alpha_b"": 0.85, ""kappa_a"": 0.24, ""kappa_b"": 0.68, ""n_per_group"": 200000.0}",0.3,0.85,0.24,0.68,200000,theoretical_value,0.13200000000000003,synthetic,ALL,not_applicable,not_applicable
EXP-01,SYNTHETIC EXPERIMENT,1729,full,664a150484ed2af3,61be87df94fdc8f8,"{""alpha_a"": 0.3, ""alpha_b"": 0.9, ""kappa_a"": 0.24, ""kappa_b"": 0.7200000000000001, ""n_per_group"": 200000.0}",0.3,0.9,0.24,0.7200000000000001,200000,theoretical_value,0.14400000000000004,synthetic,ALL,not_applicable,not_applicable
EXP-01,SYNTHETIC EXPERIMENT,1729,full,664a150484ed2af3,6a86b1c31fa23909,"{""alpha_a"": 0.3, ""alpha_b"": 0.95, ""kappa_a"": 0.24, ""kappa_b"": 0.76, ""n_per_group"": 200000.0}",0.3,0.95,0.24,0.76,200000,theoretical_value,0.15600000000000003,synthetic,ALL,not_applicable,not_applicable
EXP-01,SYNTHETIC EXPERIMENT,1729,full,664a150484ed2af3,5abd187b355317bf,"{""alpha_a"": 0.3, ""alpha_b"": 1.0, ""kappa_a"": 0.24, ""kappa_b"": 0.8, ""n_per_group"": 200000.0}",0.3,1.0,0.24,0.8,200000,theoretical_value,0.16800000000000004,synthetic,ALL,not_applicable,not_applicable
EXP-01,SYNTHETIC EXPERIMENT,1729,full,664a150484ed2af3,35ff863b653eda18,"{""alpha_a"": 0.35, ""alpha_b"": 0.0, ""kappa_a"": 0.27999999999999997, ""kappa_b"": 0.0, ""n_per_group"": 200000.0}",0.35,0.0,0.27999999999999997,0.0,200000,theoretical_value,0.084,synthetic,ALL,not_applicable,not_applicable
EXP-01,SYNTHETIC EXPERIMENT,1729,full,664a150484ed2af3,835b894ab977de78,"{""alpha_a"": 0.35, ""alpha_b"": 0.05, ""kappa_a"": 0.27999999999999997, ""kappa_b"": 0.04000000000000001, ""n_per_group"": 200000.0}",0.35,0.05,0.27999999999999997,0.04000000000000001,200000,theoretical_value,0.072,synthetic,ALL,not_applicable,not_applicable
EXP-01,SYNTHETIC EXPERIMENT,1729,full,664a150484ed2af3,96db7e710d5d8d5b,"{""alpha_a"": 0.35, ""alpha_b"": 0.1, ""kappa_a"": 0.27999999999999997, ""kappa_b"": 0.08000000000000002, ""n_per_group"": 200000.0}",0.35,0.1,0.27999999999999997,0.08000000000000002,200000,theoretical_value,0.06,synthetic,ALL,not_applicable,not_applicable
EXP-01,SYNTHETIC EXPERIMENT,1729,full,664a150484ed2af3,1cd1ef01007577c6,"{""alpha_a"": 0.35, ""alpha_b"": 0.15, ""kappa_a"": 0.27999999999999997, ""kappa_b"": 0.12, ""n_per_group"": 200000.0}",0.35,0.15,0.27999999999999997,0.12,200000,theoretical_value,0.048,synthetic,ALL,not_applicable,not_applicable
EXP-01,SYNTHETIC EXPERIMENT,1729,full,664a150484ed2af3,5fb5746dbff61339,"{""alpha_a"": 0.35, ""alpha_b"": 0.2, ""kappa_a"": 0.27999999999999997, ""kappa_b"": 0.16000000000000003, ""n_per_group"": 200000.0}",0.35,0.2,0.27999999999999997,0.16000000000000003,200000,theoretical_value,0.03599999999999999,synthetic,ALL,not_applicable,not_applicable
EXP-01,SYNTHETIC EXPERIMENT,1729,full,664a150484ed2af3,eeea2850752b4ae0,"{""alpha_a"": 0.35, ""alpha_b"": 0.25, ""kappa_a"": 0.27999999999999997, ""kappa_b"": 0.2, ""n_per_group"": 200000.0}",0.35,0.25,0.27999999999999997,0.2,200000,theoretical_value,0.02399999999999999,synthetic,ALL,not_applicable,not_applicable
EXP-01,SYNTHETIC EXPERIMENT,1729,full,664a150484ed2af3,46e36898985c7369,"{""alpha_a"": 0.35, ""alpha_b"": 0.3, ""kappa_a"": 0.27999999999999997, ""kappa_b"": 0.24, ""n_per_group"": 200000.0}",0.35,0.3,0.27999999999999997,0.24,200000,theoretical_value,0.011999999999999995,synthetic,ALL,not_applicable,not_applicable
EXP-01,SYNTHETIC EXPERIMENT,1729,full,664a150484ed2af3,8c0f64670193ec33,"{""alpha_a"": 0.35, ""alpha_b"": 0.35, ""kappa_a"": 0.27999999999999997, ""kappa_b"": 0.27999999999999997, ""n_per_group"": 200000.0}",0.35,0.35,0.27999999999999997,0.27999999999999997,200000,theoretical_value,0.0,synthetic,ALL,not_applicable,not_applicable
EXP-01,SYNTHETIC EXPERIMENT,1729,full,664a150484ed2af3,23773c40b6a3599c,"{""alpha_a"": 0.35, ""alpha_b"": 0.4, ""kappa_a"": 0.27999999999999997, ""kappa_b"": 0.32000000000000006, ""n_per_group"": 200000.0}",0.35,0.4,0.27999999999999997,0.32000000000000006,200000,theoretical_value,0.01200000000000003,synthetic,ALL,not_applicable,not_applicable
EXP-01,SYNTHETIC EXPERIMENT,1729,full,664a150484ed2af3,ae87cf9c564d23d2,"{""alpha_a"": 0.35, ""alpha_b"": 0.45, ""kappa_a"": 0.27999999999999997, ""kappa_b"": 0.36000000000000004, ""n_per_group"": 200000.0}",0.35,0.45,0.27999999999999997,0.36000000000000004,200000,theoretical_value,0.024000000000000025,synthetic,ALL,not_applicable,not_applicable
EXP-01,SYNTHETIC EXPERIMENT,1729,full,664a150484ed2af3,91b4e5e35293ac26,"{""alpha_a"": 0.35, ""alpha_b"": 0.5, ""kappa_a"": 0.27999999999999997, ""kappa_b"": 0.4, ""n_per_group"": 200000.0}",0.35,0.5,0.27999999999999997,0.4,200000,theoretical_value,0.03600000000000002,synthetic,ALL,not_applicable,not_applicable
EXP-01,SYNTHETIC EXPERIMENT,1729,full,664a150484ed2af3,6a57d6101833ea47,"{""alpha_a"": 0.35, ""alpha_b"": 0.55, ""kappa_a"": 0.27999999999999997, ""kappa_b"": 0.44000000000000006, ""n_per_group"": 200000.0}",0.35,0.55,0.27999999999999997,0.44000000000000006,200000,theoretical_value,0.048000000000000036,synthetic,ALL,not_applicable,not_applicable
EXP-01,SYNTHETIC EXPERIMENT,1729,full,664a150484ed2af3,003ec52360400121,"{""alpha_a"": 0.35, ""alpha_b"": 0.6, ""kappa_a"": 0.27999999999999997, ""kappa_b"": 0.48, ""n_per_group"": 200000.0}",0.35,0.6,0.27999999999999997,0.48,200000,theoretical_value,0.06000000000000001,synthetic,ALL,not_applicable,not_applicable
EXP-01,SYNTHETIC EXPERIMENT,1729,full,664a150484ed2af3,8151c1081acf6482,"{""alpha_a"": 0.35, ""alpha_b"": 0.65, ""kappa_a"": 0.27999999999999997, ""kappa_b"": 0.52, ""n_per_group"": 200000.0}",0.35,0.65,0.27999999999999997,0.52,200000,theoretical_value,0.07200000000000002,synthetic,ALL,not_applicable,not_applicable
EXP-01,SYNTHETIC EXPERIMENT,1729,full,664a150484ed2af3,f81d8f6eabc0273e,"{""alpha_a"": 0.35, ""alpha_b"": 0.7, ""kappa_a"": 0.27999999999999997, ""kappa_b"": 0.5599999999999999, ""n_per_group"": 200000.0}",0.35,0.7,0.27999999999999997,0.5599999999999999,200000,theoretical_value,0.084,synthetic,ALL,not_applicable,not_applicable
EXP-01,SYNTHETIC EXPERIMENT,1729,full,664a150484ed2af3,d11941c1c1d6866e,"{""alpha_a"": 0.35, ""alpha_b"": 0.75, ""kappa_a"": 0.27999999999999997, ""kappa_b"": 0.6000000000000001, ""n_per_group"": 200000.0}",0.35,0.75,0.27999999999999997,0.6000000000000001,200000,theoretical_value,0.09600000000000004,synthetic,ALL,not_applicable,not_applicable
EXP-01,SYNTHETIC EXPERIMENT,1729,full,664a150484ed2af3,e8a764d634ae1a8d,"{""alpha_a"": 0.35, ""alpha_b"": 0.8, ""kappa_a"": 0.27999999999999997, ""kappa_b"": 0.6400000000000001, ""n_per_group"": 200000.0}",0.35,0.8,0.27999999999999997,0.6400000000000001,200000,theoretical_value,0.10800000000000007,synthetic,ALL,not_applicable,not_applicable
EXP-01,SYNTHETIC EXPERIMENT,1729,full,664a150484ed2af3,b8492f83caf37e44,"{""alpha_a"": 0.35, ""alpha_b"": 0.85, ""kappa_a"": 0.27999999999999997, ""kappa_b"": 0.68, ""n_per_group"": 200000.0}",0.35,0.85,0.27999999999999997,0.68,200000,theoretical_value,0.12000000000000004,synthetic,ALL,not_applicable,not_applicable
EXP-01,SYNTHETIC EXPERIMENT,1729,full,664a150484ed2af3,6287da3aae39e980,"{""alpha_a"": 0.35, ""alpha_b"": 0.9, ""kappa_a"": 0.27999999999999997, ""kappa_b"": 0.7200000000000001, ""n_per_group"": 200000.0}",0.35,0.9,0.27999999999999997,0.7200000000000001,200000,theoretical_value,0.13200000000000006,synthetic,ALL,not_applicable,not_applicable
EXP-01,SYNTHETIC EXPERIMENT,1729,full,664a150484ed2af3,2b32f27fd4e80a79,"{""alpha_a"": 0.35, ""alpha_b"": 0.95, ""kappa_a"": 0.27999999999999997, ""kappa_b"": 0.76, ""n_per_group"": 200000.0}",0.35,0.95,0.27999999999999997,0.76,200000,theoretical_value,0.14400000000000004,synthetic,ALL,not_applicable,not_applicable
EXP-01,SYNTHETIC EXPERIMENT,1729,full,664a150484ed2af3,4d7933012ad65dbf,"{""alpha_a"": 0.35, ""alpha_b"": 1.0, ""kappa_a"": 0.27999999999999997, ""kappa_b"": 0.8, ""n_per_group"": 200000.0}",0.35,1.0,0.27999999999999997,0.8,200000,theoretical_value,0.15600000000000003,synthetic,ALL,not_applicable,not_applicable
EXP-01,SYNTHETIC EXPERIMENT,1729,full,664a150484ed2af3,fd3ca451b2202475,"{""alpha_a"": 0.4, ""alpha_b"": 0.0, ""kappa_a"": 0.32000000000000006, ""kappa_b"": 0.0, ""n_per_group"": 200000.0}",0.4,0.0,0.32000000000000006,0.0,200000,theoretical_value,0.09600000000000003,synthetic,ALL,not_applicable,not_applicable
EXP-01,SYNTHETIC EXPERIMENT,1729,full,664a150484ed2af3,63e807603323db67,"{""alpha_a"": 0.4, ""alpha_b"": 0.05, ""kappa_a"": 0.32000000000000006, ""kappa_b"": 0.04000000000000001, ""n_per_group"": 200000.0}",0.4,0.05,0.32000000000000006,0.04000000000000001,200000,theoretical_value,0.08400000000000002,synthetic,ALL,not_applicable,not_applicable
EXP-01,SYNTHETIC EXPERIMENT,1729,full,664a150484ed2af3,9bdc3fb5a6006220,"{""alpha_a"": 0.4, ""alpha_b"": 0.1, ""kappa_a"": 0.32000000000000006, ""kappa_b"": 0.08000000000000002, ""n_per_group"": 200000.0}",0.4,0.1,0.32000000000000006,0.08000000000000002,200000,theoretical_value,0.07200000000000002,synthetic,ALL,not_applicable,not_applicable
EXP-01,SYNTHETIC EXPERIMENT,1729,full,664a150484ed2af3,97a60a27eda409c1,"{""alpha_a"": 0.4, ""alpha_b"": 0.15, ""kappa_a"": 0.32000000000000006, ""kappa_b"": 0.12, ""n_per_group"": 200000.0}",0.4,0.15,0.32000000000000006,0.12,200000,theoretical_value,0.060000000000000026,synthetic,ALL,not_applicable,not_applicable
EXP-01,SYNTHETIC EXPERIMENT,1729,full,664a150484ed2af3,7a120db23a63e449,"{""alpha_a"": 0.4, ""alpha_b"": 0.2, ""kappa_a"": 0.32000000000000006, ""kappa_b"": 0.16000000000000003, ""n_per_group"": 200000.0}",0.4,0.2,0.32000000000000006,0.16000000000000003,200000,theoretical_value,0.048000000000000015,synthetic,ALL,not_applicable,not_applicable
EXP-01,SYNTHETIC EXPERIMENT,1729,full,664a150484ed2af3,7ffcf6878c61b440,"{""alpha_a"": 0.4, ""alpha_b"": 0.25, ""kappa_a"": 0.32000000000000006, ""kappa_b"": 0.2, ""n_per_group"": 200000.0}",0.4,0.25,0.32000000000000006,0.2,200000,theoretical_value,0.03600000000000002,synthetic,ALL,not_applicable,not_applicable
EXP-01,SYNTHETIC EXPERIMENT,1729,full,664a150484ed2af3,230e3561fa16a6d7,"{""alpha_a"": 0.4, ""alpha_b"": 0.3, ""kappa_a"": 0.32000000000000006, ""kappa_b"": 0.24, ""n_per_group"": 200000.0}",0.4,0.3,0.32000000000000006,0.24,200000,theoretical_value,0.024000000000000025,synthetic,ALL,not_applicable,not_applicable
EXP-01,SYNTHETIC EXPERIMENT,1729,full,664a150484ed2af3,03fbaac52b776e02,"{""alpha_a"": 0.4, ""alpha_b"": 0.35, ""kappa_a"": 0.32000000000000006, ""kappa_b"": 0.27999999999999997, ""n_per_group"": 200000.0}",0.4,0.35,0.32000000000000006,0.27999999999999997,200000,theoretical_value,0.01200000000000003,synthetic,ALL,not_applicable,not_applicable
EXP-01,SYNTHETIC EXPERIMENT,1729,full,664a150484ed2af3,03ded27d9830e29b,"{""alpha_a"": 0.4, ""alpha_b"": 0.4, ""kappa_a"": 0.32000000000000006, ""kappa_b"": 0.32000000000000006, ""n_per_group"": 200000.0}",0.4,0.4,0.32000000000000006,0.32000000000000006,200000,theoretical_value,0.0,synthetic,ALL,not_applicable,not_applicable
EXP-01,SYNTHETIC EXPERIMENT,1729,full,664a150484ed2af3,d0089757333dae2c,"{""alpha_a"": 0.4, ""alpha_b"": 0.45, ""kappa_a"": 0.32000000000000006, ""kappa_b"": 0.36000000000000004, ""n_per_group"": 200000.0}",0.4,0.45,0.32000000000000006,0.36000000000000004,200000,theoretical_value,0.011999999999999995,synthetic,ALL,not_applicable,not_applicable
EXP-01,SYNTHETIC EXPERIMENT,1729,full,664a150484ed2af3,efd4df14d055430f,"{""alpha_a"": 0.4, ""alpha_b"": 0.5, ""kappa_a"": 0.32000000000000006, ""kappa_b"": 0.4, ""n_per_group"": 200000.0}",0.4,0.5,0.32000000000000006,0.4,200000,theoretical_value,0.02399999999999999,synthetic,ALL,not_applicable,not_applicable
EXP-01,SYNTHETIC EXPERIMENT,1729,full,664a150484ed2af3,63f7ebf65d44ba8e,"{""alpha_a"": 0.4, ""alpha_b"": 0.55, ""kappa_a"": 0.32000000000000006, ""kappa_b"": 0.44000000000000006, ""n_per_group"": 200000.0}",0.4,0.55,0.32000000000000006,0.44000000000000006,200000,theoretical_value,0.036000000000000004,synthetic,ALL,not_applicable,not_applicable
EXP-01,SYNTHETIC EXPERIMENT,1729,full,664a150484ed2af3,1cc1ca6e183f8a2b,"{""alpha_a"": 0.4, ""alpha_b"": 0.6, ""kappa_a"": 0.32000000000000006, ""kappa_b"": 0.48, ""n_per_group"": 200000.0}",0.4,0.6,0.32000000000000006,0.48,200000,theoretical_value,0.04799999999999998,synthetic,ALL,not_applicable,not_applicable
EXP-01,SYNTHETIC EXPERIMENT,1729,full,664a150484ed2af3,cfb71de8aed2d04d,"{""alpha_a"": 0.4, ""alpha_b"": 0.65, ""kappa_a"": 0.32000000000000006, ""kappa_b"": 0.52, ""n_per_group"": 200000.0}",0.4,0.65,0.32000000000000006,0.52,200000,theoretical_value,0.06,synthetic,ALL,not_applicable,not_applicable
EXP-01,SYNTHETIC EXPERIMENT,1729,full,664a150484ed2af3,e7abb5db68be3d5d,"{""alpha_a"": 0.4, ""alpha_b"": 0.7, ""kappa_a"": 0.32000000000000006, ""kappa_b"": 0.5599999999999999, ""n_per_group"": 200000.0}",0.4,0.7,0.32000000000000006,0.5599999999999999,200000,theoretical_value,0.07199999999999998,synthetic,ALL,not_applicable,not_applicable
EXP-01,SYNTHETIC EXPERIMENT,1729,full,664a150484ed2af3,103b3c3f95fd79de,"{""alpha_a"": 0.4, ""alpha_b"": 0.75, ""kappa_a"": 0.32000000000000006, ""kappa_b"": 0.6000000000000001, ""n_per_group"": 200000.0}",0.4,0.75,0.32000000000000006,0.6000000000000001,200000,theoretical_value,0.08400000000000002,synthetic,ALL,not_applicable,not_applicable
EXP-01,SYNTHETIC EXPERIMENT,1729,full,664a150484ed2af3,fa9dc58ce3a3d192,"{""alpha_a"": 0.4, ""alpha_b"": 0.8, ""kappa_a"": 0.32000000000000006, ""kappa_b"": 0.6400000000000001, ""n_per_group"": 200000.0}",0.4,0.8,0.32000000000000006,0.6400000000000001,200000,theoretical_value,0.09600000000000003,synthetic,ALL,not_applicable,not_applicable
EXP-01,SYNTHETIC EXPERIMENT,1729,full,664a150484ed2af3,09bba40ea7955ff9,"{""alpha_a"": 0.4, ""alpha_b"": 0.85, ""kappa_a"": 0.32000000000000006, ""kappa_b"": 0.68, ""n_per_group"": 200000.0}",0.4,0.85,0.32000000000000006,0.68,200000,theoretical_value,0.10800000000000001,synthetic,ALL,not_applicable,not_applicable
EXP-01,SYNTHETIC EXPERIMENT,1729,full,664a150484ed2af3,b4b59d4a4736894e,"{""alpha_a"": 0.4, ""alpha_b"": 0.9, ""kappa_a"": 0.32000000000000006, ""kappa_b"": 0.7200000000000001, ""n_per_group"": 200000.0}",0.4,0.9,0.32000000000000006,0.7200000000000001,200000,theoretical_value,0.12000000000000002,synthetic,ALL,not_applicable,not_applicable
EXP-01,SYNTHETIC EXPERIMENT,1729,full,664a150484ed2af3,e8ae8ee79c12ce05,"{""alpha_a"": 0.4, ""alpha_b"": 0.95, ""kappa_a"": 0.32000000000000006, ""kappa_b"": 0.76, ""n_per_group"": 200000.0}",0.4,0.95,0.32000000000000006,0.76,200000,theoretical_value,0.132,synthetic,ALL,not_applicable,not_applicable
EXP-01,SYNTHETIC EXPERIMENT,1729,full,664a150484ed2af3,fdd731c5034f3760,"{""alpha_a"": 0.4, ""alpha_b"": 1.0, ""kappa_a"": 0.32000000000000006, ""kappa_b"": 0.8, ""n_per_group"": 200000.0}",0.4,1.0,0.32000000000000006,0.8,200000,theoretical_value,0.14400000000000002,synthetic,ALL,not_applicable,not_applicable
EXP-01,SYNTHETIC EXPERIMENT,1729,full,664a150484ed2af3,3bc2c22b7e765bc4,"{""alpha_a"": 0.45, ""alpha_b"": 0.0, ""kappa_a"": 0.36000000000000004, ""kappa_b"": 0.0, ""n_per_group"": 200000.0}",0.45,0.0,0.36000000000000004,0.0,200000,theoretical_value,0.10800000000000003,synthetic,ALL,not_applicable,not_applicable
EXP-01,SYNTHETIC EXPERIMENT,1729,full,664a150484ed2af3,c1c326a6a3dca213,"{""alpha_a"": 0.45, ""alpha_b"": 0.05, ""kappa_a"": 0.36000000000000004, ""kappa_b"": 0.04000000000000001, ""n_per_group"": 200000.0}",0.45,0.05,0.36000000000000004,0.04000000000000001,200000,theoretical_value,0.09600000000000003,synthetic,ALL,not_applicable,not_applicable
EXP-01,SYNTHETIC EXPERIMENT,1729,full,664a150484ed2af3,347d0774540d85da,"{""alpha_a"": 0.45, ""alpha_b"": 0.1, ""kappa_a"": 0.36000000000000004, ""kappa_b"": 0.08000000000000002, ""n_per_group"": 200000.0}",0.45,0.1,0.36000000000000004,0.08000000000000002,200000,theoretical_value,0.08400000000000002,synthetic,ALL,not_applicable,not_applicable
EXP-01,SYNTHETIC EXPERIMENT,1729,full,664a150484ed2af3,2016120a8fc63390,"{""alpha_a"": 0.45, ""alpha_b"": 0.15, ""kappa_a"": 0.36000000000000004, ""kappa_b"": 0.12, ""n_per_group"": 200000.0}",0.45,0.15,0.36000000000000004,0.12,200000,theoretical_value,0.07200000000000002,synthetic,ALL,not_applicable,not_applicable
EXP-01,SYNTHETIC EXPERIMENT,1729,full,664a150484ed2af3,1b652a39b9738507,"{""alpha_a"": 0.45, ""alpha_b"": 0.2, ""kappa_a"": 0.36000000000000004, ""kappa_b"": 0.16000000000000003, ""n_per_group"": 200000.0}",0.45,0.2,0.36000000000000004,0.16000000000000003,200000,theoretical_value,0.06000000000000001,synthetic,ALL,not_applicable,not_applicable
EXP-01,SYNTHETIC EXPERIMENT,1729,full,664a150484ed2af3,dc259b734594bede,"{""alpha_a"": 0.45, ""alpha_b"": 0.25, ""kappa_a"": 0.36000000000000004, ""kappa_b"": 0.2, ""n_per_group"": 200000.0}",0.45,0.25,0.36000000000000004,0.2,200000,theoretical_value,0.048000000000000015,synthetic,ALL,not_applicable,not_applicable
EXP-01,SYNTHETIC EXPERIMENT,1729,full,664a150484ed2af3,bce5e46cd91d2816,"{""alpha_a"": 0.45, ""alpha_b"": 0.3, ""kappa_a"": 0.36000000000000004, ""kappa_b"": 0.24, ""n_per_group"": 200000.0}",0.45,0.3,0.36000000000000004,0.24,200000,theoretical_value,0.03600000000000002,synthetic,ALL,not_applicable,not_applicable
EXP-01,SYNTHETIC EXPERIMENT,1729,full,664a150484ed2af3,91722f0d6b9ef0a3,"{""alpha_a"": 0.45, ""alpha_b"": 0.35, ""kappa_a"": 0.36000000000000004, ""kappa_b"": 0.27999999999999997, ""n_per_group"": 200000.0}",0.45,0.35,0.36000000000000004,0.27999999999999997,200000,theoretical_value,0.024000000000000025,synthetic,ALL,not_applicable,not_applicable
EXP-01,SYNTHETIC EXPERIMENT,1729,full,664a150484ed2af3,6d6fab7de068f0b7,"{""alpha_a"": 0.45, ""alpha_b"": 0.4, ""kappa_a"": 0.36000000000000004, ""kappa_b"": 0.32000000000000006, ""n_per_group"": 200000.0}",0.45,0.4,0.36000000000000004,0.32000000000000006,200000,theoretical_value,0.011999999999999995,synthetic,ALL,not_applicable,not_applicable
EXP-01,SYNTHETIC EXPERIMENT,1729,full,664a150484ed2af3,fe2e18d354fc4b93,"{""alpha_a"": 0.45, ""alpha_b"": 0.45, ""kappa_a"": 0.36000000000000004, ""kappa_b"": 0.36000000000000004, ""n_per_group"": 200000.0}",0.45,0.45,0.36000000000000004,0.36000000000000004,200000,theoretical_value,0.0,synthetic,ALL,not_applicable,not_applicable
EXP-01,SYNTHETIC EXPERIMENT,1729,full,664a150484ed2af3,c9687dad408ba59b,"{""alpha_a"": 0.45, ""alpha_b"": 0.5, ""kappa_a"": 0.36000000000000004, ""kappa_b"": 0.4, ""n_per_group"": 200000.0}",0.45,0.5,0.36000000000000004,0.4,200000,theoretical_value,0.011999999999999995,synthetic,ALL,not_applicable,not_applicable
EXP-01,SYNTHETIC EXPERIMENT,1729,full,664a150484ed2af3,46144f8fc8706c6a,"{""alpha_a"": 0.45, ""alpha_b"": 0.55, ""kappa_a"": 0.36000000000000004, ""kappa_b"": 0.44000000000000006, ""n_per_group"": 200000.0}",0.45,0.55,0.36000000000000004,0.44000000000000006,200000,theoretical_value,0.024000000000000007,synthetic,ALL,not_applicable,not_applicable
EXP-01,SYNTHETIC EXPERIMENT,1729,full,664a150484ed2af3,20e042f8fd00acde,"{""alpha_a"": 0.45, ""alpha_b"": 0.6, ""kappa_a"": 0.36000000000000004, ""kappa_b"": 0.48, ""n_per_group"": 200000.0}",0.45,0.6,0.36000000000000004,0.48,200000,theoretical_value,0.03599999999999999,synthetic,ALL,not_applicable,not_applicable
EXP-01,SYNTHETIC EXPERIMENT,1729,full,664a150484ed2af3,930255b761934dae,"{""alpha_a"": 0.45, ""alpha_b"": 0.65, ""kappa_a"": 0.36000000000000004, ""kappa_b"": 0.52, ""n_per_group"": 200000.0}",0.45,0.65,0.36000000000000004,0.52,200000,theoretical_value,0.048,synthetic,ALL,not_applicable,not_applicable
EXP-01,SYNTHETIC EXPERIMENT,1729,full,664a150484ed2af3,1d7c482c26022f4e,"{""alpha_a"": 0.45, ""alpha_b"": 0.7, ""kappa_a"": 0.36000000000000004, ""kappa_b"": 0.5599999999999999, ""n_per_group"": 200000.0}",0.45,0.7,0.36000000000000004,0.5599999999999999,200000,theoretical_value,0.05999999999999998,synthetic,ALL,not_applicable,not_applicable
EXP-01,SYNTHETIC EXPERIMENT,1729,full,664a150484ed2af3,2ce6124126bd3e85,"{""alpha_a"": 0.45, ""alpha_b"": 0.75, ""kappa_a"": 0.36000000000000004, ""kappa_b"": 0.6000000000000001, ""n_per_group"": 200000.0}",0.45,0.75,0.36000000000000004,0.6000000000000001,200000,theoretical_value,0.07200000000000002,synthetic,ALL,not_applicable,not_applicable
EXP-01,SYNTHETIC EXPERIMENT,1729,full,664a150484ed2af3,dcc3fc77ff3c93cc,"{""alpha_a"": 0.45, ""alpha_b"": 0.8, ""kappa_a"": 0.36000000000000004, ""kappa_b"": 0.6400000000000001, ""n_per_group"": 200000.0}",0.45,0.8,0.36000000000000004,0.6400000000000001,200000,theoretical_value,0.08400000000000003,synthetic,ALL,not_applicable,not_applicable
EXP-01,SYNTHETIC EXPERIMENT,1729,full,664a150484ed2af3,32b6f44fbb5ee4e9,"{""alpha_a"": 0.45, ""alpha_b"": 0.85, ""kappa_a"": 0.36000000000000004, ""kappa_b"": 0.68, ""n_per_group"": 200000.0}",0.45,0.85,0.36000000000000004,0.68,200000,theoretical_value,0.09600000000000002,synthetic,ALL,not_applicable,not_applicable
EXP-01,SYNTHETIC EXPERIMENT,1729,full,664a150484ed2af3,937dbef27968b658,"{""alpha_a"": 0.45, ""alpha_b"": 0.9, ""kappa_a"": 0.36000000000000004, ""kappa_b"": 0.7200000000000001, ""n_per_group"": 200000.0}",0.45,0.9,0.36000000000000004,0.7200000000000001,200000,theoretical_value,0.10800000000000003,synthetic,ALL,not_applicable,not_applicable
EXP-01,SYNTHETIC EXPERIMENT,1729,full,664a150484ed2af3,2db1985a44078181,"{""alpha_a"": 0.45, ""alpha_b"": 0.95, ""kappa_a"": 0.36000000000000004, ""kappa_b"": 0.76, ""n_per_group"": 200000.0}",0.45,0.95,0.36000000000000004,0.76,200000,theoretical_value,0.12000000000000001,synthetic,ALL,not_applicable,not_applicable
EXP-01,SYNTHETIC EXPERIMENT,1729,full,664a150484ed2af3,e462c422d18f96c1,"{""alpha_a"": 0.45, ""alpha_b"": 1.0, ""kappa_a"": 0.36000000000000004, ""kappa_b"": 0.8, ""n_per_group"": 200000.0}",0.45,1.0,0.36000000000000004,0.8,200000,theoretical_value,0.13200000000000003,synthetic,ALL,not_applicable,not_applicable
EXP-01,SYNTHETIC EXPERIMENT,1729,full,664a150484ed2af3,2317e2da2e740d7a,"{""alpha_a"": 0.5, ""alpha_b"": 0.0, ""kappa_a"": 0.4, ""kappa_b"": 0.0, ""n_per_group"": 200000.0}",0.5,0.0,0.4,0.0,200000,theoretical_value,0.12000000000000002,synthetic,ALL,not_applicable,not_applicable
EXP-01,SYNTHETIC EXPERIMENT,1729,full,664a150484ed2af3,5f880bbc3524c602,"{""alpha_a"": 0.5, ""alpha_b"": 0.05, ""kappa_a"": 0.4, ""kappa_b"": 0.04000000000000001, ""n_per_group"": 200000.0}",0.5,0.05,0.4,0.04000000000000001,200000,theoretical_value,0.10800000000000001,synthetic,ALL,not_applicable,not_applicable
EXP-01,SYNTHETIC EXPERIMENT,1729,full,664a150484ed2af3,cbee727bbee8b172,"{""alpha_a"": 0.5, ""alpha_b"": 0.1, ""kappa_a"": 0.4, ""kappa_b"": 0.08000000000000002, ""n_per_group"": 200000.0}",0.5,0.1,0.4,0.08000000000000002,200000,theoretical_value,0.09600000000000002,synthetic,ALL,not_applicable,not_applicable
EXP-01,SYNTHETIC EXPERIMENT,1729,full,664a150484ed2af3,c549ed94dc85c072,"{""alpha_a"": 0.5, ""alpha_b"": 0.15, ""kappa_a"": 0.4, ""kappa_b"": 0.12, ""n_per_group"": 200000.0}",0.5,0.15,0.4,0.12,200000,theoretical_value,0.08400000000000002,synthetic,ALL,not_applicable,not_applicable
EXP-01,SYNTHETIC EXPERIMENT,1729,full,664a150484ed2af3,e5c7966f86ab0d99,"{""alpha_a"": 0.5, ""alpha_b"": 0.2, ""kappa_a"": 0.4, ""kappa_b"": 0.16000000000000003, ""n_per_group"": 200000.0}",0.5,0.2,0.4,0.16000000000000003,200000,theoretical_value,0.07200000000000001,synthetic,ALL,not_applicable,not_applicable
EXP-01,SYNTHETIC EXPERIMENT,1729,full,664a150484ed2af3,51b1b4f5c30b1713,"{""alpha_a"": 0.5, ""alpha_b"": 0.25, ""kappa_a"": 0.4, ""kappa_b"": 0.2, ""n_per_group"": 200000.0}",0.5,0.25,0.4,0.2,200000,theoretical_value,0.06000000000000001,synthetic,ALL,not_applicable,not_applicable
EXP-01,SYNTHETIC EXPERIMENT,1729,full,664a150484ed2af3,72fe656b641cc483,"{""alpha_a"": 0.5, ""alpha_b"": 0.3, ""kappa_a"": 0.4, ""kappa_b"": 0.24, ""n_per_group"": 200000.0}",0.5,0.3,0.4,0.24,200000,theoretical_value,0.048000000000000015,synthetic,ALL,not_applicable,not_applicable
EXP-01,SYNTHETIC EXPERIMENT,1729,full,664a150484ed2af3,af622726dbd9c3ec,"{""alpha_a"": 0.5, ""alpha_b"": 0.35, ""kappa_a"": 0.4, ""kappa_b"": 0.27999999999999997, ""n_per_group"": 200000.0}",0.5,0.35,0.4,0.27999999999999997,200000,theoretical_value,0.03600000000000002,synthetic,ALL,not_applicable,not_applicable
EXP-01,SYNTHETIC EXPERIMENT,1729,full,664a150484ed2af3,a8d1656ae2edbe4f,"{""alpha_a"": 0.5, ""alpha_b"": 0.4, ""kappa_a"": 0.4, ""kappa_b"": 0.32000000000000006, ""n_per_group"": 200000.0}",0.5,0.4,0.4,0.32000000000000006,200000,theoretical_value,0.02399999999999999,synthetic,ALL,not_applicable,not_applicable
EXP-01,SYNTHETIC EXPERIMENT,1729,full,664a150484ed2af3,3392003f79f25b89,"{""alpha_a"": 0.5, ""alpha_b"": 0.45, ""kappa_a"": 0.4, ""kappa_b"": 0.36000000000000004, ""n_per_group"": 200000.0}",0.5,0.45,0.4,0.36000000000000004,200000,theoretical_value,0.011999999999999995,synthetic,ALL,not_applicable,not_applicable
EXP-01,SYNTHETIC EXPERIMENT,1729,full,664a150484ed2af3,6beae1245aca91e7,"{""alpha_a"": 0.5, ""alpha_b"": 0.5, ""kappa_a"": 0.4, ""kappa_b"": 0.4, ""n_per_group"": 200000.0}",0.5,0.5,0.4,0.4,200000,theoretical_value,0.0,synthetic,ALL,not_applicable,not_applicable
EXP-01,SYNTHETIC EXPERIMENT,1729,full,664a150484ed2af3,e09e5da7081a7b00,"{""alpha_a"": 0.5, ""alpha_b"": 0.55, ""kappa_a"": 0.4, ""kappa_b"": 0.44000000000000006, ""n_per_group"": 200000.0}",0.5,0.55,0.4,0.44000000000000006,200000,theoretical_value,0.012000000000000012,synthetic,ALL,not_applicable,not_applicable
EXP-01,SYNTHETIC EXPERIMENT,1729,full,664a150484ed2af3,1062d55c00574d05,"{""alpha_a"": 0.5, ""alpha_b"": 0.6, ""kappa_a"": 0.4, ""kappa_b"": 0.48, ""n_per_group"": 200000.0}",0.5,0.6,0.4,0.48,200000,theoretical_value,0.02399999999999999,synthetic,ALL,not_applicable,not_applicable
EXP-01,SYNTHETIC EXPERIMENT,1729,full,664a150484ed2af3,d98db135ea8d5701,"{""alpha_a"": 0.5, ""alpha_b"": 0.65, ""kappa_a"": 0.4, ""kappa_b"": 0.52, ""n_per_group"": 200000.0}",0.5,0.65,0.4,0.52,200000,theoretical_value,0.036000000000000004,synthetic,ALL,not_applicable,not_applicable
EXP-01,SYNTHETIC EXPERIMENT,1729,full,664a150484ed2af3,3daace0638f99e2f,"{""alpha_a"": 0.5, ""alpha_b"": 0.7, ""kappa_a"": 0.4, ""kappa_b"": 0.5599999999999999, ""n_per_group"": 200000.0}",0.5,0.7,0.4,0.5599999999999999,200000,theoretical_value,0.04799999999999998,synthetic,ALL,not_applicable,not_applicable
EXP-01,SYNTHETIC EXPERIMENT,1729,full,664a150484ed2af3,a5041d65159fb462,"{""alpha_a"": 0.5, ""alpha_b"": 0.75, ""kappa_a"": 0.4, ""kappa_b"": 0.6000000000000001, ""n_per_group"": 200000.0}",0.5,0.75,0.4,0.6000000000000001,200000,theoretical_value,0.060000000000000026,synthetic,ALL,not_applicable,not_applicable
EXP-01,SYNTHETIC EXPERIMENT,1729,full,664a150484ed2af3,ce083d1501305d1c,"{""alpha_a"": 0.5, ""alpha_b"": 0.8, ""kappa_a"": 0.4, ""kappa_b"": 0.6400000000000001, ""n_per_group"": 200000.0}",0.5,0.8,0.4,0.6400000000000001,200000,theoretical_value,0.07200000000000004,synthetic,ALL,not_applicable,not_applicable
EXP-01,SYNTHETIC EXPERIMENT,1729,full,664a150484ed2af3,6b66bbcc88daace4,"{""alpha_a"": 0.5, ""alpha_b"": 0.85, ""kappa_a"": 0.4, ""kappa_b"": 0.68, ""n_per_group"": 200000.0}",0.5,0.85,0.4,0.68,200000,theoretical_value,0.08400000000000002,synthetic,ALL,not_applicable,not_applicable
EXP-01,SYNTHETIC EXPERIMENT,1729,full,664a150484ed2af3,74f5aa3687c13f75,"{""alpha_a"": 0.5, ""alpha_b"": 0.9, ""kappa_a"": 0.4, ""kappa_b"": 0.7200000000000001, ""n_per_group"": 200000.0}",0.5,0.9,0.4,0.7200000000000001,200000,theoretical_value,0.09600000000000003,synthetic,ALL,not_applicable,not_applicable
EXP-01,SYNTHETIC EXPERIMENT,1729,full,664a150484ed2af3,32688959679582cb,"{""alpha_a"": 0.5, ""alpha_b"": 0.95, ""kappa_a"": 0.4, ""kappa_b"": 0.76, ""n_per_group"": 200000.0}",0.5,0.95,0.4,0.76,200000,theoretical_value,0.10800000000000001,synthetic,ALL,not_applicable,not_applicable
EXP-01,SYNTHETIC EXPERIMENT,1729,full,664a150484ed2af3,32c63b25e253f30f,"{""alpha_a"": 0.5, ""alpha_b"": 1.0, ""kappa_a"": 0.4, ""kappa_b"": 0.8, ""n_per_group"": 200000.0}",0.5,1.0,0.4,0.8,200000,theoretical_value,0.12000000000000002,synthetic,ALL,not_applicable,not_applicable
EXP-01,SYNTHETIC EXPERIMENT,1729,full,664a150484ed2af3,98adb6a0ac9f9b3d,"{""alpha_a"": 0.55, ""alpha_b"": 0.0, ""kappa_a"": 0.44000000000000006, ""kappa_b"": 0.0, ""n_per_group"": 200000.0}",0.55,0.0,0.44000000000000006,0.0,200000,theoretical_value,0.13200000000000003,synthetic,ALL,not_applicable,not_applicable
EXP-01,SYNTHETIC EXPERIMENT,1729,full,664a150484ed2af3,78a5de4ade8b5736,"{""alpha_a"": 0.55, ""alpha_b"": 0.05, ""kappa_a"": 0.44000000000000006, ""kappa_b"": 0.04000000000000001, ""n_per_group"": 200000.0}",0.55,0.05,0.44000000000000006,0.04000000000000001,200000,theoretical_value,0.12000000000000002,synthetic,ALL,not_applicable,not_applicable
EXP-01,SYNTHETIC EXPERIMENT,1729,full,664a150484ed2af3,4845ede7694bed0b,"{""alpha_a"": 0.55, ""alpha_b"": 0.1, ""kappa_a"": 0.44000000000000006, ""kappa_b"": 0.08000000000000002, ""n_per_group"": 200000.0}",0.55,0.1,0.44000000000000006,0.08000000000000002,200000,theoretical_value,0.10800000000000003,synthetic,ALL,not_applicable,not_applicable
EXP-01,SYNTHETIC EXPERIMENT,1729,full,664a150484ed2af3,d561748042cedcef,"{""alpha_a"": 0.55, ""alpha_b"": 0.15, ""kappa_a"": 0.44000000000000006, ""kappa_b"": 0.12, ""n_per_group"": 200000.0}",0.55,0.15,0.44000000000000006,0.12,200000,theoretical_value,0.09600000000000003,synthetic,ALL,not_applicable,not_applicable
EXP-01,SYNTHETIC EXPERIMENT,1729,full,664a150484ed2af3,8751ce8981d1ab37,"{""alpha_a"": 0.55, ""alpha_b"": 0.2, ""kappa_a"": 0.44000000000000006, ""kappa_b"": 0.16000000000000003, ""n_per_group"": 200000.0}",0.55,0.2,0.44000000000000006,0.16000000000000003,200000,theoretical_value,0.08400000000000002,synthetic,ALL,not_applicable,not_applicable
EXP-01,SYNTHETIC EXPERIMENT,1729,full,664a150484ed2af3,12dfd3a079d67fa3,"{""alpha_a"": 0.55, ""alpha_b"": 0.25, ""kappa_a"": 0.44000000000000006, ""kappa_b"": 0.2, ""n_per_group"": 200000.0}",0.55,0.25,0.44000000000000006,0.2,200000,theoretical_value,0.07200000000000002,synthetic,ALL,not_applicable,not_applicable
EXP-01,SYNTHETIC EXPERIMENT,1729,full,664a150484ed2af3,e4d4837ff7754ea2,"{""alpha_a"": 0.55, ""alpha_b"": 0.3, ""kappa_a"": 0.44000000000000006, ""kappa_b"": 0.24, ""n_per_group"": 200000.0}",0.55,0.3,0.44000000000000006,0.24,200000,theoretical_value,0.060000000000000026,synthetic,ALL,not_applicable,not_applicable
EXP-01,SYNTHETIC EXPERIMENT,1729,full,664a150484ed2af3,8aac5e321030839e,"{""alpha_a"": 0.55, ""alpha_b"": 0.35, ""kappa_a"": 0.44000000000000006, ""kappa_b"": 0.27999999999999997, ""n_per_group"": 200000.0}",0.55,0.35,0.44000000000000006,0.27999999999999997,200000,theoretical_value,0.048000000000000036,synthetic,ALL,not_applicable,not_applicable
EXP-01,SYNTHETIC EXPERIMENT,1729,full,664a150484ed2af3,a6e0dabdc5c1de0a,"{""alpha_a"": 0.55, ""alpha_b"": 0.4, ""kappa_a"": 0.44000000000000006, ""kappa_b"": 0.32000000000000006, ""n_per_group"": 200000.0}",0.55,0.4,0.44000000000000006,0.32000000000000006,200000,theoretical_value,0.036000000000000004,synthetic,ALL,not_applicable,not_applicable
EXP-01,SYNTHETIC EXPERIMENT,1729,full,664a150484ed2af3,6b9cb14935daa48e,"{""alpha_a"": 0.55, ""alpha_b"": 0.45, ""kappa_a"": 0.44000000000000006, ""kappa_b"": 0.36000000000000004, ""n_per_group"": 200000.0}",0.55,0.45,0.44000000000000006,0.36000000000000004,200000,theoretical_value,0.024000000000000007,synthetic,ALL,not_applicable,not_applicable
EXP-01,SYNTHETIC EXPERIMENT,1729,full,664a150484ed2af3,d23e16099cb9ffe6,"{""alpha_a"": 0.55, ""alpha_b"": 0.5, ""kappa_a"": 0.44000000000000006, ""kappa_b"": 0.4, ""n_per_group"": 200000.0}",0.55,0.5,0.44000000000000006,0.4,200000,theoretical_value,0.012000000000000012,synthetic,ALL,not_applicable,not_applicable
EXP-01,SYNTHETIC EXPERIMENT,1729,full,664a150484ed2af3,5d08b2ce05bfb185,"{""alpha_a"": 0.55, ""alpha_b"": 0.55, ""kappa_a"": 0.44000000000000006, ""kappa_b"": 0.44000000000000006, ""n_per_group"": 200000.0}",0.55,0.55,0.44000000000000006,0.44000000000000006,200000,theoretical_value,0.0,synthetic,ALL,not_applicable,not_applicable
EXP-01,SYNTHETIC EXPERIMENT,1729,full,664a150484ed2af3,91194d1ea7ca542b,"{""alpha_a"": 0.55, ""alpha_b"": 0.6, ""kappa_a"": 0.44000000000000006, ""kappa_b"": 0.48, ""n_per_group"": 200000.0}",0.55,0.6,0.44000000000000006,0.48,200000,theoretical_value,0.01199999999999998,synthetic,ALL,not_applicable,not_applicable
EXP-01,SYNTHETIC EXPERIMENT,1729,full,664a150484ed2af3,c8c2017e28a9d555,"{""alpha_a"": 0.55, ""alpha_b"": 0.65, ""kappa_a"": 0.44000000000000006, ""kappa_b"": 0.52, ""n_per_group"": 200000.0}",0.55,0.65,0.44000000000000006,0.52,200000,theoretical_value,0.02399999999999999,synthetic,ALL,not_applicable,not_applicable
EXP-01,SYNTHETIC EXPERIMENT,1729,full,664a150484ed2af3,23418fc93e09469c,"{""alpha_a"": 0.55, ""alpha_b"": 0.7, ""kappa_a"": 0.44000000000000006, ""kappa_b"": 0.5599999999999999, ""n_per_group"": 200000.0}",0.55,0.7,0.44000000000000006,0.5599999999999999,200000,theoretical_value,0.03599999999999997,synthetic,ALL,not_applicable,not_applicable
EXP-01,SYNTHETIC EXPERIMENT,1729,full,664a150484ed2af3,bd14f0b165623491,"{""alpha_a"": 0.55, ""alpha_b"": 0.75, ""kappa_a"": 0.44000000000000006, ""kappa_b"": 0.6000000000000001, ""n_per_group"": 200000.0}",0.55,0.75,0.44000000000000006,0.6000000000000001,200000,theoretical_value,0.048000000000000015,synthetic,ALL,not_applicable,not_applicable
EXP-01,SYNTHETIC EXPERIMENT,1729,full,664a150484ed2af3,b88630dd87f69369,"{""alpha_a"": 0.55, ""alpha_b"": 0.8, ""kappa_a"": 0.44000000000000006, ""kappa_b"": 0.6400000000000001, ""n_per_group"": 200000.0}",0.55,0.8,0.44000000000000006,0.6400000000000001,200000,theoretical_value,0.060000000000000026,synthetic,ALL,not_applicable,not_applicable
EXP-01,SYNTHETIC EXPERIMENT,1729,full,664a150484ed2af3,6c2ec5e5c4c4d043,"{""alpha_a"": 0.55, ""alpha_b"": 0.85, ""kappa_a"": 0.44000000000000006, ""kappa_b"": 0.68, ""n_per_group"": 200000.0}",0.55,0.85,0.44000000000000006,0.68,200000,theoretical_value,0.07200000000000001,synthetic,ALL,not_applicable,not_applicable
EXP-01,SYNTHETIC EXPERIMENT,1729,full,664a150484ed2af3,b34d2bbf74338187,"{""alpha_a"": 0.55, ""alpha_b"": 0.9, ""kappa_a"": 0.44000000000000006, ""kappa_b"": 0.7200000000000001, ""n_per_group"": 200000.0}",0.55,0.9,0.44000000000000006,0.7200000000000001,200000,theoretical_value,0.08400000000000002,synthetic,ALL,not_applicable,not_applicable
EXP-01,SYNTHETIC EXPERIMENT,1729,full,664a150484ed2af3,1a35cdd70a8fdb97,"{""alpha_a"": 0.55, ""alpha_b"": 0.95, ""kappa_a"": 0.44000000000000006, ""kappa_b"": 0.76, ""n_per_group"": 200000.0}",0.55,0.95,0.44000000000000006,0.76,200000,theoretical_value,0.096,synthetic,ALL,not_applicable,not_applicable
EXP-01,SYNTHETIC EXPERIMENT,1729,full,664a150484ed2af3,e5add7c7d801a5ae,"{""alpha_a"": 0.55, ""alpha_b"": 1.0, ""kappa_a"": 0.44000000000000006, ""kappa_b"": 0.8, ""n_per_group"": 200000.0}",0.55,1.0,0.44000000000000006,0.8,200000,theoretical_value,0.10800000000000001,synthetic,ALL,not_applicable,not_applicable
EXP-01,SYNTHETIC EXPERIMENT,1729,full,664a150484ed2af3,50221bd8f402343b,"{""alpha_a"": 0.6, ""alpha_b"": 0.0, ""kappa_a"": 0.48, ""kappa_b"": 0.0, ""n_per_group"": 200000.0}",0.6,0.0,0.48,0.0,200000,theoretical_value,0.14400000000000002,synthetic,ALL,not_applicable,not_applicable
EXP-01,SYNTHETIC EXPERIMENT,1729,full,664a150484ed2af3,651eb2352d5e0ecd,"{""alpha_a"": 0.6, ""alpha_b"": 0.05, ""kappa_a"": 0.48, ""kappa_b"": 0.04000000000000001, ""n_per_group"": 200000.0}",0.6,0.05,0.48,0.04000000000000001,200000,theoretical_value,0.132,synthetic,ALL,not_applicable,not_applicable
EXP-01,SYNTHETIC EXPERIMENT,1729,full,664a150484ed2af3,163d8f9d1b8bfe8d,"{""alpha_a"": 0.6, ""alpha_b"": 0.1, ""kappa_a"": 0.48, ""kappa_b"": 0.08000000000000002, ""n_per_group"": 200000.0}",0.6,0.1,0.48,0.08000000000000002,200000,theoretical_value,0.12000000000000001,synthetic,ALL,not_applicable,not_applicable
EXP-01,SYNTHETIC EXPERIMENT,1729,full,664a150484ed2af3,e05d8a686a8954e9,"{""alpha_a"": 0.6, ""alpha_b"": 0.15, ""kappa_a"": 0.48, ""kappa_b"": 0.12, ""n_per_group"": 200000.0}",0.6,0.15,0.48,0.12,200000,theoretical_value,0.10800000000000001,synthetic,ALL,not_applicable,not_applicable
EXP-01,SYNTHETIC EXPERIMENT,1729,full,664a150484ed2af3,43d92043ecd69631,"{""alpha_a"": 0.6, ""alpha_b"": 0.2, ""kappa_a"": 0.48, ""kappa_b"": 0.16000000000000003, ""n_per_group"": 200000.0}",0.6,0.2,0.48,0.16000000000000003,200000,theoretical_value,0.096,synthetic,ALL,not_applicable,not_applicable
EXP-01,SYNTHETIC EXPERIMENT,1729,full,664a150484ed2af3,65f53042fd482273,"{""alpha_a"": 0.6, ""alpha_b"": 0.25, ""kappa_a"": 0.48, ""kappa_b"": 0.2, ""n_per_group"": 200000.0}",0.6,0.25,0.48,0.2,200000,theoretical_value,0.084,synthetic,ALL,not_applicable,not_applicable
EXP-01,SYNTHETIC EXPERIMENT,1729,full,664a150484ed2af3,cc544c0e221b5ff2,"{""alpha_a"": 0.6, ""alpha_b"": 0.3, ""kappa_a"": 0.48, ""kappa_b"": 0.24, ""n_per_group"": 200000.0}",0.6,0.3,0.48,0.24,200000,theoretical_value,0.07200000000000001,synthetic,ALL,not_applicable,not_applicable
EXP-01,SYNTHETIC EXPERIMENT,1729,full,664a150484ed2af3,e7aaa3eb9dade217,"{""alpha_a"": 0.6, ""alpha_b"": 0.35, ""kappa_a"": 0.48, ""kappa_b"": 0.27999999999999997, ""n_per_group"": 200000.0}",0.6,0.35,0.48,0.27999999999999997,200000,theoretical_value,0.06000000000000001,synthetic,ALL,not_applicable,not_applicable
EXP-01,SYNTHETIC EXPERIMENT,1729,full,664a150484ed2af3,3ac735935f127d26,"{""alpha_a"": 0.6, ""alpha_b"": 0.4, ""kappa_a"": 0.48, ""kappa_b"": 0.32000000000000006, ""n_per_group"": 200000.0}",0.6,0.4,0.48,0.32000000000000006,200000,theoretical_value,0.04799999999999998,synthetic,ALL,not_applicable,not_applicable
EXP-01,SYNTHETIC EXPERIMENT,1729,full,664a150484ed2af3,bf79925dafbd26b9,"{""alpha_a"": 0.6, ""alpha_b"": 0.45, ""kappa_a"": 0.48, ""kappa_b"": 0.36000000000000004, ""n_per_group"": 200000.0}",0.6,0.45,0.48,0.36000000000000004,200000,theoretical_value,0.03599999999999999,synthetic,ALL,not_applicable,not_applicable
EXP-01,SYNTHETIC EXPERIMENT,1729,full,664a150484ed2af3,2d923d3c491d34fb,"{""alpha_a"": 0.6, ""alpha_b"": 0.5, ""kappa_a"": 0.48, ""kappa_b"": 0.4, ""n_per_group"": 200000.0}",0.6,0.5,0.48,0.4,200000,theoretical_value,0.02399999999999999,synthetic,ALL,not_applicable,not_applicable
EXP-01,SYNTHETIC EXPERIMENT,1729,full,664a150484ed2af3,577fb647f69f629b,"{""alpha_a"": 0.6, ""alpha_b"": 0.55, ""kappa_a"": 0.48, ""kappa_b"": 0.44000000000000006, ""n_per_group"": 200000.0}",0.6,0.55,0.48,0.44000000000000006,200000,theoretical_value,0.01199999999999998,synthetic,ALL,not_applicable,not_applicable
EXP-01,SYNTHETIC EXPERIMENT,1729,full,664a150484ed2af3,780a17c5091409ed,"{""alpha_a"": 0.6, ""alpha_b"": 0.6, ""kappa_a"": 0.48, ""kappa_b"": 0.48, ""n_per_group"": 200000.0}",0.6,0.6,0.48,0.48,200000,theoretical_value,0.0,synthetic,ALL,not_applicable,not_applicable
EXP-01,SYNTHETIC EXPERIMENT,1729,full,664a150484ed2af3,c647f1f7edbb3a38,"{""alpha_a"": 0.6, ""alpha_b"": 0.65, ""kappa_a"": 0.48, ""kappa_b"": 0.52, ""n_per_group"": 200000.0}",0.6,0.65,0.48,0.52,200000,theoretical_value,0.012000000000000012,synthetic,ALL,not_applicable,not_applicable
EXP-01,SYNTHETIC EXPERIMENT,1729,full,664a150484ed2af3,9f999dfd01025484,"{""alpha_a"": 0.6, ""alpha_b"": 0.7, ""kappa_a"": 0.48, ""kappa_b"": 0.5599999999999999, ""n_per_group"": 200000.0}",0.6,0.7,0.48,0.5599999999999999,200000,theoretical_value,0.02399999999999999,synthetic,ALL,not_applicable,not_applicable
EXP-01,SYNTHETIC EXPERIMENT,1729,full,664a150484ed2af3,4a5d7fb971e337ce,"{""alpha_a"": 0.6, ""alpha_b"": 0.75, ""kappa_a"": 0.48, ""kappa_b"": 0.6000000000000001, ""n_per_group"": 200000.0}",0.6,0.75,0.48,0.6000000000000001,200000,theoretical_value,0.03600000000000004,synthetic,ALL,not_applicable,not_applicable
EXP-01,SYNTHETIC EXPERIMENT,1729,full,664a150484ed2af3,a186c70650e1139c,"{""alpha_a"": 0.6, ""alpha_b"": 0.8, ""kappa_a"": 0.48, ""kappa_b"": 0.6400000000000001, ""n_per_group"": 200000.0}",0.6,0.8,0.48,0.6400000000000001,200000,theoretical_value,0.04800000000000005,synthetic,ALL,not_applicable,not_applicable
EXP-01,SYNTHETIC EXPERIMENT,1729,full,664a150484ed2af3,de8705685ae9e61f,"{""alpha_a"": 0.6, ""alpha_b"": 0.85, ""kappa_a"": 0.48, ""kappa_b"": 0.68, ""n_per_group"": 200000.0}",0.6,0.85,0.48,0.68,200000,theoretical_value,0.060000000000000026,synthetic,ALL,not_applicable,not_applicable
EXP-01,SYNTHETIC EXPERIMENT,1729,full,664a150484ed2af3,694c75f683525a03,"{""alpha_a"": 0.6, ""alpha_b"": 0.9, ""kappa_a"": 0.48, ""kappa_b"": 0.7200000000000001, ""n_per_group"": 200000.0}",0.6,0.9,0.48,0.7200000000000001,200000,theoretical_value,0.07200000000000004,synthetic,ALL,not_applicable,not_applicable
EXP-01,SYNTHETIC EXPERIMENT,1729,full,664a150484ed2af3,78c170e48cdb4c3c,"{""alpha_a"": 0.6, ""alpha_b"": 0.95, ""kappa_a"": 0.48, ""kappa_b"": 0.76, ""n_per_group"": 200000.0}",0.6,0.95,0.48,0.76,200000,theoretical_value,0.08400000000000002,synthetic,ALL,not_applicable,not_applicable
EXP-01,SYNTHETIC EXPERIMENT,1729,full,664a150484ed2af3,d50ead690aaf4332,"{""alpha_a"": 0.6, ""alpha_b"": 1.0, ""kappa_a"": 0.48, ""kappa_b"": 0.8, ""n_per_group"": 200000.0}",0.6,1.0,0.48,0.8,200000,theoretical_value,0.09600000000000003,synthetic,ALL,not_applicable,not_applicable
EXP-01,SYNTHETIC EXPERIMENT,1729,full,664a150484ed2af3,8237ac1b2921d88e,"{""alpha_a"": 0.65, ""alpha_b"": 0.0, ""kappa_a"": 0.52, ""kappa_b"": 0.0, ""n_per_group"": 200000.0}",0.65,0.0,0.52,0.0,200000,theoretical_value,0.15600000000000003,synthetic,ALL,not_applicable,not_applicable
EXP-01,SYNTHETIC EXPERIMENT,1729,full,664a150484ed2af3,797d6a7e2cc9844e,"{""alpha_a"": 0.65, ""alpha_b"": 0.05, ""kappa_a"": 0.52, ""kappa_b"": 0.04000000000000001, ""n_per_group"": 200000.0}",0.65,0.05,0.52,0.04000000000000001,200000,theoretical_value,0.14400000000000002,synthetic,ALL,not_applicable,not_applicable
EXP-01,SYNTHETIC EXPERIMENT,1729,full,664a150484ed2af3,0204098df3c3b9e5,"{""alpha_a"": 0.65, ""alpha_b"": 0.1, ""kappa_a"": 0.52, ""kappa_b"": 0.08000000000000002, ""n_per_group"": 200000.0}",0.65,0.1,0.52,0.08000000000000002,200000,theoretical_value,0.13200000000000003,synthetic,ALL,not_applicable,not_applicable
EXP-01,SYNTHETIC EXPERIMENT,1729,full,664a150484ed2af3,d2ea0a9ab848cf49,"{""alpha_a"": 0.65, ""alpha_b"": 0.15, ""kappa_a"": 0.52, ""kappa_b"": 0.12, ""n_per_group"": 200000.0}",0.65,0.15,0.52,0.12,200000,theoretical_value,0.12000000000000002,synthetic,ALL,not_applicable,not_applicable
EXP-01,SYNTHETIC EXPERIMENT,1729,full,664a150484ed2af3,589f1decf964336d,"{""alpha_a"": 0.65, ""alpha_b"": 0.2, ""kappa_a"": 0.52, ""kappa_b"": 0.16000000000000003, ""n_per_group"": 200000.0}",0.65,0.2,0.52,0.16000000000000003,200000,theoretical_value,0.10800000000000001,synthetic,ALL,not_applicable,not_applicable
EXP-01,SYNTHETIC EXPERIMENT,1729,full,664a150484ed2af3,bbbcbbb934f1bd57,"{""alpha_a"": 0.65, ""alpha_b"": 0.25, ""kappa_a"": 0.52, ""kappa_b"": 0.2, ""n_per_group"": 200000.0}",0.65,0.25,0.52,0.2,200000,theoretical_value,0.09600000000000002,synthetic,ALL,not_applicable,not_applicable
EXP-01,SYNTHETIC EXPERIMENT,1729,full,664a150484ed2af3,56231ef03c73dc69,"{""alpha_a"": 0.65, ""alpha_b"": 0.3, ""kappa_a"": 0.52, ""kappa_b"": 0.24, ""n_per_group"": 200000.0}",0.65,0.3,0.52,0.24,200000,theoretical_value,0.08400000000000002,synthetic,ALL,not_applicable,not_applicable
EXP-01,SYNTHETIC EXPERIMENT,1729,full,664a150484ed2af3,d874f9b45c68c078,"{""alpha_a"": 0.65, ""alpha_b"": 0.35, ""kappa_a"": 0.52, ""kappa_b"": 0.27999999999999997, ""n_per_group"": 200000.0}",0.65,0.35,0.52,0.27999999999999997,200000,theoretical_value,0.07200000000000002,synthetic,ALL,not_applicable,not_applicable
EXP-01,SYNTHETIC EXPERIMENT,1729,full,664a150484ed2af3,c2e26c6bf8a9eb55,"{""alpha_a"": 0.65, ""alpha_b"": 0.4, ""kappa_a"": 0.52, ""kappa_b"": 0.32000000000000006, ""n_per_group"": 200000.0}",0.65,0.4,0.52,0.32000000000000006,200000,theoretical_value,0.06,synthetic,ALL,not_applicable,not_applicable
EXP-01,SYNTHETIC EXPERIMENT,1729,full,664a150484ed2af3,52dee04e5176f973,"{""alpha_a"": 0.65, ""alpha_b"": 0.45, ""kappa_a"": 0.52, ""kappa_b"": 0.36000000000000004, ""n_per_group"": 200000.0}",0.65,0.45,0.52,0.36000000000000004,200000,theoretical_value,0.048,synthetic,ALL,not_applicable,not_applicable
EXP-01,SYNTHETIC EXPERIMENT,1729,full,664a150484ed2af3,cb151264c8c41395,"{""alpha_a"": 0.65, ""alpha_b"": 0.5, ""kappa_a"": 0.52, ""kappa_b"": 0.4, ""n_per_group"": 200000.0}",0.65,0.5,0.52,0.4,200000,theoretical_value,0.036000000000000004,synthetic,ALL,not_applicable,not_applicable
EXP-01,SYNTHETIC EXPERIMENT,1729,full,664a150484ed2af3,cb4cc85d75c9f4dc,"{""alpha_a"": 0.65, ""alpha_b"": 0.55, ""kappa_a"": 0.52, ""kappa_b"": 0.44000000000000006, ""n_per_group"": 200000.0}",0.65,0.55,0.52,0.44000000000000006,200000,theoretical_value,0.02399999999999999,synthetic,ALL,not_applicable,not_applicable
EXP-01,SYNTHETIC EXPERIMENT,1729,full,664a150484ed2af3,867631e66e98681d,"{""alpha_a"": 0.65, ""alpha_b"": 0.6, ""kappa_a"": 0.52, ""kappa_b"": 0.48, ""n_per_group"": 200000.0}",0.65,0.6,0.52,0.48,200000,theoretical_value,0.012000000000000012,synthetic,ALL,not_applicable,not_applicable
EXP-01,SYNTHETIC EXPERIMENT,1729,full,664a150484ed2af3,cdde18ec67287c88,"{""alpha_a"": 0.65, ""alpha_b"": 0.65, ""kappa_a"": 0.52, ""kappa_b"": 0.52, ""n_per_group"": 200000.0}",0.65,0.65,0.52,0.52,200000,theoretical_value,0.0,synthetic,ALL,not_applicable,not_applicable
EXP-01,SYNTHETIC EXPERIMENT,1729,full,664a150484ed2af3,8db4e03766b93699,"{""alpha_a"": 0.65, ""alpha_b"": 0.7, ""kappa_a"": 0.52, ""kappa_b"": 0.5599999999999999, ""n_per_group"": 200000.0}",0.65,0.7,0.52,0.5599999999999999,200000,theoretical_value,0.01199999999999998,synthetic,ALL,not_applicable,not_applicable
EXP-01,SYNTHETIC EXPERIMENT,1729,full,664a150484ed2af3,defa8621e1dae86e,"{""alpha_a"": 0.65, ""alpha_b"": 0.75, ""kappa_a"": 0.52, ""kappa_b"": 0.6000000000000001, ""n_per_group"": 200000.0}",0.65,0.75,0.52,0.6000000000000001,200000,theoretical_value,0.024000000000000025,synthetic,ALL,not_applicable,not_applicable
EXP-01,SYNTHETIC EXPERIMENT,1729,full,664a150484ed2af3,e806bd5df6f97888,"{""alpha_a"": 0.65, ""alpha_b"": 0.8, ""kappa_a"": 0.52, ""kappa_b"": 0.6400000000000001, ""n_per_group"": 200000.0}",0.65,0.8,0.52,0.6400000000000001,200000,theoretical_value,0.03600000000000004,synthetic,ALL,not_applicable,not_applicable
EXP-01,SYNTHETIC EXPERIMENT,1729,full,664a150484ed2af3,0903ae1542382f5e,"{""alpha_a"": 0.65, ""alpha_b"": 0.85, ""kappa_a"": 0.52, ""kappa_b"": 0.68, ""n_per_group"": 200000.0}",0.65,0.85,0.52,0.68,200000,theoretical_value,0.048000000000000015,synthetic,ALL,not_applicable,not_applicable
EXP-01,SYNTHETIC EXPERIMENT,1729,full,664a150484ed2af3,ab1b216db6302741,"{""alpha_a"": 0.65, ""alpha_b"": 0.9, ""kappa_a"": 0.52, ""kappa_b"": 0.7200000000000001, ""n_per_group"": 200000.0}",0.65,0.9,0.52,0.7200000000000001,200000,theoretical_value,0.060000000000000026,synthetic,ALL,not_applicable,not_applicable
EXP-01,SYNTHETIC EXPERIMENT,1729,full,664a150484ed2af3,577eaa46a40bff6b,"{""alpha_a"": 0.65, ""alpha_b"": 0.95, ""kappa_a"": 0.52, ""kappa_b"": 0.76, ""n_per_group"": 200000.0}",0.65,0.95,0.52,0.76,200000,theoretical_value,0.07200000000000001,synthetic,ALL,not_applicable,not_applicable
EXP-01,SYNTHETIC EXPERIMENT,1729,full,664a150484ed2af3,341ee85502401eb8,"{""alpha_a"": 0.65, ""alpha_b"": 1.0, ""kappa_a"": 0.52, ""kappa_b"": 0.8, ""n_per_group"": 200000.0}",0.65,1.0,0.52,0.8,200000,theoretical_value,0.08400000000000002,synthetic,ALL,not_applicable,not_applicable
EXP-01,SYNTHETIC EXPERIMENT,1729,full,664a150484ed2af3,c8ddd6677f6f843b,"{""alpha_a"": 0.7, ""alpha_b"": 0.0, ""kappa_a"": 0.5599999999999999, ""kappa_b"": 0.0, ""n_per_group"": 200000.0}",0.7,0.0,0.5599999999999999,0.0,200000,theoretical_value,0.168,synthetic,ALL,not_applicable,not_applicable
EXP-01,SYNTHETIC EXPERIMENT,1729,full,664a150484ed2af3,cecdc2a6be269b13,"{""alpha_a"": 0.7, ""alpha_b"": 0.05, ""kappa_a"": 0.5599999999999999, ""kappa_b"": 0.04000000000000001, ""n_per_group"": 200000.0}",0.7,0.05,0.5599999999999999,0.04000000000000001,200000,theoretical_value,0.156,synthetic,ALL,not_applicable,not_applicable
EXP-01,SYNTHETIC EXPERIMENT,1729,full,664a150484ed2af3,7c07722156d4753c,"{""alpha_a"": 0.7, ""alpha_b"": 0.1, ""kappa_a"": 0.5599999999999999, ""kappa_b"": 0.08000000000000002, ""n_per_group"": 200000.0}",0.7,0.1,0.5599999999999999,0.08000000000000002,200000,theoretical_value,0.144,synthetic,ALL,not_applicable,not_applicable
EXP-01,SYNTHETIC EXPERIMENT,1729,full,664a150484ed2af3,d866b68c9353ad8e,"{""alpha_a"": 0.7, ""alpha_b"": 0.15, ""kappa_a"": 0.5599999999999999, ""kappa_b"": 0.12, ""n_per_group"": 200000.0}",0.7,0.15,0.5599999999999999,0.12,200000,theoretical_value,0.132,synthetic,ALL,not_applicable,not_applicable
EXP-01,SYNTHETIC EXPERIMENT,1729,full,664a150484ed2af3,22e27fd9c9b7754b,"{""alpha_a"": 0.7, ""alpha_b"": 0.2, ""kappa_a"": 0.5599999999999999, ""kappa_b"": 0.16000000000000003, ""n_per_group"": 200000.0}",0.7,0.2,0.5599999999999999,0.16000000000000003,200000,theoretical_value,0.12,synthetic,ALL,not_applicable,not_applicable
EXP-01,SYNTHETIC EXPERIMENT,1729,full,664a150484ed2af3,47c868681941b524,"{""alpha_a"": 0.7, ""alpha_b"": 0.25, ""kappa_a"": 0.5599999999999999, ""kappa_b"": 0.2, ""n_per_group"": 200000.0}",0.7,0.25,0.5599999999999999,0.2,200000,theoretical_value,0.108,synthetic,ALL,not_applicable,not_applicable
EXP-01,SYNTHETIC EXPERIMENT,1729,full,664a150484ed2af3,968819aff68502bb,"{""alpha_a"": 0.7, ""alpha_b"": 0.3, ""kappa_a"": 0.5599999999999999, ""kappa_b"": 0.24, ""n_per_group"": 200000.0}",0.7,0.3,0.5599999999999999,0.24,200000,theoretical_value,0.096,synthetic,ALL,not_applicable,not_applicable
EXP-01,SYNTHETIC EXPERIMENT,1729,full,664a150484ed2af3,8ce8eb6782ff8e91,"{""alpha_a"": 0.7, ""alpha_b"": 0.35, ""kappa_a"": 0.5599999999999999, ""kappa_b"": 0.27999999999999997, ""n_per_group"": 200000.0}",0.7,0.35,0.5599999999999999,0.27999999999999997,200000,theoretical_value,0.084,synthetic,ALL,not_applicable,not_applicable
EXP-01,SYNTHETIC EXPERIMENT,1729,full,664a150484ed2af3,c89b278373082486,"{""alpha_a"": 0.7, ""alpha_b"": 0.4, ""kappa_a"": 0.5599999999999999, ""kappa_b"": 0.32000000000000006, ""n_per_group"": 200000.0}",0.7,0.4,0.5599999999999999,0.32000000000000006,200000,theoretical_value,0.07199999999999998,synthetic,ALL,not_applicable,not_applicable
EXP-01,SYNTHETIC EXPERIMENT,1729,full,664a150484ed2af3,530dc275e5d583d5,"{""alpha_a"": 0.7, ""alpha_b"": 0.45, ""kappa_a"": 0.5599999999999999, ""kappa_b"": 0.36000000000000004, ""n_per_group"": 200000.0}",0.7,0.45,0.5599999999999999,0.36000000000000004,200000,theoretical_value,0.05999999999999998,synthetic,ALL,not_applicable,not_applicable
EXP-01,SYNTHETIC EXPERIMENT,1729,full,664a150484ed2af3,01946da20aac2037,"{""alpha_a"": 0.7, ""alpha_b"": 0.5, ""kappa_a"": 0.5599999999999999, ""kappa_b"": 0.4, ""n_per_group"": 200000.0}",0.7,0.5,0.5599999999999999,0.4,200000,theoretical_value,0.04799999999999998,synthetic,ALL,not_applicable,not_applicable
EXP-01,SYNTHETIC EXPERIMENT,1729,full,664a150484ed2af3,73e1593e0dd5e9bb,"{""alpha_a"": 0.7, ""alpha_b"": 0.55, ""kappa_a"": 0.5599999999999999, ""kappa_b"": 0.44000000000000006, ""n_per_group"": 200000.0}",0.7,0.55,0.5599999999999999,0.44000000000000006,200000,theoretical_value,0.03599999999999997,synthetic,ALL,not_applicable,not_applicable
EXP-01,SYNTHETIC EXPERIMENT,1729,full,664a150484ed2af3,62270be4752f9f93,"{""alpha_a"": 0.7, ""alpha_b"": 0.6, ""kappa_a"": 0.5599999999999999, ""kappa_b"": 0.48, ""n_per_group"": 200000.0}",0.7,0.6,0.5599999999999999,0.48,200000,theoretical_value,0.02399999999999999,synthetic,ALL,not_applicable,not_applicable
EXP-01,SYNTHETIC EXPERIMENT,1729,full,664a150484ed2af3,6594a0ffafa2c5b6,"{""alpha_a"": 0.7, ""alpha_b"": 0.65, ""kappa_a"": 0.5599999999999999, ""kappa_b"": 0.52, ""n_per_group"": 200000.0}",0.7,0.65,0.5599999999999999,0.52,200000,theoretical_value,0.01199999999999998,synthetic,ALL,not_applicable,not_applicable
EXP-01,SYNTHETIC EXPERIMENT,1729,full,664a150484ed2af3,ba8e99ce6bbcaf0c,"{""alpha_a"": 0.7, ""alpha_b"": 0.7, ""kappa_a"": 0.5599999999999999, ""kappa_b"": 0.5599999999999999, ""n_per_group"": 200000.0}",0.7,0.7,0.5599999999999999,0.5599999999999999,200000,theoretical_value,0.0,synthetic,ALL,not_applicable,not_applicable
EXP-01,SYNTHETIC EXPERIMENT,1729,full,664a150484ed2af3,bf7a34578ca9cb00,"{""alpha_a"": 0.7, ""alpha_b"": 0.75, ""kappa_a"": 0.5599999999999999, ""kappa_b"": 0.6000000000000001, ""n_per_group"": 200000.0}",0.7,0.75,0.5599999999999999,0.6000000000000001,200000,theoretical_value,0.012000000000000045,synthetic,ALL,not_applicable,not_applicable
EXP-01,SYNTHETIC EXPERIMENT,1729,full,664a150484ed2af3,67642f3a2918cae1,"{""alpha_a"": 0.7, ""alpha_b"": 0.8, ""kappa_a"": 0.5599999999999999, ""kappa_b"": 0.6400000000000001, ""n_per_group"": 200000.0}",0.7,0.8,0.5599999999999999,0.6400000000000001,200000,theoretical_value,0.02400000000000006,synthetic,ALL,not_applicable,not_applicable
EXP-01,SYNTHETIC EXPERIMENT,1729,full,664a150484ed2af3,20e2a91826b6be2d,"{""alpha_a"": 0.7, ""alpha_b"": 0.85, ""kappa_a"": 0.5599999999999999, ""kappa_b"": 0.68, ""n_per_group"": 200000.0}",0.7,0.85,0.5599999999999999,0.68,200000,theoretical_value,0.03600000000000004,synthetic,ALL,not_applicable,not_applicable
EXP-01,SYNTHETIC EXPERIMENT,1729,full,664a150484ed2af3,0a31e6d38f51fb59,"{""alpha_a"": 0.7, ""alpha_b"": 0.9, ""kappa_a"": 0.5599999999999999, ""kappa_b"": 0.7200000000000001, ""n_per_group"": 200000.0}",0.7,0.9,0.5599999999999999,0.7200000000000001,200000,theoretical_value,0.04800000000000005,synthetic,ALL,not_applicable,not_applicable
EXP-01,SYNTHETIC EXPERIMENT,1729,full,664a150484ed2af3,33190ea543da4a9e,"{""alpha_a"": 0.7, ""alpha_b"": 0.95, ""kappa_a"": 0.5599999999999999, ""kappa_b"": 0.76, ""n_per_group"": 200000.0}",0.7,0.95,0.5599999999999999,0.76,200000,theoretical_value,0.060000000000000026,synthetic,ALL,not_applicable,not_applicable
EXP-01,SYNTHETIC EXPERIMENT,1729,full,664a150484ed2af3,973027829e06a594,"{""alpha_a"": 0.7, ""alpha_b"": 1.0, ""kappa_a"": 0.5599999999999999, ""kappa_b"": 0.8, ""n_per_group"": 200000.0}",0.7,1.0,0.5599999999999999,0.8,200000,theoretical_value,0.07200000000000004,synthetic,ALL,not_applicable,not_applicable
EXP-01,SYNTHETIC EXPERIMENT,1729,full,664a150484ed2af3,145fc1da1e77a85b,"{""alpha_a"": 0.75, ""alpha_b"": 0.0, ""kappa_a"": 0.6000000000000001, ""kappa_b"": 0.0, ""n_per_group"": 200000.0}",0.75,0.0,0.6000000000000001,0.0,200000,theoretical_value,0.18000000000000005,synthetic,ALL,not_applicable,not_applicable
EXP-01,SYNTHETIC EXPERIMENT,1729,full,664a150484ed2af3,8f76757fb173207f,"{""alpha_a"": 0.75, ""alpha_b"": 0.05, ""kappa_a"": 0.6000000000000001, ""kappa_b"": 0.04000000000000001, ""n_per_group"": 200000.0}",0.75,0.05,0.6000000000000001,0.04000000000000001,200000,theoretical_value,0.16800000000000004,synthetic,ALL,not_applicable,not_applicable
EXP-01,SYNTHETIC EXPERIMENT,1729,full,664a150484ed2af3,cfc40a9c00d949bd,"{""alpha_a"": 0.75, ""alpha_b"": 0.1, ""kappa_a"": 0.6000000000000001, ""kappa_b"": 0.08000000000000002, ""n_per_group"": 200000.0}",0.75,0.1,0.6000000000000001,0.08000000000000002,200000,theoretical_value,0.15600000000000003,synthetic,ALL,not_applicable,not_applicable
EXP-01,SYNTHETIC EXPERIMENT,1729,full,664a150484ed2af3,e900d04c2a412e38,"{""alpha_a"": 0.75, ""alpha_b"": 0.15, ""kappa_a"": 0.6000000000000001, ""kappa_b"": 0.12, ""n_per_group"": 200000.0}",0.75,0.15,0.6000000000000001,0.12,200000,theoretical_value,0.14400000000000004,synthetic,ALL,not_applicable,not_applicable
EXP-01,SYNTHETIC EXPERIMENT,1729,full,664a150484ed2af3,a66da16d88db03c0,"{""alpha_a"": 0.75, ""alpha_b"": 0.2, ""kappa_a"": 0.6000000000000001, ""kappa_b"": 0.16000000000000003, ""n_per_group"": 200000.0}",0.75,0.2,0.6000000000000001,0.16000000000000003,200000,theoretical_value,0.13200000000000003,synthetic,ALL,not_applicable,not_applicable
EXP-01,SYNTHETIC EXPERIMENT,1729,full,664a150484ed2af3,71c8bf969f130e9e,"{""alpha_a"": 0.75, ""alpha_b"": 0.25, ""kappa_a"": 0.6000000000000001, ""kappa_b"": 0.2, ""n_per_group"": 200000.0}",0.75,0.25,0.6000000000000001,0.2,200000,theoretical_value,0.12000000000000004,synthetic,ALL,not_applicable,not_applicable
EXP-01,SYNTHETIC EXPERIMENT,1729,full,664a150484ed2af3,b645633783a2b5d9,"{""alpha_a"": 0.75, ""alpha_b"": 0.3, ""kappa_a"": 0.6000000000000001, ""kappa_b"": 0.24, ""n_per_group"": 200000.0}",0.75,0.3,0.6000000000000001,0.24,200000,theoretical_value,0.10800000000000004,synthetic,ALL,not_applicable,not_applicable
EXP-01,SYNTHETIC EXPERIMENT,1729,full,664a150484ed2af3,a007c6e5d67106c5,"{""alpha_a"": 0.75, ""alpha_b"": 0.35, ""kappa_a"": 0.6000000000000001, ""kappa_b"": 0.27999999999999997, ""n_per_group"": 200000.0}",0.75,0.35,0.6000000000000001,0.27999999999999997,200000,theoretical_value,0.09600000000000004,synthetic,ALL,not_applicable,not_applicable
EXP-01,SYNTHETIC EXPERIMENT,1729,full,664a150484ed2af3,973cb6ad3b163f98,"{""alpha_a"": 0.75, ""alpha_b"": 0.4, ""kappa_a"": 0.6000000000000001, ""kappa_b"": 0.32000000000000006, ""n_per_group"": 200000.0}",0.75,0.4,0.6000000000000001,0.32000000000000006,200000,theoretical_value,0.08400000000000002,synthetic,ALL,not_applicable,not_applicable
EXP-01,SYNTHETIC EXPERIMENT,1729,full,664a150484ed2af3,105e9323311e6282,"{""alpha_a"": 0.75, ""alpha_b"": 0.45, ""kappa_a"": 0.6000000000000001, ""kappa_b"": 0.36000000000000004, ""n_per_group"": 200000.0}",0.75,0.45,0.6000000000000001,0.36000000000000004,200000,theoretical_value,0.07200000000000002,synthetic,ALL,not_applicable,not_applicable
EXP-01,SYNTHETIC EXPERIMENT,1729,full,664a150484ed2af3,a6664c1a4c2d235b,"{""alpha_a"": 0.75, ""alpha_b"": 0.5, ""kappa_a"": 0.6000000000000001, ""kappa_b"": 0.4, ""n_per_group"": 200000.0}",0.75,0.5,0.6000000000000001,0.4,200000,theoretical_value,0.060000000000000026,synthetic,ALL,not_applicable,not_applicable
EXP-01,SYNTHETIC EXPERIMENT,1729,full,664a150484ed2af3,f7fd55ca8782532f,"{""alpha_a"": 0.75, ""alpha_b"": 0.55, ""kappa_a"": 0.6000000000000001, ""kappa_b"": 0.44000000000000006, ""n_per_group"": 200000.0}",0.75,0.55,0.6000000000000001,0.44000000000000006,200000,theoretical_value,0.048000000000000015,synthetic,ALL,not_applicable,not_applicable
EXP-01,SYNTHETIC EXPERIMENT,1729,full,664a150484ed2af3,3a9b935cbfa06390,"{""alpha_a"": 0.75, ""alpha_b"": 0.6, ""kappa_a"": 0.6000000000000001, ""kappa_b"": 0.48, ""n_per_group"": 200000.0}",0.75,0.6,0.6000000000000001,0.48,200000,theoretical_value,0.03600000000000004,synthetic,ALL,not_applicable,not_applicable
EXP-01,SYNTHETIC EXPERIMENT,1729,full,664a150484ed2af3,5cdb075959b10140,"{""alpha_a"": 0.75, ""alpha_b"": 0.65, ""kappa_a"": 0.6000000000000001, ""kappa_b"": 0.52, ""n_per_group"": 200000.0}",0.75,0.65,0.6000000000000001,0.52,200000,theoretical_value,0.024000000000000025,synthetic,ALL,not_applicable,not_applicable
EXP-01,SYNTHETIC EXPERIMENT,1729,full,664a150484ed2af3,3c6bd916c2e4b2d9,"{""alpha_a"": 0.75, ""alpha_b"": 0.7, ""kappa_a"": 0.6000000000000001, ""kappa_b"": 0.5599999999999999, ""n_per_group"": 200000.0}",0.75,0.7,0.6000000000000001,0.5599999999999999,200000,theoretical_value,0.012000000000000045,synthetic,ALL,not_applicable,not_applicable
EXP-01,SYNTHETIC EXPERIMENT,1729,full,664a150484ed2af3,efff14e3d6b3c324,"{""alpha_a"": 0.75, ""alpha_b"": 0.75, ""kappa_a"": 0.6000000000000001, ""kappa_b"": 0.6000000000000001, ""n_per_group"": 200000.0}",0.75,0.75,0.6000000000000001,0.6000000000000001,200000,theoretical_value,0.0,synthetic,ALL,not_applicable,not_applicable
EXP-01,SYNTHETIC EXPERIMENT,1729,full,664a150484ed2af3,6cb165316d4be7b0,"{""alpha_a"": 0.75, ""alpha_b"": 0.8, ""kappa_a"": 0.6000000000000001, ""kappa_b"": 0.6400000000000001, ""n_per_group"": 200000.0}",0.75,0.8,0.6000000000000001,0.6400000000000001,200000,theoretical_value,0.012000000000000012,synthetic,ALL,not_applicable,not_applicable
EXP-01,SYNTHETIC EXPERIMENT,1729,full,664a150484ed2af3,707d372e21aec193,"{""alpha_a"": 0.75, ""alpha_b"": 0.85, ""kappa_a"": 0.6000000000000001, ""kappa_b"": 0.68, ""n_per_group"": 200000.0}",0.75,0.85,0.6000000000000001,0.68,200000,theoretical_value,0.02399999999999999,synthetic,ALL,not_applicable,not_applicable
EXP-01,SYNTHETIC EXPERIMENT,1729,full,664a150484ed2af3,7255b40c57376a7a,"{""alpha_a"": 0.75, ""alpha_b"": 0.9, ""kappa_a"": 0.6000000000000001, ""kappa_b"": 0.7200000000000001, ""n_per_group"": 200000.0}",0.75,0.9,0.6000000000000001,0.7200000000000001,200000,theoretical_value,0.036000000000000004,synthetic,ALL,not_applicable,not_applicable
EXP-01,SYNTHETIC EXPERIMENT,1729,full,664a150484ed2af3,05d0dcea49021cc9,"{""alpha_a"": 0.75, ""alpha_b"": 0.95, ""kappa_a"": 0.6000000000000001, ""kappa_b"": 0.76, ""n_per_group"": 200000.0}",0.75,0.95,0.6000000000000001,0.76,200000,theoretical_value,0.04799999999999998,synthetic,ALL,not_applicable,not_applicable
EXP-01,SYNTHETIC EXPERIMENT,1729,full,664a150484ed2af3,97edfe532689cab9,"{""alpha_a"": 0.75, ""alpha_b"": 1.0, ""kappa_a"": 0.6000000000000001, ""kappa_b"": 0.8, ""n_per_group"": 200000.0}",0.75,1.0,0.6000000000000001,0.8,200000,theoretical_value,0.06,synthetic,ALL,not_applicable,not_applicable
EXP-01,SYNTHETIC EXPERIMENT,1729,full,664a150484ed2af3,97950d1b748ef7ea,"{""alpha_a"": 0.8, ""alpha_b"": 0.0, ""kappa_a"": 0.6400000000000001, ""kappa_b"": 0.0, ""n_per_group"": 200000.0}",0.8,0.0,0.6400000000000001,0.0,200000,theoretical_value,0.19200000000000006,synthetic,ALL,not_applicable,not_applicable
EXP-01,SYNTHETIC EXPERIMENT,1729,full,664a150484ed2af3,1c35e6c663ec2953,"{""alpha_a"": 0.8, ""alpha_b"": 0.05, ""kappa_a"": 0.6400000000000001, ""kappa_b"": 0.04000000000000001, ""n_per_group"": 200000.0}",0.8,0.05,0.6400000000000001,0.04000000000000001,200000,theoretical_value,0.18000000000000005,synthetic,ALL,not_applicable,not_applicable
EXP-01,SYNTHETIC EXPERIMENT,1729,full,664a150484ed2af3,19d1cdf7f2037051,"{""alpha_a"": 0.8, ""alpha_b"": 0.1, ""kappa_a"": 0.6400000000000001, ""kappa_b"": 0.08000000000000002, ""n_per_group"": 200000.0}",0.8,0.1,0.6400000000000001,0.08000000000000002,200000,theoretical_value,0.16800000000000004,synthetic,ALL,not_applicable,not_applicable
EXP-01,SYNTHETIC EXPERIMENT,1729,full,664a150484ed2af3,f5f34d81dfa051b0,"{""alpha_a"": 0.8, ""alpha_b"": 0.15, ""kappa_a"": 0.6400000000000001, ""kappa_b"": 0.12, ""n_per_group"": 200000.0}",0.8,0.15,0.6400000000000001,0.12,200000,theoretical_value,0.15600000000000006,synthetic,ALL,not_applicable,not_applicable
EXP-01,SYNTHETIC EXPERIMENT,1729,full,664a150484ed2af3,2d5071bf7658fe7d,"{""alpha_a"": 0.8, ""alpha_b"": 0.2, ""kappa_a"": 0.6400000000000001, ""kappa_b"": 0.16000000000000003, ""n_per_group"": 200000.0}",0.8,0.2,0.6400000000000001,0.16000000000000003,200000,theoretical_value,0.14400000000000004,synthetic,ALL,not_applicable,not_applicable
EXP-01,SYNTHETIC EXPERIMENT,1729,full,664a150484ed2af3,4fee8e67e2b9ec66,"{""alpha_a"": 0.8, ""alpha_b"": 0.25, ""kappa_a"": 0.6400000000000001, ""kappa_b"": 0.2, ""n_per_group"": 200000.0}",0.8,0.25,0.6400000000000001,0.2,200000,theoretical_value,0.13200000000000006,synthetic,ALL,not_applicable,not_applicable
EXP-01,SYNTHETIC EXPERIMENT,1729,full,664a150484ed2af3,ae3f287d1d76f955,"{""alpha_a"": 0.8, ""alpha_b"": 0.3, ""kappa_a"": 0.6400000000000001, ""kappa_b"": 0.24, ""n_per_group"": 200000.0}",0.8,0.3,0.6400000000000001,0.24,200000,theoretical_value,0.12000000000000005,synthetic,ALL,not_applicable,not_applicable
EXP-01,SYNTHETIC EXPERIMENT,1729,full,664a150484ed2af3,c76b97e8306f63ef,"{""alpha_a"": 0.8, ""alpha_b"": 0.35, ""kappa_a"": 0.6400000000000001, ""kappa_b"": 0.27999999999999997, ""n_per_group"": 200000.0}",0.8,0.35,0.6400000000000001,0.27999999999999997,200000,theoretical_value,0.10800000000000007,synthetic,ALL,not_applicable,not_applicable
EXP-01,SYNTHETIC EXPERIMENT,1729,full,664a150484ed2af3,de387c795811cf0f,"{""alpha_a"": 0.8, ""alpha_b"": 0.4, ""kappa_a"": 0.6400000000000001, ""kappa_b"": 0.32000000000000006, ""n_per_group"": 200000.0}",0.8,0.4,0.6400000000000001,0.32000000000000006,200000,theoretical_value,0.09600000000000003,synthetic,ALL,not_applicable,not_applicable
EXP-01,SYNTHETIC EXPERIMENT,1729,full,664a150484ed2af3,9b77dfbc189e232b,"{""alpha_a"": 0.8, ""alpha_b"": 0.45, ""kappa_a"": 0.6400000000000001, ""kappa_b"": 0.36000000000000004, ""n_per_group"": 200000.0}",0.8,0.45,0.6400000000000001,0.36000000000000004,200000,theoretical_value,0.08400000000000003,synthetic,ALL,not_applicable,not_applicable
EXP-01,SYNTHETIC EXPERIMENT,1729,full,664a150484ed2af3,4dfc43254ec4a6e8,"{""alpha_a"": 0.8, ""alpha_b"": 0.5, ""kappa_a"": 0.6400000000000001, ""kappa_b"": 0.4, ""n_per_group"": 200000.0}",0.8,0.5,0.6400000000000001,0.4,200000,theoretical_value,0.07200000000000004,synthetic,ALL,not_applicable,not_applicable
EXP-01,SYNTHETIC EXPERIMENT,1729,full,664a150484ed2af3,0a648ff7295000bf,"{""alpha_a"": 0.8, ""alpha_b"": 0.55, ""kappa_a"": 0.6400000000000001, ""kappa_b"": 0.44000000000000006, ""n_per_group"": 200000.0}",0.8,0.55,0.6400000000000001,0.44000000000000006,200000,theoretical_value,0.060000000000000026,synthetic,ALL,not_applicable,not_applicable
EXP-01,SYNTHETIC EXPERIMENT,1729,full,664a150484ed2af3,c4dc5c0a530c1b1b,"{""alpha_a"": 0.8, ""alpha_b"": 0.6, ""kappa_a"": 0.6400000000000001, ""kappa_b"": 0.48, ""n_per_group"": 200000.0}",0.8,0.6,0.6400000000000001,0.48,200000,theoretical_value,0.04800000000000005,synthetic,ALL,not_applicable,not_applicable
EXP-01,SYNTHETIC EXPERIMENT,1729,full,664a150484ed2af3,2ed7cbddc74538cd,"{""alpha_a"": 0.8, ""alpha_b"": 0.65, ""kappa_a"": 0.6400000000000001, ""kappa_b"": 0.52, ""n_per_group"": 200000.0}",0.8,0.65,0.6400000000000001,0.52,200000,theoretical_value,0.03600000000000004,synthetic,ALL,not_applicable,not_applicable
EXP-01,SYNTHETIC EXPERIMENT,1729,full,664a150484ed2af3,b457f6e1df0ab75b,"{""alpha_a"": 0.8, ""alpha_b"": 0.7, ""kappa_a"": 0.6400000000000001, ""kappa_b"": 0.5599999999999999, ""n_per_group"": 200000.0}",0.8,0.7,0.6400000000000001,0.5599999999999999,200000,theoretical_value,0.02400000000000006,synthetic,ALL,not_applicable,not_applicable
EXP-01,SYNTHETIC EXPERIMENT,1729,full,664a150484ed2af3,9062e32c7ea41a6e,"{""alpha_a"": 0.8, ""alpha_b"": 0.75, ""kappa_a"": 0.6400000000000001, ""kappa_b"": 0.6000000000000001, ""n_per_group"": 200000.0}",0.8,0.75,0.6400000000000001,0.6000000000000001,200000,theoretical_value,0.012000000000000012,synthetic,ALL,not_applicable,not_applicable
EXP-01,SYNTHETIC EXPERIMENT,1729,full,664a150484ed2af3,584ff44dc5b8503d,"{""alpha_a"": 0.8, ""alpha_b"": 0.8, ""kappa_a"": 0.6400000000000001, ""kappa_b"": 0.6400000000000001, ""n_per_group"": 200000.0}",0.8,0.8,0.6400000000000001,0.6400000000000001,200000,theoretical_value,0.0,synthetic,ALL,not_applicable,not_applicable
EXP-01,SYNTHETIC EXPERIMENT,1729,full,664a150484ed2af3,3194a78f498b4839,"{""alpha_a"": 0.8, ""alpha_b"": 0.85, ""kappa_a"": 0.6400000000000001, ""kappa_b"": 0.68, ""n_per_group"": 200000.0}",0.8,0.85,0.6400000000000001,0.68,200000,theoretical_value,0.01199999999999998,synthetic,ALL,not_applicable,not_applicable
EXP-01,SYNTHETIC EXPERIMENT,1729,full,664a150484ed2af3,095e14182b8d996f,"{""alpha_a"": 0.8, ""alpha_b"": 0.9, ""kappa_a"": 0.6400000000000001, ""kappa_b"": 0.7200000000000001, ""n_per_group"": 200000.0}",0.8,0.9,0.6400000000000001,0.7200000000000001,200000,theoretical_value,0.02399999999999999,synthetic,ALL,not_applicable,not_applicable
EXP-01,SYNTHETIC EXPERIMENT,1729,full,664a150484ed2af3,3628b420734c06e1,"{""alpha_a"": 0.8, ""alpha_b"": 0.95, ""kappa_a"": 0.6400000000000001, ""kappa_b"": 0.76, ""n_per_group"": 200000.0}",0.8,0.95,0.6400000000000001,0.76,200000,theoretical_value,0.03599999999999997,synthetic,ALL,not_applicable,not_applicable
EXP-01,SYNTHETIC EXPERIMENT,1729,full,664a150484ed2af3,a70b9b85ede5eca5,"{""alpha_a"": 0.8, ""alpha_b"": 1.0, ""kappa_a"": 0.6400000000000001, ""kappa_b"": 0.8, ""n_per_group"": 200000.0}",0.8,1.0,0.6400000000000001,0.8,200000,theoretical_value,0.04799999999999998,synthetic,ALL,not_applicable,not_applicable
EXP-01,SYNTHETIC EXPERIMENT,1729,full,664a150484ed2af3,f9781a2b6bd219b5,"{""alpha_a"": 0.85, ""alpha_b"": 0.0, ""kappa_a"": 0.68, ""kappa_b"": 0.0, ""n_per_group"": 200000.0}",0.85,0.0,0.68,0.0,200000,theoretical_value,0.20400000000000004,synthetic,ALL,not_applicable,not_applicable
EXP-01,SYNTHETIC EXPERIMENT,1729,full,664a150484ed2af3,9e5a0860788419ba,"{""alpha_a"": 0.85, ""alpha_b"": 0.05, ""kappa_a"": 0.68, ""kappa_b"": 0.04000000000000001, ""n_per_group"": 200000.0}",0.85,0.05,0.68,0.04000000000000001,200000,theoretical_value,0.19200000000000003,synthetic,ALL,not_applicable,not_applicable
EXP-01,SYNTHETIC EXPERIMENT,1729,full,664a150484ed2af3,ced6c97278427a71,"{""alpha_a"": 0.85, ""alpha_b"": 0.1, ""kappa_a"": 0.68, ""kappa_b"": 0.08000000000000002, ""n_per_group"": 200000.0}",0.85,0.1,0.68,0.08000000000000002,200000,theoretical_value,0.18000000000000005,synthetic,ALL,not_applicable,not_applicable
EXP-01,SYNTHETIC EXPERIMENT,1729,full,664a150484ed2af3,02e538e0808d85b0,"{""alpha_a"": 0.85, ""alpha_b"": 0.15, ""kappa_a"": 0.68, ""kappa_b"": 0.12, ""n_per_group"": 200000.0}",0.85,0.15,0.68,0.12,200000,theoretical_value,0.16800000000000004,synthetic,ALL,not_applicable,not_applicable
EXP-01,SYNTHETIC EXPERIMENT,1729,full,664a150484ed2af3,e7d8eeb495b380f2,"{""alpha_a"": 0.85, ""alpha_b"": 0.2, ""kappa_a"": 0.68, ""kappa_b"": 0.16000000000000003, ""n_per_group"": 200000.0}",0.85,0.2,0.68,0.16000000000000003,200000,theoretical_value,0.15600000000000003,synthetic,ALL,not_applicable,not_applicable
EXP-01,SYNTHETIC EXPERIMENT,1729,full,664a150484ed2af3,556c5d02c8185afb,"{""alpha_a"": 0.85, ""alpha_b"": 0.25, ""kappa_a"": 0.68, ""kappa_b"": 0.2, ""n_per_group"": 200000.0}",0.85,0.25,0.68,0.2,200000,theoretical_value,0.14400000000000004,synthetic,ALL,not_applicable,not_applicable
EXP-01,SYNTHETIC EXPERIMENT,1729,full,664a150484ed2af3,5647cd0abc42783f,"{""alpha_a"": 0.85, ""alpha_b"": 0.3, ""kappa_a"": 0.68, ""kappa_b"": 0.24, ""n_per_group"": 200000.0}",0.85,0.3,0.68,0.24,200000,theoretical_value,0.13200000000000003,synthetic,ALL,not_applicable,not_applicable
EXP-01,SYNTHETIC EXPERIMENT,1729,full,664a150484ed2af3,d5b6f367e33566b8,"{""alpha_a"": 0.85, ""alpha_b"": 0.35, ""kappa_a"": 0.68, ""kappa_b"": 0.27999999999999997, ""n_per_group"": 200000.0}",0.85,0.35,0.68,0.27999999999999997,200000,theoretical_value,0.12000000000000004,synthetic,ALL,not_applicable,not_applicable
EXP-01,SYNTHETIC EXPERIMENT,1729,full,664a150484ed2af3,161108514fcc9769,"{""alpha_a"": 0.85, ""alpha_b"": 0.4, ""kappa_a"": 0.68, ""kappa_b"": 0.32000000000000006, ""n_per_group"": 200000.0}",0.85,0.4,0.68,0.32000000000000006,200000,theoretical_value,0.10800000000000001,synthetic,ALL,not_applicable,not_applicable
EXP-01,SYNTHETIC EXPERIMENT,1729,full,664a150484ed2af3,8d74d363bf5e2d6c,"{""alpha_a"": 0.85, ""alpha_b"": 0.45, ""kappa_a"": 0.68, ""kappa_b"": 0.36000000000000004, ""n_per_group"": 200000.0}",0.85,0.45,0.68,0.36000000000000004,200000,theoretical_value,0.09600000000000002,synthetic,ALL,not_applicable,not_applicable
EXP-01,SYNTHETIC EXPERIMENT,1729,full,664a150484ed2af3,c8c1d9d14a4bcd8e,"{""alpha_a"": 0.85, ""alpha_b"": 0.5, ""kappa_a"": 0.68, ""kappa_b"": 0.4, ""n_per_group"": 200000.0}",0.85,0.5,0.68,0.4,200000,theoretical_value,0.08400000000000002,synthetic,ALL,not_applicable,not_applicable
EXP-01,SYNTHETIC EXPERIMENT,1729,full,664a150484ed2af3,de79e743a6136014,"{""alpha_a"": 0.85, ""alpha_b"": 0.55, ""kappa_a"": 0.68, ""kappa_b"": 0.44000000000000006, ""n_per_group"": 200000.0}",0.85,0.55,0.68,0.44000000000000006,200000,theoretical_value,0.07200000000000001,synthetic,ALL,not_applicable,not_applicable
EXP-01,SYNTHETIC EXPERIMENT,1729,full,664a150484ed2af3,2138fa704af3ee05,"{""alpha_a"": 0.85, ""alpha_b"": 0.6, ""kappa_a"": 0.68, ""kappa_b"": 0.48, ""n_per_group"": 200000.0}",0.85,0.6,0.68,0.48,200000,theoretical_value,0.060000000000000026,synthetic,ALL,not_applicable,not_applicable
EXP-01,SYNTHETIC EXPERIMENT,1729,full,664a150484ed2af3,2149d67fc1a37171,"{""alpha_a"": 0.85, ""alpha_b"": 0.65, ""kappa_a"": 0.68, ""kappa_b"": 0.52, ""n_per_group"": 200000.0}",0.85,0.65,0.68,0.52,200000,theoretical_value,0.048000000000000015,synthetic,ALL,not_applicable,not_applicable
EXP-01,SYNTHETIC EXPERIMENT,1729,full,664a150484ed2af3,ced565f3156e4445,"{""alpha_a"": 0.85, ""alpha_b"": 0.7, ""kappa_a"": 0.68, ""kappa_b"": 0.5599999999999999, ""n_per_group"": 200000.0}",0.85,0.7,0.68,0.5599999999999999,200000,theoretical_value,0.03600000000000004,synthetic,ALL,not_applicable,not_applicable
EXP-01,SYNTHETIC EXPERIMENT,1729,full,664a150484ed2af3,c223f7771f5a85a4,"{""alpha_a"": 0.85, ""alpha_b"": 0.75, ""kappa_a"": 0.68, ""kappa_b"": 0.6000000000000001, ""n_per_group"": 200000.0}",0.85,0.75,0.68,0.6000000000000001,200000,theoretical_value,0.02399999999999999,synthetic,ALL,not_applicable,not_applicable
EXP-01,SYNTHETIC EXPERIMENT,1729,full,664a150484ed2af3,77116d09b80a6189,"{""alpha_a"": 0.85, ""alpha_b"": 0.8, ""kappa_a"": 0.68, ""kappa_b"": 0.6400000000000001, ""n_per_group"": 200000.0}",0.85,0.8,0.68,0.6400000000000001,200000,theoretical_value,0.01199999999999998,synthetic,ALL,not_applicable,not_applicable
EXP-01,SYNTHETIC EXPERIMENT,1729,full,664a150484ed2af3,7081b639f8a5a0cd,"{""alpha_a"": 0.85, ""alpha_b"": 0.85, ""kappa_a"": 0.68, ""kappa_b"": 0.68, ""n_per_group"": 200000.0}",0.85,0.85,0.68,0.68,200000,theoretical_value,0.0,synthetic,ALL,not_applicable,not_applicable
EXP-01,SYNTHETIC EXPERIMENT,1729,full,664a150484ed2af3,d3fd05953a9005bb,"{""alpha_a"": 0.85, ""alpha_b"": 0.9, ""kappa_a"": 0.68, ""kappa_b"": 0.7200000000000001, ""n_per_group"": 200000.0}",0.85,0.9,0.68,0.7200000000000001,200000,theoretical_value,0.012000000000000012,synthetic,ALL,not_applicable,not_applicable
EXP-01,SYNTHETIC EXPERIMENT,1729,full,664a150484ed2af3,30d64a54cd197906,"{""alpha_a"": 0.85, ""alpha_b"": 0.95, ""kappa_a"": 0.68, ""kappa_b"": 0.76, ""n_per_group"": 200000.0}",0.85,0.95,0.68,0.76,200000,theoretical_value,0.02399999999999999,synthetic,ALL,not_applicable,not_applicable
EXP-01,SYNTHETIC EXPERIMENT,1729,full,664a150484ed2af3,1ef620acc56e345b,"{""alpha_a"": 0.85, ""alpha_b"": 1.0, ""kappa_a"": 0.68, ""kappa_b"": 0.8, ""n_per_group"": 200000.0}",0.85,1.0,0.68,0.8,200000,theoretical_value,0.036000000000000004,synthetic,ALL,not_applicable,not_applicable
EXP-01,SYNTHETIC EXPERIMENT,1729,full,664a150484ed2af3,ab1f1dff446f9627,"{""alpha_a"": 0.9, ""alpha_b"": 0.0, ""kappa_a"": 0.7200000000000001, ""kappa_b"": 0.0, ""n_per_group"": 200000.0}",0.9,0.0,0.7200000000000001,0.0,200000,theoretical_value,0.21600000000000005,synthetic,ALL,not_applicable,not_applicable
EXP-01,SYNTHETIC EXPERIMENT,1729,full,664a150484ed2af3,f8909135871d2e9f,"{""alpha_a"": 0.9, ""alpha_b"": 0.05, ""kappa_a"": 0.7200000000000001, ""kappa_b"": 0.04000000000000001, ""n_per_group"": 200000.0}",0.9,0.05,0.7200000000000001,0.04000000000000001,200000,theoretical_value,0.20400000000000004,synthetic,ALL,not_applicable,not_applicable
EXP-01,SYNTHETIC EXPERIMENT,1729,full,664a150484ed2af3,eb1709a63184fd7e,"{""alpha_a"": 0.9, ""alpha_b"": 0.1, ""kappa_a"": 0.7200000000000001, ""kappa_b"": 0.08000000000000002, ""n_per_group"": 200000.0}",0.9,0.1,0.7200000000000001,0.08000000000000002,200000,theoretical_value,0.19200000000000006,synthetic,ALL,not_applicable,not_applicable
EXP-01,SYNTHETIC EXPERIMENT,1729,full,664a150484ed2af3,d533a31aae3537b4,"{""alpha_a"": 0.9, ""alpha_b"": 0.15, ""kappa_a"": 0.7200000000000001, ""kappa_b"": 0.12, ""n_per_group"": 200000.0}",0.9,0.15,0.7200000000000001,0.12,200000,theoretical_value,0.18000000000000005,synthetic,ALL,not_applicable,not_applicable
EXP-01,SYNTHETIC EXPERIMENT,1729,full,664a150484ed2af3,53a45e8cae2a157a,"{""alpha_a"": 0.9, ""alpha_b"": 0.2, ""kappa_a"": 0.7200000000000001, ""kappa_b"": 0.16000000000000003, ""n_per_group"": 200000.0}",0.9,0.2,0.7200000000000001,0.16000000000000003,200000,theoretical_value,0.16800000000000004,synthetic,ALL,not_applicable,not_applicable
EXP-01,SYNTHETIC EXPERIMENT,1729,full,664a150484ed2af3,75918e91d47967ba,"{""alpha_a"": 0.9, ""alpha_b"": 0.25, ""kappa_a"": 0.7200000000000001, ""kappa_b"": 0.2, ""n_per_group"": 200000.0}",0.9,0.25,0.7200000000000001,0.2,200000,theoretical_value,0.15600000000000003,synthetic,ALL,not_applicable,not_applicable
EXP-01,SYNTHETIC EXPERIMENT,1729,full,664a150484ed2af3,c0971c588524ff57,"{""alpha_a"": 0.9, ""alpha_b"": 0.3, ""kappa_a"": 0.7200000000000001, ""kappa_b"": 0.24, ""n_per_group"": 200000.0}",0.9,0.3,0.7200000000000001,0.24,200000,theoretical_value,0.14400000000000004,synthetic,ALL,not_applicable,not_applicable
EXP-01,SYNTHETIC EXPERIMENT,1729,full,664a150484ed2af3,3cd13a28a5fda48d,"{""alpha_a"": 0.9, ""alpha_b"": 0.35, ""kappa_a"": 0.7200000000000001, ""kappa_b"": 0.27999999999999997, ""n_per_group"": 200000.0}",0.9,0.35,0.7200000000000001,0.27999999999999997,200000,theoretical_value,0.13200000000000006,synthetic,ALL,not_applicable,not_applicable
EXP-01,SYNTHETIC EXPERIMENT,1729,full,664a150484ed2af3,dd85b0e934f15d7c,"{""alpha_a"": 0.9, ""alpha_b"": 0.4, ""kappa_a"": 0.7200000000000001, ""kappa_b"": 0.32000000000000006, ""n_per_group"": 200000.0}",0.9,0.4,0.7200000000000001,0.32000000000000006,200000,theoretical_value,0.12000000000000002,synthetic,ALL,not_applicable,not_applicable
EXP-01,SYNTHETIC EXPERIMENT,1729,full,664a150484ed2af3,0b952c1ec6a147ae,"{""alpha_a"": 0.9, ""alpha_b"": 0.45, ""kappa_a"": 0.7200000000000001, ""kappa_b"": 0.36000000000000004, ""n_per_group"": 200000.0}",0.9,0.45,0.7200000000000001,0.36000000000000004,200000,theoretical_value,0.10800000000000003,synthetic,ALL,not_applicable,not_applicable
EXP-01,SYNTHETIC EXPERIMENT,1729,full,664a150484ed2af3,54882e037f434319,"{""alpha_a"": 0.9, ""alpha_b"": 0.5, ""kappa_a"": 0.7200000000000001, ""kappa_b"": 0.4, ""n_per_group"": 200000.0}",0.9,0.5,0.7200000000000001,0.4,200000,theoretical_value,0.09600000000000003,synthetic,ALL,not_applicable,not_applicable
EXP-01,SYNTHETIC EXPERIMENT,1729,full,664a150484ed2af3,948cf8fc38ae3d9d,"{""alpha_a"": 0.9, ""alpha_b"": 0.55, ""kappa_a"": 0.7200000000000001, ""kappa_b"": 0.44000000000000006, ""n_per_group"": 200000.0}",0.9,0.55,0.7200000000000001,0.44000000000000006,200000,theoretical_value,0.08400000000000002,synthetic,ALL,not_applicable,not_applicable
EXP-01,SYNTHETIC EXPERIMENT,1729,full,664a150484ed2af3,40275bd2cc1519fd,"{""alpha_a"": 0.9, ""alpha_b"": 0.6, ""kappa_a"": 0.7200000000000001, ""kappa_b"": 0.48, ""n_per_group"": 200000.0}",0.9,0.6,0.7200000000000001,0.48,200000,theoretical_value,0.07200000000000004,synthetic,ALL,not_applicable,not_applicable
EXP-01,SYNTHETIC EXPERIMENT,1729,full,664a150484ed2af3,5378e279713aaddc,"{""alpha_a"": 0.9, ""alpha_b"": 0.65, ""kappa_a"": 0.7200000000000001, ""kappa_b"": 0.52, ""n_per_group"": 200000.0}",0.9,0.65,0.7200000000000001,0.52,200000,theoretical_value,0.060000000000000026,synthetic,ALL,not_applicable,not_applicable
EXP-01,SYNTHETIC EXPERIMENT,1729,full,664a150484ed2af3,8c7fa91d5dca1824,"{""alpha_a"": 0.9, ""alpha_b"": 0.7, ""kappa_a"": 0.7200000000000001, ""kappa_b"": 0.5599999999999999, ""n_per_group"": 200000.0}",0.9,0.7,0.7200000000000001,0.5599999999999999,200000,theoretical_value,0.04800000000000005,synthetic,ALL,not_applicable,not_applicable
EXP-01,SYNTHETIC EXPERIMENT,1729,full,664a150484ed2af3,3bab2ab0f8f8a95d,"{""alpha_a"": 0.9, ""alpha_b"": 0.75, ""kappa_a"": 0.7200000000000001, ""kappa_b"": 0.6000000000000001, ""n_per_group"": 200000.0}",0.9,0.75,0.7200000000000001,0.6000000000000001,200000,theoretical_value,0.036000000000000004,synthetic,ALL,not_applicable,not_applicable
EXP-01,SYNTHETIC EXPERIMENT,1729,full,664a150484ed2af3,3daa5281577cd02a,"{""alpha_a"": 0.9, ""alpha_b"": 0.8, ""kappa_a"": 0.7200000000000001, ""kappa_b"": 0.6400000000000001, ""n_per_group"": 200000.0}",0.9,0.8,0.7200000000000001,0.6400000000000001,200000,theoretical_value,0.02399999999999999,synthetic,ALL,not_applicable,not_applicable
EXP-01,SYNTHETIC EXPERIMENT,1729,full,664a150484ed2af3,b2b00c3251d6757d,"{""alpha_a"": 0.9, ""alpha_b"": 0.85, ""kappa_a"": 0.7200000000000001, ""kappa_b"": 0.68, ""n_per_group"": 200000.0}",0.9,0.85,0.7200000000000001,0.68,200000,theoretical_value,0.012000000000000012,synthetic,ALL,not_applicable,not_applicable
EXP-01,SYNTHETIC EXPERIMENT,1729,full,664a150484ed2af3,6291f556f7b17059,"{""alpha_a"": 0.9, ""alpha_b"": 0.9, ""kappa_a"": 0.7200000000000001, ""kappa_b"": 0.7200000000000001, ""n_per_group"": 200000.0}",0.9,0.9,0.7200000000000001,0.7200000000000001,200000,theoretical_value,0.0,synthetic,ALL,not_applicable,not_applicable
EXP-01,SYNTHETIC EXPERIMENT,1729,full,664a150484ed2af3,11168fee5bf988f4,"{""alpha_a"": 0.9, ""alpha_b"": 0.95, ""kappa_a"": 0.7200000000000001, ""kappa_b"": 0.76, ""n_per_group"": 200000.0}",0.9,0.95,0.7200000000000001,0.76,200000,theoretical_value,0.01199999999999998,synthetic,ALL,not_applicable,not_applicable
EXP-01,SYNTHETIC EXPERIMENT,1729,full,664a150484ed2af3,b274530cc3910995,"{""alpha_a"": 0.9, ""alpha_b"": 1.0, ""kappa_a"": 0.7200000000000001, ""kappa_b"": 0.8, ""n_per_group"": 200000.0}",0.9,1.0,0.7200000000000001,0.8,200000,theoretical_value,0.02399999999999999,synthetic,ALL,not_applicable,not_applicable
EXP-01,SYNTHETIC EXPERIMENT,1729,full,664a150484ed2af3,5633c9ce84ae305e,"{""alpha_a"": 0.95, ""alpha_b"": 0.0, ""kappa_a"": 0.76, ""kappa_b"": 0.0, ""n_per_group"": 200000.0}",0.95,0.0,0.76,0.0,200000,theoretical_value,0.22800000000000004,synthetic,ALL,not_applicable,not_applicable
EXP-01,SYNTHETIC EXPERIMENT,1729,full,664a150484ed2af3,87d9eae7355be919,"{""alpha_a"": 0.95, ""alpha_b"": 0.05, ""kappa_a"": 0.76, ""kappa_b"": 0.04000000000000001, ""n_per_group"": 200000.0}",0.95,0.05,0.76,0.04000000000000001,200000,theoretical_value,0.21600000000000003,synthetic,ALL,not_applicable,not_applicable
EXP-01,SYNTHETIC EXPERIMENT,1729,full,664a150484ed2af3,14a47a958260d942,"{""alpha_a"": 0.95, ""alpha_b"": 0.1, ""kappa_a"": 0.76, ""kappa_b"": 0.08000000000000002, ""n_per_group"": 200000.0}",0.95,0.1,0.76,0.08000000000000002,200000,theoretical_value,0.20400000000000001,synthetic,ALL,not_applicable,not_applicable
EXP-01,SYNTHETIC EXPERIMENT,1729,full,664a150484ed2af3,b156e709015040b8,"{""alpha_a"": 0.95, ""alpha_b"": 0.15, ""kappa_a"": 0.76, ""kappa_b"": 0.12, ""n_per_group"": 200000.0}",0.95,0.15,0.76,0.12,200000,theoretical_value,0.19200000000000003,synthetic,ALL,not_applicable,not_applicable
EXP-01,SYNTHETIC EXPERIMENT,1729,full,664a150484ed2af3,cc2dec4fa21443ee,"{""alpha_a"": 0.95, ""alpha_b"": 0.2, ""kappa_a"": 0.76, ""kappa_b"": 0.16000000000000003, ""n_per_group"": 200000.0}",0.95,0.2,0.76,0.16000000000000003,200000,theoretical_value,0.18000000000000002,synthetic,ALL,not_applicable,not_applicable
EXP-01,SYNTHETIC EXPERIMENT,1729,full,664a150484ed2af3,8ff05077826224c4,"{""alpha_a"": 0.95, ""alpha_b"": 0.25, ""kappa_a"": 0.76, ""kappa_b"": 0.2, ""n_per_group"": 200000.0}",0.95,0.25,0.76,0.2,200000,theoretical_value,0.16800000000000004,synthetic,ALL,not_applicable,not_applicable
EXP-01,SYNTHETIC EXPERIMENT,1729,full,664a150484ed2af3,2dd6d771e826206c,"{""alpha_a"": 0.95, ""alpha_b"": 0.3, ""kappa_a"": 0.76, ""kappa_b"": 0.24, ""n_per_group"": 200000.0}",0.95,0.3,0.76,0.24,200000,theoretical_value,0.15600000000000003,synthetic,ALL,not_applicable,not_applicable
EXP-01,SYNTHETIC EXPERIMENT,1729,full,664a150484ed2af3,ce77a76dc99a21ea,"{""alpha_a"": 0.95, ""alpha_b"": 0.35, ""kappa_a"": 0.76, ""kappa_b"": 0.27999999999999997, ""n_per_group"": 200000.0}",0.95,0.35,0.76,0.27999999999999997,200000,theoretical_value,0.14400000000000004,synthetic,ALL,not_applicable,not_applicable
EXP-01,SYNTHETIC EXPERIMENT,1729,full,664a150484ed2af3,52da6160cf2de3c4,"{""alpha_a"": 0.95, ""alpha_b"": 0.4, ""kappa_a"": 0.76, ""kappa_b"": 0.32000000000000006, ""n_per_group"": 200000.0}",0.95,0.4,0.76,0.32000000000000006,200000,theoretical_value,0.132,synthetic,ALL,not_applicable,not_applicable
EXP-01,SYNTHETIC EXPERIMENT,1729,full,664a150484ed2af3,ee2d4704f4ff1cd7,"{""alpha_a"": 0.95, ""alpha_b"": 0.45, ""kappa_a"": 0.76, ""kappa_b"": 0.36000000000000004, ""n_per_group"": 200000.0}",0.95,0.45,0.76,0.36000000000000004,200000,theoretical_value,0.12000000000000001,synthetic,ALL,not_applicable,not_applicable
EXP-01,SYNTHETIC EXPERIMENT,1729,full,664a150484ed2af3,7b51dc8a6ce67673,"{""alpha_a"": 0.95, ""alpha_b"": 0.5, ""kappa_a"": 0.76, ""kappa_b"": 0.4, ""n_per_group"": 200000.0}",0.95,0.5,0.76,0.4,200000,theoretical_value,0.10800000000000001,synthetic,ALL,not_applicable,not_applicable
EXP-01,SYNTHETIC EXPERIMENT,1729,full,664a150484ed2af3,343cce933bb0a64e,"{""alpha_a"": 0.95, ""alpha_b"": 0.55, ""kappa_a"": 0.76, ""kappa_b"": 0.44000000000000006, ""n_per_group"": 200000.0}",0.95,0.55,0.76,0.44000000000000006,200000,theoretical_value,0.096,synthetic,ALL,not_applicable,not_applicable
EXP-01,SYNTHETIC EXPERIMENT,1729,full,664a150484ed2af3,658610aeb2a013a1,"{""alpha_a"": 0.95, ""alpha_b"": 0.6, ""kappa_a"": 0.76, ""kappa_b"": 0.48, ""n_per_group"": 200000.0}",0.95,0.6,0.76,0.48,200000,theoretical_value,0.08400000000000002,synthetic,ALL,not_applicable,not_applicable
EXP-01,SYNTHETIC EXPERIMENT,1729,full,664a150484ed2af3,951bda2798672300,"{""alpha_a"": 0.95, ""alpha_b"": 0.65, ""kappa_a"": 0.76, ""kappa_b"": 0.52, ""n_per_group"": 200000.0}",0.95,0.65,0.76,0.52,200000,theoretical_value,0.07200000000000001,synthetic,ALL,not_applicable,not_applicable
EXP-01,SYNTHETIC EXPERIMENT,1729,full,664a150484ed2af3,11b8343c419f08cb,"{""alpha_a"": 0.95, ""alpha_b"": 0.7, ""kappa_a"": 0.76, ""kappa_b"": 0.5599999999999999, ""n_per_group"": 200000.0}",0.95,0.7,0.76,0.5599999999999999,200000,theoretical_value,0.060000000000000026,synthetic,ALL,not_applicable,not_applicable
EXP-01,SYNTHETIC EXPERIMENT,1729,full,664a150484ed2af3,2dc2c06025d58f87,"{""alpha_a"": 0.95, ""alpha_b"": 0.75, ""kappa_a"": 0.76, ""kappa_b"": 0.6000000000000001, ""n_per_group"": 200000.0}",0.95,0.75,0.76,0.6000000000000001,200000,theoretical_value,0.04799999999999998,synthetic,ALL,not_applicable,not_applicable
EXP-01,SYNTHETIC EXPERIMENT,1729,full,664a150484ed2af3,29e3d6f7e7ccee2c,"{""alpha_a"": 0.95, ""alpha_b"": 0.8, ""kappa_a"": 0.76, ""kappa_b"": 0.6400000000000001, ""n_per_group"": 200000.0}",0.95,0.8,0.76,0.6400000000000001,200000,theoretical_value,0.03599999999999997,synthetic,ALL,not_applicable,not_applicable
EXP-01,SYNTHETIC EXPERIMENT,1729,full,664a150484ed2af3,1f172d7a007e431d,"{""alpha_a"": 0.95, ""alpha_b"": 0.85, ""kappa_a"": 0.76, ""kappa_b"": 0.68, ""n_per_group"": 200000.0}",0.95,0.85,0.76,0.68,200000,theoretical_value,0.02399999999999999,synthetic,ALL,not_applicable,not_applicable
EXP-01,SYNTHETIC EXPERIMENT,1729,full,664a150484ed2af3,1039b38374920886,"{""alpha_a"": 0.95, ""alpha_b"": 0.9, ""kappa_a"": 0.76, ""kappa_b"": 0.7200000000000001, ""n_per_group"": 200000.0}",0.95,0.9,0.76,0.7200000000000001,200000,theoretical_value,0.01199999999999998,synthetic,ALL,not_applicable,not_applicable
EXP-01,SYNTHETIC EXPERIMENT,1729,full,664a150484ed2af3,35e289ecf7055aad,"{""alpha_a"": 0.95, ""alpha_b"": 0.95, ""kappa_a"": 0.76, ""kappa_b"": 0.76, ""n_per_group"": 200000.0}",0.95,0.95,0.76,0.76,200000,theoretical_value,0.0,synthetic,ALL,not_applicable,not_applicable
EXP-01,SYNTHETIC EXPERIMENT,1729,full,664a150484ed2af3,7714a258a40341b3,"{""alpha_a"": 0.95, ""alpha_b"": 1.0, ""kappa_a"": 0.76, ""kappa_b"": 0.8, ""n_per_group"": 200000.0}",0.95,1.0,0.76,0.8,200000,theoretical_value,0.012000000000000012,synthetic,ALL,not_applicable,not_applicable
EXP-01,SYNTHETIC EXPERIMENT,1729,full,664a150484ed2af3,66d972889c47415f,"{""alpha_a"": 1.0, ""alpha_b"": 0.0, ""kappa_a"": 0.8, ""kappa_b"": 0.0, ""n_per_group"": 200000.0}",1.0,0.0,0.8,0.0,200000,theoretical_value,0.24000000000000005,synthetic,ALL,not_applicable,not_applicable
EXP-01,SYNTHETIC EXPERIMENT,1729,full,664a150484ed2af3,a79c80755cbc8c27,"{""alpha_a"": 1.0, ""alpha_b"": 0.05, ""kappa_a"": 0.8, ""kappa_b"": 0.04000000000000001, ""n_per_group"": 200000.0}",1.0,0.05,0.8,0.04000000000000001,200000,theoretical_value,0.22800000000000004,synthetic,ALL,not_applicable,not_applicable
EXP-01,SYNTHETIC EXPERIMENT,1729,full,664a150484ed2af3,a49454091edc07ae,"{""alpha_a"": 1.0, ""alpha_b"": 0.1, ""kappa_a"": 0.8, ""kappa_b"": 0.08000000000000002, ""n_per_group"": 200000.0}",1.0,0.1,0.8,0.08000000000000002,200000,theoretical_value,0.21600000000000003,synthetic,ALL,not_applicable,not_applicable
EXP-01,SYNTHETIC EXPERIMENT,1729,full,664a150484ed2af3,cc481bb19a6b0b5a,"{""alpha_a"": 1.0, ""alpha_b"": 0.15, ""kappa_a"": 0.8, ""kappa_b"": 0.12, ""n_per_group"": 200000.0}",1.0,0.15,0.8,0.12,200000,theoretical_value,0.20400000000000004,synthetic,ALL,not_applicable,not_applicable
EXP-01,SYNTHETIC EXPERIMENT,1729,full,664a150484ed2af3,fc813012b4b7092e,"{""alpha_a"": 1.0, ""alpha_b"": 0.2, ""kappa_a"": 0.8, ""kappa_b"": 0.16000000000000003, ""n_per_group"": 200000.0}",1.0,0.2,0.8,0.16000000000000003,200000,theoretical_value,0.19200000000000003,synthetic,ALL,not_applicable,not_applicable
EXP-01,SYNTHETIC EXPERIMENT,1729,full,664a150484ed2af3,80e9c6fbe0f19991,"{""alpha_a"": 1.0, ""alpha_b"": 0.25, ""kappa_a"": 0.8, ""kappa_b"": 0.2, ""n_per_group"": 200000.0}",1.0,0.25,0.8,0.2,200000,theoretical_value,0.18000000000000005,synthetic,ALL,not_applicable,not_applicable
EXP-01,SYNTHETIC EXPERIMENT,1729,full,664a150484ed2af3,52aa40ec77179569,"{""alpha_a"": 1.0, ""alpha_b"": 0.3, ""kappa_a"": 0.8, ""kappa_b"": 0.24, ""n_per_group"": 200000.0}",1.0,0.3,0.8,0.24,200000,theoretical_value,0.16800000000000004,synthetic,ALL,not_applicable,not_applicable
EXP-01,SYNTHETIC EXPERIMENT,1729,full,664a150484ed2af3,0d10be1ecbb2d950,"{""alpha_a"": 1.0, ""alpha_b"": 0.35, ""kappa_a"": 0.8, ""kappa_b"": 0.27999999999999997, ""n_per_group"": 200000.0}",1.0,0.35,0.8,0.27999999999999997,200000,theoretical_value,0.15600000000000003,synthetic,ALL,not_applicable,not_applicable
EXP-01,SYNTHETIC EXPERIMENT,1729,full,664a150484ed2af3,8c1caf3d867f4d4f,"{""alpha_a"": 1.0, ""alpha_b"": 0.4, ""kappa_a"": 0.8, ""kappa_b"": 0.32000000000000006, ""n_per_group"": 200000.0}",1.0,0.4,0.8,0.32000000000000006,200000,theoretical_value,0.14400000000000002,synthetic,ALL,not_applicable,not_applicable
EXP-01,SYNTHETIC EXPERIMENT,1729,full,664a150484ed2af3,e94e5c7b51f82ad1,"{""alpha_a"": 1.0, ""alpha_b"": 0.45, ""kappa_a"": 0.8, ""kappa_b"": 0.36000000000000004, ""n_per_group"": 200000.0}",1.0,0.45,0.8,0.36000000000000004,200000,theoretical_value,0.13200000000000003,synthetic,ALL,not_applicable,not_applicable
EXP-01,SYNTHETIC EXPERIMENT,1729,full,664a150484ed2af3,b85d6f9bfbdb7274,"{""alpha_a"": 1.0, ""alpha_b"": 0.5, ""kappa_a"": 0.8, ""kappa_b"": 0.4, ""n_per_group"": 200000.0}",1.0,0.5,0.8,0.4,200000,theoretical_value,0.12000000000000002,synthetic,ALL,not_applicable,not_applicable
EXP-01,SYNTHETIC EXPERIMENT,1729,full,664a150484ed2af3,87186b121909ae7d,"{""alpha_a"": 1.0, ""alpha_b"": 0.55, ""kappa_a"": 0.8, ""kappa_b"": 0.44000000000000006, ""n_per_group"": 200000.0}",1.0,0.55,0.8,0.44000000000000006,200000,theoretical_value,0.10800000000000001,synthetic,ALL,not_applicable,not_applicable
EXP-01,SYNTHETIC EXPERIMENT,1729,full,664a150484ed2af3,6d7f419530a493fb,"{""alpha_a"": 1.0, ""alpha_b"": 0.6, ""kappa_a"": 0.8, ""kappa_b"": 0.48, ""n_per_group"": 200000.0}",1.0,0.6,0.8,0.48,200000,theoretical_value,0.09600000000000003,synthetic,ALL,not_applicable,not_applicable
EXP-01,SYNTHETIC EXPERIMENT,1729,full,664a150484ed2af3,aa98dcb952c92d8b,"{""alpha_a"": 1.0, ""alpha_b"": 0.65, ""kappa_a"": 0.8, ""kappa_b"": 0.52, ""n_per_group"": 200000.0}",1.0,0.65,0.8,0.52,200000,theoretical_value,0.08400000000000002,synthetic,ALL,not_applicable,not_applicable
EXP-01,SYNTHETIC EXPERIMENT,1729,full,664a150484ed2af3,dfadfc5954bc9544,"{""alpha_a"": 1.0, ""alpha_b"": 0.7, ""kappa_a"": 0.8, ""kappa_b"": 0.5599999999999999, ""n_per_group"": 200000.0}",1.0,0.7,0.8,0.5599999999999999,200000,theoretical_value,0.07200000000000004,synthetic,ALL,not_applicable,not_applicable
EXP-01,SYNTHETIC EXPERIMENT,1729,full,664a150484ed2af3,ab199ab5679d0861,"{""alpha_a"": 1.0, ""alpha_b"": 0.75, ""kappa_a"": 0.8, ""kappa_b"": 0.6000000000000001, ""n_per_group"": 200000.0}",1.0,0.75,0.8,0.6000000000000001,200000,theoretical_value,0.06,synthetic,ALL,not_applicable,not_applicable
EXP-01,SYNTHETIC EXPERIMENT,1729,full,664a150484ed2af3,5973fabcadefed44,"{""alpha_a"": 1.0, ""alpha_b"": 0.8, ""kappa_a"": 0.8, ""kappa_b"": 0.6400000000000001, ""n_per_group"": 200000.0}",1.0,0.8,0.8,0.6400000000000001,200000,theoretical_value,0.04799999999999998,synthetic,ALL,not_applicable,not_applicable
EXP-01,SYNTHETIC EXPERIMENT,1729,full,664a150484ed2af3,1af21e3107bce179,"{""alpha_a"": 1.0, ""alpha_b"": 0.85, ""kappa_a"": 0.8, ""kappa_b"": 0.68, ""n_per_group"": 200000.0}",1.0,0.85,0.8,0.68,200000,theoretical_value,0.036000000000000004,synthetic,ALL,not_applicable,not_applicable
EXP-01,SYNTHETIC EXPERIMENT,1729,full,664a150484ed2af3,5ff3a7d612399c5f,"{""alpha_a"": 1.0, ""alpha_b"": 0.9, ""kappa_a"": 0.8, ""kappa_b"": 0.7200000000000001, ""n_per_group"": 200000.0}",1.0,0.9,0.8,0.7200000000000001,200000,theoretical_value,0.02399999999999999,synthetic,ALL,not_applicable,not_applicable
EXP-01,SYNTHETIC EXPERIMENT,1729,full,664a150484ed2af3,0099810ce775e549,"{""alpha_a"": 1.0, ""alpha_b"": 0.95, ""kappa_a"": 0.8, ""kappa_b"": 0.76, ""n_per_group"": 200000.0}",1.0,0.95,0.8,0.76,200000,theoretical_value,0.012000000000000012,synthetic,ALL,not_applicable,not_applicable
EXP-01,SYNTHETIC EXPERIMENT,1729,full,664a150484ed2af3,2450bd4c8c541d36,"{""alpha_a"": 1.0, ""alpha_b"": 1.0, ""kappa_a"": 0.8, ""kappa_b"": 0.8, ""n_per_group"": 200000.0}",1.0,1.0,0.8,0.8,200000,theoretical_value,0.0,synthetic,ALL,not_applicable,not_applicable
EXP-01,SYNTHETIC EXPERIMENT,1729,full,664a150484ed2af3,d677c370f64041a5,"{""alpha_a"": 0.0, ""alpha_b"": 0.0, ""kappa_a"": 0.0, ""kappa_b"": 0.0, ""n_per_group"": 200000.0}",0.0,0.0,0.0,0.0,200000,theoretical_signed_gap,0.0,synthetic,ALL,not_applicable,not_applicable
EXP-01,SYNTHETIC EXPERIMENT,1729,full,664a150484ed2af3,ee15a83f63fdf3a4,"{""alpha_a"": 0.0, ""alpha_b"": 0.05, ""kappa_a"": 0.0, ""kappa_b"": 0.04000000000000001, ""n_per_group"": 200000.0}",0.0,0.05,0.0,0.04000000000000001,200000,theoretical_signed_gap,-0.012000000000000004,synthetic,ALL,not_applicable,not_applicable
EXP-01,SYNTHETIC EXPERIMENT,1729,full,664a150484ed2af3,9f213ad987e10721,"{""alpha_a"": 0.0, ""alpha_b"": 0.1, ""kappa_a"": 0.0, ""kappa_b"": 0.08000000000000002, ""n_per_group"": 200000.0}",0.0,0.1,0.0,0.08000000000000002,200000,theoretical_signed_gap,-0.024000000000000007,synthetic,ALL,not_applicable,not_applicable
EXP-01,SYNTHETIC EXPERIMENT,1729,full,664a150484ed2af3,a50ea05cc3632546,"{""alpha_a"": 0.0, ""alpha_b"": 0.15, ""kappa_a"": 0.0, ""kappa_b"": 0.12, ""n_per_group"": 200000.0}",0.0,0.15,0.0,0.12,200000,theoretical_signed_gap,-0.036000000000000004,synthetic,ALL,not_applicable,not_applicable
EXP-01,SYNTHETIC EXPERIMENT,1729,full,664a150484ed2af3,cb7d140ab1af89e3,"{""alpha_a"": 0.0, ""alpha_b"": 0.2, ""kappa_a"": 0.0, ""kappa_b"": 0.16000000000000003, ""n_per_group"": 200000.0}",0.0,0.2,0.0,0.16000000000000003,200000,theoretical_signed_gap,-0.048000000000000015,synthetic,ALL,not_applicable,not_applicable
EXP-01,SYNTHETIC EXPERIMENT,1729,full,664a150484ed2af3,07a82f8c8509babe,"{""alpha_a"": 0.0, ""alpha_b"": 0.25, ""kappa_a"": 0.0, ""kappa_b"": 0.2, ""n_per_group"": 200000.0}",0.0,0.25,0.0,0.2,200000,theoretical_signed_gap,-0.06000000000000001,synthetic,ALL,not_applicable,not_applicable
EXP-01,SYNTHETIC EXPERIMENT,1729,full,664a150484ed2af3,c7201cceb6eba04e,"{""alpha_a"": 0.0, ""alpha_b"": 0.3, ""kappa_a"": 0.0, ""kappa_b"": 0.24, ""n_per_group"": 200000.0}",0.0,0.3,0.0,0.24,200000,theoretical_signed_gap,-0.07200000000000001,synthetic,ALL,not_applicable,not_applicable
EXP-01,SYNTHETIC EXPERIMENT,1729,full,664a150484ed2af3,2d0c1d2bc4d99071,"{""alpha_a"": 0.0, ""alpha_b"": 0.35, ""kappa_a"": 0.0, ""kappa_b"": 0.27999999999999997, ""n_per_group"": 200000.0}",0.0,0.35,0.0,0.27999999999999997,200000,theoretical_signed_gap,-0.084,synthetic,ALL,not_applicable,not_applicable
EXP-01,SYNTHETIC EXPERIMENT,1729,full,664a150484ed2af3,94e82436bcbea66c,"{""alpha_a"": 0.0, ""alpha_b"": 0.4, ""kappa_a"": 0.0, ""kappa_b"": 0.32000000000000006, ""n_per_group"": 200000.0}",0.0,0.4,0.0,0.32000000000000006,200000,theoretical_signed_gap,-0.09600000000000003,synthetic,ALL,not_applicable,not_applicable
EXP-01,SYNTHETIC EXPERIMENT,1729,full,664a150484ed2af3,7a738e25c58974de,"{""alpha_a"": 0.0, ""alpha_b"": 0.45, ""kappa_a"": 0.0, ""kappa_b"": 0.36000000000000004, ""n_per_group"": 200000.0}",0.0,0.45,0.0,0.36000000000000004,200000,theoretical_signed_gap,-0.10800000000000003,synthetic,ALL,not_applicable,not_applicable
EXP-01,SYNTHETIC EXPERIMENT,1729,full,664a150484ed2af3,9be7822385526acd,"{""alpha_a"": 0.0, ""alpha_b"": 0.5, ""kappa_a"": 0.0, ""kappa_b"": 0.4, ""n_per_group"": 200000.0}",0.0,0.5,0.0,0.4,200000,theoretical_signed_gap,-0.12000000000000002,synthetic,ALL,not_applicable,not_applicable
EXP-01,SYNTHETIC EXPERIMENT,1729,full,664a150484ed2af3,d187a1a86360d4a1,"{""alpha_a"": 0.0, ""alpha_b"": 0.55, ""kappa_a"": 0.0, ""kappa_b"": 0.44000000000000006, ""n_per_group"": 200000.0}",0.0,0.55,0.0,0.44000000000000006,200000,theoretical_signed_gap,-0.13200000000000003,synthetic,ALL,not_applicable,not_applicable
EXP-01,SYNTHETIC EXPERIMENT,1729,full,664a150484ed2af3,f099a38496da6d21,"{""alpha_a"": 0.0, ""alpha_b"": 0.6, ""kappa_a"": 0.0, ""kappa_b"": 0.48, ""n_per_group"": 200000.0}",0.0,0.6,0.0,0.48,200000,theoretical_signed_gap,-0.14400000000000002,synthetic,ALL,not_applicable,not_applicable
EXP-01,SYNTHETIC EXPERIMENT,1729,full,664a150484ed2af3,6425c81b89dd6306,"{""alpha_a"": 0.0, ""alpha_b"": 0.65, ""kappa_a"": 0.0, ""kappa_b"": 0.52, ""n_per_group"": 200000.0}",0.0,0.65,0.0,0.52,200000,theoretical_signed_gap,-0.15600000000000003,synthetic,ALL,not_applicable,not_applicable
EXP-01,SYNTHETIC EXPERIMENT,1729,full,664a150484ed2af3,c187d229ad634965,"{""alpha_a"": 0.0, ""alpha_b"": 0.7, ""kappa_a"": 0.0, ""kappa_b"": 0.5599999999999999, ""n_per_group"": 200000.0}",0.0,0.7,0.0,0.5599999999999999,200000,theoretical_signed_gap,-0.168,synthetic,ALL,not_applicable,not_applicable
EXP-01,SYNTHETIC EXPERIMENT,1729,full,664a150484ed2af3,26c153d1fce459b2,"{""alpha_a"": 0.0, ""alpha_b"": 0.75, ""kappa_a"": 0.0, ""kappa_b"": 0.6000000000000001, ""n_per_group"": 200000.0}",0.0,0.75,0.0,0.6000000000000001,200000,theoretical_signed_gap,-0.18000000000000005,synthetic,ALL,not_applicable,not_applicable
EXP-01,SYNTHETIC EXPERIMENT,1729,full,664a150484ed2af3,82cd72741378faa9,"{""alpha_a"": 0.0, ""alpha_b"": 0.8, ""kappa_a"": 0.0, ""kappa_b"": 0.6400000000000001, ""n_per_group"": 200000.0}",0.0,0.8,0.0,0.6400000000000001,200000,theoretical_signed_gap,-0.19200000000000006,synthetic,ALL,not_applicable,not_applicable
EXP-01,SYNTHETIC EXPERIMENT,1729,full,664a150484ed2af3,53b00f6023d4c902,"{""alpha_a"": 0.0, ""alpha_b"": 0.85, ""kappa_a"": 0.0, ""kappa_b"": 0.68, ""n_per_group"": 200000.0}",0.0,0.85,0.0,0.68,200000,theoretical_signed_gap,-0.20400000000000004,synthetic,ALL,not_applicable,not_applicable
EXP-01,SYNTHETIC EXPERIMENT,1729,full,664a150484ed2af3,a3219e109d91ed33,"{""alpha_a"": 0.0, ""alpha_b"": 0.9, ""kappa_a"": 0.0, ""kappa_b"": 0.7200000000000001, ""n_per_group"": 200000.0}",0.0,0.9,0.0,0.7200000000000001,200000,theoretical_signed_gap,-0.21600000000000005,synthetic,ALL,not_applicable,not_applicable
EXP-01,SYNTHETIC EXPERIMENT,1729,full,664a150484ed2af3,f19beb43b18b3e3a,"{""alpha_a"": 0.0, ""alpha_b"": 0.95, ""kappa_a"": 0.0, ""kappa_b"": 0.76, ""n_per_group"": 200000.0}",0.0,0.95,0.0,0.76,200000,theoretical_signed_gap,-0.22800000000000004,synthetic,ALL,not_applicable,not_applicable
EXP-01,SYNTHETIC EXPERIMENT,1729,full,664a150484ed2af3,e9c1bbf887ad5156,"{""alpha_a"": 0.0, ""alpha_b"": 1.0, ""kappa_a"": 0.0, ""kappa_b"": 0.8, ""n_per_group"": 200000.0}",0.0,1.0,0.0,0.8,200000,theoretical_signed_gap,-0.24000000000000005,synthetic,ALL,not_applicable,not_applicable
EXP-01,SYNTHETIC EXPERIMENT,1729,full,664a150484ed2af3,517bf43b25015681,"{""alpha_a"": 0.05, ""alpha_b"": 0.0, ""kappa_a"": 0.04000000000000001, ""kappa_b"": 0.0, ""n_per_group"": 200000.0}",0.05,0.0,0.04000000000000001,0.0,200000,theoretical_signed_gap,0.012000000000000004,synthetic,ALL,not_applicable,not_applicable
EXP-01,SYNTHETIC EXPERIMENT,1729,full,664a150484ed2af3,928165d19889b44d,"{""alpha_a"": 0.05, ""alpha_b"": 0.05, ""kappa_a"": 0.04000000000000001, ""kappa_b"": 0.04000000000000001, ""n_per_group"": 200000.0}",0.05,0.05,0.04000000000000001,0.04000000000000001,200000,theoretical_signed_gap,0.0,synthetic,ALL,not_applicable,not_applicable
EXP-01,SYNTHETIC EXPERIMENT,1729,full,664a150484ed2af3,4dcbefe78bb965fa,"{""alpha_a"": 0.05, ""alpha_b"": 0.1, ""kappa_a"": 0.04000000000000001, ""kappa_b"": 0.08000000000000002, ""n_per_group"": 200000.0}",0.05,0.1,0.04000000000000001,0.08000000000000002,200000,theoretical_signed_gap,-0.012000000000000004,synthetic,ALL,not_applicable,not_applicable
EXP-01,SYNTHETIC EXPERIMENT,1729,full,664a150484ed2af3,3d8bba13e37d12a2,"{""alpha_a"": 0.05, ""alpha_b"": 0.15, ""kappa_a"": 0.04000000000000001, ""kappa_b"": 0.12, ""n_per_group"": 200000.0}",0.05,0.15,0.04000000000000001,0.12,200000,theoretical_signed_gap,-0.024,synthetic,ALL,not_applicable,not_applicable
EXP-01,SYNTHETIC EXPERIMENT,1729,full,664a150484ed2af3,248cb25828144e14,"{""alpha_a"": 0.05, ""alpha_b"": 0.2, ""kappa_a"": 0.04000000000000001, ""kappa_b"": 0.16000000000000003, ""n_per_group"": 200000.0}",0.05,0.2,0.04000000000000001,0.16000000000000003,200000,theoretical_signed_gap,-0.03600000000000001,synthetic,ALL,not_applicable,not_applicable
EXP-01,SYNTHETIC EXPERIMENT,1729,full,664a150484ed2af3,bf8a90fef670b5c1,"{""alpha_a"": 0.05, ""alpha_b"": 0.25, ""kappa_a"": 0.04000000000000001, ""kappa_b"": 0.2, ""n_per_group"": 200000.0}",0.05,0.25,0.04000000000000001,0.2,200000,theoretical_signed_gap,-0.04800000000000001,synthetic,ALL,not_applicable,not_applicable
EXP-01,SYNTHETIC EXPERIMENT,1729,full,664a150484ed2af3,b4c4a034cc6a3477,"{""alpha_a"": 0.05, ""alpha_b"": 0.3, ""kappa_a"": 0.04000000000000001, ""kappa_b"": 0.24, ""n_per_group"": 200000.0}",0.05,0.3,0.04000000000000001,0.24,200000,theoretical_signed_gap,-0.060000000000000005,synthetic,ALL,not_applicable,not_applicable
EXP-01,SYNTHETIC EXPERIMENT,1729,full,664a150484ed2af3,515389475eead2e0,"{""alpha_a"": 0.05, ""alpha_b"": 0.35, ""kappa_a"": 0.04000000000000001, ""kappa_b"": 0.27999999999999997, ""n_per_group"": 200000.0}",0.05,0.35,0.04000000000000001,0.27999999999999997,200000,theoretical_signed_gap,-0.072,synthetic,ALL,not_applicable,not_applicable
EXP-01,SYNTHETIC EXPERIMENT,1729,full,664a150484ed2af3,4e99ed3934b7d2fb,"{""alpha_a"": 0.05, ""alpha_b"": 0.4, ""kappa_a"": 0.04000000000000001, ""kappa_b"": 0.32000000000000006, ""n_per_group"": 200000.0}",0.05,0.4,0.04000000000000001,0.32000000000000006,200000,theoretical_signed_gap,-0.08400000000000002,synthetic,ALL,not_applicable,not_applicable
EXP-01,SYNTHETIC EXPERIMENT,1729,full,664a150484ed2af3,515a1d9d2839ad0d,"{""alpha_a"": 0.05, ""alpha_b"": 0.45, ""kappa_a"": 0.04000000000000001, ""kappa_b"": 0.36000000000000004, ""n_per_group"": 200000.0}",0.05,0.45,0.04000000000000001,0.36000000000000004,200000,theoretical_signed_gap,-0.09600000000000003,synthetic,ALL,not_applicable,not_applicable
EXP-01,SYNTHETIC EXPERIMENT,1729,full,664a150484ed2af3,7a32c7a4f1c13764,"{""alpha_a"": 0.05, ""alpha_b"": 0.5, ""kappa_a"": 0.04000000000000001, ""kappa_b"": 0.4, ""n_per_group"": 200000.0}",0.05,0.5,0.04000000000000001,0.4,200000,theoretical_signed_gap,-0.10800000000000001,synthetic,ALL,not_applicable,not_applicable
EXP-01,SYNTHETIC EXPERIMENT,1729,full,664a150484ed2af3,d522d392978a95b8,"{""alpha_a"": 0.05, ""alpha_b"": 0.55, ""kappa_a"": 0.04000000000000001, ""kappa_b"": 0.44000000000000006, ""n_per_group"": 200000.0}",0.05,0.55,0.04000000000000001,0.44000000000000006,200000,theoretical_signed_gap,-0.12000000000000002,synthetic,ALL,not_applicable,not_applicable
EXP-01,SYNTHETIC EXPERIMENT,1729,full,664a150484ed2af3,ec4724289873e8c4,"{""alpha_a"": 0.05, ""alpha_b"": 0.6, ""kappa_a"": 0.04000000000000001, ""kappa_b"": 0.48, ""n_per_group"": 200000.0}",0.05,0.6,0.04000000000000001,0.48,200000,theoretical_signed_gap,-0.132,synthetic,ALL,not_applicable,not_applicable
EXP-01,SYNTHETIC EXPERIMENT,1729,full,664a150484ed2af3,26755716f1dba749,"{""alpha_a"": 0.05, ""alpha_b"": 0.65, ""kappa_a"": 0.04000000000000001, ""kappa_b"": 0.52, ""n_per_group"": 200000.0}",0.05,0.65,0.04000000000000001,0.52,200000,theoretical_signed_gap,-0.14400000000000002,synthetic,ALL,not_applicable,not_applicable
EXP-01,SYNTHETIC EXPERIMENT,1729,full,664a150484ed2af3,0f638c1854f1970d,"{""alpha_a"": 0.05, ""alpha_b"": 0.7, ""kappa_a"": 0.04000000000000001, ""kappa_b"": 0.5599999999999999, ""n_per_group"": 200000.0}",0.05,0.7,0.04000000000000001,0.5599999999999999,200000,theoretical_signed_gap,-0.156,synthetic,ALL,not_applicable,not_applicable
EXP-01,SYNTHETIC EXPERIMENT,1729,full,664a150484ed2af3,26d544bc09ce66a9,"{""alpha_a"": 0.05, ""alpha_b"": 0.75, ""kappa_a"": 0.04000000000000001, ""kappa_b"": 0.6000000000000001, ""n_per_group"": 200000.0}",0.05,0.75,0.04000000000000001,0.6000000000000001,200000,theoretical_signed_gap,-0.16800000000000004,synthetic,ALL,not_applicable,not_applicable
EXP-01,SYNTHETIC EXPERIMENT,1729,full,664a150484ed2af3,23237d59319bfd07,"{""alpha_a"": 0.05, ""alpha_b"": 0.8, ""kappa_a"": 0.04000000000000001, ""kappa_b"": 0.6400000000000001, ""n_per_group"": 200000.0}",0.05,0.8,0.04000000000000001,0.6400000000000001,200000,theoretical_signed_gap,-0.18000000000000005,synthetic,ALL,not_applicable,not_applicable
EXP-01,SYNTHETIC EXPERIMENT,1729,full,664a150484ed2af3,738e962e48b78cff,"{""alpha_a"": 0.05, ""alpha_b"": 0.85, ""kappa_a"": 0.04000000000000001, ""kappa_b"": 0.68, ""n_per_group"": 200000.0}",0.05,0.85,0.04000000000000001,0.68,200000,theoretical_signed_gap,-0.19200000000000003,synthetic,ALL,not_applicable,not_applicable
EXP-01,SYNTHETIC EXPERIMENT,1729,full,664a150484ed2af3,76f5bf6fdc152914,"{""alpha_a"": 0.05, ""alpha_b"": 0.9, ""kappa_a"": 0.04000000000000001, ""kappa_b"": 0.7200000000000001, ""n_per_group"": 200000.0}",0.05,0.9,0.04000000000000001,0.7200000000000001,200000,theoretical_signed_gap,-0.20400000000000004,synthetic,ALL,not_applicable,not_applicable
EXP-01,SYNTHETIC EXPERIMENT,1729,full,664a150484ed2af3,ee689fe85a37c279,"{""alpha_a"": 0.05, ""alpha_b"": 0.95, ""kappa_a"": 0.04000000000000001, ""kappa_b"": 0.76, ""n_per_group"": 200000.0}",0.05,0.95,0.04000000000000001,0.76,200000,theoretical_signed_gap,-0.21600000000000003,synthetic,ALL,not_applicable,not_applicable
EXP-01,SYNTHETIC EXPERIMENT,1729,full,664a150484ed2af3,ddcb1a1882664933,"{""alpha_a"": 0.05, ""alpha_b"": 1.0, ""kappa_a"": 0.04000000000000001, ""kappa_b"": 0.8, ""n_per_group"": 200000.0}",0.05,1.0,0.04000000000000001,0.8,200000,theoretical_signed_gap,-0.22800000000000004,synthetic,ALL,not_applicable,not_applicable
EXP-01,SYNTHETIC EXPERIMENT,1729,full,664a150484ed2af3,a2915cafe1d6465a,"{""alpha_a"": 0.1, ""alpha_b"": 0.0, ""kappa_a"": 0.08000000000000002, ""kappa_b"": 0.0, ""n_per_group"": 200000.0}",0.1,0.0,0.08000000000000002,0.0,200000,theoretical_signed_gap,0.024000000000000007,synthetic,ALL,not_applicable,not_applicable
EXP-01,SYNTHETIC EXPERIMENT,1729,full,664a150484ed2af3,120f7c547c56a2ff,"{""alpha_a"": 0.1, ""alpha_b"": 0.05, ""kappa_a"": 0.08000000000000002, ""kappa_b"": 0.04000000000000001, ""n_per_group"": 200000.0}",0.1,0.05,0.08000000000000002,0.04000000000000001,200000,theoretical_signed_gap,0.012000000000000004,synthetic,ALL,not_applicable,not_applicable
EXP-01,SYNTHETIC EXPERIMENT,1729,full,664a150484ed2af3,7e2d1f708c0627fb,"{""alpha_a"": 0.1, ""alpha_b"": 0.1, ""kappa_a"": 0.08000000000000002, ""kappa_b"": 0.08000000000000002, ""n_per_group"": 200000.0}",0.1,0.1,0.08000000000000002,0.08000000000000002,200000,theoretical_signed_gap,0.0,synthetic,ALL,not_applicable,not_applicable
EXP-01,SYNTHETIC EXPERIMENT,1729,full,664a150484ed2af3,d997930dab72759f,"{""alpha_a"": 0.1, ""alpha_b"": 0.15, ""kappa_a"": 0.08000000000000002, ""kappa_b"": 0.12, ""n_per_group"": 200000.0}",0.1,0.15,0.08000000000000002,0.12,200000,theoretical_signed_gap,-0.011999999999999995,synthetic,ALL,not_applicable,not_applicable
EXP-01,SYNTHETIC EXPERIMENT,1729,full,664a150484ed2af3,ad103656ed8d7f0b,"{""alpha_a"": 0.1, ""alpha_b"": 0.2, ""kappa_a"": 0.08000000000000002, ""kappa_b"": 0.16000000000000003, ""n_per_group"": 200000.0}",0.1,0.2,0.08000000000000002,0.16000000000000003,200000,theoretical_signed_gap,-0.024000000000000007,synthetic,ALL,not_applicable,not_applicable
EXP-01,SYNTHETIC EXPERIMENT,1729,full,664a150484ed2af3,c14ae267f5e9ca55,"{""alpha_a"": 0.1, ""alpha_b"": 0.25, ""kappa_a"": 0.08000000000000002, ""kappa_b"": 0.2, ""n_per_group"": 200000.0}",0.1,0.25,0.08000000000000002,0.2,200000,theoretical_signed_gap,-0.036000000000000004,synthetic,ALL,not_applicable,not_applicable
EXP-01,SYNTHETIC EXPERIMENT,1729,full,664a150484ed2af3,c5eb1f7d126e4e5c,"{""alpha_a"": 0.1, ""alpha_b"": 0.3, ""kappa_a"": 0.08000000000000002, ""kappa_b"": 0.24, ""n_per_group"": 200000.0}",0.1,0.3,0.08000000000000002,0.24,200000,theoretical_signed_gap,-0.048,synthetic,ALL,not_applicable,not_applicable
EXP-01,SYNTHETIC EXPERIMENT,1729,full,664a150484ed2af3,b89305dece33fe6b,"{""alpha_a"": 0.1, ""alpha_b"": 0.35, ""kappa_a"": 0.08000000000000002, ""kappa_b"": 0.27999999999999997, ""n_per_group"": 200000.0}",0.1,0.35,0.08000000000000002,0.27999999999999997,200000,theoretical_signed_gap,-0.06,synthetic,ALL,not_applicable,not_applicable
EXP-01,SYNTHETIC EXPERIMENT,1729,full,664a150484ed2af3,684fda3d6416ed53,"{""alpha_a"": 0.1, ""alpha_b"": 0.4, ""kappa_a"": 0.08000000000000002, ""kappa_b"": 0.32000000000000006, ""n_per_group"": 200000.0}",0.1,0.4,0.08000000000000002,0.32000000000000006,200000,theoretical_signed_gap,-0.07200000000000002,synthetic,ALL,not_applicable,not_applicable
EXP-01,SYNTHETIC EXPERIMENT,1729,full,664a150484ed2af3,259b09bf1fb9895d,"{""alpha_a"": 0.1, ""alpha_b"": 0.45, ""kappa_a"": 0.08000000000000002, ""kappa_b"": 0.36000000000000004, ""n_per_group"": 200000.0}",0.1,0.45,0.08000000000000002,0.36000000000000004,200000,theoretical_signed_gap,-0.08400000000000002,synthetic,ALL,not_applicable,not_applicable
EXP-01,SYNTHETIC EXPERIMENT,1729,full,664a150484ed2af3,1c9e3d54c99d81ff,"{""alpha_a"": 0.1, ""alpha_b"": 0.5, ""kappa_a"": 0.08000000000000002, ""kappa_b"": 0.4, ""n_per_group"": 200000.0}",0.1,0.5,0.08000000000000002,0.4,200000,theoretical_signed_gap,-0.09600000000000002,synthetic,ALL,not_applicable,not_applicable
EXP-01,SYNTHETIC EXPERIMENT,1729,full,664a150484ed2af3,d621968872180cc4,"{""alpha_a"": 0.1, ""alpha_b"": 0.55, ""kappa_a"": 0.08000000000000002, ""kappa_b"": 0.44000000000000006, ""n_per_group"": 200000.0}",0.1,0.55,0.08000000000000002,0.44000000000000006,200000,theoretical_signed_gap,-0.10800000000000003,synthetic,ALL,not_applicable,not_applicable
EXP-01,SYNTHETIC EXPERIMENT,1729,full,664a150484ed2af3,5fee5e1447dee117,"{""alpha_a"": 0.1, ""alpha_b"": 0.6, ""kappa_a"": 0.08000000000000002, ""kappa_b"": 0.48, ""n_per_group"": 200000.0}",0.1,0.6,0.08000000000000002,0.48,200000,theoretical_signed_gap,-0.12000000000000001,synthetic,ALL,not_applicable,not_applicable
EXP-01,SYNTHETIC EXPERIMENT,1729,full,664a150484ed2af3,ac09b83643b65a98,"{""alpha_a"": 0.1, ""alpha_b"": 0.65, ""kappa_a"": 0.08000000000000002, ""kappa_b"": 0.52, ""n_per_group"": 200000.0}",0.1,0.65,0.08000000000000002,0.52,200000,theoretical_signed_gap,-0.13200000000000003,synthetic,ALL,not_applicable,not_applicable
EXP-01,SYNTHETIC EXPERIMENT,1729,full,664a150484ed2af3,f014871fe5af6f7d,"{""alpha_a"": 0.1, ""alpha_b"": 0.7, ""kappa_a"": 0.08000000000000002, ""kappa_b"": 0.5599999999999999, ""n_per_group"": 200000.0}",0.1,0.7,0.08000000000000002,0.5599999999999999,200000,theoretical_signed_gap,-0.144,synthetic,ALL,not_applicable,not_applicable
EXP-01,SYNTHETIC EXPERIMENT,1729,full,664a150484ed2af3,be46b326154d4429,"{""alpha_a"": 0.1, ""alpha_b"": 0.75, ""kappa_a"": 0.08000000000000002, ""kappa_b"": 0.6000000000000001, ""n_per_group"": 200000.0}",0.1,0.75,0.08000000000000002,0.6000000000000001,200000,theoretical_signed_gap,-0.15600000000000003,synthetic,ALL,not_applicable,not_applicable
EXP-01,SYNTHETIC EXPERIMENT,1729,full,664a150484ed2af3,b2387e44aaaf2399,"{""alpha_a"": 0.1, ""alpha_b"": 0.8, ""kappa_a"": 0.08000000000000002, ""kappa_b"": 0.6400000000000001, ""n_per_group"": 200000.0}",0.1,0.8,0.08000000000000002,0.6400000000000001,200000,theoretical_signed_gap,-0.16800000000000004,synthetic,ALL,not_applicable,not_applicable
EXP-01,SYNTHETIC EXPERIMENT,1729,full,664a150484ed2af3,c0c424d80b9b50db,"{""alpha_a"": 0.1, ""alpha_b"": 0.85, ""kappa_a"": 0.08000000000000002, ""kappa_b"": 0.68, ""n_per_group"": 200000.0}",0.1,0.85,0.08000000000000002,0.68,200000,theoretical_signed_gap,-0.18000000000000005,synthetic,ALL,not_applicable,not_applicable
EXP-01,SYNTHETIC EXPERIMENT,1729,full,664a150484ed2af3,2f6b0b058412dca4,"{""alpha_a"": 0.1, ""alpha_b"": 0.9, ""kappa_a"": 0.08000000000000002, ""kappa_b"": 0.7200000000000001, ""n_per_group"": 200000.0}",0.1,0.9,0.08000000000000002,0.7200000000000001,200000,theoretical_signed_gap,-0.19200000000000006,synthetic,ALL,not_applicable,not_applicable
EXP-01,SYNTHETIC EXPERIMENT,1729,full,664a150484ed2af3,1815c76d78805582,"{""alpha_a"": 0.1, ""alpha_b"": 0.95, ""kappa_a"": 0.08000000000000002, ""kappa_b"": 0.76, ""n_per_group"": 200000.0}",0.1,0.95,0.08000000000000002,0.76,200000,theoretical_signed_gap,-0.20400000000000001,synthetic,ALL,not_applicable,not_applicable
EXP-01,SYNTHETIC EXPERIMENT,1729,full,664a150484ed2af3,89ea702ee98ea51c,"{""alpha_a"": 0.1, ""alpha_b"": 1.0, ""kappa_a"": 0.08000000000000002, ""kappa_b"": 0.8, ""n_per_group"": 200000.0}",0.1,1.0,0.08000000000000002,0.8,200000,theoretical_signed_gap,-0.21600000000000003,synthetic,ALL,not_applicable,not_applicable
EXP-01,SYNTHETIC EXPERIMENT,1729,full,664a150484ed2af3,08b729e9e05a1017,"{""alpha_a"": 0.15, ""alpha_b"": 0.0, ""kappa_a"": 0.12, ""kappa_b"": 0.0, ""n_per_group"": 200000.0}",0.15,0.0,0.12,0.0,200000,theoretical_signed_gap,0.036000000000000004,synthetic,ALL,not_applicable,not_applicable
EXP-01,SYNTHETIC EXPERIMENT,1729,full,664a150484ed2af3,7751e99793084c2b,"{""alpha_a"": 0.15, ""alpha_b"": 0.05, ""kappa_a"": 0.12, ""kappa_b"": 0.04000000000000001, ""n_per_group"": 200000.0}",0.15,0.05,0.12,0.04000000000000001,200000,theoretical_signed_gap,0.024,synthetic,ALL,not_applicable,not_applicable
EXP-01,SYNTHETIC EXPERIMENT,1729,full,664a150484ed2af3,059a983f21c27d05,"{""alpha_a"": 0.15, ""alpha_b"": 0.1, ""kappa_a"": 0.12, ""kappa_b"": 0.08000000000000002, ""n_per_group"": 200000.0}",0.15,0.1,0.12,0.08000000000000002,200000,theoretical_signed_gap,0.011999999999999995,synthetic,ALL,not_applicable,not_applicable
EXP-01,SYNTHETIC EXPERIMENT,1729,full,664a150484ed2af3,83532426754cba0b,"{""alpha_a"": 0.15, ""alpha_b"": 0.15, ""kappa_a"": 0.12, ""kappa_b"": 0.12, ""n_per_group"": 200000.0}",0.15,0.15,0.12,0.12,200000,theoretical_signed_gap,0.0,synthetic,ALL,not_applicable,not_applicable
EXP-01,SYNTHETIC EXPERIMENT,1729,full,664a150484ed2af3,dab075d822cb2e53,"{""alpha_a"": 0.15, ""alpha_b"": 0.2, ""kappa_a"": 0.12, ""kappa_b"": 0.16000000000000003, ""n_per_group"": 200000.0}",0.15,0.2,0.12,0.16000000000000003,200000,theoretical_signed_gap,-0.012000000000000012,synthetic,ALL,not_applicable,not_applicable
EXP-01,SYNTHETIC EXPERIMENT,1729,full,664a150484ed2af3,ff406255e9541ce0,"{""alpha_a"": 0.15, ""alpha_b"": 0.25, ""kappa_a"": 0.12, ""kappa_b"": 0.2, ""n_per_group"": 200000.0}",0.15,0.25,0.12,0.2,200000,theoretical_signed_gap,-0.024000000000000007,synthetic,ALL,not_applicable,not_applicable
EXP-01,SYNTHETIC EXPERIMENT,1729,full,664a150484ed2af3,bc67d0228f2d5dea,"{""alpha_a"": 0.15, ""alpha_b"": 0.3, ""kappa_a"": 0.12, ""kappa_b"": 0.24, ""n_per_group"": 200000.0}",0.15,0.3,0.12,0.24,200000,theoretical_signed_gap,-0.036000000000000004,synthetic,ALL,not_applicable,not_applicable
EXP-01,SYNTHETIC EXPERIMENT,1729,full,664a150484ed2af3,6e83edbdd079b951,"{""alpha_a"": 0.15, ""alpha_b"": 0.35, ""kappa_a"": 0.12, ""kappa_b"": 0.27999999999999997, ""n_per_group"": 200000.0}",0.15,0.35,0.12,0.27999999999999997,200000,theoretical_signed_gap,-0.048,synthetic,ALL,not_applicable,not_applicable
EXP-01,SYNTHETIC EXPERIMENT,1729,full,664a150484ed2af3,036e8f34c32b5e42,"{""alpha_a"": 0.15, ""alpha_b"": 0.4, ""kappa_a"": 0.12, ""kappa_b"": 0.32000000000000006, ""n_per_group"": 200000.0}",0.15,0.4,0.12,0.32000000000000006,200000,theoretical_signed_gap,-0.060000000000000026,synthetic,ALL,not_applicable,not_applicable
EXP-01,SYNTHETIC EXPERIMENT,1729,full,664a150484ed2af3,acfa907abcae472a,"{""alpha_a"": 0.15, ""alpha_b"": 0.45, ""kappa_a"": 0.12, ""kappa_b"": 0.36000000000000004, ""n_per_group"": 200000.0}",0.15,0.45,0.12,0.36000000000000004,200000,theoretical_signed_gap,-0.07200000000000002,synthetic,ALL,not_applicable,not_applicable
EXP-01,SYNTHETIC EXPERIMENT,1729,full,664a150484ed2af3,a9662090ca98d4f6,"{""alpha_a"": 0.15, ""alpha_b"": 0.5, ""kappa_a"": 0.12, ""kappa_b"": 0.4, ""n_per_group"": 200000.0}",0.15,0.5,0.12,0.4,200000,theoretical_signed_gap,-0.08400000000000002,synthetic,ALL,not_applicable,not_applicable
EXP-01,SYNTHETIC EXPERIMENT,1729,full,664a150484ed2af3,045eff080186688d,"{""alpha_a"": 0.15, ""alpha_b"": 0.55, ""kappa_a"": 0.12, ""kappa_b"": 0.44000000000000006, ""n_per_group"": 200000.0}",0.15,0.55,0.12,0.44000000000000006,200000,theoretical_signed_gap,-0.09600000000000003,synthetic,ALL,not_applicable,not_applicable
EXP-01,SYNTHETIC EXPERIMENT,1729,full,664a150484ed2af3,1a1483085ec0edf2,"{""alpha_a"": 0.15, ""alpha_b"": 0.6, ""kappa_a"": 0.12, ""kappa_b"": 0.48, ""n_per_group"": 200000.0}",0.15,0.6,0.12,0.48,200000,theoretical_signed_gap,-0.10800000000000001,synthetic,ALL,not_applicable,not_applicable
EXP-01,SYNTHETIC EXPERIMENT,1729,full,664a150484ed2af3,6a6a0e31246bf09c,"{""alpha_a"": 0.15, ""alpha_b"": 0.65, ""kappa_a"": 0.12, ""kappa_b"": 0.52, ""n_per_group"": 200000.0}",0.15,0.65,0.12,0.52,200000,theoretical_signed_gap,-0.12000000000000002,synthetic,ALL,not_applicable,not_applicable
EXP-01,SYNTHETIC EXPERIMENT,1729,full,664a150484ed2af3,d10cd4e23035c428,"{""alpha_a"": 0.15, ""alpha_b"": 0.7, ""kappa_a"": 0.12, ""kappa_b"": 0.5599999999999999, ""n_per_group"": 200000.0}",0.15,0.7,0.12,0.5599999999999999,200000,theoretical_signed_gap,-0.132,synthetic,ALL,not_applicable,not_applicable
EXP-01,SYNTHETIC EXPERIMENT,1729,full,664a150484ed2af3,9cb28d943a1dc510,"{""alpha_a"": 0.15, ""alpha_b"": 0.75, ""kappa_a"": 0.12, ""kappa_b"": 0.6000000000000001, ""n_per_group"": 200000.0}",0.15,0.75,0.12,0.6000000000000001,200000,theoretical_signed_gap,-0.14400000000000004,synthetic,ALL,not_applicable,not_applicable
EXP-01,SYNTHETIC EXPERIMENT,1729,full,664a150484ed2af3,8e58a4fc2a580565,"{""alpha_a"": 0.15, ""alpha_b"": 0.8, ""kappa_a"": 0.12, ""kappa_b"": 0.6400000000000001, ""n_per_group"": 200000.0}",0.15,0.8,0.12,0.6400000000000001,200000,theoretical_signed_gap,-0.15600000000000006,synthetic,ALL,not_applicable,not_applicable
EXP-01,SYNTHETIC EXPERIMENT,1729,full,664a150484ed2af3,201a8d3cd827b864,"{""alpha_a"": 0.15, ""alpha_b"": 0.85, ""kappa_a"": 0.12, ""kappa_b"": 0.68, ""n_per_group"": 200000.0}",0.15,0.85,0.12,0.68,200000,theoretical_signed_gap,-0.16800000000000004,synthetic,ALL,not_applicable,not_applicable
EXP-01,SYNTHETIC EXPERIMENT,1729,full,664a150484ed2af3,afd508f6c028d6a9,"{""alpha_a"": 0.15, ""alpha_b"": 0.9, ""kappa_a"": 0.12, ""kappa_b"": 0.7200000000000001, ""n_per_group"": 200000.0}",0.15,0.9,0.12,0.7200000000000001,200000,theoretical_signed_gap,-0.18000000000000005,synthetic,ALL,not_applicable,not_applicable
EXP-01,SYNTHETIC EXPERIMENT,1729,full,664a150484ed2af3,ae3046ae15a815a4,"{""alpha_a"": 0.15, ""alpha_b"": 0.95, ""kappa_a"": 0.12, ""kappa_b"": 0.76, ""n_per_group"": 200000.0}",0.15,0.95,0.12,0.76,200000,theoretical_signed_gap,-0.19200000000000003,synthetic,ALL,not_applicable,not_applicable
EXP-01,SYNTHETIC EXPERIMENT,1729,full,664a150484ed2af3,694c5a71a7871c49,"{""alpha_a"": 0.15, ""alpha_b"": 1.0, ""kappa_a"": 0.12, ""kappa_b"": 0.8, ""n_per_group"": 200000.0}",0.15,1.0,0.12,0.8,200000,theoretical_signed_gap,-0.20400000000000004,synthetic,ALL,not_applicable,not_applicable
EXP-01,SYNTHETIC EXPERIMENT,1729,full,664a150484ed2af3,7febf754872d3919,"{""alpha_a"": 0.2, ""alpha_b"": 0.0, ""kappa_a"": 0.16000000000000003, ""kappa_b"": 0.0, ""n_per_group"": 200000.0}",0.2,0.0,0.16000000000000003,0.0,200000,theoretical_signed_gap,0.048000000000000015,synthetic,ALL,not_applicable,not_applicable
EXP-01,SYNTHETIC EXPERIMENT,1729,full,664a150484ed2af3,af0e88350643e722,"{""alpha_a"": 0.2, ""alpha_b"": 0.05, ""kappa_a"": 0.16000000000000003, ""kappa_b"": 0.04000000000000001, ""n_per_group"": 200000.0}",0.2,0.05,0.16000000000000003,0.04000000000000001,200000,theoretical_signed_gap,0.03600000000000001,synthetic,ALL,not_applicable,not_applicable
EXP-01,SYNTHETIC EXPERIMENT,1729,full,664a150484ed2af3,ebc7988d8059dc14,"{""alpha_a"": 0.2, ""alpha_b"": 0.1, ""kappa_a"": 0.16000000000000003, ""kappa_b"": 0.08000000000000002, ""n_per_group"": 200000.0}",0.2,0.1,0.16000000000000003,0.08000000000000002,200000,theoretical_signed_gap,0.024000000000000007,synthetic,ALL,not_applicable,not_applicable
EXP-01,SYNTHETIC EXPERIMENT,1729,full,664a150484ed2af3,41008b528b1235f7,"{""alpha_a"": 0.2, ""alpha_b"": 0.15, ""kappa_a"": 0.16000000000000003, ""kappa_b"": 0.12, ""n_per_group"": 200000.0}",0.2,0.15,0.16000000000000003,0.12,200000,theoretical_signed_gap,0.012000000000000012,synthetic,ALL,not_applicable,not_applicable
EXP-01,SYNTHETIC EXPERIMENT,1729,full,664a150484ed2af3,a3f00a124577869e,"{""alpha_a"": 0.2, ""alpha_b"": 0.2, ""kappa_a"": 0.16000000000000003, ""kappa_b"": 0.16000000000000003, ""n_per_group"": 200000.0}",0.2,0.2,0.16000000000000003,0.16000000000000003,200000,theoretical_signed_gap,0.0,synthetic,ALL,not_applicable,not_applicable
EXP-01,SYNTHETIC EXPERIMENT,1729,full,664a150484ed2af3,8a2519f2ff1ed8f6,"{""alpha_a"": 0.2, ""alpha_b"": 0.25, ""kappa_a"": 0.16000000000000003, ""kappa_b"": 0.2, ""n_per_group"": 200000.0}",0.2,0.25,0.16000000000000003,0.2,200000,theoretical_signed_gap,-0.011999999999999995,synthetic,ALL,not_applicable,not_applicable
EXP-01,SYNTHETIC EXPERIMENT,1729,full,664a150484ed2af3,b4f261583a3b724a,"{""alpha_a"": 0.2, ""alpha_b"": 0.3, ""kappa_a"": 0.16000000000000003, ""kappa_b"": 0.24, ""n_per_group"": 200000.0}",0.2,0.3,0.16000000000000003,0.24,200000,theoretical_signed_gap,-0.02399999999999999,synthetic,ALL,not_applicable,not_applicable
EXP-01,SYNTHETIC EXPERIMENT,1729,full,664a150484ed2af3,f681b88a7543859f,"{""alpha_a"": 0.2, ""alpha_b"": 0.35, ""kappa_a"": 0.16000000000000003, ""kappa_b"": 0.27999999999999997, ""n_per_group"": 200000.0}",0.2,0.35,0.16000000000000003,0.27999999999999997,200000,theoretical_signed_gap,-0.03599999999999999,synthetic,ALL,not_applicable,not_applicable
EXP-01,SYNTHETIC EXPERIMENT,1729,full,664a150484ed2af3,d20ee4fa0ea4046f,"{""alpha_a"": 0.2, ""alpha_b"": 0.4, ""kappa_a"": 0.16000000000000003, ""kappa_b"": 0.32000000000000006, ""n_per_group"": 200000.0}",0.2,0.4,0.16000000000000003,0.32000000000000006,200000,theoretical_signed_gap,-0.048000000000000015,synthetic,ALL,not_applicable,not_applicable
EXP-01,SYNTHETIC EXPERIMENT,1729,full,664a150484ed2af3,ff7a91fd1b801645,"{""alpha_a"": 0.2, ""alpha_b"": 0.45, ""kappa_a"": 0.16000000000000003, ""kappa_b"": 0.36000000000000004, ""n_per_group"": 200000.0}",0.2,0.45,0.16000000000000003,0.36000000000000004,200000,theoretical_signed_gap,-0.06000000000000001,synthetic,ALL,not_applicable,not_applicable
EXP-01,SYNTHETIC EXPERIMENT,1729,full,664a150484ed2af3,6bfd94f82a5d1ff2,"{""alpha_a"": 0.2, ""alpha_b"": 0.5, ""kappa_a"": 0.16000000000000003, ""kappa_b"": 0.4, ""n_per_group"": 200000.0}",0.2,0.5,0.16000000000000003,0.4,200000,theoretical_signed_gap,-0.07200000000000001,synthetic,ALL,not_applicable,not_applicable
EXP-01,SYNTHETIC EXPERIMENT,1729,full,664a150484ed2af3,40b3681ff1bd5a33,"{""alpha_a"": 0.2, ""alpha_b"": 0.55, ""kappa_a"": 0.16000000000000003, ""kappa_b"": 0.44000000000000006, ""n_per_group"": 200000.0}",0.2,0.55,0.16000000000000003,0.44000000000000006,200000,theoretical_signed_gap,-0.08400000000000002,synthetic,ALL,not_applicable,not_applicable
EXP-01,SYNTHETIC EXPERIMENT,1729,full,664a150484ed2af3,e211bd0acc7eecf6,"{""alpha_a"": 0.2, ""alpha_b"": 0.6, ""kappa_a"": 0.16000000000000003, ""kappa_b"": 0.48, ""n_per_group"": 200000.0}",0.2,0.6,0.16000000000000003,0.48,200000,theoretical_signed_gap,-0.096,synthetic,ALL,not_applicable,not_applicable
EXP-01,SYNTHETIC EXPERIMENT,1729,full,664a150484ed2af3,1e13ae164faf8f41,"{""alpha_a"": 0.2, ""alpha_b"": 0.65, ""kappa_a"": 0.16000000000000003, ""kappa_b"": 0.52, ""n_per_group"": 200000.0}",0.2,0.65,0.16000000000000003,0.52,200000,theoretical_signed_gap,-0.10800000000000001,synthetic,ALL,not_applicable,not_applicable
EXP-01,SYNTHETIC EXPERIMENT,1729,full,664a150484ed2af3,175745f0ccd8d860,"{""alpha_a"": 0.2, ""alpha_b"": 0.7, ""kappa_a"": 0.16000000000000003, ""kappa_b"": 0.5599999999999999, ""n_per_group"": 200000.0}",0.2,0.7,0.16000000000000003,0.5599999999999999,200000,theoretical_signed_gap,-0.12,synthetic,ALL,not_applicable,not_applicable
EXP-01,SYNTHETIC EXPERIMENT,1729,full,664a150484ed2af3,a450449f379465e7,"{""alpha_a"": 0.2, ""alpha_b"": 0.75, ""kappa_a"": 0.16000000000000003, ""kappa_b"": 0.6000000000000001, ""n_per_group"": 200000.0}",0.2,0.75,0.16000000000000003,0.6000000000000001,200000,theoretical_signed_gap,-0.13200000000000003,synthetic,ALL,not_applicable,not_applicable
EXP-01,SYNTHETIC EXPERIMENT,1729,full,664a150484ed2af3,96e35d8738eec7f3,"{""alpha_a"": 0.2, ""alpha_b"": 0.8, ""kappa_a"": 0.16000000000000003, ""kappa_b"": 0.6400000000000001, ""n_per_group"": 200000.0}",0.2,0.8,0.16000000000000003,0.6400000000000001,200000,theoretical_signed_gap,-0.14400000000000004,synthetic,ALL,not_applicable,not_applicable
EXP-01,SYNTHETIC EXPERIMENT,1729,full,664a150484ed2af3,e2761bb3a6a7dfd5,"{""alpha_a"": 0.2, ""alpha_b"": 0.85, ""kappa_a"": 0.16000000000000003, ""kappa_b"": 0.68, ""n_per_group"": 200000.0}",0.2,0.85,0.16000000000000003,0.68,200000,theoretical_signed_gap,-0.15600000000000003,synthetic,ALL,not_applicable,not_applicable
EXP-01,SYNTHETIC EXPERIMENT,1729,full,664a150484ed2af3,96ba37d3d4dda9b2,"{""alpha_a"": 0.2, ""alpha_b"": 0.9, ""kappa_a"": 0.16000000000000003, ""kappa_b"": 0.7200000000000001, ""n_per_group"": 200000.0}",0.2,0.9,0.16000000000000003,0.7200000000000001,200000,theoretical_signed_gap,-0.16800000000000004,synthetic,ALL,not_applicable,not_applicable
EXP-01,SYNTHETIC EXPERIMENT,1729,full,664a150484ed2af3,67c017115584954c,"{""alpha_a"": 0.2, ""alpha_b"": 0.95, ""kappa_a"": 0.16000000000000003, ""kappa_b"": 0.76, ""n_per_group"": 200000.0}",0.2,0.95,0.16000000000000003,0.76,200000,theoretical_signed_gap,-0.18000000000000002,synthetic,ALL,not_applicable,not_applicable
EXP-01,SYNTHETIC EXPERIMENT,1729,full,664a150484ed2af3,308d26abc93558d0,"{""alpha_a"": 0.2, ""alpha_b"": 1.0, ""kappa_a"": 0.16000000000000003, ""kappa_b"": 0.8, ""n_per_group"": 200000.0}",0.2,1.0,0.16000000000000003,0.8,200000,theoretical_signed_gap,-0.19200000000000003,synthetic,ALL,not_applicable,not_applicable
EXP-01,SYNTHETIC EXPERIMENT,1729,full,664a150484ed2af3,d0ef03f67f087104,"{""alpha_a"": 0.25, ""alpha_b"": 0.0, ""kappa_a"": 0.2, ""kappa_b"": 0.0, ""n_per_group"": 200000.0}",0.25,0.0,0.2,0.0,200000,theoretical_signed_gap,0.06000000000000001,synthetic,ALL,not_applicable,not_applicable
EXP-01,SYNTHETIC EXPERIMENT,1729,full,664a150484ed2af3,640da030f4c79e2a,"{""alpha_a"": 0.25, ""alpha_b"": 0.05, ""kappa_a"": 0.2, ""kappa_b"": 0.04000000000000001, ""n_per_group"": 200000.0}",0.25,0.05,0.2,0.04000000000000001,200000,theoretical_signed_gap,0.04800000000000001,synthetic,ALL,not_applicable,not_applicable
EXP-01,SYNTHETIC EXPERIMENT,1729,full,664a150484ed2af3,d35d22f3b88f0655,"{""alpha_a"": 0.25, ""alpha_b"": 0.1, ""kappa_a"": 0.2, ""kappa_b"": 0.08000000000000002, ""n_per_group"": 200000.0}",0.25,0.1,0.2,0.08000000000000002,200000,theoretical_signed_gap,0.036000000000000004,synthetic,ALL,not_applicable,not_applicable
EXP-01,SYNTHETIC EXPERIMENT,1729,full,664a150484ed2af3,36a097142cdadf6f,"{""alpha_a"": 0.25, ""alpha_b"": 0.15, ""kappa_a"": 0.2, ""kappa_b"": 0.12, ""n_per_group"": 200000.0}",0.25,0.15,0.2,0.12,200000,theoretical_signed_gap,0.024000000000000007,synthetic,ALL,not_applicable,not_applicable
EXP-01,SYNTHETIC EXPERIMENT,1729,full,664a150484ed2af3,771ed3facb31defa,"{""alpha_a"": 0.25, ""alpha_b"": 0.2, ""kappa_a"": 0.2, ""kappa_b"": 0.16000000000000003, ""n_per_group"": 200000.0}",0.25,0.2,0.2,0.16000000000000003,200000,theoretical_signed_gap,0.011999999999999995,synthetic,ALL,not_applicable,not_applicable
EXP-01,SYNTHETIC EXPERIMENT,1729,full,664a150484ed2af3,0ef3f92454098838,"{""alpha_a"": 0.25, ""alpha_b"": 0.25, ""kappa_a"": 0.2, ""kappa_b"": 0.2, ""n_per_group"": 200000.0}",0.25,0.25,0.2,0.2,200000,theoretical_signed_gap,0.0,synthetic,ALL,not_applicable,not_applicable
EXP-01,SYNTHETIC EXPERIMENT,1729,full,664a150484ed2af3,69430f02107c86f3,"{""alpha_a"": 0.25, ""alpha_b"": 0.3, ""kappa_a"": 0.2, ""kappa_b"": 0.24, ""n_per_group"": 200000.0}",0.25,0.3,0.2,0.24,200000,theoretical_signed_gap,-0.011999999999999995,synthetic,ALL,not_applicable,not_applicable
EXP-01,SYNTHETIC EXPERIMENT,1729,full,664a150484ed2af3,d7ff82e5394737eb,"{""alpha_a"": 0.25, ""alpha_b"": 0.35, ""kappa_a"": 0.2, ""kappa_b"": 0.27999999999999997, ""n_per_group"": 200000.0}",0.25,0.35,0.2,0.27999999999999997,200000,theoretical_signed_gap,-0.02399999999999999,synthetic,ALL,not_applicable,not_applicable
EXP-01,SYNTHETIC EXPERIMENT,1729,full,664a150484ed2af3,58cbd7267c66f208,"{""alpha_a"": 0.25, ""alpha_b"": 0.4, ""kappa_a"": 0.2, ""kappa_b"": 0.32000000000000006, ""n_per_group"": 200000.0}",0.25,0.4,0.2,0.32000000000000006,200000,theoretical_signed_gap,-0.03600000000000002,synthetic,ALL,not_applicable,not_applicable
EXP-01,SYNTHETIC EXPERIMENT,1729,full,664a150484ed2af3,d0f4d027a21b5961,"{""alpha_a"": 0.25, ""alpha_b"": 0.45, ""kappa_a"": 0.2, ""kappa_b"": 0.36000000000000004, ""n_per_group"": 200000.0}",0.25,0.45,0.2,0.36000000000000004,200000,theoretical_signed_gap,-0.048000000000000015,synthetic,ALL,not_applicable,not_applicable
EXP-01,SYNTHETIC EXPERIMENT,1729,full,664a150484ed2af3,b831345230e1a585,"{""alpha_a"": 0.25, ""alpha_b"": 0.5, ""kappa_a"": 0.2, ""kappa_b"": 0.4, ""n_per_group"": 200000.0}",0.25,0.5,0.2,0.4,200000,theoretical_signed_gap,-0.06000000000000001,synthetic,ALL,not_applicable,not_applicable
EXP-01,SYNTHETIC EXPERIMENT,1729,full,664a150484ed2af3,f1088485738d706a,"{""alpha_a"": 0.25, ""alpha_b"": 0.55, ""kappa_a"": 0.2, ""kappa_b"": 0.44000000000000006, ""n_per_group"": 200000.0}",0.25,0.55,0.2,0.44000000000000006,200000,theoretical_signed_gap,-0.07200000000000002,synthetic,ALL,not_applicable,not_applicable
EXP-01,SYNTHETIC EXPERIMENT,1729,full,664a150484ed2af3,76c9d04638f909c9,"{""alpha_a"": 0.25, ""alpha_b"": 0.6, ""kappa_a"": 0.2, ""kappa_b"": 0.48, ""n_per_group"": 200000.0}",0.25,0.6,0.2,0.48,200000,theoretical_signed_gap,-0.084,synthetic,ALL,not_applicable,not_applicable
EXP-01,SYNTHETIC EXPERIMENT,1729,full,664a150484ed2af3,d1bf2dd0766911b7,"{""alpha_a"": 0.25, ""alpha_b"": 0.65, ""kappa_a"": 0.2, ""kappa_b"": 0.52, ""n_per_group"": 200000.0}",0.25,0.65,0.2,0.52,200000,theoretical_signed_gap,-0.09600000000000002,synthetic,ALL,not_applicable,not_applicable
EXP-01,SYNTHETIC EXPERIMENT,1729,full,664a150484ed2af3,7347765828dc631a,"{""alpha_a"": 0.25, ""alpha_b"": 0.7, ""kappa_a"": 0.2, ""kappa_b"": 0.5599999999999999, ""n_per_group"": 200000.0}",0.25,0.7,0.2,0.5599999999999999,200000,theoretical_signed_gap,-0.108,synthetic,ALL,not_applicable,not_applicable
EXP-01,SYNTHETIC EXPERIMENT,1729,full,664a150484ed2af3,8cd421c278dad9f0,"{""alpha_a"": 0.25, ""alpha_b"": 0.75, ""kappa_a"": 0.2, ""kappa_b"": 0.6000000000000001, ""n_per_group"": 200000.0}",0.25,0.75,0.2,0.6000000000000001,200000,theoretical_signed_gap,-0.12000000000000004,synthetic,ALL,not_applicable,not_applicable
EXP-01,SYNTHETIC EXPERIMENT,1729,full,664a150484ed2af3,a3a8587bfcda0271,"{""alpha_a"": 0.25, ""alpha_b"": 0.8, ""kappa_a"": 0.2, ""kappa_b"": 0.6400000000000001, ""n_per_group"": 200000.0}",0.25,0.8,0.2,0.6400000000000001,200000,theoretical_signed_gap,-0.13200000000000006,synthetic,ALL,not_applicable,not_applicable
EXP-01,SYNTHETIC EXPERIMENT,1729,full,664a150484ed2af3,7f75c4b391283e60,"{""alpha_a"": 0.25, ""alpha_b"": 0.85, ""kappa_a"": 0.2, ""kappa_b"": 0.68, ""n_per_group"": 200000.0}",0.25,0.85,0.2,0.68,200000,theoretical_signed_gap,-0.14400000000000004,synthetic,ALL,not_applicable,not_applicable
EXP-01,SYNTHETIC EXPERIMENT,1729,full,664a150484ed2af3,dca757c3df7ba091,"{""alpha_a"": 0.25, ""alpha_b"": 0.9, ""kappa_a"": 0.2, ""kappa_b"": 0.7200000000000001, ""n_per_group"": 200000.0}",0.25,0.9,0.2,0.7200000000000001,200000,theoretical_signed_gap,-0.15600000000000003,synthetic,ALL,not_applicable,not_applicable
EXP-01,SYNTHETIC EXPERIMENT,1729,full,664a150484ed2af3,0ead99814f3b20df,"{""alpha_a"": 0.25, ""alpha_b"": 0.95, ""kappa_a"": 0.2, ""kappa_b"": 0.76, ""n_per_group"": 200000.0}",0.25,0.95,0.2,0.76,200000,theoretical_signed_gap,-0.16800000000000004,synthetic,ALL,not_applicable,not_applicable
EXP-01,SYNTHETIC EXPERIMENT,1729,full,664a150484ed2af3,700ea7fd6f3fe715,"{""alpha_a"": 0.25, ""alpha_b"": 1.0, ""kappa_a"": 0.2, ""kappa_b"": 0.8, ""n_per_group"": 200000.0}",0.25,1.0,0.2,0.8,200000,theoretical_signed_gap,-0.18000000000000005,synthetic,ALL,not_applicable,not_applicable
EXP-01,SYNTHETIC EXPERIMENT,1729,full,664a150484ed2af3,31672113393a323b,"{""alpha_a"": 0.3, ""alpha_b"": 0.0, ""kappa_a"": 0.24, ""kappa_b"": 0.0, ""n_per_group"": 200000.0}",0.3,0.0,0.24,0.0,200000,theoretical_signed_gap,0.07200000000000001,synthetic,ALL,not_applicable,not_applicable
EXP-01,SYNTHETIC EXPERIMENT,1729,full,664a150484ed2af3,3c646466648927bc,"{""alpha_a"": 0.3, ""alpha_b"": 0.05, ""kappa_a"": 0.24, ""kappa_b"": 0.04000000000000001, ""n_per_group"": 200000.0}",0.3,0.05,0.24,0.04000000000000001,200000,theoretical_signed_gap,0.060000000000000005,synthetic,ALL,not_applicable,not_applicable
EXP-01,SYNTHETIC EXPERIMENT,1729,full,664a150484ed2af3,9814cad6fd886e66,"{""alpha_a"": 0.3, ""alpha_b"": 0.1, ""kappa_a"": 0.24, ""kappa_b"": 0.08000000000000002, ""n_per_group"": 200000.0}",0.3,0.1,0.24,0.08000000000000002,200000,theoretical_signed_gap,0.048,synthetic,ALL,not_applicable,not_applicable
EXP-01,SYNTHETIC EXPERIMENT,1729,full,664a150484ed2af3,8d91f387a3c7da84,"{""alpha_a"": 0.3, ""alpha_b"": 0.15, ""kappa_a"": 0.24, ""kappa_b"": 0.12, ""n_per_group"": 200000.0}",0.3,0.15,0.24,0.12,200000,theoretical_signed_gap,0.036000000000000004,synthetic,ALL,not_applicable,not_applicable
EXP-01,SYNTHETIC EXPERIMENT,1729,full,664a150484ed2af3,fc766c884699c0b5,"{""alpha_a"": 0.3, ""alpha_b"": 0.2, ""kappa_a"": 0.24, ""kappa_b"": 0.16000000000000003, ""n_per_group"": 200000.0}",0.3,0.2,0.24,0.16000000000000003,200000,theoretical_signed_gap,0.02399999999999999,synthetic,ALL,not_applicable,not_applicable
EXP-01,SYNTHETIC EXPERIMENT,1729,full,664a150484ed2af3,f53aaffe33312169,"{""alpha_a"": 0.3, ""alpha_b"": 0.25, ""kappa_a"": 0.24, ""kappa_b"": 0.2, ""n_per_group"": 200000.0}",0.3,0.25,0.24,0.2,200000,theoretical_signed_gap,0.011999999999999995,synthetic,ALL,not_applicable,not_applicable
EXP-01,SYNTHETIC EXPERIMENT,1729,full,664a150484ed2af3,5e7d0c29ccf0d026,"{""alpha_a"": 0.3, ""alpha_b"": 0.3, ""kappa_a"": 0.24, ""kappa_b"": 0.24, ""n_per_group"": 200000.0}",0.3,0.3,0.24,0.24,200000,theoretical_signed_gap,0.0,synthetic,ALL,not_applicable,not_applicable
EXP-01,SYNTHETIC EXPERIMENT,1729,full,664a150484ed2af3,914b9c976d95f94b,"{""alpha_a"": 0.3, ""alpha_b"": 0.35, ""kappa_a"": 0.24, ""kappa_b"": 0.27999999999999997, ""n_per_group"": 200000.0}",0.3,0.35,0.24,0.27999999999999997,200000,theoretical_signed_gap,-0.011999999999999995,synthetic,ALL,not_applicable,not_applicable
EXP-01,SYNTHETIC EXPERIMENT,1729,full,664a150484ed2af3,d9c80c2b33534eb6,"{""alpha_a"": 0.3, ""alpha_b"": 0.4, ""kappa_a"": 0.24, ""kappa_b"": 0.32000000000000006, ""n_per_group"": 200000.0}",0.3,0.4,0.24,0.32000000000000006,200000,theoretical_signed_gap,-0.024000000000000025,synthetic,ALL,not_applicable,not_applicable
EXP-01,SYNTHETIC EXPERIMENT,1729,full,664a150484ed2af3,fce7f455545cd060,"{""alpha_a"": 0.3, ""alpha_b"": 0.45, ""kappa_a"": 0.24, ""kappa_b"": 0.36000000000000004, ""n_per_group"": 200000.0}",0.3,0.45,0.24,0.36000000000000004,200000,theoretical_signed_gap,-0.03600000000000002,synthetic,ALL,not_applicable,not_applicable
EXP-01,SYNTHETIC EXPERIMENT,1729,full,664a150484ed2af3,9bd821115d6ab0c6,"{""alpha_a"": 0.3, ""alpha_b"": 0.5, ""kappa_a"": 0.24, ""kappa_b"": 0.4, ""n_per_group"": 200000.0}",0.3,0.5,0.24,0.4,200000,theoretical_signed_gap,-0.048000000000000015,synthetic,ALL,not_applicable,not_applicable
EXP-01,SYNTHETIC EXPERIMENT,1729,full,664a150484ed2af3,cd3e02481510dc73,"{""alpha_a"": 0.3, ""alpha_b"": 0.55, ""kappa_a"": 0.24, ""kappa_b"": 0.44000000000000006, ""n_per_group"": 200000.0}",0.3,0.55,0.24,0.44000000000000006,200000,theoretical_signed_gap,-0.060000000000000026,synthetic,ALL,not_applicable,not_applicable
EXP-01,SYNTHETIC EXPERIMENT,1729,full,664a150484ed2af3,1857cb75df40c346,"{""alpha_a"": 0.3, ""alpha_b"": 0.6, ""kappa_a"": 0.24, ""kappa_b"": 0.48, ""n_per_group"": 200000.0}",0.3,0.6,0.24,0.48,200000,theoretical_signed_gap,-0.07200000000000001,synthetic,ALL,not_applicable,not_applicable
EXP-01,SYNTHETIC EXPERIMENT,1729,full,664a150484ed2af3,02cadc2bc1e0b26b,"{""alpha_a"": 0.3, ""alpha_b"": 0.65, ""kappa_a"": 0.24, ""kappa_b"": 0.52, ""n_per_group"": 200000.0}",0.3,0.65,0.24,0.52,200000,theoretical_signed_gap,-0.08400000000000002,synthetic,ALL,not_applicable,not_applicable
EXP-01,SYNTHETIC EXPERIMENT,1729,full,664a150484ed2af3,9e5a08504b225d15,"{""alpha_a"": 0.3, ""alpha_b"": 0.7, ""kappa_a"": 0.24, ""kappa_b"": 0.5599999999999999, ""n_per_group"": 200000.0}",0.3,0.7,0.24,0.5599999999999999,200000,theoretical_signed_gap,-0.096,synthetic,ALL,not_applicable,not_applicable
EXP-01,SYNTHETIC EXPERIMENT,1729,full,664a150484ed2af3,61dc1bdd16487838,"{""alpha_a"": 0.3, ""alpha_b"": 0.75, ""kappa_a"": 0.24, ""kappa_b"": 0.6000000000000001, ""n_per_group"": 200000.0}",0.3,0.75,0.24,0.6000000000000001,200000,theoretical_signed_gap,-0.10800000000000004,synthetic,ALL,not_applicable,not_applicable
EXP-01,SYNTHETIC EXPERIMENT,1729,full,664a150484ed2af3,78fbc22363e0f834,"{""alpha_a"": 0.3, ""alpha_b"": 0.8, ""kappa_a"": 0.24, ""kappa_b"": 0.6400000000000001, ""n_per_group"": 200000.0}",0.3,0.8,0.24,0.6400000000000001,200000,theoretical_signed_gap,-0.12000000000000005,synthetic,ALL,not_applicable,not_applicable
EXP-01,SYNTHETIC EXPERIMENT,1729,full,664a150484ed2af3,d88806cb2e3b4594,"{""alpha_a"": 0.3, ""alpha_b"": 0.85, ""kappa_a"": 0.24, ""kappa_b"": 0.68, ""n_per_group"": 200000.0}",0.3,0.85,0.24,0.68,200000,theoretical_signed_gap,-0.13200000000000003,synthetic,ALL,not_applicable,not_applicable
EXP-01,SYNTHETIC EXPERIMENT,1729,full,664a150484ed2af3,61be87df94fdc8f8,"{""alpha_a"": 0.3, ""alpha_b"": 0.9, ""kappa_a"": 0.24, ""kappa_b"": 0.7200000000000001, ""n_per_group"": 200000.0}",0.3,0.9,0.24,0.7200000000000001,200000,theoretical_signed_gap,-0.14400000000000004,synthetic,ALL,not_applicable,not_applicable
EXP-01,SYNTHETIC EXPERIMENT,1729,full,664a150484ed2af3,6a86b1c31fa23909,"{""alpha_a"": 0.3, ""alpha_b"": 0.95, ""kappa_a"": 0.24, ""kappa_b"": 0.76, ""n_per_group"": 200000.0}",0.3,0.95,0.24,0.76,200000,theoretical_signed_gap,-0.15600000000000003,synthetic,ALL,not_applicable,not_applicable
EXP-01,SYNTHETIC EXPERIMENT,1729,full,664a150484ed2af3,5abd187b355317bf,"{""alpha_a"": 0.3, ""alpha_b"": 1.0, ""kappa_a"": 0.24, ""kappa_b"": 0.8, ""n_per_group"": 200000.0}",0.3,1.0,0.24,0.8,200000,theoretical_signed_gap,-0.16800000000000004,synthetic,ALL,not_applicable,not_applicable
EXP-01,SYNTHETIC EXPERIMENT,1729,full,664a150484ed2af3,35ff863b653eda18,"{""alpha_a"": 0.35, ""alpha_b"": 0.0, ""kappa_a"": 0.27999999999999997, ""kappa_b"": 0.0, ""n_per_group"": 200000.0}",0.35,0.0,0.27999999999999997,0.0,200000,theoretical_signed_gap,0.084,synthetic,ALL,not_applicable,not_applicable
EXP-01,SYNTHETIC EXPERIMENT,1729,full,664a150484ed2af3,835b894ab977de78,"{""alpha_a"": 0.35, ""alpha_b"": 0.05, ""kappa_a"": 0.27999999999999997, ""kappa_b"": 0.04000000000000001, ""n_per_group"": 200000.0}",0.35,0.05,0.27999999999999997,0.04000000000000001,200000,theoretical_signed_gap,0.072,synthetic,ALL,not_applicable,not_applicable
EXP-01,SYNTHETIC EXPERIMENT,1729,full,664a150484ed2af3,96db7e710d5d8d5b,"{""alpha_a"": 0.35, ""alpha_b"": 0.1, ""kappa_a"": 0.27999999999999997, ""kappa_b"": 0.08000000000000002, ""n_per_group"": 200000.0}",0.35,0.1,0.27999999999999997,0.08000000000000002,200000,theoretical_signed_gap,0.06,synthetic,ALL,not_applicable,not_applicable
EXP-01,SYNTHETIC EXPERIMENT,1729,full,664a150484ed2af3,1cd1ef01007577c6,"{""alpha_a"": 0.35, ""alpha_b"": 0.15, ""kappa_a"": 0.27999999999999997, ""kappa_b"": 0.12, ""n_per_group"": 200000.0}",0.35,0.15,0.27999999999999997,0.12,200000,theoretical_signed_gap,0.048,synthetic,ALL,not_applicable,not_applicable
EXP-01,SYNTHETIC EXPERIMENT,1729,full,664a150484ed2af3,5fb5746dbff61339,"{""alpha_a"": 0.35, ""alpha_b"": 0.2, ""kappa_a"": 0.27999999999999997, ""kappa_b"": 0.16000000000000003, ""n_per_group"": 200000.0}",0.35,0.2,0.27999999999999997,0.16000000000000003,200000,theoretical_signed_gap,0.03599999999999999,synthetic,ALL,not_applicable,not_applicable
EXP-01,SYNTHETIC EXPERIMENT,1729,full,664a150484ed2af3,eeea2850752b4ae0,"{""alpha_a"": 0.35, ""alpha_b"": 0.25, ""kappa_a"": 0.27999999999999997, ""kappa_b"": 0.2, ""n_per_group"": 200000.0}",0.35,0.25,0.27999999999999997,0.2,200000,theoretical_signed_gap,0.02399999999999999,synthetic,ALL,not_applicable,not_applicable
EXP-01,SYNTHETIC EXPERIMENT,1729,full,664a150484ed2af3,46e36898985c7369,"{""alpha_a"": 0.35, ""alpha_b"": 0.3, ""kappa_a"": 0.27999999999999997, ""kappa_b"": 0.24, ""n_per_group"": 200000.0}",0.35,0.3,0.27999999999999997,0.24,200000,theoretical_signed_gap,0.011999999999999995,synthetic,ALL,not_applicable,not_applicable
EXP-01,SYNTHETIC EXPERIMENT,1729,full,664a150484ed2af3,8c0f64670193ec33,"{""alpha_a"": 0.35, ""alpha_b"": 0.35, ""kappa_a"": 0.27999999999999997, ""kappa_b"": 0.27999999999999997, ""n_per_group"": 200000.0}",0.35,0.35,0.27999999999999997,0.27999999999999997,200000,theoretical_signed_gap,0.0,synthetic,ALL,not_applicable,not_applicable
EXP-01,SYNTHETIC EXPERIMENT,1729,full,664a150484ed2af3,23773c40b6a3599c,"{""alpha_a"": 0.35, ""alpha_b"": 0.4, ""kappa_a"": 0.27999999999999997, ""kappa_b"": 0.32000000000000006, ""n_per_group"": 200000.0}",0.35,0.4,0.27999999999999997,0.32000000000000006,200000,theoretical_signed_gap,-0.01200000000000003,synthetic,ALL,not_applicable,not_applicable
EXP-01,SYNTHETIC EXPERIMENT,1729,full,664a150484ed2af3,ae87cf9c564d23d2,"{""alpha_a"": 0.35, ""alpha_b"": 0.45, ""kappa_a"": 0.27999999999999997, ""kappa_b"": 0.36000000000000004, ""n_per_group"": 200000.0}",0.35,0.45,0.27999999999999997,0.36000000000000004,200000,theoretical_signed_gap,-0.024000000000000025,synthetic,ALL,not_applicable,not_applicable
EXP-01,SYNTHETIC EXPERIMENT,1729,full,664a150484ed2af3,91b4e5e35293ac26,"{""alpha_a"": 0.35, ""alpha_b"": 0.5, ""kappa_a"": 0.27999999999999997, ""kappa_b"": 0.4, ""n_per_group"": 200000.0}",0.35,0.5,0.27999999999999997,0.4,200000,theoretical_signed_gap,-0.03600000000000002,synthetic,ALL,not_applicable,not_applicable
EXP-01,SYNTHETIC EXPERIMENT,1729,full,664a150484ed2af3,6a57d6101833ea47,"{""alpha_a"": 0.35, ""alpha_b"": 0.55, ""kappa_a"": 0.27999999999999997, ""kappa_b"": 0.44000000000000006, ""n_per_group"": 200000.0}",0.35,0.55,0.27999999999999997,0.44000000000000006,200000,theoretical_signed_gap,-0.048000000000000036,synthetic,ALL,not_applicable,not_applicable
EXP-01,SYNTHETIC EXPERIMENT,1729,full,664a150484ed2af3,003ec52360400121,"{""alpha_a"": 0.35, ""alpha_b"": 0.6, ""kappa_a"": 0.27999999999999997, ""kappa_b"": 0.48, ""n_per_group"": 200000.0}",0.35,0.6,0.27999999999999997,0.48,200000,theoretical_signed_gap,-0.06000000000000001,synthetic,ALL,not_applicable,not_applicable
EXP-01,SYNTHETIC EXPERIMENT,1729,full,664a150484ed2af3,8151c1081acf6482,"{""alpha_a"": 0.35, ""alpha_b"": 0.65, ""kappa_a"": 0.27999999999999997, ""kappa_b"": 0.52, ""n_per_group"": 200000.0}",0.35,0.65,0.27999999999999997,0.52,200000,theoretical_signed_gap,-0.07200000000000002,synthetic,ALL,not_applicable,not_applicable
EXP-01,SYNTHETIC EXPERIMENT,1729,full,664a150484ed2af3,f81d8f6eabc0273e,"{""alpha_a"": 0.35, ""alpha_b"": 0.7, ""kappa_a"": 0.27999999999999997, ""kappa_b"": 0.5599999999999999, ""n_per_group"": 200000.0}",0.35,0.7,0.27999999999999997,0.5599999999999999,200000,theoretical_signed_gap,-0.084,synthetic,ALL,not_applicable,not_applicable
EXP-01,SYNTHETIC EXPERIMENT,1729,full,664a150484ed2af3,d11941c1c1d6866e,"{""alpha_a"": 0.35, ""alpha_b"": 0.75, ""kappa_a"": 0.27999999999999997, ""kappa_b"": 0.6000000000000001, ""n_per_group"": 200000.0}",0.35,0.75,0.27999999999999997,0.6000000000000001,200000,theoretical_signed_gap,-0.09600000000000004,synthetic,ALL,not_applicable,not_applicable
EXP-01,SYNTHETIC EXPERIMENT,1729,full,664a150484ed2af3,e8a764d634ae1a8d,"{""alpha_a"": 0.35, ""alpha_b"": 0.8, ""kappa_a"": 0.27999999999999997, ""kappa_b"": 0.6400000000000001, ""n_per_group"": 200000.0}",0.35,0.8,0.27999999999999997,0.6400000000000001,200000,theoretical_signed_gap,-0.10800000000000007,synthetic,ALL,not_applicable,not_applicable
EXP-01,SYNTHETIC EXPERIMENT,1729,full,664a150484ed2af3,b8492f83caf37e44,"{""alpha_a"": 0.35, ""alpha_b"": 0.85, ""kappa_a"": 0.27999999999999997, ""kappa_b"": 0.68, ""n_per_group"": 200000.0}",0.35,0.85,0.27999999999999997,0.68,200000,theoretical_signed_gap,-0.12000000000000004,synthetic,ALL,not_applicable,not_applicable
EXP-01,SYNTHETIC EXPERIMENT,1729,full,664a150484ed2af3,6287da3aae39e980,"{""alpha_a"": 0.35, ""alpha_b"": 0.9, ""kappa_a"": 0.27999999999999997, ""kappa_b"": 0.7200000000000001, ""n_per_group"": 200000.0}",0.35,0.9,0.27999999999999997,0.7200000000000001,200000,theoretical_signed_gap,-0.13200000000000006,synthetic,ALL,not_applicable,not_applicable
EXP-01,SYNTHETIC EXPERIMENT,1729,full,664a150484ed2af3,2b32f27fd4e80a79,"{""alpha_a"": 0.35, ""alpha_b"": 0.95, ""kappa_a"": 0.27999999999999997, ""kappa_b"": 0.76, ""n_per_group"": 200000.0}",0.35,0.95,0.27999999999999997,0.76,200000,theoretical_signed_gap,-0.14400000000000004,synthetic,ALL,not_applicable,not_applicable
EXP-01,SYNTHETIC EXPERIMENT,1729,full,664a150484ed2af3,4d7933012ad65dbf,"{""alpha_a"": 0.35, ""alpha_b"": 1.0, ""kappa_a"": 0.27999999999999997, ""kappa_b"": 0.8, ""n_per_group"": 200000.0}",0.35,1.0,0.27999999999999997,0.8,200000,theoretical_signed_gap,-0.15600000000000003,synthetic,ALL,not_applicable,not_applicable
EXP-01,SYNTHETIC EXPERIMENT,1729,full,664a150484ed2af3,fd3ca451b2202475,"{""alpha_a"": 0.4, ""alpha_b"": 0.0, ""kappa_a"": 0.32000000000000006, ""kappa_b"": 0.0, ""n_per_group"": 200000.0}",0.4,0.0,0.32000000000000006,0.0,200000,theoretical_signed_gap,0.09600000000000003,synthetic,ALL,not_applicable,not_applicable
EXP-01,SYNTHETIC EXPERIMENT,1729,full,664a150484ed2af3,63e807603323db67,"{""alpha_a"": 0.4, ""alpha_b"": 0.05, ""kappa_a"": 0.32000000000000006, ""kappa_b"": 0.04000000000000001, ""n_per_group"": 200000.0}",0.4,0.05,0.32000000000000006,0.04000000000000001,200000,theoretical_signed_gap,0.08400000000000002,synthetic,ALL,not_applicable,not_applicable
EXP-01,SYNTHETIC EXPERIMENT,1729,full,664a150484ed2af3,9bdc3fb5a6006220,"{""alpha_a"": 0.4, ""alpha_b"": 0.1, ""kappa_a"": 0.32000000000000006, ""kappa_b"": 0.08000000000000002, ""n_per_group"": 200000.0}",0.4,0.1,0.32000000000000006,0.08000000000000002,200000,theoretical_signed_gap,0.07200000000000002,synthetic,ALL,not_applicable,not_applicable
EXP-01,SYNTHETIC EXPERIMENT,1729,full,664a150484ed2af3,97a60a27eda409c1,"{""alpha_a"": 0.4, ""alpha_b"": 0.15, ""kappa_a"": 0.32000000000000006, ""kappa_b"": 0.12, ""n_per_group"": 200000.0}",0.4,0.15,0.32000000000000006,0.12,200000,theoretical_signed_gap,0.060000000000000026,synthetic,ALL,not_applicable,not_applicable
EXP-01,SYNTHETIC EXPERIMENT,1729,full,664a150484ed2af3,7a120db23a63e449,"{""alpha_a"": 0.4, ""alpha_b"": 0.2, ""kappa_a"": 0.32000000000000006, ""kappa_b"": 0.16000000000000003, ""n_per_group"": 200000.0}",0.4,0.2,0.32000000000000006,0.16000000000000003,200000,theoretical_signed_gap,0.048000000000000015,synthetic,ALL,not_applicable,not_applicable
EXP-01,SYNTHETIC EXPERIMENT,1729,full,664a150484ed2af3,7ffcf6878c61b440,"{""alpha_a"": 0.4, ""alpha_b"": 0.25, ""kappa_a"": 0.32000000000000006, ""kappa_b"": 0.2, ""n_per_group"": 200000.0}",0.4,0.25,0.32000000000000006,0.2,200000,theoretical_signed_gap,0.03600000000000002,synthetic,ALL,not_applicable,not_applicable
EXP-01,SYNTHETIC EXPERIMENT,1729,full,664a150484ed2af3,230e3561fa16a6d7,"{""alpha_a"": 0.4, ""alpha_b"": 0.3, ""kappa_a"": 0.32000000000000006, ""kappa_b"": 0.24, ""n_per_group"": 200000.0}",0.4,0.3,0.32000000000000006,0.24,200000,theoretical_signed_gap,0.024000000000000025,synthetic,ALL,not_applicable,not_applicable
EXP-01,SYNTHETIC EXPERIMENT,1729,full,664a150484ed2af3,03fbaac52b776e02,"{""alpha_a"": 0.4, ""alpha_b"": 0.35, ""kappa_a"": 0.32000000000000006, ""kappa_b"": 0.27999999999999997, ""n_per_group"": 200000.0}",0.4,0.35,0.32000000000000006,0.27999999999999997,200000,theoretical_signed_gap,0.01200000000000003,synthetic,ALL,not_applicable,not_applicable
EXP-01,SYNTHETIC EXPERIMENT,1729,full,664a150484ed2af3,03ded27d9830e29b,"{""alpha_a"": 0.4, ""alpha_b"": 0.4, ""kappa_a"": 0.32000000000000006, ""kappa_b"": 0.32000000000000006, ""n_per_group"": 200000.0}",0.4,0.4,0.32000000000000006,0.32000000000000006,200000,theoretical_signed_gap,0.0,synthetic,ALL,not_applicable,not_applicable
EXP-01,SYNTHETIC EXPERIMENT,1729,full,664a150484ed2af3,d0089757333dae2c,"{""alpha_a"": 0.4, ""alpha_b"": 0.45, ""kappa_a"": 0.32000000000000006, ""kappa_b"": 0.36000000000000004, ""n_per_group"": 200000.0}",0.4,0.45,0.32000000000000006,0.36000000000000004,200000,theoretical_signed_gap,-0.011999999999999995,synthetic,ALL,not_applicable,not_applicable
EXP-01,SYNTHETIC EXPERIMENT,1729,full,664a150484ed2af3,efd4df14d055430f,"{""alpha_a"": 0.4, ""alpha_b"": 0.5, ""kappa_a"": 0.32000000000000006, ""kappa_b"": 0.4, ""n_per_group"": 200000.0}",0.4,0.5,0.32000000000000006,0.4,200000,theoretical_signed_gap,-0.02399999999999999,synthetic,ALL,not_applicable,not_applicable
EXP-01,SYNTHETIC EXPERIMENT,1729,full,664a150484ed2af3,63f7ebf65d44ba8e,"{""alpha_a"": 0.4, ""alpha_b"": 0.55, ""kappa_a"": 0.32000000000000006, ""kappa_b"": 0.44000000000000006, ""n_per_group"": 200000.0}",0.4,0.55,0.32000000000000006,0.44000000000000006,200000,theoretical_signed_gap,-0.036000000000000004,synthetic,ALL,not_applicable,not_applicable
EXP-01,SYNTHETIC EXPERIMENT,1729,full,664a150484ed2af3,1cc1ca6e183f8a2b,"{""alpha_a"": 0.4, ""alpha_b"": 0.6, ""kappa_a"": 0.32000000000000006, ""kappa_b"": 0.48, ""n_per_group"": 200000.0}",0.4,0.6,0.32000000000000006,0.48,200000,theoretical_signed_gap,-0.04799999999999998,synthetic,ALL,not_applicable,not_applicable
EXP-01,SYNTHETIC EXPERIMENT,1729,full,664a150484ed2af3,cfb71de8aed2d04d,"{""alpha_a"": 0.4, ""alpha_b"": 0.65, ""kappa_a"": 0.32000000000000006, ""kappa_b"": 0.52, ""n_per_group"": 200000.0}",0.4,0.65,0.32000000000000006,0.52,200000,theoretical_signed_gap,-0.06,synthetic,ALL,not_applicable,not_applicable
EXP-01,SYNTHETIC EXPERIMENT,1729,full,664a150484ed2af3,e7abb5db68be3d5d,"{""alpha_a"": 0.4, ""alpha_b"": 0.7, ""kappa_a"": 0.32000000000000006, ""kappa_b"": 0.5599999999999999, ""n_per_group"": 200000.0}",0.4,0.7,0.32000000000000006,0.5599999999999999,200000,theoretical_signed_gap,-0.07199999999999998,synthetic,ALL,not_applicable,not_applicable
EXP-01,SYNTHETIC EXPERIMENT,1729,full,664a150484ed2af3,103b3c3f95fd79de,"{""alpha_a"": 0.4, ""alpha_b"": 0.75, ""kappa_a"": 0.32000000000000006, ""kappa_b"": 0.6000000000000001, ""n_per_group"": 200000.0}",0.4,0.75,0.32000000000000006,0.6000000000000001,200000,theoretical_signed_gap,-0.08400000000000002,synthetic,ALL,not_applicable,not_applicable
EXP-01,SYNTHETIC EXPERIMENT,1729,full,664a150484ed2af3,fa9dc58ce3a3d192,"{""alpha_a"": 0.4, ""alpha_b"": 0.8, ""kappa_a"": 0.32000000000000006, ""kappa_b"": 0.6400000000000001, ""n_per_group"": 200000.0}",0.4,0.8,0.32000000000000006,0.6400000000000001,200000,theoretical_signed_gap,-0.09600000000000003,synthetic,ALL,not_applicable,not_applicable
EXP-01,SYNTHETIC EXPERIMENT,1729,full,664a150484ed2af3,09bba40ea7955ff9,"{""alpha_a"": 0.4, ""alpha_b"": 0.85, ""kappa_a"": 0.32000000000000006, ""kappa_b"": 0.68, ""n_per_group"": 200000.0}",0.4,0.85,0.32000000000000006,0.68,200000,theoretical_signed_gap,-0.10800000000000001,synthetic,ALL,not_applicable,not_applicable
EXP-01,SYNTHETIC EXPERIMENT,1729,full,664a150484ed2af3,b4b59d4a4736894e,"{""alpha_a"": 0.4, ""alpha_b"": 0.9, ""kappa_a"": 0.32000000000000006, ""kappa_b"": 0.7200000000000001, ""n_per_group"": 200000.0}",0.4,0.9,0.32000000000000006,0.7200000000000001,200000,theoretical_signed_gap,-0.12000000000000002,synthetic,ALL,not_applicable,not_applicable
EXP-01,SYNTHETIC EXPERIMENT,1729,full,664a150484ed2af3,e8ae8ee79c12ce05,"{""alpha_a"": 0.4, ""alpha_b"": 0.95, ""kappa_a"": 0.32000000000000006, ""kappa_b"": 0.76, ""n_per_group"": 200000.0}",0.4,0.95,0.32000000000000006,0.76,200000,theoretical_signed_gap,-0.132,synthetic,ALL,not_applicable,not_applicable
EXP-01,SYNTHETIC EXPERIMENT,1729,full,664a150484ed2af3,fdd731c5034f3760,"{""alpha_a"": 0.4, ""alpha_b"": 1.0, ""kappa_a"": 0.32000000000000006, ""kappa_b"": 0.8, ""n_per_group"": 200000.0}",0.4,1.0,0.32000000000000006,0.8,200000,theoretical_signed_gap,-0.14400000000000002,synthetic,ALL,not_applicable,not_applicable
EXP-01,SYNTHETIC EXPERIMENT,1729,full,664a150484ed2af3,3bc2c22b7e765bc4,"{""alpha_a"": 0.45, ""alpha_b"": 0.0, ""kappa_a"": 0.36000000000000004, ""kappa_b"": 0.0, ""n_per_group"": 200000.0}",0.45,0.0,0.36000000000000004,0.0,200000,theoretical_signed_gap,0.10800000000000003,synthetic,ALL,not_applicable,not_applicable
EXP-01,SYNTHETIC EXPERIMENT,1729,full,664a150484ed2af3,c1c326a6a3dca213,"{""alpha_a"": 0.45, ""alpha_b"": 0.05, ""kappa_a"": 0.36000000000000004, ""kappa_b"": 0.04000000000000001, ""n_per_group"": 200000.0}",0.45,0.05,0.36000000000000004,0.04000000000000001,200000,theoretical_signed_gap,0.09600000000000003,synthetic,ALL,not_applicable,not_applicable
EXP-01,SYNTHETIC EXPERIMENT,1729,full,664a150484ed2af3,347d0774540d85da,"{""alpha_a"": 0.45, ""alpha_b"": 0.1, ""kappa_a"": 0.36000000000000004, ""kappa_b"": 0.08000000000000002, ""n_per_group"": 200000.0}",0.45,0.1,0.36000000000000004,0.08000000000000002,200000,theoretical_signed_gap,0.08400000000000002,synthetic,ALL,not_applicable,not_applicable
EXP-01,SYNTHETIC EXPERIMENT,1729,full,664a150484ed2af3,2016120a8fc63390,"{""alpha_a"": 0.45, ""alpha_b"": 0.15, ""kappa_a"": 0.36000000000000004, ""kappa_b"": 0.12, ""n_per_group"": 200000.0}",0.45,0.15,0.36000000000000004,0.12,200000,theoretical_signed_gap,0.07200000000000002,synthetic,ALL,not_applicable,not_applicable
EXP-01,SYNTHETIC EXPERIMENT,1729,full,664a150484ed2af3,1b652a39b9738507,"{""alpha_a"": 0.45, ""alpha_b"": 0.2, ""kappa_a"": 0.36000000000000004, ""kappa_b"": 0.16000000000000003, ""n_per_group"": 200000.0}",0.45,0.2,0.36000000000000004,0.16000000000000003,200000,theoretical_signed_gap,0.06000000000000001,synthetic,ALL,not_applicable,not_applicable
EXP-01,SYNTHETIC EXPERIMENT,1729,full,664a150484ed2af3,dc259b734594bede,"{""alpha_a"": 0.45, ""alpha_b"": 0.25, ""kappa_a"": 0.36000000000000004, ""kappa_b"": 0.2, ""n_per_group"": 200000.0}",0.45,0.25,0.36000000000000004,0.2,200000,theoretical_signed_gap,0.048000000000000015,synthetic,ALL,not_applicable,not_applicable
EXP-01,SYNTHETIC EXPERIMENT,1729,full,664a150484ed2af3,bce5e46cd91d2816,"{""alpha_a"": 0.45, ""alpha_b"": 0.3, ""kappa_a"": 0.36000000000000004, ""kappa_b"": 0.24, ""n_per_group"": 200000.0}",0.45,0.3,0.36000000000000004,0.24,200000,theoretical_signed_gap,0.03600000000000002,synthetic,ALL,not_applicable,not_applicable
EXP-01,SYNTHETIC EXPERIMENT,1729,full,664a150484ed2af3,91722f0d6b9ef0a3,"{""alpha_a"": 0.45, ""alpha_b"": 0.35, ""kappa_a"": 0.36000000000000004, ""kappa_b"": 0.27999999999999997, ""n_per_group"": 200000.0}",0.45,0.35,0.36000000000000004,0.27999999999999997,200000,theoretical_signed_gap,0.024000000000000025,synthetic,ALL,not_applicable,not_applicable
EXP-01,SYNTHETIC EXPERIMENT,1729,full,664a150484ed2af3,6d6fab7de068f0b7,"{""alpha_a"": 0.45, ""alpha_b"": 0.4, ""kappa_a"": 0.36000000000000004, ""kappa_b"": 0.32000000000000006, ""n_per_group"": 200000.0}",0.45,0.4,0.36000000000000004,0.32000000000000006,200000,theoretical_signed_gap,0.011999999999999995,synthetic,ALL,not_applicable,not_applicable
EXP-01,SYNTHETIC EXPERIMENT,1729,full,664a150484ed2af3,fe2e18d354fc4b93,"{""alpha_a"": 0.45, ""alpha_b"": 0.45, ""kappa_a"": 0.36000000000000004, ""kappa_b"": 0.36000000000000004, ""n_per_group"": 200000.0}",0.45,0.45,0.36000000000000004,0.36000000000000004,200000,theoretical_signed_gap,0.0,synthetic,ALL,not_applicable,not_applicable
EXP-01,SYNTHETIC EXPERIMENT,1729,full,664a150484ed2af3,c9687dad408ba59b,"{""alpha_a"": 0.45, ""alpha_b"": 0.5, ""kappa_a"": 0.36000000000000004, ""kappa_b"": 0.4, ""n_per_group"": 200000.0}",0.45,0.5,0.36000000000000004,0.4,200000,theoretical_signed_gap,-0.011999999999999995,synthetic,ALL,not_applicable,not_applicable
EXP-01,SYNTHETIC EXPERIMENT,1729,full,664a150484ed2af3,46144f8fc8706c6a,"{""alpha_a"": 0.45, ""alpha_b"": 0.55, ""kappa_a"": 0.36000000000000004, ""kappa_b"": 0.44000000000000006, ""n_per_group"": 200000.0}",0.45,0.55,0.36000000000000004,0.44000000000000006,200000,theoretical_signed_gap,-0.024000000000000007,synthetic,ALL,not_applicable,not_applicable
EXP-01,SYNTHETIC EXPERIMENT,1729,full,664a150484ed2af3,20e042f8fd00acde,"{""alpha_a"": 0.45, ""alpha_b"": 0.6, ""kappa_a"": 0.36000000000000004, ""kappa_b"": 0.48, ""n_per_group"": 200000.0}",0.45,0.6,0.36000000000000004,0.48,200000,theoretical_signed_gap,-0.03599999999999999,synthetic,ALL,not_applicable,not_applicable
EXP-01,SYNTHETIC EXPERIMENT,1729,full,664a150484ed2af3,930255b761934dae,"{""alpha_a"": 0.45, ""alpha_b"": 0.65, ""kappa_a"": 0.36000000000000004, ""kappa_b"": 0.52, ""n_per_group"": 200000.0}",0.45,0.65,0.36000000000000004,0.52,200000,theoretical_signed_gap,-0.048,synthetic,ALL,not_applicable,not_applicable
EXP-01,SYNTHETIC EXPERIMENT,1729,full,664a150484ed2af3,1d7c482c26022f4e,"{""alpha_a"": 0.45, ""alpha_b"": 0.7, ""kappa_a"": 0.36000000000000004, ""kappa_b"": 0.5599999999999999, ""n_per_group"": 200000.0}",0.45,0.7,0.36000000000000004,0.5599999999999999,200000,theoretical_signed_gap,-0.05999999999999998,synthetic,ALL,not_applicable,not_applicable
EXP-01,SYNTHETIC EXPERIMENT,1729,full,664a150484ed2af3,2ce6124126bd3e85,"{""alpha_a"": 0.45, ""alpha_b"": 0.75, ""kappa_a"": 0.36000000000000004, ""kappa_b"": 0.6000000000000001, ""n_per_group"": 200000.0}",0.45,0.75,0.36000000000000004,0.6000000000000001,200000,theoretical_signed_gap,-0.07200000000000002,synthetic,ALL,not_applicable,not_applicable
EXP-01,SYNTHETIC EXPERIMENT,1729,full,664a150484ed2af3,dcc3fc77ff3c93cc,"{""alpha_a"": 0.45, ""alpha_b"": 0.8, ""kappa_a"": 0.36000000000000004, ""kappa_b"": 0.6400000000000001, ""n_per_group"": 200000.0}",0.45,0.8,0.36000000000000004,0.6400000000000001,200000,theoretical_signed_gap,-0.08400000000000003,synthetic,ALL,not_applicable,not_applicable
EXP-01,SYNTHETIC EXPERIMENT,1729,full,664a150484ed2af3,32b6f44fbb5ee4e9,"{""alpha_a"": 0.45, ""alpha_b"": 0.85, ""kappa_a"": 0.36000000000000004, ""kappa_b"": 0.68, ""n_per_group"": 200000.0}",0.45,0.85,0.36000000000000004,0.68,200000,theoretical_signed_gap,-0.09600000000000002,synthetic,ALL,not_applicable,not_applicable
EXP-01,SYNTHETIC EXPERIMENT,1729,full,664a150484ed2af3,937dbef27968b658,"{""alpha_a"": 0.45, ""alpha_b"": 0.9, ""kappa_a"": 0.36000000000000004, ""kappa_b"": 0.7200000000000001, ""n_per_group"": 200000.0}",0.45,0.9,0.36000000000000004,0.7200000000000001,200000,theoretical_signed_gap,-0.10800000000000003,synthetic,ALL,not_applicable,not_applicable
EXP-01,SYNTHETIC EXPERIMENT,1729,full,664a150484ed2af3,2db1985a44078181,"{""alpha_a"": 0.45, ""alpha_b"": 0.95, ""kappa_a"": 0.36000000000000004, ""kappa_b"": 0.76, ""n_per_group"": 200000.0}",0.45,0.95,0.36000000000000004,0.76,200000,theoretical_signed_gap,-0.12000000000000001,synthetic,ALL,not_applicable,not_applicable
EXP-01,SYNTHETIC EXPERIMENT,1729,full,664a150484ed2af3,e462c422d18f96c1,"{""alpha_a"": 0.45, ""alpha_b"": 1.0, ""kappa_a"": 0.36000000000000004, ""kappa_b"": 0.8, ""n_per_group"": 200000.0}",0.45,1.0,0.36000000000000004,0.8,200000,theoretical_signed_gap,-0.13200000000000003,synthetic,ALL,not_applicable,not_applicable
EXP-01,SYNTHETIC EXPERIMENT,1729,full,664a150484ed2af3,2317e2da2e740d7a,"{""alpha_a"": 0.5, ""alpha_b"": 0.0, ""kappa_a"": 0.4, ""kappa_b"": 0.0, ""n_per_group"": 200000.0}",0.5,0.0,0.4,0.0,200000,theoretical_signed_gap,0.12000000000000002,synthetic,ALL,not_applicable,not_applicable
EXP-01,SYNTHETIC EXPERIMENT,1729,full,664a150484ed2af3,5f880bbc3524c602,"{""alpha_a"": 0.5, ""alpha_b"": 0.05, ""kappa_a"": 0.4, ""kappa_b"": 0.04000000000000001, ""n_per_group"": 200000.0}",0.5,0.05,0.4,0.04000000000000001,200000,theoretical_signed_gap,0.10800000000000001,synthetic,ALL,not_applicable,not_applicable
EXP-01,SYNTHETIC EXPERIMENT,1729,full,664a150484ed2af3,cbee727bbee8b172,"{""alpha_a"": 0.5, ""alpha_b"": 0.1, ""kappa_a"": 0.4, ""kappa_b"": 0.08000000000000002, ""n_per_group"": 200000.0}",0.5,0.1,0.4,0.08000000000000002,200000,theoretical_signed_gap,0.09600000000000002,synthetic,ALL,not_applicable,not_applicable
EXP-01,SYNTHETIC EXPERIMENT,1729,full,664a150484ed2af3,c549ed94dc85c072,"{""alpha_a"": 0.5, ""alpha_b"": 0.15, ""kappa_a"": 0.4, ""kappa_b"": 0.12, ""n_per_group"": 200000.0}",0.5,0.15,0.4,0.12,200000,theoretical_signed_gap,0.08400000000000002,synthetic,ALL,not_applicable,not_applicable
EXP-01,SYNTHETIC EXPERIMENT,1729,full,664a150484ed2af3,e5c7966f86ab0d99,"{""alpha_a"": 0.5, ""alpha_b"": 0.2, ""kappa_a"": 0.4, ""kappa_b"": 0.16000000000000003, ""n_per_group"": 200000.0}",0.5,0.2,0.4,0.16000000000000003,200000,theoretical_signed_gap,0.07200000000000001,synthetic,ALL,not_applicable,not_applicable
EXP-01,SYNTHETIC EXPERIMENT,1729,full,664a150484ed2af3,51b1b4f5c30b1713,"{""alpha_a"": 0.5, ""alpha_b"": 0.25, ""kappa_a"": 0.4, ""kappa_b"": 0.2, ""n_per_group"": 200000.0}",0.5,0.25,0.4,0.2,200000,theoretical_signed_gap,0.06000000000000001,synthetic,ALL,not_applicable,not_applicable
EXP-01,SYNTHETIC EXPERIMENT,1729,full,664a150484ed2af3,72fe656b641cc483,"{""alpha_a"": 0.5, ""alpha_b"": 0.3, ""kappa_a"": 0.4, ""kappa_b"": 0.24, ""n_per_group"": 200000.0}",0.5,0.3,0.4,0.24,200000,theoretical_signed_gap,0.048000000000000015,synthetic,ALL,not_applicable,not_applicable
EXP-01,SYNTHETIC EXPERIMENT,1729,full,664a150484ed2af3,af622726dbd9c3ec,"{""alpha_a"": 0.5, ""alpha_b"": 0.35, ""kappa_a"": 0.4, ""kappa_b"": 0.27999999999999997, ""n_per_group"": 200000.0}",0.5,0.35,0.4,0.27999999999999997,200000,theoretical_signed_gap,0.03600000000000002,synthetic,ALL,not_applicable,not_applicable
EXP-01,SYNTHETIC EXPERIMENT,1729,full,664a150484ed2af3,a8d1656ae2edbe4f,"{""alpha_a"": 0.5, ""alpha_b"": 0.4, ""kappa_a"": 0.4, ""kappa_b"": 0.32000000000000006, ""n_per_group"": 200000.0}",0.5,0.4,0.4,0.32000000000000006,200000,theoretical_signed_gap,0.02399999999999999,synthetic,ALL,not_applicable,not_applicable
EXP-01,SYNTHETIC EXPERIMENT,1729,full,664a150484ed2af3,3392003f79f25b89,"{""alpha_a"": 0.5, ""alpha_b"": 0.45, ""kappa_a"": 0.4, ""kappa_b"": 0.36000000000000004, ""n_per_group"": 200000.0}",0.5,0.45,0.4,0.36000000000000004,200000,theoretical_signed_gap,0.011999999999999995,synthetic,ALL,not_applicable,not_applicable
EXP-01,SYNTHETIC EXPERIMENT,1729,full,664a150484ed2af3,6beae1245aca91e7,"{""alpha_a"": 0.5, ""alpha_b"": 0.5, ""kappa_a"": 0.4, ""kappa_b"": 0.4, ""n_per_group"": 200000.0}",0.5,0.5,0.4,0.4,200000,theoretical_signed_gap,0.0,synthetic,ALL,not_applicable,not_applicable
EXP-01,SYNTHETIC EXPERIMENT,1729,full,664a150484ed2af3,e09e5da7081a7b00,"{""alpha_a"": 0.5, ""alpha_b"": 0.55, ""kappa_a"": 0.4, ""kappa_b"": 0.44000000000000006, ""n_per_group"": 200000.0}",0.5,0.55,0.4,0.44000000000000006,200000,theoretical_signed_gap,-0.012000000000000012,synthetic,ALL,not_applicable,not_applicable
EXP-01,SYNTHETIC EXPERIMENT,1729,full,664a150484ed2af3,1062d55c00574d05,"{""alpha_a"": 0.5, ""alpha_b"": 0.6, ""kappa_a"": 0.4, ""kappa_b"": 0.48, ""n_per_group"": 200000.0}",0.5,0.6,0.4,0.48,200000,theoretical_signed_gap,-0.02399999999999999,synthetic,ALL,not_applicable,not_applicable
EXP-01,SYNTHETIC EXPERIMENT,1729,full,664a150484ed2af3,d98db135ea8d5701,"{""alpha_a"": 0.5, ""alpha_b"": 0.65, ""kappa_a"": 0.4, ""kappa_b"": 0.52, ""n_per_group"": 200000.0}",0.5,0.65,0.4,0.52,200000,theoretical_signed_gap,-0.036000000000000004,synthetic,ALL,not_applicable,not_applicable
EXP-01,SYNTHETIC EXPERIMENT,1729,full,664a150484ed2af3,3daace0638f99e2f,"{""alpha_a"": 0.5, ""alpha_b"": 0.7, ""kappa_a"": 0.4, ""kappa_b"": 0.5599999999999999, ""n_per_group"": 200000.0}",0.5,0.7,0.4,0.5599999999999999,200000,theoretical_signed_gap,-0.04799999999999998,synthetic,ALL,not_applicable,not_applicable
EXP-01,SYNTHETIC EXPERIMENT,1729,full,664a150484ed2af3,a5041d65159fb462,"{""alpha_a"": 0.5, ""alpha_b"": 0.75, ""kappa_a"": 0.4, ""kappa_b"": 0.6000000000000001, ""n_per_group"": 200000.0}",0.5,0.75,0.4,0.6000000000000001,200000,theoretical_signed_gap,-0.060000000000000026,synthetic,ALL,not_applicable,not_applicable
EXP-01,SYNTHETIC EXPERIMENT,1729,full,664a150484ed2af3,ce083d1501305d1c,"{""alpha_a"": 0.5, ""alpha_b"": 0.8, ""kappa_a"": 0.4, ""kappa_b"": 0.6400000000000001, ""n_per_group"": 200000.0}",0.5,0.8,0.4,0.6400000000000001,200000,theoretical_signed_gap,-0.07200000000000004,synthetic,ALL,not_applicable,not_applicable
EXP-01,SYNTHETIC EXPERIMENT,1729,full,664a150484ed2af3,6b66bbcc88daace4,"{""alpha_a"": 0.5, ""alpha_b"": 0.85, ""kappa_a"": 0.4, ""kappa_b"": 0.68, ""n_per_group"": 200000.0}",0.5,0.85,0.4,0.68,200000,theoretical_signed_gap,-0.08400000000000002,synthetic,ALL,not_applicable,not_applicable
EXP-01,SYNTHETIC EXPERIMENT,1729,full,664a150484ed2af3,74f5aa3687c13f75,"{""alpha_a"": 0.5, ""alpha_b"": 0.9, ""kappa_a"": 0.4, ""kappa_b"": 0.7200000000000001, ""n_per_group"": 200000.0}",0.5,0.9,0.4,0.7200000000000001,200000,theoretical_signed_gap,-0.09600000000000003,synthetic,ALL,not_applicable,not_applicable
EXP-01,SYNTHETIC EXPERIMENT,1729,full,664a150484ed2af3,32688959679582cb,"{""alpha_a"": 0.5, ""alpha_b"": 0.95, ""kappa_a"": 0.4, ""kappa_b"": 0.76, ""n_per_group"": 200000.0}",0.5,0.95,0.4,0.76,200000,theoretical_signed_gap,-0.10800000000000001,synthetic,ALL,not_applicable,not_applicable
EXP-01,SYNTHETIC EXPERIMENT,1729,full,664a150484ed2af3,32c63b25e253f30f,"{""alpha_a"": 0.5, ""alpha_b"": 1.0, ""kappa_a"": 0.4, ""kappa_b"": 0.8, ""n_per_group"": 200000.0}",0.5,1.0,0.4,0.8,200000,theoretical_signed_gap,-0.12000000000000002,synthetic,ALL,not_applicable,not_applicable
EXP-01,SYNTHETIC EXPERIMENT,1729,full,664a150484ed2af3,98adb6a0ac9f9b3d,"{""alpha_a"": 0.55, ""alpha_b"": 0.0, ""kappa_a"": 0.44000000000000006, ""kappa_b"": 0.0, ""n_per_group"": 200000.0}",0.55,0.0,0.44000000000000006,0.0,200000,theoretical_signed_gap,0.13200000000000003,synthetic,ALL,not_applicable,not_applicable
EXP-01,SYNTHETIC EXPERIMENT,1729,full,664a150484ed2af3,78a5de4ade8b5736,"{""alpha_a"": 0.55, ""alpha_b"": 0.05, ""kappa_a"": 0.44000000000000006, ""kappa_b"": 0.04000000000000001, ""n_per_group"": 200000.0}",0.55,0.05,0.44000000000000006,0.04000000000000001,200000,theoretical_signed_gap,0.12000000000000002,synthetic,ALL,not_applicable,not_applicable
EXP-01,SYNTHETIC EXPERIMENT,1729,full,664a150484ed2af3,4845ede7694bed0b,"{""alpha_a"": 0.55, ""alpha_b"": 0.1, ""kappa_a"": 0.44000000000000006, ""kappa_b"": 0.08000000000000002, ""n_per_group"": 200000.0}",0.55,0.1,0.44000000000000006,0.08000000000000002,200000,theoretical_signed_gap,0.10800000000000003,synthetic,ALL,not_applicable,not_applicable
EXP-01,SYNTHETIC EXPERIMENT,1729,full,664a150484ed2af3,d561748042cedcef,"{""alpha_a"": 0.55, ""alpha_b"": 0.15, ""kappa_a"": 0.44000000000000006, ""kappa_b"": 0.12, ""n_per_group"": 200000.0}",0.55,0.15,0.44000000000000006,0.12,200000,theoretical_signed_gap,0.09600000000000003,synthetic,ALL,not_applicable,not_applicable
EXP-01,SYNTHETIC EXPERIMENT,1729,full,664a150484ed2af3,8751ce8981d1ab37,"{""alpha_a"": 0.55, ""alpha_b"": 0.2, ""kappa_a"": 0.44000000000000006, ""kappa_b"": 0.16000000000000003, ""n_per_group"": 200000.0}",0.55,0.2,0.44000000000000006,0.16000000000000003,200000,theoretical_signed_gap,0.08400000000000002,synthetic,ALL,not_applicable,not_applicable
EXP-01,SYNTHETIC EXPERIMENT,1729,full,664a150484ed2af3,12dfd3a079d67fa3,"{""alpha_a"": 0.55, ""alpha_b"": 0.25, ""kappa_a"": 0.44000000000000006, ""kappa_b"": 0.2, ""n_per_group"": 200000.0}",0.55,0.25,0.44000000000000006,0.2,200000,theoretical_signed_gap,0.07200000000000002,synthetic,ALL,not_applicable,not_applicable
EXP-01,SYNTHETIC EXPERIMENT,1729,full,664a150484ed2af3,e4d4837ff7754ea2,"{""alpha_a"": 0.55, ""alpha_b"": 0.3, ""kappa_a"": 0.44000000000000006, ""kappa_b"": 0.24, ""n_per_group"": 200000.0}",0.55,0.3,0.44000000000000006,0.24,200000,theoretical_signed_gap,0.060000000000000026,synthetic,ALL,not_applicable,not_applicable
EXP-01,SYNTHETIC EXPERIMENT,1729,full,664a150484ed2af3,8aac5e321030839e,"{""alpha_a"": 0.55, ""alpha_b"": 0.35, ""kappa_a"": 0.44000000000000006, ""kappa_b"": 0.27999999999999997, ""n_per_group"": 200000.0}",0.55,0.35,0.44000000000000006,0.27999999999999997,200000,theoretical_signed_gap,0.048000000000000036,synthetic,ALL,not_applicable,not_applicable
EXP-01,SYNTHETIC EXPERIMENT,1729,full,664a150484ed2af3,a6e0dabdc5c1de0a,"{""alpha_a"": 0.55, ""alpha_b"": 0.4, ""kappa_a"": 0.44000000000000006, ""kappa_b"": 0.32000000000000006, ""n_per_group"": 200000.0}",0.55,0.4,0.44000000000000006,0.32000000000000006,200000,theoretical_signed_gap,0.036000000000000004,synthetic,ALL,not_applicable,not_applicable
EXP-01,SYNTHETIC EXPERIMENT,1729,full,664a150484ed2af3,6b9cb14935daa48e,"{""alpha_a"": 0.55, ""alpha_b"": 0.45, ""kappa_a"": 0.44000000000000006, ""kappa_b"": 0.36000000000000004, ""n_per_group"": 200000.0}",0.55,0.45,0.44000000000000006,0.36000000000000004,200000,theoretical_signed_gap,0.024000000000000007,synthetic,ALL,not_applicable,not_applicable
EXP-01,SYNTHETIC EXPERIMENT,1729,full,664a150484ed2af3,d23e16099cb9ffe6,"{""alpha_a"": 0.55, ""alpha_b"": 0.5, ""kappa_a"": 0.44000000000000006, ""kappa_b"": 0.4, ""n_per_group"": 200000.0}",0.55,0.5,0.44000000000000006,0.4,200000,theoretical_signed_gap,0.012000000000000012,synthetic,ALL,not_applicable,not_applicable
EXP-01,SYNTHETIC EXPERIMENT,1729,full,664a150484ed2af3,5d08b2ce05bfb185,"{""alpha_a"": 0.55, ""alpha_b"": 0.55, ""kappa_a"": 0.44000000000000006, ""kappa_b"": 0.44000000000000006, ""n_per_group"": 200000.0}",0.55,0.55,0.44000000000000006,0.44000000000000006,200000,theoretical_signed_gap,0.0,synthetic,ALL,not_applicable,not_applicable
EXP-01,SYNTHETIC EXPERIMENT,1729,full,664a150484ed2af3,91194d1ea7ca542b,"{""alpha_a"": 0.55, ""alpha_b"": 0.6, ""kappa_a"": 0.44000000000000006, ""kappa_b"": 0.48, ""n_per_group"": 200000.0}",0.55,0.6,0.44000000000000006,0.48,200000,theoretical_signed_gap,-0.01199999999999998,synthetic,ALL,not_applicable,not_applicable
EXP-01,SYNTHETIC EXPERIMENT,1729,full,664a150484ed2af3,c8c2017e28a9d555,"{""alpha_a"": 0.55, ""alpha_b"": 0.65, ""kappa_a"": 0.44000000000000006, ""kappa_b"": 0.52, ""n_per_group"": 200000.0}",0.55,0.65,0.44000000000000006,0.52,200000,theoretical_signed_gap,-0.02399999999999999,synthetic,ALL,not_applicable,not_applicable
EXP-01,SYNTHETIC EXPERIMENT,1729,full,664a150484ed2af3,23418fc93e09469c,"{""alpha_a"": 0.55, ""alpha_b"": 0.7, ""kappa_a"": 0.44000000000000006, ""kappa_b"": 0.5599999999999999, ""n_per_group"": 200000.0}",0.55,0.7,0.44000000000000006,0.5599999999999999,200000,theoretical_signed_gap,-0.03599999999999997,synthetic,ALL,not_applicable,not_applicable
EXP-01,SYNTHETIC EXPERIMENT,1729,full,664a150484ed2af3,bd14f0b165623491,"{""alpha_a"": 0.55, ""alpha_b"": 0.75, ""kappa_a"": 0.44000000000000006, ""kappa_b"": 0.6000000000000001, ""n_per_group"": 200000.0}",0.55,0.75,0.44000000000000006,0.6000000000000001,200000,theoretical_signed_gap,-0.048000000000000015,synthetic,ALL,not_applicable,not_applicable
EXP-01,SYNTHETIC EXPERIMENT,1729,full,664a150484ed2af3,b88630dd87f69369,"{""alpha_a"": 0.55, ""alpha_b"": 0.8, ""kappa_a"": 0.44000000000000006, ""kappa_b"": 0.6400000000000001, ""n_per_group"": 200000.0}",0.55,0.8,0.44000000000000006,0.6400000000000001,200000,theoretical_signed_gap,-0.060000000000000026,synthetic,ALL,not_applicable,not_applicable
EXP-01,SYNTHETIC EXPERIMENT,1729,full,664a150484ed2af3,6c2ec5e5c4c4d043,"{""alpha_a"": 0.55, ""alpha_b"": 0.85, ""kappa_a"": 0.44000000000000006, ""kappa_b"": 0.68, ""n_per_group"": 200000.0}",0.55,0.85,0.44000000000000006,0.68,200000,theoretical_signed_gap,-0.07200000000000001,synthetic,ALL,not_applicable,not_applicable
EXP-01,SYNTHETIC EXPERIMENT,1729,full,664a150484ed2af3,b34d2bbf74338187,"{""alpha_a"": 0.55, ""alpha_b"": 0.9, ""kappa_a"": 0.44000000000000006, ""kappa_b"": 0.7200000000000001, ""n_per_group"": 200000.0}",0.55,0.9,0.44000000000000006,0.7200000000000001,200000,theoretical_signed_gap,-0.08400000000000002,synthetic,ALL,not_applicable,not_applicable
EXP-01,SYNTHETIC EXPERIMENT,1729,full,664a150484ed2af3,1a35cdd70a8fdb97,"{""alpha_a"": 0.55, ""alpha_b"": 0.95, ""kappa_a"": 0.44000000000000006, ""kappa_b"": 0.76, ""n_per_group"": 200000.0}",0.55,0.95,0.44000000000000006,0.76,200000,theoretical_signed_gap,-0.096,synthetic,ALL,not_applicable,not_applicable
EXP-01,SYNTHETIC EXPERIMENT,1729,full,664a150484ed2af3,e5add7c7d801a5ae,"{""alpha_a"": 0.55, ""alpha_b"": 1.0, ""kappa_a"": 0.44000000000000006, ""kappa_b"": 0.8, ""n_per_group"": 200000.0}",0.55,1.0,0.44000000000000006,0.8,200000,theoretical_signed_gap,-0.10800000000000001,synthetic,ALL,not_applicable,not_applicable
EXP-01,SYNTHETIC EXPERIMENT,1729,full,664a150484ed2af3,50221bd8f402343b,"{""alpha_a"": 0.6, ""alpha_b"": 0.0, ""kappa_a"": 0.48, ""kappa_b"": 0.0, ""n_per_group"": 200000.0}",0.6,0.0,0.48,0.0,200000,theoretical_signed_gap,0.14400000000000002,synthetic,ALL,not_applicable,not_applicable
EXP-01,SYNTHETIC EXPERIMENT,1729,full,664a150484ed2af3,651eb2352d5e0ecd,"{""alpha_a"": 0.6, ""alpha_b"": 0.05, ""kappa_a"": 0.48, ""kappa_b"": 0.04000000000000001, ""n_per_group"": 200000.0}",0.6,0.05,0.48,0.04000000000000001,200000,theoretical_signed_gap,0.132,synthetic,ALL,not_applicable,not_applicable
EXP-01,SYNTHETIC EXPERIMENT,1729,full,664a150484ed2af3,163d8f9d1b8bfe8d,"{""alpha_a"": 0.6, ""alpha_b"": 0.1, ""kappa_a"": 0.48, ""kappa_b"": 0.08000000000000002, ""n_per_group"": 200000.0}",0.6,0.1,0.48,0.08000000000000002,200000,theoretical_signed_gap,0.12000000000000001,synthetic,ALL,not_applicable,not_applicable
EXP-01,SYNTHETIC EXPERIMENT,1729,full,664a150484ed2af3,e05d8a686a8954e9,"{""alpha_a"": 0.6, ""alpha_b"": 0.15, ""kappa_a"": 0.48, ""kappa_b"": 0.12, ""n_per_group"": 200000.0}",0.6,0.15,0.48,0.12,200000,theoretical_signed_gap,0.10800000000000001,synthetic,ALL,not_applicable,not_applicable
EXP-01,SYNTHETIC EXPERIMENT,1729,full,664a150484ed2af3,43d92043ecd69631,"{""alpha_a"": 0.6, ""alpha_b"": 0.2, ""kappa_a"": 0.48, ""kappa_b"": 0.16000000000000003, ""n_per_group"": 200000.0}",0.6,0.2,0.48,0.16000000000000003,200000,theoretical_signed_gap,0.096,synthetic,ALL,not_applicable,not_applicable
EXP-01,SYNTHETIC EXPERIMENT,1729,full,664a150484ed2af3,65f53042fd482273,"{""alpha_a"": 0.6, ""alpha_b"": 0.25, ""kappa_a"": 0.48, ""kappa_b"": 0.2, ""n_per_group"": 200000.0}",0.6,0.25,0.48,0.2,200000,theoretical_signed_gap,0.084,synthetic,ALL,not_applicable,not_applicable
EXP-01,SYNTHETIC EXPERIMENT,1729,full,664a150484ed2af3,cc544c0e221b5ff2,"{""alpha_a"": 0.6, ""alpha_b"": 0.3, ""kappa_a"": 0.48, ""kappa_b"": 0.24, ""n_per_group"": 200000.0}",0.6,0.3,0.48,0.24,200000,theoretical_signed_gap,0.07200000000000001,synthetic,ALL,not_applicable,not_applicable
EXP-01,SYNTHETIC EXPERIMENT,1729,full,664a150484ed2af3,e7aaa3eb9dade217,"{""alpha_a"": 0.6, ""alpha_b"": 0.35, ""kappa_a"": 0.48, ""kappa_b"": 0.27999999999999997, ""n_per_group"": 200000.0}",0.6,0.35,0.48,0.27999999999999997,200000,theoretical_signed_gap,0.06000000000000001,synthetic,ALL,not_applicable,not_applicable
EXP-01,SYNTHETIC EXPERIMENT,1729,full,664a150484ed2af3,3ac735935f127d26,"{""alpha_a"": 0.6, ""alpha_b"": 0.4, ""kappa_a"": 0.48, ""kappa_b"": 0.32000000000000006, ""n_per_group"": 200000.0}",0.6,0.4,0.48,0.32000000000000006,200000,theoretical_signed_gap,0.04799999999999998,synthetic,ALL,not_applicable,not_applicable
EXP-01,SYNTHETIC EXPERIMENT,1729,full,664a150484ed2af3,bf79925dafbd26b9,"{""alpha_a"": 0.6, ""alpha_b"": 0.45, ""kappa_a"": 0.48, ""kappa_b"": 0.36000000000000004, ""n_per_group"": 200000.0}",0.6,0.45,0.48,0.36000000000000004,200000,theoretical_signed_gap,0.03599999999999999,synthetic,ALL,not_applicable,not_applicable
EXP-01,SYNTHETIC EXPERIMENT,1729,full,664a150484ed2af3,2d923d3c491d34fb,"{""alpha_a"": 0.6, ""alpha_b"": 0.5, ""kappa_a"": 0.48, ""kappa_b"": 0.4, ""n_per_group"": 200000.0}",0.6,0.5,0.48,0.4,200000,theoretical_signed_gap,0.02399999999999999,synthetic,ALL,not_applicable,not_applicable
EXP-01,SYNTHETIC EXPERIMENT,1729,full,664a150484ed2af3,577fb647f69f629b,"{""alpha_a"": 0.6, ""alpha_b"": 0.55, ""kappa_a"": 0.48, ""kappa_b"": 0.44000000000000006, ""n_per_group"": 200000.0}",0.6,0.55,0.48,0.44000000000000006,200000,theoretical_signed_gap,0.01199999999999998,synthetic,ALL,not_applicable,not_applicable
EXP-01,SYNTHETIC EXPERIMENT,1729,full,664a150484ed2af3,780a17c5091409ed,"{""alpha_a"": 0.6, ""alpha_b"": 0.6, ""kappa_a"": 0.48, ""kappa_b"": 0.48, ""n_per_group"": 200000.0}",0.6,0.6,0.48,0.48,200000,theoretical_signed_gap,0.0,synthetic,ALL,not_applicable,not_applicable
EXP-01,SYNTHETIC EXPERIMENT,1729,full,664a150484ed2af3,c647f1f7edbb3a38,"{""alpha_a"": 0.6, ""alpha_b"": 0.65, ""kappa_a"": 0.48, ""kappa_b"": 0.52, ""n_per_group"": 200000.0}",0.6,0.65,0.48,0.52,200000,theoretical_signed_gap,-0.012000000000000012,synthetic,ALL,not_applicable,not_applicable
EXP-01,SYNTHETIC EXPERIMENT,1729,full,664a150484ed2af3,9f999dfd01025484,"{""alpha_a"": 0.6, ""alpha_b"": 0.7, ""kappa_a"": 0.48, ""kappa_b"": 0.5599999999999999, ""n_per_group"": 200000.0}",0.6,0.7,0.48,0.5599999999999999,200000,theoretical_signed_gap,-0.02399999999999999,synthetic,ALL,not_applicable,not_applicable
EXP-01,SYNTHETIC EXPERIMENT,1729,full,664a150484ed2af3,4a5d7fb971e337ce,"{""alpha_a"": 0.6, ""alpha_b"": 0.75, ""kappa_a"": 0.48, ""kappa_b"": 0.6000000000000001, ""n_per_group"": 200000.0}",0.6,0.75,0.48,0.6000000000000001,200000,theoretical_signed_gap,-0.03600000000000004,synthetic,ALL,not_applicable,not_applicable
EXP-01,SYNTHETIC EXPERIMENT,1729,full,664a150484ed2af3,a186c70650e1139c,"{""alpha_a"": 0.6, ""alpha_b"": 0.8, ""kappa_a"": 0.48, ""kappa_b"": 0.6400000000000001, ""n_per_group"": 200000.0}",0.6,0.8,0.48,0.6400000000000001,200000,theoretical_signed_gap,-0.04800000000000005,synthetic,ALL,not_applicable,not_applicable
EXP-01,SYNTHETIC EXPERIMENT,1729,full,664a150484ed2af3,de8705685ae9e61f,"{""alpha_a"": 0.6, ""alpha_b"": 0.85, ""kappa_a"": 0.48, ""kappa_b"": 0.68, ""n_per_group"": 200000.0}",0.6,0.85,0.48,0.68,200000,theoretical_signed_gap,-0.060000000000000026,synthetic,ALL,not_applicable,not_applicable
EXP-01,SYNTHETIC EXPERIMENT,1729,full,664a150484ed2af3,694c75f683525a03,"{""alpha_a"": 0.6, ""alpha_b"": 0.9, ""kappa_a"": 0.48, ""kappa_b"": 0.7200000000000001, ""n_per_group"": 200000.0}",0.6,0.9,0.48,0.7200000000000001,200000,theoretical_signed_gap,-0.07200000000000004,synthetic,ALL,not_applicable,not_applicable
EXP-01,SYNTHETIC EXPERIMENT,1729,full,664a150484ed2af3,78c170e48cdb4c3c,"{""alpha_a"": 0.6, ""alpha_b"": 0.95, ""kappa_a"": 0.48, ""kappa_b"": 0.76, ""n_per_group"": 200000.0}",0.6,0.95,0.48,0.76,200000,theoretical_signed_gap,-0.08400000000000002,synthetic,ALL,not_applicable,not_applicable
EXP-01,SYNTHETIC EXPERIMENT,1729,full,664a150484ed2af3,d50ead690aaf4332,"{""alpha_a"": 0.6, ""alpha_b"": 1.0, ""kappa_a"": 0.48, ""kappa_b"": 0.8, ""n_per_group"": 200000.0}",0.6,1.0,0.48,0.8,200000,theoretical_signed_gap,-0.09600000000000003,synthetic,ALL,not_applicable,not_applicable
EXP-01,SYNTHETIC EXPERIMENT,1729,full,664a150484ed2af3,8237ac1b2921d88e,"{""alpha_a"": 0.65, ""alpha_b"": 0.0, ""kappa_a"": 0.52, ""kappa_b"": 0.0, ""n_per_group"": 200000.0}",0.65,0.0,0.52,0.0,200000,theoretical_signed_gap,0.15600000000000003,synthetic,ALL,not_applicable,not_applicable
EXP-01,SYNTHETIC EXPERIMENT,1729,full,664a150484ed2af3,797d6a7e2cc9844e,"{""alpha_a"": 0.65, ""alpha_b"": 0.05, ""kappa_a"": 0.52, ""kappa_b"": 0.04000000000000001, ""n_per_group"": 200000.0}",0.65,0.05,0.52,0.04000000000000001,200000,theoretical_signed_gap,0.14400000000000002,synthetic,ALL,not_applicable,not_applicable
EXP-01,SYNTHETIC EXPERIMENT,1729,full,664a150484ed2af3,0204098df3c3b9e5,"{""alpha_a"": 0.65, ""alpha_b"": 0.1, ""kappa_a"": 0.52, ""kappa_b"": 0.08000000000000002, ""n_per_group"": 200000.0}",0.65,0.1,0.52,0.08000000000000002,200000,theoretical_signed_gap,0.13200000000000003,synthetic,ALL,not_applicable,not_applicable
EXP-01,SYNTHETIC EXPERIMENT,1729,full,664a150484ed2af3,d2ea0a9ab848cf49,"{""alpha_a"": 0.65, ""alpha_b"": 0.15, ""kappa_a"": 0.52, ""kappa_b"": 0.12, ""n_per_group"": 200000.0}",0.65,0.15,0.52,0.12,200000,theoretical_signed_gap,0.12000000000000002,synthetic,ALL,not_applicable,not_applicable
EXP-01,SYNTHETIC EXPERIMENT,1729,full,664a150484ed2af3,589f1decf964336d,"{""alpha_a"": 0.65, ""alpha_b"": 0.2, ""kappa_a"": 0.52, ""kappa_b"": 0.16000000000000003, ""n_per_group"": 200000.0}",0.65,0.2,0.52,0.16000000000000003,200000,theoretical_signed_gap,0.10800000000000001,synthetic,ALL,not_applicable,not_applicable
EXP-01,SYNTHETIC EXPERIMENT,1729,full,664a150484ed2af3,bbbcbbb934f1bd57,"{""alpha_a"": 0.65, ""alpha_b"": 0.25, ""kappa_a"": 0.52, ""kappa_b"": 0.2, ""n_per_group"": 200000.0}",0.65,0.25,0.52,0.2,200000,theoretical_signed_gap,0.09600000000000002,synthetic,ALL,not_applicable,not_applicable
EXP-01,SYNTHETIC EXPERIMENT,1729,full,664a150484ed2af3,56231ef03c73dc69,"{""alpha_a"": 0.65, ""alpha_b"": 0.3, ""kappa_a"": 0.52, ""kappa_b"": 0.24, ""n_per_group"": 200000.0}",0.65,0.3,0.52,0.24,200000,theoretical_signed_gap,0.08400000000000002,synthetic,ALL,not_applicable,not_applicable
EXP-01,SYNTHETIC EXPERIMENT,1729,full,664a150484ed2af3,d874f9b45c68c078,"{""alpha_a"": 0.65, ""alpha_b"": 0.35, ""kappa_a"": 0.52, ""kappa_b"": 0.27999999999999997, ""n_per_group"": 200000.0}",0.65,0.35,0.52,0.27999999999999997,200000,theoretical_signed_gap,0.07200000000000002,synthetic,ALL,not_applicable,not_applicable
EXP-01,SYNTHETIC EXPERIMENT,1729,full,664a150484ed2af3,c2e26c6bf8a9eb55,"{""alpha_a"": 0.65, ""alpha_b"": 0.4, ""kappa_a"": 0.52, ""kappa_b"": 0.32000000000000006, ""n_per_group"": 200000.0}",0.65,0.4,0.52,0.32000000000000006,200000,theoretical_signed_gap,0.06,synthetic,ALL,not_applicable,not_applicable
EXP-01,SYNTHETIC EXPERIMENT,1729,full,664a150484ed2af3,52dee04e5176f973,"{""alpha_a"": 0.65, ""alpha_b"": 0.45, ""kappa_a"": 0.52, ""kappa_b"": 0.36000000000000004, ""n_per_group"": 200000.0}",0.65,0.45,0.52,0.36000000000000004,200000,theoretical_signed_gap,0.048,synthetic,ALL,not_applicable,not_applicable
EXP-01,SYNTHETIC EXPERIMENT,1729,full,664a150484ed2af3,cb151264c8c41395,"{""alpha_a"": 0.65, ""alpha_b"": 0.5, ""kappa_a"": 0.52, ""kappa_b"": 0.4, ""n_per_group"": 200000.0}",0.65,0.5,0.52,0.4,200000,theoretical_signed_gap,0.036000000000000004,synthetic,ALL,not_applicable,not_applicable
EXP-01,SYNTHETIC EXPERIMENT,1729,full,664a150484ed2af3,cb4cc85d75c9f4dc,"{""alpha_a"": 0.65, ""alpha_b"": 0.55, ""kappa_a"": 0.52, ""kappa_b"": 0.44000000000000006, ""n_per_group"": 200000.0}",0.65,0.55,0.52,0.44000000000000006,200000,theoretical_signed_gap,0.02399999999999999,synthetic,ALL,not_applicable,not_applicable
EXP-01,SYNTHETIC EXPERIMENT,1729,full,664a150484ed2af3,867631e66e98681d,"{""alpha_a"": 0.65, ""alpha_b"": 0.6, ""kappa_a"": 0.52, ""kappa_b"": 0.48, ""n_per_group"": 200000.0}",0.65,0.6,0.52,0.48,200000,theoretical_signed_gap,0.012000000000000012,synthetic,ALL,not_applicable,not_applicable
EXP-01,SYNTHETIC EXPERIMENT,1729,full,664a150484ed2af3,cdde18ec67287c88,"{""alpha_a"": 0.65, ""alpha_b"": 0.65, ""kappa_a"": 0.52, ""kappa_b"": 0.52, ""n_per_group"": 200000.0}",0.65,0.65,0.52,0.52,200000,theoretical_signed_gap,0.0,synthetic,ALL,not_applicable,not_applicable
EXP-01,SYNTHETIC EXPERIMENT,1729,full,664a150484ed2af3,8db4e03766b93699,"{""alpha_a"": 0.65, ""alpha_b"": 0.7, ""kappa_a"": 0.52, ""kappa_b"": 0.5599999999999999, ""n_per_group"": 200000.0}",0.65,0.7,0.52,0.5599999999999999,200000,theoretical_signed_gap,-0.01199999999999998,synthetic,ALL,not_applicable,not_applicable
EXP-01,SYNTHETIC EXPERIMENT,1729,full,664a150484ed2af3,defa8621e1dae86e,"{""alpha_a"": 0.65, ""alpha_b"": 0.75, ""kappa_a"": 0.52, ""kappa_b"": 0.6000000000000001, ""n_per_group"": 200000.0}",0.65,0.75,0.52,0.6000000000000001,200000,theoretical_signed_gap,-0.024000000000000025,synthetic,ALL,not_applicable,not_applicable
EXP-01,SYNTHETIC EXPERIMENT,1729,full,664a150484ed2af3,e806bd5df6f97888,"{""alpha_a"": 0.65, ""alpha_b"": 0.8, ""kappa_a"": 0.52, ""kappa_b"": 0.6400000000000001, ""n_per_group"": 200000.0}",0.65,0.8,0.52,0.6400000000000001,200000,theoretical_signed_gap,-0.03600000000000004,synthetic,ALL,not_applicable,not_applicable
EXP-01,SYNTHETIC EXPERIMENT,1729,full,664a150484ed2af3,0903ae1542382f5e,"{""alpha_a"": 0.65, ""alpha_b"": 0.85, ""kappa_a"": 0.52, ""kappa_b"": 0.68, ""n_per_group"": 200000.0}",0.65,0.85,0.52,0.68,200000,theoretical_signed_gap,-0.048000000000000015,synthetic,ALL,not_applicable,not_applicable
EXP-01,SYNTHETIC EXPERIMENT,1729,full,664a150484ed2af3,ab1b216db6302741,"{""alpha_a"": 0.65, ""alpha_b"": 0.9, ""kappa_a"": 0.52, ""kappa_b"": 0.7200000000000001, ""n_per_group"": 200000.0}",0.65,0.9,0.52,0.7200000000000001,200000,theoretical_signed_gap,-0.060000000000000026,synthetic,ALL,not_applicable,not_applicable
EXP-01,SYNTHETIC EXPERIMENT,1729,full,664a150484ed2af3,577eaa46a40bff6b,"{""alpha_a"": 0.65, ""alpha_b"": 0.95, ""kappa_a"": 0.52, ""kappa_b"": 0.76, ""n_per_group"": 200000.0}",0.65,0.95,0.52,0.76,200000,theoretical_signed_gap,-0.07200000000000001,synthetic,ALL,not_applicable,not_applicable
EXP-01,SYNTHETIC EXPERIMENT,1729,full,664a150484ed2af3,341ee85502401eb8,"{""alpha_a"": 0.65, ""alpha_b"": 1.0, ""kappa_a"": 0.52, ""kappa_b"": 0.8, ""n_per_group"": 200000.0}",0.65,1.0,0.52,0.8,200000,theoretical_signed_gap,-0.08400000000000002,synthetic,ALL,not_applicable,not_applicable
EXP-01,SYNTHETIC EXPERIMENT,1729,full,664a150484ed2af3,c8ddd6677f6f843b,"{""alpha_a"": 0.7, ""alpha_b"": 0.0, ""kappa_a"": 0.5599999999999999, ""kappa_b"": 0.0, ""n_per_group"": 200000.0}",0.7,0.0,0.5599999999999999,0.0,200000,theoretical_signed_gap,0.168,synthetic,ALL,not_applicable,not_applicable
EXP-01,SYNTHETIC EXPERIMENT,1729,full,664a150484ed2af3,cecdc2a6be269b13,"{""alpha_a"": 0.7, ""alpha_b"": 0.05, ""kappa_a"": 0.5599999999999999, ""kappa_b"": 0.04000000000000001, ""n_per_group"": 200000.0}",0.7,0.05,0.5599999999999999,0.04000000000000001,200000,theoretical_signed_gap,0.156,synthetic,ALL,not_applicable,not_applicable
EXP-01,SYNTHETIC EXPERIMENT,1729,full,664a150484ed2af3,7c07722156d4753c,"{""alpha_a"": 0.7, ""alpha_b"": 0.1, ""kappa_a"": 0.5599999999999999, ""kappa_b"": 0.08000000000000002, ""n_per_group"": 200000.0}",0.7,0.1,0.5599999999999999,0.08000000000000002,200000,theoretical_signed_gap,0.144,synthetic,ALL,not_applicable,not_applicable
EXP-01,SYNTHETIC EXPERIMENT,1729,full,664a150484ed2af3,d866b68c9353ad8e,"{""alpha_a"": 0.7, ""alpha_b"": 0.15, ""kappa_a"": 0.5599999999999999, ""kappa_b"": 0.12, ""n_per_group"": 200000.0}",0.7,0.15,0.5599999999999999,0.12,200000,theoretical_signed_gap,0.132,synthetic,ALL,not_applicable,not_applicable
EXP-01,SYNTHETIC EXPERIMENT,1729,full,664a150484ed2af3,22e27fd9c9b7754b,"{""alpha_a"": 0.7, ""alpha_b"": 0.2, ""kappa_a"": 0.5599999999999999, ""kappa_b"": 0.16000000000000003, ""n_per_group"": 200000.0}",0.7,0.2,0.5599999999999999,0.16000000000000003,200000,theoretical_signed_gap,0.12,synthetic,ALL,not_applicable,not_applicable
EXP-01,SYNTHETIC EXPERIMENT,1729,full,664a150484ed2af3,47c868681941b524,"{""alpha_a"": 0.7, ""alpha_b"": 0.25, ""kappa_a"": 0.5599999999999999, ""kappa_b"": 0.2, ""n_per_group"": 200000.0}",0.7,0.25,0.5599999999999999,0.2,200000,theoretical_signed_gap,0.108,synthetic,ALL,not_applicable,not_applicable
EXP-01,SYNTHETIC EXPERIMENT,1729,full,664a150484ed2af3,968819aff68502bb,"{""alpha_a"": 0.7, ""alpha_b"": 0.3, ""kappa_a"": 0.5599999999999999, ""kappa_b"": 0.24, ""n_per_group"": 200000.0}",0.7,0.3,0.5599999999999999,0.24,200000,theoretical_signed_gap,0.096,synthetic,ALL,not_applicable,not_applicable
EXP-01,SYNTHETIC EXPERIMENT,1729,full,664a150484ed2af3,8ce8eb6782ff8e91,"{""alpha_a"": 0.7, ""alpha_b"": 0.35, ""kappa_a"": 0.5599999999999999, ""kappa_b"": 0.27999999999999997, ""n_per_group"": 200000.0}",0.7,0.35,0.5599999999999999,0.27999999999999997,200000,theoretical_signed_gap,0.084,synthetic,ALL,not_applicable,not_applicable
EXP-01,SYNTHETIC EXPERIMENT,1729,full,664a150484ed2af3,c89b278373082486,"{""alpha_a"": 0.7, ""alpha_b"": 0.4, ""kappa_a"": 0.5599999999999999, ""kappa_b"": 0.32000000000000006, ""n_per_group"": 200000.0}",0.7,0.4,0.5599999999999999,0.32000000000000006,200000,theoretical_signed_gap,0.07199999999999998,synthetic,ALL,not_applicable,not_applicable
EXP-01,SYNTHETIC EXPERIMENT,1729,full,664a150484ed2af3,530dc275e5d583d5,"{""alpha_a"": 0.7, ""alpha_b"": 0.45, ""kappa_a"": 0.5599999999999999, ""kappa_b"": 0.36000000000000004, ""n_per_group"": 200000.0}",0.7,0.45,0.5599999999999999,0.36000000000000004,200000,theoretical_signed_gap,0.05999999999999998,synthetic,ALL,not_applicable,not_applicable
EXP-01,SYNTHETIC EXPERIMENT,1729,full,664a150484ed2af3,01946da20aac2037,"{""alpha_a"": 0.7, ""alpha_b"": 0.5, ""kappa_a"": 0.5599999999999999, ""kappa_b"": 0.4, ""n_per_group"": 200000.0}",0.7,0.5,0.5599999999999999,0.4,200000,theoretical_signed_gap,0.04799999999999998,synthetic,ALL,not_applicable,not_applicable
EXP-01,SYNTHETIC EXPERIMENT,1729,full,664a150484ed2af3,73e1593e0dd5e9bb,"{""alpha_a"": 0.7, ""alpha_b"": 0.55, ""kappa_a"": 0.5599999999999999, ""kappa_b"": 0.44000000000000006, ""n_per_group"": 200000.0}",0.7,0.55,0.5599999999999999,0.44000000000000006,200000,theoretical_signed_gap,0.03599999999999997,synthetic,ALL,not_applicable,not_applicable
EXP-01,SYNTHETIC EXPERIMENT,1729,full,664a150484ed2af3,62270be4752f9f93,"{""alpha_a"": 0.7, ""alpha_b"": 0.6, ""kappa_a"": 0.5599999999999999, ""kappa_b"": 0.48, ""n_per_group"": 200000.0}",0.7,0.6,0.5599999999999999,0.48,200000,theoretical_signed_gap,0.02399999999999999,synthetic,ALL,not_applicable,not_applicable
EXP-01,SYNTHETIC EXPERIMENT,1729,full,664a150484ed2af3,6594a0ffafa2c5b6,"{""alpha_a"": 0.7, ""alpha_b"": 0.65, ""kappa_a"": 0.5599999999999999, ""kappa_b"": 0.52, ""n_per_group"": 200000.0}",0.7,0.65,0.5599999999999999,0.52,200000,theoretical_signed_gap,0.01199999999999998,synthetic,ALL,not_applicable,not_applicable
EXP-01,SYNTHETIC EXPERIMENT,1729,full,664a150484ed2af3,ba8e99ce6bbcaf0c,"{""alpha_a"": 0.7, ""alpha_b"": 0.7, ""kappa_a"": 0.5599999999999999, ""kappa_b"": 0.5599999999999999, ""n_per_group"": 200000.0}",0.7,0.7,0.5599999999999999,0.5599999999999999,200000,theoretical_signed_gap,0.0,synthetic,ALL,not_applicable,not_applicable
EXP-01,SYNTHETIC EXPERIMENT,1729,full,664a150484ed2af3,bf7a34578ca9cb00,"{""alpha_a"": 0.7, ""alpha_b"": 0.75, ""kappa_a"": 0.5599999999999999, ""kappa_b"": 0.6000000000000001, ""n_per_group"": 200000.0}",0.7,0.75,0.5599999999999999,0.6000000000000001,200000,theoretical_signed_gap,-0.012000000000000045,synthetic,ALL,not_applicable,not_applicable
EXP-01,SYNTHETIC EXPERIMENT,1729,full,664a150484ed2af3,67642f3a2918cae1,"{""alpha_a"": 0.7, ""alpha_b"": 0.8, ""kappa_a"": 0.5599999999999999, ""kappa_b"": 0.6400000000000001, ""n_per_group"": 200000.0}",0.7,0.8,0.5599999999999999,0.6400000000000001,200000,theoretical_signed_gap,-0.02400000000000006,synthetic,ALL,not_applicable,not_applicable
EXP-01,SYNTHETIC EXPERIMENT,1729,full,664a150484ed2af3,20e2a91826b6be2d,"{""alpha_a"": 0.7, ""alpha_b"": 0.85, ""kappa_a"": 0.5599999999999999, ""kappa_b"": 0.68, ""n_per_group"": 200000.0}",0.7,0.85,0.5599999999999999,0.68,200000,theoretical_signed_gap,-0.03600000000000004,synthetic,ALL,not_applicable,not_applicable
EXP-01,SYNTHETIC EXPERIMENT,1729,full,664a150484ed2af3,0a31e6d38f51fb59,"{""alpha_a"": 0.7, ""alpha_b"": 0.9, ""kappa_a"": 0.5599999999999999, ""kappa_b"": 0.7200000000000001, ""n_per_group"": 200000.0}",0.7,0.9,0.5599999999999999,0.7200000000000001,200000,theoretical_signed_gap,-0.04800000000000005,synthetic,ALL,not_applicable,not_applicable
EXP-01,SYNTHETIC EXPERIMENT,1729,full,664a150484ed2af3,33190ea543da4a9e,"{""alpha_a"": 0.7, ""alpha_b"": 0.95, ""kappa_a"": 0.5599999999999999, ""kappa_b"": 0.76, ""n_per_group"": 200000.0}",0.7,0.95,0.5599999999999999,0.76,200000,theoretical_signed_gap,-0.060000000000000026,synthetic,ALL,not_applicable,not_applicable
EXP-01,SYNTHETIC EXPERIMENT,1729,full,664a150484ed2af3,973027829e06a594,"{""alpha_a"": 0.7, ""alpha_b"": 1.0, ""kappa_a"": 0.5599999999999999, ""kappa_b"": 0.8, ""n_per_group"": 200000.0}",0.7,1.0,0.5599999999999999,0.8,200000,theoretical_signed_gap,-0.07200000000000004,synthetic,ALL,not_applicable,not_applicable
EXP-01,SYNTHETIC EXPERIMENT,1729,full,664a150484ed2af3,145fc1da1e77a85b,"{""alpha_a"": 0.75, ""alpha_b"": 0.0, ""kappa_a"": 0.6000000000000001, ""kappa_b"": 0.0, ""n_per_group"": 200000.0}",0.75,0.0,0.6000000000000001,0.0,200000,theoretical_signed_gap,0.18000000000000005,synthetic,ALL,not_applicable,not_applicable
EXP-01,SYNTHETIC EXPERIMENT,1729,full,664a150484ed2af3,8f76757fb173207f,"{""alpha_a"": 0.75, ""alpha_b"": 0.05, ""kappa_a"": 0.6000000000000001, ""kappa_b"": 0.04000000000000001, ""n_per_group"": 200000.0}",0.75,0.05,0.6000000000000001,0.04000000000000001,200000,theoretical_signed_gap,0.16800000000000004,synthetic,ALL,not_applicable,not_applicable
EXP-01,SYNTHETIC EXPERIMENT,1729,full,664a150484ed2af3,cfc40a9c00d949bd,"{""alpha_a"": 0.75, ""alpha_b"": 0.1, ""kappa_a"": 0.6000000000000001, ""kappa_b"": 0.08000000000000002, ""n_per_group"": 200000.0}",0.75,0.1,0.6000000000000001,0.08000000000000002,200000,theoretical_signed_gap,0.15600000000000003,synthetic,ALL,not_applicable,not_applicable
EXP-01,SYNTHETIC EXPERIMENT,1729,full,664a150484ed2af3,e900d04c2a412e38,"{""alpha_a"": 0.75, ""alpha_b"": 0.15, ""kappa_a"": 0.6000000000000001, ""kappa_b"": 0.12, ""n_per_group"": 200000.0}",0.75,0.15,0.6000000000000001,0.12,200000,theoretical_signed_gap,0.14400000000000004,synthetic,ALL,not_applicable,not_applicable
EXP-01,SYNTHETIC EXPERIMENT,1729,full,664a150484ed2af3,a66da16d88db03c0,"{""alpha_a"": 0.75, ""alpha_b"": 0.2, ""kappa_a"": 0.6000000000000001, ""kappa_b"": 0.16000000000000003, ""n_per_group"": 200000.0}",0.75,0.2,0.6000000000000001,0.16000000000000003,200000,theoretical_signed_gap,0.13200000000000003,synthetic,ALL,not_applicable,not_applicable
EXP-01,SYNTHETIC EXPERIMENT,1729,full,664a150484ed2af3,71c8bf969f130e9e,"{""alpha_a"": 0.75, ""alpha_b"": 0.25, ""kappa_a"": 0.6000000000000001, ""kappa_b"": 0.2, ""n_per_group"": 200000.0}",0.75,0.25,0.6000000000000001,0.2,200000,theoretical_signed_gap,0.12000000000000004,synthetic,ALL,not_applicable,not_applicable
EXP-01,SYNTHETIC EXPERIMENT,1729,full,664a150484ed2af3,b645633783a2b5d9,"{""alpha_a"": 0.75, ""alpha_b"": 0.3, ""kappa_a"": 0.6000000000000001, ""kappa_b"": 0.24, ""n_per_group"": 200000.0}",0.75,0.3,0.6000000000000001,0.24,200000,theoretical_signed_gap,0.10800000000000004,synthetic,ALL,not_applicable,not_applicable
EXP-01,SYNTHETIC EXPERIMENT,1729,full,664a150484ed2af3,a007c6e5d67106c5,"{""alpha_a"": 0.75, ""alpha_b"": 0.35, ""kappa_a"": 0.6000000000000001, ""kappa_b"": 0.27999999999999997, ""n_per_group"": 200000.0}",0.75,0.35,0.6000000000000001,0.27999999999999997,200000,theoretical_signed_gap,0.09600000000000004,synthetic,ALL,not_applicable,not_applicable
EXP-01,SYNTHETIC EXPERIMENT,1729,full,664a150484ed2af3,973cb6ad3b163f98,"{""alpha_a"": 0.75, ""alpha_b"": 0.4, ""kappa_a"": 0.6000000000000001, ""kappa_b"": 0.32000000000000006, ""n_per_group"": 200000.0}",0.75,0.4,0.6000000000000001,0.32000000000000006,200000,theoretical_signed_gap,0.08400000000000002,synthetic,ALL,not_applicable,not_applicable
EXP-01,SYNTHETIC EXPERIMENT,1729,full,664a150484ed2af3,105e9323311e6282,"{""alpha_a"": 0.75, ""alpha_b"": 0.45, ""kappa_a"": 0.6000000000000001, ""kappa_b"": 0.36000000000000004, ""n_per_group"": 200000.0}",0.75,0.45,0.6000000000000001,0.36000000000000004,200000,theoretical_signed_gap,0.07200000000000002,synthetic,ALL,not_applicable,not_applicable
EXP-01,SYNTHETIC EXPERIMENT,1729,full,664a150484ed2af3,a6664c1a4c2d235b,"{""alpha_a"": 0.75, ""alpha_b"": 0.5, ""kappa_a"": 0.6000000000000001, ""kappa_b"": 0.4, ""n_per_group"": 200000.0}",0.75,0.5,0.6000000000000001,0.4,200000,theoretical_signed_gap,0.060000000000000026,synthetic,ALL,not_applicable,not_applicable
EXP-01,SYNTHETIC EXPERIMENT,1729,full,664a150484ed2af3,f7fd55ca8782532f,"{""alpha_a"": 0.75, ""alpha_b"": 0.55, ""kappa_a"": 0.6000000000000001, ""kappa_b"": 0.44000000000000006, ""n_per_group"": 200000.0}",0.75,0.55,0.6000000000000001,0.44000000000000006,200000,theoretical_signed_gap,0.048000000000000015,synthetic,ALL,not_applicable,not_applicable
EXP-01,SYNTHETIC EXPERIMENT,1729,full,664a150484ed2af3,3a9b935cbfa06390,"{""alpha_a"": 0.75, ""alpha_b"": 0.6, ""kappa_a"": 0.6000000000000001, ""kappa_b"": 0.48, ""n_per_group"": 200000.0}",0.75,0.6,0.6000000000000001,0.48,200000,theoretical_signed_gap,0.03600000000000004,synthetic,ALL,not_applicable,not_applicable
EXP-01,SYNTHETIC EXPERIMENT,1729,full,664a150484ed2af3,5cdb075959b10140,"{""alpha_a"": 0.75, ""alpha_b"": 0.65, ""kappa_a"": 0.6000000000000001, ""kappa_b"": 0.52, ""n_per_group"": 200000.0}",0.75,0.65,0.6000000000000001,0.52,200000,theoretical_signed_gap,0.024000000000000025,synthetic,ALL,not_applicable,not_applicable
EXP-01,SYNTHETIC EXPERIMENT,1729,full,664a150484ed2af3,3c6bd916c2e4b2d9,"{""alpha_a"": 0.75, ""alpha_b"": 0.7, ""kappa_a"": 0.6000000000000001, ""kappa_b"": 0.5599999999999999, ""n_per_group"": 200000.0}",0.75,0.7,0.6000000000000001,0.5599999999999999,200000,theoretical_signed_gap,0.012000000000000045,synthetic,ALL,not_applicable,not_applicable
EXP-01,SYNTHETIC EXPERIMENT,1729,full,664a150484ed2af3,efff14e3d6b3c324,"{""alpha_a"": 0.75, ""alpha_b"": 0.75, ""kappa_a"": 0.6000000000000001, ""kappa_b"": 0.6000000000000001, ""n_per_group"": 200000.0}",0.75,0.75,0.6000000000000001,0.6000000000000001,200000,theoretical_signed_gap,0.0,synthetic,ALL,not_applicable,not_applicable
EXP-01,SYNTHETIC EXPERIMENT,1729,full,664a150484ed2af3,6cb165316d4be7b0,"{""alpha_a"": 0.75, ""alpha_b"": 0.8, ""kappa_a"": 0.6000000000000001, ""kappa_b"": 0.6400000000000001, ""n_per_group"": 200000.0}",0.75,0.8,0.6000000000000001,0.6400000000000001,200000,theoretical_signed_gap,-0.012000000000000012,synthetic,ALL,not_applicable,not_applicable
EXP-01,SYNTHETIC EXPERIMENT,1729,full,664a150484ed2af3,707d372e21aec193,"{""alpha_a"": 0.75, ""alpha_b"": 0.85, ""kappa_a"": 0.6000000000000001, ""kappa_b"": 0.68, ""n_per_group"": 200000.0}",0.75,0.85,0.6000000000000001,0.68,200000,theoretical_signed_gap,-0.02399999999999999,synthetic,ALL,not_applicable,not_applicable
EXP-01,SYNTHETIC EXPERIMENT,1729,full,664a150484ed2af3,7255b40c57376a7a,"{""alpha_a"": 0.75, ""alpha_b"": 0.9, ""kappa_a"": 0.6000000000000001, ""kappa_b"": 0.7200000000000001, ""n_per_group"": 200000.0}",0.75,0.9,0.6000000000000001,0.7200000000000001,200000,theoretical_signed_gap,-0.036000000000000004,synthetic,ALL,not_applicable,not_applicable
EXP-01,SYNTHETIC EXPERIMENT,1729,full,664a150484ed2af3,05d0dcea49021cc9,"{""alpha_a"": 0.75, ""alpha_b"": 0.95, ""kappa_a"": 0.6000000000000001, ""kappa_b"": 0.76, ""n_per_group"": 200000.0}",0.75,0.95,0.6000000000000001,0.76,200000,theoretical_signed_gap,-0.04799999999999998,synthetic,ALL,not_applicable,not_applicable
EXP-01,SYNTHETIC EXPERIMENT,1729,full,664a150484ed2af3,97edfe532689cab9,"{""alpha_a"": 0.75, ""alpha_b"": 1.0, ""kappa_a"": 0.6000000000000001, ""kappa_b"": 0.8, ""n_per_group"": 200000.0}",0.75,1.0,0.6000000000000001,0.8,200000,theoretical_signed_gap,-0.06,synthetic,ALL,not_applicable,not_applicable
EXP-01,SYNTHETIC EXPERIMENT,1729,full,664a150484ed2af3,97950d1b748ef7ea,"{""alpha_a"": 0.8, ""alpha_b"": 0.0, ""kappa_a"": 0.6400000000000001, ""kappa_b"": 0.0, ""n_per_group"": 200000.0}",0.8,0.0,0.6400000000000001,0.0,200000,theoretical_signed_gap,0.19200000000000006,synthetic,ALL,not_applicable,not_applicable
EXP-01,SYNTHETIC EXPERIMENT,1729,full,664a150484ed2af3,1c35e6c663ec2953,"{""alpha_a"": 0.8, ""alpha_b"": 0.05, ""kappa_a"": 0.6400000000000001, ""kappa_b"": 0.04000000000000001, ""n_per_group"": 200000.0}",0.8,0.05,0.6400000000000001,0.04000000000000001,200000,theoretical_signed_gap,0.18000000000000005,synthetic,ALL,not_applicable,not_applicable
EXP-01,SYNTHETIC EXPERIMENT,1729,full,664a150484ed2af3,19d1cdf7f2037051,"{""alpha_a"": 0.8, ""alpha_b"": 0.1, ""kappa_a"": 0.6400000000000001, ""kappa_b"": 0.08000000000000002, ""n_per_group"": 200000.0}",0.8,0.1,0.6400000000000001,0.08000000000000002,200000,theoretical_signed_gap,0.16800000000000004,synthetic,ALL,not_applicable,not_applicable
EXP-01,SYNTHETIC EXPERIMENT,1729,full,664a150484ed2af3,f5f34d81dfa051b0,"{""alpha_a"": 0.8, ""alpha_b"": 0.15, ""kappa_a"": 0.6400000000000001, ""kappa_b"": 0.12, ""n_per_group"": 200000.0}",0.8,0.15,0.6400000000000001,0.12,200000,theoretical_signed_gap,0.15600000000000006,synthetic,ALL,not_applicable,not_applicable
EXP-01,SYNTHETIC EXPERIMENT,1729,full,664a150484ed2af3,2d5071bf7658fe7d,"{""alpha_a"": 0.8, ""alpha_b"": 0.2, ""kappa_a"": 0.6400000000000001, ""kappa_b"": 0.16000000000000003, ""n_per_group"": 200000.0}",0.8,0.2,0.6400000000000001,0.16000000000000003,200000,theoretical_signed_gap,0.14400000000000004,synthetic,ALL,not_applicable,not_applicable
EXP-01,SYNTHETIC EXPERIMENT,1729,full,664a150484ed2af3,4fee8e67e2b9ec66,"{""alpha_a"": 0.8, ""alpha_b"": 0.25, ""kappa_a"": 0.6400000000000001, ""kappa_b"": 0.2, ""n_per_group"": 200000.0}",0.8,0.25,0.6400000000000001,0.2,200000,theoretical_signed_gap,0.13200000000000006,synthetic,ALL,not_applicable,not_applicable
EXP-01,SYNTHETIC EXPERIMENT,1729,full,664a150484ed2af3,ae3f287d1d76f955,"{""alpha_a"": 0.8, ""alpha_b"": 0.3, ""kappa_a"": 0.6400000000000001, ""kappa_b"": 0.24, ""n_per_group"": 200000.0}",0.8,0.3,0.6400000000000001,0.24,200000,theoretical_signed_gap,0.12000000000000005,synthetic,ALL,not_applicable,not_applicable
EXP-01,SYNTHETIC EXPERIMENT,1729,full,664a150484ed2af3,c76b97e8306f63ef,"{""alpha_a"": 0.8, ""alpha_b"": 0.35, ""kappa_a"": 0.6400000000000001, ""kappa_b"": 0.27999999999999997, ""n_per_group"": 200000.0}",0.8,0.35,0.6400000000000001,0.27999999999999997,200000,theoretical_signed_gap,0.10800000000000007,synthetic,ALL,not_applicable,not_applicable
EXP-01,SYNTHETIC EXPERIMENT,1729,full,664a150484ed2af3,de387c795811cf0f,"{""alpha_a"": 0.8, ""alpha_b"": 0.4, ""kappa_a"": 0.6400000000000001, ""kappa_b"": 0.32000000000000006, ""n_per_group"": 200000.0}",0.8,0.4,0.6400000000000001,0.32000000000000006,200000,theoretical_signed_gap,0.09600000000000003,synthetic,ALL,not_applicable,not_applicable
EXP-01,SYNTHETIC EXPERIMENT,1729,full,664a150484ed2af3,9b77dfbc189e232b,"{""alpha_a"": 0.8, ""alpha_b"": 0.45, ""kappa_a"": 0.6400000000000001, ""kappa_b"": 0.36000000000000004, ""n_per_group"": 200000.0}",0.8,0.45,0.6400000000000001,0.36000000000000004,200000,theoretical_signed_gap,0.08400000000000003,synthetic,ALL,not_applicable,not_applicable
EXP-01,SYNTHETIC EXPERIMENT,1729,full,664a150484ed2af3,4dfc43254ec4a6e8,"{""alpha_a"": 0.8, ""alpha_b"": 0.5, ""kappa_a"": 0.6400000000000001, ""kappa_b"": 0.4, ""n_per_group"": 200000.0}",0.8,0.5,0.6400000000000001,0.4,200000,theoretical_signed_gap,0.07200000000000004,synthetic,ALL,not_applicable,not_applicable
EXP-01,SYNTHETIC EXPERIMENT,1729,full,664a150484ed2af3,0a648ff7295000bf,"{""alpha_a"": 0.8, ""alpha_b"": 0.55, ""kappa_a"": 0.6400000000000001, ""kappa_b"": 0.44000000000000006, ""n_per_group"": 200000.0}",0.8,0.55,0.6400000000000001,0.44000000000000006,200000,theoretical_signed_gap,0.060000000000000026,synthetic,ALL,not_applicable,not_applicable
EXP-01,SYNTHETIC EXPERIMENT,1729,full,664a150484ed2af3,c4dc5c0a530c1b1b,"{""alpha_a"": 0.8, ""alpha_b"": 0.6, ""kappa_a"": 0.6400000000000001, ""kappa_b"": 0.48, ""n_per_group"": 200000.0}",0.8,0.6,0.6400000000000001,0.48,200000,theoretical_signed_gap,0.04800000000000005,synthetic,ALL,not_applicable,not_applicable
EXP-01,SYNTHETIC EXPERIMENT,1729,full,664a150484ed2af3,2ed7cbddc74538cd,"{""alpha_a"": 0.8, ""alpha_b"": 0.65, ""kappa_a"": 0.6400000000000001, ""kappa_b"": 0.52, ""n_per_group"": 200000.0}",0.8,0.65,0.6400000000000001,0.52,200000,theoretical_signed_gap,0.03600000000000004,synthetic,ALL,not_applicable,not_applicable
EXP-01,SYNTHETIC EXPERIMENT,1729,full,664a150484ed2af3,b457f6e1df0ab75b,"{""alpha_a"": 0.8, ""alpha_b"": 0.7, ""kappa_a"": 0.6400000000000001, ""kappa_b"": 0.5599999999999999, ""n_per_group"": 200000.0}",0.8,0.7,0.6400000000000001,0.5599999999999999,200000,theoretical_signed_gap,0.02400000000000006,synthetic,ALL,not_applicable,not_applicable
EXP-01,SYNTHETIC EXPERIMENT,1729,full,664a150484ed2af3,9062e32c7ea41a6e,"{""alpha_a"": 0.8, ""alpha_b"": 0.75, ""kappa_a"": 0.6400000000000001, ""kappa_b"": 0.6000000000000001, ""n_per_group"": 200000.0}",0.8,0.75,0.6400000000000001,0.6000000000000001,200000,theoretical_signed_gap,0.012000000000000012,synthetic,ALL,not_applicable,not_applicable
EXP-01,SYNTHETIC EXPERIMENT,1729,full,664a150484ed2af3,584ff44dc5b8503d,"{""alpha_a"": 0.8, ""alpha_b"": 0.8, ""kappa_a"": 0.6400000000000001, ""kappa_b"": 0.6400000000000001, ""n_per_group"": 200000.0}",0.8,0.8,0.6400000000000001,0.6400000000000001,200000,theoretical_signed_gap,0.0,synthetic,ALL,not_applicable,not_applicable
EXP-01,SYNTHETIC EXPERIMENT,1729,full,664a150484ed2af3,3194a78f498b4839,"{""alpha_a"": 0.8, ""alpha_b"": 0.85, ""kappa_a"": 0.6400000000000001, ""kappa_b"": 0.68, ""n_per_group"": 200000.0}",0.8,0.85,0.6400000000000001,0.68,200000,theoretical_signed_gap,-0.01199999999999998,synthetic,ALL,not_applicable,not_applicable
EXP-01,SYNTHETIC EXPERIMENT,1729,full,664a150484ed2af3,095e14182b8d996f,"{""alpha_a"": 0.8, ""alpha_b"": 0.9, ""kappa_a"": 0.6400000000000001, ""kappa_b"": 0.7200000000000001, ""n_per_group"": 200000.0}",0.8,0.9,0.6400000000000001,0.7200000000000001,200000,theoretical_signed_gap,-0.02399999999999999,synthetic,ALL,not_applicable,not_applicable
EXP-01,SYNTHETIC EXPERIMENT,1729,full,664a150484ed2af3,3628b420734c06e1,"{""alpha_a"": 0.8, ""alpha_b"": 0.95, ""kappa_a"": 0.6400000000000001, ""kappa_b"": 0.76, ""n_per_group"": 200000.0}",0.8,0.95,0.6400000000000001,0.76,200000,theoretical_signed_gap,-0.03599999999999997,synthetic,ALL,not_applicable,not_applicable
EXP-01,SYNTHETIC EXPERIMENT,1729,full,664a150484ed2af3,a70b9b85ede5eca5,"{""alpha_a"": 0.8, ""alpha_b"": 1.0, ""kappa_a"": 0.6400000000000001, ""kappa_b"": 0.8, ""n_per_group"": 200000.0}",0.8,1.0,0.6400000000000001,0.8,200000,theoretical_signed_gap,-0.04799999999999998,synthetic,ALL,not_applicable,not_applicable
EXP-01,SYNTHETIC EXPERIMENT,1729,full,664a150484ed2af3,f9781a2b6bd219b5,"{""alpha_a"": 0.85, ""alpha_b"": 0.0, ""kappa_a"": 0.68, ""kappa_b"": 0.0, ""n_per_group"": 200000.0}",0.85,0.0,0.68,0.0,200000,theoretical_signed_gap,0.20400000000000004,synthetic,ALL,not_applicable,not_applicable
EXP-01,SYNTHETIC EXPERIMENT,1729,full,664a150484ed2af3,9e5a0860788419ba,"{""alpha_a"": 0.85, ""alpha_b"": 0.05, ""kappa_a"": 0.68, ""kappa_b"": 0.04000000000000001, ""n_per_group"": 200000.0}",0.85,0.05,0.68,0.04000000000000001,200000,theoretical_signed_gap,0.19200000000000003,synthetic,ALL,not_applicable,not_applicable
EXP-01,SYNTHETIC EXPERIMENT,1729,full,664a150484ed2af3,ced6c97278427a71,"{""alpha_a"": 0.85, ""alpha_b"": 0.1, ""kappa_a"": 0.68, ""kappa_b"": 0.08000000000000002, ""n_per_group"": 200000.0}",0.85,0.1,0.68,0.08000000000000002,200000,theoretical_signed_gap,0.18000000000000005,synthetic,ALL,not_applicable,not_applicable
EXP-01,SYNTHETIC EXPERIMENT,1729,full,664a150484ed2af3,02e538e0808d85b0,"{""alpha_a"": 0.85, ""alpha_b"": 0.15, ""kappa_a"": 0.68, ""kappa_b"": 0.12, ""n_per_group"": 200000.0}",0.85,0.15,0.68,0.12,200000,theoretical_signed_gap,0.16800000000000004,synthetic,ALL,not_applicable,not_applicable
EXP-01,SYNTHETIC EXPERIMENT,1729,full,664a150484ed2af3,e7d8eeb495b380f2,"{""alpha_a"": 0.85, ""alpha_b"": 0.2, ""kappa_a"": 0.68, ""kappa_b"": 0.16000000000000003, ""n_per_group"": 200000.0}",0.85,0.2,0.68,0.16000000000000003,200000,theoretical_signed_gap,0.15600000000000003,synthetic,ALL,not_applicable,not_applicable
EXP-01,SYNTHETIC EXPERIMENT,1729,full,664a150484ed2af3,556c5d02c8185afb,"{""alpha_a"": 0.85, ""alpha_b"": 0.25, ""kappa_a"": 0.68, ""kappa_b"": 0.2, ""n_per_group"": 200000.0}",0.85,0.25,0.68,0.2,200000,theoretical_signed_gap,0.14400000000000004,synthetic,ALL,not_applicable,not_applicable
EXP-01,SYNTHETIC EXPERIMENT,1729,full,664a150484ed2af3,5647cd0abc42783f,"{""alpha_a"": 0.85, ""alpha_b"": 0.3, ""kappa_a"": 0.68, ""kappa_b"": 0.24, ""n_per_group"": 200000.0}",0.85,0.3,0.68,0.24,200000,theoretical_signed_gap,0.13200000000000003,synthetic,ALL,not_applicable,not_applicable
EXP-01,SYNTHETIC EXPERIMENT,1729,full,664a150484ed2af3,d5b6f367e33566b8,"{""alpha_a"": 0.85, ""alpha_b"": 0.35, ""kappa_a"": 0.68, ""kappa_b"": 0.27999999999999997, ""n_per_group"": 200000.0}",0.85,0.35,0.68,0.27999999999999997,200000,theoretical_signed_gap,0.12000000000000004,synthetic,ALL,not_applicable,not_applicable
EXP-01,SYNTHETIC EXPERIMENT,1729,full,664a150484ed2af3,161108514fcc9769,"{""alpha_a"": 0.85, ""alpha_b"": 0.4, ""kappa_a"": 0.68, ""kappa_b"": 0.32000000000000006, ""n_per_group"": 200000.0}",0.85,0.4,0.68,0.32000000000000006,200000,theoretical_signed_gap,0.10800000000000001,synthetic,ALL,not_applicable,not_applicable
EXP-01,SYNTHETIC EXPERIMENT,1729,full,664a150484ed2af3,8d74d363bf5e2d6c,"{""alpha_a"": 0.85, ""alpha_b"": 0.45, ""kappa_a"": 0.68, ""kappa_b"": 0.36000000000000004, ""n_per_group"": 200000.0}",0.85,0.45,0.68,0.36000000000000004,200000,theoretical_signed_gap,0.09600000000000002,synthetic,ALL,not_applicable,not_applicable
EXP-01,SYNTHETIC EXPERIMENT,1729,full,664a150484ed2af3,c8c1d9d14a4bcd8e,"{""alpha_a"": 0.85, ""alpha_b"": 0.5, ""kappa_a"": 0.68, ""kappa_b"": 0.4, ""n_per_group"": 200000.0}",0.85,0.5,0.68,0.4,200000,theoretical_signed_gap,0.08400000000000002,synthetic,ALL,not_applicable,not_applicable
EXP-01,SYNTHETIC EXPERIMENT,1729,full,664a150484ed2af3,de79e743a6136014,"{""alpha_a"": 0.85, ""alpha_b"": 0.55, ""kappa_a"": 0.68, ""kappa_b"": 0.44000000000000006, ""n_per_group"": 200000.0}",0.85,0.55,0.68,0.44000000000000006,200000,theoretical_signed_gap,0.07200000000000001,synthetic,ALL,not_applicable,not_applicable
EXP-01,SYNTHETIC EXPERIMENT,1729,full,664a150484ed2af3,2138fa704af3ee05,"{""alpha_a"": 0.85, ""alpha_b"": 0.6, ""kappa_a"": 0.68, ""kappa_b"": 0.48, ""n_per_group"": 200000.0}",0.85,0.6,0.68,0.48,200000,theoretical_signed_gap,0.060000000000000026,synthetic,ALL,not_applicable,not_applicable
EXP-01,SYNTHETIC EXPERIMENT,1729,full,664a150484ed2af3,2149d67fc1a37171,"{""alpha_a"": 0.85, ""alpha_b"": 0.65, ""kappa_a"": 0.68, ""kappa_b"": 0.52, ""n_per_group"": 200000.0}",0.85,0.65,0.68,0.52,200000,theoretical_signed_gap,0.048000000000000015,synthetic,ALL,not_applicable,not_applicable
EXP-01,SYNTHETIC EXPERIMENT,1729,full,664a150484ed2af3,ced565f3156e4445,"{""alpha_a"": 0.85, ""alpha_b"": 0.7, ""kappa_a"": 0.68, ""kappa_b"": 0.5599999999999999, ""n_per_group"": 200000.0}",0.85,0.7,0.68,0.5599999999999999,200000,theoretical_signed_gap,0.03600000000000004,synthetic,ALL,not_applicable,not_applicable
EXP-01,SYNTHETIC EXPERIMENT,1729,full,664a150484ed2af3,c223f7771f5a85a4,"{""alpha_a"": 0.85, ""alpha_b"": 0.75, ""kappa_a"": 0.68, ""kappa_b"": 0.6000000000000001, ""n_per_group"": 200000.0}",0.85,0.75,0.68,0.6000000000000001,200000,theoretical_signed_gap,0.02399999999999999,synthetic,ALL,not_applicable,not_applicable
EXP-01,SYNTHETIC EXPERIMENT,1729,full,664a150484ed2af3,77116d09b80a6189,"{""alpha_a"": 0.85, ""alpha_b"": 0.8, ""kappa_a"": 0.68, ""kappa_b"": 0.6400000000000001, ""n_per_group"": 200000.0}",0.85,0.8,0.68,0.6400000000000001,200000,theoretical_signed_gap,0.01199999999999998,synthetic,ALL,not_applicable,not_applicable
EXP-01,SYNTHETIC EXPERIMENT,1729,full,664a150484ed2af3,7081b639f8a5a0cd,"{""alpha_a"": 0.85, ""alpha_b"": 0.85, ""kappa_a"": 0.68, ""kappa_b"": 0.68, ""n_per_group"": 200000.0}",0.85,0.85,0.68,0.68,200000,theoretical_signed_gap,0.0,synthetic,ALL,not_applicable,not_applicable
EXP-01,SYNTHETIC EXPERIMENT,1729,full,664a150484ed2af3,d3fd05953a9005bb,"{""alpha_a"": 0.85, ""alpha_b"": 0.9, ""kappa_a"": 0.68, ""kappa_b"": 0.7200000000000001, ""n_per_group"": 200000.0}",0.85,0.9,0.68,0.7200000000000001,200000,theoretical_signed_gap,-0.012000000000000012,synthetic,ALL,not_applicable,not_applicable
EXP-01,SYNTHETIC EXPERIMENT,1729,full,664a150484ed2af3,30d64a54cd197906,"{""alpha_a"": 0.85, ""alpha_b"": 0.95, ""kappa_a"": 0.68, ""kappa_b"": 0.76, ""n_per_group"": 200000.0}",0.85,0.95,0.68,0.76,200000,theoretical_signed_gap,-0.02399999999999999,synthetic,ALL,not_applicable,not_applicable
EXP-01,SYNTHETIC EXPERIMENT,1729,full,664a150484ed2af3,1ef620acc56e345b,"{""alpha_a"": 0.85, ""alpha_b"": 1.0, ""kappa_a"": 0.68, ""kappa_b"": 0.8, ""n_per_group"": 200000.0}",0.85,1.0,0.68,0.8,200000,theoretical_signed_gap,-0.036000000000000004,synthetic,ALL,not_applicable,not_applicable
EXP-01,SYNTHETIC EXPERIMENT,1729,full,664a150484ed2af3,ab1f1dff446f9627,"{""alpha_a"": 0.9, ""alpha_b"": 0.0, ""kappa_a"": 0.7200000000000001, ""kappa_b"": 0.0, ""n_per_group"": 200000.0}",0.9,0.0,0.7200000000000001,0.0,200000,theoretical_signed_gap,0.21600000000000005,synthetic,ALL,not_applicable,not_applicable
EXP-01,SYNTHETIC EXPERIMENT,1729,full,664a150484ed2af3,f8909135871d2e9f,"{""alpha_a"": 0.9, ""alpha_b"": 0.05, ""kappa_a"": 0.7200000000000001, ""kappa_b"": 0.04000000000000001, ""n_per_group"": 200000.0}",0.9,0.05,0.7200000000000001,0.04000000000000001,200000,theoretical_signed_gap,0.20400000000000004,synthetic,ALL,not_applicable,not_applicable
EXP-01,SYNTHETIC EXPERIMENT,1729,full,664a150484ed2af3,eb1709a63184fd7e,"{""alpha_a"": 0.9, ""alpha_b"": 0.1, ""kappa_a"": 0.7200000000000001, ""kappa_b"": 0.08000000000000002, ""n_per_group"": 200000.0}",0.9,0.1,0.7200000000000001,0.08000000000000002,200000,theoretical_signed_gap,0.19200000000000006,synthetic,ALL,not_applicable,not_applicable
EXP-01,SYNTHETIC EXPERIMENT,1729,full,664a150484ed2af3,d533a31aae3537b4,"{""alpha_a"": 0.9, ""alpha_b"": 0.15, ""kappa_a"": 0.7200000000000001, ""kappa_b"": 0.12, ""n_per_group"": 200000.0}",0.9,0.15,0.7200000000000001,0.12,200000,theoretical_signed_gap,0.18000000000000005,synthetic,ALL,not_applicable,not_applicable
EXP-01,SYNTHETIC EXPERIMENT,1729,full,664a150484ed2af3,53a45e8cae2a157a,"{""alpha_a"": 0.9, ""alpha_b"": 0.2, ""kappa_a"": 0.7200000000000001, ""kappa_b"": 0.16000000000000003, ""n_per_group"": 200000.0}",0.9,0.2,0.7200000000000001,0.16000000000000003,200000,theoretical_signed_gap,0.16800000000000004,synthetic,ALL,not_applicable,not_applicable
EXP-01,SYNTHETIC EXPERIMENT,1729,full,664a150484ed2af3,75918e91d47967ba,"{""alpha_a"": 0.9, ""alpha_b"": 0.25, ""kappa_a"": 0.7200000000000001, ""kappa_b"": 0.2, ""n_per_group"": 200000.0}",0.9,0.25,0.7200000000000001,0.2,200000,theoretical_signed_gap,0.15600000000000003,synthetic,ALL,not_applicable,not_applicable
EXP-01,SYNTHETIC EXPERIMENT,1729,full,664a150484ed2af3,c0971c588524ff57,"{""alpha_a"": 0.9, ""alpha_b"": 0.3, ""kappa_a"": 0.7200000000000001, ""kappa_b"": 0.24, ""n_per_group"": 200000.0}",0.9,0.3,0.7200000000000001,0.24,200000,theoretical_signed_gap,0.14400000000000004,synthetic,ALL,not_applicable,not_applicable
EXP-01,SYNTHETIC EXPERIMENT,1729,full,664a150484ed2af3,3cd13a28a5fda48d,"{""alpha_a"": 0.9, ""alpha_b"": 0.35, ""kappa_a"": 0.7200000000000001, ""kappa_b"": 0.27999999999999997, ""n_per_group"": 200000.0}",0.9,0.35,0.7200000000000001,0.27999999999999997,200000,theoretical_signed_gap,0.13200000000000006,synthetic,ALL,not_applicable,not_applicable
EXP-01,SYNTHETIC EXPERIMENT,1729,full,664a150484ed2af3,dd85b0e934f15d7c,"{""alpha_a"": 0.9, ""alpha_b"": 0.4, ""kappa_a"": 0.7200000000000001, ""kappa_b"": 0.32000000000000006, ""n_per_group"": 200000.0}",0.9,0.4,0.7200000000000001,0.32000000000000006,200000,theoretical_signed_gap,0.12000000000000002,synthetic,ALL,not_applicable,not_applicable
EXP-01,SYNTHETIC EXPERIMENT,1729,full,664a150484ed2af3,0b952c1ec6a147ae,"{""alpha_a"": 0.9, ""alpha_b"": 0.45, ""kappa_a"": 0.7200000000000001, ""kappa_b"": 0.36000000000000004, ""n_per_group"": 200000.0}",0.9,0.45,0.7200000000000001,0.36000000000000004,200000,theoretical_signed_gap,0.10800000000000003,synthetic,ALL,not_applicable,not_applicable
EXP-01,SYNTHETIC EXPERIMENT,1729,full,664a150484ed2af3,54882e037f434319,"{""alpha_a"": 0.9, ""alpha_b"": 0.5, ""kappa_a"": 0.7200000000000001, ""kappa_b"": 0.4, ""n_per_group"": 200000.0}",0.9,0.5,0.7200000000000001,0.4,200000,theoretical_signed_gap,0.09600000000000003,synthetic,ALL,not_applicable,not_applicable
EXP-01,SYNTHETIC EXPERIMENT,1729,full,664a150484ed2af3,948cf8fc38ae3d9d,"{""alpha_a"": 0.9, ""alpha_b"": 0.55, ""kappa_a"": 0.7200000000000001, ""kappa_b"": 0.44000000000000006, ""n_per_group"": 200000.0}",0.9,0.55,0.7200000000000001,0.44000000000000006,200000,theoretical_signed_gap,0.08400000000000002,synthetic,ALL,not_applicable,not_applicable
EXP-01,SYNTHETIC EXPERIMENT,1729,full,664a150484ed2af3,40275bd2cc1519fd,"{""alpha_a"": 0.9, ""alpha_b"": 0.6, ""kappa_a"": 0.7200000000000001, ""kappa_b"": 0.48, ""n_per_group"": 200000.0}",0.9,0.6,0.7200000000000001,0.48,200000,theoretical_signed_gap,0.07200000000000004,synthetic,ALL,not_applicable,not_applicable
EXP-01,SYNTHETIC EXPERIMENT,1729,full,664a150484ed2af3,5378e279713aaddc,"{""alpha_a"": 0.9, ""alpha_b"": 0.65, ""kappa_a"": 0.7200000000000001, ""kappa_b"": 0.52, ""n_per_group"": 200000.0}",0.9,0.65,0.7200000000000001,0.52,200000,theoretical_signed_gap,0.060000000000000026,synthetic,ALL,not_applicable,not_applicable
EXP-01,SYNTHETIC EXPERIMENT,1729,full,664a150484ed2af3,8c7fa91d5dca1824,"{""alpha_a"": 0.9, ""alpha_b"": 0.7, ""kappa_a"": 0.7200000000000001, ""kappa_b"": 0.5599999999999999, ""n_per_group"": 200000.0}",0.9,0.7,0.7200000000000001,0.5599999999999999,200000,theoretical_signed_gap,0.04800000000000005,synthetic,ALL,not_applicable,not_applicable
EXP-01,SYNTHETIC EXPERIMENT,1729,full,664a150484ed2af3,3bab2ab0f8f8a95d,"{""alpha_a"": 0.9, ""alpha_b"": 0.75, ""kappa_a"": 0.7200000000000001, ""kappa_b"": 0.6000000000000001, ""n_per_group"": 200000.0}",0.9,0.75,0.7200000000000001,0.6000000000000001,200000,theoretical_signed_gap,0.036000000000000004,synthetic,ALL,not_applicable,not_applicable
EXP-01,SYNTHETIC EXPERIMENT,1729,full,664a150484ed2af3,3daa5281577cd02a,"{""alpha_a"": 0.9, ""alpha_b"": 0.8, ""kappa_a"": 0.7200000000000001, ""kappa_b"": 0.6400000000000001, ""n_per_group"": 200000.0}",0.9,0.8,0.7200000000000001,0.6400000000000001,200000,theoretical_signed_gap,0.02399999999999999,synthetic,ALL,not_applicable,not_applicable
EXP-01,SYNTHETIC EXPERIMENT,1729,full,664a150484ed2af3,b2b00c3251d6757d,"{""alpha_a"": 0.9, ""alpha_b"": 0.85, ""kappa_a"": 0.7200000000000001, ""kappa_b"": 0.68, ""n_per_group"": 200000.0}",0.9,0.85,0.7200000000000001,0.68,200000,theoretical_signed_gap,0.012000000000000012,synthetic,ALL,not_applicable,not_applicable
EXP-01,SYNTHETIC EXPERIMENT,1729,full,664a150484ed2af3,6291f556f7b17059,"{""alpha_a"": 0.9, ""alpha_b"": 0.9, ""kappa_a"": 0.7200000000000001, ""kappa_b"": 0.7200000000000001, ""n_per_group"": 200000.0}",0.9,0.9,0.7200000000000001,0.7200000000000001,200000,theoretical_signed_gap,0.0,synthetic,ALL,not_applicable,not_applicable
EXP-01,SYNTHETIC EXPERIMENT,1729,full,664a150484ed2af3,11168fee5bf988f4,"{""alpha_a"": 0.9, ""alpha_b"": 0.95, ""kappa_a"": 0.7200000000000001, ""kappa_b"": 0.76, ""n_per_group"": 200000.0}",0.9,0.95,0.7200000000000001,0.76,200000,theoretical_signed_gap,-0.01199999999999998,synthetic,ALL,not_applicable,not_applicable
EXP-01,SYNTHETIC EXPERIMENT,1729,full,664a150484ed2af3,b274530cc3910995,"{""alpha_a"": 0.9, ""alpha_b"": 1.0, ""kappa_a"": 0.7200000000000001, ""kappa_b"": 0.8, ""n_per_group"": 200000.0}",0.9,1.0,0.7200000000000001,0.8,200000,theoretical_signed_gap,-0.02399999999999999,synthetic,ALL,not_applicable,not_applicable
EXP-01,SYNTHETIC EXPERIMENT,1729,full,664a150484ed2af3,5633c9ce84ae305e,"{""alpha_a"": 0.95, ""alpha_b"": 0.0, ""kappa_a"": 0.76, ""kappa_b"": 0.0, ""n_per_group"": 200000.0}",0.95,0.0,0.76,0.0,200000,theoretical_signed_gap,0.22800000000000004,synthetic,ALL,not_applicable,not_applicable
EXP-01,SYNTHETIC EXPERIMENT,1729,full,664a150484ed2af3,87d9eae7355be919,"{""alpha_a"": 0.95, ""alpha_b"": 0.05, ""kappa_a"": 0.76, ""kappa_b"": 0.04000000000000001, ""n_per_group"": 200000.0}",0.95,0.05,0.76,0.04000000000000001,200000,theoretical_signed_gap,0.21600000000000003,synthetic,ALL,not_applicable,not_applicable
EXP-01,SYNTHETIC EXPERIMENT,1729,full,664a150484ed2af3,14a47a958260d942,"{""alpha_a"": 0.95, ""alpha_b"": 0.1, ""kappa_a"": 0.76, ""kappa_b"": 0.08000000000000002, ""n_per_group"": 200000.0}",0.95,0.1,0.76,0.08000000000000002,200000,theoretical_signed_gap,0.20400000000000001,synthetic,ALL,not_applicable,not_applicable
EXP-01,SYNTHETIC EXPERIMENT,1729,full,664a150484ed2af3,b156e709015040b8,"{""alpha_a"": 0.95, ""alpha_b"": 0.15, ""kappa_a"": 0.76, ""kappa_b"": 0.12, ""n_per_group"": 200000.0}",0.95,0.15,0.76,0.12,200000,theoretical_signed_gap,0.19200000000000003,synthetic,ALL,not_applicable,not_applicable
EXP-01,SYNTHETIC EXPERIMENT,1729,full,664a150484ed2af3,cc2dec4fa21443ee,"{""alpha_a"": 0.95, ""alpha_b"": 0.2, ""kappa_a"": 0.76, ""kappa_b"": 0.16000000000000003, ""n_per_group"": 200000.0}",0.95,0.2,0.76,0.16000000000000003,200000,theoretical_signed_gap,0.18000000000000002,synthetic,ALL,not_applicable,not_applicable
EXP-01,SYNTHETIC EXPERIMENT,1729,full,664a150484ed2af3,8ff05077826224c4,"{""alpha_a"": 0.95, ""alpha_b"": 0.25, ""kappa_a"": 0.76, ""kappa_b"": 0.2, ""n_per_group"": 200000.0}",0.95,0.25,0.76,0.2,200000,theoretical_signed_gap,0.16800000000000004,synthetic,ALL,not_applicable,not_applicable
EXP-01,SYNTHETIC EXPERIMENT,1729,full,664a150484ed2af3,2dd6d771e826206c,"{""alpha_a"": 0.95, ""alpha_b"": 0.3, ""kappa_a"": 0.76, ""kappa_b"": 0.24, ""n_per_group"": 200000.0}",0.95,0.3,0.76,0.24,200000,theoretical_signed_gap,0.15600000000000003,synthetic,ALL,not_applicable,not_applicable
EXP-01,SYNTHETIC EXPERIMENT,1729,full,664a150484ed2af3,ce77a76dc99a21ea,"{""alpha_a"": 0.95, ""alpha_b"": 0.35, ""kappa_a"": 0.76, ""kappa_b"": 0.27999999999999997, ""n_per_group"": 200000.0}",0.95,0.35,0.76,0.27999999999999997,200000,theoretical_signed_gap,0.14400000000000004,synthetic,ALL,not_applicable,not_applicable
EXP-01,SYNTHETIC EXPERIMENT,1729,full,664a150484ed2af3,52da6160cf2de3c4,"{""alpha_a"": 0.95, ""alpha_b"": 0.4, ""kappa_a"": 0.76, ""kappa_b"": 0.32000000000000006, ""n_per_group"": 200000.0}",0.95,0.4,0.76,0.32000000000000006,200000,theoretical_signed_gap,0.132,synthetic,ALL,not_applicable,not_applicable
EXP-01,SYNTHETIC EXPERIMENT,1729,full,664a150484ed2af3,ee2d4704f4ff1cd7,"{""alpha_a"": 0.95, ""alpha_b"": 0.45, ""kappa_a"": 0.76, ""kappa_b"": 0.36000000000000004, ""n_per_group"": 200000.0}",0.95,0.45,0.76,0.36000000000000004,200000,theoretical_signed_gap,0.12000000000000001,synthetic,ALL,not_applicable,not_applicable
EXP-01,SYNTHETIC EXPERIMENT,1729,full,664a150484ed2af3,7b51dc8a6ce67673,"{""alpha_a"": 0.95, ""alpha_b"": 0.5, ""kappa_a"": 0.76, ""kappa_b"": 0.4, ""n_per_group"": 200000.0}",0.95,0.5,0.76,0.4,200000,theoretical_signed_gap,0.10800000000000001,synthetic,ALL,not_applicable,not_applicable
EXP-01,SYNTHETIC EXPERIMENT,1729,full,664a150484ed2af3,343cce933bb0a64e,"{""alpha_a"": 0.95, ""alpha_b"": 0.55, ""kappa_a"": 0.76, ""kappa_b"": 0.44000000000000006, ""n_per_group"": 200000.0}",0.95,0.55,0.76,0.44000000000000006,200000,theoretical_signed_gap,0.096,synthetic,ALL,not_applicable,not_applicable
EXP-01,SYNTHETIC EXPERIMENT,1729,full,664a150484ed2af3,658610aeb2a013a1,"{""alpha_a"": 0.95, ""alpha_b"": 0.6, ""kappa_a"": 0.76, ""kappa_b"": 0.48, ""n_per_group"": 200000.0}",0.95,0.6,0.76,0.48,200000,theoretical_signed_gap,0.08400000000000002,synthetic,ALL,not_applicable,not_applicable
EXP-01,SYNTHETIC EXPERIMENT,1729,full,664a150484ed2af3,951bda2798672300,"{""alpha_a"": 0.95, ""alpha_b"": 0.65, ""kappa_a"": 0.76, ""kappa_b"": 0.52, ""n_per_group"": 200000.0}",0.95,0.65,0.76,0.52,200000,theoretical_signed_gap,0.07200000000000001,synthetic,ALL,not_applicable,not_applicable
EXP-01,SYNTHETIC EXPERIMENT,1729,full,664a150484ed2af3,11b8343c419f08cb,"{""alpha_a"": 0.95, ""alpha_b"": 0.7, ""kappa_a"": 0.76, ""kappa_b"": 0.5599999999999999, ""n_per_group"": 200000.0}",0.95,0.7,0.76,0.5599999999999999,200000,theoretical_signed_gap,0.060000000000000026,synthetic,ALL,not_applicable,not_applicable
EXP-01,SYNTHETIC EXPERIMENT,1729,full,664a150484ed2af3,2dc2c06025d58f87,"{""alpha_a"": 0.95, ""alpha_b"": 0.75, ""kappa_a"": 0.76, ""kappa_b"": 0.6000000000000001, ""n_per_group"": 200000.0}",0.95,0.75,0.76,0.6000000000000001,200000,theoretical_signed_gap,0.04799999999999998,synthetic,ALL,not_applicable,not_applicable
EXP-01,SYNTHETIC EXPERIMENT,1729,full,664a150484ed2af3,29e3d6f7e7ccee2c,"{""alpha_a"": 0.95, ""alpha_b"": 0.8, ""kappa_a"": 0.76, ""kappa_b"": 0.6400000000000001, ""n_per_group"": 200000.0}",0.95,0.8,0.76,0.6400000000000001,200000,theoretical_signed_gap,0.03599999999999997,synthetic,ALL,not_applicable,not_applicable
EXP-01,SYNTHETIC EXPERIMENT,1729,full,664a150484ed2af3,1f172d7a007e431d,"{""alpha_a"": 0.95, ""alpha_b"": 0.85, ""kappa_a"": 0.76, ""kappa_b"": 0.68, ""n_per_group"": 200000.0}",0.95,0.85,0.76,0.68,200000,theoretical_signed_gap,0.02399999999999999,synthetic,ALL,not_applicable,not_applicable
EXP-01,SYNTHETIC EXPERIMENT,1729,full,664a150484ed2af3,1039b38374920886,"{""alpha_a"": 0.95, ""alpha_b"": 0.9, ""kappa_a"": 0.76, ""kappa_b"": 0.7200000000000001, ""n_per_group"": 200000.0}",0.95,0.9,0.76,0.7200000000000001,200000,theoretical_signed_gap,0.01199999999999998,synthetic,ALL,not_applicable,not_applicable
EXP-01,SYNTHETIC EXPERIMENT,1729,full,664a150484ed2af3,35e289ecf7055aad,"{""alpha_a"": 0.95, ""alpha_b"": 0.95, ""kappa_a"": 0.76, ""kappa_b"": 0.76, ""n_per_group"": 200000.0}",0.95,0.95,0.76,0.76,200000,theoretical_signed_gap,0.0,synthetic,ALL,not_applicable,not_applicable
EXP-01,SYNTHETIC EXPERIMENT,1729,full,664a150484ed2af3,7714a258a40341b3,"{""alpha_a"": 0.95, ""alpha_b"": 1.0, ""kappa_a"": 0.76, ""kappa_b"": 0.8, ""n_per_group"": 200000.0}",0.95,1.0,0.76,0.8,200000,theoretical_signed_gap,-0.012000000000000012,synthetic,ALL,not_applicable,not_applicable
EXP-01,SYNTHETIC EXPERIMENT,1729,full,664a150484ed2af3,66d972889c47415f,"{""alpha_a"": 1.0, ""alpha_b"": 0.0, ""kappa_a"": 0.8, ""kappa_b"": 0.0, ""n_per_group"": 200000.0}",1.0,0.0,0.8,0.0,200000,theoretical_signed_gap,0.24000000000000005,synthetic,ALL,not_applicable,not_applicable
EXP-01,SYNTHETIC EXPERIMENT,1729,full,664a150484ed2af3,a79c80755cbc8c27,"{""alpha_a"": 1.0, ""alpha_b"": 0.05, ""kappa_a"": 0.8, ""kappa_b"": 0.04000000000000001, ""n_per_group"": 200000.0}",1.0,0.05,0.8,0.04000000000000001,200000,theoretical_signed_gap,0.22800000000000004,synthetic,ALL,not_applicable,not_applicable
EXP-01,SYNTHETIC EXPERIMENT,1729,full,664a150484ed2af3,a49454091edc07ae,"{""alpha_a"": 1.0, ""alpha_b"": 0.1, ""kappa_a"": 0.8, ""kappa_b"": 0.08000000000000002, ""n_per_group"": 200000.0}",1.0,0.1,0.8,0.08000000000000002,200000,theoretical_signed_gap,0.21600000000000003,synthetic,ALL,not_applicable,not_applicable
EXP-01,SYNTHETIC EXPERIMENT,1729,full,664a150484ed2af3,cc481bb19a6b0b5a,"{""alpha_a"": 1.0, ""alpha_b"": 0.15, ""kappa_a"": 0.8, ""kappa_b"": 0.12, ""n_per_group"": 200000.0}",1.0,0.15,0.8,0.12,200000,theoretical_signed_gap,0.20400000000000004,synthetic,ALL,not_applicable,not_applicable
EXP-01,SYNTHETIC EXPERIMENT,1729,full,664a150484ed2af3,fc813012b4b7092e,"{""alpha_a"": 1.0, ""alpha_b"": 0.2, ""kappa_a"": 0.8, ""kappa_b"": 0.16000000000000003, ""n_per_group"": 200000.0}",1.0,0.2,0.8,0.16000000000000003,200000,theoretical_signed_gap,0.19200000000000003,synthetic,ALL,not_applicable,not_applicable
EXP-01,SYNTHETIC EXPERIMENT,1729,full,664a150484ed2af3,80e9c6fbe0f19991,"{""alpha_a"": 1.0, ""alpha_b"": 0.25, ""kappa_a"": 0.8, ""kappa_b"": 0.2, ""n_per_group"": 200000.0}",1.0,0.25,0.8,0.2,200000,theoretical_signed_gap,0.18000000000000005,synthetic,ALL,not_applicable,not_applicable
EXP-01,SYNTHETIC EXPERIMENT,1729,full,664a150484ed2af3,52aa40ec77179569,"{""alpha_a"": 1.0, ""alpha_b"": 0.3, ""kappa_a"": 0.8, ""kappa_b"": 0.24, ""n_per_group"": 200000.0}",1.0,0.3,0.8,0.24,200000,theoretical_signed_gap,0.16800000000000004,synthetic,ALL,not_applicable,not_applicable
EXP-01,SYNTHETIC EXPERIMENT,1729,full,664a150484ed2af3,0d10be1ecbb2d950,"{""alpha_a"": 1.0, ""alpha_b"": 0.35, ""kappa_a"": 0.8, ""kappa_b"": 0.27999999999999997, ""n_per_group"": 200000.0}",1.0,0.35,0.8,0.27999999999999997,200000,theoretical_signed_gap,0.15600000000000003,synthetic,ALL,not_applicable,not_applicable
EXP-01,SYNTHETIC EXPERIMENT,1729,full,664a150484ed2af3,8c1caf3d867f4d4f,"{""alpha_a"": 1.0, ""alpha_b"": 0.4, ""kappa_a"": 0.8, ""kappa_b"": 0.32000000000000006, ""n_per_group"": 200000.0}",1.0,0.4,0.8,0.32000000000000006,200000,theoretical_signed_gap,0.14400000000000002,synthetic,ALL,not_applicable,not_applicable
EXP-01,SYNTHETIC EXPERIMENT,1729,full,664a150484ed2af3,e94e5c7b51f82ad1,"{""alpha_a"": 1.0, ""alpha_b"": 0.45, ""kappa_a"": 0.8, ""kappa_b"": 0.36000000000000004, ""n_per_group"": 200000.0}",1.0,0.45,0.8,0.36000000000000004,200000,theoretical_signed_gap,0.13200000000000003,synthetic,ALL,not_applicable,not_applicable
EXP-01,SYNTHETIC EXPERIMENT,1729,full,664a150484ed2af3,b85d6f9bfbdb7274,"{""alpha_a"": 1.0, ""alpha_b"": 0.5, ""kappa_a"": 0.8, ""kappa_b"": 0.4, ""n_per_group"": 200000.0}",1.0,0.5,0.8,0.4,200000,theoretical_signed_gap,0.12000000000000002,synthetic,ALL,not_applicable,not_applicable
EXP-01,SYNTHETIC EXPERIMENT,1729,full,664a150484ed2af3,87186b121909ae7d,"{""alpha_a"": 1.0, ""alpha_b"": 0.55, ""kappa_a"": 0.8, ""kappa_b"": 0.44000000000000006, ""n_per_group"": 200000.0}",1.0,0.55,0.8,0.44000000000000006,200000,theoretical_signed_gap,0.10800000000000001,synthetic,ALL,not_applicable,not_applicable
EXP-01,SYNTHETIC EXPERIMENT,1729,full,664a150484ed2af3,6d7f419530a493fb,"{""alpha_a"": 1.0, ""alpha_b"": 0.6, ""kappa_a"": 0.8, ""kappa_b"": 0.48, ""n_per_group"": 200000.0}",1.0,0.6,0.8,0.48,200000,theoretical_signed_gap,0.09600000000000003,synthetic,ALL,not_applicable,not_applicable
EXP-01,SYNTHETIC EXPERIMENT,1729,full,664a150484ed2af3,aa98dcb952c92d8b,"{""alpha_a"": 1.0, ""alpha_b"": 0.65, ""kappa_a"": 0.8, ""kappa_b"": 0.52, ""n_per_group"": 200000.0}",1.0,0.65,0.8,0.52,200000,theoretical_signed_gap,0.08400000000000002,synthetic,ALL,not_applicable,not_applicable
EXP-01,SYNTHETIC EXPERIMENT,1729,full,664a150484ed2af3,dfadfc5954bc9544,"{""alpha_a"": 1.0, ""alpha_b"": 0.7, ""kappa_a"": 0.8, ""kappa_b"": 0.5599999999999999, ""n_per_group"": 200000.0}",1.0,0.7,0.8,0.5599999999999999,200000,theoretical_signed_gap,0.07200000000000004,synthetic,ALL,not_applicable,not_applicable
EXP-01,SYNTHETIC EXPERIMENT,1729,full,664a150484ed2af3,ab199ab5679d0861,"{""alpha_a"": 1.0, ""alpha_b"": 0.75, ""kappa_a"": 0.8, ""kappa_b"": 0.6000000000000001, ""n_per_group"": 200000.0}",1.0,0.75,0.8,0.6000000000000001,200000,theoretical_signed_gap,0.06,synthetic,ALL,not_applicable,not_applicable
EXP-01,SYNTHETIC EXPERIMENT,1729,full,664a150484ed2af3,5973fabcadefed44,"{""alpha_a"": 1.0, ""alpha_b"": 0.8, ""kappa_a"": 0.8, ""kappa_b"": 0.6400000000000001, ""n_per_group"": 200000.0}",1.0,0.8,0.8,0.6400000000000001,200000,theoretical_signed_gap,0.04799999999999998,synthetic,ALL,not_applicable,not_applicable
EXP-01,SYNTHETIC EXPERIMENT,1729,full,664a150484ed2af3,1af21e3107bce179,"{""alpha_a"": 1.0, ""alpha_b"": 0.85, ""kappa_a"": 0.8, ""kappa_b"": 0.68, ""n_per_group"": 200000.0}",1.0,0.85,0.8,0.68,200000,theoretical_signed_gap,0.036000000000000004,synthetic,ALL,not_applicable,not_applicable
EXP-01,SYNTHETIC EXPERIMENT,1729,full,664a150484ed2af3,5ff3a7d612399c5f,"{""alpha_a"": 1.0, ""alpha_b"": 0.9, ""kappa_a"": 0.8, ""kappa_b"": 0.7200000000000001, ""n_per_group"": 200000.0}",1.0,0.9,0.8,0.7200000000000001,200000,theoretical_signed_gap,0.02399999999999999,synthetic,ALL,not_applicable,not_applicable
EXP-01,SYNTHETIC EXPERIMENT,1729,full,664a150484ed2af3,0099810ce775e549,"{""alpha_a"": 1.0, ""alpha_b"": 0.95, ""kappa_a"": 0.8, ""kappa_b"": 0.76, ""n_per_group"": 200000.0}",1.0,0.95,0.8,0.76,200000,theoretical_signed_gap,0.012000000000000012,synthetic,ALL,not_applicable,not_applicable
EXP-01,SYNTHETIC EXPERIMENT,1729,full,664a150484ed2af3,2450bd4c8c541d36,"{""alpha_a"": 1.0, ""alpha_b"": 1.0, ""kappa_a"": 0.8, ""kappa_b"": 0.8, ""n_per_group"": 200000.0}",1.0,1.0,0.8,0.8,200000,theoretical_signed_gap,0.0,synthetic,ALL,not_applicable,not_applicable
EXP-01,SYNTHETIC EXPERIMENT,1729,full,664a150484ed2af3,d677c370f64041a5,"{""alpha_a"": 0.0, ""alpha_b"": 0.0, ""kappa_a"": 0.0, ""kappa_b"": 0.0, ""n_per_group"": 200000.0}",0.0,0.0,0.0,0.0,200000,empirical_value,0.00012999999999996348,synthetic,ALL,not_applicable,not_applicable
EXP-01,SYNTHETIC EXPERIMENT,1729,full,664a150484ed2af3,ee15a83f63fdf3a4,"{""alpha_a"": 0.0, ""alpha_b"": 0.05, ""kappa_a"": 0.0, ""kappa_b"": 0.04000000000000001, ""n_per_group"": 200000.0}",0.0,0.05,0.0,0.04000000000000001,200000,empirical_value,0.013085000000000013,synthetic,ALL,not_applicable,not_applicable
EXP-01,SYNTHETIC EXPERIMENT,1729,full,664a150484ed2af3,9f213ad987e10721,"{""alpha_a"": 0.0, ""alpha_b"": 0.1, ""kappa_a"": 0.0, ""kappa_b"": 0.08000000000000002, ""n_per_group"": 200000.0}",0.0,0.1,0.0,0.08000000000000002,200000,empirical_value,0.023924999999999974,synthetic,ALL,not_applicable,not_applicable
EXP-01,SYNTHETIC EXPERIMENT,1729,full,664a150484ed2af3,a50ea05cc3632546,"{""alpha_a"": 0.0, ""alpha_b"": 0.15, ""kappa_a"": 0.0, ""kappa_b"": 0.12, ""n_per_group"": 200000.0}",0.0,0.15,0.0,0.12,200000,empirical_value,0.035394999999999954,synthetic,ALL,not_applicable,not_applicable
EXP-01,SYNTHETIC EXPERIMENT,1729,full,664a150484ed2af3,cb7d140ab1af89e3,"{""alpha_a"": 0.0, ""alpha_b"": 0.2, ""kappa_a"": 0.0, ""kappa_b"": 0.16000000000000003, ""n_per_group"": 200000.0}",0.0,0.2,0.0,0.16000000000000003,200000,empirical_value,0.049270000000000036,synthetic,ALL,not_applicable,not_applicable
EXP-01,SYNTHETIC EXPERIMENT,1729,full,664a150484ed2af3,07a82f8c8509babe,"{""alpha_a"": 0.0, ""alpha_b"": 0.25, ""kappa_a"": 0.0, ""kappa_b"": 0.2, ""n_per_group"": 200000.0}",0.0,0.25,0.0,0.2,200000,empirical_value,0.060145000000000004,synthetic,ALL,not_applicable,not_applicable
EXP-01,SYNTHETIC EXPERIMENT,1729,full,664a150484ed2af3,c7201cceb6eba04e,"{""alpha_a"": 0.0, ""alpha_b"": 0.3, ""kappa_a"": 0.0, ""kappa_b"": 0.24, ""n_per_group"": 200000.0}",0.0,0.3,0.0,0.24,200000,empirical_value,0.07462500000000005,synthetic,ALL,not_applicable,not_applicable
EXP-01,SYNTHETIC EXPERIMENT,1729,full,664a150484ed2af3,2d0c1d2bc4d99071,"{""alpha_a"": 0.0, ""alpha_b"": 0.35, ""kappa_a"": 0.0, ""kappa_b"": 0.27999999999999997, ""n_per_group"": 200000.0}",0.0,0.35,0.0,0.27999999999999997,200000,empirical_value,0.08469500000000008,synthetic,ALL,not_applicable,not_applicable
EXP-01,SYNTHETIC EXPERIMENT,1729,full,664a150484ed2af3,94e82436bcbea66c,"{""alpha_a"": 0.0, ""alpha_b"": 0.4, ""kappa_a"": 0.0, ""kappa_b"": 0.32000000000000006, ""n_per_group"": 200000.0}",0.0,0.4,0.0,0.32000000000000006,200000,empirical_value,0.09721499999999994,synthetic,ALL,not_applicable,not_applicable
EXP-01,SYNTHETIC EXPERIMENT,1729,full,664a150484ed2af3,7a738e25c58974de,"{""alpha_a"": 0.0, ""alpha_b"": 0.45, ""kappa_a"": 0.0, ""kappa_b"": 0.36000000000000004, ""n_per_group"": 200000.0}",0.0,0.45,0.0,0.36000000000000004,200000,empirical_value,0.10846999999999996,synthetic,ALL,not_applicable,not_applicable
EXP-01,SYNTHETIC EXPERIMENT,1729,full,664a150484ed2af3,9be7822385526acd,"{""alpha_a"": 0.0, ""alpha_b"": 0.5, ""kappa_a"": 0.0, ""kappa_b"": 0.4, ""n_per_group"": 200000.0}",0.0,0.5,0.0,0.4,200000,empirical_value,0.11870499999999995,synthetic,ALL,not_applicable,not_applicable
EXP-01,SYNTHETIC EXPERIMENT,1729,full,664a150484ed2af3,d187a1a86360d4a1,"{""alpha_a"": 0.0, ""alpha_b"": 0.55, ""kappa_a"": 0.0, ""kappa_b"": 0.44000000000000006, ""n_per_group"": 200000.0}",0.0,0.55,0.0,0.44000000000000006,200000,empirical_value,0.13346000000000002,synthetic,ALL,not_applicable,not_applicable
EXP-01,SYNTHETIC EXPERIMENT,1729,full,664a150484ed2af3,f099a38496da6d21,"{""alpha_a"": 0.0, ""alpha_b"": 0.6, ""kappa_a"": 0.0, ""kappa_b"": 0.48, ""n_per_group"": 200000.0}",0.0,0.6,0.0,0.48,200000,empirical_value,0.14537,synthetic,ALL,not_applicable,not_applicable
EXP-01,SYNTHETIC EXPERIMENT,1729,full,664a150484ed2af3,6425c81b89dd6306,"{""alpha_a"": 0.0, ""alpha_b"": 0.65, ""kappa_a"": 0.0, ""kappa_b"": 0.52, ""n_per_group"": 200000.0}",0.0,0.65,0.0,0.52,200000,empirical_value,0.15620499999999993,synthetic,ALL,not_applicable,not_applicable
EXP-01,SYNTHETIC EXPERIMENT,1729,full,664a150484ed2af3,c187d229ad634965,"{""alpha_a"": 0.0, ""alpha_b"": 0.7, ""kappa_a"": 0.0, ""kappa_b"": 0.5599999999999999, ""n_per_group"": 200000.0}",0.0,0.7,0.0,0.5599999999999999,200000,empirical_value,0.16942000000000002,synthetic,ALL,not_applicable,not_applicable
EXP-01,SYNTHETIC EXPERIMENT,1729,full,664a150484ed2af3,26c153d1fce459b2,"{""alpha_a"": 0.0, ""alpha_b"": 0.75, ""kappa_a"": 0.0, ""kappa_b"": 0.6000000000000001, ""n_per_group"": 200000.0}",0.0,0.75,0.0,0.6000000000000001,200000,empirical_value,0.17825499999999994,synthetic,ALL,not_applicable,not_applicable
EXP-01,SYNTHETIC EXPERIMENT,1729,full,664a150484ed2af3,82cd72741378faa9,"{""alpha_a"": 0.0, ""alpha_b"": 0.8, ""kappa_a"": 0.0, ""kappa_b"": 0.6400000000000001, ""n_per_group"": 200000.0}",0.0,0.8,0.0,0.6400000000000001,200000,empirical_value,0.19163999999999992,synthetic,ALL,not_applicable,not_applicable
EXP-01,SYNTHETIC EXPERIMENT,1729,full,664a150484ed2af3,53b00f6023d4c902,"{""alpha_a"": 0.0, ""alpha_b"": 0.85, ""kappa_a"": 0.0, ""kappa_b"": 0.68, ""n_per_group"": 200000.0}",0.0,0.85,0.0,0.68,200000,empirical_value,0.20379000000000003,synthetic,ALL,not_applicable,not_applicable
EXP-01,SYNTHETIC EXPERIMENT,1729,full,664a150484ed2af3,a3219e109d91ed33,"{""alpha_a"": 0.0, ""alpha_b"": 0.9, ""kappa_a"": 0.0, ""kappa_b"": 0.7200000000000001, ""n_per_group"": 200000.0}",0.0,0.9,0.0,0.7200000000000001,200000,empirical_value,0.214835,synthetic,ALL,not_applicable,not_applicable
EXP-01,SYNTHETIC EXPERIMENT,1729,full,664a150484ed2af3,f19beb43b18b3e3a,"{""alpha_a"": 0.0, ""alpha_b"": 0.95, ""kappa_a"": 0.0, ""kappa_b"": 0.76, ""n_per_group"": 200000.0}",0.0,0.95,0.0,0.76,200000,empirical_value,0.22745499999999996,synthetic,ALL,not_applicable,not_applicable
EXP-01,SYNTHETIC EXPERIMENT,1729,full,664a150484ed2af3,e9c1bbf887ad5156,"{""alpha_a"": 0.0, ""alpha_b"": 1.0, ""kappa_a"": 0.0, ""kappa_b"": 0.8, ""n_per_group"": 200000.0}",0.0,1.0,0.0,0.8,200000,empirical_value,0.24026999999999998,synthetic,ALL,not_applicable,not_applicable
EXP-01,SYNTHETIC EXPERIMENT,1729,full,664a150484ed2af3,517bf43b25015681,"{""alpha_a"": 0.05, ""alpha_b"": 0.0, ""kappa_a"": 0.04000000000000001, ""kappa_b"": 0.0, ""n_per_group"": 200000.0}",0.05,0.0,0.04000000000000001,0.0,200000,empirical_value,0.012380000000000058,synthetic,ALL,not_applicable,not_applicable
EXP-01,SYNTHETIC EXPERIMENT,1729,full,664a150484ed2af3,928165d19889b44d,"{""alpha_a"": 0.05, ""alpha_b"": 0.05, ""kappa_a"": 0.04000000000000001, ""kappa_b"": 0.04000000000000001, ""n_per_group"": 200000.0}",0.05,0.05,0.04000000000000001,0.04000000000000001,200000,empirical_value,0.00024000000000001798,synthetic,ALL,not_applicable,not_applicable
EXP-01,SYNTHETIC EXPERIMENT,1729,full,664a150484ed2af3,4dcbefe78bb965fa,"{""alpha_a"": 0.05, ""alpha_b"": 0.1, ""kappa_a"": 0.04000000000000001, ""kappa_b"": 0.08000000000000002, ""n_per_group"": 200000.0}",0.05,0.1,0.04000000000000001,0.08000000000000002,200000,empirical_value,0.011940000000000062,synthetic,ALL,not_applicable,not_applicable
EXP-01,SYNTHETIC EXPERIMENT,1729,full,664a150484ed2af3,3d8bba13e37d12a2,"{""alpha_a"": 0.05, ""alpha_b"": 0.15, ""kappa_a"": 0.04000000000000001, ""kappa_b"": 0.12, ""n_per_group"": 200000.0}",0.05,0.15,0.04000000000000001,0.12,200000,empirical_value,0.02398,synthetic,ALL,not_applicable,not_applicable
EXP-01,SYNTHETIC EXPERIMENT,1729,full,664a150484ed2af3,248cb25828144e14,"{""alpha_a"": 0.05, ""alpha_b"": 0.2, ""kappa_a"": 0.04000000000000001, ""kappa_b"": 0.16000000000000003, ""n_per_group"": 200000.0}",0.05,0.2,0.04000000000000001,0.16000000000000003,200000,empirical_value,0.037825,synthetic,ALL,not_applicable,not_applicable
EXP-01,SYNTHETIC EXPERIMENT,1729,full,664a150484ed2af3,bf8a90fef670b5c1,"{""alpha_a"": 0.05, ""alpha_b"": 0.25, ""kappa_a"": 0.04000000000000001, ""kappa_b"": 0.2, ""n_per_group"": 200000.0}",0.05,0.25,0.04000000000000001,0.2,200000,empirical_value,0.04734499999999997,synthetic,ALL,not_applicable,not_applicable
EXP-01,SYNTHETIC EXPERIMENT,1729,full,664a150484ed2af3,b4c4a034cc6a3477,"{""alpha_a"": 0.05, ""alpha_b"": 0.3, ""kappa_a"": 0.04000000000000001, ""kappa_b"": 0.24, ""n_per_group"": 200000.0}",0.05,0.3,0.04000000000000001,0.24,200000,empirical_value,0.06269499999999995,synthetic,ALL,not_applicable,not_applicable
EXP-01,SYNTHETIC EXPERIMENT,1729,full,664a150484ed2af3,515389475eead2e0,"{""alpha_a"": 0.05, ""alpha_b"": 0.35, ""kappa_a"": 0.04000000000000001, ""kappa_b"": 0.27999999999999997, ""n_per_group"": 200000.0}",0.05,0.35,0.04000000000000001,0.27999999999999997,200000,empirical_value,0.07275500000000001,synthetic,ALL,not_applicable,not_applicable
EXP-01,SYNTHETIC EXPERIMENT,1729,full,664a150484ed2af3,4e99ed3934b7d2fb,"{""alpha_a"": 0.05, ""alpha_b"": 0.4, ""kappa_a"": 0.04000000000000001, ""kappa_b"": 0.32000000000000006, ""n_per_group"": 200000.0}",0.05,0.4,0.04000000000000001,0.32000000000000006,200000,empirical_value,0.08482,synthetic,ALL,not_applicable,not_applicable
EXP-01,SYNTHETIC EXPERIMENT,1729,full,664a150484ed2af3,515a1d9d2839ad0d,"{""alpha_a"": 0.05, ""alpha_b"": 0.45, ""kappa_a"": 0.04000000000000001, ""kappa_b"": 0.36000000000000004, ""n_per_group"": 200000.0}",0.05,0.45,0.04000000000000001,0.36000000000000004,200000,empirical_value,0.0948,synthetic,ALL,not_applicable,not_applicable
EXP-01,SYNTHETIC EXPERIMENT,1729,full,664a150484ed2af3,7a32c7a4f1c13764,"{""alpha_a"": 0.05, ""alpha_b"": 0.5, ""kappa_a"": 0.04000000000000001, ""kappa_b"": 0.4, ""n_per_group"": 200000.0}",0.05,0.5,0.04000000000000001,0.4,200000,empirical_value,0.10758500000000004,synthetic,ALL,not_applicable,not_applicable
EXP-01,SYNTHETIC EXPERIMENT,1729,full,664a150484ed2af3,d522d392978a95b8,"{""alpha_a"": 0.05, ""alpha_b"": 0.55, ""kappa_a"": 0.04000000000000001, ""kappa_b"": 0.44000000000000006, ""n_per_group"": 200000.0}",0.05,0.55,0.04000000000000001,0.44000000000000006,200000,empirical_value,0.11973500000000004,synthetic,ALL,not_applicable,not_applicable
EXP-01,SYNTHETIC EXPERIMENT,1729,full,664a150484ed2af3,ec4724289873e8c4,"{""alpha_a"": 0.05, ""alpha_b"": 0.6, ""kappa_a"": 0.04000000000000001, ""kappa_b"": 0.48, ""n_per_group"": 200000.0}",0.05,0.6,0.04000000000000001,0.48,200000,empirical_value,0.13387000000000004,synthetic,ALL,not_applicable,not_applicable
EXP-01,SYNTHETIC EXPERIMENT,1729,full,664a150484ed2af3,26755716f1dba749,"{""alpha_a"": 0.05, ""alpha_b"": 0.65, ""kappa_a"": 0.04000000000000001, ""kappa_b"": 0.52, ""n_per_group"": 200000.0}",0.05,0.65,0.04000000000000001,0.52,200000,empirical_value,0.14324500000000007,synthetic,ALL,not_applicable,not_applicable
EXP-01,SYNTHETIC EXPERIMENT,1729,full,664a150484ed2af3,0f638c1854f1970d,"{""alpha_a"": 0.05, ""alpha_b"": 0.7, ""kappa_a"": 0.04000000000000001, ""kappa_b"": 0.5599999999999999, ""n_per_group"": 200000.0}",0.05,0.7,0.04000000000000001,0.5599999999999999,200000,empirical_value,0.15620500000000004,synthetic,ALL,not_applicable,not_applicable
EXP-01,SYNTHETIC EXPERIMENT,1729,full,664a150484ed2af3,26d544bc09ce66a9,"{""alpha_a"": 0.05, ""alpha_b"": 0.75, ""kappa_a"": 0.04000000000000001, ""kappa_b"": 0.6000000000000001, ""n_per_group"": 200000.0}",0.05,0.75,0.04000000000000001,0.6000000000000001,200000,empirical_value,0.16735999999999995,synthetic,ALL,not_applicable,not_applicable
EXP-01,SYNTHETIC EXPERIMENT,1729,full,664a150484ed2af3,23237d59319bfd07,"{""alpha_a"": 0.05, ""alpha_b"": 0.8, ""kappa_a"": 0.04000000000000001, ""kappa_b"": 0.6400000000000001, ""n_per_group"": 200000.0}",0.05,0.8,0.04000000000000001,0.6400000000000001,200000,empirical_value,0.17944499999999997,synthetic,ALL,not_applicable,not_applicable
EXP-01,SYNTHETIC EXPERIMENT,1729,full,664a150484ed2af3,738e962e48b78cff,"{""alpha_a"": 0.05, ""alpha_b"": 0.85, ""kappa_a"": 0.04000000000000001, ""kappa_b"": 0.68, ""n_per_group"": 200000.0}",0.05,0.85,0.04000000000000001,0.68,200000,empirical_value,0.19011999999999996,synthetic,ALL,not_applicable,not_applicable
EXP-01,SYNTHETIC EXPERIMENT,1729,full,664a150484ed2af3,76f5bf6fdc152914,"{""alpha_a"": 0.05, ""alpha_b"": 0.9, ""kappa_a"": 0.04000000000000001, ""kappa_b"": 0.7200000000000001, ""n_per_group"": 200000.0}",0.05,0.9,0.04000000000000001,0.7200000000000001,200000,empirical_value,0.20443,synthetic,ALL,not_applicable,not_applicable
EXP-01,SYNTHETIC EXPERIMENT,1729,full,664a150484ed2af3,ee689fe85a37c279,"{""alpha_a"": 0.05, ""alpha_b"": 0.95, ""kappa_a"": 0.04000000000000001, ""kappa_b"": 0.76, ""n_per_group"": 200000.0}",0.05,0.95,0.04000000000000001,0.76,200000,empirical_value,0.215545,synthetic,ALL,not_applicable,not_applicable
EXP-01,SYNTHETIC EXPERIMENT,1729,full,664a150484ed2af3,ddcb1a1882664933,"{""alpha_a"": 0.05, ""alpha_b"": 1.0, ""kappa_a"": 0.04000000000000001, ""kappa_b"": 0.8, ""n_per_group"": 200000.0}",0.05,1.0,0.04000000000000001,0.8,200000,empirical_value,0.22794999999999999,synthetic,ALL,not_applicable,not_applicable
EXP-01,SYNTHETIC EXPERIMENT,1729,full,664a150484ed2af3,a2915cafe1d6465a,"{""alpha_a"": 0.1, ""alpha_b"": 0.0, ""kappa_a"": 0.08000000000000002, ""kappa_b"": 0.0, ""n_per_group"": 200000.0}",0.1,0.0,0.08000000000000002,0.0,200000,empirical_value,0.023845000000000005,synthetic,ALL,not_applicable,not_applicable
EXP-01,SYNTHETIC EXPERIMENT,1729,full,664a150484ed2af3,120f7c547c56a2ff,"{""alpha_a"": 0.1, ""alpha_b"": 0.05, ""kappa_a"": 0.08000000000000002, ""kappa_b"": 0.04000000000000001, ""n_per_group"": 200000.0}",0.1,0.05,0.08000000000000002,0.04000000000000001,200000,empirical_value,0.012954999999999939,synthetic,ALL,not_applicable,not_applicable
EXP-01,SYNTHETIC EXPERIMENT,1729,full,664a150484ed2af3,7e2d1f708c0627fb,"{""alpha_a"": 0.1, ""alpha_b"": 0.1, ""kappa_a"": 0.08000000000000002, ""kappa_b"": 0.08000000000000002, ""n_per_group"": 200000.0}",0.1,0.1,0.08000000000000002,0.08000000000000002,200000,empirical_value,0.0013600000000000279,synthetic,ALL,not_applicable,not_applicable
EXP-01,SYNTHETIC EXPERIMENT,1729,full,664a150484ed2af3,d997930dab72759f,"{""alpha_a"": 0.1, ""alpha_b"": 0.15, ""kappa_a"": 0.08000000000000002, ""kappa_b"": 0.12, ""n_per_group"": 200000.0}",0.1,0.15,0.08000000000000002,0.12,200000,empirical_value,0.010305000000000009,synthetic,ALL,not_applicable,not_applicable
EXP-01,SYNTHETIC EXPERIMENT,1729,full,664a150484ed2af3,ad103656ed8d7f0b,"{""alpha_a"": 0.1, ""alpha_b"": 0.2, ""kappa_a"": 0.08000000000000002, ""kappa_b"": 0.16000000000000003, ""n_per_group"": 200000.0}",0.1,0.2,0.08000000000000002,0.16000000000000003,200000,empirical_value,0.02179500000000001,synthetic,ALL,not_applicable,not_applicable
EXP-01,SYNTHETIC EXPERIMENT,1729,full,664a150484ed2af3,c14ae267f5e9ca55,"{""alpha_a"": 0.1, ""alpha_b"": 0.25, ""kappa_a"": 0.08000000000000002, ""kappa_b"": 0.2, ""n_per_group"": 200000.0}",0.1,0.25,0.08000000000000002,0.2,200000,empirical_value,0.035150000000000015,synthetic,ALL,not_applicable,not_applicable
EXP-01,SYNTHETIC EXPERIMENT,1729,full,664a150484ed2af3,c5eb1f7d126e4e5c,"{""alpha_a"": 0.1, ""alpha_b"": 0.3, ""kappa_a"": 0.08000000000000002, ""kappa_b"": 0.24, ""n_per_group"": 200000.0}",0.1,0.3,0.08000000000000002,0.24,200000,empirical_value,0.04988500000000007,synthetic,ALL,not_applicable,not_applicable
EXP-01,SYNTHETIC EXPERIMENT,1729,full,664a150484ed2af3,b89305dece33fe6b,"{""alpha_a"": 0.1, ""alpha_b"": 0.35, ""kappa_a"": 0.08000000000000002, ""kappa_b"": 0.27999999999999997, ""n_per_group"": 200000.0}",0.1,0.35,0.08000000000000002,0.27999999999999997,200000,empirical_value,0.05947999999999998,synthetic,ALL,not_applicable,not_applicable
EXP-01,SYNTHETIC EXPERIMENT,1729,full,664a150484ed2af3,684fda3d6416ed53,"{""alpha_a"": 0.1, ""alpha_b"": 0.4, ""kappa_a"": 0.08000000000000002, ""kappa_b"": 0.32000000000000006, ""n_per_group"": 200000.0}",0.1,0.4,0.08000000000000002,0.32000000000000006,200000,empirical_value,0.07140499999999994,synthetic,ALL,not_applicable,not_applicable
EXP-01,SYNTHETIC EXPERIMENT,1729,full,664a150484ed2af3,259b09bf1fb9895d,"{""alpha_a"": 0.1, ""alpha_b"": 0.45, ""kappa_a"": 0.08000000000000002, ""kappa_b"": 0.36000000000000004, ""n_per_group"": 200000.0}",0.1,0.45,0.08000000000000002,0.36000000000000004,200000,empirical_value,0.08338500000000004,synthetic,ALL,not_applicable,not_applicable
EXP-01,SYNTHETIC EXPERIMENT,1729,full,664a150484ed2af3,1c9e3d54c99d81ff,"{""alpha_a"": 0.1, ""alpha_b"": 0.5, ""kappa_a"": 0.08000000000000002, ""kappa_b"": 0.4, ""n_per_group"": 200000.0}",0.1,0.5,0.08000000000000002,0.4,200000,empirical_value,0.09769499999999998,synthetic,ALL,not_applicable,not_applicable
EXP-01,SYNTHETIC EXPERIMENT,1729,full,664a150484ed2af3,d621968872180cc4,"{""alpha_a"": 0.1, ""alpha_b"": 0.55, ""kappa_a"": 0.08000000000000002, ""kappa_b"": 0.44000000000000006, ""n_per_group"": 200000.0}",0.1,0.55,0.08000000000000002,0.44000000000000006,200000,empirical_value,0.10609499999999994,synthetic,ALL,not_applicable,not_applicable
EXP-01,SYNTHETIC EXPERIMENT,1729,full,664a150484ed2af3,5fee5e1447dee117,"{""alpha_a"": 0.1, ""alpha_b"": 0.6, ""kappa_a"": 0.08000000000000002, ""kappa_b"": 0.48, ""n_per_group"": 200000.0}",0.1,0.6,0.08000000000000002,0.48,200000,empirical_value,0.12165499999999996,synthetic,ALL,not_applicable,not_applicable
EXP-01,SYNTHETIC EXPERIMENT,1729,full,664a150484ed2af3,ac09b83643b65a98,"{""alpha_a"": 0.1, ""alpha_b"": 0.65, ""kappa_a"": 0.08000000000000002, ""kappa_b"": 0.52, ""n_per_group"": 200000.0}",0.1,0.65,0.08000000000000002,0.52,200000,empirical_value,0.131695,synthetic,ALL,not_applicable,not_applicable
EXP-01,SYNTHETIC EXPERIMENT,1729,full,664a150484ed2af3,f014871fe5af6f7d,"{""alpha_a"": 0.1, ""alpha_b"": 0.7, ""kappa_a"": 0.08000000000000002, ""kappa_b"": 0.5599999999999999, ""n_per_group"": 200000.0}",0.1,0.7,0.08000000000000002,0.5599999999999999,200000,empirical_value,0.14200999999999997,synthetic,ALL,not_applicable,not_applicable
EXP-01,SYNTHETIC EXPERIMENT,1729,full,664a150484ed2af3,be46b326154d4429,"{""alpha_a"": 0.1, ""alpha_b"": 0.75, ""kappa_a"": 0.08000000000000002, ""kappa_b"": 0.6000000000000001, ""n_per_group"": 200000.0}",0.1,0.75,0.08000000000000002,0.6000000000000001,200000,empirical_value,0.15731499999999998,synthetic,ALL,not_applicable,not_applicable
EXP-01,SYNTHETIC EXPERIMENT,1729,full,664a150484ed2af3,b2387e44aaaf2399,"{""alpha_a"": 0.1, ""alpha_b"": 0.8, ""kappa_a"": 0.08000000000000002, ""kappa_b"": 0.6400000000000001, ""n_per_group"": 200000.0}",0.1,0.8,0.08000000000000002,0.6400000000000001,200000,empirical_value,0.165605,synthetic,ALL,not_applicable,not_applicable
EXP-01,SYNTHETIC EXPERIMENT,1729,full,664a150484ed2af3,c0c424d80b9b50db,"{""alpha_a"": 0.1, ""alpha_b"": 0.85, ""kappa_a"": 0.08000000000000002, ""kappa_b"": 0.68, ""n_per_group"": 200000.0}",0.1,0.85,0.08000000000000002,0.68,200000,empirical_value,0.17911,synthetic,ALL,not_applicable,not_applicable
EXP-01,SYNTHETIC EXPERIMENT,1729,full,664a150484ed2af3,2f6b0b058412dca4,"{""alpha_a"": 0.1, ""alpha_b"": 0.9, ""kappa_a"": 0.08000000000000002, ""kappa_b"": 0.7200000000000001, ""n_per_group"": 200000.0}",0.1,0.9,0.08000000000000002,0.7200000000000001,200000,empirical_value,0.19177500000000003,synthetic,ALL,not_applicable,not_applicable
EXP-01,SYNTHETIC EXPERIMENT,1729,full,664a150484ed2af3,1815c76d78805582,"{""alpha_a"": 0.1, ""alpha_b"": 0.95, ""kappa_a"": 0.08000000000000002, ""kappa_b"": 0.76, ""n_per_group"": 200000.0}",0.1,0.95,0.08000000000000002,0.76,200000,empirical_value,0.20459500000000008,synthetic,ALL,not_applicable,not_applicable
EXP-01,SYNTHETIC EXPERIMENT,1729,full,664a150484ed2af3,89ea702ee98ea51c,"{""alpha_a"": 0.1, ""alpha_b"": 1.0, ""kappa_a"": 0.08000000000000002, ""kappa_b"": 0.8, ""n_per_group"": 200000.0}",0.1,1.0,0.08000000000000002,0.8,200000,empirical_value,0.21716999999999997,synthetic,ALL,not_applicable,not_applicable
EXP-01,SYNTHETIC EXPERIMENT,1729,full,664a150484ed2af3,08b729e9e05a1017,"{""alpha_a"": 0.15, ""alpha_b"": 0.0, ""kappa_a"": 0.12, ""kappa_b"": 0.0, ""n_per_group"": 200000.0}",0.15,0.0,0.12,0.0,200000,empirical_value,0.03489500000000001,synthetic,ALL,not_applicable,not_applicable
EXP-01,SYNTHETIC EXPERIMENT,1729,full,664a150484ed2af3,7751e99793084c2b,"{""alpha_a"": 0.15, ""alpha_b"": 0.05, ""kappa_a"": 0.12, ""kappa_b"": 0.04000000000000001, ""n_per_group"": 200000.0}",0.15,0.05,0.12,0.04000000000000001,200000,empirical_value,0.022770000000000068,synthetic,ALL,not_applicable,not_applicable
EXP-01,SYNTHETIC EXPERIMENT,1729,full,664a150484ed2af3,059a983f21c27d05,"{""alpha_a"": 0.15, ""alpha_b"": 0.1, ""kappa_a"": 0.12, ""kappa_b"": 0.08000000000000002, ""n_per_group"": 200000.0}",0.15,0.1,0.12,0.08000000000000002,200000,empirical_value,0.011545000000000027,synthetic,ALL,not_applicable,not_applicable
EXP-01,SYNTHETIC EXPERIMENT,1729,full,664a150484ed2af3,83532426754cba0b,"{""alpha_a"": 0.15, ""alpha_b"": 0.15, ""kappa_a"": 0.12, ""kappa_b"": 0.12, ""n_per_group"": 200000.0}",0.15,0.15,0.12,0.12,200000,empirical_value,0.0005500000000000504,synthetic,ALL,not_applicable,not_applicable
EXP-01,SYNTHETIC EXPERIMENT,1729,full,664a150484ed2af3,dab075d822cb2e53,"{""alpha_a"": 0.15, ""alpha_b"": 0.2, ""kappa_a"": 0.12, ""kappa_b"": 0.16000000000000003, ""n_per_group"": 200000.0}",0.15,0.2,0.12,0.16000000000000003,200000,empirical_value,0.013454999999999995,synthetic,ALL,not_applicable,not_applicable
EXP-01,SYNTHETIC EXPERIMENT,1729,full,664a150484ed2af3,ff406255e9541ce0,"{""alpha_a"": 0.15, ""alpha_b"": 0.25, ""kappa_a"": 0.12, ""kappa_b"": 0.2, ""n_per_group"": 200000.0}",0.15,0.25,0.12,0.2,200000,empirical_value,0.027395000000000058,synthetic,ALL,not_applicable,not_applicable
EXP-01,SYNTHETIC EXPERIMENT,1729,full,664a150484ed2af3,bc67d0228f2d5dea,"{""alpha_a"": 0.15, ""alpha_b"": 0.3, ""kappa_a"": 0.12, ""kappa_b"": 0.24, ""n_per_group"": 200000.0}",0.15,0.3,0.12,0.24,200000,empirical_value,0.03884500000000002,synthetic,ALL,not_applicable,not_applicable
EXP-01,SYNTHETIC EXPERIMENT,1729,full,664a150484ed2af3,6e83edbdd079b951,"{""alpha_a"": 0.15, ""alpha_b"": 0.35, ""kappa_a"": 0.12, ""kappa_b"": 0.27999999999999997, ""n_per_group"": 200000.0}",0.15,0.35,0.12,0.27999999999999997,200000,empirical_value,0.04856499999999997,synthetic,ALL,not_applicable,not_applicable
EXP-01,SYNTHETIC EXPERIMENT,1729,full,664a150484ed2af3,036e8f34c32b5e42,"{""alpha_a"": 0.15, ""alpha_b"": 0.4, ""kappa_a"": 0.12, ""kappa_b"": 0.32000000000000006, ""n_per_group"": 200000.0}",0.15,0.4,0.12,0.32000000000000006,200000,empirical_value,0.06069499999999994,synthetic,ALL,not_applicable,not_applicable
EXP-01,SYNTHETIC EXPERIMENT,1729,full,664a150484ed2af3,acfa907abcae472a,"{""alpha_a"": 0.15, ""alpha_b"": 0.45, ""kappa_a"": 0.12, ""kappa_b"": 0.36000000000000004, ""n_per_group"": 200000.0}",0.15,0.45,0.12,0.36000000000000004,200000,empirical_value,0.07075500000000001,synthetic,ALL,not_applicable,not_applicable
EXP-01,SYNTHETIC EXPERIMENT,1729,full,664a150484ed2af3,a9662090ca98d4f6,"{""alpha_a"": 0.15, ""alpha_b"": 0.5, ""kappa_a"": 0.12, ""kappa_b"": 0.4, ""n_per_group"": 200000.0}",0.15,0.5,0.12,0.4,200000,empirical_value,0.08487500000000003,synthetic,ALL,not_applicable,not_applicable
EXP-01,SYNTHETIC EXPERIMENT,1729,full,664a150484ed2af3,045eff080186688d,"{""alpha_a"": 0.15, ""alpha_b"": 0.55, ""kappa_a"": 0.12, ""kappa_b"": 0.44000000000000006, ""n_per_group"": 200000.0}",0.15,0.55,0.12,0.44000000000000006,200000,empirical_value,0.09577500000000005,synthetic,ALL,not_applicable,not_applicable
EXP-01,SYNTHETIC EXPERIMENT,1729,full,664a150484ed2af3,1a1483085ec0edf2,"{""alpha_a"": 0.15, ""alpha_b"": 0.6, ""kappa_a"": 0.12, ""kappa_b"": 0.48, ""n_per_group"": 200000.0}",0.15,0.6,0.12,0.48,200000,empirical_value,0.10860499999999995,synthetic,ALL,not_applicable,not_applicable
EXP-01,SYNTHETIC EXPERIMENT,1729,full,664a150484ed2af3,6a6a0e31246bf09c,"{""alpha_a"": 0.15, ""alpha_b"": 0.65, ""kappa_a"": 0.12, ""kappa_b"": 0.52, ""n_per_group"": 200000.0}",0.15,0.65,0.12,0.52,200000,empirical_value,0.12064000000000008,synthetic,ALL,not_applicable,not_applicable
EXP-01,SYNTHETIC EXPERIMENT,1729,full,664a150484ed2af3,d10cd4e23035c428,"{""alpha_a"": 0.15, ""alpha_b"": 0.7, ""kappa_a"": 0.12, ""kappa_b"": 0.5599999999999999, ""n_per_group"": 200000.0}",0.15,0.7,0.12,0.5599999999999999,200000,empirical_value,0.12968000000000002,synthetic,ALL,not_applicable,not_applicable
EXP-01,SYNTHETIC EXPERIMENT,1729,full,664a150484ed2af3,9cb28d943a1dc510,"{""alpha_a"": 0.15, ""alpha_b"": 0.75, ""kappa_a"": 0.12, ""kappa_b"": 0.6000000000000001, ""n_per_group"": 200000.0}",0.15,0.75,0.12,0.6000000000000001,200000,empirical_value,0.14308500000000002,synthetic,ALL,not_applicable,not_applicable
EXP-01,SYNTHETIC EXPERIMENT,1729,full,664a150484ed2af3,8e58a4fc2a580565,"{""alpha_a"": 0.15, ""alpha_b"": 0.8, ""kappa_a"": 0.12, ""kappa_b"": 0.6400000000000001, ""n_per_group"": 200000.0}",0.15,0.8,0.12,0.6400000000000001,200000,empirical_value,0.15775000000000006,synthetic,ALL,not_applicable,not_applicable
EXP-01,SYNTHETIC EXPERIMENT,1729,full,664a150484ed2af3,201a8d3cd827b864,"{""alpha_a"": 0.15, ""alpha_b"": 0.85, ""kappa_a"": 0.12, ""kappa_b"": 0.68, ""n_per_group"": 200000.0}",0.15,0.85,0.12,0.68,200000,empirical_value,0.16608,synthetic,ALL,not_applicable,not_applicable
EXP-01,SYNTHETIC EXPERIMENT,1729,full,664a150484ed2af3,afd508f6c028d6a9,"{""alpha_a"": 0.15, ""alpha_b"": 0.9, ""kappa_a"": 0.12, ""kappa_b"": 0.7200000000000001, ""n_per_group"": 200000.0}",0.15,0.9,0.12,0.7200000000000001,200000,empirical_value,0.17781500000000006,synthetic,ALL,not_applicable,not_applicable
EXP-01,SYNTHETIC EXPERIMENT,1729,full,664a150484ed2af3,ae3046ae15a815a4,"{""alpha_a"": 0.15, ""alpha_b"": 0.95, ""kappa_a"": 0.12, ""kappa_b"": 0.76, ""n_per_group"": 200000.0}",0.15,0.95,0.12,0.76,200000,empirical_value,0.192805,synthetic,ALL,not_applicable,not_applicable
EXP-01,SYNTHETIC EXPERIMENT,1729,full,664a150484ed2af3,694c5a71a7871c49,"{""alpha_a"": 0.15, ""alpha_b"": 1.0, ""kappa_a"": 0.12, ""kappa_b"": 0.8, ""n_per_group"": 200000.0}",0.15,1.0,0.12,0.8,200000,empirical_value,0.20365499999999992,synthetic,ALL,not_applicable,not_applicable
EXP-01,SYNTHETIC EXPERIMENT,1729,full,664a150484ed2af3,7febf754872d3919,"{""alpha_a"": 0.2, ""alpha_b"": 0.0, ""kappa_a"": 0.16000000000000003, ""kappa_b"": 0.0, ""n_per_group"": 200000.0}",0.2,0.0,0.16000000000000003,0.0,200000,empirical_value,0.04852000000000001,synthetic,ALL,not_applicable,not_applicable
EXP-01,SYNTHETIC EXPERIMENT,1729,full,664a150484ed2af3,af0e88350643e722,"{""alpha_a"": 0.2, ""alpha_b"": 0.05, ""kappa_a"": 0.16000000000000003, ""kappa_b"": 0.04000000000000001, ""n_per_group"": 200000.0}",0.2,0.05,0.16000000000000003,0.04000000000000001,200000,empirical_value,0.03573000000000004,synthetic,ALL,not_applicable,not_applicable
EXP-01,SYNTHETIC EXPERIMENT,1729,full,664a150484ed2af3,ebc7988d8059dc14,"{""alpha_a"": 0.2, ""alpha_b"": 0.1, ""kappa_a"": 0.16000000000000003, ""kappa_b"": 0.08000000000000002, ""n_per_group"": 200000.0}",0.2,0.1,0.16000000000000003,0.08000000000000002,200000,empirical_value,0.02139000000000002,synthetic,ALL,not_applicable,not_applicable
EXP-01,SYNTHETIC EXPERIMENT,1729,full,664a150484ed2af3,41008b528b1235f7,"{""alpha_a"": 0.2, ""alpha_b"": 0.15, ""kappa_a"": 0.16000000000000003, ""kappa_b"": 0.12, ""n_per_group"": 200000.0}",0.2,0.15,0.16000000000000003,0.12,200000,empirical_value,0.013824999999999976,synthetic,ALL,not_applicable,not_applicable
EXP-01,SYNTHETIC EXPERIMENT,1729,full,664a150484ed2af3,a3f00a124577869e,"{""alpha_a"": 0.2, ""alpha_b"": 0.2, ""kappa_a"": 0.16000000000000003, ""kappa_b"": 0.16000000000000003, ""n_per_group"": 200000.0}",0.2,0.2,0.16000000000000003,0.16000000000000003,200000,empirical_value,0.00011999999999989797,synthetic,ALL,not_applicable,not_applicable
EXP-01,SYNTHETIC EXPERIMENT,1729,full,664a150484ed2af3,8a2519f2ff1ed8f6,"{""alpha_a"": 0.2, ""alpha_b"": 0.25, ""kappa_a"": 0.16000000000000003, ""kappa_b"": 0.2, ""n_per_group"": 200000.0}",0.2,0.25,0.16000000000000003,0.2,200000,empirical_value,0.01097999999999999,synthetic,ALL,not_applicable,not_applicable
EXP-01,SYNTHETIC EXPERIMENT,1729,full,664a150484ed2af3,b4f261583a3b724a,"{""alpha_a"": 0.2, ""alpha_b"": 0.3, ""kappa_a"": 0.16000000000000003, ""kappa_b"": 0.24, ""n_per_group"": 200000.0}",0.2,0.3,0.16000000000000003,0.24,200000,empirical_value,0.02473000000000003,synthetic,ALL,not_applicable,not_applicable
EXP-01,SYNTHETIC EXPERIMENT,1729,full,664a150484ed2af3,f681b88a7543859f,"{""alpha_a"": 0.2, ""alpha_b"": 0.35, ""kappa_a"": 0.16000000000000003, ""kappa_b"": 0.27999999999999997, ""n_per_group"": 200000.0}",0.2,0.35,0.16000000000000003,0.27999999999999997,200000,empirical_value,0.037940000000000085,synthetic,ALL,not_applicable,not_applicable
EXP-01,SYNTHETIC EXPERIMENT,1729,full,664a150484ed2af3,d20ee4fa0ea4046f,"{""alpha_a"": 0.2, ""alpha_b"": 0.4, ""kappa_a"": 0.16000000000000003, ""kappa_b"": 0.32000000000000006, ""n_per_group"": 200000.0}",0.2,0.4,0.16000000000000003,0.32000000000000006,200000,empirical_value,0.04929499999999998,synthetic,ALL,not_applicable,not_applicable
EXP-01,SYNTHETIC EXPERIMENT,1729,full,664a150484ed2af3,ff7a91fd1b801645,"{""alpha_a"": 0.2, ""alpha_b"": 0.45, ""kappa_a"": 0.16000000000000003, ""kappa_b"": 0.36000000000000004, ""n_per_group"": 200000.0}",0.2,0.45,0.16000000000000003,0.36000000000000004,200000,empirical_value,0.061365,synthetic,ALL,not_applicable,not_applicable
EXP-01,SYNTHETIC EXPERIMENT,1729,full,664a150484ed2af3,6bfd94f82a5d1ff2,"{""alpha_a"": 0.2, ""alpha_b"": 0.5, ""kappa_a"": 0.16000000000000003, ""kappa_b"": 0.4, ""n_per_group"": 200000.0}",0.2,0.5,0.16000000000000003,0.4,200000,empirical_value,0.072905,synthetic,ALL,not_applicable,not_applicable
EXP-01,SYNTHETIC EXPERIMENT,1729,full,664a150484ed2af3,40b3681ff1bd5a33,"{""alpha_a"": 0.2, ""alpha_b"": 0.55, ""kappa_a"": 0.16000000000000003, ""kappa_b"": 0.44000000000000006, ""n_per_group"": 200000.0}",0.2,0.55,0.16000000000000003,0.44000000000000006,200000,empirical_value,0.08348500000000003,synthetic,ALL,not_applicable,not_applicable
EXP-01,SYNTHETIC EXPERIMENT,1729,full,664a150484ed2af3,e211bd0acc7eecf6,"{""alpha_a"": 0.2, ""alpha_b"": 0.6, ""kappa_a"": 0.16000000000000003, ""kappa_b"": 0.48, ""n_per_group"": 200000.0}",0.2,0.6,0.16000000000000003,0.48,200000,empirical_value,0.09651500000000002,synthetic,ALL,not_applicable,not_applicable
EXP-01,SYNTHETIC EXPERIMENT,1729,full,664a150484ed2af3,1e13ae164faf8f41,"{""alpha_a"": 0.2, ""alpha_b"": 0.65, ""kappa_a"": 0.16000000000000003, ""kappa_b"": 0.52, ""n_per_group"": 200000.0}",0.2,0.65,0.16000000000000003,0.52,200000,empirical_value,0.10926999999999998,synthetic,ALL,not_applicable,not_applicable
EXP-01,SYNTHETIC EXPERIMENT,1729,full,664a150484ed2af3,175745f0ccd8d860,"{""alpha_a"": 0.2, ""alpha_b"": 0.7, ""kappa_a"": 0.16000000000000003, ""kappa_b"": 0.5599999999999999, ""n_per_group"": 200000.0}",0.2,0.7,0.16000000000000003,0.5599999999999999,200000,empirical_value,0.11905500000000002,synthetic,ALL,not_applicable,not_applicable
EXP-01,SYNTHETIC EXPERIMENT,1729,full,664a150484ed2af3,a450449f379465e7,"{""alpha_a"": 0.2, ""alpha_b"": 0.75, ""kappa_a"": 0.16000000000000003, ""kappa_b"": 0.6000000000000001, ""n_per_group"": 200000.0}",0.2,0.75,0.16000000000000003,0.6000000000000001,200000,empirical_value,0.1324700000000001,synthetic,ALL,not_applicable,not_applicable
EXP-01,SYNTHETIC EXPERIMENT,1729,full,664a150484ed2af3,96e35d8738eec7f3,"{""alpha_a"": 0.2, ""alpha_b"": 0.8, ""kappa_a"": 0.16000000000000003, ""kappa_b"": 0.6400000000000001, ""n_per_group"": 200000.0}",0.2,0.8,0.16000000000000003,0.6400000000000001,200000,empirical_value,0.14356999999999998,synthetic,ALL,not_applicable,not_applicable
EXP-01,SYNTHETIC EXPERIMENT,1729,full,664a150484ed2af3,e2761bb3a6a7dfd5,"{""alpha_a"": 0.2, ""alpha_b"": 0.85, ""kappa_a"": 0.16000000000000003, ""kappa_b"": 0.68, ""n_per_group"": 200000.0}",0.2,0.85,0.16000000000000003,0.68,200000,empirical_value,0.15613,synthetic,ALL,not_applicable,not_applicable
EXP-01,SYNTHETIC EXPERIMENT,1729,full,664a150484ed2af3,96ba37d3d4dda9b2,"{""alpha_a"": 0.2, ""alpha_b"": 0.9, ""kappa_a"": 0.16000000000000003, ""kappa_b"": 0.7200000000000001, ""n_per_group"": 200000.0}",0.2,0.9,0.16000000000000003,0.7200000000000001,200000,empirical_value,0.16497499999999998,synthetic,ALL,not_applicable,not_applicable
EXP-01,SYNTHETIC EXPERIMENT,1729,full,664a150484ed2af3,67c017115584954c,"{""alpha_a"": 0.2, ""alpha_b"": 0.95, ""kappa_a"": 0.16000000000000003, ""kappa_b"": 0.76, ""n_per_group"": 200000.0}",0.2,0.95,0.16000000000000003,0.76,200000,empirical_value,0.17920500000000006,synthetic,ALL,not_applicable,not_applicable
EXP-01,SYNTHETIC EXPERIMENT,1729,full,664a150484ed2af3,308d26abc93558d0,"{""alpha_a"": 0.2, ""alpha_b"": 1.0, ""kappa_a"": 0.16000000000000003, ""kappa_b"": 0.8, ""n_per_group"": 200000.0}",0.2,1.0,0.16000000000000003,0.8,200000,empirical_value,0.19274000000000002,synthetic,ALL,not_applicable,not_applicable
EXP-01,SYNTHETIC EXPERIMENT,1729,full,664a150484ed2af3,d0ef03f67f087104,"{""alpha_a"": 0.25, ""alpha_b"": 0.0, ""kappa_a"": 0.2, ""kappa_b"": 0.0, ""n_per_group"": 200000.0}",0.25,0.0,0.2,0.0,200000,empirical_value,0.058555000000000024,synthetic,ALL,not_applicable,not_applicable
EXP-01,SYNTHETIC EXPERIMENT,1729,full,664a150484ed2af3,640da030f4c79e2a,"{""alpha_a"": 0.25, ""alpha_b"": 0.05, ""kappa_a"": 0.2, ""kappa_b"": 0.04000000000000001, ""n_per_group"": 200000.0}",0.25,0.05,0.2,0.04000000000000001,200000,empirical_value,0.04820500000000005,synthetic,ALL,not_applicable,not_applicable
EXP-01,SYNTHETIC EXPERIMENT,1729,full,664a150484ed2af3,d35d22f3b88f0655,"{""alpha_a"": 0.25, ""alpha_b"": 0.1, ""kappa_a"": 0.2, ""kappa_b"": 0.08000000000000002, ""n_per_group"": 200000.0}",0.25,0.1,0.2,0.08000000000000002,200000,empirical_value,0.035519999999999996,synthetic,ALL,not_applicable,not_applicable
EXP-01,SYNTHETIC EXPERIMENT,1729,full,664a150484ed2af3,36a097142cdadf6f,"{""alpha_a"": 0.25, ""alpha_b"": 0.15, ""kappa_a"": 0.2, ""kappa_b"": 0.12, ""n_per_group"": 200000.0}",0.25,0.15,0.2,0.12,200000,empirical_value,0.025349999999999984,synthetic,ALL,not_applicable,not_applicable
EXP-01,SYNTHETIC EXPERIMENT,1729,full,664a150484ed2af3,771ed3facb31defa,"{""alpha_a"": 0.25, ""alpha_b"": 0.2, ""kappa_a"": 0.2, ""kappa_b"": 0.16000000000000003, ""n_per_group"": 200000.0}",0.25,0.2,0.2,0.16000000000000003,200000,empirical_value,0.010754999999999959,synthetic,ALL,not_applicable,not_applicable
EXP-01,SYNTHETIC EXPERIMENT,1729,full,664a150484ed2af3,0ef3f92454098838,"{""alpha_a"": 0.25, ""alpha_b"": 0.25, ""kappa_a"": 0.2, ""kappa_b"": 0.2, ""n_per_group"": 200000.0}",0.25,0.25,0.2,0.2,200000,empirical_value,0.0004250000000000087,synthetic,ALL,not_applicable,not_applicable
EXP-01,SYNTHETIC EXPERIMENT,1729,full,664a150484ed2af3,69430f02107c86f3,"{""alpha_a"": 0.25, ""alpha_b"": 0.3, ""kappa_a"": 0.2, ""kappa_b"": 0.24, ""n_per_group"": 200000.0}",0.25,0.3,0.2,0.24,200000,empirical_value,0.012924999999999964,synthetic,ALL,not_applicable,not_applicable
EXP-01,SYNTHETIC EXPERIMENT,1729,full,664a150484ed2af3,d7ff82e5394737eb,"{""alpha_a"": 0.25, ""alpha_b"": 0.35, ""kappa_a"": 0.2, ""kappa_b"": 0.27999999999999997, ""n_per_group"": 200000.0}",0.25,0.35,0.2,0.27999999999999997,200000,empirical_value,0.023094999999999977,synthetic,ALL,not_applicable,not_applicable
EXP-01,SYNTHETIC EXPERIMENT,1729,full,664a150484ed2af3,58cbd7267c66f208,"{""alpha_a"": 0.25, ""alpha_b"": 0.4, ""kappa_a"": 0.2, ""kappa_b"": 0.32000000000000006, ""n_per_group"": 200000.0}",0.25,0.4,0.2,0.32000000000000006,200000,empirical_value,0.035355000000000025,synthetic,ALL,not_applicable,not_applicable
EXP-01,SYNTHETIC EXPERIMENT,1729,full,664a150484ed2af3,d0f4d027a21b5961,"{""alpha_a"": 0.25, ""alpha_b"": 0.45, ""kappa_a"": 0.2, ""kappa_b"": 0.36000000000000004, ""n_per_group"": 200000.0}",0.25,0.45,0.2,0.36000000000000004,200000,empirical_value,0.04888500000000007,synthetic,ALL,not_applicable,not_applicable
EXP-01,SYNTHETIC EXPERIMENT,1729,full,664a150484ed2af3,b831345230e1a585,"{""alpha_a"": 0.25, ""alpha_b"": 0.5, ""kappa_a"": 0.2, ""kappa_b"": 0.4, ""n_per_group"": 200000.0}",0.25,0.5,0.2,0.4,200000,empirical_value,0.061145000000000005,synthetic,ALL,not_applicable,not_applicable
EXP-01,SYNTHETIC EXPERIMENT,1729,full,664a150484ed2af3,f1088485738d706a,"{""alpha_a"": 0.25, ""alpha_b"": 0.55, ""kappa_a"": 0.2, ""kappa_b"": 0.44000000000000006, ""n_per_group"": 200000.0}",0.25,0.55,0.2,0.44000000000000006,200000,empirical_value,0.07135500000000006,synthetic,ALL,not_applicable,not_applicable
EXP-01,SYNTHETIC EXPERIMENT,1729,full,664a150484ed2af3,76c9d04638f909c9,"{""alpha_a"": 0.25, ""alpha_b"": 0.6, ""kappa_a"": 0.2, ""kappa_b"": 0.48, ""n_per_group"": 200000.0}",0.25,0.6,0.2,0.48,200000,empirical_value,0.08501000000000003,synthetic,ALL,not_applicable,not_applicable
EXP-01,SYNTHETIC EXPERIMENT,1729,full,664a150484ed2af3,d1bf2dd0766911b7,"{""alpha_a"": 0.25, ""alpha_b"": 0.65, ""kappa_a"": 0.2, ""kappa_b"": 0.52, ""n_per_group"": 200000.0}",0.25,0.65,0.2,0.52,200000,empirical_value,0.09733500000000006,synthetic,ALL,not_applicable,not_applicable
EXP-01,SYNTHETIC EXPERIMENT,1729,full,664a150484ed2af3,7347765828dc631a,"{""alpha_a"": 0.25, ""alpha_b"": 0.7, ""kappa_a"": 0.2, ""kappa_b"": 0.5599999999999999, ""n_per_group"": 200000.0}",0.25,0.7,0.2,0.5599999999999999,200000,empirical_value,0.10686000000000007,synthetic,ALL,not_applicable,not_applicable
EXP-01,SYNTHETIC EXPERIMENT,1729,full,664a150484ed2af3,8cd421c278dad9f0,"{""alpha_a"": 0.25, ""alpha_b"": 0.75, ""kappa_a"": 0.2, ""kappa_b"": 0.6000000000000001, ""n_per_group"": 200000.0}",0.25,0.75,0.2,0.6000000000000001,200000,empirical_value,0.11838000000000004,synthetic,ALL,not_applicable,not_applicable
EXP-01,SYNTHETIC EXPERIMENT,1729,full,664a150484ed2af3,a3a8587bfcda0271,"{""alpha_a"": 0.25, ""alpha_b"": 0.8, ""kappa_a"": 0.2, ""kappa_b"": 0.6400000000000001, ""n_per_group"": 200000.0}",0.25,0.8,0.2,0.6400000000000001,200000,empirical_value,0.13256999999999997,synthetic,ALL,not_applicable,not_applicable
EXP-01,SYNTHETIC EXPERIMENT,1729,full,664a150484ed2af3,7f75c4b391283e60,"{""alpha_a"": 0.25, ""alpha_b"": 0.85, ""kappa_a"": 0.2, ""kappa_b"": 0.68, ""n_per_group"": 200000.0}",0.25,0.85,0.2,0.68,200000,empirical_value,0.14530500000000002,synthetic,ALL,not_applicable,not_applicable
EXP-01,SYNTHETIC EXPERIMENT,1729,full,664a150484ed2af3,dca757c3df7ba091,"{""alpha_a"": 0.25, ""alpha_b"": 0.9, ""kappa_a"": 0.2, ""kappa_b"": 0.7200000000000001, ""n_per_group"": 200000.0}",0.25,0.9,0.2,0.7200000000000001,200000,empirical_value,0.15858499999999998,synthetic,ALL,not_applicable,not_applicable
EXP-01,SYNTHETIC EXPERIMENT,1729,full,664a150484ed2af3,0ead99814f3b20df,"{""alpha_a"": 0.25, ""alpha_b"": 0.95, ""kappa_a"": 0.2, ""kappa_b"": 0.76, ""n_per_group"": 200000.0}",0.25,0.95,0.2,0.76,200000,empirical_value,0.16867999999999994,synthetic,ALL,not_applicable,not_applicable
EXP-01,SYNTHETIC EXPERIMENT,1729,full,664a150484ed2af3,700ea7fd6f3fe715,"{""alpha_a"": 0.25, ""alpha_b"": 1.0, ""kappa_a"": 0.2, ""kappa_b"": 0.8, ""n_per_group"": 200000.0}",0.25,1.0,0.2,0.8,200000,empirical_value,0.181975,synthetic,ALL,not_applicable,not_applicable
EXP-01,SYNTHETIC EXPERIMENT,1729,full,664a150484ed2af3,31672113393a323b,"{""alpha_a"": 0.3, ""alpha_b"": 0.0, ""kappa_a"": 0.24, ""kappa_b"": 0.0, ""n_per_group"": 200000.0}",0.3,0.0,0.24,0.0,200000,empirical_value,0.07153999999999994,synthetic,ALL,not_applicable,not_applicable
EXP-01,SYNTHETIC EXPERIMENT,1729,full,664a150484ed2af3,3c646466648927bc,"{""alpha_a"": 0.3, ""alpha_b"": 0.05, ""kappa_a"": 0.24, ""kappa_b"": 0.04000000000000001, ""n_per_group"": 200000.0}",0.3,0.05,0.24,0.04000000000000001,200000,empirical_value,0.059904999999999986,synthetic,ALL,not_applicable,not_applicable
EXP-01,SYNTHETIC EXPERIMENT,1729,full,664a150484ed2af3,9814cad6fd886e66,"{""alpha_a"": 0.3, ""alpha_b"": 0.1, ""kappa_a"": 0.24, ""kappa_b"": 0.08000000000000002, ""n_per_group"": 200000.0}",0.3,0.1,0.24,0.08000000000000002,200000,empirical_value,0.04577999999999993,synthetic,ALL,not_applicable,not_applicable
EXP-01,SYNTHETIC EXPERIMENT,1729,full,664a150484ed2af3,8d91f387a3c7da84,"{""alpha_a"": 0.3, ""alpha_b"": 0.15, ""kappa_a"": 0.24, ""kappa_b"": 0.12, ""n_per_group"": 200000.0}",0.3,0.15,0.24,0.12,200000,empirical_value,0.037995,synthetic,ALL,not_applicable,not_applicable
EXP-01,SYNTHETIC EXPERIMENT,1729,full,664a150484ed2af3,fc766c884699c0b5,"{""alpha_a"": 0.3, ""alpha_b"": 0.2, ""kappa_a"": 0.24, ""kappa_b"": 0.16000000000000003, ""n_per_group"": 200000.0}",0.3,0.2,0.24,0.16000000000000003,200000,empirical_value,0.021135000000000015,synthetic,ALL,not_applicable,not_applicable
EXP-01,SYNTHETIC EXPERIMENT,1729,full,664a150484ed2af3,f53aaffe33312169,"{""alpha_a"": 0.3, ""alpha_b"": 0.25, ""kappa_a"": 0.24, ""kappa_b"": 0.2, ""n_per_group"": 200000.0}",0.3,0.25,0.24,0.2,200000,empirical_value,0.011739999999999973,synthetic,ALL,not_applicable,not_applicable
EXP-01,SYNTHETIC EXPERIMENT,1729,full,664a150484ed2af3,5e7d0c29ccf0d026,"{""alpha_a"": 0.3, ""alpha_b"": 0.3, ""kappa_a"": 0.24, ""kappa_b"": 0.24, ""n_per_group"": 200000.0}",0.3,0.3,0.24,0.24,200000,empirical_value,0.0002649999999999597,synthetic,ALL,not_applicable,not_applicable
EXP-01,SYNTHETIC EXPERIMENT,1729,full,664a150484ed2af3,914b9c976d95f94b,"{""alpha_a"": 0.3, ""alpha_b"": 0.35, ""kappa_a"": 0.24, ""kappa_b"": 0.27999999999999997, ""n_per_group"": 200000.0}",0.3,0.35,0.24,0.27999999999999997,200000,empirical_value,0.009905000000000053,synthetic,ALL,not_applicable,not_applicable
EXP-01,SYNTHETIC EXPERIMENT,1729,full,664a150484ed2af3,d9c80c2b33534eb6,"{""alpha_a"": 0.3, ""alpha_b"": 0.4, ""kappa_a"": 0.24, ""kappa_b"": 0.32000000000000006, ""n_per_group"": 200000.0}",0.3,0.4,0.24,0.32000000000000006,200000,empirical_value,0.023310000000000053,synthetic,ALL,not_applicable,not_applicable
EXP-01,SYNTHETIC EXPERIMENT,1729,full,664a150484ed2af3,fce7f455545cd060,"{""alpha_a"": 0.3, ""alpha_b"": 0.45, ""kappa_a"": 0.24, ""kappa_b"": 0.36000000000000004, ""n_per_group"": 200000.0}",0.3,0.45,0.24,0.36000000000000004,200000,empirical_value,0.035559999999999925,synthetic,ALL,not_applicable,not_applicable
EXP-01,SYNTHETIC EXPERIMENT,1729,full,664a150484ed2af3,9bd821115d6ab0c6,"{""alpha_a"": 0.3, ""alpha_b"": 0.5, ""kappa_a"": 0.24, ""kappa_b"": 0.4, ""n_per_group"": 200000.0}",0.3,0.5,0.24,0.4,200000,empirical_value,0.047864999999999935,synthetic,ALL,not_applicable,not_applicable
EXP-01,SYNTHETIC EXPERIMENT,1729,full,664a150484ed2af3,cd3e02481510dc73,"{""alpha_a"": 0.3, ""alpha_b"": 0.55, ""kappa_a"": 0.24, ""kappa_b"": 0.44000000000000006, ""n_per_group"": 200000.0}",0.3,0.55,0.24,0.44000000000000006,200000,empirical_value,0.059740000000000015,synthetic,ALL,not_applicable,not_applicable
EXP-01,SYNTHETIC EXPERIMENT,1729,full,664a150484ed2af3,1857cb75df40c346,"{""alpha_a"": 0.3, ""alpha_b"": 0.6, ""kappa_a"": 0.24, ""kappa_b"": 0.48, ""n_per_group"": 200000.0}",0.3,0.6,0.24,0.48,200000,empirical_value,0.073905,synthetic,ALL,not_applicable,not_applicable
EXP-01,SYNTHETIC EXPERIMENT,1729,full,664a150484ed2af3,02cadc2bc1e0b26b,"{""alpha_a"": 0.3, ""alpha_b"": 0.65, ""kappa_a"": 0.24, ""kappa_b"": 0.52, ""n_per_group"": 200000.0}",0.3,0.65,0.24,0.52,200000,empirical_value,0.08396499999999996,synthetic,ALL,not_applicable,not_applicable
EXP-01,SYNTHETIC EXPERIMENT,1729,full,664a150484ed2af3,9e5a08504b225d15,"{""alpha_a"": 0.3, ""alpha_b"": 0.7, ""kappa_a"": 0.24, ""kappa_b"": 0.5599999999999999, ""n_per_group"": 200000.0}",0.3,0.7,0.24,0.5599999999999999,200000,empirical_value,0.09621000000000002,synthetic,ALL,not_applicable,not_applicable
EXP-01,SYNTHETIC EXPERIMENT,1729,full,664a150484ed2af3,61dc1bdd16487838,"{""alpha_a"": 0.3, ""alpha_b"": 0.75, ""kappa_a"": 0.24, ""kappa_b"": 0.6000000000000001, ""n_per_group"": 200000.0}",0.3,0.75,0.24,0.6000000000000001,200000,empirical_value,0.10740500000000008,synthetic,ALL,not_applicable,not_applicable
EXP-01,SYNTHETIC EXPERIMENT,1729,full,664a150484ed2af3,78fbc22363e0f834,"{""alpha_a"": 0.3, ""alpha_b"": 0.8, ""kappa_a"": 0.24, ""kappa_b"": 0.6400000000000001, ""n_per_group"": 200000.0}",0.3,0.8,0.24,0.6400000000000001,200000,empirical_value,0.12036999999999998,synthetic,ALL,not_applicable,not_applicable
EXP-01,SYNTHETIC EXPERIMENT,1729,full,664a150484ed2af3,d88806cb2e3b4594,"{""alpha_a"": 0.3, ""alpha_b"": 0.85, ""kappa_a"": 0.24, ""kappa_b"": 0.68, ""n_per_group"": 200000.0}",0.3,0.85,0.24,0.68,200000,empirical_value,0.13158999999999998,synthetic,ALL,not_applicable,not_applicable
EXP-01,SYNTHETIC EXPERIMENT,1729,full,664a150484ed2af3,61be87df94fdc8f8,"{""alpha_a"": 0.3, ""alpha_b"": 0.9, ""kappa_a"": 0.24, ""kappa_b"": 0.7200000000000001, ""n_per_group"": 200000.0}",0.3,0.9,0.24,0.7200000000000001,200000,empirical_value,0.14338000000000006,synthetic,ALL,not_applicable,not_applicable
EXP-01,SYNTHETIC EXPERIMENT,1729,full,664a150484ed2af3,6a86b1c31fa23909,"{""alpha_a"": 0.3, ""alpha_b"": 0.95, ""kappa_a"": 0.24, ""kappa_b"": 0.76, ""n_per_group"": 200000.0}",0.3,0.95,0.24,0.76,200000,empirical_value,0.15646499999999997,synthetic,ALL,not_applicable,not_applicable
EXP-01,SYNTHETIC EXPERIMENT,1729,full,664a150484ed2af3,5abd187b355317bf,"{""alpha_a"": 0.3, ""alpha_b"": 1.0, ""kappa_a"": 0.24, ""kappa_b"": 0.8, ""n_per_group"": 200000.0}",0.3,1.0,0.24,0.8,200000,empirical_value,0.16707499999999997,synthetic,ALL,not_applicable,not_applicable
EXP-01,SYNTHETIC EXPERIMENT,1729,full,664a150484ed2af3,35ff863b653eda18,"{""alpha_a"": 0.35, ""alpha_b"": 0.0, ""kappa_a"": 0.27999999999999997, ""kappa_b"": 0.0, ""n_per_group"": 200000.0}",0.35,0.0,0.27999999999999997,0.0,200000,empirical_value,0.08352499999999996,synthetic,ALL,not_applicable,not_applicable
EXP-01,SYNTHETIC EXPERIMENT,1729,full,664a150484ed2af3,835b894ab977de78,"{""alpha_a"": 0.35, ""alpha_b"": 0.05, ""kappa_a"": 0.27999999999999997, ""kappa_b"": 0.04000000000000001, ""n_per_group"": 200000.0}",0.35,0.05,0.27999999999999997,0.04000000000000001,200000,empirical_value,0.07001999999999997,synthetic,ALL,not_applicable,not_applicable
EXP-01,SYNTHETIC EXPERIMENT,1729,full,664a150484ed2af3,96db7e710d5d8d5b,"{""alpha_a"": 0.35, ""alpha_b"": 0.1, ""kappa_a"": 0.27999999999999997, ""kappa_b"": 0.08000000000000002, ""n_per_group"": 200000.0}",0.35,0.1,0.27999999999999997,0.08000000000000002,200000,empirical_value,0.06131500000000001,synthetic,ALL,not_applicable,not_applicable
EXP-01,SYNTHETIC EXPERIMENT,1729,full,664a150484ed2af3,1cd1ef01007577c6,"{""alpha_a"": 0.35, ""alpha_b"": 0.15, ""kappa_a"": 0.27999999999999997, ""kappa_b"": 0.12, ""n_per_group"": 200000.0}",0.35,0.15,0.27999999999999997,0.12,200000,empirical_value,0.049760000000000026,synthetic,ALL,not_applicable,not_applicable
EXP-01,SYNTHETIC EXPERIMENT,1729,full,664a150484ed2af3,5fb5746dbff61339,"{""alpha_a"": 0.35, ""alpha_b"": 0.2, ""kappa_a"": 0.27999999999999997, ""kappa_b"": 0.16000000000000003, ""n_per_group"": 200000.0}",0.35,0.2,0.27999999999999997,0.16000000000000003,200000,empirical_value,0.03620500000000004,synthetic,ALL,not_applicable,not_applicable
EXP-01,SYNTHETIC EXPERIMENT,1729,full,664a150484ed2af3,eeea2850752b4ae0,"{""alpha_a"": 0.35, ""alpha_b"": 0.25, ""kappa_a"": 0.27999999999999997, ""kappa_b"": 0.2, ""n_per_group"": 200000.0}",0.35,0.25,0.27999999999999997,0.2,200000,empirical_value,0.023745000000000016,synthetic,ALL,not_applicable,not_applicable
EXP-01,SYNTHETIC EXPERIMENT,1729,full,664a150484ed2af3,46e36898985c7369,"{""alpha_a"": 0.35, ""alpha_b"": 0.3, ""kappa_a"": 0.27999999999999997, ""kappa_b"": 0.24, ""n_per_group"": 200000.0}",0.35,0.3,0.27999999999999997,0.24,200000,empirical_value,0.012110000000000065,synthetic,ALL,not_applicable,not_applicable
EXP-01,SYNTHETIC EXPERIMENT,1729,full,664a150484ed2af3,8c0f64670193ec33,"{""alpha_a"": 0.35, ""alpha_b"": 0.35, ""kappa_a"": 0.27999999999999997, ""kappa_b"": 0.27999999999999997, ""n_per_group"": 200000.0}",0.35,0.35,0.27999999999999997,0.27999999999999997,200000,empirical_value,0.0010000000000000009,synthetic,ALL,not_applicable,not_applicable
EXP-01,SYNTHETIC EXPERIMENT,1729,full,664a150484ed2af3,23773c40b6a3599c,"{""alpha_a"": 0.35, ""alpha_b"": 0.4, ""kappa_a"": 0.27999999999999997, ""kappa_b"": 0.32000000000000006, ""n_per_group"": 200000.0}",0.35,0.4,0.27999999999999997,0.32000000000000006,200000,empirical_value,0.013624999999999998,synthetic,ALL,not_applicable,not_applicable
EXP-01,SYNTHETIC EXPERIMENT,1729,full,664a150484ed2af3,ae87cf9c564d23d2,"{""alpha_a"": 0.35, ""alpha_b"": 0.45, ""kappa_a"": 0.27999999999999997, ""kappa_b"": 0.36000000000000004, ""n_per_group"": 200000.0}",0.35,0.45,0.27999999999999997,0.36000000000000004,200000,empirical_value,0.02476999999999996,synthetic,ALL,not_applicable,not_applicable
EXP-01,SYNTHETIC EXPERIMENT,1729,full,664a150484ed2af3,91b4e5e35293ac26,"{""alpha_a"": 0.35, ""alpha_b"": 0.5, ""kappa_a"": 0.27999999999999997, ""kappa_b"": 0.4, ""n_per_group"": 200000.0}",0.35,0.5,0.27999999999999997,0.4,200000,empirical_value,0.036350000000000104,synthetic,ALL,not_applicable,not_applicable
EXP-01,SYNTHETIC EXPERIMENT,1729,full,664a150484ed2af3,6a57d6101833ea47,"{""alpha_a"": 0.35, ""alpha_b"": 0.55, ""kappa_a"": 0.27999999999999997, ""kappa_b"": 0.44000000000000006, ""n_per_group"": 200000.0}",0.35,0.55,0.27999999999999997,0.44000000000000006,200000,empirical_value,0.04990499999999998,synthetic,ALL,not_applicable,not_applicable
EXP-01,SYNTHETIC EXPERIMENT,1729,full,664a150484ed2af3,003ec52360400121,"{""alpha_a"": 0.35, ""alpha_b"": 0.6, ""kappa_a"": 0.27999999999999997, ""kappa_b"": 0.48, ""n_per_group"": 200000.0}",0.35,0.6,0.27999999999999997,0.48,200000,empirical_value,0.06069000000000002,synthetic,ALL,not_applicable,not_applicable
EXP-01,SYNTHETIC EXPERIMENT,1729,full,664a150484ed2af3,8151c1081acf6482,"{""alpha_a"": 0.35, ""alpha_b"": 0.65, ""kappa_a"": 0.27999999999999997, ""kappa_b"": 0.52, ""n_per_group"": 200000.0}",0.35,0.65,0.27999999999999997,0.52,200000,empirical_value,0.0713950000000001,synthetic,ALL,not_applicable,not_applicable
EXP-01,SYNTHETIC EXPERIMENT,1729,full,664a150484ed2af3,f81d8f6eabc0273e,"{""alpha_a"": 0.35, ""alpha_b"": 0.7, ""kappa_a"": 0.27999999999999997, ""kappa_b"": 0.5599999999999999, ""n_per_group"": 200000.0}",0.35,0.7,0.27999999999999997,0.5599999999999999,200000,empirical_value,0.08404,synthetic,ALL,not_applicable,not_applicable
EXP-01,SYNTHETIC EXPERIMENT,1729,full,664a150484ed2af3,d11941c1c1d6866e,"{""alpha_a"": 0.35, ""alpha_b"": 0.75, ""kappa_a"": 0.27999999999999997, ""kappa_b"": 0.6000000000000001, ""n_per_group"": 200000.0}",0.35,0.75,0.27999999999999997,0.6000000000000001,200000,empirical_value,0.09623499999999996,synthetic,ALL,not_applicable,not_applicable
EXP-01,SYNTHETIC EXPERIMENT,1729,full,664a150484ed2af3,e8a764d634ae1a8d,"{""alpha_a"": 0.35, ""alpha_b"": 0.8, ""kappa_a"": 0.27999999999999997, ""kappa_b"": 0.6400000000000001, ""n_per_group"": 200000.0}",0.35,0.8,0.27999999999999997,0.6400000000000001,200000,empirical_value,0.10731999999999997,synthetic,ALL,not_applicable,not_applicable
EXP-01,SYNTHETIC EXPERIMENT,1729,full,664a150484ed2af3,b8492f83caf37e44,"{""alpha_a"": 0.35, ""alpha_b"": 0.85, ""kappa_a"": 0.27999999999999997, ""kappa_b"": 0.68, ""n_per_group"": 200000.0}",0.35,0.85,0.27999999999999997,0.68,200000,empirical_value,0.11865999999999999,synthetic,ALL,not_applicable,not_applicable
EXP-01,SYNTHETIC EXPERIMENT,1729,full,664a150484ed2af3,6287da3aae39e980,"{""alpha_a"": 0.35, ""alpha_b"": 0.9, ""kappa_a"": 0.27999999999999997, ""kappa_b"": 0.7200000000000001, ""n_per_group"": 200000.0}",0.35,0.9,0.27999999999999997,0.7200000000000001,200000,empirical_value,0.13158999999999998,synthetic,ALL,not_applicable,not_applicable
EXP-01,SYNTHETIC EXPERIMENT,1729,full,664a150484ed2af3,2b32f27fd4e80a79,"{""alpha_a"": 0.35, ""alpha_b"": 0.95, ""kappa_a"": 0.27999999999999997, ""kappa_b"": 0.76, ""n_per_group"": 200000.0}",0.35,0.95,0.27999999999999997,0.76,200000,empirical_value,0.14539999999999997,synthetic,ALL,not_applicable,not_applicable
EXP-01,SYNTHETIC EXPERIMENT,1729,full,664a150484ed2af3,4d7933012ad65dbf,"{""alpha_a"": 0.35, ""alpha_b"": 1.0, ""kappa_a"": 0.27999999999999997, ""kappa_b"": 0.8, ""n_per_group"": 200000.0}",0.35,1.0,0.27999999999999997,0.8,200000,empirical_value,0.1553150000000001,synthetic,ALL,not_applicable,not_applicable
EXP-01,SYNTHETIC EXPERIMENT,1729,full,664a150484ed2af3,fd3ca451b2202475,"{""alpha_a"": 0.4, ""alpha_b"": 0.0, ""kappa_a"": 0.32000000000000006, ""kappa_b"": 0.0, ""n_per_group"": 200000.0}",0.4,0.0,0.32000000000000006,0.0,200000,empirical_value,0.09424500000000002,synthetic,ALL,not_applicable,not_applicable
EXP-01,SYNTHETIC EXPERIMENT,1729,full,664a150484ed2af3,63e807603323db67,"{""alpha_a"": 0.4, ""alpha_b"": 0.05, ""kappa_a"": 0.32000000000000006, ""kappa_b"": 0.04000000000000001, ""n_per_group"": 200000.0}",0.4,0.05,0.32000000000000006,0.04000000000000001,200000,empirical_value,0.08324999999999994,synthetic,ALL,not_applicable,not_applicable
EXP-01,SYNTHETIC EXPERIMENT,1729,full,664a150484ed2af3,9bdc3fb5a6006220,"{""alpha_a"": 0.4, ""alpha_b"": 0.1, ""kappa_a"": 0.32000000000000006, ""kappa_b"": 0.08000000000000002, ""n_per_group"": 200000.0}",0.4,0.1,0.32000000000000006,0.08000000000000002,200000,empirical_value,0.07411999999999996,synthetic,ALL,not_applicable,not_applicable
EXP-01,SYNTHETIC EXPERIMENT,1729,full,664a150484ed2af3,97a60a27eda409c1,"{""alpha_a"": 0.4, ""alpha_b"": 0.15, ""kappa_a"": 0.32000000000000006, ""kappa_b"": 0.12, ""n_per_group"": 200000.0}",0.4,0.15,0.32000000000000006,0.12,200000,empirical_value,0.058230000000000004,synthetic,ALL,not_applicable,not_applicable
EXP-01,SYNTHETIC EXPERIMENT,1729,full,664a150484ed2af3,7a120db23a63e449,"{""alpha_a"": 0.4, ""alpha_b"": 0.2, ""kappa_a"": 0.32000000000000006, ""kappa_b"": 0.16000000000000003, ""n_per_group"": 200000.0}",0.4,0.2,0.32000000000000006,0.16000000000000003,200000,empirical_value,0.04818,synthetic,ALL,not_applicable,not_applicable
EXP-01,SYNTHETIC EXPERIMENT,1729,full,664a150484ed2af3,7ffcf6878c61b440,"{""alpha_a"": 0.4, ""alpha_b"": 0.25, ""kappa_a"": 0.32000000000000006, ""kappa_b"": 0.2, ""n_per_group"": 200000.0}",0.4,0.25,0.32000000000000006,0.2,200000,empirical_value,0.034640000000000004,synthetic,ALL,not_applicable,not_applicable
EXP-01,SYNTHETIC EXPERIMENT,1729,full,664a150484ed2af3,230e3561fa16a6d7,"{""alpha_a"": 0.4, ""alpha_b"": 0.3, ""kappa_a"": 0.32000000000000006, ""kappa_b"": 0.24, ""n_per_group"": 200000.0}",0.4,0.3,0.32000000000000006,0.24,200000,empirical_value,0.024764999999999926,synthetic,ALL,not_applicable,not_applicable
EXP-01,SYNTHETIC EXPERIMENT,1729,full,664a150484ed2af3,03fbaac52b776e02,"{""alpha_a"": 0.4, ""alpha_b"": 0.35, ""kappa_a"": 0.32000000000000006, ""kappa_b"": 0.27999999999999997, ""n_per_group"": 200000.0}",0.4,0.35,0.32000000000000006,0.27999999999999997,200000,empirical_value,0.012225000000000041,synthetic,ALL,not_applicable,not_applicable
EXP-01,SYNTHETIC EXPERIMENT,1729,full,664a150484ed2af3,03ded27d9830e29b,"{""alpha_a"": 0.4, ""alpha_b"": 0.4, ""kappa_a"": 0.32000000000000006, ""kappa_b"": 0.32000000000000006, ""n_per_group"": 200000.0}",0.4,0.4,0.32000000000000006,0.32000000000000006,200000,empirical_value,0.00042000000000008697,synthetic,ALL,not_applicable,not_applicable
EXP-01,SYNTHETIC EXPERIMENT,1729,full,664a150484ed2af3,d0089757333dae2c,"{""alpha_a"": 0.4, ""alpha_b"": 0.45, ""kappa_a"": 0.32000000000000006, ""kappa_b"": 0.36000000000000004, ""n_per_group"": 200000.0}",0.4,0.45,0.32000000000000006,0.36000000000000004,200000,empirical_value,0.013655000000000084,synthetic,ALL,not_applicable,not_applicable
EXP-01,SYNTHETIC EXPERIMENT,1729,full,664a150484ed2af3,efd4df14d055430f,"{""alpha_a"": 0.4, ""alpha_b"": 0.5, ""kappa_a"": 0.32000000000000006, ""kappa_b"": 0.4, ""n_per_group"": 200000.0}",0.4,0.5,0.32000000000000006,0.4,200000,empirical_value,0.022804999999999964,synthetic,ALL,not_applicable,not_applicable
EXP-01,SYNTHETIC EXPERIMENT,1729,full,664a150484ed2af3,63f7ebf65d44ba8e,"{""alpha_a"": 0.4, ""alpha_b"": 0.55, ""kappa_a"": 0.32000000000000006, ""kappa_b"": 0.44000000000000006, ""n_per_group"": 200000.0}",0.4,0.55,0.32000000000000006,0.44000000000000006,200000,empirical_value,0.03637000000000001,synthetic,ALL,not_applicable,not_applicable
EXP-01,SYNTHETIC EXPERIMENT,1729,full,664a150484ed2af3,1cc1ca6e183f8a2b,"{""alpha_a"": 0.4, ""alpha_b"": 0.6, ""kappa_a"": 0.32000000000000006, ""kappa_b"": 0.48, ""n_per_group"": 200000.0}",0.4,0.6,0.32000000000000006,0.48,200000,empirical_value,0.04927500000000007,synthetic,ALL,not_applicable,not_applicable
EXP-01,SYNTHETIC EXPERIMENT,1729,full,664a150484ed2af3,cfb71de8aed2d04d,"{""alpha_a"": 0.4, ""alpha_b"": 0.65, ""kappa_a"": 0.32000000000000006, ""kappa_b"": 0.52, ""n_per_group"": 200000.0}",0.4,0.65,0.32000000000000006,0.52,200000,empirical_value,0.05886000000000002,synthetic,ALL,not_applicable,not_applicable
EXP-01,SYNTHETIC EXPERIMENT,1729,full,664a150484ed2af3,e7abb5db68be3d5d,"{""alpha_a"": 0.4, ""alpha_b"": 0.7, ""kappa_a"": 0.32000000000000006, ""kappa_b"": 0.5599999999999999, ""n_per_group"": 200000.0}",0.4,0.7,0.32000000000000006,0.5599999999999999,200000,empirical_value,0.07301999999999997,synthetic,ALL,not_applicable,not_applicable
EXP-01,SYNTHETIC EXPERIMENT,1729,full,664a150484ed2af3,103b3c3f95fd79de,"{""alpha_a"": 0.4, ""alpha_b"": 0.75, ""kappa_a"": 0.32000000000000006, ""kappa_b"": 0.6000000000000001, ""n_per_group"": 200000.0}",0.4,0.75,0.32000000000000006,0.6000000000000001,200000,empirical_value,0.08318000000000003,synthetic,ALL,not_applicable,not_applicable
EXP-01,SYNTHETIC EXPERIMENT,1729,full,664a150484ed2af3,fa9dc58ce3a3d192,"{""alpha_a"": 0.4, ""alpha_b"": 0.8, ""kappa_a"": 0.32000000000000006, ""kappa_b"": 0.6400000000000001, ""n_per_group"": 200000.0}",0.4,0.8,0.32000000000000006,0.6400000000000001,200000,empirical_value,0.095225,synthetic,ALL,not_applicable,not_applicable
EXP-01,SYNTHETIC EXPERIMENT,1729,full,664a150484ed2af3,09bba40ea7955ff9,"{""alpha_a"": 0.4, ""alpha_b"": 0.85, ""kappa_a"": 0.32000000000000006, ""kappa_b"": 0.68, ""n_per_group"": 200000.0}",0.4,0.85,0.32000000000000006,0.68,200000,empirical_value,0.10816999999999999,synthetic,ALL,not_applicable,not_applicable
EXP-01,SYNTHETIC EXPERIMENT,1729,full,664a150484ed2af3,b4b59d4a4736894e,"{""alpha_a"": 0.4, ""alpha_b"": 0.9, ""kappa_a"": 0.32000000000000006, ""kappa_b"": 0.7200000000000001, ""n_per_group"": 200000.0}",0.4,0.9,0.32000000000000006,0.7200000000000001,200000,empirical_value,0.11973,synthetic,ALL,not_applicable,not_applicable
EXP-01,SYNTHETIC EXPERIMENT,1729,full,664a150484ed2af3,e8ae8ee79c12ce05,"{""alpha_a"": 0.4, ""alpha_b"": 0.95, ""kappa_a"": 0.32000000000000006, ""kappa_b"": 0.76, ""n_per_group"": 200000.0}",0.4,0.95,0.32000000000000006,0.76,200000,empirical_value,0.13093,synthetic,ALL,not_applicable,not_applicable
EXP-01,SYNTHETIC EXPERIMENT,1729,full,664a150484ed2af3,fdd731c5034f3760,"{""alpha_a"": 0.4, ""alpha_b"": 1.0, ""kappa_a"": 0.32000000000000006, ""kappa_b"": 0.8, ""n_per_group"": 200000.0}",0.4,1.0,0.32000000000000006,0.8,200000,empirical_value,0.143115,synthetic,ALL,not_applicable,not_applicable
EXP-01,SYNTHETIC EXPERIMENT,1729,full,664a150484ed2af3,3bc2c22b7e765bc4,"{""alpha_a"": 0.45, ""alpha_b"": 0.0, ""kappa_a"": 0.36000000000000004, ""kappa_b"": 0.0, ""n_per_group"": 200000.0}",0.45,0.0,0.36000000000000004,0.0,200000,empirical_value,0.11104999999999998,synthetic,ALL,not_applicable,not_applicable
EXP-01,SYNTHETIC EXPERIMENT,1729,full,664a150484ed2af3,c1c326a6a3dca213,"{""alpha_a"": 0.45, ""alpha_b"": 0.05, ""kappa_a"": 0.36000000000000004, ""kappa_b"": 0.04000000000000001, ""n_per_group"": 200000.0}",0.45,0.05,0.36000000000000004,0.04000000000000001,200000,empirical_value,0.09691000000000005,synthetic,ALL,not_applicable,not_applicable
EXP-01,SYNTHETIC EXPERIMENT,1729,full,664a150484ed2af3,347d0774540d85da,"{""alpha_a"": 0.45, ""alpha_b"": 0.1, ""kappa_a"": 0.36000000000000004, ""kappa_b"": 0.08000000000000002, ""n_per_group"": 200000.0}",0.45,0.1,0.36000000000000004,0.08000000000000002,200000,empirical_value,0.08453,synthetic,ALL,not_applicable,not_applicable
EXP-01,SYNTHETIC EXPERIMENT,1729,full,664a150484ed2af3,2016120a8fc63390,"{""alpha_a"": 0.45, ""alpha_b"": 0.15, ""kappa_a"": 0.36000000000000004, ""kappa_b"": 0.12, ""n_per_group"": 200000.0}",0.45,0.15,0.36000000000000004,0.12,200000,empirical_value,0.07147499999999996,synthetic,ALL,not_applicable,not_applicable
EXP-01,SYNTHETIC EXPERIMENT,1729,full,664a150484ed2af3,1b652a39b9738507,"{""alpha_a"": 0.45, ""alpha_b"": 0.2, ""kappa_a"": 0.36000000000000004, ""kappa_b"": 0.16000000000000003, ""n_per_group"": 200000.0}",0.45,0.2,0.36000000000000004,0.16000000000000003,200000,empirical_value,0.058760000000000034,synthetic,ALL,not_applicable,not_applicable
EXP-01,SYNTHETIC EXPERIMENT,1729,full,664a150484ed2af3,dc259b734594bede,"{""alpha_a"": 0.45, ""alpha_b"": 0.25, ""kappa_a"": 0.36000000000000004, ""kappa_b"": 0.2, ""n_per_group"": 200000.0}",0.45,0.25,0.36000000000000004,0.2,200000,empirical_value,0.048839999999999995,synthetic,ALL,not_applicable,not_applicable
EXP-01,SYNTHETIC EXPERIMENT,1729,full,664a150484ed2af3,bce5e46cd91d2816,"{""alpha_a"": 0.45, ""alpha_b"": 0.3, ""kappa_a"": 0.36000000000000004, ""kappa_b"": 0.24, ""n_per_group"": 200000.0}",0.45,0.3,0.36000000000000004,0.24,200000,empirical_value,0.03473499999999996,synthetic,ALL,not_applicable,not_applicable
EXP-01,SYNTHETIC EXPERIMENT,1729,full,664a150484ed2af3,91722f0d6b9ef0a3,"{""alpha_a"": 0.45, ""alpha_b"": 0.35, ""kappa_a"": 0.36000000000000004, ""kappa_b"": 0.27999999999999997, ""n_per_group"": 200000.0}",0.45,0.35,0.36000000000000004,0.27999999999999997,200000,empirical_value,0.023074999999999957,synthetic,ALL,not_applicable,not_applicable
EXP-01,SYNTHETIC EXPERIMENT,1729,full,664a150484ed2af3,6d6fab7de068f0b7,"{""alpha_a"": 0.45, ""alpha_b"": 0.4, ""kappa_a"": 0.36000000000000004, ""kappa_b"": 0.32000000000000006, ""n_per_group"": 200000.0}",0.45,0.4,0.36000000000000004,0.32000000000000006,200000,empirical_value,0.012604999999999977,synthetic,ALL,not_applicable,not_applicable
EXP-01,SYNTHETIC EXPERIMENT,1729,full,664a150484ed2af3,fe2e18d354fc4b93,"{""alpha_a"": 0.45, ""alpha_b"": 0.45, ""kappa_a"": 0.36000000000000004, ""kappa_b"": 0.36000000000000004, ""n_per_group"": 200000.0}",0.45,0.45,0.36000000000000004,0.36000000000000004,200000,empirical_value,0.0006950000000000012,synthetic,ALL,not_applicable,not_applicable
EXP-01,SYNTHETIC EXPERIMENT,1729,full,664a150484ed2af3,c9687dad408ba59b,"{""alpha_a"": 0.45, ""alpha_b"": 0.5, ""kappa_a"": 0.36000000000000004, ""kappa_b"": 0.4, ""n_per_group"": 200000.0}",0.45,0.5,0.36000000000000004,0.4,200000,empirical_value,0.012889999999999957,synthetic,ALL,not_applicable,not_applicable
EXP-01,SYNTHETIC EXPERIMENT,1729,full,664a150484ed2af3,46144f8fc8706c6a,"{""alpha_a"": 0.45, ""alpha_b"": 0.55, ""kappa_a"": 0.36000000000000004, ""kappa_b"": 0.44000000000000006, ""n_per_group"": 200000.0}",0.45,0.55,0.36000000000000004,0.44000000000000006,200000,empirical_value,0.024939999999999962,synthetic,ALL,not_applicable,not_applicable
EXP-01,SYNTHETIC EXPERIMENT,1729,full,664a150484ed2af3,20e042f8fd00acde,"{""alpha_a"": 0.45, ""alpha_b"": 0.6, ""kappa_a"": 0.36000000000000004, ""kappa_b"": 0.48, ""n_per_group"": 200000.0}",0.45,0.6,0.36000000000000004,0.48,200000,empirical_value,0.03429000000000004,synthetic,ALL,not_applicable,not_applicable
EXP-01,SYNTHETIC EXPERIMENT,1729,full,664a150484ed2af3,930255b761934dae,"{""alpha_a"": 0.45, ""alpha_b"": 0.65, ""kappa_a"": 0.36000000000000004, ""kappa_b"": 0.52, ""n_per_group"": 200000.0}",0.45,0.65,0.36000000000000004,0.52,200000,empirical_value,0.046520000000000006,synthetic,ALL,not_applicable,not_applicable
EXP-01,SYNTHETIC EXPERIMENT,1729,full,664a150484ed2af3,1d7c482c26022f4e,"{""alpha_a"": 0.45, ""alpha_b"": 0.7, ""kappa_a"": 0.36000000000000004, ""kappa_b"": 0.5599999999999999, ""n_per_group"": 200000.0}",0.45,0.7,0.36000000000000004,0.5599999999999999,200000,empirical_value,0.05907499999999999,synthetic,ALL,not_applicable,not_applicable
EXP-01,SYNTHETIC EXPERIMENT,1729,full,664a150484ed2af3,2ce6124126bd3e85,"{""alpha_a"": 0.45, ""alpha_b"": 0.75, ""kappa_a"": 0.36000000000000004, ""kappa_b"": 0.6000000000000001, ""n_per_group"": 200000.0}",0.45,0.75,0.36000000000000004,0.6000000000000001,200000,empirical_value,0.07028499999999993,synthetic,ALL,not_applicable,not_applicable
EXP-01,SYNTHETIC EXPERIMENT,1729,full,664a150484ed2af3,dcc3fc77ff3c93cc,"{""alpha_a"": 0.45, ""alpha_b"": 0.8, ""kappa_a"": 0.36000000000000004, ""kappa_b"": 0.6400000000000001, ""n_per_group"": 200000.0}",0.45,0.8,0.36000000000000004,0.6400000000000001,200000,empirical_value,0.08386000000000005,synthetic,ALL,not_applicable,not_applicable
EXP-01,SYNTHETIC EXPERIMENT,1729,full,664a150484ed2af3,32b6f44fbb5ee4e9,"{""alpha_a"": 0.45, ""alpha_b"": 0.85, ""kappa_a"": 0.36000000000000004, ""kappa_b"": 0.68, ""n_per_group"": 200000.0}",0.45,0.85,0.36000000000000004,0.68,200000,empirical_value,0.09636999999999996,synthetic,ALL,not_applicable,not_applicable
EXP-01,SYNTHETIC EXPERIMENT,1729,full,664a150484ed2af3,937dbef27968b658,"{""alpha_a"": 0.45, ""alpha_b"": 0.9, ""kappa_a"": 0.36000000000000004, ""kappa_b"": 0.7200000000000001, ""n_per_group"": 200000.0}",0.45,0.9,0.36000000000000004,0.7200000000000001,200000,empirical_value,0.109205,synthetic,ALL,not_applicable,not_applicable
EXP-01,SYNTHETIC EXPERIMENT,1729,full,664a150484ed2af3,2db1985a44078181,"{""alpha_a"": 0.45, ""alpha_b"": 0.95, ""kappa_a"": 0.36000000000000004, ""kappa_b"": 0.76, ""n_per_group"": 200000.0}",0.45,0.95,0.36000000000000004,0.76,200000,empirical_value,0.12053499999999995,synthetic,ALL,not_applicable,not_applicable
EXP-01,SYNTHETIC EXPERIMENT,1729,full,664a150484ed2af3,e462c422d18f96c1,"{""alpha_a"": 0.45, ""alpha_b"": 1.0, ""kappa_a"": 0.36000000000000004, ""kappa_b"": 0.8, ""n_per_group"": 200000.0}",0.45,1.0,0.36000000000000004,0.8,200000,empirical_value,0.131675,synthetic,ALL,not_applicable,not_applicable
EXP-01,SYNTHETIC EXPERIMENT,1729,full,664a150484ed2af3,2317e2da2e740d7a,"{""alpha_a"": 0.5, ""alpha_b"": 0.0, ""kappa_a"": 0.4, ""kappa_b"": 0.0, ""n_per_group"": 200000.0}",0.5,0.0,0.4,0.0,200000,empirical_value,0.11977500000000008,synthetic,ALL,not_applicable,not_applicable
EXP-01,SYNTHETIC EXPERIMENT,1729,full,664a150484ed2af3,5f880bbc3524c602,"{""alpha_a"": 0.5, ""alpha_b"": 0.05, ""kappa_a"": 0.4, ""kappa_b"": 0.04000000000000001, ""n_per_group"": 200000.0}",0.5,0.05,0.4,0.04000000000000001,200000,empirical_value,0.10851,synthetic,ALL,not_applicable,not_applicable
EXP-01,SYNTHETIC EXPERIMENT,1729,full,664a150484ed2af3,cbee727bbee8b172,"{""alpha_a"": 0.5, ""alpha_b"": 0.1, ""kappa_a"": 0.4, ""kappa_b"": 0.08000000000000002, ""n_per_group"": 200000.0}",0.5,0.1,0.4,0.08000000000000002,200000,empirical_value,0.09457499999999996,synthetic,ALL,not_applicable,not_applicable
EXP-01,SYNTHETIC EXPERIMENT,1729,full,664a150484ed2af3,c549ed94dc85c072,"{""alpha_a"": 0.5, ""alpha_b"": 0.15, ""kappa_a"": 0.4, ""kappa_b"": 0.12, ""n_per_group"": 200000.0}",0.5,0.15,0.4,0.12,200000,empirical_value,0.08426999999999996,synthetic,ALL,not_applicable,not_applicable
EXP-01,SYNTHETIC EXPERIMENT,1729,full,664a150484ed2af3,e5c7966f86ab0d99,"{""alpha_a"": 0.5, ""alpha_b"": 0.2, ""kappa_a"": 0.4, ""kappa_b"": 0.16000000000000003, ""n_per_group"": 200000.0}",0.5,0.2,0.4,0.16000000000000003,200000,empirical_value,0.07232000000000005,synthetic,ALL,not_applicable,not_applicable
EXP-01,SYNTHETIC EXPERIMENT,1729,full,664a150484ed2af3,51b1b4f5c30b1713,"{""alpha_a"": 0.5, ""alpha_b"": 0.25, ""kappa_a"": 0.4, ""kappa_b"": 0.2, ""n_per_group"": 200000.0}",0.5,0.25,0.4,0.2,200000,empirical_value,0.059170000000000056,synthetic,ALL,not_applicable,not_applicable
EXP-01,SYNTHETIC EXPERIMENT,1729,full,664a150484ed2af3,72fe656b641cc483,"{""alpha_a"": 0.5, ""alpha_b"": 0.3, ""kappa_a"": 0.4, ""kappa_b"": 0.24, ""n_per_group"": 200000.0}",0.5,0.3,0.4,0.24,200000,empirical_value,0.050875000000000004,synthetic,ALL,not_applicable,not_applicable
EXP-01,SYNTHETIC EXPERIMENT,1729,full,664a150484ed2af3,af622726dbd9c3ec,"{""alpha_a"": 0.5, ""alpha_b"": 0.35, ""kappa_a"": 0.4, ""kappa_b"": 0.27999999999999997, ""n_per_group"": 200000.0}",0.5,0.35,0.4,0.27999999999999997,200000,empirical_value,0.03788500000000006,synthetic,ALL,not_applicable,not_applicable
EXP-01,SYNTHETIC EXPERIMENT,1729,full,664a150484ed2af3,a8d1656ae2edbe4f,"{""alpha_a"": 0.5, ""alpha_b"": 0.4, ""kappa_a"": 0.4, ""kappa_b"": 0.32000000000000006, ""n_per_group"": 200000.0}",0.5,0.4,0.4,0.32000000000000006,200000,empirical_value,0.023925000000000085,synthetic,ALL,not_applicable,not_applicable
EXP-01,SYNTHETIC EXPERIMENT,1729,full,664a150484ed2af3,3392003f79f25b89,"{""alpha_a"": 0.5, ""alpha_b"": 0.45, ""kappa_a"": 0.4, ""kappa_b"": 0.36000000000000004, ""n_per_group"": 200000.0}",0.5,0.45,0.4,0.36000000000000004,200000,empirical_value,0.012295000000000056,synthetic,ALL,not_applicable,not_applicable
EXP-01,SYNTHETIC EXPERIMENT,1729,full,664a150484ed2af3,6beae1245aca91e7,"{""alpha_a"": 0.5, ""alpha_b"": 0.5, ""kappa_a"": 0.4, ""kappa_b"": 0.4, ""n_per_group"": 200000.0}",0.5,0.5,0.4,0.4,200000,empirical_value,0.0004849999999999577,synthetic,ALL,not_applicable,not_applicable
EXP-01,SYNTHETIC EXPERIMENT,1729,full,664a150484ed2af3,e09e5da7081a7b00,"{""alpha_a"": 0.5, ""alpha_b"": 0.55, ""kappa_a"": 0.4, ""kappa_b"": 0.44000000000000006, ""n_per_group"": 200000.0}",0.5,0.55,0.4,0.44000000000000006,200000,empirical_value,0.011390000000000011,synthetic,ALL,not_applicable,not_applicable
EXP-01,SYNTHETIC EXPERIMENT,1729,full,664a150484ed2af3,1062d55c00574d05,"{""alpha_a"": 0.5, ""alpha_b"": 0.6, ""kappa_a"": 0.4, ""kappa_b"": 0.48, ""n_per_group"": 200000.0}",0.5,0.6,0.4,0.48,200000,empirical_value,0.023865000000000025,synthetic,ALL,not_applicable,not_applicable
EXP-01,SYNTHETIC EXPERIMENT,1729,full,664a150484ed2af3,d98db135ea8d5701,"{""alpha_a"": 0.5, ""alpha_b"": 0.65, ""kappa_a"": 0.4, ""kappa_b"": 0.52, ""n_per_group"": 200000.0}",0.5,0.65,0.4,0.52,200000,empirical_value,0.03654999999999997,synthetic,ALL,not_applicable,not_applicable
EXP-01,SYNTHETIC EXPERIMENT,1729,full,664a150484ed2af3,3daace0638f99e2f,"{""alpha_a"": 0.5, ""alpha_b"": 0.7, ""kappa_a"": 0.4, ""kappa_b"": 0.5599999999999999, ""n_per_group"": 200000.0}",0.5,0.7,0.4,0.5599999999999999,200000,empirical_value,0.04842000000000002,synthetic,ALL,not_applicable,not_applicable
EXP-01,SYNTHETIC EXPERIMENT,1729,full,664a150484ed2af3,a5041d65159fb462,"{""alpha_a"": 0.5, ""alpha_b"": 0.75, ""kappa_a"": 0.4, ""kappa_b"": 0.6000000000000001, ""n_per_group"": 200000.0}",0.5,0.75,0.4,0.6000000000000001,200000,empirical_value,0.058560000000000056,synthetic,ALL,not_applicable,not_applicable
EXP-01,SYNTHETIC EXPERIMENT,1729,full,664a150484ed2af3,ce083d1501305d1c,"{""alpha_a"": 0.5, ""alpha_b"": 0.8, ""kappa_a"": 0.4, ""kappa_b"": 0.6400000000000001, ""n_per_group"": 200000.0}",0.5,0.8,0.4,0.6400000000000001,200000,empirical_value,0.07352999999999998,synthetic,ALL,not_applicable,not_applicable
EXP-01,SYNTHETIC EXPERIMENT,1729,full,664a150484ed2af3,6b66bbcc88daace4,"{""alpha_a"": 0.5, ""alpha_b"": 0.85, ""kappa_a"": 0.4, ""kappa_b"": 0.68, ""n_per_group"": 200000.0}",0.5,0.85,0.4,0.68,200000,empirical_value,0.08469500000000008,synthetic,ALL,not_applicable,not_applicable
EXP-01,SYNTHETIC EXPERIMENT,1729,full,664a150484ed2af3,74f5aa3687c13f75,"{""alpha_a"": 0.5, ""alpha_b"": 0.9, ""kappa_a"": 0.4, ""kappa_b"": 0.7200000000000001, ""n_per_group"": 200000.0}",0.5,0.9,0.4,0.7200000000000001,200000,empirical_value,0.09662000000000004,synthetic,ALL,not_applicable,not_applicable
EXP-01,SYNTHETIC EXPERIMENT,1729,full,664a150484ed2af3,32688959679582cb,"{""alpha_a"": 0.5, ""alpha_b"": 0.95, ""kappa_a"": 0.4, ""kappa_b"": 0.76, ""n_per_group"": 200000.0}",0.5,0.95,0.4,0.76,200000,empirical_value,0.11025499999999999,synthetic,ALL,not_applicable,not_applicable
EXP-01,SYNTHETIC EXPERIMENT,1729,full,664a150484ed2af3,32c63b25e253f30f,"{""alpha_a"": 0.5, ""alpha_b"": 1.0, ""kappa_a"": 0.4, ""kappa_b"": 0.8, ""n_per_group"": 200000.0}",0.5,1.0,0.4,0.8,200000,empirical_value,0.11960000000000004,synthetic,ALL,not_applicable,not_applicable
EXP-01,SYNTHETIC EXPERIMENT,1729,full,664a150484ed2af3,98adb6a0ac9f9b3d,"{""alpha_a"": 0.55, ""alpha_b"": 0.0, ""kappa_a"": 0.44000000000000006, ""kappa_b"": 0.0, ""n_per_group"": 200000.0}",0.55,0.0,0.44000000000000006,0.0,200000,empirical_value,0.13205999999999996,synthetic,ALL,not_applicable,not_applicable
EXP-01,SYNTHETIC EXPERIMENT,1729,full,664a150484ed2af3,78a5de4ade8b5736,"{""alpha_a"": 0.55, ""alpha_b"": 0.05, ""kappa_a"": 0.44000000000000006, ""kappa_b"": 0.04000000000000001, ""n_per_group"": 200000.0}",0.55,0.05,0.44000000000000006,0.04000000000000001,200000,empirical_value,0.11948000000000003,synthetic,ALL,not_applicable,not_applicable
EXP-01,SYNTHETIC EXPERIMENT,1729,full,664a150484ed2af3,4845ede7694bed0b,"{""alpha_a"": 0.55, ""alpha_b"": 0.1, ""kappa_a"": 0.44000000000000006, ""kappa_b"": 0.08000000000000002, ""n_per_group"": 200000.0}",0.55,0.1,0.44000000000000006,0.08000000000000002,200000,empirical_value,0.11050499999999996,synthetic,ALL,not_applicable,not_applicable
EXP-01,SYNTHETIC EXPERIMENT,1729,full,664a150484ed2af3,d561748042cedcef,"{""alpha_a"": 0.55, ""alpha_b"": 0.15, ""kappa_a"": 0.44000000000000006, ""kappa_b"": 0.12, ""n_per_group"": 200000.0}",0.55,0.15,0.44000000000000006,0.12,200000,empirical_value,0.09516000000000002,synthetic,ALL,not_applicable,not_applicable
EXP-01,SYNTHETIC EXPERIMENT,1729,full,664a150484ed2af3,8751ce8981d1ab37,"{""alpha_a"": 0.55, ""alpha_b"": 0.2, ""kappa_a"": 0.44000000000000006, ""kappa_b"": 0.16000000000000003, ""n_per_group"": 200000.0}",0.55,0.2,0.44000000000000006,0.16000000000000003,200000,empirical_value,0.08343,synthetic,ALL,not_applicable,not_applicable
EXP-01,SYNTHETIC EXPERIMENT,1729,full,664a150484ed2af3,12dfd3a079d67fa3,"{""alpha_a"": 0.55, ""alpha_b"": 0.25, ""kappa_a"": 0.44000000000000006, ""kappa_b"": 0.2, ""n_per_group"": 200000.0}",0.55,0.25,0.44000000000000006,0.2,200000,empirical_value,0.07350999999999996,synthetic,ALL,not_applicable,not_applicable
EXP-01,SYNTHETIC EXPERIMENT,1729,full,664a150484ed2af3,e4d4837ff7754ea2,"{""alpha_a"": 0.55, ""alpha_b"": 0.3, ""kappa_a"": 0.44000000000000006, ""kappa_b"": 0.24, ""n_per_group"": 200000.0}",0.55,0.3,0.44000000000000006,0.24,200000,empirical_value,0.06263999999999992,synthetic,ALL,not_applicable,not_applicable
EXP-01,SYNTHETIC EXPERIMENT,1729,full,664a150484ed2af3,8aac5e321030839e,"{""alpha_a"": 0.55, ""alpha_b"": 0.35, ""kappa_a"": 0.44000000000000006, ""kappa_b"": 0.27999999999999997, ""n_per_group"": 200000.0}",0.55,0.35,0.44000000000000006,0.27999999999999997,200000,empirical_value,0.046725000000000017,synthetic,ALL,not_applicable,not_applicable
EXP-01,SYNTHETIC EXPERIMENT,1729,full,664a150484ed2af3,a6e0dabdc5c1de0a,"{""alpha_a"": 0.55, ""alpha_b"": 0.4, ""kappa_a"": 0.44000000000000006, ""kappa_b"": 0.32000000000000006, ""n_per_group"": 200000.0}",0.55,0.4,0.44000000000000006,0.32000000000000006,200000,empirical_value,0.03611999999999993,synthetic,ALL,not_applicable,not_applicable
EXP-01,SYNTHETIC EXPERIMENT,1729,full,664a150484ed2af3,6b9cb14935daa48e,"{""alpha_a"": 0.55, ""alpha_b"": 0.45, ""kappa_a"": 0.44000000000000006, ""kappa_b"": 0.36000000000000004, ""n_per_group"": 200000.0}",0.55,0.45,0.44000000000000006,0.36000000000000004,200000,empirical_value,0.024839999999999973,synthetic,ALL,not_applicable,not_applicable
EXP-01,SYNTHETIC EXPERIMENT,1729,full,664a150484ed2af3,d23e16099cb9ffe6,"{""alpha_a"": 0.55, ""alpha_b"": 0.5, ""kappa_a"": 0.44000000000000006, ""kappa_b"": 0.4, ""n_per_group"": 200000.0}",0.55,0.5,0.44000000000000006,0.4,200000,empirical_value,0.011189999999999922,synthetic,ALL,not_applicable,not_applicable
EXP-01,SYNTHETIC EXPERIMENT,1729,full,664a150484ed2af3,5d08b2ce05bfb185,"{""alpha_a"": 0.55, ""alpha_b"": 0.55, ""kappa_a"": 0.44000000000000006, ""kappa_b"": 0.44000000000000006, ""n_per_group"": 200000.0}",0.55,0.55,0.44000000000000006,0.44000000000000006,200000,empirical_value,9.00000000000345e-05,synthetic,ALL,not_applicable,not_applicable
EXP-01,SYNTHETIC EXPERIMENT,1729,full,664a150484ed2af3,91194d1ea7ca542b,"{""alpha_a"": 0.55, ""alpha_b"": 0.6, ""kappa_a"": 0.44000000000000006, ""kappa_b"": 0.48, ""n_per_group"": 200000.0}",0.55,0.6,0.44000000000000006,0.48,200000,empirical_value,0.013584999999999958,synthetic,ALL,not_applicable,not_applicable
EXP-01,SYNTHETIC EXPERIMENT,1729,full,664a150484ed2af3,c8c2017e28a9d555,"{""alpha_a"": 0.55, ""alpha_b"": 0.65, ""kappa_a"": 0.44000000000000006, ""kappa_b"": 0.52, ""n_per_group"": 200000.0}",0.55,0.65,0.44000000000000006,0.52,200000,empirical_value,0.023839999999999972,synthetic,ALL,not_applicable,not_applicable
EXP-01,SYNTHETIC EXPERIMENT,1729,full,664a150484ed2af3,23418fc93e09469c,"{""alpha_a"": 0.55, ""alpha_b"": 0.7, ""kappa_a"": 0.44000000000000006, ""kappa_b"": 0.5599999999999999, ""n_per_group"": 200000.0}",0.55,0.7,0.44000000000000006,0.5599999999999999,200000,empirical_value,0.03605999999999998,synthetic,ALL,not_applicable,not_applicable
EXP-01,SYNTHETIC EXPERIMENT,1729,full,664a150484ed2af3,bd14f0b165623491,"{""alpha_a"": 0.55, ""alpha_b"": 0.75, ""kappa_a"": 0.44000000000000006, ""kappa_b"": 0.6000000000000001, ""n_per_group"": 200000.0}",0.55,0.75,0.44000000000000006,0.6000000000000001,200000,empirical_value,0.04774500000000004,synthetic,ALL,not_applicable,not_applicable
EXP-01,SYNTHETIC EXPERIMENT,1729,full,664a150484ed2af3,b88630dd87f69369,"{""alpha_a"": 0.55, ""alpha_b"": 0.8, ""kappa_a"": 0.44000000000000006, ""kappa_b"": 0.6400000000000001, ""n_per_group"": 200000.0}",0.55,0.8,0.44000000000000006,0.6400000000000001,200000,empirical_value,0.06081500000000006,synthetic,ALL,not_applicable,not_applicable
EXP-01,SYNTHETIC EXPERIMENT,1729,full,664a150484ed2af3,6c2ec5e5c4c4d043,"{""alpha_a"": 0.55, ""alpha_b"": 0.85, ""kappa_a"": 0.44000000000000006, ""kappa_b"": 0.68, ""n_per_group"": 200000.0}",0.55,0.85,0.44000000000000006,0.68,200000,empirical_value,0.07158999999999993,synthetic,ALL,not_applicable,not_applicable
EXP-01,SYNTHETIC EXPERIMENT,1729,full,664a150484ed2af3,b34d2bbf74338187,"{""alpha_a"": 0.55, ""alpha_b"": 0.9, ""kappa_a"": 0.44000000000000006, ""kappa_b"": 0.7200000000000001, ""n_per_group"": 200000.0}",0.55,0.9,0.44000000000000006,0.7200000000000001,200000,empirical_value,0.08428000000000002,synthetic,ALL,not_applicable,not_applicable
EXP-01,SYNTHETIC EXPERIMENT,1729,full,664a150484ed2af3,1a35cdd70a8fdb97,"{""alpha_a"": 0.55, ""alpha_b"": 0.95, ""kappa_a"": 0.44000000000000006, ""kappa_b"": 0.76, ""n_per_group"": 200000.0}",0.55,0.95,0.44000000000000006,0.76,200000,empirical_value,0.09742000000000006,synthetic,ALL,not_applicable,not_applicable
EXP-01,SYNTHETIC EXPERIMENT,1729,full,664a150484ed2af3,e5add7c7d801a5ae,"{""alpha_a"": 0.55, ""alpha_b"": 1.0, ""kappa_a"": 0.44000000000000006, ""kappa_b"": 0.8, ""n_per_group"": 200000.0}",0.55,1.0,0.44000000000000006,0.8,200000,empirical_value,0.10726500000000005,synthetic,ALL,not_applicable,not_applicable
EXP-01,SYNTHETIC EXPERIMENT,1729,full,664a150484ed2af3,50221bd8f402343b,"{""alpha_a"": 0.6, ""alpha_b"": 0.0, ""kappa_a"": 0.48, ""kappa_b"": 0.0, ""n_per_group"": 200000.0}",0.6,0.0,0.48,0.0,200000,empirical_value,0.14543000000000006,synthetic,ALL,not_applicable,not_applicable
EXP-01,SYNTHETIC EXPERIMENT,1729,full,664a150484ed2af3,651eb2352d5e0ecd,"{""alpha_a"": 0.6, ""alpha_b"": 0.05, ""kappa_a"": 0.48, ""kappa_b"": 0.04000000000000001, ""n_per_group"": 200000.0}",0.6,0.05,0.48,0.04000000000000001,200000,empirical_value,0.1324550000000001,synthetic,ALL,not_applicable,not_applicable
EXP-01,SYNTHETIC EXPERIMENT,1729,full,664a150484ed2af3,163d8f9d1b8bfe8d,"{""alpha_a"": 0.6, ""alpha_b"": 0.1, ""kappa_a"": 0.48, ""kappa_b"": 0.08000000000000002, ""n_per_group"": 200000.0}",0.6,0.1,0.48,0.08000000000000002,200000,empirical_value,0.11994000000000005,synthetic,ALL,not_applicable,not_applicable
EXP-01,SYNTHETIC EXPERIMENT,1729,full,664a150484ed2af3,e05d8a686a8954e9,"{""alpha_a"": 0.6, ""alpha_b"": 0.15, ""kappa_a"": 0.48, ""kappa_b"": 0.12, ""n_per_group"": 200000.0}",0.6,0.15,0.48,0.12,200000,empirical_value,0.10803000000000007,synthetic,ALL,not_applicable,not_applicable
EXP-01,SYNTHETIC EXPERIMENT,1729,full,664a150484ed2af3,43d92043ecd69631,"{""alpha_a"": 0.6, ""alpha_b"": 0.2, ""kappa_a"": 0.48, ""kappa_b"": 0.16000000000000003, ""n_per_group"": 200000.0}",0.6,0.2,0.48,0.16000000000000003,200000,empirical_value,0.09435000000000004,synthetic,ALL,not_applicable,not_applicable
EXP-01,SYNTHETIC EXPERIMENT,1729,full,664a150484ed2af3,65f53042fd482273,"{""alpha_a"": 0.6, ""alpha_b"": 0.25, ""kappa_a"": 0.48, ""kappa_b"": 0.2, ""n_per_group"": 200000.0}",0.6,0.25,0.48,0.2,200000,empirical_value,0.08376499999999998,synthetic,ALL,not_applicable,not_applicable
EXP-01,SYNTHETIC EXPERIMENT,1729,full,664a150484ed2af3,cc544c0e221b5ff2,"{""alpha_a"": 0.6, ""alpha_b"": 0.3, ""kappa_a"": 0.48, ""kappa_b"": 0.24, ""n_per_group"": 200000.0}",0.6,0.3,0.48,0.24,200000,empirical_value,0.07278499999999999,synthetic,ALL,not_applicable,not_applicable
EXP-01,SYNTHETIC EXPERIMENT,1729,full,664a150484ed2af3,e7aaa3eb9dade217,"{""alpha_a"": 0.6, ""alpha_b"": 0.35, ""kappa_a"": 0.48, ""kappa_b"": 0.27999999999999997, ""n_per_group"": 200000.0}",0.6,0.35,0.48,0.27999999999999997,200000,empirical_value,0.05917499999999998,synthetic,ALL,not_applicable,not_applicable
EXP-01,SYNTHETIC EXPERIMENT,1729,full,664a150484ed2af3,3ac735935f127d26,"{""alpha_a"": 0.6, ""alpha_b"": 0.4, ""kappa_a"": 0.48, ""kappa_b"": 0.32000000000000006, ""n_per_group"": 200000.0}",0.6,0.4,0.48,0.32000000000000006,200000,empirical_value,0.05010999999999999,synthetic,ALL,not_applicable,not_applicable
EXP-01,SYNTHETIC EXPERIMENT,1729,full,664a150484ed2af3,bf79925dafbd26b9,"{""alpha_a"": 0.6, ""alpha_b"": 0.45, ""kappa_a"": 0.48, ""kappa_b"": 0.36000000000000004, ""n_per_group"": 200000.0}",0.6,0.45,0.48,0.36000000000000004,200000,empirical_value,0.03534999999999999,synthetic,ALL,not_applicable,not_applicable
EXP-01,SYNTHETIC EXPERIMENT,1729,full,664a150484ed2af3,2d923d3c491d34fb,"{""alpha_a"": 0.6, ""alpha_b"": 0.5, ""kappa_a"": 0.48, ""kappa_b"": 0.4, ""n_per_group"": 200000.0}",0.6,0.5,0.48,0.4,200000,empirical_value,0.02458500000000008,synthetic,ALL,not_applicable,not_applicable
EXP-01,SYNTHETIC EXPERIMENT,1729,full,664a150484ed2af3,577fb647f69f629b,"{""alpha_a"": 0.6, ""alpha_b"": 0.55, ""kappa_a"": 0.48, ""kappa_b"": 0.44000000000000006, ""n_per_group"": 200000.0}",0.6,0.55,0.48,0.44000000000000006,200000,empirical_value,0.009705000000000075,synthetic,ALL,not_applicable,not_applicable
EXP-01,SYNTHETIC EXPERIMENT,1729,full,664a150484ed2af3,780a17c5091409ed,"{""alpha_a"": 0.6, ""alpha_b"": 0.6, ""kappa_a"": 0.48, ""kappa_b"": 0.48, ""n_per_group"": 200000.0}",0.6,0.6,0.48,0.48,200000,empirical_value,0.0008899999999999464,synthetic,ALL,not_applicable,not_applicable
EXP-01,SYNTHETIC EXPERIMENT,1729,full,664a150484ed2af3,c647f1f7edbb3a38,"{""alpha_a"": 0.6, ""alpha_b"": 0.65, ""kappa_a"": 0.48, ""kappa_b"": 0.52, ""n_per_group"": 200000.0}",0.6,0.65,0.48,0.52,200000,empirical_value,0.011885000000000034,synthetic,ALL,not_applicable,not_applicable
EXP-01,SYNTHETIC EXPERIMENT,1729,full,664a150484ed2af3,9f999dfd01025484,"{""alpha_a"": 0.6, ""alpha_b"": 0.7, ""kappa_a"": 0.48, ""kappa_b"": 0.5599999999999999, ""n_per_group"": 200000.0}",0.6,0.7,0.48,0.5599999999999999,200000,empirical_value,0.023909999999999987,synthetic,ALL,not_applicable,not_applicable
EXP-01,SYNTHETIC EXPERIMENT,1729,full,664a150484ed2af3,4a5d7fb971e337ce,"{""alpha_a"": 0.6, ""alpha_b"": 0.75, ""kappa_a"": 0.48, ""kappa_b"": 0.6000000000000001, ""n_per_group"": 200000.0}",0.6,0.75,0.48,0.6000000000000001,200000,empirical_value,0.03632499999999994,synthetic,ALL,not_applicable,not_applicable
EXP-01,SYNTHETIC EXPERIMENT,1729,full,664a150484ed2af3,a186c70650e1139c,"{""alpha_a"": 0.6, ""alpha_b"": 0.8, ""kappa_a"": 0.48, ""kappa_b"": 0.6400000000000001, ""n_per_group"": 200000.0}",0.6,0.8,0.48,0.6400000000000001,200000,empirical_value,0.047229999999999994,synthetic,ALL,not_applicable,not_applicable
EXP-01,SYNTHETIC EXPERIMENT,1729,full,664a150484ed2af3,de8705685ae9e61f,"{""alpha_a"": 0.6, ""alpha_b"": 0.85, ""kappa_a"": 0.48, ""kappa_b"": 0.68, ""n_per_group"": 200000.0}",0.6,0.85,0.48,0.68,200000,empirical_value,0.05984500000000004,synthetic,ALL,not_applicable,not_applicable
EXP-01,SYNTHETIC EXPERIMENT,1729,full,664a150484ed2af3,694c75f683525a03,"{""alpha_a"": 0.6, ""alpha_b"": 0.9, ""kappa_a"": 0.48, ""kappa_b"": 0.7200000000000001, ""n_per_group"": 200000.0}",0.6,0.9,0.48,0.7200000000000001,200000,empirical_value,0.0747199999999999,synthetic,ALL,not_applicable,not_applicable
EXP-01,SYNTHETIC EXPERIMENT,1729,full,664a150484ed2af3,78c170e48cdb4c3c,"{""alpha_a"": 0.6, ""alpha_b"": 0.95, ""kappa_a"": 0.48, ""kappa_b"": 0.76, ""n_per_group"": 200000.0}",0.6,0.95,0.48,0.76,200000,empirical_value,0.08355500000000005,synthetic,ALL,not_applicable,not_applicable
EXP-01,SYNTHETIC EXPERIMENT,1729,full,664a150484ed2af3,d50ead690aaf4332,"{""alpha_a"": 0.6, ""alpha_b"": 1.0, ""kappa_a"": 0.48, ""kappa_b"": 0.8, ""n_per_group"": 200000.0}",0.6,1.0,0.48,0.8,200000,empirical_value,0.09755999999999998,synthetic,ALL,not_applicable,not_applicable
EXP-01,SYNTHETIC EXPERIMENT,1729,full,664a150484ed2af3,8237ac1b2921d88e,"{""alpha_a"": 0.65, ""alpha_b"": 0.0, ""kappa_a"": 0.52, ""kappa_b"": 0.0, ""n_per_group"": 200000.0}",0.65,0.0,0.52,0.0,200000,empirical_value,0.15724000000000005,synthetic,ALL,not_applicable,not_applicable
EXP-01,SYNTHETIC EXPERIMENT,1729,full,664a150484ed2af3,797d6a7e2cc9844e,"{""alpha_a"": 0.65, ""alpha_b"": 0.05, ""kappa_a"": 0.52, ""kappa_b"": 0.04000000000000001, ""n_per_group"": 200000.0}",0.65,0.05,0.52,0.04000000000000001,200000,empirical_value,0.1433049999999999,synthetic,ALL,not_applicable,not_applicable
EXP-01,SYNTHETIC EXPERIMENT,1729,full,664a150484ed2af3,0204098df3c3b9e5,"{""alpha_a"": 0.65, ""alpha_b"": 0.1, ""kappa_a"": 0.52, ""kappa_b"": 0.08000000000000002, ""n_per_group"": 200000.0}",0.65,0.1,0.52,0.08000000000000002,200000,empirical_value,0.13132500000000003,synthetic,ALL,not_applicable,not_applicable
EXP-01,SYNTHETIC EXPERIMENT,1729,full,664a150484ed2af3,d2ea0a9ab848cf49,"{""alpha_a"": 0.65, ""alpha_b"": 0.15, ""kappa_a"": 0.52, ""kappa_b"": 0.12, ""n_per_group"": 200000.0}",0.65,0.15,0.52,0.12,200000,empirical_value,0.11896000000000007,synthetic,ALL,not_applicable,not_applicable
EXP-01,SYNTHETIC EXPERIMENT,1729,full,664a150484ed2af3,589f1decf964336d,"{""alpha_a"": 0.65, ""alpha_b"": 0.2, ""kappa_a"": 0.52, ""kappa_b"": 0.16000000000000003, ""n_per_group"": 200000.0}",0.65,0.2,0.52,0.16000000000000003,200000,empirical_value,0.10831499999999994,synthetic,ALL,not_applicable,not_applicable
EXP-01,SYNTHETIC EXPERIMENT,1729,full,664a150484ed2af3,bbbcbbb934f1bd57,"{""alpha_a"": 0.65, ""alpha_b"": 0.25, ""kappa_a"": 0.52, ""kappa_b"": 0.2, ""n_per_group"": 200000.0}",0.65,0.25,0.52,0.2,200000,empirical_value,0.09492500000000004,synthetic,ALL,not_applicable,not_applicable
EXP-01,SYNTHETIC EXPERIMENT,1729,full,664a150484ed2af3,56231ef03c73dc69,"{""alpha_a"": 0.65, ""alpha_b"": 0.3, ""kappa_a"": 0.52, ""kappa_b"": 0.24, ""n_per_group"": 200000.0}",0.65,0.3,0.52,0.24,200000,empirical_value,0.08371499999999998,synthetic,ALL,not_applicable,not_applicable
EXP-01,SYNTHETIC EXPERIMENT,1729,full,664a150484ed2af3,d874f9b45c68c078,"{""alpha_a"": 0.65, ""alpha_b"": 0.35, ""kappa_a"": 0.52, ""kappa_b"": 0.27999999999999997, ""n_per_group"": 200000.0}",0.65,0.35,0.52,0.27999999999999997,200000,empirical_value,0.07353999999999994,synthetic,ALL,not_applicable,not_applicable
EXP-01,SYNTHETIC EXPERIMENT,1729,full,664a150484ed2af3,c2e26c6bf8a9eb55,"{""alpha_a"": 0.65, ""alpha_b"": 0.4, ""kappa_a"": 0.52, ""kappa_b"": 0.32000000000000006, ""n_per_group"": 200000.0}",0.65,0.4,0.52,0.32000000000000006,200000,empirical_value,0.05890000000000006,synthetic,ALL,not_applicable,not_applicable
EXP-01,SYNTHETIC EXPERIMENT,1729,full,664a150484ed2af3,52dee04e5176f973,"{""alpha_a"": 0.65, ""alpha_b"": 0.45, ""kappa_a"": 0.52, ""kappa_b"": 0.36000000000000004, ""n_per_group"": 200000.0}",0.65,0.45,0.52,0.36000000000000004,200000,empirical_value,0.048390000000000044,synthetic,ALL,not_applicable,not_applicable
EXP-01,SYNTHETIC EXPERIMENT,1729,full,664a150484ed2af3,cb151264c8c41395,"{""alpha_a"": 0.65, ""alpha_b"": 0.5, ""kappa_a"": 0.52, ""kappa_b"": 0.4, ""n_per_group"": 200000.0}",0.65,0.5,0.52,0.4,200000,empirical_value,0.03571499999999994,synthetic,ALL,not_applicable,not_applicable
EXP-01,SYNTHETIC EXPERIMENT,1729,full,664a150484ed2af3,cb4cc85d75c9f4dc,"{""alpha_a"": 0.65, ""alpha_b"": 0.55, ""kappa_a"": 0.52, ""kappa_b"": 0.44000000000000006, ""n_per_group"": 200000.0}",0.65,0.55,0.52,0.44000000000000006,200000,empirical_value,0.0252,synthetic,ALL,not_applicable,not_applicable
EXP-01,SYNTHETIC EXPERIMENT,1729,full,664a150484ed2af3,867631e66e98681d,"{""alpha_a"": 0.65, ""alpha_b"": 0.6, ""kappa_a"": 0.52, ""kappa_b"": 0.48, ""n_per_group"": 200000.0}",0.65,0.6,0.52,0.48,200000,empirical_value,0.01281500000000002,synthetic,ALL,not_applicable,not_applicable
EXP-01,SYNTHETIC EXPERIMENT,1729,full,664a150484ed2af3,cdde18ec67287c88,"{""alpha_a"": 0.65, ""alpha_b"": 0.65, ""kappa_a"": 0.52, ""kappa_b"": 0.52, ""n_per_group"": 200000.0}",0.65,0.65,0.52,0.52,200000,empirical_value,0.0003649999999999487,synthetic,ALL,not_applicable,not_applicable
EXP-01,SYNTHETIC EXPERIMENT,1729,full,664a150484ed2af3,8db4e03766b93699,"{""alpha_a"": 0.65, ""alpha_b"": 0.7, ""kappa_a"": 0.52, ""kappa_b"": 0.5599999999999999, ""n_per_group"": 200000.0}",0.65,0.7,0.52,0.5599999999999999,200000,empirical_value,0.01216000000000006,synthetic,ALL,not_applicable,not_applicable
EXP-01,SYNTHETIC EXPERIMENT,1729,full,664a150484ed2af3,defa8621e1dae86e,"{""alpha_a"": 0.65, ""alpha_b"": 0.75, ""kappa_a"": 0.52, ""kappa_b"": 0.6000000000000001, ""n_per_group"": 200000.0}",0.65,0.75,0.52,0.6000000000000001,200000,empirical_value,0.02257500000000001,synthetic,ALL,not_applicable,not_applicable
EXP-01,SYNTHETIC EXPERIMENT,1729,full,664a150484ed2af3,e806bd5df6f97888,"{""alpha_a"": 0.65, ""alpha_b"": 0.8, ""kappa_a"": 0.52, ""kappa_b"": 0.6400000000000001, ""n_per_group"": 200000.0}",0.65,0.8,0.52,0.6400000000000001,200000,empirical_value,0.036024999999999974,synthetic,ALL,not_applicable,not_applicable
EXP-01,SYNTHETIC EXPERIMENT,1729,full,664a150484ed2af3,0903ae1542382f5e,"{""alpha_a"": 0.65, ""alpha_b"": 0.85, ""kappa_a"": 0.52, ""kappa_b"": 0.68, ""n_per_group"": 200000.0}",0.65,0.85,0.52,0.68,200000,empirical_value,0.048614999999999964,synthetic,ALL,not_applicable,not_applicable
EXP-01,SYNTHETIC EXPERIMENT,1729,full,664a150484ed2af3,ab1b216db6302741,"{""alpha_a"": 0.65, ""alpha_b"": 0.9, ""kappa_a"": 0.52, ""kappa_b"": 0.7200000000000001, ""n_per_group"": 200000.0}",0.65,0.9,0.52,0.7200000000000001,200000,empirical_value,0.06020499999999995,synthetic,ALL,not_applicable,not_applicable
EXP-01,SYNTHETIC EXPERIMENT,1729,full,664a150484ed2af3,577eaa46a40bff6b,"{""alpha_a"": 0.65, ""alpha_b"": 0.95, ""kappa_a"": 0.52, ""kappa_b"": 0.76, ""n_per_group"": 200000.0}",0.65,0.95,0.52,0.76,200000,empirical_value,0.07276499999999997,synthetic,ALL,not_applicable,not_applicable
EXP-01,SYNTHETIC EXPERIMENT,1729,full,664a150484ed2af3,341ee85502401eb8,"{""alpha_a"": 0.65, ""alpha_b"": 1.0, ""kappa_a"": 0.52, ""kappa_b"": 0.8, ""n_per_group"": 200000.0}",0.65,1.0,0.52,0.8,200000,empirical_value,0.08494999999999997,synthetic,ALL,not_applicable,not_applicable
EXP-01,SYNTHETIC EXPERIMENT,1729,full,664a150484ed2af3,c8ddd6677f6f843b,"{""alpha_a"": 0.7, ""alpha_b"": 0.0, ""kappa_a"": 0.5599999999999999, ""kappa_b"": 0.0, ""n_per_group"": 200000.0}",0.7,0.0,0.5599999999999999,0.0,200000,empirical_value,0.16964500000000005,synthetic,ALL,not_applicable,not_applicable
EXP-01,SYNTHETIC EXPERIMENT,1729,full,664a150484ed2af3,cecdc2a6be269b13,"{""alpha_a"": 0.7, ""alpha_b"": 0.05, ""kappa_a"": 0.5599999999999999, ""kappa_b"": 0.04000000000000001, ""n_per_group"": 200000.0}",0.7,0.05,0.5599999999999999,0.04000000000000001,200000,empirical_value,0.1539600000000001,synthetic,ALL,not_applicable,not_applicable
EXP-01,SYNTHETIC EXPERIMENT,1729,full,664a150484ed2af3,7c07722156d4753c,"{""alpha_a"": 0.7, ""alpha_b"": 0.1, ""kappa_a"": 0.5599999999999999, ""kappa_b"": 0.08000000000000002, ""n_per_group"": 200000.0}",0.7,0.1,0.5599999999999999,0.08000000000000002,200000,empirical_value,0.14291999999999994,synthetic,ALL,not_applicable,not_applicable
EXP-01,SYNTHETIC EXPERIMENT,1729,full,664a150484ed2af3,d866b68c9353ad8e,"{""alpha_a"": 0.7, ""alpha_b"": 0.15, ""kappa_a"": 0.5599999999999999, ""kappa_b"": 0.12, ""n_per_group"": 200000.0}",0.7,0.15,0.5599999999999999,0.12,200000,empirical_value,0.13204499999999997,synthetic,ALL,not_applicable,not_applicable
EXP-01,SYNTHETIC EXPERIMENT,1729,full,664a150484ed2af3,22e27fd9c9b7754b,"{""alpha_a"": 0.7, ""alpha_b"": 0.2, ""kappa_a"": 0.5599999999999999, ""kappa_b"": 0.16000000000000003, ""n_per_group"": 200000.0}",0.7,0.2,0.5599999999999999,0.16000000000000003,200000,empirical_value,0.12024000000000001,synthetic,ALL,not_applicable,not_applicable
EXP-01,SYNTHETIC EXPERIMENT,1729,full,664a150484ed2af3,47c868681941b524,"{""alpha_a"": 0.7, ""alpha_b"": 0.25, ""kappa_a"": 0.5599999999999999, ""kappa_b"": 0.2, ""n_per_group"": 200000.0}",0.7,0.25,0.5599999999999999,0.2,200000,empirical_value,0.10572000000000004,synthetic,ALL,not_applicable,not_applicable
EXP-01,SYNTHETIC EXPERIMENT,1729,full,664a150484ed2af3,968819aff68502bb,"{""alpha_a"": 0.7, ""alpha_b"": 0.3, ""kappa_a"": 0.5599999999999999, ""kappa_b"": 0.24, ""n_per_group"": 200000.0}",0.7,0.3,0.5599999999999999,0.24,200000,empirical_value,0.09474499999999997,synthetic,ALL,not_applicable,not_applicable
EXP-01,SYNTHETIC EXPERIMENT,1729,full,664a150484ed2af3,8ce8eb6782ff8e91,"{""alpha_a"": 0.7, ""alpha_b"": 0.35, ""kappa_a"": 0.5599999999999999, ""kappa_b"": 0.27999999999999997, ""n_per_group"": 200000.0}",0.7,0.35,0.5599999999999999,0.27999999999999997,200000,empirical_value,0.08553499999999992,synthetic,ALL,not_applicable,not_applicable
EXP-01,SYNTHETIC EXPERIMENT,1729,full,664a150484ed2af3,c89b278373082486,"{""alpha_a"": 0.7, ""alpha_b"": 0.4, ""kappa_a"": 0.5599999999999999, ""kappa_b"": 0.32000000000000006, ""n_per_group"": 200000.0}",0.7,0.4,0.5599999999999999,0.32000000000000006,200000,empirical_value,0.07399,synthetic,ALL,not_applicable,not_applicable
EXP-01,SYNTHETIC EXPERIMENT,1729,full,664a150484ed2af3,530dc275e5d583d5,"{""alpha_a"": 0.7, ""alpha_b"": 0.45, ""kappa_a"": 0.5599999999999999, ""kappa_b"": 0.36000000000000004, ""n_per_group"": 200000.0}",0.7,0.45,0.5599999999999999,0.36000000000000004,200000,empirical_value,0.059024999999999994,synthetic,ALL,not_applicable,not_applicable
EXP-01,SYNTHETIC EXPERIMENT,1729,full,664a150484ed2af3,01946da20aac2037,"{""alpha_a"": 0.7, ""alpha_b"": 0.5, ""kappa_a"": 0.5599999999999999, ""kappa_b"": 0.4, ""n_per_group"": 200000.0}",0.7,0.5,0.5599999999999999,0.4,200000,empirical_value,0.047865000000000046,synthetic,ALL,not_applicable,not_applicable
EXP-01,SYNTHETIC EXPERIMENT,1729,full,664a150484ed2af3,73e1593e0dd5e9bb,"{""alpha_a"": 0.7, ""alpha_b"": 0.55, ""kappa_a"": 0.5599999999999999, ""kappa_b"": 0.44000000000000006, ""n_per_group"": 200000.0}",0.7,0.55,0.5599999999999999,0.44000000000000006,200000,empirical_value,0.034905000000000075,synthetic,ALL,not_applicable,not_applicable
EXP-01,SYNTHETIC EXPERIMENT,1729,full,664a150484ed2af3,62270be4752f9f93,"{""alpha_a"": 0.7, ""alpha_b"": 0.6, ""kappa_a"": 0.5599999999999999, ""kappa_b"": 0.48, ""n_per_group"": 200000.0}",0.7,0.6,0.5599999999999999,0.48,200000,empirical_value,0.025379999999999958,synthetic,ALL,not_applicable,not_applicable
EXP-01,SYNTHETIC EXPERIMENT,1729,full,664a150484ed2af3,6594a0ffafa2c5b6,"{""alpha_a"": 0.7, ""alpha_b"": 0.65, ""kappa_a"": 0.5599999999999999, ""kappa_b"": 0.52, ""n_per_group"": 200000.0}",0.7,0.65,0.5599999999999999,0.52,200000,empirical_value,0.01149,synthetic,ALL,not_applicable,not_applicable
EXP-01,SYNTHETIC EXPERIMENT,1729,full,664a150484ed2af3,ba8e99ce6bbcaf0c,"{""alpha_a"": 0.7, ""alpha_b"": 0.7, ""kappa_a"": 0.5599999999999999, ""kappa_b"": 0.5599999999999999, ""n_per_group"": 200000.0}",0.7,0.7,0.5599999999999999,0.5599999999999999,200000,empirical_value,0.00023499999999998522,synthetic,ALL,not_applicable,not_applicable
EXP-01,SYNTHETIC EXPERIMENT,1729,full,664a150484ed2af3,bf7a34578ca9cb00,"{""alpha_a"": 0.7, ""alpha_b"": 0.75, ""kappa_a"": 0.5599999999999999, ""kappa_b"": 0.6000000000000001, ""n_per_group"": 200000.0}",0.7,0.75,0.5599999999999999,0.6000000000000001,200000,empirical_value,0.009219999999999895,synthetic,ALL,not_applicable,not_applicable
EXP-01,SYNTHETIC EXPERIMENT,1729,full,664a150484ed2af3,67642f3a2918cae1,"{""alpha_a"": 0.7, ""alpha_b"": 0.8, ""kappa_a"": 0.5599999999999999, ""kappa_b"": 0.6400000000000001, ""n_per_group"": 200000.0}",0.7,0.8,0.5599999999999999,0.6400000000000001,200000,empirical_value,0.023625000000000007,synthetic,ALL,not_applicable,not_applicable
EXP-01,SYNTHETIC EXPERIMENT,1729,full,664a150484ed2af3,20e2a91826b6be2d,"{""alpha_a"": 0.7, ""alpha_b"": 0.85, ""kappa_a"": 0.5599999999999999, ""kappa_b"": 0.68, ""n_per_group"": 200000.0}",0.7,0.85,0.5599999999999999,0.68,200000,empirical_value,0.03695999999999999,synthetic,ALL,not_applicable,not_applicable
EXP-01,SYNTHETIC EXPERIMENT,1729,full,664a150484ed2af3,0a31e6d38f51fb59,"{""alpha_a"": 0.7, ""alpha_b"": 0.9, ""kappa_a"": 0.5599999999999999, ""kappa_b"": 0.7200000000000001, ""n_per_group"": 200000.0}",0.7,0.9,0.5599999999999999,0.7200000000000001,200000,empirical_value,0.047089999999999965,synthetic,ALL,not_applicable,not_applicable
EXP-01,SYNTHETIC EXPERIMENT,1729,full,664a150484ed2af3,33190ea543da4a9e,"{""alpha_a"": 0.7, ""alpha_b"": 0.95, ""kappa_a"": 0.5599999999999999, ""kappa_b"": 0.76, ""n_per_group"": 200000.0}",0.7,0.95,0.5599999999999999,0.76,200000,empirical_value,0.06042500000000006,synthetic,ALL,not_applicable,not_applicable
EXP-01,SYNTHETIC EXPERIMENT,1729,full,664a150484ed2af3,973027829e06a594,"{""alpha_a"": 0.7, ""alpha_b"": 1.0, ""kappa_a"": 0.5599999999999999, ""kappa_b"": 0.8, ""n_per_group"": 200000.0}",0.7,1.0,0.5599999999999999,0.8,200000,empirical_value,0.07154500000000008,synthetic,ALL,not_applicable,not_applicable
EXP-01,SYNTHETIC EXPERIMENT,1729,full,664a150484ed2af3,145fc1da1e77a85b,"{""alpha_a"": 0.75, ""alpha_b"": 0.0, ""kappa_a"": 0.6000000000000001, ""kappa_b"": 0.0, ""n_per_group"": 200000.0}",0.75,0.0,0.6000000000000001,0.0,200000,empirical_value,0.18081000000000003,synthetic,ALL,not_applicable,not_applicable
EXP-01,SYNTHETIC EXPERIMENT,1729,full,664a150484ed2af3,8f76757fb173207f,"{""alpha_a"": 0.75, ""alpha_b"": 0.05, ""kappa_a"": 0.6000000000000001, ""kappa_b"": 0.04000000000000001, ""n_per_group"": 200000.0}",0.75,0.05,0.6000000000000001,0.04000000000000001,200000,empirical_value,0.16749000000000003,synthetic,ALL,not_applicable,not_applicable
EXP-01,SYNTHETIC EXPERIMENT,1729,full,664a150484ed2af3,cfc40a9c00d949bd,"{""alpha_a"": 0.75, ""alpha_b"": 0.1, ""kappa_a"": 0.6000000000000001, ""kappa_b"": 0.08000000000000002, ""n_per_group"": 200000.0}",0.75,0.1,0.6000000000000001,0.08000000000000002,200000,empirical_value,0.15694999999999992,synthetic,ALL,not_applicable,not_applicable
EXP-01,SYNTHETIC EXPERIMENT,1729,full,664a150484ed2af3,e900d04c2a412e38,"{""alpha_a"": 0.75, ""alpha_b"": 0.15, ""kappa_a"": 0.6000000000000001, ""kappa_b"": 0.12, ""n_per_group"": 200000.0}",0.75,0.15,0.6000000000000001,0.12,200000,empirical_value,0.14343000000000006,synthetic,ALL,not_applicable,not_applicable
EXP-01,SYNTHETIC EXPERIMENT,1729,full,664a150484ed2af3,a66da16d88db03c0,"{""alpha_a"": 0.75, ""alpha_b"": 0.2, ""kappa_a"": 0.6000000000000001, ""kappa_b"": 0.16000000000000003, ""n_per_group"": 200000.0}",0.75,0.2,0.6000000000000001,0.16000000000000003,200000,empirical_value,0.13371,synthetic,ALL,not_applicable,not_applicable
EXP-01,SYNTHETIC EXPERIMENT,1729,full,664a150484ed2af3,71c8bf969f130e9e,"{""alpha_a"": 0.75, ""alpha_b"": 0.25, ""kappa_a"": 0.6000000000000001, ""kappa_b"": 0.2, ""n_per_group"": 200000.0}",0.75,0.25,0.6000000000000001,0.2,200000,empirical_value,0.12060000000000004,synthetic,ALL,not_applicable,not_applicable
EXP-01,SYNTHETIC EXPERIMENT,1729,full,664a150484ed2af3,b645633783a2b5d9,"{""alpha_a"": 0.75, ""alpha_b"": 0.3, ""kappa_a"": 0.6000000000000001, ""kappa_b"": 0.24, ""n_per_group"": 200000.0}",0.75,0.3,0.6000000000000001,0.24,200000,empirical_value,0.10616499999999995,synthetic,ALL,not_applicable,not_applicable
EXP-01,SYNTHETIC EXPERIMENT,1729,full,664a150484ed2af3,a007c6e5d67106c5,"{""alpha_a"": 0.75, ""alpha_b"": 0.35, ""kappa_a"": 0.6000000000000001, ""kappa_b"": 0.27999999999999997, ""n_per_group"": 200000.0}",0.75,0.35,0.6000000000000001,0.27999999999999997,200000,empirical_value,0.09823500000000007,synthetic,ALL,not_applicable,not_applicable
EXP-01,SYNTHETIC EXPERIMENT,1729,full,664a150484ed2af3,973cb6ad3b163f98,"{""alpha_a"": 0.75, ""alpha_b"": 0.4, ""kappa_a"": 0.6000000000000001, ""kappa_b"": 0.32000000000000006, ""n_per_group"": 200000.0}",0.75,0.4,0.6000000000000001,0.32000000000000006,200000,empirical_value,0.08466499999999999,synthetic,ALL,not_applicable,not_applicable
EXP-01,SYNTHETIC EXPERIMENT,1729,full,664a150484ed2af3,105e9323311e6282,"{""alpha_a"": 0.75, ""alpha_b"": 0.45, ""kappa_a"": 0.6000000000000001, ""kappa_b"": 0.36000000000000004, ""n_per_group"": 200000.0}",0.75,0.45,0.6000000000000001,0.36000000000000004,200000,empirical_value,0.073025,synthetic,ALL,not_applicable,not_applicable
EXP-01,SYNTHETIC EXPERIMENT,1729,full,664a150484ed2af3,a6664c1a4c2d235b,"{""alpha_a"": 0.75, ""alpha_b"": 0.5, ""kappa_a"": 0.6000000000000001, ""kappa_b"": 0.4, ""n_per_group"": 200000.0}",0.75,0.5,0.6000000000000001,0.4,200000,empirical_value,0.060429999999999984,synthetic,ALL,not_applicable,not_applicable
EXP-01,SYNTHETIC EXPERIMENT,1729,full,664a150484ed2af3,f7fd55ca8782532f,"{""alpha_a"": 0.75, ""alpha_b"": 0.55, ""kappa_a"": 0.6000000000000001, ""kappa_b"": 0.44000000000000006, ""n_per_group"": 200000.0}",0.75,0.55,0.6000000000000001,0.44000000000000006,200000,empirical_value,0.048699999999999966,synthetic,ALL,not_applicable,not_applicable
EXP-01,SYNTHETIC EXPERIMENT,1729,full,664a150484ed2af3,3a9b935cbfa06390,"{""alpha_a"": 0.75, ""alpha_b"": 0.6, ""kappa_a"": 0.6000000000000001, ""kappa_b"": 0.48, ""n_per_group"": 200000.0}",0.75,0.6,0.6000000000000001,0.48,200000,empirical_value,0.035515000000000074,synthetic,ALL,not_applicable,not_applicable
EXP-01,SYNTHETIC EXPERIMENT,1729,full,664a150484ed2af3,5cdb075959b10140,"{""alpha_a"": 0.75, ""alpha_b"": 0.65, ""kappa_a"": 0.6000000000000001, ""kappa_b"": 0.52, ""n_per_group"": 200000.0}",0.75,0.65,0.6000000000000001,0.52,200000,empirical_value,0.025085000000000024,synthetic,ALL,not_applicable,not_applicable
EXP-01,SYNTHETIC EXPERIMENT,1729,full,664a150484ed2af3,3c6bd916c2e4b2d9,"{""alpha_a"": 0.75, ""alpha_b"": 0.7, ""kappa_a"": 0.6000000000000001, ""kappa_b"": 0.5599999999999999, ""n_per_group"": 200000.0}",0.75,0.7,0.6000000000000001,0.5599999999999999,200000,empirical_value,0.012849999999999917,synthetic,ALL,not_applicable,not_applicable
EXP-01,SYNTHETIC EXPERIMENT,1729,full,664a150484ed2af3,efff14e3d6b3c324,"{""alpha_a"": 0.75, ""alpha_b"": 0.75, ""kappa_a"": 0.6000000000000001, ""kappa_b"": 0.6000000000000001, ""n_per_group"": 200000.0}",0.75,0.75,0.6000000000000001,0.6000000000000001,200000,empirical_value,0.001414999999999944,synthetic,ALL,not_applicable,not_applicable
EXP-01,SYNTHETIC EXPERIMENT,1729,full,664a150484ed2af3,6cb165316d4be7b0,"{""alpha_a"": 0.75, ""alpha_b"": 0.8, ""kappa_a"": 0.6000000000000001, ""kappa_b"": 0.6400000000000001, ""n_per_group"": 200000.0}",0.75,0.8,0.6000000000000001,0.6400000000000001,200000,empirical_value,0.011140000000000039,synthetic,ALL,not_applicable,not_applicable
EXP-01,SYNTHETIC EXPERIMENT,1729,full,664a150484ed2af3,707d372e21aec193,"{""alpha_a"": 0.75, ""alpha_b"": 0.85, ""kappa_a"": 0.6000000000000001, ""kappa_b"": 0.68, ""n_per_group"": 200000.0}",0.75,0.85,0.6000000000000001,0.68,200000,empirical_value,0.02561000000000002,synthetic,ALL,not_applicable,not_applicable
EXP-01,SYNTHETIC EXPERIMENT,1729,full,664a150484ed2af3,7255b40c57376a7a,"{""alpha_a"": 0.75, ""alpha_b"": 0.9, ""kappa_a"": 0.6000000000000001, ""kappa_b"": 0.7200000000000001, ""n_per_group"": 200000.0}",0.75,0.9,0.6000000000000001,0.7200000000000001,200000,empirical_value,0.03648000000000007,synthetic,ALL,not_applicable,not_applicable
EXP-01,SYNTHETIC EXPERIMENT,1729,full,664a150484ed2af3,05d0dcea49021cc9,"{""alpha_a"": 0.75, ""alpha_b"": 0.95, ""kappa_a"": 0.6000000000000001, ""kappa_b"": 0.76, ""n_per_group"": 200000.0}",0.75,0.95,0.6000000000000001,0.76,200000,empirical_value,0.048025000000000095,synthetic,ALL,not_applicable,not_applicable
EXP-01,SYNTHETIC EXPERIMENT,1729,full,664a150484ed2af3,97edfe532689cab9,"{""alpha_a"": 0.75, ""alpha_b"": 1.0, ""kappa_a"": 0.6000000000000001, ""kappa_b"": 0.8, ""n_per_group"": 200000.0}",0.75,1.0,0.6000000000000001,0.8,200000,empirical_value,0.060899999999999954,synthetic,ALL,not_applicable,not_applicable
EXP-01,SYNTHETIC EXPERIMENT,1729,full,664a150484ed2af3,97950d1b748ef7ea,"{""alpha_a"": 0.8, ""alpha_b"": 0.0, ""kappa_a"": 0.6400000000000001, ""kappa_b"": 0.0, ""n_per_group"": 200000.0}",0.8,0.0,0.6400000000000001,0.0,200000,empirical_value,0.19128499999999993,synthetic,ALL,not_applicable,not_applicable
EXP-01,SYNTHETIC EXPERIMENT,1729,full,664a150484ed2af3,1c35e6c663ec2953,"{""alpha_a"": 0.8, ""alpha_b"": 0.05, ""kappa_a"": 0.6400000000000001, ""kappa_b"": 0.04000000000000001, ""n_per_group"": 200000.0}",0.8,0.05,0.6400000000000001,0.04000000000000001,200000,empirical_value,0.183075,synthetic,ALL,not_applicable,not_applicable
EXP-01,SYNTHETIC EXPERIMENT,1729,full,664a150484ed2af3,19d1cdf7f2037051,"{""alpha_a"": 0.8, ""alpha_b"": 0.1, ""kappa_a"": 0.6400000000000001, ""kappa_b"": 0.08000000000000002, ""n_per_group"": 200000.0}",0.8,0.1,0.6400000000000001,0.08000000000000002,200000,empirical_value,0.168045,synthetic,ALL,not_applicable,not_applicable
EXP-01,SYNTHETIC EXPERIMENT,1729,full,664a150484ed2af3,f5f34d81dfa051b0,"{""alpha_a"": 0.8, ""alpha_b"": 0.15, ""kappa_a"": 0.6400000000000001, ""kappa_b"": 0.12, ""n_per_group"": 200000.0}",0.8,0.15,0.6400000000000001,0.12,200000,empirical_value,0.155335,synthetic,ALL,not_applicable,not_applicable
EXP-01,SYNTHETIC EXPERIMENT,1729,full,664a150484ed2af3,2d5071bf7658fe7d,"{""alpha_a"": 0.8, ""alpha_b"": 0.2, ""kappa_a"": 0.6400000000000001, ""kappa_b"": 0.16000000000000003, ""n_per_group"": 200000.0}",0.8,0.2,0.6400000000000001,0.16000000000000003,200000,empirical_value,0.1431349999999999,synthetic,ALL,not_applicable,not_applicable
EXP-01,SYNTHETIC EXPERIMENT,1729,full,664a150484ed2af3,4fee8e67e2b9ec66,"{""alpha_a"": 0.8, ""alpha_b"": 0.25, ""kappa_a"": 0.6400000000000001, ""kappa_b"": 0.2, ""n_per_group"": 200000.0}",0.8,0.25,0.6400000000000001,0.2,200000,empirical_value,0.13138000000000005,synthetic,ALL,not_applicable,not_applicable
EXP-01,SYNTHETIC EXPERIMENT,1729,full,664a150484ed2af3,ae3f287d1d76f955,"{""alpha_a"": 0.8, ""alpha_b"": 0.3, ""kappa_a"": 0.6400000000000001, ""kappa_b"": 0.24, ""n_per_group"": 200000.0}",0.8,0.3,0.6400000000000001,0.24,200000,empirical_value,0.12002499999999994,synthetic,ALL,not_applicable,not_applicable
EXP-01,SYNTHETIC EXPERIMENT,1729,full,664a150484ed2af3,c76b97e8306f63ef,"{""alpha_a"": 0.8, ""alpha_b"": 0.35, ""kappa_a"": 0.6400000000000001, ""kappa_b"": 0.27999999999999997, ""n_per_group"": 200000.0}",0.8,0.35,0.6400000000000001,0.27999999999999997,200000,empirical_value,0.10555499999999995,synthetic,ALL,not_applicable,not_applicable
EXP-01,SYNTHETIC EXPERIMENT,1729,full,664a150484ed2af3,de387c795811cf0f,"{""alpha_a"": 0.8, ""alpha_b"": 0.4, ""kappa_a"": 0.6400000000000001, ""kappa_b"": 0.32000000000000006, ""n_per_group"": 200000.0}",0.8,0.4,0.6400000000000001,0.32000000000000006,200000,empirical_value,0.09743999999999997,synthetic,ALL,not_applicable,not_applicable
EXP-01,SYNTHETIC EXPERIMENT,1729,full,664a150484ed2af3,9b77dfbc189e232b,"{""alpha_a"": 0.8, ""alpha_b"": 0.45, ""kappa_a"": 0.6400000000000001, ""kappa_b"": 0.36000000000000004, ""n_per_group"": 200000.0}",0.8,0.45,0.6400000000000001,0.36000000000000004,200000,empirical_value,0.08457999999999999,synthetic,ALL,not_applicable,not_applicable
EXP-01,SYNTHETIC EXPERIMENT,1729,full,664a150484ed2af3,4dfc43254ec4a6e8,"{""alpha_a"": 0.8, ""alpha_b"": 0.5, ""kappa_a"": 0.6400000000000001, ""kappa_b"": 0.4, ""n_per_group"": 200000.0}",0.8,0.5,0.6400000000000001,0.4,200000,empirical_value,0.07227000000000006,synthetic,ALL,not_applicable,not_applicable
EXP-01,SYNTHETIC EXPERIMENT,1729,full,664a150484ed2af3,0a648ff7295000bf,"{""alpha_a"": 0.8, ""alpha_b"": 0.55, ""kappa_a"": 0.6400000000000001, ""kappa_b"": 0.44000000000000006, ""n_per_group"": 200000.0}",0.8,0.55,0.6400000000000001,0.44000000000000006,200000,empirical_value,0.060410000000000075,synthetic,ALL,not_applicable,not_applicable
EXP-01,SYNTHETIC EXPERIMENT,1729,full,664a150484ed2af3,c4dc5c0a530c1b1b,"{""alpha_a"": 0.8, ""alpha_b"": 0.6, ""kappa_a"": 0.6400000000000001, ""kappa_b"": 0.48, ""n_per_group"": 200000.0}",0.8,0.6,0.6400000000000001,0.48,200000,empirical_value,0.04745999999999995,synthetic,ALL,not_applicable,not_applicable
EXP-01,SYNTHETIC EXPERIMENT,1729,full,664a150484ed2af3,2ed7cbddc74538cd,"{""alpha_a"": 0.8, ""alpha_b"": 0.65, ""kappa_a"": 0.6400000000000001, ""kappa_b"": 0.52, ""n_per_group"": 200000.0}",0.8,0.65,0.6400000000000001,0.52,200000,empirical_value,0.036539999999999906,synthetic,ALL,not_applicable,not_applicable
EXP-01,SYNTHETIC EXPERIMENT,1729,full,664a150484ed2af3,b457f6e1df0ab75b,"{""alpha_a"": 0.8, ""alpha_b"": 0.7, ""kappa_a"": 0.6400000000000001, ""kappa_b"": 0.5599999999999999, ""n_per_group"": 200000.0}",0.8,0.7,0.6400000000000001,0.5599999999999999,200000,empirical_value,0.024170000000000025,synthetic,ALL,not_applicable,not_applicable
EXP-01,SYNTHETIC EXPERIMENT,1729,full,664a150484ed2af3,9062e32c7ea41a6e,"{""alpha_a"": 0.8, ""alpha_b"": 0.75, ""kappa_a"": 0.6400000000000001, ""kappa_b"": 0.6000000000000001, ""n_per_group"": 200000.0}",0.8,0.75,0.6400000000000001,0.6000000000000001,200000,empirical_value,0.012199999999999989,synthetic,ALL,not_applicable,not_applicable
EXP-01,SYNTHETIC EXPERIMENT,1729,full,664a150484ed2af3,584ff44dc5b8503d,"{""alpha_a"": 0.8, ""alpha_b"": 0.8, ""kappa_a"": 0.6400000000000001, ""kappa_b"": 0.6400000000000001, ""n_per_group"": 200000.0}",0.8,0.8,0.6400000000000001,0.6400000000000001,200000,empirical_value,0.0004549999999999832,synthetic,ALL,not_applicable,not_applicable
EXP-01,SYNTHETIC EXPERIMENT,1729,full,664a150484ed2af3,3194a78f498b4839,"{""alpha_a"": 0.8, ""alpha_b"": 0.85, ""kappa_a"": 0.6400000000000001, ""kappa_b"": 0.68, ""n_per_group"": 200000.0}",0.8,0.85,0.6400000000000001,0.68,200000,empirical_value,0.010785000000000045,synthetic,ALL,not_applicable,not_applicable
EXP-01,SYNTHETIC EXPERIMENT,1729,full,664a150484ed2af3,095e14182b8d996f,"{""alpha_a"": 0.8, ""alpha_b"": 0.9, ""kappa_a"": 0.6400000000000001, ""kappa_b"": 0.7200000000000001, ""n_per_group"": 200000.0}",0.8,0.9,0.6400000000000001,0.7200000000000001,200000,empirical_value,0.02371499999999993,synthetic,ALL,not_applicable,not_applicable
EXP-01,SYNTHETIC EXPERIMENT,1729,full,664a150484ed2af3,3628b420734c06e1,"{""alpha_a"": 0.8, ""alpha_b"": 0.95, ""kappa_a"": 0.6400000000000001, ""kappa_b"": 0.76, ""n_per_group"": 200000.0}",0.8,0.95,0.6400000000000001,0.76,200000,empirical_value,0.034560000000000035,synthetic,ALL,not_applicable,not_applicable
EXP-01,SYNTHETIC EXPERIMENT,1729,full,664a150484ed2af3,a70b9b85ede5eca5,"{""alpha_a"": 0.8, ""alpha_b"": 1.0, ""kappa_a"": 0.6400000000000001, ""kappa_b"": 0.8, ""n_per_group"": 200000.0}",0.8,1.0,0.6400000000000001,0.8,200000,empirical_value,0.048229999999999995,synthetic,ALL,not_applicable,not_applicable
EXP-01,SYNTHETIC EXPERIMENT,1729,full,664a150484ed2af3,f9781a2b6bd219b5,"{""alpha_a"": 0.85, ""alpha_b"": 0.0, ""kappa_a"": 0.68, ""kappa_b"": 0.0, ""n_per_group"": 200000.0}",0.85,0.0,0.68,0.0,200000,empirical_value,0.203955,synthetic,ALL,not_applicable,not_applicable
EXP-01,SYNTHETIC EXPERIMENT,1729,full,664a150484ed2af3,9e5a0860788419ba,"{""alpha_a"": 0.85, ""alpha_b"": 0.05, ""kappa_a"": 0.68, ""kappa_b"": 0.04000000000000001, ""n_per_group"": 200000.0}",0.85,0.05,0.68,0.04000000000000001,200000,empirical_value,0.188705,synthetic,ALL,not_applicable,not_applicable
EXP-01,SYNTHETIC EXPERIMENT,1729,full,664a150484ed2af3,ced6c97278427a71,"{""alpha_a"": 0.85, ""alpha_b"": 0.1, ""kappa_a"": 0.68, ""kappa_b"": 0.08000000000000002, ""n_per_group"": 200000.0}",0.85,0.1,0.68,0.08000000000000002,200000,empirical_value,0.1800299999999999,synthetic,ALL,not_applicable,not_applicable
EXP-01,SYNTHETIC EXPERIMENT,1729,full,664a150484ed2af3,02e538e0808d85b0,"{""alpha_a"": 0.85, ""alpha_b"": 0.15, ""kappa_a"": 0.68, ""kappa_b"": 0.12, ""n_per_group"": 200000.0}",0.85,0.15,0.68,0.12,200000,empirical_value,0.16832500000000006,synthetic,ALL,not_applicable,not_applicable
EXP-01,SYNTHETIC EXPERIMENT,1729,full,664a150484ed2af3,e7d8eeb495b380f2,"{""alpha_a"": 0.85, ""alpha_b"": 0.2, ""kappa_a"": 0.68, ""kappa_b"": 0.16000000000000003, ""n_per_group"": 200000.0}",0.85,0.2,0.68,0.16000000000000003,200000,empirical_value,0.154825,synthetic,ALL,not_applicable,not_applicable
EXP-01,SYNTHETIC EXPERIMENT,1729,full,664a150484ed2af3,556c5d02c8185afb,"{""alpha_a"": 0.85, ""alpha_b"": 0.25, ""kappa_a"": 0.68, ""kappa_b"": 0.2, ""n_per_group"": 200000.0}",0.85,0.25,0.68,0.2,200000,empirical_value,0.14379000000000008,synthetic,ALL,not_applicable,not_applicable
EXP-01,SYNTHETIC EXPERIMENT,1729,full,664a150484ed2af3,5647cd0abc42783f,"{""alpha_a"": 0.85, ""alpha_b"": 0.3, ""kappa_a"": 0.68, ""kappa_b"": 0.24, ""n_per_group"": 200000.0}",0.85,0.3,0.68,0.24,200000,empirical_value,0.13309500000000007,synthetic,ALL,not_applicable,not_applicable
EXP-01,SYNTHETIC EXPERIMENT,1729,full,664a150484ed2af3,d5b6f367e33566b8,"{""alpha_a"": 0.85, ""alpha_b"": 0.35, ""kappa_a"": 0.68, ""kappa_b"": 0.27999999999999997, ""n_per_group"": 200000.0}",0.85,0.35,0.68,0.27999999999999997,200000,empirical_value,0.12038500000000008,synthetic,ALL,not_applicable,not_applicable
EXP-01,SYNTHETIC EXPERIMENT,1729,full,664a150484ed2af3,161108514fcc9769,"{""alpha_a"": 0.85, ""alpha_b"": 0.4, ""kappa_a"": 0.68, ""kappa_b"": 0.32000000000000006, ""n_per_group"": 200000.0}",0.85,0.4,0.68,0.32000000000000006,200000,empirical_value,0.10629999999999995,synthetic,ALL,not_applicable,not_applicable
EXP-01,SYNTHETIC EXPERIMENT,1729,full,664a150484ed2af3,8d74d363bf5e2d6c,"{""alpha_a"": 0.85, ""alpha_b"": 0.45, ""kappa_a"": 0.68, ""kappa_b"": 0.36000000000000004, ""n_per_group"": 200000.0}",0.85,0.45,0.68,0.36000000000000004,200000,empirical_value,0.09679500000000008,synthetic,ALL,not_applicable,not_applicable
EXP-01,SYNTHETIC EXPERIMENT,1729,full,664a150484ed2af3,c8c1d9d14a4bcd8e,"{""alpha_a"": 0.85, ""alpha_b"": 0.5, ""kappa_a"": 0.68, ""kappa_b"": 0.4, ""n_per_group"": 200000.0}",0.85,0.5,0.68,0.4,200000,empirical_value,0.083515,synthetic,ALL,not_applicable,not_applicable
EXP-01,SYNTHETIC EXPERIMENT,1729,full,664a150484ed2af3,de79e743a6136014,"{""alpha_a"": 0.85, ""alpha_b"": 0.55, ""kappa_a"": 0.68, ""kappa_b"": 0.44000000000000006, ""n_per_group"": 200000.0}",0.85,0.55,0.68,0.44000000000000006,200000,empirical_value,0.07355999999999996,synthetic,ALL,not_applicable,not_applicable
EXP-01,SYNTHETIC EXPERIMENT,1729,full,664a150484ed2af3,2138fa704af3ee05,"{""alpha_a"": 0.85, ""alpha_b"": 0.6, ""kappa_a"": 0.68, ""kappa_b"": 0.48, ""n_per_group"": 200000.0}",0.85,0.6,0.68,0.48,200000,empirical_value,0.06127499999999997,synthetic,ALL,not_applicable,not_applicable
EXP-01,SYNTHETIC EXPERIMENT,1729,full,664a150484ed2af3,2149d67fc1a37171,"{""alpha_a"": 0.85, ""alpha_b"": 0.65, ""kappa_a"": 0.68, ""kappa_b"": 0.52, ""n_per_group"": 200000.0}",0.85,0.65,0.68,0.52,200000,empirical_value,0.046885000000000066,synthetic,ALL,not_applicable,not_applicable
EXP-01,SYNTHETIC EXPERIMENT,1729,full,664a150484ed2af3,ced565f3156e4445,"{""alpha_a"": 0.85, ""alpha_b"": 0.7, ""kappa_a"": 0.68, ""kappa_b"": 0.5599999999999999, ""n_per_group"": 200000.0}",0.85,0.7,0.68,0.5599999999999999,200000,empirical_value,0.03559500000000004,synthetic,ALL,not_applicable,not_applicable
EXP-01,SYNTHETIC EXPERIMENT,1729,full,664a150484ed2af3,c223f7771f5a85a4,"{""alpha_a"": 0.85, ""alpha_b"": 0.75, ""kappa_a"": 0.68, ""kappa_b"": 0.6000000000000001, ""n_per_group"": 200000.0}",0.85,0.75,0.68,0.6000000000000001,200000,empirical_value,0.02522000000000002,synthetic,ALL,not_applicable,not_applicable
EXP-01,SYNTHETIC EXPERIMENT,1729,full,664a150484ed2af3,77116d09b80a6189,"{""alpha_a"": 0.85, ""alpha_b"": 0.8, ""kappa_a"": 0.68, ""kappa_b"": 0.6400000000000001, ""n_per_group"": 200000.0}",0.85,0.8,0.68,0.6400000000000001,200000,empirical_value,0.011355000000000004,synthetic,ALL,not_applicable,not_applicable
EXP-01,SYNTHETIC EXPERIMENT,1729,full,664a150484ed2af3,7081b639f8a5a0cd,"{""alpha_a"": 0.85, ""alpha_b"": 0.85, ""kappa_a"": 0.68, ""kappa_b"": 0.68, ""n_per_group"": 200000.0}",0.85,0.85,0.68,0.68,200000,empirical_value,0.001595000000000013,synthetic,ALL,not_applicable,not_applicable
EXP-01,SYNTHETIC EXPERIMENT,1729,full,664a150484ed2af3,d3fd05953a9005bb,"{""alpha_a"": 0.85, ""alpha_b"": 0.9, ""kappa_a"": 0.68, ""kappa_b"": 0.7200000000000001, ""n_per_group"": 200000.0}",0.85,0.9,0.68,0.7200000000000001,200000,empirical_value,0.011534999999999962,synthetic,ALL,not_applicable,not_applicable
EXP-01,SYNTHETIC EXPERIMENT,1729,full,664a150484ed2af3,30d64a54cd197906,"{""alpha_a"": 0.85, ""alpha_b"": 0.95, ""kappa_a"": 0.68, ""kappa_b"": 0.76, ""n_per_group"": 200000.0}",0.85,0.95,0.68,0.76,200000,empirical_value,0.023824999999999985,synthetic,ALL,not_applicable,not_applicable
EXP-01,SYNTHETIC EXPERIMENT,1729,full,664a150484ed2af3,1ef620acc56e345b,"{""alpha_a"": 0.85, ""alpha_b"": 1.0, ""kappa_a"": 0.68, ""kappa_b"": 0.8, ""n_per_group"": 200000.0}",0.85,1.0,0.68,0.8,200000,empirical_value,0.03469500000000003,synthetic,ALL,not_applicable,not_applicable
EXP-01,SYNTHETIC EXPERIMENT,1729,full,664a150484ed2af3,ab1f1dff446f9627,"{""alpha_a"": 0.9, ""alpha_b"": 0.0, ""kappa_a"": 0.7200000000000001, ""kappa_b"": 0.0, ""n_per_group"": 200000.0}",0.9,0.0,0.7200000000000001,0.0,200000,empirical_value,0.21445999999999998,synthetic,ALL,not_applicable,not_applicable
EXP-01,SYNTHETIC EXPERIMENT,1729,full,664a150484ed2af3,f8909135871d2e9f,"{""alpha_a"": 0.9, ""alpha_b"": 0.05, ""kappa_a"": 0.7200000000000001, ""kappa_b"": 0.04000000000000001, ""n_per_group"": 200000.0}",0.9,0.05,0.7200000000000001,0.04000000000000001,200000,empirical_value,0.20482499999999992,synthetic,ALL,not_applicable,not_applicable
EXP-01,SYNTHETIC EXPERIMENT,1729,full,664a150484ed2af3,eb1709a63184fd7e,"{""alpha_a"": 0.9, ""alpha_b"": 0.1, ""kappa_a"": 0.7200000000000001, ""kappa_b"": 0.08000000000000002, ""n_per_group"": 200000.0}",0.9,0.1,0.7200000000000001,0.08000000000000002,200000,empirical_value,0.19259000000000004,synthetic,ALL,not_applicable,not_applicable
EXP-01,SYNTHETIC EXPERIMENT,1729,full,664a150484ed2af3,d533a31aae3537b4,"{""alpha_a"": 0.9, ""alpha_b"": 0.15, ""kappa_a"": 0.7200000000000001, ""kappa_b"": 0.12, ""n_per_group"": 200000.0}",0.9,0.15,0.7200000000000001,0.12,200000,empirical_value,0.18239500000000008,synthetic,ALL,not_applicable,not_applicable
EXP-01,SYNTHETIC EXPERIMENT,1729,full,664a150484ed2af3,53a45e8cae2a157a,"{""alpha_a"": 0.9, ""alpha_b"": 0.2, ""kappa_a"": 0.7200000000000001, ""kappa_b"": 0.16000000000000003, ""n_per_group"": 200000.0}",0.9,0.2,0.7200000000000001,0.16000000000000003,200000,empirical_value,0.16488000000000003,synthetic,ALL,not_applicable,not_applicable
EXP-01,SYNTHETIC EXPERIMENT,1729,full,664a150484ed2af3,75918e91d47967ba,"{""alpha_a"": 0.9, ""alpha_b"": 0.25, ""kappa_a"": 0.7200000000000001, ""kappa_b"": 0.2, ""n_per_group"": 200000.0}",0.9,0.25,0.7200000000000001,0.2,200000,empirical_value,0.15483000000000002,synthetic,ALL,not_applicable,not_applicable
EXP-01,SYNTHETIC EXPERIMENT,1729,full,664a150484ed2af3,c0971c588524ff57,"{""alpha_a"": 0.9, ""alpha_b"": 0.3, ""kappa_a"": 0.7200000000000001, ""kappa_b"": 0.24, ""n_per_group"": 200000.0}",0.9,0.3,0.7200000000000001,0.24,200000,empirical_value,0.1446099999999999,synthetic,ALL,not_applicable,not_applicable
EXP-01,SYNTHETIC EXPERIMENT,1729,full,664a150484ed2af3,3cd13a28a5fda48d,"{""alpha_a"": 0.9, ""alpha_b"": 0.35, ""kappa_a"": 0.7200000000000001, ""kappa_b"": 0.27999999999999997, ""n_per_group"": 200000.0}",0.9,0.35,0.7200000000000001,0.27999999999999997,200000,empirical_value,0.13089499999999998,synthetic,ALL,not_applicable,not_applicable
EXP-01,SYNTHETIC EXPERIMENT,1729,full,664a150484ed2af3,dd85b0e934f15d7c,"{""alpha_a"": 0.9, ""alpha_b"": 0.4, ""kappa_a"": 0.7200000000000001, ""kappa_b"": 0.32000000000000006, ""n_per_group"": 200000.0}",0.9,0.4,0.7200000000000001,0.32000000000000006,200000,empirical_value,0.120305,synthetic,ALL,not_applicable,not_applicable
EXP-01,SYNTHETIC EXPERIMENT,1729,full,664a150484ed2af3,0b952c1ec6a147ae,"{""alpha_a"": 0.9, ""alpha_b"": 0.45, ""kappa_a"": 0.7200000000000001, ""kappa_b"": 0.36000000000000004, ""n_per_group"": 200000.0}",0.9,0.45,0.7200000000000001,0.36000000000000004,200000,empirical_value,0.10997000000000001,synthetic,ALL,not_applicable,not_applicable
EXP-01,SYNTHETIC EXPERIMENT,1729,full,664a150484ed2af3,54882e037f434319,"{""alpha_a"": 0.9, ""alpha_b"": 0.5, ""kappa_a"": 0.7200000000000001, ""kappa_b"": 0.4, ""n_per_group"": 200000.0}",0.9,0.5,0.7200000000000001,0.4,200000,empirical_value,0.09637499999999999,synthetic,ALL,not_applicable,not_applicable
EXP-01,SYNTHETIC EXPERIMENT,1729,full,664a150484ed2af3,948cf8fc38ae3d9d,"{""alpha_a"": 0.9, ""alpha_b"": 0.55, ""kappa_a"": 0.7200000000000001, ""kappa_b"": 0.44000000000000006, ""n_per_group"": 200000.0}",0.9,0.55,0.7200000000000001,0.44000000000000006,200000,empirical_value,0.08363999999999994,synthetic,ALL,not_applicable,not_applicable
EXP-01,SYNTHETIC EXPERIMENT,1729,full,664a150484ed2af3,40275bd2cc1519fd,"{""alpha_a"": 0.9, ""alpha_b"": 0.6, ""kappa_a"": 0.7200000000000001, ""kappa_b"": 0.48, ""n_per_group"": 200000.0}",0.9,0.6,0.7200000000000001,0.48,200000,empirical_value,0.07458500000000001,synthetic,ALL,not_applicable,not_applicable
EXP-01,SYNTHETIC EXPERIMENT,1729,full,664a150484ed2af3,5378e279713aaddc,"{""alpha_a"": 0.9, ""alpha_b"": 0.65, ""kappa_a"": 0.7200000000000001, ""kappa_b"": 0.52, ""n_per_group"": 200000.0}",0.9,0.65,0.7200000000000001,0.52,200000,empirical_value,0.06124000000000007,synthetic,ALL,not_applicable,not_applicable
EXP-01,SYNTHETIC EXPERIMENT,1729,full,664a150484ed2af3,8c7fa91d5dca1824,"{""alpha_a"": 0.9, ""alpha_b"": 0.7, ""kappa_a"": 0.7200000000000001, ""kappa_b"": 0.5599999999999999, ""n_per_group"": 200000.0}",0.9,0.7,0.7200000000000001,0.5599999999999999,200000,empirical_value,0.046520000000000006,synthetic,ALL,not_applicable,not_applicable
EXP-01,SYNTHETIC EXPERIMENT,1729,full,664a150484ed2af3,3bab2ab0f8f8a95d,"{""alpha_a"": 0.9, ""alpha_b"": 0.75, ""kappa_a"": 0.7200000000000001, ""kappa_b"": 0.6000000000000001, ""n_per_group"": 200000.0}",0.9,0.75,0.7200000000000001,0.6000000000000001,200000,empirical_value,0.035700000000000065,synthetic,ALL,not_applicable,not_applicable
EXP-01,SYNTHETIC EXPERIMENT,1729,full,664a150484ed2af3,3daa5281577cd02a,"{""alpha_a"": 0.9, ""alpha_b"": 0.8, ""kappa_a"": 0.7200000000000001, ""kappa_b"": 0.6400000000000001, ""n_per_group"": 200000.0}",0.9,0.8,0.7200000000000001,0.6400000000000001,200000,empirical_value,0.023330000000000073,synthetic,ALL,not_applicable,not_applicable
EXP-01,SYNTHETIC EXPERIMENT,1729,full,664a150484ed2af3,b2b00c3251d6757d,"{""alpha_a"": 0.9, ""alpha_b"": 0.85, ""kappa_a"": 0.7200000000000001, ""kappa_b"": 0.68, ""n_per_group"": 200000.0}",0.9,0.85,0.7200000000000001,0.68,200000,empirical_value,0.01202000000000003,synthetic,ALL,not_applicable,not_applicable
EXP-01,SYNTHETIC EXPERIMENT,1729,full,664a150484ed2af3,6291f556f7b17059,"{""alpha_a"": 0.9, ""alpha_b"": 0.9, ""kappa_a"": 0.7200000000000001, ""kappa_b"": 0.7200000000000001, ""n_per_group"": 200000.0}",0.9,0.9,0.7200000000000001,0.7200000000000001,200000,empirical_value,0.0009700000000000264,synthetic,ALL,not_applicable,not_applicable
EXP-01,SYNTHETIC EXPERIMENT,1729,full,664a150484ed2af3,11168fee5bf988f4,"{""alpha_a"": 0.9, ""alpha_b"": 0.95, ""kappa_a"": 0.7200000000000001, ""kappa_b"": 0.76, ""n_per_group"": 200000.0}",0.9,0.95,0.7200000000000001,0.76,200000,empirical_value,0.01116499999999998,synthetic,ALL,not_applicable,not_applicable
EXP-01,SYNTHETIC EXPERIMENT,1729,full,664a150484ed2af3,b274530cc3910995,"{""alpha_a"": 0.9, ""alpha_b"": 1.0, ""kappa_a"": 0.7200000000000001, ""kappa_b"": 0.8, ""n_per_group"": 200000.0}",0.9,1.0,0.7200000000000001,0.8,200000,empirical_value,0.023944999999999994,synthetic,ALL,not_applicable,not_applicable
EXP-01,SYNTHETIC EXPERIMENT,1729,full,664a150484ed2af3,5633c9ce84ae305e,"{""alpha_a"": 0.95, ""alpha_b"": 0.0, ""kappa_a"": 0.76, ""kappa_b"": 0.0, ""n_per_group"": 200000.0}",0.95,0.0,0.76,0.0,200000,empirical_value,0.22955500000000006,synthetic,ALL,not_applicable,not_applicable
EXP-01,SYNTHETIC EXPERIMENT,1729,full,664a150484ed2af3,87d9eae7355be919,"{""alpha_a"": 0.95, ""alpha_b"": 0.05, ""kappa_a"": 0.76, ""kappa_b"": 0.04000000000000001, ""n_per_group"": 200000.0}",0.95,0.05,0.76,0.04000000000000001,200000,empirical_value,0.216225,synthetic,ALL,not_applicable,not_applicable
EXP-01,SYNTHETIC EXPERIMENT,1729,full,664a150484ed2af3,14a47a958260d942,"{""alpha_a"": 0.95, ""alpha_b"": 0.1, ""kappa_a"": 0.76, ""kappa_b"": 0.08000000000000002, ""n_per_group"": 200000.0}",0.95,0.1,0.76,0.08000000000000002,200000,empirical_value,0.202855,synthetic,ALL,not_applicable,not_applicable
EXP-01,SYNTHETIC EXPERIMENT,1729,full,664a150484ed2af3,b156e709015040b8,"{""alpha_a"": 0.95, ""alpha_b"": 0.15, ""kappa_a"": 0.76, ""kappa_b"": 0.12, ""n_per_group"": 200000.0}",0.95,0.15,0.76,0.12,200000,empirical_value,0.191905,synthetic,ALL,not_applicable,not_applicable
EXP-01,SYNTHETIC EXPERIMENT,1729,full,664a150484ed2af3,cc2dec4fa21443ee,"{""alpha_a"": 0.95, ""alpha_b"": 0.2, ""kappa_a"": 0.76, ""kappa_b"": 0.16000000000000003, ""n_per_group"": 200000.0}",0.95,0.2,0.76,0.16000000000000003,200000,empirical_value,0.18128,synthetic,ALL,not_applicable,not_applicable
EXP-01,SYNTHETIC EXPERIMENT,1729,full,664a150484ed2af3,8ff05077826224c4,"{""alpha_a"": 0.95, ""alpha_b"": 0.25, ""kappa_a"": 0.76, ""kappa_b"": 0.2, ""n_per_group"": 200000.0}",0.95,0.25,0.76,0.2,200000,empirical_value,0.167755,synthetic,ALL,not_applicable,not_applicable
EXP-01,SYNTHETIC EXPERIMENT,1729,full,664a150484ed2af3,2dd6d771e826206c,"{""alpha_a"": 0.95, ""alpha_b"": 0.3, ""kappa_a"": 0.76, ""kappa_b"": 0.24, ""n_per_group"": 200000.0}",0.95,0.3,0.76,0.24,200000,empirical_value,0.15671500000000005,synthetic,ALL,not_applicable,not_applicable
EXP-01,SYNTHETIC EXPERIMENT,1729,full,664a150484ed2af3,ce77a76dc99a21ea,"{""alpha_a"": 0.95, ""alpha_b"": 0.35, ""kappa_a"": 0.76, ""kappa_b"": 0.27999999999999997, ""n_per_group"": 200000.0}",0.95,0.35,0.76,0.27999999999999997,200000,empirical_value,0.14505500000000005,synthetic,ALL,not_applicable,not_applicable
EXP-01,SYNTHETIC EXPERIMENT,1729,full,664a150484ed2af3,52da6160cf2de3c4,"{""alpha_a"": 0.95, ""alpha_b"": 0.4, ""kappa_a"": 0.76, ""kappa_b"": 0.32000000000000006, ""n_per_group"": 200000.0}",0.95,0.4,0.76,0.32000000000000006,200000,empirical_value,0.131355,synthetic,ALL,not_applicable,not_applicable
EXP-01,SYNTHETIC EXPERIMENT,1729,full,664a150484ed2af3,ee2d4704f4ff1cd7,"{""alpha_a"": 0.95, ""alpha_b"": 0.45, ""kappa_a"": 0.76, ""kappa_b"": 0.36000000000000004, ""n_per_group"": 200000.0}",0.95,0.45,0.76,0.36000000000000004,200000,empirical_value,0.12000999999999995,synthetic,ALL,not_applicable,not_applicable
EXP-01,SYNTHETIC EXPERIMENT,1729,full,664a150484ed2af3,7b51dc8a6ce67673,"{""alpha_a"": 0.95, ""alpha_b"": 0.5, ""kappa_a"": 0.76, ""kappa_b"": 0.4, ""n_per_group"": 200000.0}",0.95,0.5,0.76,0.4,200000,empirical_value,0.10658500000000004,synthetic,ALL,not_applicable,not_applicable
EXP-01,SYNTHETIC EXPERIMENT,1729,full,664a150484ed2af3,343cce933bb0a64e,"{""alpha_a"": 0.95, ""alpha_b"": 0.55, ""kappa_a"": 0.76, ""kappa_b"": 0.44000000000000006, ""n_per_group"": 200000.0}",0.95,0.55,0.76,0.44000000000000006,200000,empirical_value,0.09545999999999999,synthetic,ALL,not_applicable,not_applicable
EXP-01,SYNTHETIC EXPERIMENT,1729,full,664a150484ed2af3,658610aeb2a013a1,"{""alpha_a"": 0.95, ""alpha_b"": 0.6, ""kappa_a"": 0.76, ""kappa_b"": 0.48, ""n_per_group"": 200000.0}",0.95,0.6,0.76,0.48,200000,empirical_value,0.08408000000000004,synthetic,ALL,not_applicable,not_applicable
EXP-01,SYNTHETIC EXPERIMENT,1729,full,664a150484ed2af3,951bda2798672300,"{""alpha_a"": 0.95, ""alpha_b"": 0.65, ""kappa_a"": 0.76, ""kappa_b"": 0.52, ""n_per_group"": 200000.0}",0.95,0.65,0.76,0.52,200000,empirical_value,0.07330999999999999,synthetic,ALL,not_applicable,not_applicable
EXP-01,SYNTHETIC EXPERIMENT,1729,full,664a150484ed2af3,11b8343c419f08cb,"{""alpha_a"": 0.95, ""alpha_b"": 0.7, ""kappa_a"": 0.76, ""kappa_b"": 0.5599999999999999, ""n_per_group"": 200000.0}",0.95,0.7,0.76,0.5599999999999999,200000,empirical_value,0.05969000000000002,synthetic,ALL,not_applicable,not_applicable
EXP-01,SYNTHETIC EXPERIMENT,1729,full,664a150484ed2af3,2dc2c06025d58f87,"{""alpha_a"": 0.95, ""alpha_b"": 0.75, ""kappa_a"": 0.76, ""kappa_b"": 0.6000000000000001, ""n_per_group"": 200000.0}",0.95,0.75,0.76,0.6000000000000001,200000,empirical_value,0.046679999999999944,synthetic,ALL,not_applicable,not_applicable
EXP-01,SYNTHETIC EXPERIMENT,1729,full,664a150484ed2af3,29e3d6f7e7ccee2c,"{""alpha_a"": 0.95, ""alpha_b"": 0.8, ""kappa_a"": 0.76, ""kappa_b"": 0.6400000000000001, ""n_per_group"": 200000.0}",0.95,0.8,0.76,0.6400000000000001,200000,empirical_value,0.03703500000000004,synthetic,ALL,not_applicable,not_applicable
EXP-01,SYNTHETIC EXPERIMENT,1729,full,664a150484ed2af3,1f172d7a007e431d,"{""alpha_a"": 0.95, ""alpha_b"": 0.85, ""kappa_a"": 0.76, ""kappa_b"": 0.68, ""n_per_group"": 200000.0}",0.95,0.85,0.76,0.68,200000,empirical_value,0.02438000000000007,synthetic,ALL,not_applicable,not_applicable
EXP-01,SYNTHETIC EXPERIMENT,1729,full,664a150484ed2af3,1039b38374920886,"{""alpha_a"": 0.95, ""alpha_b"": 0.9, ""kappa_a"": 0.76, ""kappa_b"": 0.7200000000000001, ""n_per_group"": 200000.0}",0.95,0.9,0.76,0.7200000000000001,200000,empirical_value,0.011795,synthetic,ALL,not_applicable,not_applicable
EXP-01,SYNTHETIC EXPERIMENT,1729,full,664a150484ed2af3,35e289ecf7055aad,"{""alpha_a"": 0.95, ""alpha_b"": 0.95, ""kappa_a"": 0.76, ""kappa_b"": 0.76, ""n_per_group"": 200000.0}",0.95,0.95,0.76,0.76,200000,empirical_value,0.0018299999999999983,synthetic,ALL,not_applicable,not_applicable
EXP-01,SYNTHETIC EXPERIMENT,1729,full,664a150484ed2af3,7714a258a40341b3,"{""alpha_a"": 0.95, ""alpha_b"": 1.0, ""kappa_a"": 0.76, ""kappa_b"": 0.8, ""n_per_group"": 200000.0}",0.95,1.0,0.76,0.8,200000,empirical_value,0.012270000000000003,synthetic,ALL,not_applicable,not_applicable
EXP-01,SYNTHETIC EXPERIMENT,1729,full,664a150484ed2af3,66d972889c47415f,"{""alpha_a"": 1.0, ""alpha_b"": 0.0, ""kappa_a"": 0.8, ""kappa_b"": 0.0, ""n_per_group"": 200000.0}",1.0,0.0,0.8,0.0,200000,empirical_value,0.23984499999999997,synthetic,ALL,not_applicable,not_applicable
EXP-01,SYNTHETIC EXPERIMENT,1729,full,664a150484ed2af3,a79c80755cbc8c27,"{""alpha_a"": 1.0, ""alpha_b"": 0.05, ""kappa_a"": 0.8, ""kappa_b"": 0.04000000000000001, ""n_per_group"": 200000.0}",1.0,0.05,0.8,0.04000000000000001,200000,empirical_value,0.2276149999999999,synthetic,ALL,not_applicable,not_applicable
EXP-01,SYNTHETIC EXPERIMENT,1729,full,664a150484ed2af3,a49454091edc07ae,"{""alpha_a"": 1.0, ""alpha_b"": 0.1, ""kappa_a"": 0.8, ""kappa_b"": 0.08000000000000002, ""n_per_group"": 200000.0}",1.0,0.1,0.8,0.08000000000000002,200000,empirical_value,0.215125,synthetic,ALL,not_applicable,not_applicable
EXP-01,SYNTHETIC EXPERIMENT,1729,full,664a150484ed2af3,cc481bb19a6b0b5a,"{""alpha_a"": 1.0, ""alpha_b"": 0.15, ""kappa_a"": 0.8, ""kappa_b"": 0.12, ""n_per_group"": 200000.0}",1.0,0.15,0.8,0.12,200000,empirical_value,0.20380500000000001,synthetic,ALL,not_applicable,not_applicable
EXP-01,SYNTHETIC EXPERIMENT,1729,full,664a150484ed2af3,fc813012b4b7092e,"{""alpha_a"": 1.0, ""alpha_b"": 0.2, ""kappa_a"": 0.8, ""kappa_b"": 0.16000000000000003, ""n_per_group"": 200000.0}",1.0,0.2,0.8,0.16000000000000003,200000,empirical_value,0.191585,synthetic,ALL,not_applicable,not_applicable
EXP-01,SYNTHETIC EXPERIMENT,1729,full,664a150484ed2af3,80e9c6fbe0f19991,"{""alpha_a"": 1.0, ""alpha_b"": 0.25, ""kappa_a"": 0.8, ""kappa_b"": 0.2, ""n_per_group"": 200000.0}",1.0,0.25,0.8,0.2,200000,empirical_value,0.18120000000000003,synthetic,ALL,not_applicable,not_applicable
EXP-01,SYNTHETIC EXPERIMENT,1729,full,664a150484ed2af3,52aa40ec77179569,"{""alpha_a"": 1.0, ""alpha_b"": 0.3, ""kappa_a"": 0.8, ""kappa_b"": 0.24, ""n_per_group"": 200000.0}",1.0,0.3,0.8,0.24,200000,empirical_value,0.16762,synthetic,ALL,not_applicable,not_applicable
EXP-01,SYNTHETIC EXPERIMENT,1729,full,664a150484ed2af3,0d10be1ecbb2d950,"{""alpha_a"": 1.0, ""alpha_b"": 0.35, ""kappa_a"": 0.8, ""kappa_b"": 0.27999999999999997, ""n_per_group"": 200000.0}",1.0,0.35,0.8,0.27999999999999997,200000,empirical_value,0.15483999999999998,synthetic,ALL,not_applicable,not_applicable
EXP-01,SYNTHETIC EXPERIMENT,1729,full,664a150484ed2af3,8c1caf3d867f4d4f,"{""alpha_a"": 1.0, ""alpha_b"": 0.4, ""kappa_a"": 0.8, ""kappa_b"": 0.32000000000000006, ""n_per_group"": 200000.0}",1.0,0.4,0.8,0.32000000000000006,200000,empirical_value,0.14338499999999998,synthetic,ALL,not_applicable,not_applicable
EXP-01,SYNTHETIC EXPERIMENT,1729,full,664a150484ed2af3,e94e5c7b51f82ad1,"{""alpha_a"": 1.0, ""alpha_b"": 0.45, ""kappa_a"": 0.8, ""kappa_b"": 0.36000000000000004, ""n_per_group"": 200000.0}",1.0,0.45,0.8,0.36000000000000004,200000,empirical_value,0.13067000000000006,synthetic,ALL,not_applicable,not_applicable
EXP-01,SYNTHETIC EXPERIMENT,1729,full,664a150484ed2af3,b85d6f9bfbdb7274,"{""alpha_a"": 1.0, ""alpha_b"": 0.5, ""kappa_a"": 0.8, ""kappa_b"": 0.4, ""n_per_group"": 200000.0}",1.0,0.5,0.8,0.4,200000,empirical_value,0.12056500000000003,synthetic,ALL,not_applicable,not_applicable
EXP-01,SYNTHETIC EXPERIMENT,1729,full,664a150484ed2af3,87186b121909ae7d,"{""alpha_a"": 1.0, ""alpha_b"": 0.55, ""kappa_a"": 0.8, ""kappa_b"": 0.44000000000000006, ""n_per_group"": 200000.0}",1.0,0.55,0.8,0.44000000000000006,200000,empirical_value,0.10812,synthetic,ALL,not_applicable,not_applicable
EXP-01,SYNTHETIC EXPERIMENT,1729,full,664a150484ed2af3,6d7f419530a493fb,"{""alpha_a"": 1.0, ""alpha_b"": 0.6, ""kappa_a"": 0.8, ""kappa_b"": 0.48, ""n_per_group"": 200000.0}",1.0,0.6,0.8,0.48,200000,empirical_value,0.09554999999999991,synthetic,ALL,not_applicable,not_applicable
EXP-01,SYNTHETIC EXPERIMENT,1729,full,664a150484ed2af3,aa98dcb952c92d8b,"{""alpha_a"": 1.0, ""alpha_b"": 0.65, ""kappa_a"": 0.8, ""kappa_b"": 0.52, ""n_per_group"": 200000.0}",1.0,0.65,0.8,0.52,200000,empirical_value,0.08232000000000006,synthetic,ALL,not_applicable,not_applicable
EXP-01,SYNTHETIC EXPERIMENT,1729,full,664a150484ed2af3,dfadfc5954bc9544,"{""alpha_a"": 1.0, ""alpha_b"": 0.7, ""kappa_a"": 0.8, ""kappa_b"": 0.5599999999999999, ""n_per_group"": 200000.0}",1.0,0.7,0.8,0.5599999999999999,200000,empirical_value,0.07201999999999997,synthetic,ALL,not_applicable,not_applicable
EXP-01,SYNTHETIC EXPERIMENT,1729,full,664a150484ed2af3,ab199ab5679d0861,"{""alpha_a"": 1.0, ""alpha_b"": 0.75, ""kappa_a"": 0.8, ""kappa_b"": 0.6000000000000001, ""n_per_group"": 200000.0}",1.0,0.75,0.8,0.6000000000000001,200000,empirical_value,0.060614999999999974,synthetic,ALL,not_applicable,not_applicable
EXP-01,SYNTHETIC EXPERIMENT,1729,full,664a150484ed2af3,5973fabcadefed44,"{""alpha_a"": 1.0, ""alpha_b"": 0.8, ""kappa_a"": 0.8, ""kappa_b"": 0.6400000000000001, ""n_per_group"": 200000.0}",1.0,0.8,0.8,0.6400000000000001,200000,empirical_value,0.04784999999999995,synthetic,ALL,not_applicable,not_applicable
EXP-01,SYNTHETIC EXPERIMENT,1729,full,664a150484ed2af3,1af21e3107bce179,"{""alpha_a"": 1.0, ""alpha_b"": 0.85, ""kappa_a"": 0.8, ""kappa_b"": 0.68, ""n_per_group"": 200000.0}",1.0,0.85,0.8,0.68,200000,empirical_value,0.035929999999999906,synthetic,ALL,not_applicable,not_applicable
EXP-01,SYNTHETIC EXPERIMENT,1729,full,664a150484ed2af3,5ff3a7d612399c5f,"{""alpha_a"": 1.0, ""alpha_b"": 0.9, ""kappa_a"": 0.8, ""kappa_b"": 0.7200000000000001, ""n_per_group"": 200000.0}",1.0,0.9,0.8,0.7200000000000001,200000,empirical_value,0.025414999999999965,synthetic,ALL,not_applicable,not_applicable
EXP-01,SYNTHETIC EXPERIMENT,1729,full,664a150484ed2af3,0099810ce775e549,"{""alpha_a"": 1.0, ""alpha_b"": 0.95, ""kappa_a"": 0.8, ""kappa_b"": 0.76, ""n_per_group"": 200000.0}",1.0,0.95,0.8,0.76,200000,empirical_value,0.01224499999999995,synthetic,ALL,not_applicable,not_applicable
EXP-01,SYNTHETIC EXPERIMENT,1729,full,664a150484ed2af3,2450bd4c8c541d36,"{""alpha_a"": 1.0, ""alpha_b"": 1.0, ""kappa_a"": 0.8, ""kappa_b"": 0.8, ""n_per_group"": 200000.0}",1.0,1.0,0.8,0.8,200000,empirical_value,0.0011149999999999771,synthetic,ALL,not_applicable,not_applicable
EXP-01,SYNTHETIC EXPERIMENT,1729,full,664a150484ed2af3,d677c370f64041a5,"{""alpha_a"": 0.0, ""alpha_b"": 0.0, ""kappa_a"": 0.0, ""kappa_b"": 0.0, ""n_per_group"": 200000.0}",0.0,0.0,0.0,0.0,200000,empirical_signed_gap,-0.00012999999999996348,synthetic,ALL,not_applicable,not_applicable
EXP-01,SYNTHETIC EXPERIMENT,1729,full,664a150484ed2af3,ee15a83f63fdf3a4,"{""alpha_a"": 0.0, ""alpha_b"": 0.05, ""kappa_a"": 0.0, ""kappa_b"": 0.04000000000000001, ""n_per_group"": 200000.0}",0.0,0.05,0.0,0.04000000000000001,200000,empirical_signed_gap,-0.013085000000000013,synthetic,ALL,not_applicable,not_applicable
EXP-01,SYNTHETIC EXPERIMENT,1729,full,664a150484ed2af3,9f213ad987e10721,"{""alpha_a"": 0.0, ""alpha_b"": 0.1, ""kappa_a"": 0.0, ""kappa_b"": 0.08000000000000002, ""n_per_group"": 200000.0}",0.0,0.1,0.0,0.08000000000000002,200000,empirical_signed_gap,-0.023924999999999974,synthetic,ALL,not_applicable,not_applicable
EXP-01,SYNTHETIC EXPERIMENT,1729,full,664a150484ed2af3,a50ea05cc3632546,"{""alpha_a"": 0.0, ""alpha_b"": 0.15, ""kappa_a"": 0.0, ""kappa_b"": 0.12, ""n_per_group"": 200000.0}",0.0,0.15,0.0,0.12,200000,empirical_signed_gap,-0.035394999999999954,synthetic,ALL,not_applicable,not_applicable
EXP-01,SYNTHETIC EXPERIMENT,1729,full,664a150484ed2af3,cb7d140ab1af89e3,"{""alpha_a"": 0.0, ""alpha_b"": 0.2, ""kappa_a"": 0.0, ""kappa_b"": 0.16000000000000003, ""n_per_group"": 200000.0}",0.0,0.2,0.0,0.16000000000000003,200000,empirical_signed_gap,-0.049270000000000036,synthetic,ALL,not_applicable,not_applicable
EXP-01,SYNTHETIC EXPERIMENT,1729,full,664a150484ed2af3,07a82f8c8509babe,"{""alpha_a"": 0.0, ""alpha_b"": 0.25, ""kappa_a"": 0.0, ""kappa_b"": 0.2, ""n_per_group"": 200000.0}",0.0,0.25,0.0,0.2,200000,empirical_signed_gap,-0.060145000000000004,synthetic,ALL,not_applicable,not_applicable
EXP-01,SYNTHETIC EXPERIMENT,1729,full,664a150484ed2af3,c7201cceb6eba04e,"{""alpha_a"": 0.0, ""alpha_b"": 0.3, ""kappa_a"": 0.0, ""kappa_b"": 0.24, ""n_per_group"": 200000.0}",0.0,0.3,0.0,0.24,200000,empirical_signed_gap,-0.07462500000000005,synthetic,ALL,not_applicable,not_applicable
EXP-01,SYNTHETIC EXPERIMENT,1729,full,664a150484ed2af3,2d0c1d2bc4d99071,"{""alpha_a"": 0.0, ""alpha_b"": 0.35, ""kappa_a"": 0.0, ""kappa_b"": 0.27999999999999997, ""n_per_group"": 200000.0}",0.0,0.35,0.0,0.27999999999999997,200000,empirical_signed_gap,-0.08469500000000008,synthetic,ALL,not_applicable,not_applicable
EXP-01,SYNTHETIC EXPERIMENT,1729,full,664a150484ed2af3,94e82436bcbea66c,"{""alpha_a"": 0.0, ""alpha_b"": 0.4, ""kappa_a"": 0.0, ""kappa_b"": 0.32000000000000006, ""n_per_group"": 200000.0}",0.0,0.4,0.0,0.32000000000000006,200000,empirical_signed_gap,-0.09721499999999994,synthetic,ALL,not_applicable,not_applicable
EXP-01,SYNTHETIC EXPERIMENT,1729,full,664a150484ed2af3,7a738e25c58974de,"{""alpha_a"": 0.0, ""alpha_b"": 0.45, ""kappa_a"": 0.0, ""kappa_b"": 0.36000000000000004, ""n_per_group"": 200000.0}",0.0,0.45,0.0,0.36000000000000004,200000,empirical_signed_gap,-0.10846999999999996,synthetic,ALL,not_applicable,not_applicable
EXP-01,SYNTHETIC EXPERIMENT,1729,full,664a150484ed2af3,9be7822385526acd,"{""alpha_a"": 0.0, ""alpha_b"": 0.5, ""kappa_a"": 0.0, ""kappa_b"": 0.4, ""n_per_group"": 200000.0}",0.0,0.5,0.0,0.4,200000,empirical_signed_gap,-0.11870499999999995,synthetic,ALL,not_applicable,not_applicable
EXP-01,SYNTHETIC EXPERIMENT,1729,full,664a150484ed2af3,d187a1a86360d4a1,"{""alpha_a"": 0.0, ""alpha_b"": 0.55, ""kappa_a"": 0.0, ""kappa_b"": 0.44000000000000006, ""n_per_group"": 200000.0}",0.0,0.55,0.0,0.44000000000000006,200000,empirical_signed_gap,-0.13346000000000002,synthetic,ALL,not_applicable,not_applicable
EXP-01,SYNTHETIC EXPERIMENT,1729,full,664a150484ed2af3,f099a38496da6d21,"{""alpha_a"": 0.0, ""alpha_b"": 0.6, ""kappa_a"": 0.0, ""kappa_b"": 0.48, ""n_per_group"": 200000.0}",0.0,0.6,0.0,0.48,200000,empirical_signed_gap,-0.14537,synthetic,ALL,not_applicable,not_applicable
EXP-01,SYNTHETIC EXPERIMENT,1729,full,664a150484ed2af3,6425c81b89dd6306,"{""alpha_a"": 0.0, ""alpha_b"": 0.65, ""kappa_a"": 0.0, ""kappa_b"": 0.52, ""n_per_group"": 200000.0}",0.0,0.65,0.0,0.52,200000,empirical_signed_gap,-0.15620499999999993,synthetic,ALL,not_applicable,not_applicable
EXP-01,SYNTHETIC EXPERIMENT,1729,full,664a150484ed2af3,c187d229ad634965,"{""alpha_a"": 0.0, ""alpha_b"": 0.7, ""kappa_a"": 0.0, ""kappa_b"": 0.5599999999999999, ""n_per_group"": 200000.0}",0.0,0.7,0.0,0.5599999999999999,200000,empirical_signed_gap,-0.16942000000000002,synthetic,ALL,not_applicable,not_applicable
EXP-01,SYNTHETIC EXPERIMENT,1729,full,664a150484ed2af3,26c153d1fce459b2,"{""alpha_a"": 0.0, ""alpha_b"": 0.75, ""kappa_a"": 0.0, ""kappa_b"": 0.6000000000000001, ""n_per_group"": 200000.0}",0.0,0.75,0.0,0.6000000000000001,200000,empirical_signed_gap,-0.17825499999999994,synthetic,ALL,not_applicable,not_applicable
EXP-01,SYNTHETIC EXPERIMENT,1729,full,664a150484ed2af3,82cd72741378faa9,"{""alpha_a"": 0.0, ""alpha_b"": 0.8, ""kappa_a"": 0.0, ""kappa_b"": 0.6400000000000001, ""n_per_group"": 200000.0}",0.0,0.8,0.0,0.6400000000000001,200000,empirical_signed_gap,-0.19163999999999992,synthetic,ALL,not_applicable,not_applicable
EXP-01,SYNTHETIC EXPERIMENT,1729,full,664a150484ed2af3,53b00f6023d4c902,"{""alpha_a"": 0.0, ""alpha_b"": 0.85, ""kappa_a"": 0.0, ""kappa_b"": 0.68, ""n_per_group"": 200000.0}",0.0,0.85,0.0,0.68,200000,empirical_signed_gap,-0.20379000000000003,synthetic,ALL,not_applicable,not_applicable
EXP-01,SYNTHETIC EXPERIMENT,1729,full,664a150484ed2af3,a3219e109d91ed33,"{""alpha_a"": 0.0, ""alpha_b"": 0.9, ""kappa_a"": 0.0, ""kappa_b"": 0.7200000000000001, ""n_per_group"": 200000.0}",0.0,0.9,0.0,0.7200000000000001,200000,empirical_signed_gap,-0.214835,synthetic,ALL,not_applicable,not_applicable
EXP-01,SYNTHETIC EXPERIMENT,1729,full,664a150484ed2af3,f19beb43b18b3e3a,"{""alpha_a"": 0.0, ""alpha_b"": 0.95, ""kappa_a"": 0.0, ""kappa_b"": 0.76, ""n_per_group"": 200000.0}",0.0,0.95,0.0,0.76,200000,empirical_signed_gap,-0.22745499999999996,synthetic,ALL,not_applicable,not_applicable
EXP-01,SYNTHETIC EXPERIMENT,1729,full,664a150484ed2af3,e9c1bbf887ad5156,"{""alpha_a"": 0.0, ""alpha_b"": 1.0, ""kappa_a"": 0.0, ""kappa_b"": 0.8, ""n_per_group"": 200000.0}",0.0,1.0,0.0,0.8,200000,empirical_signed_gap,-0.24026999999999998,synthetic,ALL,not_applicable,not_applicable
EXP-01,SYNTHETIC EXPERIMENT,1729,full,664a150484ed2af3,517bf43b25015681,"{""alpha_a"": 0.05, ""alpha_b"": 0.0, ""kappa_a"": 0.04000000000000001, ""kappa_b"": 0.0, ""n_per_group"": 200000.0}",0.05,0.0,0.04000000000000001,0.0,200000,empirical_signed_gap,0.012380000000000058,synthetic,ALL,not_applicable,not_applicable
EXP-01,SYNTHETIC EXPERIMENT,1729,full,664a150484ed2af3,928165d19889b44d,"{""alpha_a"": 0.05, ""alpha_b"": 0.05, ""kappa_a"": 0.04000000000000001, ""kappa_b"": 0.04000000000000001, ""n_per_group"": 200000.0}",0.05,0.05,0.04000000000000001,0.04000000000000001,200000,empirical_signed_gap,0.00024000000000001798,synthetic,ALL,not_applicable,not_applicable
EXP-01,SYNTHETIC EXPERIMENT,1729,full,664a150484ed2af3,4dcbefe78bb965fa,"{""alpha_a"": 0.05, ""alpha_b"": 0.1, ""kappa_a"": 0.04000000000000001, ""kappa_b"": 0.08000000000000002, ""n_per_group"": 200000.0}",0.05,0.1,0.04000000000000001,0.08000000000000002,200000,empirical_signed_gap,-0.011940000000000062,synthetic,ALL,not_applicable,not_applicable
EXP-01,SYNTHETIC EXPERIMENT,1729,full,664a150484ed2af3,3d8bba13e37d12a2,"{""alpha_a"": 0.05, ""alpha_b"": 0.15, ""kappa_a"": 0.04000000000000001, ""kappa_b"": 0.12, ""n_per_group"": 200000.0}",0.05,0.15,0.04000000000000001,0.12,200000,empirical_signed_gap,-0.02398,synthetic,ALL,not_applicable,not_applicable
EXP-01,SYNTHETIC EXPERIMENT,1729,full,664a150484ed2af3,248cb25828144e14,"{""alpha_a"": 0.05, ""alpha_b"": 0.2, ""kappa_a"": 0.04000000000000001, ""kappa_b"": 0.16000000000000003, ""n_per_group"": 200000.0}",0.05,0.2,0.04000000000000001,0.16000000000000003,200000,empirical_signed_gap,-0.037825,synthetic,ALL,not_applicable,not_applicable
EXP-01,SYNTHETIC EXPERIMENT,1729,full,664a150484ed2af3,bf8a90fef670b5c1,"{""alpha_a"": 0.05, ""alpha_b"": 0.25, ""kappa_a"": 0.04000000000000001, ""kappa_b"": 0.2, ""n_per_group"": 200000.0}",0.05,0.25,0.04000000000000001,0.2,200000,empirical_signed_gap,-0.04734499999999997,synthetic,ALL,not_applicable,not_applicable
EXP-01,SYNTHETIC EXPERIMENT,1729,full,664a150484ed2af3,b4c4a034cc6a3477,"{""alpha_a"": 0.05, ""alpha_b"": 0.3, ""kappa_a"": 0.04000000000000001, ""kappa_b"": 0.24, ""n_per_group"": 200000.0}",0.05,0.3,0.04000000000000001,0.24,200000,empirical_signed_gap,-0.06269499999999995,synthetic,ALL,not_applicable,not_applicable
EXP-01,SYNTHETIC EXPERIMENT,1729,full,664a150484ed2af3,515389475eead2e0,"{""alpha_a"": 0.05, ""alpha_b"": 0.35, ""kappa_a"": 0.04000000000000001, ""kappa_b"": 0.27999999999999997, ""n_per_group"": 200000.0}",0.05,0.35,0.04000000000000001,0.27999999999999997,200000,empirical_signed_gap,-0.07275500000000001,synthetic,ALL,not_applicable,not_applicable
EXP-01,SYNTHETIC EXPERIMENT,1729,full,664a150484ed2af3,4e99ed3934b7d2fb,"{""alpha_a"": 0.05, ""alpha_b"": 0.4, ""kappa_a"": 0.04000000000000001, ""kappa_b"": 0.32000000000000006, ""n_per_group"": 200000.0}",0.05,0.4,0.04000000000000001,0.32000000000000006,200000,empirical_signed_gap,-0.08482,synthetic,ALL,not_applicable,not_applicable
EXP-01,SYNTHETIC EXPERIMENT,1729,full,664a150484ed2af3,515a1d9d2839ad0d,"{""alpha_a"": 0.05, ""alpha_b"": 0.45, ""kappa_a"": 0.04000000000000001, ""kappa_b"": 0.36000000000000004, ""n_per_group"": 200000.0}",0.05,0.45,0.04000000000000001,0.36000000000000004,200000,empirical_signed_gap,-0.0948,synthetic,ALL,not_applicable,not_applicable
EXP-01,SYNTHETIC EXPERIMENT,1729,full,664a150484ed2af3,7a32c7a4f1c13764,"{""alpha_a"": 0.05, ""alpha_b"": 0.5, ""kappa_a"": 0.04000000000000001, ""kappa_b"": 0.4, ""n_per_group"": 200000.0}",0.05,0.5,0.04000000000000001,0.4,200000,empirical_signed_gap,-0.10758500000000004,synthetic,ALL,not_applicable,not_applicable
EXP-01,SYNTHETIC EXPERIMENT,1729,full,664a150484ed2af3,d522d392978a95b8,"{""alpha_a"": 0.05, ""alpha_b"": 0.55, ""kappa_a"": 0.04000000000000001, ""kappa_b"": 0.44000000000000006, ""n_per_group"": 200000.0}",0.05,0.55,0.04000000000000001,0.44000000000000006,200000,empirical_signed_gap,-0.11973500000000004,synthetic,ALL,not_applicable,not_applicable
EXP-01,SYNTHETIC EXPERIMENT,1729,full,664a150484ed2af3,ec4724289873e8c4,"{""alpha_a"": 0.05, ""alpha_b"": 0.6, ""kappa_a"": 0.04000000000000001, ""kappa_b"": 0.48, ""n_per_group"": 200000.0}",0.05,0.6,0.04000000000000001,0.48,200000,empirical_signed_gap,-0.13387000000000004,synthetic,ALL,not_applicable,not_applicable
EXP-01,SYNTHETIC EXPERIMENT,1729,full,664a150484ed2af3,26755716f1dba749,"{""alpha_a"": 0.05, ""alpha_b"": 0.65, ""kappa_a"": 0.04000000000000001, ""kappa_b"": 0.52, ""n_per_group"": 200000.0}",0.05,0.65,0.04000000000000001,0.52,200000,empirical_signed_gap,-0.14324500000000007,synthetic,ALL,not_applicable,not_applicable
EXP-01,SYNTHETIC EXPERIMENT,1729,full,664a150484ed2af3,0f638c1854f1970d,"{""alpha_a"": 0.05, ""alpha_b"": 0.7, ""kappa_a"": 0.04000000000000001, ""kappa_b"": 0.5599999999999999, ""n_per_group"": 200000.0}",0.05,0.7,0.04000000000000001,0.5599999999999999,200000,empirical_signed_gap,-0.15620500000000004,synthetic,ALL,not_applicable,not_applicable
EXP-01,SYNTHETIC EXPERIMENT,1729,full,664a150484ed2af3,26d544bc09ce66a9,"{""alpha_a"": 0.05, ""alpha_b"": 0.75, ""kappa_a"": 0.04000000000000001, ""kappa_b"": 0.6000000000000001, ""n_per_group"": 200000.0}",0.05,0.75,0.04000000000000001,0.6000000000000001,200000,empirical_signed_gap,-0.16735999999999995,synthetic,ALL,not_applicable,not_applicable
EXP-01,SYNTHETIC EXPERIMENT,1729,full,664a150484ed2af3,23237d59319bfd07,"{""alpha_a"": 0.05, ""alpha_b"": 0.8, ""kappa_a"": 0.04000000000000001, ""kappa_b"": 0.6400000000000001, ""n_per_group"": 200000.0}",0.05,0.8,0.04000000000000001,0.6400000000000001,200000,empirical_signed_gap,-0.17944499999999997,synthetic,ALL,not_applicable,not_applicable
EXP-01,SYNTHETIC EXPERIMENT,1729,full,664a150484ed2af3,738e962e48b78cff,"{""alpha_a"": 0.05, ""alpha_b"": 0.85, ""kappa_a"": 0.04000000000000001, ""kappa_b"": 0.68, ""n_per_group"": 200000.0}",0.05,0.85,0.04000000000000001,0.68,200000,empirical_signed_gap,-0.19011999999999996,synthetic,ALL,not_applicable,not_applicable
EXP-01,SYNTHETIC EXPERIMENT,1729,full,664a150484ed2af3,76f5bf6fdc152914,"{""alpha_a"": 0.05, ""alpha_b"": 0.9, ""kappa_a"": 0.04000000000000001, ""kappa_b"": 0.7200000000000001, ""n_per_group"": 200000.0}",0.05,0.9,0.04000000000000001,0.7200000000000001,200000,empirical_signed_gap,-0.20443,synthetic,ALL,not_applicable,not_applicable
EXP-01,SYNTHETIC EXPERIMENT,1729,full,664a150484ed2af3,ee689fe85a37c279,"{""alpha_a"": 0.05, ""alpha_b"": 0.95, ""kappa_a"": 0.04000000000000001, ""kappa_b"": 0.76, ""n_per_group"": 200000.0}",0.05,0.95,0.04000000000000001,0.76,200000,empirical_signed_gap,-0.215545,synthetic,ALL,not_applicable,not_applicable
EXP-01,SYNTHETIC EXPERIMENT,1729,full,664a150484ed2af3,ddcb1a1882664933,"{""alpha_a"": 0.05, ""alpha_b"": 1.0, ""kappa_a"": 0.04000000000000001, ""kappa_b"": 0.8, ""n_per_group"": 200000.0}",0.05,1.0,0.04000000000000001,0.8,200000,empirical_signed_gap,-0.22794999999999999,synthetic,ALL,not_applicable,not_applicable
EXP-01,SYNTHETIC EXPERIMENT,1729,full,664a150484ed2af3,a2915cafe1d6465a,"{""alpha_a"": 0.1, ""alpha_b"": 0.0, ""kappa_a"": 0.08000000000000002, ""kappa_b"": 0.0, ""n_per_group"": 200000.0}",0.1,0.0,0.08000000000000002,0.0,200000,empirical_signed_gap,0.023845000000000005,synthetic,ALL,not_applicable,not_applicable
EXP-01,SYNTHETIC EXPERIMENT,1729,full,664a150484ed2af3,120f7c547c56a2ff,"{""alpha_a"": 0.1, ""alpha_b"": 0.05, ""kappa_a"": 0.08000000000000002, ""kappa_b"": 0.04000000000000001, ""n_per_group"": 200000.0}",0.1,0.05,0.08000000000000002,0.04000000000000001,200000,empirical_signed_gap,0.012954999999999939,synthetic,ALL,not_applicable,not_applicable
EXP-01,SYNTHETIC EXPERIMENT,1729,full,664a150484ed2af3,7e2d1f708c0627fb,"{""alpha_a"": 0.1, ""alpha_b"": 0.1, ""kappa_a"": 0.08000000000000002, ""kappa_b"": 0.08000000000000002, ""n_per_group"": 200000.0}",0.1,0.1,0.08000000000000002,0.08000000000000002,200000,empirical_signed_gap,0.0013600000000000279,synthetic,ALL,not_applicable,not_applicable
EXP-01,SYNTHETIC EXPERIMENT,1729,full,664a150484ed2af3,d997930dab72759f,"{""alpha_a"": 0.1, ""alpha_b"": 0.15, ""kappa_a"": 0.08000000000000002, ""kappa_b"": 0.12, ""n_per_group"": 200000.0}",0.1,0.15,0.08000000000000002,0.12,200000,empirical_signed_gap,-0.010305000000000009,synthetic,ALL,not_applicable,not_applicable
EXP-01,SYNTHETIC EXPERIMENT,1729,full,664a150484ed2af3,ad103656ed8d7f0b,"{""alpha_a"": 0.1, ""alpha_b"": 0.2, ""kappa_a"": 0.08000000000000002, ""kappa_b"": 0.16000000000000003, ""n_per_group"": 200000.0}",0.1,0.2,0.08000000000000002,0.16000000000000003,200000,empirical_signed_gap,-0.02179500000000001,synthetic,ALL,not_applicable,not_applicable
EXP-01,SYNTHETIC EXPERIMENT,1729,full,664a150484ed2af3,c14ae267f5e9ca55,"{""alpha_a"": 0.1, ""alpha_b"": 0.25, ""kappa_a"": 0.08000000000000002, ""kappa_b"": 0.2, ""n_per_group"": 200000.0}",0.1,0.25,0.08000000000000002,0.2,200000,empirical_signed_gap,-0.035150000000000015,synthetic,ALL,not_applicable,not_applicable
EXP-01,SYNTHETIC EXPERIMENT,1729,full,664a150484ed2af3,c5eb1f7d126e4e5c,"{""alpha_a"": 0.1, ""alpha_b"": 0.3, ""kappa_a"": 0.08000000000000002, ""kappa_b"": 0.24, ""n_per_group"": 200000.0}",0.1,0.3,0.08000000000000002,0.24,200000,empirical_signed_gap,-0.04988500000000007,synthetic,ALL,not_applicable,not_applicable
EXP-01,SYNTHETIC EXPERIMENT,1729,full,664a150484ed2af3,b89305dece33fe6b,"{""alpha_a"": 0.1, ""alpha_b"": 0.35, ""kappa_a"": 0.08000000000000002, ""kappa_b"": 0.27999999999999997, ""n_per_group"": 200000.0}",0.1,0.35,0.08000000000000002,0.27999999999999997,200000,empirical_signed_gap,-0.05947999999999998,synthetic,ALL,not_applicable,not_applicable
EXP-01,SYNTHETIC EXPERIMENT,1729,full,664a150484ed2af3,684fda3d6416ed53,"{""alpha_a"": 0.1, ""alpha_b"": 0.4, ""kappa_a"": 0.08000000000000002, ""kappa_b"": 0.32000000000000006, ""n_per_group"": 200000.0}",0.1,0.4,0.08000000000000002,0.32000000000000006,200000,empirical_signed_gap,-0.07140499999999994,synthetic,ALL,not_applicable,not_applicable
EXP-01,SYNTHETIC EXPERIMENT,1729,full,664a150484ed2af3,259b09bf1fb9895d,"{""alpha_a"": 0.1, ""alpha_b"": 0.45, ""kappa_a"": 0.08000000000000002, ""kappa_b"": 0.36000000000000004, ""n_per_group"": 200000.0}",0.1,0.45,0.08000000000000002,0.36000000000000004,200000,empirical_signed_gap,-0.08338500000000004,synthetic,ALL,not_applicable,not_applicable
EXP-01,SYNTHETIC EXPERIMENT,1729,full,664a150484ed2af3,1c9e3d54c99d81ff,"{""alpha_a"": 0.1, ""alpha_b"": 0.5, ""kappa_a"": 0.08000000000000002, ""kappa_b"": 0.4, ""n_per_group"": 200000.0}",0.1,0.5,0.08000000000000002,0.4,200000,empirical_signed_gap,-0.09769499999999998,synthetic,ALL,not_applicable,not_applicable
EXP-01,SYNTHETIC EXPERIMENT,1729,full,664a150484ed2af3,d621968872180cc4,"{""alpha_a"": 0.1, ""alpha_b"": 0.55, ""kappa_a"": 0.08000000000000002, ""kappa_b"": 0.44000000000000006, ""n_per_group"": 200000.0}",0.1,0.55,0.08000000000000002,0.44000000000000006,200000,empirical_signed_gap,-0.10609499999999994,synthetic,ALL,not_applicable,not_applicable
EXP-01,SYNTHETIC EXPERIMENT,1729,full,664a150484ed2af3,5fee5e1447dee117,"{""alpha_a"": 0.1, ""alpha_b"": 0.6, ""kappa_a"": 0.08000000000000002, ""kappa_b"": 0.48, ""n_per_group"": 200000.0}",0.1,0.6,0.08000000000000002,0.48,200000,empirical_signed_gap,-0.12165499999999996,synthetic,ALL,not_applicable,not_applicable
EXP-01,SYNTHETIC EXPERIMENT,1729,full,664a150484ed2af3,ac09b83643b65a98,"{""alpha_a"": 0.1, ""alpha_b"": 0.65, ""kappa_a"": 0.08000000000000002, ""kappa_b"": 0.52, ""n_per_group"": 200000.0}",0.1,0.65,0.08000000000000002,0.52,200000,empirical_signed_gap,-0.131695,synthetic,ALL,not_applicable,not_applicable
EXP-01,SYNTHETIC EXPERIMENT,1729,full,664a150484ed2af3,f014871fe5af6f7d,"{""alpha_a"": 0.1, ""alpha_b"": 0.7, ""kappa_a"": 0.08000000000000002, ""kappa_b"": 0.5599999999999999, ""n_per_group"": 200000.0}",0.1,0.7,0.08000000000000002,0.5599999999999999,200000,empirical_signed_gap,-0.14200999999999997,synthetic,ALL,not_applicable,not_applicable
EXP-01,SYNTHETIC EXPERIMENT,1729,full,664a150484ed2af3,be46b326154d4429,"{""alpha_a"": 0.1, ""alpha_b"": 0.75, ""kappa_a"": 0.08000000000000002, ""kappa_b"": 0.6000000000000001, ""n_per_group"": 200000.0}",0.1,0.75,0.08000000000000002,0.6000000000000001,200000,empirical_signed_gap,-0.15731499999999998,synthetic,ALL,not_applicable,not_applicable
EXP-01,SYNTHETIC EXPERIMENT,1729,full,664a150484ed2af3,b2387e44aaaf2399,"{""alpha_a"": 0.1, ""alpha_b"": 0.8, ""kappa_a"": 0.08000000000000002, ""kappa_b"": 0.6400000000000001, ""n_per_group"": 200000.0}",0.1,0.8,0.08000000000000002,0.6400000000000001,200000,empirical_signed_gap,-0.165605,synthetic,ALL,not_applicable,not_applicable
EXP-01,SYNTHETIC EXPERIMENT,1729,full,664a150484ed2af3,c0c424d80b9b50db,"{""alpha_a"": 0.1, ""alpha_b"": 0.85, ""kappa_a"": 0.08000000000000002, ""kappa_b"": 0.68, ""n_per_group"": 200000.0}",0.1,0.85,0.08000000000000002,0.68,200000,empirical_signed_gap,-0.17911,synthetic,ALL,not_applicable,not_applicable
EXP-01,SYNTHETIC EXPERIMENT,1729,full,664a150484ed2af3,2f6b0b058412dca4,"{""alpha_a"": 0.1, ""alpha_b"": 0.9, ""kappa_a"": 0.08000000000000002, ""kappa_b"": 0.7200000000000001, ""n_per_group"": 200000.0}",0.1,0.9,0.08000000000000002,0.7200000000000001,200000,empirical_signed_gap,-0.19177500000000003,synthetic,ALL,not_applicable,not_applicable
EXP-01,SYNTHETIC EXPERIMENT,1729,full,664a150484ed2af3,1815c76d78805582,"{""alpha_a"": 0.1, ""alpha_b"": 0.95, ""kappa_a"": 0.08000000000000002, ""kappa_b"": 0.76, ""n_per_group"": 200000.0}",0.1,0.95,0.08000000000000002,0.76,200000,empirical_signed_gap,-0.20459500000000008,synthetic,ALL,not_applicable,not_applicable
EXP-01,SYNTHETIC EXPERIMENT,1729,full,664a150484ed2af3,89ea702ee98ea51c,"{""alpha_a"": 0.1, ""alpha_b"": 1.0, ""kappa_a"": 0.08000000000000002, ""kappa_b"": 0.8, ""n_per_group"": 200000.0}",0.1,1.0,0.08000000000000002,0.8,200000,empirical_signed_gap,-0.21716999999999997,synthetic,ALL,not_applicable,not_applicable
EXP-01,SYNTHETIC EXPERIMENT,1729,full,664a150484ed2af3,08b729e9e05a1017,"{""alpha_a"": 0.15, ""alpha_b"": 0.0, ""kappa_a"": 0.12, ""kappa_b"": 0.0, ""n_per_group"": 200000.0}",0.15,0.0,0.12,0.0,200000,empirical_signed_gap,0.03489500000000001,synthetic,ALL,not_applicable,not_applicable
EXP-01,SYNTHETIC EXPERIMENT,1729,full,664a150484ed2af3,7751e99793084c2b,"{""alpha_a"": 0.15, ""alpha_b"": 0.05, ""kappa_a"": 0.12, ""kappa_b"": 0.04000000000000001, ""n_per_group"": 200000.0}",0.15,0.05,0.12,0.04000000000000001,200000,empirical_signed_gap,0.022770000000000068,synthetic,ALL,not_applicable,not_applicable
EXP-01,SYNTHETIC EXPERIMENT,1729,full,664a150484ed2af3,059a983f21c27d05,"{""alpha_a"": 0.15, ""alpha_b"": 0.1, ""kappa_a"": 0.12, ""kappa_b"": 0.08000000000000002, ""n_per_group"": 200000.0}",0.15,0.1,0.12,0.08000000000000002,200000,empirical_signed_gap,0.011545000000000027,synthetic,ALL,not_applicable,not_applicable
EXP-01,SYNTHETIC EXPERIMENT,1729,full,664a150484ed2af3,83532426754cba0b,"{""alpha_a"": 0.15, ""alpha_b"": 0.15, ""kappa_a"": 0.12, ""kappa_b"": 0.12, ""n_per_group"": 200000.0}",0.15,0.15,0.12,0.12,200000,empirical_signed_gap,-0.0005500000000000504,synthetic,ALL,not_applicable,not_applicable
EXP-01,SYNTHETIC EXPERIMENT,1729,full,664a150484ed2af3,dab075d822cb2e53,"{""alpha_a"": 0.15, ""alpha_b"": 0.2, ""kappa_a"": 0.12, ""kappa_b"": 0.16000000000000003, ""n_per_group"": 200000.0}",0.15,0.2,0.12,0.16000000000000003,200000,empirical_signed_gap,-0.013454999999999995,synthetic,ALL,not_applicable,not_applicable
EXP-01,SYNTHETIC EXPERIMENT,1729,full,664a150484ed2af3,ff406255e9541ce0,"{""alpha_a"": 0.15, ""alpha_b"": 0.25, ""kappa_a"": 0.12, ""kappa_b"": 0.2, ""n_per_group"": 200000.0}",0.15,0.25,0.12,0.2,200000,empirical_signed_gap,-0.027395000000000058,synthetic,ALL,not_applicable,not_applicable
EXP-01,SYNTHETIC EXPERIMENT,1729,full,664a150484ed2af3,bc67d0228f2d5dea,"{""alpha_a"": 0.15, ""alpha_b"": 0.3, ""kappa_a"": 0.12, ""kappa_b"": 0.24, ""n_per_group"": 200000.0}",0.15,0.3,0.12,0.24,200000,empirical_signed_gap,-0.03884500000000002,synthetic,ALL,not_applicable,not_applicable
EXP-01,SYNTHETIC EXPERIMENT,1729,full,664a150484ed2af3,6e83edbdd079b951,"{""alpha_a"": 0.15, ""alpha_b"": 0.35, ""kappa_a"": 0.12, ""kappa_b"": 0.27999999999999997, ""n_per_group"": 200000.0}",0.15,0.35,0.12,0.27999999999999997,200000,empirical_signed_gap,-0.04856499999999997,synthetic,ALL,not_applicable,not_applicable
EXP-01,SYNTHETIC EXPERIMENT,1729,full,664a150484ed2af3,036e8f34c32b5e42,"{""alpha_a"": 0.15, ""alpha_b"": 0.4, ""kappa_a"": 0.12, ""kappa_b"": 0.32000000000000006, ""n_per_group"": 200000.0}",0.15,0.4,0.12,0.32000000000000006,200000,empirical_signed_gap,-0.06069499999999994,synthetic,ALL,not_applicable,not_applicable
EXP-01,SYNTHETIC EXPERIMENT,1729,full,664a150484ed2af3,acfa907abcae472a,"{""alpha_a"": 0.15, ""alpha_b"": 0.45, ""kappa_a"": 0.12, ""kappa_b"": 0.36000000000000004, ""n_per_group"": 200000.0}",0.15,0.45,0.12,0.36000000000000004,200000,empirical_signed_gap,-0.07075500000000001,synthetic,ALL,not_applicable,not_applicable
EXP-01,SYNTHETIC EXPERIMENT,1729,full,664a150484ed2af3,a9662090ca98d4f6,"{""alpha_a"": 0.15, ""alpha_b"": 0.5, ""kappa_a"": 0.12, ""kappa_b"": 0.4, ""n_per_group"": 200000.0}",0.15,0.5,0.12,0.4,200000,empirical_signed_gap,-0.08487500000000003,synthetic,ALL,not_applicable,not_applicable
EXP-01,SYNTHETIC EXPERIMENT,1729,full,664a150484ed2af3,045eff080186688d,"{""alpha_a"": 0.15, ""alpha_b"": 0.55, ""kappa_a"": 0.12, ""kappa_b"": 0.44000000000000006, ""n_per_group"": 200000.0}",0.15,0.55,0.12,0.44000000000000006,200000,empirical_signed_gap,-0.09577500000000005,synthetic,ALL,not_applicable,not_applicable
EXP-01,SYNTHETIC EXPERIMENT,1729,full,664a150484ed2af3,1a1483085ec0edf2,"{""alpha_a"": 0.15, ""alpha_b"": 0.6, ""kappa_a"": 0.12, ""kappa_b"": 0.48, ""n_per_group"": 200000.0}",0.15,0.6,0.12,0.48,200000,empirical_signed_gap,-0.10860499999999995,synthetic,ALL,not_applicable,not_applicable
EXP-01,SYNTHETIC EXPERIMENT,1729,full,664a150484ed2af3,6a6a0e31246bf09c,"{""alpha_a"": 0.15, ""alpha_b"": 0.65, ""kappa_a"": 0.12, ""kappa_b"": 0.52, ""n_per_group"": 200000.0}",0.15,0.65,0.12,0.52,200000,empirical_signed_gap,-0.12064000000000008,synthetic,ALL,not_applicable,not_applicable
EXP-01,SYNTHETIC EXPERIMENT,1729,full,664a150484ed2af3,d10cd4e23035c428,"{""alpha_a"": 0.15, ""alpha_b"": 0.7, ""kappa_a"": 0.12, ""kappa_b"": 0.5599999999999999, ""n_per_group"": 200000.0}",0.15,0.7,0.12,0.5599999999999999,200000,empirical_signed_gap,-0.12968000000000002,synthetic,ALL,not_applicable,not_applicable
EXP-01,SYNTHETIC EXPERIMENT,1729,full,664a150484ed2af3,9cb28d943a1dc510,"{""alpha_a"": 0.15, ""alpha_b"": 0.75, ""kappa_a"": 0.12, ""kappa_b"": 0.6000000000000001, ""n_per_group"": 200000.0}",0.15,0.75,0.12,0.6000000000000001,200000,empirical_signed_gap,-0.14308500000000002,synthetic,ALL,not_applicable,not_applicable
EXP-01,SYNTHETIC EXPERIMENT,1729,full,664a150484ed2af3,8e58a4fc2a580565,"{""alpha_a"": 0.15, ""alpha_b"": 0.8, ""kappa_a"": 0.12, ""kappa_b"": 0.6400000000000001, ""n_per_group"": 200000.0}",0.15,0.8,0.12,0.6400000000000001,200000,empirical_signed_gap,-0.15775000000000006,synthetic,ALL,not_applicable,not_applicable
EXP-01,SYNTHETIC EXPERIMENT,1729,full,664a150484ed2af3,201a8d3cd827b864,"{""alpha_a"": 0.15, ""alpha_b"": 0.85, ""kappa_a"": 0.12, ""kappa_b"": 0.68, ""n_per_group"": 200000.0}",0.15,0.85,0.12,0.68,200000,empirical_signed_gap,-0.16608,synthetic,ALL,not_applicable,not_applicable
EXP-01,SYNTHETIC EXPERIMENT,1729,full,664a150484ed2af3,afd508f6c028d6a9,"{""alpha_a"": 0.15, ""alpha_b"": 0.9, ""kappa_a"": 0.12, ""kappa_b"": 0.7200000000000001, ""n_per_group"": 200000.0}",0.15,0.9,0.12,0.7200000000000001,200000,empirical_signed_gap,-0.17781500000000006,synthetic,ALL,not_applicable,not_applicable
EXP-01,SYNTHETIC EXPERIMENT,1729,full,664a150484ed2af3,ae3046ae15a815a4,"{""alpha_a"": 0.15, ""alpha_b"": 0.95, ""kappa_a"": 0.12, ""kappa_b"": 0.76, ""n_per_group"": 200000.0}",0.15,0.95,0.12,0.76,200000,empirical_signed_gap,-0.192805,synthetic,ALL,not_applicable,not_applicable
EXP-01,SYNTHETIC EXPERIMENT,1729,full,664a150484ed2af3,694c5a71a7871c49,"{""alpha_a"": 0.15, ""alpha_b"": 1.0, ""kappa_a"": 0.12, ""kappa_b"": 0.8, ""n_per_group"": 200000.0}",0.15,1.0,0.12,0.8,200000,empirical_signed_gap,-0.20365499999999992,synthetic,ALL,not_applicable,not_applicable
EXP-01,SYNTHETIC EXPERIMENT,1729,full,664a150484ed2af3,7febf754872d3919,"{""alpha_a"": 0.2, ""alpha_b"": 0.0, ""kappa_a"": 0.16000000000000003, ""kappa_b"": 0.0, ""n_per_group"": 200000.0}",0.2,0.0,0.16000000000000003,0.0,200000,empirical_signed_gap,0.04852000000000001,synthetic,ALL,not_applicable,not_applicable
EXP-01,SYNTHETIC EXPERIMENT,1729,full,664a150484ed2af3,af0e88350643e722,"{""alpha_a"": 0.2, ""alpha_b"": 0.05, ""kappa_a"": 0.16000000000000003, ""kappa_b"": 0.04000000000000001, ""n_per_group"": 200000.0}",0.2,0.05,0.16000000000000003,0.04000000000000001,200000,empirical_signed_gap,0.03573000000000004,synthetic,ALL,not_applicable,not_applicable
EXP-01,SYNTHETIC EXPERIMENT,1729,full,664a150484ed2af3,ebc7988d8059dc14,"{""alpha_a"": 0.2, ""alpha_b"": 0.1, ""kappa_a"": 0.16000000000000003, ""kappa_b"": 0.08000000000000002, ""n_per_group"": 200000.0}",0.2,0.1,0.16000000000000003,0.08000000000000002,200000,empirical_signed_gap,0.02139000000000002,synthetic,ALL,not_applicable,not_applicable
EXP-01,SYNTHETIC EXPERIMENT,1729,full,664a150484ed2af3,41008b528b1235f7,"{""alpha_a"": 0.2, ""alpha_b"": 0.15, ""kappa_a"": 0.16000000000000003, ""kappa_b"": 0.12, ""n_per_group"": 200000.0}",0.2,0.15,0.16000000000000003,0.12,200000,empirical_signed_gap,0.013824999999999976,synthetic,ALL,not_applicable,not_applicable
EXP-01,SYNTHETIC EXPERIMENT,1729,full,664a150484ed2af3,a3f00a124577869e,"{""alpha_a"": 0.2, ""alpha_b"": 0.2, ""kappa_a"": 0.16000000000000003, ""kappa_b"": 0.16000000000000003, ""n_per_group"": 200000.0}",0.2,0.2,0.16000000000000003,0.16000000000000003,200000,empirical_signed_gap,-0.00011999999999989797,synthetic,ALL,not_applicable,not_applicable
EXP-01,SYNTHETIC EXPERIMENT,1729,full,664a150484ed2af3,8a2519f2ff1ed8f6,"{""alpha_a"": 0.2, ""alpha_b"": 0.25, ""kappa_a"": 0.16000000000000003, ""kappa_b"": 0.2, ""n_per_group"": 200000.0}",0.2,0.25,0.16000000000000003,0.2,200000,empirical_signed_gap,-0.01097999999999999,synthetic,ALL,not_applicable,not_applicable
EXP-01,SYNTHETIC EXPERIMENT,1729,full,664a150484ed2af3,b4f261583a3b724a,"{""alpha_a"": 0.2, ""alpha_b"": 0.3, ""kappa_a"": 0.16000000000000003, ""kappa_b"": 0.24, ""n_per_group"": 200000.0}",0.2,0.3,0.16000000000000003,0.24,200000,empirical_signed_gap,-0.02473000000000003,synthetic,ALL,not_applicable,not_applicable
EXP-01,SYNTHETIC EXPERIMENT,1729,full,664a150484ed2af3,f681b88a7543859f,"{""alpha_a"": 0.2, ""alpha_b"": 0.35, ""kappa_a"": 0.16000000000000003, ""kappa_b"": 0.27999999999999997, ""n_per_group"": 200000.0}",0.2,0.35,0.16000000000000003,0.27999999999999997,200000,empirical_signed_gap,-0.037940000000000085,synthetic,ALL,not_applicable,not_applicable
EXP-01,SYNTHETIC EXPERIMENT,1729,full,664a150484ed2af3,d20ee4fa0ea4046f,"{""alpha_a"": 0.2, ""alpha_b"": 0.4, ""kappa_a"": 0.16000000000000003, ""kappa_b"": 0.32000000000000006, ""n_per_group"": 200000.0}",0.2,0.4,0.16000000000000003,0.32000000000000006,200000,empirical_signed_gap,-0.04929499999999998,synthetic,ALL,not_applicable,not_applicable
EXP-01,SYNTHETIC EXPERIMENT,1729,full,664a150484ed2af3,ff7a91fd1b801645,"{""alpha_a"": 0.2, ""alpha_b"": 0.45, ""kappa_a"": 0.16000000000000003, ""kappa_b"": 0.36000000000000004, ""n_per_group"": 200000.0}",0.2,0.45,0.16000000000000003,0.36000000000000004,200000,empirical_signed_gap,-0.061365,synthetic,ALL,not_applicable,not_applicable
EXP-01,SYNTHETIC EXPERIMENT,1729,full,664a150484ed2af3,6bfd94f82a5d1ff2,"{""alpha_a"": 0.2, ""alpha_b"": 0.5, ""kappa_a"": 0.16000000000000003, ""kappa_b"": 0.4, ""n_per_group"": 200000.0}",0.2,0.5,0.16000000000000003,0.4,200000,empirical_signed_gap,-0.072905,synthetic,ALL,not_applicable,not_applicable
EXP-01,SYNTHETIC EXPERIMENT,1729,full,664a150484ed2af3,40b3681ff1bd5a33,"{""alpha_a"": 0.2, ""alpha_b"": 0.55, ""kappa_a"": 0.16000000000000003, ""kappa_b"": 0.44000000000000006, ""n_per_group"": 200000.0}",0.2,0.55,0.16000000000000003,0.44000000000000006,200000,empirical_signed_gap,-0.08348500000000003,synthetic,ALL,not_applicable,not_applicable
EXP-01,SYNTHETIC EXPERIMENT,1729,full,664a150484ed2af3,e211bd0acc7eecf6,"{""alpha_a"": 0.2, ""alpha_b"": 0.6, ""kappa_a"": 0.16000000000000003, ""kappa_b"": 0.48, ""n_per_group"": 200000.0}",0.2,0.6,0.16000000000000003,0.48,200000,empirical_signed_gap,-0.09651500000000002,synthetic,ALL,not_applicable,not_applicable
EXP-01,SYNTHETIC EXPERIMENT,1729,full,664a150484ed2af3,1e13ae164faf8f41,"{""alpha_a"": 0.2, ""alpha_b"": 0.65, ""kappa_a"": 0.16000000000000003, ""kappa_b"": 0.52, ""n_per_group"": 200000.0}",0.2,0.65,0.16000000000000003,0.52,200000,empirical_signed_gap,-0.10926999999999998,synthetic,ALL,not_applicable,not_applicable
EXP-01,SYNTHETIC EXPERIMENT,1729,full,664a150484ed2af3,175745f0ccd8d860,"{""alpha_a"": 0.2, ""alpha_b"": 0.7, ""kappa_a"": 0.16000000000000003, ""kappa_b"": 0.5599999999999999, ""n_per_group"": 200000.0}",0.2,0.7,0.16000000000000003,0.5599999999999999,200000,empirical_signed_gap,-0.11905500000000002,synthetic,ALL,not_applicable,not_applicable
EXP-01,SYNTHETIC EXPERIMENT,1729,full,664a150484ed2af3,a450449f379465e7,"{""alpha_a"": 0.2, ""alpha_b"": 0.75, ""kappa_a"": 0.16000000000000003, ""kappa_b"": 0.6000000000000001, ""n_per_group"": 200000.0}",0.2,0.75,0.16000000000000003,0.6000000000000001,200000,empirical_signed_gap,-0.1324700000000001,synthetic,ALL,not_applicable,not_applicable
EXP-01,SYNTHETIC EXPERIMENT,1729,full,664a150484ed2af3,96e35d8738eec7f3,"{""alpha_a"": 0.2, ""alpha_b"": 0.8, ""kappa_a"": 0.16000000000000003, ""kappa_b"": 0.6400000000000001, ""n_per_group"": 200000.0}",0.2,0.8,0.16000000000000003,0.6400000000000001,200000,empirical_signed_gap,-0.14356999999999998,synthetic,ALL,not_applicable,not_applicable
EXP-01,SYNTHETIC EXPERIMENT,1729,full,664a150484ed2af3,e2761bb3a6a7dfd5,"{""alpha_a"": 0.2, ""alpha_b"": 0.85, ""kappa_a"": 0.16000000000000003, ""kappa_b"": 0.68, ""n_per_group"": 200000.0}",0.2,0.85,0.16000000000000003,0.68,200000,empirical_signed_gap,-0.15613,synthetic,ALL,not_applicable,not_applicable
EXP-01,SYNTHETIC EXPERIMENT,1729,full,664a150484ed2af3,96ba37d3d4dda9b2,"{""alpha_a"": 0.2, ""alpha_b"": 0.9, ""kappa_a"": 0.16000000000000003, ""kappa_b"": 0.7200000000000001, ""n_per_group"": 200000.0}",0.2,0.9,0.16000000000000003,0.7200000000000001,200000,empirical_signed_gap,-0.16497499999999998,synthetic,ALL,not_applicable,not_applicable
EXP-01,SYNTHETIC EXPERIMENT,1729,full,664a150484ed2af3,67c017115584954c,"{""alpha_a"": 0.2, ""alpha_b"": 0.95, ""kappa_a"": 0.16000000000000003, ""kappa_b"": 0.76, ""n_per_group"": 200000.0}",0.2,0.95,0.16000000000000003,0.76,200000,empirical_signed_gap,-0.17920500000000006,synthetic,ALL,not_applicable,not_applicable
EXP-01,SYNTHETIC EXPERIMENT,1729,full,664a150484ed2af3,308d26abc93558d0,"{""alpha_a"": 0.2, ""alpha_b"": 1.0, ""kappa_a"": 0.16000000000000003, ""kappa_b"": 0.8, ""n_per_group"": 200000.0}",0.2,1.0,0.16000000000000003,0.8,200000,empirical_signed_gap,-0.19274000000000002,synthetic,ALL,not_applicable,not_applicable
EXP-01,SYNTHETIC EXPERIMENT,1729,full,664a150484ed2af3,d0ef03f67f087104,"{""alpha_a"": 0.25, ""alpha_b"": 0.0, ""kappa_a"": 0.2, ""kappa_b"": 0.0, ""n_per_group"": 200000.0}",0.25,0.0,0.2,0.0,200000,empirical_signed_gap,0.058555000000000024,synthetic,ALL,not_applicable,not_applicable
EXP-01,SYNTHETIC EXPERIMENT,1729,full,664a150484ed2af3,640da030f4c79e2a,"{""alpha_a"": 0.25, ""alpha_b"": 0.05, ""kappa_a"": 0.2, ""kappa_b"": 0.04000000000000001, ""n_per_group"": 200000.0}",0.25,0.05,0.2,0.04000000000000001,200000,empirical_signed_gap,0.04820500000000005,synthetic,ALL,not_applicable,not_applicable
EXP-01,SYNTHETIC EXPERIMENT,1729,full,664a150484ed2af3,d35d22f3b88f0655,"{""alpha_a"": 0.25, ""alpha_b"": 0.1, ""kappa_a"": 0.2, ""kappa_b"": 0.08000000000000002, ""n_per_group"": 200000.0}",0.25,0.1,0.2,0.08000000000000002,200000,empirical_signed_gap,0.035519999999999996,synthetic,ALL,not_applicable,not_applicable
EXP-01,SYNTHETIC EXPERIMENT,1729,full,664a150484ed2af3,36a097142cdadf6f,"{""alpha_a"": 0.25, ""alpha_b"": 0.15, ""kappa_a"": 0.2, ""kappa_b"": 0.12, ""n_per_group"": 200000.0}",0.25,0.15,0.2,0.12,200000,empirical_signed_gap,0.025349999999999984,synthetic,ALL,not_applicable,not_applicable
EXP-01,SYNTHETIC EXPERIMENT,1729,full,664a150484ed2af3,771ed3facb31defa,"{""alpha_a"": 0.25, ""alpha_b"": 0.2, ""kappa_a"": 0.2, ""kappa_b"": 0.16000000000000003, ""n_per_group"": 200000.0}",0.25,0.2,0.2,0.16000000000000003,200000,empirical_signed_gap,0.010754999999999959,synthetic,ALL,not_applicable,not_applicable
EXP-01,SYNTHETIC EXPERIMENT,1729,full,664a150484ed2af3,0ef3f92454098838,"{""alpha_a"": 0.25, ""alpha_b"": 0.25, ""kappa_a"": 0.2, ""kappa_b"": 0.2, ""n_per_group"": 200000.0}",0.25,0.25,0.2,0.2,200000,empirical_signed_gap,0.0004250000000000087,synthetic,ALL,not_applicable,not_applicable
EXP-01,SYNTHETIC EXPERIMENT,1729,full,664a150484ed2af3,69430f02107c86f3,"{""alpha_a"": 0.25, ""alpha_b"": 0.3, ""kappa_a"": 0.2, ""kappa_b"": 0.24, ""n_per_group"": 200000.0}",0.25,0.3,0.2,0.24,200000,empirical_signed_gap,-0.012924999999999964,synthetic,ALL,not_applicable,not_applicable
EXP-01,SYNTHETIC EXPERIMENT,1729,full,664a150484ed2af3,d7ff82e5394737eb,"{""alpha_a"": 0.25, ""alpha_b"": 0.35, ""kappa_a"": 0.2, ""kappa_b"": 0.27999999999999997, ""n_per_group"": 200000.0}",0.25,0.35,0.2,0.27999999999999997,200000,empirical_signed_gap,-0.023094999999999977,synthetic,ALL,not_applicable,not_applicable
EXP-01,SYNTHETIC EXPERIMENT,1729,full,664a150484ed2af3,58cbd7267c66f208,"{""alpha_a"": 0.25, ""alpha_b"": 0.4, ""kappa_a"": 0.2, ""kappa_b"": 0.32000000000000006, ""n_per_group"": 200000.0}",0.25,0.4,0.2,0.32000000000000006,200000,empirical_signed_gap,-0.035355000000000025,synthetic,ALL,not_applicable,not_applicable
EXP-01,SYNTHETIC EXPERIMENT,1729,full,664a150484ed2af3,d0f4d027a21b5961,"{""alpha_a"": 0.25, ""alpha_b"": 0.45, ""kappa_a"": 0.2, ""kappa_b"": 0.36000000000000004, ""n_per_group"": 200000.0}",0.25,0.45,0.2,0.36000000000000004,200000,empirical_signed_gap,-0.04888500000000007,synthetic,ALL,not_applicable,not_applicable
EXP-01,SYNTHETIC EXPERIMENT,1729,full,664a150484ed2af3,b831345230e1a585,"{""alpha_a"": 0.25, ""alpha_b"": 0.5, ""kappa_a"": 0.2, ""kappa_b"": 0.4, ""n_per_group"": 200000.0}",0.25,0.5,0.2,0.4,200000,empirical_signed_gap,-0.061145000000000005,synthetic,ALL,not_applicable,not_applicable
EXP-01,SYNTHETIC EXPERIMENT,1729,full,664a150484ed2af3,f1088485738d706a,"{""alpha_a"": 0.25, ""alpha_b"": 0.55, ""kappa_a"": 0.2, ""kappa_b"": 0.44000000000000006, ""n_per_group"": 200000.0}",0.25,0.55,0.2,0.44000000000000006,200000,empirical_signed_gap,-0.07135500000000006,synthetic,ALL,not_applicable,not_applicable
EXP-01,SYNTHETIC EXPERIMENT,1729,full,664a150484ed2af3,76c9d04638f909c9,"{""alpha_a"": 0.25, ""alpha_b"": 0.6, ""kappa_a"": 0.2, ""kappa_b"": 0.48, ""n_per_group"": 200000.0}",0.25,0.6,0.2,0.48,200000,empirical_signed_gap,-0.08501000000000003,synthetic,ALL,not_applicable,not_applicable
EXP-01,SYNTHETIC EXPERIMENT,1729,full,664a150484ed2af3,d1bf2dd0766911b7,"{""alpha_a"": 0.25, ""alpha_b"": 0.65, ""kappa_a"": 0.2, ""kappa_b"": 0.52, ""n_per_group"": 200000.0}",0.25,0.65,0.2,0.52,200000,empirical_signed_gap,-0.09733500000000006,synthetic,ALL,not_applicable,not_applicable
EXP-01,SYNTHETIC EXPERIMENT,1729,full,664a150484ed2af3,7347765828dc631a,"{""alpha_a"": 0.25, ""alpha_b"": 0.7, ""kappa_a"": 0.2, ""kappa_b"": 0.5599999999999999, ""n_per_group"": 200000.0}",0.25,0.7,0.2,0.5599999999999999,200000,empirical_signed_gap,-0.10686000000000007,synthetic,ALL,not_applicable,not_applicable
EXP-01,SYNTHETIC EXPERIMENT,1729,full,664a150484ed2af3,8cd421c278dad9f0,"{""alpha_a"": 0.25, ""alpha_b"": 0.75, ""kappa_a"": 0.2, ""kappa_b"": 0.6000000000000001, ""n_per_group"": 200000.0}",0.25,0.75,0.2,0.6000000000000001,200000,empirical_signed_gap,-0.11838000000000004,synthetic,ALL,not_applicable,not_applicable
EXP-01,SYNTHETIC EXPERIMENT,1729,full,664a150484ed2af3,a3a8587bfcda0271,"{""alpha_a"": 0.25, ""alpha_b"": 0.8, ""kappa_a"": 0.2, ""kappa_b"": 0.6400000000000001, ""n_per_group"": 200000.0}",0.25,0.8,0.2,0.6400000000000001,200000,empirical_signed_gap,-0.13256999999999997,synthetic,ALL,not_applicable,not_applicable
EXP-01,SYNTHETIC EXPERIMENT,1729,full,664a150484ed2af3,7f75c4b391283e60,"{""alpha_a"": 0.25, ""alpha_b"": 0.85, ""kappa_a"": 0.2, ""kappa_b"": 0.68, ""n_per_group"": 200000.0}",0.25,0.85,0.2,0.68,200000,empirical_signed_gap,-0.14530500000000002,synthetic,ALL,not_applicable,not_applicable
EXP-01,SYNTHETIC EXPERIMENT,1729,full,664a150484ed2af3,dca757c3df7ba091,"{""alpha_a"": 0.25, ""alpha_b"": 0.9, ""kappa_a"": 0.2, ""kappa_b"": 0.7200000000000001, ""n_per_group"": 200000.0}",0.25,0.9,0.2,0.7200000000000001,200000,empirical_signed_gap,-0.15858499999999998,synthetic,ALL,not_applicable,not_applicable
EXP-01,SYNTHETIC EXPERIMENT,1729,full,664a150484ed2af3,0ead99814f3b20df,"{""alpha_a"": 0.25, ""alpha_b"": 0.95, ""kappa_a"": 0.2, ""kappa_b"": 0.76, ""n_per_group"": 200000.0}",0.25,0.95,0.2,0.76,200000,empirical_signed_gap,-0.16867999999999994,synthetic,ALL,not_applicable,not_applicable
EXP-01,SYNTHETIC EXPERIMENT,1729,full,664a150484ed2af3,700ea7fd6f3fe715,"{""alpha_a"": 0.25, ""alpha_b"": 1.0, ""kappa_a"": 0.2, ""kappa_b"": 0.8, ""n_per_group"": 200000.0}",0.25,1.0,0.2,0.8,200000,empirical_signed_gap,-0.181975,synthetic,ALL,not_applicable,not_applicable
EXP-01,SYNTHETIC EXPERIMENT,1729,full,664a150484ed2af3,31672113393a323b,"{""alpha_a"": 0.3, ""alpha_b"": 0.0, ""kappa_a"": 0.24, ""kappa_b"": 0.0, ""n_per_group"": 200000.0}",0.3,0.0,0.24,0.0,200000,empirical_signed_gap,0.07153999999999994,synthetic,ALL,not_applicable,not_applicable
EXP-01,SYNTHETIC EXPERIMENT,1729,full,664a150484ed2af3,3c646466648927bc,"{""alpha_a"": 0.3, ""alpha_b"": 0.05, ""kappa_a"": 0.24, ""kappa_b"": 0.04000000000000001, ""n_per_group"": 200000.0}",0.3,0.05,0.24,0.04000000000000001,200000,empirical_signed_gap,0.059904999999999986,synthetic,ALL,not_applicable,not_applicable
EXP-01,SYNTHETIC EXPERIMENT,1729,full,664a150484ed2af3,9814cad6fd886e66,"{""alpha_a"": 0.3, ""alpha_b"": 0.1, ""kappa_a"": 0.24, ""kappa_b"": 0.08000000000000002, ""n_per_group"": 200000.0}",0.3,0.1,0.24,0.08000000000000002,200000,empirical_signed_gap,0.04577999999999993,synthetic,ALL,not_applicable,not_applicable
EXP-01,SYNTHETIC EXPERIMENT,1729,full,664a150484ed2af3,8d91f387a3c7da84,"{""alpha_a"": 0.3, ""alpha_b"": 0.15, ""kappa_a"": 0.24, ""kappa_b"": 0.12, ""n_per_group"": 200000.0}",0.3,0.15,0.24,0.12,200000,empirical_signed_gap,0.037995,synthetic,ALL,not_applicable,not_applicable
EXP-01,SYNTHETIC EXPERIMENT,1729,full,664a150484ed2af3,fc766c884699c0b5,"{""alpha_a"": 0.3, ""alpha_b"": 0.2, ""kappa_a"": 0.24, ""kappa_b"": 0.16000000000000003, ""n_per_group"": 200000.0}",0.3,0.2,0.24,0.16000000000000003,200000,empirical_signed_gap,0.021135000000000015,synthetic,ALL,not_applicable,not_applicable
EXP-01,SYNTHETIC EXPERIMENT,1729,full,664a150484ed2af3,f53aaffe33312169,"{""alpha_a"": 0.3, ""alpha_b"": 0.25, ""kappa_a"": 0.24, ""kappa_b"": 0.2, ""n_per_group"": 200000.0}",0.3,0.25,0.24,0.2,200000,empirical_signed_gap,0.011739999999999973,synthetic,ALL,not_applicable,not_applicable
EXP-01,SYNTHETIC EXPERIMENT,1729,full,664a150484ed2af3,5e7d0c29ccf0d026,"{""alpha_a"": 0.3, ""alpha_b"": 0.3, ""kappa_a"": 0.24, ""kappa_b"": 0.24, ""n_per_group"": 200000.0}",0.3,0.3,0.24,0.24,200000,empirical_signed_gap,0.0002649999999999597,synthetic,ALL,not_applicable,not_applicable
EXP-01,SYNTHETIC EXPERIMENT,1729,full,664a150484ed2af3,914b9c976d95f94b,"{""alpha_a"": 0.3, ""alpha_b"": 0.35, ""kappa_a"": 0.24, ""kappa_b"": 0.27999999999999997, ""n_per_group"": 200000.0}",0.3,0.35,0.24,0.27999999999999997,200000,empirical_signed_gap,-0.009905000000000053,synthetic,ALL,not_applicable,not_applicable
EXP-01,SYNTHETIC EXPERIMENT,1729,full,664a150484ed2af3,d9c80c2b33534eb6,"{""alpha_a"": 0.3, ""alpha_b"": 0.4, ""kappa_a"": 0.24, ""kappa_b"": 0.32000000000000006, ""n_per_group"": 200000.0}",0.3,0.4,0.24,0.32000000000000006,200000,empirical_signed_gap,-0.023310000000000053,synthetic,ALL,not_applicable,not_applicable
EXP-01,SYNTHETIC EXPERIMENT,1729,full,664a150484ed2af3,fce7f455545cd060,"{""alpha_a"": 0.3, ""alpha_b"": 0.45, ""kappa_a"": 0.24, ""kappa_b"": 0.36000000000000004, ""n_per_group"": 200000.0}",0.3,0.45,0.24,0.36000000000000004,200000,empirical_signed_gap,-0.035559999999999925,synthetic,ALL,not_applicable,not_applicable
EXP-01,SYNTHETIC EXPERIMENT,1729,full,664a150484ed2af3,9bd821115d6ab0c6,"{""alpha_a"": 0.3, ""alpha_b"": 0.5, ""kappa_a"": 0.24, ""kappa_b"": 0.4, ""n_per_group"": 200000.0}",0.3,0.5,0.24,0.4,200000,empirical_signed_gap,-0.047864999999999935,synthetic,ALL,not_applicable,not_applicable
EXP-01,SYNTHETIC EXPERIMENT,1729,full,664a150484ed2af3,cd3e02481510dc73,"{""alpha_a"": 0.3, ""alpha_b"": 0.55, ""kappa_a"": 0.24, ""kappa_b"": 0.44000000000000006, ""n_per_group"": 200000.0}",0.3,0.55,0.24,0.44000000000000006,200000,empirical_signed_gap,-0.059740000000000015,synthetic,ALL,not_applicable,not_applicable
EXP-01,SYNTHETIC EXPERIMENT,1729,full,664a150484ed2af3,1857cb75df40c346,"{""alpha_a"": 0.3, ""alpha_b"": 0.6, ""kappa_a"": 0.24, ""kappa_b"": 0.48, ""n_per_group"": 200000.0}",0.3,0.6,0.24,0.48,200000,empirical_signed_gap,-0.073905,synthetic,ALL,not_applicable,not_applicable
EXP-01,SYNTHETIC EXPERIMENT,1729,full,664a150484ed2af3,02cadc2bc1e0b26b,"{""alpha_a"": 0.3, ""alpha_b"": 0.65, ""kappa_a"": 0.24, ""kappa_b"": 0.52, ""n_per_group"": 200000.0}",0.3,0.65,0.24,0.52,200000,empirical_signed_gap,-0.08396499999999996,synthetic,ALL,not_applicable,not_applicable
EXP-01,SYNTHETIC EXPERIMENT,1729,full,664a150484ed2af3,9e5a08504b225d15,"{""alpha_a"": 0.3, ""alpha_b"": 0.7, ""kappa_a"": 0.24, ""kappa_b"": 0.5599999999999999, ""n_per_group"": 200000.0}",0.3,0.7,0.24,0.5599999999999999,200000,empirical_signed_gap,-0.09621000000000002,synthetic,ALL,not_applicable,not_applicable
EXP-01,SYNTHETIC EXPERIMENT,1729,full,664a150484ed2af3,61dc1bdd16487838,"{""alpha_a"": 0.3, ""alpha_b"": 0.75, ""kappa_a"": 0.24, ""kappa_b"": 0.6000000000000001, ""n_per_group"": 200000.0}",0.3,0.75,0.24,0.6000000000000001,200000,empirical_signed_gap,-0.10740500000000008,synthetic,ALL,not_applicable,not_applicable
EXP-01,SYNTHETIC EXPERIMENT,1729,full,664a150484ed2af3,78fbc22363e0f834,"{""alpha_a"": 0.3, ""alpha_b"": 0.8, ""kappa_a"": 0.24, ""kappa_b"": 0.6400000000000001, ""n_per_group"": 200000.0}",0.3,0.8,0.24,0.6400000000000001,200000,empirical_signed_gap,-0.12036999999999998,synthetic,ALL,not_applicable,not_applicable
EXP-01,SYNTHETIC EXPERIMENT,1729,full,664a150484ed2af3,d88806cb2e3b4594,"{""alpha_a"": 0.3, ""alpha_b"": 0.85, ""kappa_a"": 0.24, ""kappa_b"": 0.68, ""n_per_group"": 200000.0}",0.3,0.85,0.24,0.68,200000,empirical_signed_gap,-0.13158999999999998,synthetic,ALL,not_applicable,not_applicable
EXP-01,SYNTHETIC EXPERIMENT,1729,full,664a150484ed2af3,61be87df94fdc8f8,"{""alpha_a"": 0.3, ""alpha_b"": 0.9, ""kappa_a"": 0.24, ""kappa_b"": 0.7200000000000001, ""n_per_group"": 200000.0}",0.3,0.9,0.24,0.7200000000000001,200000,empirical_signed_gap,-0.14338000000000006,synthetic,ALL,not_applicable,not_applicable
EXP-01,SYNTHETIC EXPERIMENT,1729,full,664a150484ed2af3,6a86b1c31fa23909,"{""alpha_a"": 0.3, ""alpha_b"": 0.95, ""kappa_a"": 0.24, ""kappa_b"": 0.76, ""n_per_group"": 200000.0}",0.3,0.95,0.24,0.76,200000,empirical_signed_gap,-0.15646499999999997,synthetic,ALL,not_applicable,not_applicable
EXP-01,SYNTHETIC EXPERIMENT,1729,full,664a150484ed2af3,5abd187b355317bf,"{""alpha_a"": 0.3, ""alpha_b"": 1.0, ""kappa_a"": 0.24, ""kappa_b"": 0.8, ""n_per_group"": 200000.0}",0.3,1.0,0.24,0.8,200000,empirical_signed_gap,-0.16707499999999997,synthetic,ALL,not_applicable,not_applicable
EXP-01,SYNTHETIC EXPERIMENT,1729,full,664a150484ed2af3,35ff863b653eda18,"{""alpha_a"": 0.35, ""alpha_b"": 0.0, ""kappa_a"": 0.27999999999999997, ""kappa_b"": 0.0, ""n_per_group"": 200000.0}",0.35,0.0,0.27999999999999997,0.0,200000,empirical_signed_gap,0.08352499999999996,synthetic,ALL,not_applicable,not_applicable
EXP-01,SYNTHETIC EXPERIMENT,1729,full,664a150484ed2af3,835b894ab977de78,"{""alpha_a"": 0.35, ""alpha_b"": 0.05, ""kappa_a"": 0.27999999999999997, ""kappa_b"": 0.04000000000000001, ""n_per_group"": 200000.0}",0.35,0.05,0.27999999999999997,0.04000000000000001,200000,empirical_signed_gap,0.07001999999999997,synthetic,ALL,not_applicable,not_applicable
EXP-01,SYNTHETIC EXPERIMENT,1729,full,664a150484ed2af3,96db7e710d5d8d5b,"{""alpha_a"": 0.35, ""alpha_b"": 0.1, ""kappa_a"": 0.27999999999999997, ""kappa_b"": 0.08000000000000002, ""n_per_group"": 200000.0}",0.35,0.1,0.27999999999999997,0.08000000000000002,200000,empirical_signed_gap,0.06131500000000001,synthetic,ALL,not_applicable,not_applicable
EXP-01,SYNTHETIC EXPERIMENT,1729,full,664a150484ed2af3,1cd1ef01007577c6,"{""alpha_a"": 0.35, ""alpha_b"": 0.15, ""kappa_a"": 0.27999999999999997, ""kappa_b"": 0.12, ""n_per_group"": 200000.0}",0.35,0.15,0.27999999999999997,0.12,200000,empirical_signed_gap,0.049760000000000026,synthetic,ALL,not_applicable,not_applicable
EXP-01,SYNTHETIC EXPERIMENT,1729,full,664a150484ed2af3,5fb5746dbff61339,"{""alpha_a"": 0.35, ""alpha_b"": 0.2, ""kappa_a"": 0.27999999999999997, ""kappa_b"": 0.16000000000000003, ""n_per_group"": 200000.0}",0.35,0.2,0.27999999999999997,0.16000000000000003,200000,empirical_signed_gap,0.03620500000000004,synthetic,ALL,not_applicable,not_applicable
EXP-01,SYNTHETIC EXPERIMENT,1729,full,664a150484ed2af3,eeea2850752b4ae0,"{""alpha_a"": 0.35, ""alpha_b"": 0.25, ""kappa_a"": 0.27999999999999997, ""kappa_b"": 0.2, ""n_per_group"": 200000.0}",0.35,0.25,0.27999999999999997,0.2,200000,empirical_signed_gap,0.023745000000000016,synthetic,ALL,not_applicable,not_applicable
EXP-01,SYNTHETIC EXPERIMENT,1729,full,664a150484ed2af3,46e36898985c7369,"{""alpha_a"": 0.35, ""alpha_b"": 0.3, ""kappa_a"": 0.27999999999999997, ""kappa_b"": 0.24, ""n_per_group"": 200000.0}",0.35,0.3,0.27999999999999997,0.24,200000,empirical_signed_gap,0.012110000000000065,synthetic,ALL,not_applicable,not_applicable
EXP-01,SYNTHETIC EXPERIMENT,1729,full,664a150484ed2af3,8c0f64670193ec33,"{""alpha_a"": 0.35, ""alpha_b"": 0.35, ""kappa_a"": 0.27999999999999997, ""kappa_b"": 0.27999999999999997, ""n_per_group"": 200000.0}",0.35,0.35,0.27999999999999997,0.27999999999999997,200000,empirical_signed_gap,0.0010000000000000009,synthetic,ALL,not_applicable,not_applicable
EXP-01,SYNTHETIC EXPERIMENT,1729,full,664a150484ed2af3,23773c40b6a3599c,"{""alpha_a"": 0.35, ""alpha_b"": 0.4, ""kappa_a"": 0.27999999999999997, ""kappa_b"": 0.32000000000000006, ""n_per_group"": 200000.0}",0.35,0.4,0.27999999999999997,0.32000000000000006,200000,empirical_signed_gap,-0.013624999999999998,synthetic,ALL,not_applicable,not_applicable
EXP-01,SYNTHETIC EXPERIMENT,1729,full,664a150484ed2af3,ae87cf9c564d23d2,"{""alpha_a"": 0.35, ""alpha_b"": 0.45, ""kappa_a"": 0.27999999999999997, ""kappa_b"": 0.36000000000000004, ""n_per_group"": 200000.0}",0.35,0.45,0.27999999999999997,0.36000000000000004,200000,empirical_signed_gap,-0.02476999999999996,synthetic,ALL,not_applicable,not_applicable
EXP-01,SYNTHETIC EXPERIMENT,1729,full,664a150484ed2af3,91b4e5e35293ac26,"{""alpha_a"": 0.35, ""alpha_b"": 0.5, ""kappa_a"": 0.27999999999999997, ""kappa_b"": 0.4, ""n_per_group"": 200000.0}",0.35,0.5,0.27999999999999997,0.4,200000,empirical_signed_gap,-0.036350000000000104,synthetic,ALL,not_applicable,not_applicable
EXP-01,SYNTHETIC EXPERIMENT,1729,full,664a150484ed2af3,6a57d6101833ea47,"{""alpha_a"": 0.35, ""alpha_b"": 0.55, ""kappa_a"": 0.27999999999999997, ""kappa_b"": 0.44000000000000006, ""n_per_group"": 200000.0}",0.35,0.55,0.27999999999999997,0.44000000000000006,200000,empirical_signed_gap,-0.04990499999999998,synthetic,ALL,not_applicable,not_applicable
EXP-01,SYNTHETIC EXPERIMENT,1729,full,664a150484ed2af3,003ec52360400121,"{""alpha_a"": 0.35, ""alpha_b"": 0.6, ""kappa_a"": 0.27999999999999997, ""kappa_b"": 0.48, ""n_per_group"": 200000.0}",0.35,0.6,0.27999999999999997,0.48,200000,empirical_signed_gap,-0.06069000000000002,synthetic,ALL,not_applicable,not_applicable
EXP-01,SYNTHETIC EXPERIMENT,1729,full,664a150484ed2af3,8151c1081acf6482,"{""alpha_a"": 0.35, ""alpha_b"": 0.65, ""kappa_a"": 0.27999999999999997, ""kappa_b"": 0.52, ""n_per_group"": 200000.0}",0.35,0.65,0.27999999999999997,0.52,200000,empirical_signed_gap,-0.0713950000000001,synthetic,ALL,not_applicable,not_applicable
EXP-01,SYNTHETIC EXPERIMENT,1729,full,664a150484ed2af3,f81d8f6eabc0273e,"{""alpha_a"": 0.35, ""alpha_b"": 0.7, ""kappa_a"": 0.27999999999999997, ""kappa_b"": 0.5599999999999999, ""n_per_group"": 200000.0}",0.35,0.7,0.27999999999999997,0.5599999999999999,200000,empirical_signed_gap,-0.08404,synthetic,ALL,not_applicable,not_applicable
EXP-01,SYNTHETIC EXPERIMENT,1729,full,664a150484ed2af3,d11941c1c1d6866e,"{""alpha_a"": 0.35, ""alpha_b"": 0.75, ""kappa_a"": 0.27999999999999997, ""kappa_b"": 0.6000000000000001, ""n_per_group"": 200000.0}",0.35,0.75,0.27999999999999997,0.6000000000000001,200000,empirical_signed_gap,-0.09623499999999996,synthetic,ALL,not_applicable,not_applicable
EXP-01,SYNTHETIC EXPERIMENT,1729,full,664a150484ed2af3,e8a764d634ae1a8d,"{""alpha_a"": 0.35, ""alpha_b"": 0.8, ""kappa_a"": 0.27999999999999997, ""kappa_b"": 0.6400000000000001, ""n_per_group"": 200000.0}",0.35,0.8,0.27999999999999997,0.6400000000000001,200000,empirical_signed_gap,-0.10731999999999997,synthetic,ALL,not_applicable,not_applicable
EXP-01,SYNTHETIC EXPERIMENT,1729,full,664a150484ed2af3,b8492f83caf37e44,"{""alpha_a"": 0.35, ""alpha_b"": 0.85, ""kappa_a"": 0.27999999999999997, ""kappa_b"": 0.68, ""n_per_group"": 200000.0}",0.35,0.85,0.27999999999999997,0.68,200000,empirical_signed_gap,-0.11865999999999999,synthetic,ALL,not_applicable,not_applicable
EXP-01,SYNTHETIC EXPERIMENT,1729,full,664a150484ed2af3,6287da3aae39e980,"{""alpha_a"": 0.35, ""alpha_b"": 0.9, ""kappa_a"": 0.27999999999999997, ""kappa_b"": 0.7200000000000001, ""n_per_group"": 200000.0}",0.35,0.9,0.27999999999999997,0.7200000000000001,200000,empirical_signed_gap,-0.13158999999999998,synthetic,ALL,not_applicable,not_applicable
EXP-01,SYNTHETIC EXPERIMENT,1729,full,664a150484ed2af3,2b32f27fd4e80a79,"{""alpha_a"": 0.35, ""alpha_b"": 0.95, ""kappa_a"": 0.27999999999999997, ""kappa_b"": 0.76, ""n_per_group"": 200000.0}",0.35,0.95,0.27999999999999997,0.76,200000,empirical_signed_gap,-0.14539999999999997,synthetic,ALL,not_applicable,not_applicable
EXP-01,SYNTHETIC EXPERIMENT,1729,full,664a150484ed2af3,4d7933012ad65dbf,"{""alpha_a"": 0.35, ""alpha_b"": 1.0, ""kappa_a"": 0.27999999999999997, ""kappa_b"": 0.8, ""n_per_group"": 200000.0}",0.35,1.0,0.27999999999999997,0.8,200000,empirical_signed_gap,-0.1553150000000001,synthetic,ALL,not_applicable,not_applicable
EXP-01,SYNTHETIC EXPERIMENT,1729,full,664a150484ed2af3,fd3ca451b2202475,"{""alpha_a"": 0.4, ""alpha_b"": 0.0, ""kappa_a"": 0.32000000000000006, ""kappa_b"": 0.0, ""n_per_group"": 200000.0}",0.4,0.0,0.32000000000000006,0.0,200000,empirical_signed_gap,0.09424500000000002,synthetic,ALL,not_applicable,not_applicable
EXP-01,SYNTHETIC EXPERIMENT,1729,full,664a150484ed2af3,63e807603323db67,"{""alpha_a"": 0.4, ""alpha_b"": 0.05, ""kappa_a"": 0.32000000000000006, ""kappa_b"": 0.04000000000000001, ""n_per_group"": 200000.0}",0.4,0.05,0.32000000000000006,0.04000000000000001,200000,empirical_signed_gap,0.08324999999999994,synthetic,ALL,not_applicable,not_applicable
EXP-01,SYNTHETIC EXPERIMENT,1729,full,664a150484ed2af3,9bdc3fb5a6006220,"{""alpha_a"": 0.4, ""alpha_b"": 0.1, ""kappa_a"": 0.32000000000000006, ""kappa_b"": 0.08000000000000002, ""n_per_group"": 200000.0}",0.4,0.1,0.32000000000000006,0.08000000000000002,200000,empirical_signed_gap,0.07411999999999996,synthetic,ALL,not_applicable,not_applicable
EXP-01,SYNTHETIC EXPERIMENT,1729,full,664a150484ed2af3,97a60a27eda409c1,"{""alpha_a"": 0.4, ""alpha_b"": 0.15, ""kappa_a"": 0.32000000000000006, ""kappa_b"": 0.12, ""n_per_group"": 200000.0}",0.4,0.15,0.32000000000000006,0.12,200000,empirical_signed_gap,0.058230000000000004,synthetic,ALL,not_applicable,not_applicable
EXP-01,SYNTHETIC EXPERIMENT,1729,full,664a150484ed2af3,7a120db23a63e449,"{""alpha_a"": 0.4, ""alpha_b"": 0.2, ""kappa_a"": 0.32000000000000006, ""kappa_b"": 0.16000000000000003, ""n_per_group"": 200000.0}",0.4,0.2,0.32000000000000006,0.16000000000000003,200000,empirical_signed_gap,0.04818,synthetic,ALL,not_applicable,not_applicable
EXP-01,SYNTHETIC EXPERIMENT,1729,full,664a150484ed2af3,7ffcf6878c61b440,"{""alpha_a"": 0.4, ""alpha_b"": 0.25, ""kappa_a"": 0.32000000000000006, ""kappa_b"": 0.2, ""n_per_group"": 200000.0}",0.4,0.25,0.32000000000000006,0.2,200000,empirical_signed_gap,0.034640000000000004,synthetic,ALL,not_applicable,not_applicable
EXP-01,SYNTHETIC EXPERIMENT,1729,full,664a150484ed2af3,230e3561fa16a6d7,"{""alpha_a"": 0.4, ""alpha_b"": 0.3, ""kappa_a"": 0.32000000000000006, ""kappa_b"": 0.24, ""n_per_group"": 200000.0}",0.4,0.3,0.32000000000000006,0.24,200000,empirical_signed_gap,0.024764999999999926,synthetic,ALL,not_applicable,not_applicable
EXP-01,SYNTHETIC EXPERIMENT,1729,full,664a150484ed2af3,03fbaac52b776e02,"{""alpha_a"": 0.4, ""alpha_b"": 0.35, ""kappa_a"": 0.32000000000000006, ""kappa_b"": 0.27999999999999997, ""n_per_group"": 200000.0}",0.4,0.35,0.32000000000000006,0.27999999999999997,200000,empirical_signed_gap,0.012225000000000041,synthetic,ALL,not_applicable,not_applicable
EXP-01,SYNTHETIC EXPERIMENT,1729,full,664a150484ed2af3,03ded27d9830e29b,"{""alpha_a"": 0.4, ""alpha_b"": 0.4, ""kappa_a"": 0.32000000000000006, ""kappa_b"": 0.32000000000000006, ""n_per_group"": 200000.0}",0.4,0.4,0.32000000000000006,0.32000000000000006,200000,empirical_signed_gap,0.00042000000000008697,synthetic,ALL,not_applicable,not_applicable
EXP-01,SYNTHETIC EXPERIMENT,1729,full,664a150484ed2af3,d0089757333dae2c,"{""alpha_a"": 0.4, ""alpha_b"": 0.45, ""kappa_a"": 0.32000000000000006, ""kappa_b"": 0.36000000000000004, ""n_per_group"": 200000.0}",0.4,0.45,0.32000000000000006,0.36000000000000004,200000,empirical_signed_gap,-0.013655000000000084,synthetic,ALL,not_applicable,not_applicable
EXP-01,SYNTHETIC EXPERIMENT,1729,full,664a150484ed2af3,efd4df14d055430f,"{""alpha_a"": 0.4, ""alpha_b"": 0.5, ""kappa_a"": 0.32000000000000006, ""kappa_b"": 0.4, ""n_per_group"": 200000.0}",0.4,0.5,0.32000000000000006,0.4,200000,empirical_signed_gap,-0.022804999999999964,synthetic,ALL,not_applicable,not_applicable
EXP-01,SYNTHETIC EXPERIMENT,1729,full,664a150484ed2af3,63f7ebf65d44ba8e,"{""alpha_a"": 0.4, ""alpha_b"": 0.55, ""kappa_a"": 0.32000000000000006, ""kappa_b"": 0.44000000000000006, ""n_per_group"": 200000.0}",0.4,0.55,0.32000000000000006,0.44000000000000006,200000,empirical_signed_gap,-0.03637000000000001,synthetic,ALL,not_applicable,not_applicable
EXP-01,SYNTHETIC EXPERIMENT,1729,full,664a150484ed2af3,1cc1ca6e183f8a2b,"{""alpha_a"": 0.4, ""alpha_b"": 0.6, ""kappa_a"": 0.32000000000000006, ""kappa_b"": 0.48, ""n_per_group"": 200000.0}",0.4,0.6,0.32000000000000006,0.48,200000,empirical_signed_gap,-0.04927500000000007,synthetic,ALL,not_applicable,not_applicable
EXP-01,SYNTHETIC EXPERIMENT,1729,full,664a150484ed2af3,cfb71de8aed2d04d,"{""alpha_a"": 0.4, ""alpha_b"": 0.65, ""kappa_a"": 0.32000000000000006, ""kappa_b"": 0.52, ""n_per_group"": 200000.0}",0.4,0.65,0.32000000000000006,0.52,200000,empirical_signed_gap,-0.05886000000000002,synthetic,ALL,not_applicable,not_applicable
EXP-01,SYNTHETIC EXPERIMENT,1729,full,664a150484ed2af3,e7abb5db68be3d5d,"{""alpha_a"": 0.4, ""alpha_b"": 0.7, ""kappa_a"": 0.32000000000000006, ""kappa_b"": 0.5599999999999999, ""n_per_group"": 200000.0}",0.4,0.7,0.32000000000000006,0.5599999999999999,200000,empirical_signed_gap,-0.07301999999999997,synthetic,ALL,not_applicable,not_applicable
EXP-01,SYNTHETIC EXPERIMENT,1729,full,664a150484ed2af3,103b3c3f95fd79de,"{""alpha_a"": 0.4, ""alpha_b"": 0.75, ""kappa_a"": 0.32000000000000006, ""kappa_b"": 0.6000000000000001, ""n_per_group"": 200000.0}",0.4,0.75,0.32000000000000006,0.6000000000000001,200000,empirical_signed_gap,-0.08318000000000003,synthetic,ALL,not_applicable,not_applicable
EXP-01,SYNTHETIC EXPERIMENT,1729,full,664a150484ed2af3,fa9dc58ce3a3d192,"{""alpha_a"": 0.4, ""alpha_b"": 0.8, ""kappa_a"": 0.32000000000000006, ""kappa_b"": 0.6400000000000001, ""n_per_group"": 200000.0}",0.4,0.8,0.32000000000000006,0.6400000000000001,200000,empirical_signed_gap,-0.095225,synthetic,ALL,not_applicable,not_applicable
EXP-01,SYNTHETIC EXPERIMENT,1729,full,664a150484ed2af3,09bba40ea7955ff9,"{""alpha_a"": 0.4, ""alpha_b"": 0.85, ""kappa_a"": 0.32000000000000006, ""kappa_b"": 0.68, ""n_per_group"": 200000.0}",0.4,0.85,0.32000000000000006,0.68,200000,empirical_signed_gap,-0.10816999999999999,synthetic,ALL,not_applicable,not_applicable
EXP-01,SYNTHETIC EXPERIMENT,1729,full,664a150484ed2af3,b4b59d4a4736894e,"{""alpha_a"": 0.4, ""alpha_b"": 0.9, ""kappa_a"": 0.32000000000000006, ""kappa_b"": 0.7200000000000001, ""n_per_group"": 200000.0}",0.4,0.9,0.32000000000000006,0.7200000000000001,200000,empirical_signed_gap,-0.11973,synthetic,ALL,not_applicable,not_applicable
EXP-01,SYNTHETIC EXPERIMENT,1729,full,664a150484ed2af3,e8ae8ee79c12ce05,"{""alpha_a"": 0.4, ""alpha_b"": 0.95, ""kappa_a"": 0.32000000000000006, ""kappa_b"": 0.76, ""n_per_group"": 200000.0}",0.4,0.95,0.32000000000000006,0.76,200000,empirical_signed_gap,-0.13093,synthetic,ALL,not_applicable,not_applicable
EXP-01,SYNTHETIC EXPERIMENT,1729,full,664a150484ed2af3,fdd731c5034f3760,"{""alpha_a"": 0.4, ""alpha_b"": 1.0, ""kappa_a"": 0.32000000000000006, ""kappa_b"": 0.8, ""n_per_group"": 200000.0}",0.4,1.0,0.32000000000000006,0.8,200000,empirical_signed_gap,-0.143115,synthetic,ALL,not_applicable,not_applicable
EXP-01,SYNTHETIC EXPERIMENT,1729,full,664a150484ed2af3,3bc2c22b7e765bc4,"{""alpha_a"": 0.45, ""alpha_b"": 0.0, ""kappa_a"": 0.36000000000000004, ""kappa_b"": 0.0, ""n_per_group"": 200000.0}",0.45,0.0,0.36000000000000004,0.0,200000,empirical_signed_gap,0.11104999999999998,synthetic,ALL,not_applicable,not_applicable
EXP-01,SYNTHETIC EXPERIMENT,1729,full,664a150484ed2af3,c1c326a6a3dca213,"{""alpha_a"": 0.45, ""alpha_b"": 0.05, ""kappa_a"": 0.36000000000000004, ""kappa_b"": 0.04000000000000001, ""n_per_group"": 200000.0}",0.45,0.05,0.36000000000000004,0.04000000000000001,200000,empirical_signed_gap,0.09691000000000005,synthetic,ALL,not_applicable,not_applicable
EXP-01,SYNTHETIC EXPERIMENT,1729,full,664a150484ed2af3,347d0774540d85da,"{""alpha_a"": 0.45, ""alpha_b"": 0.1, ""kappa_a"": 0.36000000000000004, ""kappa_b"": 0.08000000000000002, ""n_per_group"": 200000.0}",0.45,0.1,0.36000000000000004,0.08000000000000002,200000,empirical_signed_gap,0.08453,synthetic,ALL,not_applicable,not_applicable
EXP-01,SYNTHETIC EXPERIMENT,1729,full,664a150484ed2af3,2016120a8fc63390,"{""alpha_a"": 0.45, ""alpha_b"": 0.15, ""kappa_a"": 0.36000000000000004, ""kappa_b"": 0.12, ""n_per_group"": 200000.0}",0.45,0.15,0.36000000000000004,0.12,200000,empirical_signed_gap,0.07147499999999996,synthetic,ALL,not_applicable,not_applicable
EXP-01,SYNTHETIC EXPERIMENT,1729,full,664a150484ed2af3,1b652a39b9738507,"{""alpha_a"": 0.45, ""alpha_b"": 0.2, ""kappa_a"": 0.36000000000000004, ""kappa_b"": 0.16000000000000003, ""n_per_group"": 200000.0}",0.45,0.2,0.36000000000000004,0.16000000000000003,200000,empirical_signed_gap,0.058760000000000034,synthetic,ALL,not_applicable,not_applicable
EXP-01,SYNTHETIC EXPERIMENT,1729,full,664a150484ed2af3,dc259b734594bede,"{""alpha_a"": 0.45, ""alpha_b"": 0.25, ""kappa_a"": 0.36000000000000004, ""kappa_b"": 0.2, ""n_per_group"": 200000.0}",0.45,0.25,0.36000000000000004,0.2,200000,empirical_signed_gap,0.048839999999999995,synthetic,ALL,not_applicable,not_applicable
EXP-01,SYNTHETIC EXPERIMENT,1729,full,664a150484ed2af3,bce5e46cd91d2816,"{""alpha_a"": 0.45, ""alpha_b"": 0.3, ""kappa_a"": 0.36000000000000004, ""kappa_b"": 0.24, ""n_per_group"": 200000.0}",0.45,0.3,0.36000000000000004,0.24,200000,empirical_signed_gap,0.03473499999999996,synthetic,ALL,not_applicable,not_applicable
EXP-01,SYNTHETIC EXPERIMENT,1729,full,664a150484ed2af3,91722f0d6b9ef0a3,"{""alpha_a"": 0.45, ""alpha_b"": 0.35, ""kappa_a"": 0.36000000000000004, ""kappa_b"": 0.27999999999999997, ""n_per_group"": 200000.0}",0.45,0.35,0.36000000000000004,0.27999999999999997,200000,empirical_signed_gap,0.023074999999999957,synthetic,ALL,not_applicable,not_applicable
EXP-01,SYNTHETIC EXPERIMENT,1729,full,664a150484ed2af3,6d6fab7de068f0b7,"{""alpha_a"": 0.45, ""alpha_b"": 0.4, ""kappa_a"": 0.36000000000000004, ""kappa_b"": 0.32000000000000006, ""n_per_group"": 200000.0}",0.45,0.4,0.36000000000000004,0.32000000000000006,200000,empirical_signed_gap,0.012604999999999977,synthetic,ALL,not_applicable,not_applicable
EXP-01,SYNTHETIC EXPERIMENT,1729,full,664a150484ed2af3,fe2e18d354fc4b93,"{""alpha_a"": 0.45, ""alpha_b"": 0.45, ""kappa_a"": 0.36000000000000004, ""kappa_b"": 0.36000000000000004, ""n_per_group"": 200000.0}",0.45,0.45,0.36000000000000004,0.36000000000000004,200000,empirical_signed_gap,0.0006950000000000012,synthetic,ALL,not_applicable,not_applicable
EXP-01,SYNTHETIC EXPERIMENT,1729,full,664a150484ed2af3,c9687dad408ba59b,"{""alpha_a"": 0.45, ""alpha_b"": 0.5, ""kappa_a"": 0.36000000000000004, ""kappa_b"": 0.4, ""n_per_group"": 200000.0}",0.45,0.5,0.36000000000000004,0.4,200000,empirical_signed_gap,-0.012889999999999957,synthetic,ALL,not_applicable,not_applicable
EXP-01,SYNTHETIC EXPERIMENT,1729,full,664a150484ed2af3,46144f8fc8706c6a,"{""alpha_a"": 0.45, ""alpha_b"": 0.55, ""kappa_a"": 0.36000000000000004, ""kappa_b"": 0.44000000000000006, ""n_per_group"": 200000.0}",0.45,0.55,0.36000000000000004,0.44000000000000006,200000,empirical_signed_gap,-0.024939999999999962,synthetic,ALL,not_applicable,not_applicable
EXP-01,SYNTHETIC EXPERIMENT,1729,full,664a150484ed2af3,20e042f8fd00acde,"{""alpha_a"": 0.45, ""alpha_b"": 0.6, ""kappa_a"": 0.36000000000000004, ""kappa_b"": 0.48, ""n_per_group"": 200000.0}",0.45,0.6,0.36000000000000004,0.48,200000,empirical_signed_gap,-0.03429000000000004,synthetic,ALL,not_applicable,not_applicable
EXP-01,SYNTHETIC EXPERIMENT,1729,full,664a150484ed2af3,930255b761934dae,"{""alpha_a"": 0.45, ""alpha_b"": 0.65, ""kappa_a"": 0.36000000000000004, ""kappa_b"": 0.52, ""n_per_group"": 200000.0}",0.45,0.65,0.36000000000000004,0.52,200000,empirical_signed_gap,-0.046520000000000006,synthetic,ALL,not_applicable,not_applicable
EXP-01,SYNTHETIC EXPERIMENT,1729,full,664a150484ed2af3,1d7c482c26022f4e,"{""alpha_a"": 0.45, ""alpha_b"": 0.7, ""kappa_a"": 0.36000000000000004, ""kappa_b"": 0.5599999999999999, ""n_per_group"": 200000.0}",0.45,0.7,0.36000000000000004,0.5599999999999999,200000,empirical_signed_gap,-0.05907499999999999,synthetic,ALL,not_applicable,not_applicable
EXP-01,SYNTHETIC EXPERIMENT,1729,full,664a150484ed2af3,2ce6124126bd3e85,"{""alpha_a"": 0.45, ""alpha_b"": 0.75, ""kappa_a"": 0.36000000000000004, ""kappa_b"": 0.6000000000000001, ""n_per_group"": 200000.0}",0.45,0.75,0.36000000000000004,0.6000000000000001,200000,empirical_signed_gap,-0.07028499999999993,synthetic,ALL,not_applicable,not_applicable
EXP-01,SYNTHETIC EXPERIMENT,1729,full,664a150484ed2af3,dcc3fc77ff3c93cc,"{""alpha_a"": 0.45, ""alpha_b"": 0.8, ""kappa_a"": 0.36000000000000004, ""kappa_b"": 0.6400000000000001, ""n_per_group"": 200000.0}",0.45,0.8,0.36000000000000004,0.6400000000000001,200000,empirical_signed_gap,-0.08386000000000005,synthetic,ALL,not_applicable,not_applicable
EXP-01,SYNTHETIC EXPERIMENT,1729,full,664a150484ed2af3,32b6f44fbb5ee4e9,"{""alpha_a"": 0.45, ""alpha_b"": 0.85, ""kappa_a"": 0.36000000000000004, ""kappa_b"": 0.68, ""n_per_group"": 200000.0}",0.45,0.85,0.36000000000000004,0.68,200000,empirical_signed_gap,-0.09636999999999996,synthetic,ALL,not_applicable,not_applicable
EXP-01,SYNTHETIC EXPERIMENT,1729,full,664a150484ed2af3,937dbef27968b658,"{""alpha_a"": 0.45, ""alpha_b"": 0.9, ""kappa_a"": 0.36000000000000004, ""kappa_b"": 0.7200000000000001, ""n_per_group"": 200000.0}",0.45,0.9,0.36000000000000004,0.7200000000000001,200000,empirical_signed_gap,-0.109205,synthetic,ALL,not_applicable,not_applicable
EXP-01,SYNTHETIC EXPERIMENT,1729,full,664a150484ed2af3,2db1985a44078181,"{""alpha_a"": 0.45, ""alpha_b"": 0.95, ""kappa_a"": 0.36000000000000004, ""kappa_b"": 0.76, ""n_per_group"": 200000.0}",0.45,0.95,0.36000000000000004,0.76,200000,empirical_signed_gap,-0.12053499999999995,synthetic,ALL,not_applicable,not_applicable
EXP-01,SYNTHETIC EXPERIMENT,1729,full,664a150484ed2af3,e462c422d18f96c1,"{""alpha_a"": 0.45, ""alpha_b"": 1.0, ""kappa_a"": 0.36000000000000004, ""kappa_b"": 0.8, ""n_per_group"": 200000.0}",0.45,1.0,0.36000000000000004,0.8,200000,empirical_signed_gap,-0.131675,synthetic,ALL,not_applicable,not_applicable
EXP-01,SYNTHETIC EXPERIMENT,1729,full,664a150484ed2af3,2317e2da2e740d7a,"{""alpha_a"": 0.5, ""alpha_b"": 0.0, ""kappa_a"": 0.4, ""kappa_b"": 0.0, ""n_per_group"": 200000.0}",0.5,0.0,0.4,0.0,200000,empirical_signed_gap,0.11977500000000008,synthetic,ALL,not_applicable,not_applicable
EXP-01,SYNTHETIC EXPERIMENT,1729,full,664a150484ed2af3,5f880bbc3524c602,"{""alpha_a"": 0.5, ""alpha_b"": 0.05, ""kappa_a"": 0.4, ""kappa_b"": 0.04000000000000001, ""n_per_group"": 200000.0}",0.5,0.05,0.4,0.04000000000000001,200000,empirical_signed_gap,0.10851,synthetic,ALL,not_applicable,not_applicable
EXP-01,SYNTHETIC EXPERIMENT,1729,full,664a150484ed2af3,cbee727bbee8b172,"{""alpha_a"": 0.5, ""alpha_b"": 0.1, ""kappa_a"": 0.4, ""kappa_b"": 0.08000000000000002, ""n_per_group"": 200000.0}",0.5,0.1,0.4,0.08000000000000002,200000,empirical_signed_gap,0.09457499999999996,synthetic,ALL,not_applicable,not_applicable
EXP-01,SYNTHETIC EXPERIMENT,1729,full,664a150484ed2af3,c549ed94dc85c072,"{""alpha_a"": 0.5, ""alpha_b"": 0.15, ""kappa_a"": 0.4, ""kappa_b"": 0.12, ""n_per_group"": 200000.0}",0.5,0.15,0.4,0.12,200000,empirical_signed_gap,0.08426999999999996,synthetic,ALL,not_applicable,not_applicable
EXP-01,SYNTHETIC EXPERIMENT,1729,full,664a150484ed2af3,e5c7966f86ab0d99,"{""alpha_a"": 0.5, ""alpha_b"": 0.2, ""kappa_a"": 0.4, ""kappa_b"": 0.16000000000000003, ""n_per_group"": 200000.0}",0.5,0.2,0.4,0.16000000000000003,200000,empirical_signed_gap,0.07232000000000005,synthetic,ALL,not_applicable,not_applicable
EXP-01,SYNTHETIC EXPERIMENT,1729,full,664a150484ed2af3,51b1b4f5c30b1713,"{""alpha_a"": 0.5, ""alpha_b"": 0.25, ""kappa_a"": 0.4, ""kappa_b"": 0.2, ""n_per_group"": 200000.0}",0.5,0.25,0.4,0.2,200000,empirical_signed_gap,0.059170000000000056,synthetic,ALL,not_applicable,not_applicable
EXP-01,SYNTHETIC EXPERIMENT,1729,full,664a150484ed2af3,72fe656b641cc483,"{""alpha_a"": 0.5, ""alpha_b"": 0.3, ""kappa_a"": 0.4, ""kappa_b"": 0.24, ""n_per_group"": 200000.0}",0.5,0.3,0.4,0.24,200000,empirical_signed_gap,0.050875000000000004,synthetic,ALL,not_applicable,not_applicable
EXP-01,SYNTHETIC EXPERIMENT,1729,full,664a150484ed2af3,af622726dbd9c3ec,"{""alpha_a"": 0.5, ""alpha_b"": 0.35, ""kappa_a"": 0.4, ""kappa_b"": 0.27999999999999997, ""n_per_group"": 200000.0}",0.5,0.35,0.4,0.27999999999999997,200000,empirical_signed_gap,0.03788500000000006,synthetic,ALL,not_applicable,not_applicable
EXP-01,SYNTHETIC EXPERIMENT,1729,full,664a150484ed2af3,a8d1656ae2edbe4f,"{""alpha_a"": 0.5, ""alpha_b"": 0.4, ""kappa_a"": 0.4, ""kappa_b"": 0.32000000000000006, ""n_per_group"": 200000.0}",0.5,0.4,0.4,0.32000000000000006,200000,empirical_signed_gap,0.023925000000000085,synthetic,ALL,not_applicable,not_applicable
EXP-01,SYNTHETIC EXPERIMENT,1729,full,664a150484ed2af3,3392003f79f25b89,"{""alpha_a"": 0.5, ""alpha_b"": 0.45, ""kappa_a"": 0.4, ""kappa_b"": 0.36000000000000004, ""n_per_group"": 200000.0}",0.5,0.45,0.4,0.36000000000000004,200000,empirical_signed_gap,0.012295000000000056,synthetic,ALL,not_applicable,not_applicable
EXP-01,SYNTHETIC EXPERIMENT,1729,full,664a150484ed2af3,6beae1245aca91e7,"{""alpha_a"": 0.5, ""alpha_b"": 0.5, ""kappa_a"": 0.4, ""kappa_b"": 0.4, ""n_per_group"": 200000.0}",0.5,0.5,0.4,0.4,200000,empirical_signed_gap,0.0004849999999999577,synthetic,ALL,not_applicable,not_applicable
EXP-01,SYNTHETIC EXPERIMENT,1729,full,664a150484ed2af3,e09e5da7081a7b00,"{""alpha_a"": 0.5, ""alpha_b"": 0.55, ""kappa_a"": 0.4, ""kappa_b"": 0.44000000000000006, ""n_per_group"": 200000.0}",0.5,0.55,0.4,0.44000000000000006,200000,empirical_signed_gap,-0.011390000000000011,synthetic,ALL,not_applicable,not_applicable
EXP-01,SYNTHETIC EXPERIMENT,1729,full,664a150484ed2af3,1062d55c00574d05,"{""alpha_a"": 0.5, ""alpha_b"": 0.6, ""kappa_a"": 0.4, ""kappa_b"": 0.48, ""n_per_group"": 200000.0}",0.5,0.6,0.4,0.48,200000,empirical_signed_gap,-0.023865000000000025,synthetic,ALL,not_applicable,not_applicable
EXP-01,SYNTHETIC EXPERIMENT,1729,full,664a150484ed2af3,d98db135ea8d5701,"{""alpha_a"": 0.5, ""alpha_b"": 0.65, ""kappa_a"": 0.4, ""kappa_b"": 0.52, ""n_per_group"": 200000.0}",0.5,0.65,0.4,0.52,200000,empirical_signed_gap,-0.03654999999999997,synthetic,ALL,not_applicable,not_applicable
EXP-01,SYNTHETIC EXPERIMENT,1729,full,664a150484ed2af3,3daace0638f99e2f,"{""alpha_a"": 0.5, ""alpha_b"": 0.7, ""kappa_a"": 0.4, ""kappa_b"": 0.5599999999999999, ""n_per_group"": 200000.0}",0.5,0.7,0.4,0.5599999999999999,200000,empirical_signed_gap,-0.04842000000000002,synthetic,ALL,not_applicable,not_applicable
EXP-01,SYNTHETIC EXPERIMENT,1729,full,664a150484ed2af3,a5041d65159fb462,"{""alpha_a"": 0.5, ""alpha_b"": 0.75, ""kappa_a"": 0.4, ""kappa_b"": 0.6000000000000001, ""n_per_group"": 200000.0}",0.5,0.75,0.4,0.6000000000000001,200000,empirical_signed_gap,-0.058560000000000056,synthetic,ALL,not_applicable,not_applicable
EXP-01,SYNTHETIC EXPERIMENT,1729,full,664a150484ed2af3,ce083d1501305d1c,"{""alpha_a"": 0.5, ""alpha_b"": 0.8, ""kappa_a"": 0.4, ""kappa_b"": 0.6400000000000001, ""n_per_group"": 200000.0}",0.5,0.8,0.4,0.6400000000000001,200000,empirical_signed_gap,-0.07352999999999998,synthetic,ALL,not_applicable,not_applicable
EXP-01,SYNTHETIC EXPERIMENT,1729,full,664a150484ed2af3,6b66bbcc88daace4,"{""alpha_a"": 0.5, ""alpha_b"": 0.85, ""kappa_a"": 0.4, ""kappa_b"": 0.68, ""n_per_group"": 200000.0}",0.5,0.85,0.4,0.68,200000,empirical_signed_gap,-0.08469500000000008,synthetic,ALL,not_applicable,not_applicable
EXP-01,SYNTHETIC EXPERIMENT,1729,full,664a150484ed2af3,74f5aa3687c13f75,"{""alpha_a"": 0.5, ""alpha_b"": 0.9, ""kappa_a"": 0.4, ""kappa_b"": 0.7200000000000001, ""n_per_group"": 200000.0}",0.5,0.9,0.4,0.7200000000000001,200000,empirical_signed_gap,-0.09662000000000004,synthetic,ALL,not_applicable,not_applicable
EXP-01,SYNTHETIC EXPERIMENT,1729,full,664a150484ed2af3,32688959679582cb,"{""alpha_a"": 0.5, ""alpha_b"": 0.95, ""kappa_a"": 0.4, ""kappa_b"": 0.76, ""n_per_group"": 200000.0}",0.5,0.95,0.4,0.76,200000,empirical_signed_gap,-0.11025499999999999,synthetic,ALL,not_applicable,not_applicable
EXP-01,SYNTHETIC EXPERIMENT,1729,full,664a150484ed2af3,32c63b25e253f30f,"{""alpha_a"": 0.5, ""alpha_b"": 1.0, ""kappa_a"": 0.4, ""kappa_b"": 0.8, ""n_per_group"": 200000.0}",0.5,1.0,0.4,0.8,200000,empirical_signed_gap,-0.11960000000000004,synthetic,ALL,not_applicable,not_applicable
EXP-01,SYNTHETIC EXPERIMENT,1729,full,664a150484ed2af3,98adb6a0ac9f9b3d,"{""alpha_a"": 0.55, ""alpha_b"": 0.0, ""kappa_a"": 0.44000000000000006, ""kappa_b"": 0.0, ""n_per_group"": 200000.0}",0.55,0.0,0.44000000000000006,0.0,200000,empirical_signed_gap,0.13205999999999996,synthetic,ALL,not_applicable,not_applicable
EXP-01,SYNTHETIC EXPERIMENT,1729,full,664a150484ed2af3,78a5de4ade8b5736,"{""alpha_a"": 0.55, ""alpha_b"": 0.05, ""kappa_a"": 0.44000000000000006, ""kappa_b"": 0.04000000000000001, ""n_per_group"": 200000.0}",0.55,0.05,0.44000000000000006,0.04000000000000001,200000,empirical_signed_gap,0.11948000000000003,synthetic,ALL,not_applicable,not_applicable
EXP-01,SYNTHETIC EXPERIMENT,1729,full,664a150484ed2af3,4845ede7694bed0b,"{""alpha_a"": 0.55, ""alpha_b"": 0.1, ""kappa_a"": 0.44000000000000006, ""kappa_b"": 0.08000000000000002, ""n_per_group"": 200000.0}",0.55,0.1,0.44000000000000006,0.08000000000000002,200000,empirical_signed_gap,0.11050499999999996,synthetic,ALL,not_applicable,not_applicable
EXP-01,SYNTHETIC EXPERIMENT,1729,full,664a150484ed2af3,d561748042cedcef,"{""alpha_a"": 0.55, ""alpha_b"": 0.15, ""kappa_a"": 0.44000000000000006, ""kappa_b"": 0.12, ""n_per_group"": 200000.0}",0.55,0.15,0.44000000000000006,0.12,200000,empirical_signed_gap,0.09516000000000002,synthetic,ALL,not_applicable,not_applicable
EXP-01,SYNTHETIC EXPERIMENT,1729,full,664a150484ed2af3,8751ce8981d1ab37,"{""alpha_a"": 0.55, ""alpha_b"": 0.2, ""kappa_a"": 0.44000000000000006, ""kappa_b"": 0.16000000000000003, ""n_per_group"": 200000.0}",0.55,0.2,0.44000000000000006,0.16000000000000003,200000,empirical_signed_gap,0.08343,synthetic,ALL,not_applicable,not_applicable
EXP-01,SYNTHETIC EXPERIMENT,1729,full,664a150484ed2af3,12dfd3a079d67fa3,"{""alpha_a"": 0.55, ""alpha_b"": 0.25, ""kappa_a"": 0.44000000000000006, ""kappa_b"": 0.2, ""n_per_group"": 200000.0}",0.55,0.25,0.44000000000000006,0.2,200000,empirical_signed_gap,0.07350999999999996,synthetic,ALL,not_applicable,not_applicable
EXP-01,SYNTHETIC EXPERIMENT,1729,full,664a150484ed2af3,e4d4837ff7754ea2,"{""alpha_a"": 0.55, ""alpha_b"": 0.3, ""kappa_a"": 0.44000000000000006, ""kappa_b"": 0.24, ""n_per_group"": 200000.0}",0.55,0.3,0.44000000000000006,0.24,200000,empirical_signed_gap,0.06263999999999992,synthetic,ALL,not_applicable,not_applicable
EXP-01,SYNTHETIC EXPERIMENT,1729,full,664a150484ed2af3,8aac5e321030839e,"{""alpha_a"": 0.55, ""alpha_b"": 0.35, ""kappa_a"": 0.44000000000000006, ""kappa_b"": 0.27999999999999997, ""n_per_group"": 200000.0}",0.55,0.35,0.44000000000000006,0.27999999999999997,200000,empirical_signed_gap,0.046725000000000017,synthetic,ALL,not_applicable,not_applicable
EXP-01,SYNTHETIC EXPERIMENT,1729,full,664a150484ed2af3,a6e0dabdc5c1de0a,"{""alpha_a"": 0.55, ""alpha_b"": 0.4, ""kappa_a"": 0.44000000000000006, ""kappa_b"": 0.32000000000000006, ""n_per_group"": 200000.0}",0.55,0.4,0.44000000000000006,0.32000000000000006,200000,empirical_signed_gap,0.03611999999999993,synthetic,ALL,not_applicable,not_applicable
EXP-01,SYNTHETIC EXPERIMENT,1729,full,664a150484ed2af3,6b9cb14935daa48e,"{""alpha_a"": 0.55, ""alpha_b"": 0.45, ""kappa_a"": 0.44000000000000006, ""kappa_b"": 0.36000000000000004, ""n_per_group"": 200000.0}",0.55,0.45,0.44000000000000006,0.36000000000000004,200000,empirical_signed_gap,0.024839999999999973,synthetic,ALL,not_applicable,not_applicable
EXP-01,SYNTHETIC EXPERIMENT,1729,full,664a150484ed2af3,d23e16099cb9ffe6,"{""alpha_a"": 0.55, ""alpha_b"": 0.5, ""kappa_a"": 0.44000000000000006, ""kappa_b"": 0.4, ""n_per_group"": 200000.0}",0.55,0.5,0.44000000000000006,0.4,200000,empirical_signed_gap,0.011189999999999922,synthetic,ALL,not_applicable,not_applicable
EXP-01,SYNTHETIC EXPERIMENT,1729,full,664a150484ed2af3,5d08b2ce05bfb185,"{""alpha_a"": 0.55, ""alpha_b"": 0.55, ""kappa_a"": 0.44000000000000006, ""kappa_b"": 0.44000000000000006, ""n_per_group"": 200000.0}",0.55,0.55,0.44000000000000006,0.44000000000000006,200000,empirical_signed_gap,-9.00000000000345e-05,synthetic,ALL,not_applicable,not_applicable
EXP-01,SYNTHETIC EXPERIMENT,1729,full,664a150484ed2af3,91194d1ea7ca542b,"{""alpha_a"": 0.55, ""alpha_b"": 0.6, ""kappa_a"": 0.44000000000000006, ""kappa_b"": 0.48, ""n_per_group"": 200000.0}",0.55,0.6,0.44000000000000006,0.48,200000,empirical_signed_gap,-0.013584999999999958,synthetic,ALL,not_applicable,not_applicable
EXP-01,SYNTHETIC EXPERIMENT,1729,full,664a150484ed2af3,c8c2017e28a9d555,"{""alpha_a"": 0.55, ""alpha_b"": 0.65, ""kappa_a"": 0.44000000000000006, ""kappa_b"": 0.52, ""n_per_group"": 200000.0}",0.55,0.65,0.44000000000000006,0.52,200000,empirical_signed_gap,-0.023839999999999972,synthetic,ALL,not_applicable,not_applicable
EXP-01,SYNTHETIC EXPERIMENT,1729,full,664a150484ed2af3,23418fc93e09469c,"{""alpha_a"": 0.55, ""alpha_b"": 0.7, ""kappa_a"": 0.44000000000000006, ""kappa_b"": 0.5599999999999999, ""n_per_group"": 200000.0}",0.55,0.7,0.44000000000000006,0.5599999999999999,200000,empirical_signed_gap,-0.03605999999999998,synthetic,ALL,not_applicable,not_applicable
EXP-01,SYNTHETIC EXPERIMENT,1729,full,664a150484ed2af3,bd14f0b165623491,"{""alpha_a"": 0.55, ""alpha_b"": 0.75, ""kappa_a"": 0.44000000000000006, ""kappa_b"": 0.6000000000000001, ""n_per_group"": 200000.0}",0.55,0.75,0.44000000000000006,0.6000000000000001,200000,empirical_signed_gap,-0.04774500000000004,synthetic,ALL,not_applicable,not_applicable
EXP-01,SYNTHETIC EXPERIMENT,1729,full,664a150484ed2af3,b88630dd87f69369,"{""alpha_a"": 0.55, ""alpha_b"": 0.8, ""kappa_a"": 0.44000000000000006, ""kappa_b"": 0.6400000000000001, ""n_per_group"": 200000.0}",0.55,0.8,0.44000000000000006,0.6400000000000001,200000,empirical_signed_gap,-0.06081500000000006,synthetic,ALL,not_applicable,not_applicable
EXP-01,SYNTHETIC EXPERIMENT,1729,full,664a150484ed2af3,6c2ec5e5c4c4d043,"{""alpha_a"": 0.55, ""alpha_b"": 0.85, ""kappa_a"": 0.44000000000000006, ""kappa_b"": 0.68, ""n_per_group"": 200000.0}",0.55,0.85,0.44000000000000006,0.68,200000,empirical_signed_gap,-0.07158999999999993,synthetic,ALL,not_applicable,not_applicable
EXP-01,SYNTHETIC EXPERIMENT,1729,full,664a150484ed2af3,b34d2bbf74338187,"{""alpha_a"": 0.55, ""alpha_b"": 0.9, ""kappa_a"": 0.44000000000000006, ""kappa_b"": 0.7200000000000001, ""n_per_group"": 200000.0}",0.55,0.9,0.44000000000000006,0.7200000000000001,200000,empirical_signed_gap,-0.08428000000000002,synthetic,ALL,not_applicable,not_applicable
EXP-01,SYNTHETIC EXPERIMENT,1729,full,664a150484ed2af3,1a35cdd70a8fdb97,"{""alpha_a"": 0.55, ""alpha_b"": 0.95, ""kappa_a"": 0.44000000000000006, ""kappa_b"": 0.76, ""n_per_group"": 200000.0}",0.55,0.95,0.44000000000000006,0.76,200000,empirical_signed_gap,-0.09742000000000006,synthetic,ALL,not_applicable,not_applicable
EXP-01,SYNTHETIC EXPERIMENT,1729,full,664a150484ed2af3,e5add7c7d801a5ae,"{""alpha_a"": 0.55, ""alpha_b"": 1.0, ""kappa_a"": 0.44000000000000006, ""kappa_b"": 0.8, ""n_per_group"": 200000.0}",0.55,1.0,0.44000000000000006,0.8,200000,empirical_signed_gap,-0.10726500000000005,synthetic,ALL,not_applicable,not_applicable
EXP-01,SYNTHETIC EXPERIMENT,1729,full,664a150484ed2af3,50221bd8f402343b,"{""alpha_a"": 0.6, ""alpha_b"": 0.0, ""kappa_a"": 0.48, ""kappa_b"": 0.0, ""n_per_group"": 200000.0}",0.6,0.0,0.48,0.0,200000,empirical_signed_gap,0.14543000000000006,synthetic,ALL,not_applicable,not_applicable
EXP-01,SYNTHETIC EXPERIMENT,1729,full,664a150484ed2af3,651eb2352d5e0ecd,"{""alpha_a"": 0.6, ""alpha_b"": 0.05, ""kappa_a"": 0.48, ""kappa_b"": 0.04000000000000001, ""n_per_group"": 200000.0}",0.6,0.05,0.48,0.04000000000000001,200000,empirical_signed_gap,0.1324550000000001,synthetic,ALL,not_applicable,not_applicable
EXP-01,SYNTHETIC EXPERIMENT,1729,full,664a150484ed2af3,163d8f9d1b8bfe8d,"{""alpha_a"": 0.6, ""alpha_b"": 0.1, ""kappa_a"": 0.48, ""kappa_b"": 0.08000000000000002, ""n_per_group"": 200000.0}",0.6,0.1,0.48,0.08000000000000002,200000,empirical_signed_gap,0.11994000000000005,synthetic,ALL,not_applicable,not_applicable
EXP-01,SYNTHETIC EXPERIMENT,1729,full,664a150484ed2af3,e05d8a686a8954e9,"{""alpha_a"": 0.6, ""alpha_b"": 0.15, ""kappa_a"": 0.48, ""kappa_b"": 0.12, ""n_per_group"": 200000.0}",0.6,0.15,0.48,0.12,200000,empirical_signed_gap,0.10803000000000007,synthetic,ALL,not_applicable,not_applicable
EXP-01,SYNTHETIC EXPERIMENT,1729,full,664a150484ed2af3,43d92043ecd69631,"{""alpha_a"": 0.6, ""alpha_b"": 0.2, ""kappa_a"": 0.48, ""kappa_b"": 0.16000000000000003, ""n_per_group"": 200000.0}",0.6,0.2,0.48,0.16000000000000003,200000,empirical_signed_gap,0.09435000000000004,synthetic,ALL,not_applicable,not_applicable
EXP-01,SYNTHETIC EXPERIMENT,1729,full,664a150484ed2af3,65f53042fd482273,"{""alpha_a"": 0.6, ""alpha_b"": 0.25, ""kappa_a"": 0.48, ""kappa_b"": 0.2, ""n_per_group"": 200000.0}",0.6,0.25,0.48,0.2,200000,empirical_signed_gap,0.08376499999999998,synthetic,ALL,not_applicable,not_applicable
EXP-01,SYNTHETIC EXPERIMENT,1729,full,664a150484ed2af3,cc544c0e221b5ff2,"{""alpha_a"": 0.6, ""alpha_b"": 0.3, ""kappa_a"": 0.48, ""kappa_b"": 0.24, ""n_per_group"": 200000.0}",0.6,0.3,0.48,0.24,200000,empirical_signed_gap,0.07278499999999999,synthetic,ALL,not_applicable,not_applicable
EXP-01,SYNTHETIC EXPERIMENT,1729,full,664a150484ed2af3,e7aaa3eb9dade217,"{""alpha_a"": 0.6, ""alpha_b"": 0.35, ""kappa_a"": 0.48, ""kappa_b"": 0.27999999999999997, ""n_per_group"": 200000.0}",0.6,0.35,0.48,0.27999999999999997,200000,empirical_signed_gap,0.05917499999999998,synthetic,ALL,not_applicable,not_applicable
EXP-01,SYNTHETIC EXPERIMENT,1729,full,664a150484ed2af3,3ac735935f127d26,"{""alpha_a"": 0.6, ""alpha_b"": 0.4, ""kappa_a"": 0.48, ""kappa_b"": 0.32000000000000006, ""n_per_group"": 200000.0}",0.6,0.4,0.48,0.32000000000000006,200000,empirical_signed_gap,0.05010999999999999,synthetic,ALL,not_applicable,not_applicable
EXP-01,SYNTHETIC EXPERIMENT,1729,full,664a150484ed2af3,bf79925dafbd26b9,"{""alpha_a"": 0.6, ""alpha_b"": 0.45, ""kappa_a"": 0.48, ""kappa_b"": 0.36000000000000004, ""n_per_group"": 200000.0}",0.6,0.45,0.48,0.36000000000000004,200000,empirical_signed_gap,0.03534999999999999,synthetic,ALL,not_applicable,not_applicable
EXP-01,SYNTHETIC EXPERIMENT,1729,full,664a150484ed2af3,2d923d3c491d34fb,"{""alpha_a"": 0.6, ""alpha_b"": 0.5, ""kappa_a"": 0.48, ""kappa_b"": 0.4, ""n_per_group"": 200000.0}",0.6,0.5,0.48,0.4,200000,empirical_signed_gap,0.02458500000000008,synthetic,ALL,not_applicable,not_applicable
EXP-01,SYNTHETIC EXPERIMENT,1729,full,664a150484ed2af3,577fb647f69f629b,"{""alpha_a"": 0.6, ""alpha_b"": 0.55, ""kappa_a"": 0.48, ""kappa_b"": 0.44000000000000006, ""n_per_group"": 200000.0}",0.6,0.55,0.48,0.44000000000000006,200000,empirical_signed_gap,0.009705000000000075,synthetic,ALL,not_applicable,not_applicable
EXP-01,SYNTHETIC EXPERIMENT,1729,full,664a150484ed2af3,780a17c5091409ed,"{""alpha_a"": 0.6, ""alpha_b"": 0.6, ""kappa_a"": 0.48, ""kappa_b"": 0.48, ""n_per_group"": 200000.0}",0.6,0.6,0.48,0.48,200000,empirical_signed_gap,-0.0008899999999999464,synthetic,ALL,not_applicable,not_applicable
EXP-01,SYNTHETIC EXPERIMENT,1729,full,664a150484ed2af3,c647f1f7edbb3a38,"{""alpha_a"": 0.6, ""alpha_b"": 0.65, ""kappa_a"": 0.48, ""kappa_b"": 0.52, ""n_per_group"": 200000.0}",0.6,0.65,0.48,0.52,200000,empirical_signed_gap,-0.011885000000000034,synthetic,ALL,not_applicable,not_applicable
EXP-01,SYNTHETIC EXPERIMENT,1729,full,664a150484ed2af3,9f999dfd01025484,"{""alpha_a"": 0.6, ""alpha_b"": 0.7, ""kappa_a"": 0.48, ""kappa_b"": 0.5599999999999999, ""n_per_group"": 200000.0}",0.6,0.7,0.48,0.5599999999999999,200000,empirical_signed_gap,-0.023909999999999987,synthetic,ALL,not_applicable,not_applicable
EXP-01,SYNTHETIC EXPERIMENT,1729,full,664a150484ed2af3,4a5d7fb971e337ce,"{""alpha_a"": 0.6, ""alpha_b"": 0.75, ""kappa_a"": 0.48, ""kappa_b"": 0.6000000000000001, ""n_per_group"": 200000.0}",0.6,0.75,0.48,0.6000000000000001,200000,empirical_signed_gap,-0.03632499999999994,synthetic,ALL,not_applicable,not_applicable
EXP-01,SYNTHETIC EXPERIMENT,1729,full,664a150484ed2af3,a186c70650e1139c,"{""alpha_a"": 0.6, ""alpha_b"": 0.8, ""kappa_a"": 0.48, ""kappa_b"": 0.6400000000000001, ""n_per_group"": 200000.0}",0.6,0.8,0.48,0.6400000000000001,200000,empirical_signed_gap,-0.047229999999999994,synthetic,ALL,not_applicable,not_applicable
EXP-01,SYNTHETIC EXPERIMENT,1729,full,664a150484ed2af3,de8705685ae9e61f,"{""alpha_a"": 0.6, ""alpha_b"": 0.85, ""kappa_a"": 0.48, ""kappa_b"": 0.68, ""n_per_group"": 200000.0}",0.6,0.85,0.48,0.68,200000,empirical_signed_gap,-0.05984500000000004,synthetic,ALL,not_applicable,not_applicable
EXP-01,SYNTHETIC EXPERIMENT,1729,full,664a150484ed2af3,694c75f683525a03,"{""alpha_a"": 0.6, ""alpha_b"": 0.9, ""kappa_a"": 0.48, ""kappa_b"": 0.7200000000000001, ""n_per_group"": 200000.0}",0.6,0.9,0.48,0.7200000000000001,200000,empirical_signed_gap,-0.0747199999999999,synthetic,ALL,not_applicable,not_applicable
EXP-01,SYNTHETIC EXPERIMENT,1729,full,664a150484ed2af3,78c170e48cdb4c3c,"{""alpha_a"": 0.6, ""alpha_b"": 0.95, ""kappa_a"": 0.48, ""kappa_b"": 0.76, ""n_per_group"": 200000.0}",0.6,0.95,0.48,0.76,200000,empirical_signed_gap,-0.08355500000000005,synthetic,ALL,not_applicable,not_applicable
EXP-01,SYNTHETIC EXPERIMENT,1729,full,664a150484ed2af3,d50ead690aaf4332,"{""alpha_a"": 0.6, ""alpha_b"": 1.0, ""kappa_a"": 0.48, ""kappa_b"": 0.8, ""n_per_group"": 200000.0}",0.6,1.0,0.48,0.8,200000,empirical_signed_gap,-0.09755999999999998,synthetic,ALL,not_applicable,not_applicable
EXP-01,SYNTHETIC EXPERIMENT,1729,full,664a150484ed2af3,8237ac1b2921d88e,"{""alpha_a"": 0.65, ""alpha_b"": 0.0, ""kappa_a"": 0.52, ""kappa_b"": 0.0, ""n_per_group"": 200000.0}",0.65,0.0,0.52,0.0,200000,empirical_signed_gap,0.15724000000000005,synthetic,ALL,not_applicable,not_applicable
EXP-01,SYNTHETIC EXPERIMENT,1729,full,664a150484ed2af3,797d6a7e2cc9844e,"{""alpha_a"": 0.65, ""alpha_b"": 0.05, ""kappa_a"": 0.52, ""kappa_b"": 0.04000000000000001, ""n_per_group"": 200000.0}",0.65,0.05,0.52,0.04000000000000001,200000,empirical_signed_gap,0.1433049999999999,synthetic,ALL,not_applicable,not_applicable
EXP-01,SYNTHETIC EXPERIMENT,1729,full,664a150484ed2af3,0204098df3c3b9e5,"{""alpha_a"": 0.65, ""alpha_b"": 0.1, ""kappa_a"": 0.52, ""kappa_b"": 0.08000000000000002, ""n_per_group"": 200000.0}",0.65,0.1,0.52,0.08000000000000002,200000,empirical_signed_gap,0.13132500000000003,synthetic,ALL,not_applicable,not_applicable
EXP-01,SYNTHETIC EXPERIMENT,1729,full,664a150484ed2af3,d2ea0a9ab848cf49,"{""alpha_a"": 0.65, ""alpha_b"": 0.15, ""kappa_a"": 0.52, ""kappa_b"": 0.12, ""n_per_group"": 200000.0}",0.65,0.15,0.52,0.12,200000,empirical_signed_gap,0.11896000000000007,synthetic,ALL,not_applicable,not_applicable
EXP-01,SYNTHETIC EXPERIMENT,1729,full,664a150484ed2af3,589f1decf964336d,"{""alpha_a"": 0.65, ""alpha_b"": 0.2, ""kappa_a"": 0.52, ""kappa_b"": 0.16000000000000003, ""n_per_group"": 200000.0}",0.65,0.2,0.52,0.16000000000000003,200000,empirical_signed_gap,0.10831499999999994,synthetic,ALL,not_applicable,not_applicable
EXP-01,SYNTHETIC EXPERIMENT,1729,full,664a150484ed2af3,bbbcbbb934f1bd57,"{""alpha_a"": 0.65, ""alpha_b"": 0.25, ""kappa_a"": 0.52, ""kappa_b"": 0.2, ""n_per_group"": 200000.0}",0.65,0.25,0.52,0.2,200000,empirical_signed_gap,0.09492500000000004,synthetic,ALL,not_applicable,not_applicable
EXP-01,SYNTHETIC EXPERIMENT,1729,full,664a150484ed2af3,56231ef03c73dc69,"{""alpha_a"": 0.65, ""alpha_b"": 0.3, ""kappa_a"": 0.52, ""kappa_b"": 0.24, ""n_per_group"": 200000.0}",0.65,0.3,0.52,0.24,200000,empirical_signed_gap,0.08371499999999998,synthetic,ALL,not_applicable,not_applicable
EXP-01,SYNTHETIC EXPERIMENT,1729,full,664a150484ed2af3,d874f9b45c68c078,"{""alpha_a"": 0.65, ""alpha_b"": 0.35, ""kappa_a"": 0.52, ""kappa_b"": 0.27999999999999997, ""n_per_group"": 200000.0}",0.65,0.35,0.52,0.27999999999999997,200000,empirical_signed_gap,0.07353999999999994,synthetic,ALL,not_applicable,not_applicable
EXP-01,SYNTHETIC EXPERIMENT,1729,full,664a150484ed2af3,c2e26c6bf8a9eb55,"{""alpha_a"": 0.65, ""alpha_b"": 0.4, ""kappa_a"": 0.52, ""kappa_b"": 0.32000000000000006, ""n_per_group"": 200000.0}",0.65,0.4,0.52,0.32000000000000006,200000,empirical_signed_gap,0.05890000000000006,synthetic,ALL,not_applicable,not_applicable
EXP-01,SYNTHETIC EXPERIMENT,1729,full,664a150484ed2af3,52dee04e5176f973,"{""alpha_a"": 0.65, ""alpha_b"": 0.45, ""kappa_a"": 0.52, ""kappa_b"": 0.36000000000000004, ""n_per_group"": 200000.0}",0.65,0.45,0.52,0.36000000000000004,200000,empirical_signed_gap,0.048390000000000044,synthetic,ALL,not_applicable,not_applicable
EXP-01,SYNTHETIC EXPERIMENT,1729,full,664a150484ed2af3,cb151264c8c41395,"{""alpha_a"": 0.65, ""alpha_b"": 0.5, ""kappa_a"": 0.52, ""kappa_b"": 0.4, ""n_per_group"": 200000.0}",0.65,0.5,0.52,0.4,200000,empirical_signed_gap,0.03571499999999994,synthetic,ALL,not_applicable,not_applicable
EXP-01,SYNTHETIC EXPERIMENT,1729,full,664a150484ed2af3,cb4cc85d75c9f4dc,"{""alpha_a"": 0.65, ""alpha_b"": 0.55, ""kappa_a"": 0.52, ""kappa_b"": 0.44000000000000006, ""n_per_group"": 200000.0}",0.65,0.55,0.52,0.44000000000000006,200000,empirical_signed_gap,0.0252,synthetic,ALL,not_applicable,not_applicable
EXP-01,SYNTHETIC EXPERIMENT,1729,full,664a150484ed2af3,867631e66e98681d,"{""alpha_a"": 0.65, ""alpha_b"": 0.6, ""kappa_a"": 0.52, ""kappa_b"": 0.48, ""n_per_group"": 200000.0}",0.65,0.6,0.52,0.48,200000,empirical_signed_gap,0.01281500000000002,synthetic,ALL,not_applicable,not_applicable
EXP-01,SYNTHETIC EXPERIMENT,1729,full,664a150484ed2af3,cdde18ec67287c88,"{""alpha_a"": 0.65, ""alpha_b"": 0.65, ""kappa_a"": 0.52, ""kappa_b"": 0.52, ""n_per_group"": 200000.0}",0.65,0.65,0.52,0.52,200000,empirical_signed_gap,0.0003649999999999487,synthetic,ALL,not_applicable,not_applicable
EXP-01,SYNTHETIC EXPERIMENT,1729,full,664a150484ed2af3,8db4e03766b93699,"{""alpha_a"": 0.65, ""alpha_b"": 0.7, ""kappa_a"": 0.52, ""kappa_b"": 0.5599999999999999, ""n_per_group"": 200000.0}",0.65,0.7,0.52,0.5599999999999999,200000,empirical_signed_gap,-0.01216000000000006,synthetic,ALL,not_applicable,not_applicable
EXP-01,SYNTHETIC EXPERIMENT,1729,full,664a150484ed2af3,defa8621e1dae86e,"{""alpha_a"": 0.65, ""alpha_b"": 0.75, ""kappa_a"": 0.52, ""kappa_b"": 0.6000000000000001, ""n_per_group"": 200000.0}",0.65,0.75,0.52,0.6000000000000001,200000,empirical_signed_gap,-0.02257500000000001,synthetic,ALL,not_applicable,not_applicable
EXP-01,SYNTHETIC EXPERIMENT,1729,full,664a150484ed2af3,e806bd5df6f97888,"{""alpha_a"": 0.65, ""alpha_b"": 0.8, ""kappa_a"": 0.52, ""kappa_b"": 0.6400000000000001, ""n_per_group"": 200000.0}",0.65,0.8,0.52,0.6400000000000001,200000,empirical_signed_gap,-0.036024999999999974,synthetic,ALL,not_applicable,not_applicable
EXP-01,SYNTHETIC EXPERIMENT,1729,full,664a150484ed2af3,0903ae1542382f5e,"{""alpha_a"": 0.65, ""alpha_b"": 0.85, ""kappa_a"": 0.52, ""kappa_b"": 0.68, ""n_per_group"": 200000.0}",0.65,0.85,0.52,0.68,200000,empirical_signed_gap,-0.048614999999999964,synthetic,ALL,not_applicable,not_applicable
EXP-01,SYNTHETIC EXPERIMENT,1729,full,664a150484ed2af3,ab1b216db6302741,"{""alpha_a"": 0.65, ""alpha_b"": 0.9, ""kappa_a"": 0.52, ""kappa_b"": 0.7200000000000001, ""n_per_group"": 200000.0}",0.65,0.9,0.52,0.7200000000000001,200000,empirical_signed_gap,-0.06020499999999995,synthetic,ALL,not_applicable,not_applicable
EXP-01,SYNTHETIC EXPERIMENT,1729,full,664a150484ed2af3,577eaa46a40bff6b,"{""alpha_a"": 0.65, ""alpha_b"": 0.95, ""kappa_a"": 0.52, ""kappa_b"": 0.76, ""n_per_group"": 200000.0}",0.65,0.95,0.52,0.76,200000,empirical_signed_gap,-0.07276499999999997,synthetic,ALL,not_applicable,not_applicable
EXP-01,SYNTHETIC EXPERIMENT,1729,full,664a150484ed2af3,341ee85502401eb8,"{""alpha_a"": 0.65, ""alpha_b"": 1.0, ""kappa_a"": 0.52, ""kappa_b"": 0.8, ""n_per_group"": 200000.0}",0.65,1.0,0.52,0.8,200000,empirical_signed_gap,-0.08494999999999997,synthetic,ALL,not_applicable,not_applicable
EXP-01,SYNTHETIC EXPERIMENT,1729,full,664a150484ed2af3,c8ddd6677f6f843b,"{""alpha_a"": 0.7, ""alpha_b"": 0.0, ""kappa_a"": 0.5599999999999999, ""kappa_b"": 0.0, ""n_per_group"": 200000.0}",0.7,0.0,0.5599999999999999,0.0,200000,empirical_signed_gap,0.16964500000000005,synthetic,ALL,not_applicable,not_applicable
EXP-01,SYNTHETIC EXPERIMENT,1729,full,664a150484ed2af3,cecdc2a6be269b13,"{""alpha_a"": 0.7, ""alpha_b"": 0.05, ""kappa_a"": 0.5599999999999999, ""kappa_b"": 0.04000000000000001, ""n_per_group"": 200000.0}",0.7,0.05,0.5599999999999999,0.04000000000000001,200000,empirical_signed_gap,0.1539600000000001,synthetic,ALL,not_applicable,not_applicable
EXP-01,SYNTHETIC EXPERIMENT,1729,full,664a150484ed2af3,7c07722156d4753c,"{""alpha_a"": 0.7, ""alpha_b"": 0.1, ""kappa_a"": 0.5599999999999999, ""kappa_b"": 0.08000000000000002, ""n_per_group"": 200000.0}",0.7,0.1,0.5599999999999999,0.08000000000000002,200000,empirical_signed_gap,0.14291999999999994,synthetic,ALL,not_applicable,not_applicable
EXP-01,SYNTHETIC EXPERIMENT,1729,full,664a150484ed2af3,d866b68c9353ad8e,"{""alpha_a"": 0.7, ""alpha_b"": 0.15, ""kappa_a"": 0.5599999999999999, ""kappa_b"": 0.12, ""n_per_group"": 200000.0}",0.7,0.15,0.5599999999999999,0.12,200000,empirical_signed_gap,0.13204499999999997,synthetic,ALL,not_applicable,not_applicable
EXP-01,SYNTHETIC EXPERIMENT,1729,full,664a150484ed2af3,22e27fd9c9b7754b,"{""alpha_a"": 0.7, ""alpha_b"": 0.2, ""kappa_a"": 0.5599999999999999, ""kappa_b"": 0.16000000000000003, ""n_per_group"": 200000.0}",0.7,0.2,0.5599999999999999,0.16000000000000003,200000,empirical_signed_gap,0.12024000000000001,synthetic,ALL,not_applicable,not_applicable
EXP-01,SYNTHETIC EXPERIMENT,1729,full,664a150484ed2af3,47c868681941b524,"{""alpha_a"": 0.7, ""alpha_b"": 0.25, ""kappa_a"": 0.5599999999999999, ""kappa_b"": 0.2, ""n_per_group"": 200000.0}",0.7,0.25,0.5599999999999999,0.2,200000,empirical_signed_gap,0.10572000000000004,synthetic,ALL,not_applicable,not_applicable
EXP-01,SYNTHETIC EXPERIMENT,1729,full,664a150484ed2af3,968819aff68502bb,"{""alpha_a"": 0.7, ""alpha_b"": 0.3, ""kappa_a"": 0.5599999999999999, ""kappa_b"": 0.24, ""n_per_group"": 200000.0}",0.7,0.3,0.5599999999999999,0.24,200000,empirical_signed_gap,0.09474499999999997,synthetic,ALL,not_applicable,not_applicable
EXP-01,SYNTHETIC EXPERIMENT,1729,full,664a150484ed2af3,8ce8eb6782ff8e91,"{""alpha_a"": 0.7, ""alpha_b"": 0.35, ""kappa_a"": 0.5599999999999999, ""kappa_b"": 0.27999999999999997, ""n_per_group"": 200000.0}",0.7,0.35,0.5599999999999999,0.27999999999999997,200000,empirical_signed_gap,0.08553499999999992,synthetic,ALL,not_applicable,not_applicable
EXP-01,SYNTHETIC EXPERIMENT,1729,full,664a150484ed2af3,c89b278373082486,"{""alpha_a"": 0.7, ""alpha_b"": 0.4, ""kappa_a"": 0.5599999999999999, ""kappa_b"": 0.32000000000000006, ""n_per_group"": 200000.0}",0.7,0.4,0.5599999999999999,0.32000000000000006,200000,empirical_signed_gap,0.07399,synthetic,ALL,not_applicable,not_applicable
EXP-01,SYNTHETIC EXPERIMENT,1729,full,664a150484ed2af3,530dc275e5d583d5,"{""alpha_a"": 0.7, ""alpha_b"": 0.45, ""kappa_a"": 0.5599999999999999, ""kappa_b"": 0.36000000000000004, ""n_per_group"": 200000.0}",0.7,0.45,0.5599999999999999,0.36000000000000004,200000,empirical_signed_gap,0.059024999999999994,synthetic,ALL,not_applicable,not_applicable
EXP-01,SYNTHETIC EXPERIMENT,1729,full,664a150484ed2af3,01946da20aac2037,"{""alpha_a"": 0.7, ""alpha_b"": 0.5, ""kappa_a"": 0.5599999999999999, ""kappa_b"": 0.4, ""n_per_group"": 200000.0}",0.7,0.5,0.5599999999999999,0.4,200000,empirical_signed_gap,0.047865000000000046,synthetic,ALL,not_applicable,not_applicable
EXP-01,SYNTHETIC EXPERIMENT,1729,full,664a150484ed2af3,73e1593e0dd5e9bb,"{""alpha_a"": 0.7, ""alpha_b"": 0.55, ""kappa_a"": 0.5599999999999999, ""kappa_b"": 0.44000000000000006, ""n_per_group"": 200000.0}",0.7,0.55,0.5599999999999999,0.44000000000000006,200000,empirical_signed_gap,0.034905000000000075,synthetic,ALL,not_applicable,not_applicable
EXP-01,SYNTHETIC EXPERIMENT,1729,full,664a150484ed2af3,62270be4752f9f93,"{""alpha_a"": 0.7, ""alpha_b"": 0.6, ""kappa_a"": 0.5599999999999999, ""kappa_b"": 0.48, ""n_per_group"": 200000.0}",0.7,0.6,0.5599999999999999,0.48,200000,empirical_signed_gap,0.025379999999999958,synthetic,ALL,not_applicable,not_applicable
EXP-01,SYNTHETIC EXPERIMENT,1729,full,664a150484ed2af3,6594a0ffafa2c5b6,"{""alpha_a"": 0.7, ""alpha_b"": 0.65, ""kappa_a"": 0.5599999999999999, ""kappa_b"": 0.52, ""n_per_group"": 200000.0}",0.7,0.65,0.5599999999999999,0.52,200000,empirical_signed_gap,0.01149,synthetic,ALL,not_applicable,not_applicable
EXP-01,SYNTHETIC EXPERIMENT,1729,full,664a150484ed2af3,ba8e99ce6bbcaf0c,"{""alpha_a"": 0.7, ""alpha_b"": 0.7, ""kappa_a"": 0.5599999999999999, ""kappa_b"": 0.5599999999999999, ""n_per_group"": 200000.0}",0.7,0.7,0.5599999999999999,0.5599999999999999,200000,empirical_signed_gap,-0.00023499999999998522,synthetic,ALL,not_applicable,not_applicable
EXP-01,SYNTHETIC EXPERIMENT,1729,full,664a150484ed2af3,bf7a34578ca9cb00,"{""alpha_a"": 0.7, ""alpha_b"": 0.75, ""kappa_a"": 0.5599999999999999, ""kappa_b"": 0.6000000000000001, ""n_per_group"": 200000.0}",0.7,0.75,0.5599999999999999,0.6000000000000001,200000,empirical_signed_gap,-0.009219999999999895,synthetic,ALL,not_applicable,not_applicable
EXP-01,SYNTHETIC EXPERIMENT,1729,full,664a150484ed2af3,67642f3a2918cae1,"{""alpha_a"": 0.7, ""alpha_b"": 0.8, ""kappa_a"": 0.5599999999999999, ""kappa_b"": 0.6400000000000001, ""n_per_group"": 200000.0}",0.7,0.8,0.5599999999999999,0.6400000000000001,200000,empirical_signed_gap,-0.023625000000000007,synthetic,ALL,not_applicable,not_applicable
EXP-01,SYNTHETIC EXPERIMENT,1729,full,664a150484ed2af3,20e2a91826b6be2d,"{""alpha_a"": 0.7, ""alpha_b"": 0.85, ""kappa_a"": 0.5599999999999999, ""kappa_b"": 0.68, ""n_per_group"": 200000.0}",0.7,0.85,0.5599999999999999,0.68,200000,empirical_signed_gap,-0.03695999999999999,synthetic,ALL,not_applicable,not_applicable
EXP-01,SYNTHETIC EXPERIMENT,1729,full,664a150484ed2af3,0a31e6d38f51fb59,"{""alpha_a"": 0.7, ""alpha_b"": 0.9, ""kappa_a"": 0.5599999999999999, ""kappa_b"": 0.7200000000000001, ""n_per_group"": 200000.0}",0.7,0.9,0.5599999999999999,0.7200000000000001,200000,empirical_signed_gap,-0.047089999999999965,synthetic,ALL,not_applicable,not_applicable
EXP-01,SYNTHETIC EXPERIMENT,1729,full,664a150484ed2af3,33190ea543da4a9e,"{""alpha_a"": 0.7, ""alpha_b"": 0.95, ""kappa_a"": 0.5599999999999999, ""kappa_b"": 0.76, ""n_per_group"": 200000.0}",0.7,0.95,0.5599999999999999,0.76,200000,empirical_signed_gap,-0.06042500000000006,synthetic,ALL,not_applicable,not_applicable
EXP-01,SYNTHETIC EXPERIMENT,1729,full,664a150484ed2af3,973027829e06a594,"{""alpha_a"": 0.7, ""alpha_b"": 1.0, ""kappa_a"": 0.5599999999999999, ""kappa_b"": 0.8, ""n_per_group"": 200000.0}",0.7,1.0,0.5599999999999999,0.8,200000,empirical_signed_gap,-0.07154500000000008,synthetic,ALL,not_applicable,not_applicable
EXP-01,SYNTHETIC EXPERIMENT,1729,full,664a150484ed2af3,145fc1da1e77a85b,"{""alpha_a"": 0.75, ""alpha_b"": 0.0, ""kappa_a"": 0.6000000000000001, ""kappa_b"": 0.0, ""n_per_group"": 200000.0}",0.75,0.0,0.6000000000000001,0.0,200000,empirical_signed_gap,0.18081000000000003,synthetic,ALL,not_applicable,not_applicable
EXP-01,SYNTHETIC EXPERIMENT,1729,full,664a150484ed2af3,8f76757fb173207f,"{""alpha_a"": 0.75, ""alpha_b"": 0.05, ""kappa_a"": 0.6000000000000001, ""kappa_b"": 0.04000000000000001, ""n_per_group"": 200000.0}",0.75,0.05,0.6000000000000001,0.04000000000000001,200000,empirical_signed_gap,0.16749000000000003,synthetic,ALL,not_applicable,not_applicable
EXP-01,SYNTHETIC EXPERIMENT,1729,full,664a150484ed2af3,cfc40a9c00d949bd,"{""alpha_a"": 0.75, ""alpha_b"": 0.1, ""kappa_a"": 0.6000000000000001, ""kappa_b"": 0.08000000000000002, ""n_per_group"": 200000.0}",0.75,0.1,0.6000000000000001,0.08000000000000002,200000,empirical_signed_gap,0.15694999999999992,synthetic,ALL,not_applicable,not_applicable
EXP-01,SYNTHETIC EXPERIMENT,1729,full,664a150484ed2af3,e900d04c2a412e38,"{""alpha_a"": 0.75, ""alpha_b"": 0.15, ""kappa_a"": 0.6000000000000001, ""kappa_b"": 0.12, ""n_per_group"": 200000.0}",0.75,0.15,0.6000000000000001,0.12,200000,empirical_signed_gap,0.14343000000000006,synthetic,ALL,not_applicable,not_applicable
EXP-01,SYNTHETIC EXPERIMENT,1729,full,664a150484ed2af3,a66da16d88db03c0,"{""alpha_a"": 0.75, ""alpha_b"": 0.2, ""kappa_a"": 0.6000000000000001, ""kappa_b"": 0.16000000000000003, ""n_per_group"": 200000.0}",0.75,0.2,0.6000000000000001,0.16000000000000003,200000,empirical_signed_gap,0.13371,synthetic,ALL,not_applicable,not_applicable
EXP-01,SYNTHETIC EXPERIMENT,1729,full,664a150484ed2af3,71c8bf969f130e9e,"{""alpha_a"": 0.75, ""alpha_b"": 0.25, ""kappa_a"": 0.6000000000000001, ""kappa_b"": 0.2, ""n_per_group"": 200000.0}",0.75,0.25,0.6000000000000001,0.2,200000,empirical_signed_gap,0.12060000000000004,synthetic,ALL,not_applicable,not_applicable
EXP-01,SYNTHETIC EXPERIMENT,1729,full,664a150484ed2af3,b645633783a2b5d9,"{""alpha_a"": 0.75, ""alpha_b"": 0.3, ""kappa_a"": 0.6000000000000001, ""kappa_b"": 0.24, ""n_per_group"": 200000.0}",0.75,0.3,0.6000000000000001,0.24,200000,empirical_signed_gap,0.10616499999999995,synthetic,ALL,not_applicable,not_applicable
EXP-01,SYNTHETIC EXPERIMENT,1729,full,664a150484ed2af3,a007c6e5d67106c5,"{""alpha_a"": 0.75, ""alpha_b"": 0.35, ""kappa_a"": 0.6000000000000001, ""kappa_b"": 0.27999999999999997, ""n_per_group"": 200000.0}",0.75,0.35,0.6000000000000001,0.27999999999999997,200000,empirical_signed_gap,0.09823500000000007,synthetic,ALL,not_applicable,not_applicable
EXP-01,SYNTHETIC EXPERIMENT,1729,full,664a150484ed2af3,973cb6ad3b163f98,"{""alpha_a"": 0.75, ""alpha_b"": 0.4, ""kappa_a"": 0.6000000000000001, ""kappa_b"": 0.32000000000000006, ""n_per_group"": 200000.0}",0.75,0.4,0.6000000000000001,0.32000000000000006,200000,empirical_signed_gap,0.08466499999999999,synthetic,ALL,not_applicable,not_applicable
EXP-01,SYNTHETIC EXPERIMENT,1729,full,664a150484ed2af3,105e9323311e6282,"{""alpha_a"": 0.75, ""alpha_b"": 0.45, ""kappa_a"": 0.6000000000000001, ""kappa_b"": 0.36000000000000004, ""n_per_group"": 200000.0}",0.75,0.45,0.6000000000000001,0.36000000000000004,200000,empirical_signed_gap,0.073025,synthetic,ALL,not_applicable,not_applicable
EXP-01,SYNTHETIC EXPERIMENT,1729,full,664a150484ed2af3,a6664c1a4c2d235b,"{""alpha_a"": 0.75, ""alpha_b"": 0.5, ""kappa_a"": 0.6000000000000001, ""kappa_b"": 0.4, ""n_per_group"": 200000.0}",0.75,0.5,0.6000000000000001,0.4,200000,empirical_signed_gap,0.060429999999999984,synthetic,ALL,not_applicable,not_applicable
EXP-01,SYNTHETIC EXPERIMENT,1729,full,664a150484ed2af3,f7fd55ca8782532f,"{""alpha_a"": 0.75, ""alpha_b"": 0.55, ""kappa_a"": 0.6000000000000001, ""kappa_b"": 0.44000000000000006, ""n_per_group"": 200000.0}",0.75,0.55,0.6000000000000001,0.44000000000000006,200000,empirical_signed_gap,0.048699999999999966,synthetic,ALL,not_applicable,not_applicable
EXP-01,SYNTHETIC EXPERIMENT,1729,full,664a150484ed2af3,3a9b935cbfa06390,"{""alpha_a"": 0.75, ""alpha_b"": 0.6, ""kappa_a"": 0.6000000000000001, ""kappa_b"": 0.48, ""n_per_group"": 200000.0}",0.75,0.6,0.6000000000000001,0.48,200000,empirical_signed_gap,0.035515000000000074,synthetic,ALL,not_applicable,not_applicable
EXP-01,SYNTHETIC EXPERIMENT,1729,full,664a150484ed2af3,5cdb075959b10140,"{""alpha_a"": 0.75, ""alpha_b"": 0.65, ""kappa_a"": 0.6000000000000001, ""kappa_b"": 0.52, ""n_per_group"": 200000.0}",0.75,0.65,0.6000000000000001,0.52,200000,empirical_signed_gap,0.025085000000000024,synthetic,ALL,not_applicable,not_applicable
EXP-01,SYNTHETIC EXPERIMENT,1729,full,664a150484ed2af3,3c6bd916c2e4b2d9,"{""alpha_a"": 0.75, ""alpha_b"": 0.7, ""kappa_a"": 0.6000000000000001, ""kappa_b"": 0.5599999999999999, ""n_per_group"": 200000.0}",0.75,0.7,0.6000000000000001,0.5599999999999999,200000,empirical_signed_gap,0.012849999999999917,synthetic,ALL,not_applicable,not_applicable
EXP-01,SYNTHETIC EXPERIMENT,1729,full,664a150484ed2af3,efff14e3d6b3c324,"{""alpha_a"": 0.75, ""alpha_b"": 0.75, ""kappa_a"": 0.6000000000000001, ""kappa_b"": 0.6000000000000001, ""n_per_group"": 200000.0}",0.75,0.75,0.6000000000000001,0.6000000000000001,200000,empirical_signed_gap,0.001414999999999944,synthetic,ALL,not_applicable,not_applicable
EXP-01,SYNTHETIC EXPERIMENT,1729,full,664a150484ed2af3,6cb165316d4be7b0,"{""alpha_a"": 0.75, ""alpha_b"": 0.8, ""kappa_a"": 0.6000000000000001, ""kappa_b"": 0.6400000000000001, ""n_per_group"": 200000.0}",0.75,0.8,0.6000000000000001,0.6400000000000001,200000,empirical_signed_gap,-0.011140000000000039,synthetic,ALL,not_applicable,not_applicable
EXP-01,SYNTHETIC EXPERIMENT,1729,full,664a150484ed2af3,707d372e21aec193,"{""alpha_a"": 0.75, ""alpha_b"": 0.85, ""kappa_a"": 0.6000000000000001, ""kappa_b"": 0.68, ""n_per_group"": 200000.0}",0.75,0.85,0.6000000000000001,0.68,200000,empirical_signed_gap,-0.02561000000000002,synthetic,ALL,not_applicable,not_applicable
EXP-01,SYNTHETIC EXPERIMENT,1729,full,664a150484ed2af3,7255b40c57376a7a,"{""alpha_a"": 0.75, ""alpha_b"": 0.9, ""kappa_a"": 0.6000000000000001, ""kappa_b"": 0.7200000000000001, ""n_per_group"": 200000.0}",0.75,0.9,0.6000000000000001,0.7200000000000001,200000,empirical_signed_gap,-0.03648000000000007,synthetic,ALL,not_applicable,not_applicable
EXP-01,SYNTHETIC EXPERIMENT,1729,full,664a150484ed2af3,05d0dcea49021cc9,"{""alpha_a"": 0.75, ""alpha_b"": 0.95, ""kappa_a"": 0.6000000000000001, ""kappa_b"": 0.76, ""n_per_group"": 200000.0}",0.75,0.95,0.6000000000000001,0.76,200000,empirical_signed_gap,-0.048025000000000095,synthetic,ALL,not_applicable,not_applicable
EXP-01,SYNTHETIC EXPERIMENT,1729,full,664a150484ed2af3,97edfe532689cab9,"{""alpha_a"": 0.75, ""alpha_b"": 1.0, ""kappa_a"": 0.6000000000000001, ""kappa_b"": 0.8, ""n_per_group"": 200000.0}",0.75,1.0,0.6000000000000001,0.8,200000,empirical_signed_gap,-0.060899999999999954,synthetic,ALL,not_applicable,not_applicable
EXP-01,SYNTHETIC EXPERIMENT,1729,full,664a150484ed2af3,97950d1b748ef7ea,"{""alpha_a"": 0.8, ""alpha_b"": 0.0, ""kappa_a"": 0.6400000000000001, ""kappa_b"": 0.0, ""n_per_group"": 200000.0}",0.8,0.0,0.6400000000000001,0.0,200000,empirical_signed_gap,0.19128499999999993,synthetic,ALL,not_applicable,not_applicable
EXP-01,SYNTHETIC EXPERIMENT,1729,full,664a150484ed2af3,1c35e6c663ec2953,"{""alpha_a"": 0.8, ""alpha_b"": 0.05, ""kappa_a"": 0.6400000000000001, ""kappa_b"": 0.04000000000000001, ""n_per_group"": 200000.0}",0.8,0.05,0.6400000000000001,0.04000000000000001,200000,empirical_signed_gap,0.183075,synthetic,ALL,not_applicable,not_applicable
EXP-01,SYNTHETIC EXPERIMENT,1729,full,664a150484ed2af3,19d1cdf7f2037051,"{""alpha_a"": 0.8, ""alpha_b"": 0.1, ""kappa_a"": 0.6400000000000001, ""kappa_b"": 0.08000000000000002, ""n_per_group"": 200000.0}",0.8,0.1,0.6400000000000001,0.08000000000000002,200000,empirical_signed_gap,0.168045,synthetic,ALL,not_applicable,not_applicable
EXP-01,SYNTHETIC EXPERIMENT,1729,full,664a150484ed2af3,f5f34d81dfa051b0,"{""alpha_a"": 0.8, ""alpha_b"": 0.15, ""kappa_a"": 0.6400000000000001, ""kappa_b"": 0.12, ""n_per_group"": 200000.0}",0.8,0.15,0.6400000000000001,0.12,200000,empirical_signed_gap,0.155335,synthetic,ALL,not_applicable,not_applicable
EXP-01,SYNTHETIC EXPERIMENT,1729,full,664a150484ed2af3,2d5071bf7658fe7d,"{""alpha_a"": 0.8, ""alpha_b"": 0.2, ""kappa_a"": 0.6400000000000001, ""kappa_b"": 0.16000000000000003, ""n_per_group"": 200000.0}",0.8,0.2,0.6400000000000001,0.16000000000000003,200000,empirical_signed_gap,0.1431349999999999,synthetic,ALL,not_applicable,not_applicable
EXP-01,SYNTHETIC EXPERIMENT,1729,full,664a150484ed2af3,4fee8e67e2b9ec66,"{""alpha_a"": 0.8, ""alpha_b"": 0.25, ""kappa_a"": 0.6400000000000001, ""kappa_b"": 0.2, ""n_per_group"": 200000.0}",0.8,0.25,0.6400000000000001,0.2,200000,empirical_signed_gap,0.13138000000000005,synthetic,ALL,not_applicable,not_applicable
EXP-01,SYNTHETIC EXPERIMENT,1729,full,664a150484ed2af3,ae3f287d1d76f955,"{""alpha_a"": 0.8, ""alpha_b"": 0.3, ""kappa_a"": 0.6400000000000001, ""kappa_b"": 0.24, ""n_per_group"": 200000.0}",0.8,0.3,0.6400000000000001,0.24,200000,empirical_signed_gap,0.12002499999999994,synthetic,ALL,not_applicable,not_applicable
EXP-01,SYNTHETIC EXPERIMENT,1729,full,664a150484ed2af3,c76b97e8306f63ef,"{""alpha_a"": 0.8, ""alpha_b"": 0.35, ""kappa_a"": 0.6400000000000001, ""kappa_b"": 0.27999999999999997, ""n_per_group"": 200000.0}",0.8,0.35,0.6400000000000001,0.27999999999999997,200000,empirical_signed_gap,0.10555499999999995,synthetic,ALL,not_applicable,not_applicable
EXP-01,SYNTHETIC EXPERIMENT,1729,full,664a150484ed2af3,de387c795811cf0f,"{""alpha_a"": 0.8, ""alpha_b"": 0.4, ""kappa_a"": 0.6400000000000001, ""kappa_b"": 0.32000000000000006, ""n_per_group"": 200000.0}",0.8,0.4,0.6400000000000001,0.32000000000000006,200000,empirical_signed_gap,0.09743999999999997,synthetic,ALL,not_applicable,not_applicable
EXP-01,SYNTHETIC EXPERIMENT,1729,full,664a150484ed2af3,9b77dfbc189e232b,"{""alpha_a"": 0.8, ""alpha_b"": 0.45, ""kappa_a"": 0.6400000000000001, ""kappa_b"": 0.36000000000000004, ""n_per_group"": 200000.0}",0.8,0.45,0.6400000000000001,0.36000000000000004,200000,empirical_signed_gap,0.08457999999999999,synthetic,ALL,not_applicable,not_applicable
EXP-01,SYNTHETIC EXPERIMENT,1729,full,664a150484ed2af3,4dfc43254ec4a6e8,"{""alpha_a"": 0.8, ""alpha_b"": 0.5, ""kappa_a"": 0.6400000000000001, ""kappa_b"": 0.4, ""n_per_group"": 200000.0}",0.8,0.5,0.6400000000000001,0.4,200000,empirical_signed_gap,0.07227000000000006,synthetic,ALL,not_applicable,not_applicable
EXP-01,SYNTHETIC EXPERIMENT,1729,full,664a150484ed2af3,0a648ff7295000bf,"{""alpha_a"": 0.8, ""alpha_b"": 0.55, ""kappa_a"": 0.6400000000000001, ""kappa_b"": 0.44000000000000006, ""n_per_group"": 200000.0}",0.8,0.55,0.6400000000000001,0.44000000000000006,200000,empirical_signed_gap,0.060410000000000075,synthetic,ALL,not_applicable,not_applicable
EXP-01,SYNTHETIC EXPERIMENT,1729,full,664a150484ed2af3,c4dc5c0a530c1b1b,"{""alpha_a"": 0.8, ""alpha_b"": 0.6, ""kappa_a"": 0.6400000000000001, ""kappa_b"": 0.48, ""n_per_group"": 200000.0}",0.8,0.6,0.6400000000000001,0.48,200000,empirical_signed_gap,0.04745999999999995,synthetic,ALL,not_applicable,not_applicable
EXP-01,SYNTHETIC EXPERIMENT,1729,full,664a150484ed2af3,2ed7cbddc74538cd,"{""alpha_a"": 0.8, ""alpha_b"": 0.65, ""kappa_a"": 0.6400000000000001, ""kappa_b"": 0.52, ""n_per_group"": 200000.0}",0.8,0.65,0.6400000000000001,0.52,200000,empirical_signed_gap,0.036539999999999906,synthetic,ALL,not_applicable,not_applicable
EXP-01,SYNTHETIC EXPERIMENT,1729,full,664a150484ed2af3,b457f6e1df0ab75b,"{""alpha_a"": 0.8, ""alpha_b"": 0.7, ""kappa_a"": 0.6400000000000001, ""kappa_b"": 0.5599999999999999, ""n_per_group"": 200000.0}",0.8,0.7,0.6400000000000001,0.5599999999999999,200000,empirical_signed_gap,0.024170000000000025,synthetic,ALL,not_applicable,not_applicable
EXP-01,SYNTHETIC EXPERIMENT,1729,full,664a150484ed2af3,9062e32c7ea41a6e,"{""alpha_a"": 0.8, ""alpha_b"": 0.75, ""kappa_a"": 0.6400000000000001, ""kappa_b"": 0.6000000000000001, ""n_per_group"": 200000.0}",0.8,0.75,0.6400000000000001,0.6000000000000001,200000,empirical_signed_gap,0.012199999999999989,synthetic,ALL,not_applicable,not_applicable
EXP-01,SYNTHETIC EXPERIMENT,1729,full,664a150484ed2af3,584ff44dc5b8503d,"{""alpha_a"": 0.8, ""alpha_b"": 0.8, ""kappa_a"": 0.6400000000000001, ""kappa_b"": 0.6400000000000001, ""n_per_group"": 200000.0}",0.8,0.8,0.6400000000000001,0.6400000000000001,200000,empirical_signed_gap,-0.0004549999999999832,synthetic,ALL,not_applicable,not_applicable
EXP-01,SYNTHETIC EXPERIMENT,1729,full,664a150484ed2af3,3194a78f498b4839,"{""alpha_a"": 0.8, ""alpha_b"": 0.85, ""kappa_a"": 0.6400000000000001, ""kappa_b"": 0.68, ""n_per_group"": 200000.0}",0.8,0.85,0.6400000000000001,0.68,200000,empirical_signed_gap,-0.010785000000000045,synthetic,ALL,not_applicable,not_applicable
EXP-01,SYNTHETIC EXPERIMENT,1729,full,664a150484ed2af3,095e14182b8d996f,"{""alpha_a"": 0.8, ""alpha_b"": 0.9, ""kappa_a"": 0.6400000000000001, ""kappa_b"": 0.7200000000000001, ""n_per_group"": 200000.0}",0.8,0.9,0.6400000000000001,0.7200000000000001,200000,empirical_signed_gap,-0.02371499999999993,synthetic,ALL,not_applicable,not_applicable
EXP-01,SYNTHETIC EXPERIMENT,1729,full,664a150484ed2af3,3628b420734c06e1,"{""alpha_a"": 0.8, ""alpha_b"": 0.95, ""kappa_a"": 0.6400000000000001, ""kappa_b"": 0.76, ""n_per_group"": 200000.0}",0.8,0.95,0.6400000000000001,0.76,200000,empirical_signed_gap,-0.034560000000000035,synthetic,ALL,not_applicable,not_applicable
EXP-01,SYNTHETIC EXPERIMENT,1729,full,664a150484ed2af3,a70b9b85ede5eca5,"{""alpha_a"": 0.8, ""alpha_b"": 1.0, ""kappa_a"": 0.6400000000000001, ""kappa_b"": 0.8, ""n_per_group"": 200000.0}",0.8,1.0,0.6400000000000001,0.8,200000,empirical_signed_gap,-0.048229999999999995,synthetic,ALL,not_applicable,not_applicable
EXP-01,SYNTHETIC EXPERIMENT,1729,full,664a150484ed2af3,f9781a2b6bd219b5,"{""alpha_a"": 0.85, ""alpha_b"": 0.0, ""kappa_a"": 0.68, ""kappa_b"": 0.0, ""n_per_group"": 200000.0}",0.85,0.0,0.68,0.0,200000,empirical_signed_gap,0.203955,synthetic,ALL,not_applicable,not_applicable
EXP-01,SYNTHETIC EXPERIMENT,1729,full,664a150484ed2af3,9e5a0860788419ba,"{""alpha_a"": 0.85, ""alpha_b"": 0.05, ""kappa_a"": 0.68, ""kappa_b"": 0.04000000000000001, ""n_per_group"": 200000.0}",0.85,0.05,0.68,0.04000000000000001,200000,empirical_signed_gap,0.188705,synthetic,ALL,not_applicable,not_applicable
EXP-01,SYNTHETIC EXPERIMENT,1729,full,664a150484ed2af3,ced6c97278427a71,"{""alpha_a"": 0.85, ""alpha_b"": 0.1, ""kappa_a"": 0.68, ""kappa_b"": 0.08000000000000002, ""n_per_group"": 200000.0}",0.85,0.1,0.68,0.08000000000000002,200000,empirical_signed_gap,0.1800299999999999,synthetic,ALL,not_applicable,not_applicable
EXP-01,SYNTHETIC EXPERIMENT,1729,full,664a150484ed2af3,02e538e0808d85b0,"{""alpha_a"": 0.85, ""alpha_b"": 0.15, ""kappa_a"": 0.68, ""kappa_b"": 0.12, ""n_per_group"": 200000.0}",0.85,0.15,0.68,0.12,200000,empirical_signed_gap,0.16832500000000006,synthetic,ALL,not_applicable,not_applicable
EXP-01,SYNTHETIC EXPERIMENT,1729,full,664a150484ed2af3,e7d8eeb495b380f2,"{""alpha_a"": 0.85, ""alpha_b"": 0.2, ""kappa_a"": 0.68, ""kappa_b"": 0.16000000000000003, ""n_per_group"": 200000.0}",0.85,0.2,0.68,0.16000000000000003,200000,empirical_signed_gap,0.154825,synthetic,ALL,not_applicable,not_applicable
EXP-01,SYNTHETIC EXPERIMENT,1729,full,664a150484ed2af3,556c5d02c8185afb,"{""alpha_a"": 0.85, ""alpha_b"": 0.25, ""kappa_a"": 0.68, ""kappa_b"": 0.2, ""n_per_group"": 200000.0}",0.85,0.25,0.68,0.2,200000,empirical_signed_gap,0.14379000000000008,synthetic,ALL,not_applicable,not_applicable
EXP-01,SYNTHETIC EXPERIMENT,1729,full,664a150484ed2af3,5647cd0abc42783f,"{""alpha_a"": 0.85, ""alpha_b"": 0.3, ""kappa_a"": 0.68, ""kappa_b"": 0.24, ""n_per_group"": 200000.0}",0.85,0.3,0.68,0.24,200000,empirical_signed_gap,0.13309500000000007,synthetic,ALL,not_applicable,not_applicable
EXP-01,SYNTHETIC EXPERIMENT,1729,full,664a150484ed2af3,d5b6f367e33566b8,"{""alpha_a"": 0.85, ""alpha_b"": 0.35, ""kappa_a"": 0.68, ""kappa_b"": 0.27999999999999997, ""n_per_group"": 200000.0}",0.85,0.35,0.68,0.27999999999999997,200000,empirical_signed_gap,0.12038500000000008,synthetic,ALL,not_applicable,not_applicable
EXP-01,SYNTHETIC EXPERIMENT,1729,full,664a150484ed2af3,161108514fcc9769,"{""alpha_a"": 0.85, ""alpha_b"": 0.4, ""kappa_a"": 0.68, ""kappa_b"": 0.32000000000000006, ""n_per_group"": 200000.0}",0.85,0.4,0.68,0.32000000000000006,200000,empirical_signed_gap,0.10629999999999995,synthetic,ALL,not_applicable,not_applicable
EXP-01,SYNTHETIC EXPERIMENT,1729,full,664a150484ed2af3,8d74d363bf5e2d6c,"{""alpha_a"": 0.85, ""alpha_b"": 0.45, ""kappa_a"": 0.68, ""kappa_b"": 0.36000000000000004, ""n_per_group"": 200000.0}",0.85,0.45,0.68,0.36000000000000004,200000,empirical_signed_gap,0.09679500000000008,synthetic,ALL,not_applicable,not_applicable
EXP-01,SYNTHETIC EXPERIMENT,1729,full,664a150484ed2af3,c8c1d9d14a4bcd8e,"{""alpha_a"": 0.85, ""alpha_b"": 0.5, ""kappa_a"": 0.68, ""kappa_b"": 0.4, ""n_per_group"": 200000.0}",0.85,0.5,0.68,0.4,200000,empirical_signed_gap,0.083515,synthetic,ALL,not_applicable,not_applicable
EXP-01,SYNTHETIC EXPERIMENT,1729,full,664a150484ed2af3,de79e743a6136014,"{""alpha_a"": 0.85, ""alpha_b"": 0.55, ""kappa_a"": 0.68, ""kappa_b"": 0.44000000000000006, ""n_per_group"": 200000.0}",0.85,0.55,0.68,0.44000000000000006,200000,empirical_signed_gap,0.07355999999999996,synthetic,ALL,not_applicable,not_applicable
EXP-01,SYNTHETIC EXPERIMENT,1729,full,664a150484ed2af3,2138fa704af3ee05,"{""alpha_a"": 0.85, ""alpha_b"": 0.6, ""kappa_a"": 0.68, ""kappa_b"": 0.48, ""n_per_group"": 200000.0}",0.85,0.6,0.68,0.48,200000,empirical_signed_gap,0.06127499999999997,synthetic,ALL,not_applicable,not_applicable
EXP-01,SYNTHETIC EXPERIMENT,1729,full,664a150484ed2af3,2149d67fc1a37171,"{""alpha_a"": 0.85, ""alpha_b"": 0.65, ""kappa_a"": 0.68, ""kappa_b"": 0.52, ""n_per_group"": 200000.0}",0.85,0.65,0.68,0.52,200000,empirical_signed_gap,0.046885000000000066,synthetic,ALL,not_applicable,not_applicable
EXP-01,SYNTHETIC EXPERIMENT,1729,full,664a150484ed2af3,ced565f3156e4445,"{""alpha_a"": 0.85, ""alpha_b"": 0.7, ""kappa_a"": 0.68, ""kappa_b"": 0.5599999999999999, ""n_per_group"": 200000.0}",0.85,0.7,0.68,0.5599999999999999,200000,empirical_signed_gap,0.03559500000000004,synthetic,ALL,not_applicable,not_applicable
EXP-01,SYNTHETIC EXPERIMENT,1729,full,664a150484ed2af3,c223f7771f5a85a4,"{""alpha_a"": 0.85, ""alpha_b"": 0.75, ""kappa_a"": 0.68, ""kappa_b"": 0.6000000000000001, ""n_per_group"": 200000.0}",0.85,0.75,0.68,0.6000000000000001,200000,empirical_signed_gap,0.02522000000000002,synthetic,ALL,not_applicable,not_applicable
EXP-01,SYNTHETIC EXPERIMENT,1729,full,664a150484ed2af3,77116d09b80a6189,"{""alpha_a"": 0.85, ""alpha_b"": 0.8, ""kappa_a"": 0.68, ""kappa_b"": 0.6400000000000001, ""n_per_group"": 200000.0}",0.85,0.8,0.68,0.6400000000000001,200000,empirical_signed_gap,0.011355000000000004,synthetic,ALL,not_applicable,not_applicable
EXP-01,SYNTHETIC EXPERIMENT,1729,full,664a150484ed2af3,7081b639f8a5a0cd,"{""alpha_a"": 0.85, ""alpha_b"": 0.85, ""kappa_a"": 0.68, ""kappa_b"": 0.68, ""n_per_group"": 200000.0}",0.85,0.85,0.68,0.68,200000,empirical_signed_gap,0.001595000000000013,synthetic,ALL,not_applicable,not_applicable
EXP-01,SYNTHETIC EXPERIMENT,1729,full,664a150484ed2af3,d3fd05953a9005bb,"{""alpha_a"": 0.85, ""alpha_b"": 0.9, ""kappa_a"": 0.68, ""kappa_b"": 0.7200000000000001, ""n_per_group"": 200000.0}",0.85,0.9,0.68,0.7200000000000001,200000,empirical_signed_gap,-0.011534999999999962,synthetic,ALL,not_applicable,not_applicable
EXP-01,SYNTHETIC EXPERIMENT,1729,full,664a150484ed2af3,30d64a54cd197906,"{""alpha_a"": 0.85, ""alpha_b"": 0.95, ""kappa_a"": 0.68, ""kappa_b"": 0.76, ""n_per_group"": 200000.0}",0.85,0.95,0.68,0.76,200000,empirical_signed_gap,-0.023824999999999985,synthetic,ALL,not_applicable,not_applicable
EXP-01,SYNTHETIC EXPERIMENT,1729,full,664a150484ed2af3,1ef620acc56e345b,"{""alpha_a"": 0.85, ""alpha_b"": 1.0, ""kappa_a"": 0.68, ""kappa_b"": 0.8, ""n_per_group"": 200000.0}",0.85,1.0,0.68,0.8,200000,empirical_signed_gap,-0.03469500000000003,synthetic,ALL,not_applicable,not_applicable
EXP-01,SYNTHETIC EXPERIMENT,1729,full,664a150484ed2af3,ab1f1dff446f9627,"{""alpha_a"": 0.9, ""alpha_b"": 0.0, ""kappa_a"": 0.7200000000000001, ""kappa_b"": 0.0, ""n_per_group"": 200000.0}",0.9,0.0,0.7200000000000001,0.0,200000,empirical_signed_gap,0.21445999999999998,synthetic,ALL,not_applicable,not_applicable
EXP-01,SYNTHETIC EXPERIMENT,1729,full,664a150484ed2af3,f8909135871d2e9f,"{""alpha_a"": 0.9, ""alpha_b"": 0.05, ""kappa_a"": 0.7200000000000001, ""kappa_b"": 0.04000000000000001, ""n_per_group"": 200000.0}",0.9,0.05,0.7200000000000001,0.04000000000000001,200000,empirical_signed_gap,0.20482499999999992,synthetic,ALL,not_applicable,not_applicable
EXP-01,SYNTHETIC EXPERIMENT,1729,full,664a150484ed2af3,eb1709a63184fd7e,"{""alpha_a"": 0.9, ""alpha_b"": 0.1, ""kappa_a"": 0.7200000000000001, ""kappa_b"": 0.08000000000000002, ""n_per_group"": 200000.0}",0.9,0.1,0.7200000000000001,0.08000000000000002,200000,empirical_signed_gap,0.19259000000000004,synthetic,ALL,not_applicable,not_applicable
EXP-01,SYNTHETIC EXPERIMENT,1729,full,664a150484ed2af3,d533a31aae3537b4,"{""alpha_a"": 0.9, ""alpha_b"": 0.15, ""kappa_a"": 0.7200000000000001, ""kappa_b"": 0.12, ""n_per_group"": 200000.0}",0.9,0.15,0.7200000000000001,0.12,200000,empirical_signed_gap,0.18239500000000008,synthetic,ALL,not_applicable,not_applicable
EXP-01,SYNTHETIC EXPERIMENT,1729,full,664a150484ed2af3,53a45e8cae2a157a,"{""alpha_a"": 0.9, ""alpha_b"": 0.2, ""kappa_a"": 0.7200000000000001, ""kappa_b"": 0.16000000000000003, ""n_per_group"": 200000.0}",0.9,0.2,0.7200000000000001,0.16000000000000003,200000,empirical_signed_gap,0.16488000000000003,synthetic,ALL,not_applicable,not_applicable
EXP-01,SYNTHETIC EXPERIMENT,1729,full,664a150484ed2af3,75918e91d47967ba,"{""alpha_a"": 0.9, ""alpha_b"": 0.25, ""kappa_a"": 0.7200000000000001, ""kappa_b"": 0.2, ""n_per_group"": 200000.0}",0.9,0.25,0.7200000000000001,0.2,200000,empirical_signed_gap,0.15483000000000002,synthetic,ALL,not_applicable,not_applicable
EXP-01,SYNTHETIC EXPERIMENT,1729,full,664a150484ed2af3,c0971c588524ff57,"{""alpha_a"": 0.9, ""alpha_b"": 0.3, ""kappa_a"": 0.7200000000000001, ""kappa_b"": 0.24, ""n_per_group"": 200000.0}",0.9,0.3,0.7200000000000001,0.24,200000,empirical_signed_gap,0.1446099999999999,synthetic,ALL,not_applicable,not_applicable
EXP-01,SYNTHETIC EXPERIMENT,1729,full,664a150484ed2af3,3cd13a28a5fda48d,"{""alpha_a"": 0.9, ""alpha_b"": 0.35, ""kappa_a"": 0.7200000000000001, ""kappa_b"": 0.27999999999999997, ""n_per_group"": 200000.0}",0.9,0.35,0.7200000000000001,0.27999999999999997,200000,empirical_signed_gap,0.13089499999999998,synthetic,ALL,not_applicable,not_applicable
EXP-01,SYNTHETIC EXPERIMENT,1729,full,664a150484ed2af3,dd85b0e934f15d7c,"{""alpha_a"": 0.9, ""alpha_b"": 0.4, ""kappa_a"": 0.7200000000000001, ""kappa_b"": 0.32000000000000006, ""n_per_group"": 200000.0}",0.9,0.4,0.7200000000000001,0.32000000000000006,200000,empirical_signed_gap,0.120305,synthetic,ALL,not_applicable,not_applicable
EXP-01,SYNTHETIC EXPERIMENT,1729,full,664a150484ed2af3,0b952c1ec6a147ae,"{""alpha_a"": 0.9, ""alpha_b"": 0.45, ""kappa_a"": 0.7200000000000001, ""kappa_b"": 0.36000000000000004, ""n_per_group"": 200000.0}",0.9,0.45,0.7200000000000001,0.36000000000000004,200000,empirical_signed_gap,0.10997000000000001,synthetic,ALL,not_applicable,not_applicable
EXP-01,SYNTHETIC EXPERIMENT,1729,full,664a150484ed2af3,54882e037f434319,"{""alpha_a"": 0.9, ""alpha_b"": 0.5, ""kappa_a"": 0.7200000000000001, ""kappa_b"": 0.4, ""n_per_group"": 200000.0}",0.9,0.5,0.7200000000000001,0.4,200000,empirical_signed_gap,0.09637499999999999,synthetic,ALL,not_applicable,not_applicable
EXP-01,SYNTHETIC EXPERIMENT,1729,full,664a150484ed2af3,948cf8fc38ae3d9d,"{""alpha_a"": 0.9, ""alpha_b"": 0.55, ""kappa_a"": 0.7200000000000001, ""kappa_b"": 0.44000000000000006, ""n_per_group"": 200000.0}",0.9,0.55,0.7200000000000001,0.44000000000000006,200000,empirical_signed_gap,0.08363999999999994,synthetic,ALL,not_applicable,not_applicable
EXP-01,SYNTHETIC EXPERIMENT,1729,full,664a150484ed2af3,40275bd2cc1519fd,"{""alpha_a"": 0.9, ""alpha_b"": 0.6, ""kappa_a"": 0.7200000000000001, ""kappa_b"": 0.48, ""n_per_group"": 200000.0}",0.9,0.6,0.7200000000000001,0.48,200000,empirical_signed_gap,0.07458500000000001,synthetic,ALL,not_applicable,not_applicable
EXP-01,SYNTHETIC EXPERIMENT,1729,full,664a150484ed2af3,5378e279713aaddc,"{""alpha_a"": 0.9, ""alpha_b"": 0.65, ""kappa_a"": 0.7200000000000001, ""kappa_b"": 0.52, ""n_per_group"": 200000.0}",0.9,0.65,0.7200000000000001,0.52,200000,empirical_signed_gap,0.06124000000000007,synthetic,ALL,not_applicable,not_applicable
EXP-01,SYNTHETIC EXPERIMENT,1729,full,664a150484ed2af3,8c7fa91d5dca1824,"{""alpha_a"": 0.9, ""alpha_b"": 0.7, ""kappa_a"": 0.7200000000000001, ""kappa_b"": 0.5599999999999999, ""n_per_group"": 200000.0}",0.9,0.7,0.7200000000000001,0.5599999999999999,200000,empirical_signed_gap,0.046520000000000006,synthetic,ALL,not_applicable,not_applicable
EXP-01,SYNTHETIC EXPERIMENT,1729,full,664a150484ed2af3,3bab2ab0f8f8a95d,"{""alpha_a"": 0.9, ""alpha_b"": 0.75, ""kappa_a"": 0.7200000000000001, ""kappa_b"": 0.6000000000000001, ""n_per_group"": 200000.0}",0.9,0.75,0.7200000000000001,0.6000000000000001,200000,empirical_signed_gap,0.035700000000000065,synthetic,ALL,not_applicable,not_applicable
EXP-01,SYNTHETIC EXPERIMENT,1729,full,664a150484ed2af3,3daa5281577cd02a,"{""alpha_a"": 0.9, ""alpha_b"": 0.8, ""kappa_a"": 0.7200000000000001, ""kappa_b"": 0.6400000000000001, ""n_per_group"": 200000.0}",0.9,0.8,0.7200000000000001,0.6400000000000001,200000,empirical_signed_gap,0.023330000000000073,synthetic,ALL,not_applicable,not_applicable
EXP-01,SYNTHETIC EXPERIMENT,1729,full,664a150484ed2af3,b2b00c3251d6757d,"{""alpha_a"": 0.9, ""alpha_b"": 0.85, ""kappa_a"": 0.7200000000000001, ""kappa_b"": 0.68, ""n_per_group"": 200000.0}",0.9,0.85,0.7200000000000001,0.68,200000,empirical_signed_gap,0.01202000000000003,synthetic,ALL,not_applicable,not_applicable
EXP-01,SYNTHETIC EXPERIMENT,1729,full,664a150484ed2af3,6291f556f7b17059,"{""alpha_a"": 0.9, ""alpha_b"": 0.9, ""kappa_a"": 0.7200000000000001, ""kappa_b"": 0.7200000000000001, ""n_per_group"": 200000.0}",0.9,0.9,0.7200000000000001,0.7200000000000001,200000,empirical_signed_gap,0.0009700000000000264,synthetic,ALL,not_applicable,not_applicable
EXP-01,SYNTHETIC EXPERIMENT,1729,full,664a150484ed2af3,11168fee5bf988f4,"{""alpha_a"": 0.9, ""alpha_b"": 0.95, ""kappa_a"": 0.7200000000000001, ""kappa_b"": 0.76, ""n_per_group"": 200000.0}",0.9,0.95,0.7200000000000001,0.76,200000,empirical_signed_gap,-0.01116499999999998,synthetic,ALL,not_applicable,not_applicable
EXP-01,SYNTHETIC EXPERIMENT,1729,full,664a150484ed2af3,b274530cc3910995,"{""alpha_a"": 0.9, ""alpha_b"": 1.0, ""kappa_a"": 0.7200000000000001, ""kappa_b"": 0.8, ""n_per_group"": 200000.0}",0.9,1.0,0.7200000000000001,0.8,200000,empirical_signed_gap,-0.023944999999999994,synthetic,ALL,not_applicable,not_applicable
EXP-01,SYNTHETIC EXPERIMENT,1729,full,664a150484ed2af3,5633c9ce84ae305e,"{""alpha_a"": 0.95, ""alpha_b"": 0.0, ""kappa_a"": 0.76, ""kappa_b"": 0.0, ""n_per_group"": 200000.0}",0.95,0.0,0.76,0.0,200000,empirical_signed_gap,0.22955500000000006,synthetic,ALL,not_applicable,not_applicable
EXP-01,SYNTHETIC EXPERIMENT,1729,full,664a150484ed2af3,87d9eae7355be919,"{""alpha_a"": 0.95, ""alpha_b"": 0.05, ""kappa_a"": 0.76, ""kappa_b"": 0.04000000000000001, ""n_per_group"": 200000.0}",0.95,0.05,0.76,0.04000000000000001,200000,empirical_signed_gap,0.216225,synthetic,ALL,not_applicable,not_applicable
EXP-01,SYNTHETIC EXPERIMENT,1729,full,664a150484ed2af3,14a47a958260d942,"{""alpha_a"": 0.95, ""alpha_b"": 0.1, ""kappa_a"": 0.76, ""kappa_b"": 0.08000000000000002, ""n_per_group"": 200000.0}",0.95,0.1,0.76,0.08000000000000002,200000,empirical_signed_gap,0.202855,synthetic,ALL,not_applicable,not_applicable
EXP-01,SYNTHETIC EXPERIMENT,1729,full,664a150484ed2af3,b156e709015040b8,"{""alpha_a"": 0.95, ""alpha_b"": 0.15, ""kappa_a"": 0.76, ""kappa_b"": 0.12, ""n_per_group"": 200000.0}",0.95,0.15,0.76,0.12,200000,empirical_signed_gap,0.191905,synthetic,ALL,not_applicable,not_applicable
EXP-01,SYNTHETIC EXPERIMENT,1729,full,664a150484ed2af3,cc2dec4fa21443ee,"{""alpha_a"": 0.95, ""alpha_b"": 0.2, ""kappa_a"": 0.76, ""kappa_b"": 0.16000000000000003, ""n_per_group"": 200000.0}",0.95,0.2,0.76,0.16000000000000003,200000,empirical_signed_gap,0.18128,synthetic,ALL,not_applicable,not_applicable
EXP-01,SYNTHETIC EXPERIMENT,1729,full,664a150484ed2af3,8ff05077826224c4,"{""alpha_a"": 0.95, ""alpha_b"": 0.25, ""kappa_a"": 0.76, ""kappa_b"": 0.2, ""n_per_group"": 200000.0}",0.95,0.25,0.76,0.2,200000,empirical_signed_gap,0.167755,synthetic,ALL,not_applicable,not_applicable
EXP-01,SYNTHETIC EXPERIMENT,1729,full,664a150484ed2af3,2dd6d771e826206c,"{""alpha_a"": 0.95, ""alpha_b"": 0.3, ""kappa_a"": 0.76, ""kappa_b"": 0.24, ""n_per_group"": 200000.0}",0.95,0.3,0.76,0.24,200000,empirical_signed_gap,0.15671500000000005,synthetic,ALL,not_applicable,not_applicable
EXP-01,SYNTHETIC EXPERIMENT,1729,full,664a150484ed2af3,ce77a76dc99a21ea,"{""alpha_a"": 0.95, ""alpha_b"": 0.35, ""kappa_a"": 0.76, ""kappa_b"": 0.27999999999999997, ""n_per_group"": 200000.0}",0.95,0.35,0.76,0.27999999999999997,200000,empirical_signed_gap,0.14505500000000005,synthetic,ALL,not_applicable,not_applicable
EXP-01,SYNTHETIC EXPERIMENT,1729,full,664a150484ed2af3,52da6160cf2de3c4,"{""alpha_a"": 0.95, ""alpha_b"": 0.4, ""kappa_a"": 0.76, ""kappa_b"": 0.32000000000000006, ""n_per_group"": 200000.0}",0.95,0.4,0.76,0.32000000000000006,200000,empirical_signed_gap,0.131355,synthetic,ALL,not_applicable,not_applicable
EXP-01,SYNTHETIC EXPERIMENT,1729,full,664a150484ed2af3,ee2d4704f4ff1cd7,"{""alpha_a"": 0.95, ""alpha_b"": 0.45, ""kappa_a"": 0.76, ""kappa_b"": 0.36000000000000004, ""n_per_group"": 200000.0}",0.95,0.45,0.76,0.36000000000000004,200000,empirical_signed_gap,0.12000999999999995,synthetic,ALL,not_applicable,not_applicable
EXP-01,SYNTHETIC EXPERIMENT,1729,full,664a150484ed2af3,7b51dc8a6ce67673,"{""alpha_a"": 0.95, ""alpha_b"": 0.5, ""kappa_a"": 0.76, ""kappa_b"": 0.4, ""n_per_group"": 200000.0}",0.95,0.5,0.76,0.4,200000,empirical_signed_gap,0.10658500000000004,synthetic,ALL,not_applicable,not_applicable
EXP-01,SYNTHETIC EXPERIMENT,1729,full,664a150484ed2af3,343cce933bb0a64e,"{""alpha_a"": 0.95, ""alpha_b"": 0.55, ""kappa_a"": 0.76, ""kappa_b"": 0.44000000000000006, ""n_per_group"": 200000.0}",0.95,0.55,0.76,0.44000000000000006,200000,empirical_signed_gap,0.09545999999999999,synthetic,ALL,not_applicable,not_applicable
EXP-01,SYNTHETIC EXPERIMENT,1729,full,664a150484ed2af3,658610aeb2a013a1,"{""alpha_a"": 0.95, ""alpha_b"": 0.6, ""kappa_a"": 0.76, ""kappa_b"": 0.48, ""n_per_group"": 200000.0}",0.95,0.6,0.76,0.48,200000,empirical_signed_gap,0.08408000000000004,synthetic,ALL,not_applicable,not_applicable
EXP-01,SYNTHETIC EXPERIMENT,1729,full,664a150484ed2af3,951bda2798672300,"{""alpha_a"": 0.95, ""alpha_b"": 0.65, ""kappa_a"": 0.76, ""kappa_b"": 0.52, ""n_per_group"": 200000.0}",0.95,0.65,0.76,0.52,200000,empirical_signed_gap,0.07330999999999999,synthetic,ALL,not_applicable,not_applicable
EXP-01,SYNTHETIC EXPERIMENT,1729,full,664a150484ed2af3,11b8343c419f08cb,"{""alpha_a"": 0.95, ""alpha_b"": 0.7, ""kappa_a"": 0.76, ""kappa_b"": 0.5599999999999999, ""n_per_group"": 200000.0}",0.95,0.7,0.76,0.5599999999999999,200000,empirical_signed_gap,0.05969000000000002,synthetic,ALL,not_applicable,not_applicable
EXP-01,SYNTHETIC EXPERIMENT,1729,full,664a150484ed2af3,2dc2c06025d58f87,"{""alpha_a"": 0.95, ""alpha_b"": 0.75, ""kappa_a"": 0.76, ""kappa_b"": 0.6000000000000001, ""n_per_group"": 200000.0}",0.95,0.75,0.76,0.6000000000000001,200000,empirical_signed_gap,0.046679999999999944,synthetic,ALL,not_applicable,not_applicable
EXP-01,SYNTHETIC EXPERIMENT,1729,full,664a150484ed2af3,29e3d6f7e7ccee2c,"{""alpha_a"": 0.95, ""alpha_b"": 0.8, ""kappa_a"": 0.76, ""kappa_b"": 0.6400000000000001, ""n_per_group"": 200000.0}",0.95,0.8,0.76,0.6400000000000001,200000,empirical_signed_gap,0.03703500000000004,synthetic,ALL,not_applicable,not_applicable
EXP-01,SYNTHETIC EXPERIMENT,1729,full,664a150484ed2af3,1f172d7a007e431d,"{""alpha_a"": 0.95, ""alpha_b"": 0.85, ""kappa_a"": 0.76, ""kappa_b"": 0.68, ""n_per_group"": 200000.0}",0.95,0.85,0.76,0.68,200000,empirical_signed_gap,0.02438000000000007,synthetic,ALL,not_applicable,not_applicable
EXP-01,SYNTHETIC EXPERIMENT,1729,full,664a150484ed2af3,1039b38374920886,"{""alpha_a"": 0.95, ""alpha_b"": 0.9, ""kappa_a"": 0.76, ""kappa_b"": 0.7200000000000001, ""n_per_group"": 200000.0}",0.95,0.9,0.76,0.7200000000000001,200000,empirical_signed_gap,0.011795,synthetic,ALL,not_applicable,not_applicable
EXP-01,SYNTHETIC EXPERIMENT,1729,full,664a150484ed2af3,35e289ecf7055aad,"{""alpha_a"": 0.95, ""alpha_b"": 0.95, ""kappa_a"": 0.76, ""kappa_b"": 0.76, ""n_per_group"": 200000.0}",0.95,0.95,0.76,0.76,200000,empirical_signed_gap,0.0018299999999999983,synthetic,ALL,not_applicable,not_applicable
EXP-01,SYNTHETIC EXPERIMENT,1729,full,664a150484ed2af3,7714a258a40341b3,"{""alpha_a"": 0.95, ""alpha_b"": 1.0, ""kappa_a"": 0.76, ""kappa_b"": 0.8, ""n_per_group"": 200000.0}",0.95,1.0,0.76,0.8,200000,empirical_signed_gap,-0.012270000000000003,synthetic,ALL,not_applicable,not_applicable
EXP-01,SYNTHETIC EXPERIMENT,1729,full,664a150484ed2af3,66d972889c47415f,"{""alpha_a"": 1.0, ""alpha_b"": 0.0, ""kappa_a"": 0.8, ""kappa_b"": 0.0, ""n_per_group"": 200000.0}",1.0,0.0,0.8,0.0,200000,empirical_signed_gap,0.23984499999999997,synthetic,ALL,not_applicable,not_applicable
EXP-01,SYNTHETIC EXPERIMENT,1729,full,664a150484ed2af3,a79c80755cbc8c27,"{""alpha_a"": 1.0, ""alpha_b"": 0.05, ""kappa_a"": 0.8, ""kappa_b"": 0.04000000000000001, ""n_per_group"": 200000.0}",1.0,0.05,0.8,0.04000000000000001,200000,empirical_signed_gap,0.2276149999999999,synthetic,ALL,not_applicable,not_applicable
EXP-01,SYNTHETIC EXPERIMENT,1729,full,664a150484ed2af3,a49454091edc07ae,"{""alpha_a"": 1.0, ""alpha_b"": 0.1, ""kappa_a"": 0.8, ""kappa_b"": 0.08000000000000002, ""n_per_group"": 200000.0}",1.0,0.1,0.8,0.08000000000000002,200000,empirical_signed_gap,0.215125,synthetic,ALL,not_applicable,not_applicable
EXP-01,SYNTHETIC EXPERIMENT,1729,full,664a150484ed2af3,cc481bb19a6b0b5a,"{""alpha_a"": 1.0, ""alpha_b"": 0.15, ""kappa_a"": 0.8, ""kappa_b"": 0.12, ""n_per_group"": 200000.0}",1.0,0.15,0.8,0.12,200000,empirical_signed_gap,0.20380500000000001,synthetic,ALL,not_applicable,not_applicable
EXP-01,SYNTHETIC EXPERIMENT,1729,full,664a150484ed2af3,fc813012b4b7092e,"{""alpha_a"": 1.0, ""alpha_b"": 0.2, ""kappa_a"": 0.8, ""kappa_b"": 0.16000000000000003, ""n_per_group"": 200000.0}",1.0,0.2,0.8,0.16000000000000003,200000,empirical_signed_gap,0.191585,synthetic,ALL,not_applicable,not_applicable
EXP-01,SYNTHETIC EXPERIMENT,1729,full,664a150484ed2af3,80e9c6fbe0f19991,"{""alpha_a"": 1.0, ""alpha_b"": 0.25, ""kappa_a"": 0.8, ""kappa_b"": 0.2, ""n_per_group"": 200000.0}",1.0,0.25,0.8,0.2,200000,empirical_signed_gap,0.18120000000000003,synthetic,ALL,not_applicable,not_applicable
EXP-01,SYNTHETIC EXPERIMENT,1729,full,664a150484ed2af3,52aa40ec77179569,"{""alpha_a"": 1.0, ""alpha_b"": 0.3, ""kappa_a"": 0.8, ""kappa_b"": 0.24, ""n_per_group"": 200000.0}",1.0,0.3,0.8,0.24,200000,empirical_signed_gap,0.16762,synthetic,ALL,not_applicable,not_applicable
EXP-01,SYNTHETIC EXPERIMENT,1729,full,664a150484ed2af3,0d10be1ecbb2d950,"{""alpha_a"": 1.0, ""alpha_b"": 0.35, ""kappa_a"": 0.8, ""kappa_b"": 0.27999999999999997, ""n_per_group"": 200000.0}",1.0,0.35,0.8,0.27999999999999997,200000,empirical_signed_gap,0.15483999999999998,synthetic,ALL,not_applicable,not_applicable
EXP-01,SYNTHETIC EXPERIMENT,1729,full,664a150484ed2af3,8c1caf3d867f4d4f,"{""alpha_a"": 1.0, ""alpha_b"": 0.4, ""kappa_a"": 0.8, ""kappa_b"": 0.32000000000000006, ""n_per_group"": 200000.0}",1.0,0.4,0.8,0.32000000000000006,200000,empirical_signed_gap,0.14338499999999998,synthetic,ALL,not_applicable,not_applicable
EXP-01,SYNTHETIC EXPERIMENT,1729,full,664a150484ed2af3,e94e5c7b51f82ad1,"{""alpha_a"": 1.0, ""alpha_b"": 0.45, ""kappa_a"": 0.8, ""kappa_b"": 0.36000000000000004, ""n_per_group"": 200000.0}",1.0,0.45,0.8,0.36000000000000004,200000,empirical_signed_gap,0.13067000000000006,synthetic,ALL,not_applicable,not_applicable
EXP-01,SYNTHETIC EXPERIMENT,1729,full,664a150484ed2af3,b85d6f9bfbdb7274,"{""alpha_a"": 1.0, ""alpha_b"": 0.5, ""kappa_a"": 0.8, ""kappa_b"": 0.4, ""n_per_group"": 200000.0}",1.0,0.5,0.8,0.4,200000,empirical_signed_gap,0.12056500000000003,synthetic,ALL,not_applicable,not_applicable
EXP-01,SYNTHETIC EXPERIMENT,1729,full,664a150484ed2af3,87186b121909ae7d,"{""alpha_a"": 1.0, ""alpha_b"": 0.55, ""kappa_a"": 0.8, ""kappa_b"": 0.44000000000000006, ""n_per_group"": 200000.0}",1.0,0.55,0.8,0.44000000000000006,200000,empirical_signed_gap,0.10812,synthetic,ALL,not_applicable,not_applicable
EXP-01,SYNTHETIC EXPERIMENT,1729,full,664a150484ed2af3,6d7f419530a493fb,"{""alpha_a"": 1.0, ""alpha_b"": 0.6, ""kappa_a"": 0.8, ""kappa_b"": 0.48, ""n_per_group"": 200000.0}",1.0,0.6,0.8,0.48,200000,empirical_signed_gap,0.09554999999999991,synthetic,ALL,not_applicable,not_applicable
EXP-01,SYNTHETIC EXPERIMENT,1729,full,664a150484ed2af3,aa98dcb952c92d8b,"{""alpha_a"": 1.0, ""alpha_b"": 0.65, ""kappa_a"": 0.8, ""kappa_b"": 0.52, ""n_per_group"": 200000.0}",1.0,0.65,0.8,0.52,200000,empirical_signed_gap,0.08232000000000006,synthetic,ALL,not_applicable,not_applicable
EXP-01,SYNTHETIC EXPERIMENT,1729,full,664a150484ed2af3,dfadfc5954bc9544,"{""alpha_a"": 1.0, ""alpha_b"": 0.7, ""kappa_a"": 0.8, ""kappa_b"": 0.5599999999999999, ""n_per_group"": 200000.0}",1.0,0.7,0.8,0.5599999999999999,200000,empirical_signed_gap,0.07201999999999997,synthetic,ALL,not_applicable,not_applicable
EXP-01,SYNTHETIC EXPERIMENT,1729,full,664a150484ed2af3,ab199ab5679d0861,"{""alpha_a"": 1.0, ""alpha_b"": 0.75, ""kappa_a"": 0.8, ""kappa_b"": 0.6000000000000001, ""n_per_group"": 200000.0}",1.0,0.75,0.8,0.6000000000000001,200000,empirical_signed_gap,0.060614999999999974,synthetic,ALL,not_applicable,not_applicable
EXP-01,SYNTHETIC EXPERIMENT,1729,full,664a150484ed2af3,5973fabcadefed44,"{""alpha_a"": 1.0, ""alpha_b"": 0.8, ""kappa_a"": 0.8, ""kappa_b"": 0.6400000000000001, ""n_per_group"": 200000.0}",1.0,0.8,0.8,0.6400000000000001,200000,empirical_signed_gap,0.04784999999999995,synthetic,ALL,not_applicable,not_applicable
EXP-01,SYNTHETIC EXPERIMENT,1729,full,664a150484ed2af3,1af21e3107bce179,"{""alpha_a"": 1.0, ""alpha_b"": 0.85, ""kappa_a"": 0.8, ""kappa_b"": 0.68, ""n_per_group"": 200000.0}",1.0,0.85,0.8,0.68,200000,empirical_signed_gap,0.035929999999999906,synthetic,ALL,not_applicable,not_applicable
EXP-01,SYNTHETIC EXPERIMENT,1729,full,664a150484ed2af3,5ff3a7d612399c5f,"{""alpha_a"": 1.0, ""alpha_b"": 0.9, ""kappa_a"": 0.8, ""kappa_b"": 0.7200000000000001, ""n_per_group"": 200000.0}",1.0,0.9,0.8,0.7200000000000001,200000,empirical_signed_gap,0.025414999999999965,synthetic,ALL,not_applicable,not_applicable
EXP-01,SYNTHETIC EXPERIMENT,1729,full,664a150484ed2af3,0099810ce775e549,"{""alpha_a"": 1.0, ""alpha_b"": 0.95, ""kappa_a"": 0.8, ""kappa_b"": 0.76, ""n_per_group"": 200000.0}",1.0,0.95,0.8,0.76,200000,empirical_signed_gap,0.01224499999999995,synthetic,ALL,not_applicable,not_applicable
EXP-01,SYNTHETIC EXPERIMENT,1729,full,664a150484ed2af3,2450bd4c8c541d36,"{""alpha_a"": 1.0, ""alpha_b"": 1.0, ""kappa_a"": 0.8, ""kappa_b"": 0.8, ""n_per_group"": 200000.0}",1.0,1.0,0.8,0.8,200000,empirical_signed_gap,-0.0011149999999999771,synthetic,ALL,not_applicable,not_applicable
EXP-01,SYNTHETIC EXPERIMENT,1729,full,664a150484ed2af3,d677c370f64041a5,"{""alpha_a"": 0.0, ""alpha_b"": 0.0, ""kappa_a"": 0.0, ""kappa_b"": 0.0, ""n_per_group"": 200000.0}",0.0,0.0,0.0,0.0,200000,absolute_error,0.00012999999999996348,synthetic,ALL,not_applicable,not_applicable
EXP-01,SYNTHETIC EXPERIMENT,1729,full,664a150484ed2af3,ee15a83f63fdf3a4,"{""alpha_a"": 0.0, ""alpha_b"": 0.05, ""kappa_a"": 0.0, ""kappa_b"": 0.04000000000000001, ""n_per_group"": 200000.0}",0.0,0.05,0.0,0.04000000000000001,200000,absolute_error,0.0010850000000000096,synthetic,ALL,not_applicable,not_applicable
EXP-01,SYNTHETIC EXPERIMENT,1729,full,664a150484ed2af3,9f213ad987e10721,"{""alpha_a"": 0.0, ""alpha_b"": 0.1, ""kappa_a"": 0.0, ""kappa_b"": 0.08000000000000002, ""n_per_group"": 200000.0}",0.0,0.1,0.0,0.08000000000000002,200000,absolute_error,7.500000000003337e-05,synthetic,ALL,not_applicable,not_applicable
EXP-01,SYNTHETIC EXPERIMENT,1729,full,664a150484ed2af3,a50ea05cc3632546,"{""alpha_a"": 0.0, ""alpha_b"": 0.15, ""kappa_a"": 0.0, ""kappa_b"": 0.12, ""n_per_group"": 200000.0}",0.0,0.15,0.0,0.12,200000,absolute_error,0.0006050000000000499,synthetic,ALL,not_applicable,not_applicable
EXP-01,SYNTHETIC EXPERIMENT,1729,full,664a150484ed2af3,cb7d140ab1af89e3,"{""alpha_a"": 0.0, ""alpha_b"": 0.2, ""kappa_a"": 0.0, ""kappa_b"": 0.16000000000000003, ""n_per_group"": 200000.0}",0.0,0.2,0.0,0.16000000000000003,200000,absolute_error,0.0012700000000000211,synthetic,ALL,not_applicable,not_applicable
EXP-01,SYNTHETIC EXPERIMENT,1729,full,664a150484ed2af3,07a82f8c8509babe,"{""alpha_a"": 0.0, ""alpha_b"": 0.25, ""kappa_a"": 0.0, ""kappa_b"": 0.2, ""n_per_group"": 200000.0}",0.0,0.25,0.0,0.2,200000,absolute_error,0.00014499999999999236,synthetic,ALL,not_applicable,not_applicable
EXP-01,SYNTHETIC EXPERIMENT,1729,full,664a150484ed2af3,c7201cceb6eba04e,"{""alpha_a"": 0.0, ""alpha_b"": 0.3, ""kappa_a"": 0.0, ""kappa_b"": 0.24, ""n_per_group"": 200000.0}",0.0,0.3,0.0,0.24,200000,absolute_error,0.002625000000000044,synthetic,ALL,not_applicable,not_applicable
EXP-01,SYNTHETIC EXPERIMENT,1729,full,664a150484ed2af3,2d0c1d2bc4d99071,"{""alpha_a"": 0.0, ""alpha_b"": 0.35, ""kappa_a"": 0.0, ""kappa_b"": 0.27999999999999997, ""n_per_group"": 200000.0}",0.0,0.35,0.0,0.27999999999999997,200000,absolute_error,0.0006950000000000706,synthetic,ALL,not_applicable,not_applicable
EXP-01,SYNTHETIC EXPERIMENT,1729,full,664a150484ed2af3,94e82436bcbea66c,"{""alpha_a"": 0.0, ""alpha_b"": 0.4, ""kappa_a"": 0.0, ""kappa_b"": 0.32000000000000006, ""n_per_group"": 200000.0}",0.0,0.4,0.0,0.32000000000000006,200000,absolute_error,0.0012149999999999106,synthetic,ALL,not_applicable,not_applicable
EXP-01,SYNTHETIC EXPERIMENT,1729,full,664a150484ed2af3,7a738e25c58974de,"{""alpha_a"": 0.0, ""alpha_b"": 0.45, ""kappa_a"": 0.0, ""kappa_b"": 0.36000000000000004, ""n_per_group"": 200000.0}",0.0,0.45,0.0,0.36000000000000004,200000,absolute_error,0.0004699999999999288,synthetic,ALL,not_applicable,not_applicable
EXP-01,SYNTHETIC EXPERIMENT,1729,full,664a150484ed2af3,9be7822385526acd,"{""alpha_a"": 0.0, ""alpha_b"": 0.5, ""kappa_a"": 0.0, ""kappa_b"": 0.4, ""n_per_group"": 200000.0}",0.0,0.5,0.0,0.4,200000,absolute_error,0.0012950000000000739,synthetic,ALL,not_applicable,not_applicable
EXP-01,SYNTHETIC EXPERIMENT,1729,full,664a150484ed2af3,d187a1a86360d4a1,"{""alpha_a"": 0.0, ""alpha_b"": 0.55, ""kappa_a"": 0.0, ""kappa_b"": 0.44000000000000006, ""n_per_group"": 200000.0}",0.0,0.55,0.0,0.44000000000000006,200000,absolute_error,0.001459999999999989,synthetic,ALL,not_applicable,not_applicable
EXP-01,SYNTHETIC EXPERIMENT,1729,full,664a150484ed2af3,f099a38496da6d21,"{""alpha_a"": 0.0, ""alpha_b"": 0.6, ""kappa_a"": 0.0, ""kappa_b"": 0.48, ""n_per_group"": 200000.0}",0.0,0.6,0.0,0.48,200000,absolute_error,0.0013699999999999823,synthetic,ALL,not_applicable,not_applicable
EXP-01,SYNTHETIC EXPERIMENT,1729,full,664a150484ed2af3,6425c81b89dd6306,"{""alpha_a"": 0.0, ""alpha_b"": 0.65, ""kappa_a"": 0.0, ""kappa_b"": 0.52, ""n_per_group"": 200000.0}",0.0,0.65,0.0,0.52,200000,absolute_error,0.0002049999999998997,synthetic,ALL,not_applicable,not_applicable
EXP-01,SYNTHETIC EXPERIMENT,1729,full,664a150484ed2af3,c187d229ad634965,"{""alpha_a"": 0.0, ""alpha_b"": 0.7, ""kappa_a"": 0.0, ""kappa_b"": 0.5599999999999999, ""n_per_group"": 200000.0}",0.0,0.7,0.0,0.5599999999999999,200000,absolute_error,0.0014200000000000046,synthetic,ALL,not_applicable,not_applicable
EXP-01,SYNTHETIC EXPERIMENT,1729,full,664a150484ed2af3,26c153d1fce459b2,"{""alpha_a"": 0.0, ""alpha_b"": 0.75, ""kappa_a"": 0.0, ""kappa_b"": 0.6000000000000001, ""n_per_group"": 200000.0}",0.0,0.75,0.0,0.6000000000000001,200000,absolute_error,0.0017450000000001076,synthetic,ALL,not_applicable,not_applicable
EXP-01,SYNTHETIC EXPERIMENT,1729,full,664a150484ed2af3,82cd72741378faa9,"{""alpha_a"": 0.0, ""alpha_b"": 0.8, ""kappa_a"": 0.0, ""kappa_b"": 0.6400000000000001, ""n_per_group"": 200000.0}",0.0,0.8,0.0,0.6400000000000001,200000,absolute_error,0.000360000000000138,synthetic,ALL,not_applicable,not_applicable
EXP-01,SYNTHETIC EXPERIMENT,1729,full,664a150484ed2af3,53b00f6023d4c902,"{""alpha_a"": 0.0, ""alpha_b"": 0.85, ""kappa_a"": 0.0, ""kappa_b"": 0.68, ""n_per_group"": 200000.0}",0.0,0.85,0.0,0.68,200000,absolute_error,0.00021000000000001573,synthetic,ALL,not_applicable,not_applicable
EXP-01,SYNTHETIC EXPERIMENT,1729,full,664a150484ed2af3,a3219e109d91ed33,"{""alpha_a"": 0.0, ""alpha_b"": 0.9, ""kappa_a"": 0.0, ""kappa_b"": 0.7200000000000001, ""n_per_group"": 200000.0}",0.0,0.9,0.0,0.7200000000000001,200000,absolute_error,0.0011650000000000549,synthetic,ALL,not_applicable,not_applicable
EXP-01,SYNTHETIC EXPERIMENT,1729,full,664a150484ed2af3,f19beb43b18b3e3a,"{""alpha_a"": 0.0, ""alpha_b"": 0.95, ""kappa_a"": 0.0, ""kappa_b"": 0.76, ""n_per_group"": 200000.0}",0.0,0.95,0.0,0.76,200000,absolute_error,0.0005450000000000732,synthetic,ALL,not_applicable,not_applicable
EXP-01,SYNTHETIC EXPERIMENT,1729,full,664a150484ed2af3,e9c1bbf887ad5156,"{""alpha_a"": 0.0, ""alpha_b"": 1.0, ""kappa_a"": 0.0, ""kappa_b"": 0.8, ""n_per_group"": 200000.0}",0.0,1.0,0.0,0.8,200000,absolute_error,0.00026999999999993696,synthetic,ALL,not_applicable,not_applicable
EXP-01,SYNTHETIC EXPERIMENT,1729,full,664a150484ed2af3,517bf43b25015681,"{""alpha_a"": 0.05, ""alpha_b"": 0.0, ""kappa_a"": 0.04000000000000001, ""kappa_b"": 0.0, ""n_per_group"": 200000.0}",0.05,0.0,0.04000000000000001,0.0,200000,absolute_error,0.0003800000000000539,synthetic,ALL,not_applicable,not_applicable
EXP-01,SYNTHETIC EXPERIMENT,1729,full,664a150484ed2af3,928165d19889b44d,"{""alpha_a"": 0.05, ""alpha_b"": 0.05, ""kappa_a"": 0.04000000000000001, ""kappa_b"": 0.04000000000000001, ""n_per_group"": 200000.0}",0.05,0.05,0.04000000000000001,0.04000000000000001,200000,absolute_error,0.00024000000000001798,synthetic,ALL,not_applicable,not_applicable
EXP-01,SYNTHETIC EXPERIMENT,1729,full,664a150484ed2af3,4dcbefe78bb965fa,"{""alpha_a"": 0.05, ""alpha_b"": 0.1, ""kappa_a"": 0.04000000000000001, ""kappa_b"": 0.08000000000000002, ""n_per_group"": 200000.0}",0.05,0.1,0.04000000000000001,0.08000000000000002,200000,absolute_error,5.9999999999942044e-05,synthetic,ALL,not_applicable,not_applicable
EXP-01,SYNTHETIC EXPERIMENT,1729,full,664a150484ed2af3,3d8bba13e37d12a2,"{""alpha_a"": 0.05, ""alpha_b"": 0.15, ""kappa_a"": 0.04000000000000001, ""kappa_b"": 0.12, ""n_per_group"": 200000.0}",0.05,0.15,0.04000000000000001,0.12,200000,absolute_error,1.9999999999999185e-05,synthetic,ALL,not_applicable,not_applicable
EXP-01,SYNTHETIC EXPERIMENT,1729,full,664a150484ed2af3,248cb25828144e14,"{""alpha_a"": 0.05, ""alpha_b"": 0.2, ""kappa_a"": 0.04000000000000001, ""kappa_b"": 0.16000000000000003, ""n_per_group"": 200000.0}",0.05,0.2,0.04000000000000001,0.16000000000000003,200000,absolute_error,0.0018249999999999864,synthetic,ALL,not_applicable,not_applicable
EXP-01,SYNTHETIC EXPERIMENT,1729,full,664a150484ed2af3,bf8a90fef670b5c1,"{""alpha_a"": 0.05, ""alpha_b"": 0.25, ""kappa_a"": 0.04000000000000001, ""kappa_b"": 0.2, ""n_per_group"": 200000.0}",0.05,0.25,0.04000000000000001,0.2,200000,absolute_error,0.0006550000000000375,synthetic,ALL,not_applicable,not_applicable
EXP-01,SYNTHETIC EXPERIMENT,1729,full,664a150484ed2af3,b4c4a034cc6a3477,"{""alpha_a"": 0.05, ""alpha_b"": 0.3, ""kappa_a"": 0.04000000000000001, ""kappa_b"": 0.24, ""n_per_group"": 200000.0}",0.05,0.3,0.04000000000000001,0.24,200000,absolute_error,0.0026949999999999405,synthetic,ALL,not_applicable,not_applicable
EXP-01,SYNTHETIC EXPERIMENT,1729,full,664a150484ed2af3,515389475eead2e0,"{""alpha_a"": 0.05, ""alpha_b"": 0.35, ""kappa_a"": 0.04000000000000001, ""kappa_b"": 0.27999999999999997, ""n_per_group"": 200000.0}",0.05,0.35,0.04000000000000001,0.27999999999999997,200000,absolute_error,0.0007550000000000195,synthetic,ALL,not_applicable,not_applicable
EXP-01,SYNTHETIC EXPERIMENT,1729,full,664a150484ed2af3,4e99ed3934b7d2fb,"{""alpha_a"": 0.05, ""alpha_b"": 0.4, ""kappa_a"": 0.04000000000000001, ""kappa_b"": 0.32000000000000006, ""n_per_group"": 200000.0}",0.05,0.4,0.04000000000000001,0.32000000000000006,200000,absolute_error,0.0008199999999999874,synthetic,ALL,not_applicable,not_applicable
EXP-01,SYNTHETIC EXPERIMENT,1729,full,664a150484ed2af3,515a1d9d2839ad0d,"{""alpha_a"": 0.05, ""alpha_b"": 0.45, ""kappa_a"": 0.04000000000000001, ""kappa_b"": 0.36000000000000004, ""n_per_group"": 200000.0}",0.05,0.45,0.04000000000000001,0.36000000000000004,200000,absolute_error,0.0012000000000000344,synthetic,ALL,not_applicable,not_applicable
EXP-01,SYNTHETIC EXPERIMENT,1729,full,664a150484ed2af3,7a32c7a4f1c13764,"{""alpha_a"": 0.05, ""alpha_b"": 0.5, ""kappa_a"": 0.04000000000000001, ""kappa_b"": 0.4, ""n_per_group"": 200000.0}",0.05,0.5,0.04000000000000001,0.4,200000,absolute_error,0.00041499999999997095,synthetic,ALL,not_applicable,not_applicable
EXP-01,SYNTHETIC EXPERIMENT,1729,full,664a150484ed2af3,d522d392978a95b8,"{""alpha_a"": 0.05, ""alpha_b"": 0.55, ""kappa_a"": 0.04000000000000001, ""kappa_b"": 0.44000000000000006, ""n_per_group"": 200000.0}",0.05,0.55,0.04000000000000001,0.44000000000000006,200000,absolute_error,0.00026499999999998747,synthetic,ALL,not_applicable,not_applicable
EXP-01,SYNTHETIC EXPERIMENT,1729,full,664a150484ed2af3,ec4724289873e8c4,"{""alpha_a"": 0.05, ""alpha_b"": 0.6, ""kappa_a"": 0.04000000000000001, ""kappa_b"": 0.48, ""n_per_group"": 200000.0}",0.05,0.6,0.04000000000000001,0.48,200000,absolute_error,0.0018700000000000383,synthetic,ALL,not_applicable,not_applicable
EXP-01,SYNTHETIC EXPERIMENT,1729,full,664a150484ed2af3,26755716f1dba749,"{""alpha_a"": 0.05, ""alpha_b"": 0.65, ""kappa_a"": 0.04000000000000001, ""kappa_b"": 0.52, ""n_per_group"": 200000.0}",0.05,0.65,0.04000000000000001,0.52,200000,absolute_error,0.0007549999999999502,synthetic,ALL,not_applicable,not_applicable
EXP-01,SYNTHETIC EXPERIMENT,1729,full,664a150484ed2af3,0f638c1854f1970d,"{""alpha_a"": 0.05, ""alpha_b"": 0.7, ""kappa_a"": 0.04000000000000001, ""kappa_b"": 0.5599999999999999, ""n_per_group"": 200000.0}",0.05,0.7,0.04000000000000001,0.5599999999999999,200000,absolute_error,0.00020500000000003848,synthetic,ALL,not_applicable,not_applicable
EXP-01,SYNTHETIC EXPERIMENT,1729,full,664a150484ed2af3,26d544bc09ce66a9,"{""alpha_a"": 0.05, ""alpha_b"": 0.75, ""kappa_a"": 0.04000000000000001, ""kappa_b"": 0.6000000000000001, ""n_per_group"": 200000.0}",0.05,0.75,0.04000000000000001,0.6000000000000001,200000,absolute_error,0.0006400000000000849,synthetic,ALL,not_applicable,not_applicable
EXP-01,SYNTHETIC EXPERIMENT,1729,full,664a150484ed2af3,23237d59319bfd07,"{""alpha_a"": 0.05, ""alpha_b"": 0.8, ""kappa_a"": 0.04000000000000001, ""kappa_b"": 0.6400000000000001, ""n_per_group"": 200000.0}",0.05,0.8,0.04000000000000001,0.6400000000000001,200000,absolute_error,0.0005550000000000832,synthetic,ALL,not_applicable,not_applicable
EXP-01,SYNTHETIC EXPERIMENT,1729,full,664a150484ed2af3,738e962e48b78cff,"{""alpha_a"": 0.05, ""alpha_b"": 0.85, ""kappa_a"": 0.04000000000000001, ""kappa_b"": 0.68, ""n_per_group"": 200000.0}",0.05,0.85,0.04000000000000001,0.68,200000,absolute_error,0.001880000000000076,synthetic,ALL,not_applicable,not_applicable
EXP-01,SYNTHETIC EXPERIMENT,1729,full,664a150484ed2af3,76f5bf6fdc152914,"{""alpha_a"": 0.05, ""alpha_b"": 0.9, ""kappa_a"": 0.04000000000000001, ""kappa_b"": 0.7200000000000001, ""n_per_group"": 200000.0}",0.05,0.9,0.04000000000000001,0.7200000000000001,200000,absolute_error,0.0004299999999999582,synthetic,ALL,not_applicable,not_applicable
EXP-01,SYNTHETIC EXPERIMENT,1729,full,664a150484ed2af3,ee689fe85a37c279,"{""alpha_a"": 0.05, ""alpha_b"": 0.95, ""kappa_a"": 0.04000000000000001, ""kappa_b"": 0.76, ""n_per_group"": 200000.0}",0.05,0.95,0.04000000000000001,0.76,200000,absolute_error,0.0004550000000000387,synthetic,ALL,not_applicable,not_applicable
EXP-01,SYNTHETIC EXPERIMENT,1729,full,664a150484ed2af3,ddcb1a1882664933,"{""alpha_a"": 0.05, ""alpha_b"": 1.0, ""kappa_a"": 0.04000000000000001, ""kappa_b"": 0.8, ""n_per_group"": 200000.0}",0.05,1.0,0.04000000000000001,0.8,200000,absolute_error,5.0000000000050004e-05,synthetic,ALL,not_applicable,not_applicable
EXP-01,SYNTHETIC EXPERIMENT,1729,full,664a150484ed2af3,a2915cafe1d6465a,"{""alpha_a"": 0.1, ""alpha_b"": 0.0, ""kappa_a"": 0.08000000000000002, ""kappa_b"": 0.0, ""n_per_group"": 200000.0}",0.1,0.0,0.08000000000000002,0.0,200000,absolute_error,0.00015500000000000236,synthetic,ALL,not_applicable,not_applicable
EXP-01,SYNTHETIC EXPERIMENT,1729,full,664a150484ed2af3,120f7c547c56a2ff,"{""alpha_a"": 0.1, ""alpha_b"": 0.05, ""kappa_a"": 0.08000000000000002, ""kappa_b"": 0.04000000000000001, ""n_per_group"": 200000.0}",0.1,0.05,0.08000000000000002,0.04000000000000001,200000,absolute_error,0.0009549999999999351,synthetic,ALL,not_applicable,not_applicable
EXP-01,SYNTHETIC EXPERIMENT,1729,full,664a150484ed2af3,7e2d1f708c0627fb,"{""alpha_a"": 0.1, ""alpha_b"": 0.1, ""kappa_a"": 0.08000000000000002, ""kappa_b"": 0.08000000000000002, ""n_per_group"": 200000.0}",0.1,0.1,0.08000000000000002,0.08000000000000002,200000,absolute_error,0.0013600000000000279,synthetic,ALL,not_applicable,not_applicable
EXP-01,SYNTHETIC EXPERIMENT,1729,full,664a150484ed2af3,d997930dab72759f,"{""alpha_a"": 0.1, ""alpha_b"": 0.15, ""kappa_a"": 0.08000000000000002, ""kappa_b"": 0.12, ""n_per_group"": 200000.0}",0.1,0.15,0.08000000000000002,0.12,200000,absolute_error,0.0016949999999999864,synthetic,ALL,not_applicable,not_applicable
EXP-01,SYNTHETIC EXPERIMENT,1729,full,664a150484ed2af3,ad103656ed8d7f0b,"{""alpha_a"": 0.1, ""alpha_b"": 0.2, ""kappa_a"": 0.08000000000000002, ""kappa_b"": 0.16000000000000003, ""n_per_group"": 200000.0}",0.1,0.2,0.08000000000000002,0.16000000000000003,200000,absolute_error,0.0022049999999999986,synthetic,ALL,not_applicable,not_applicable
EXP-01,SYNTHETIC EXPERIMENT,1729,full,664a150484ed2af3,c14ae267f5e9ca55,"{""alpha_a"": 0.1, ""alpha_b"": 0.25, ""kappa_a"": 0.08000000000000002, ""kappa_b"": 0.2, ""n_per_group"": 200000.0}",0.1,0.25,0.08000000000000002,0.2,200000,absolute_error,0.0008499999999999897,synthetic,ALL,not_applicable,not_applicable
EXP-01,SYNTHETIC EXPERIMENT,1729,full,664a150484ed2af3,c5eb1f7d126e4e5c,"{""alpha_a"": 0.1, ""alpha_b"": 0.3, ""kappa_a"": 0.08000000000000002, ""kappa_b"": 0.24, ""n_per_group"": 200000.0}",0.1,0.3,0.08000000000000002,0.24,200000,absolute_error,0.0018850000000000672,synthetic,ALL,not_applicable,not_applicable
EXP-01,SYNTHETIC EXPERIMENT,1729,full,664a150484ed2af3,b89305dece33fe6b,"{""alpha_a"": 0.1, ""alpha_b"": 0.35, ""kappa_a"": 0.08000000000000002, ""kappa_b"": 0.27999999999999997, ""n_per_group"": 200000.0}",0.1,0.35,0.08000000000000002,0.27999999999999997,200000,absolute_error,0.0005200000000000204,synthetic,ALL,not_applicable,not_applicable
EXP-01,SYNTHETIC EXPERIMENT,1729,full,664a150484ed2af3,684fda3d6416ed53,"{""alpha_a"": 0.1, ""alpha_b"": 0.4, ""kappa_a"": 0.08000000000000002, ""kappa_b"": 0.32000000000000006, ""n_per_group"": 200000.0}",0.1,0.4,0.08000000000000002,0.32000000000000006,200000,absolute_error,0.0005950000000000816,synthetic,ALL,not_applicable,not_applicable
EXP-01,SYNTHETIC EXPERIMENT,1729,full,664a150484ed2af3,259b09bf1fb9895d,"{""alpha_a"": 0.1, ""alpha_b"": 0.45, ""kappa_a"": 0.08000000000000002, ""kappa_b"": 0.36000000000000004, ""n_per_group"": 200000.0}",0.1,0.45,0.08000000000000002,0.36000000000000004,200000,absolute_error,0.0006149999999999767,synthetic,ALL,not_applicable,not_applicable
EXP-01,SYNTHETIC EXPERIMENT,1729,full,664a150484ed2af3,1c9e3d54c99d81ff,"{""alpha_a"": 0.1, ""alpha_b"": 0.5, ""kappa_a"": 0.08000000000000002, ""kappa_b"": 0.4, ""n_per_group"": 200000.0}",0.1,0.5,0.08000000000000002,0.4,200000,absolute_error,0.0016949999999999604,synthetic,ALL,not_applicable,not_applicable
EXP-01,SYNTHETIC EXPERIMENT,1729,full,664a150484ed2af3,d621968872180cc4,"{""alpha_a"": 0.1, ""alpha_b"": 0.55, ""kappa_a"": 0.08000000000000002, ""kappa_b"": 0.44000000000000006, ""n_per_group"": 200000.0}",0.1,0.55,0.08000000000000002,0.44000000000000006,200000,absolute_error,0.0019050000000000872,synthetic,ALL,not_applicable,not_applicable
EXP-01,SYNTHETIC EXPERIMENT,1729,full,664a150484ed2af3,5fee5e1447dee117,"{""alpha_a"": 0.1, ""alpha_b"": 0.6, ""kappa_a"": 0.08000000000000002, ""kappa_b"": 0.48, ""n_per_group"": 200000.0}",0.1,0.6,0.08000000000000002,0.48,200000,absolute_error,0.0016549999999999482,synthetic,ALL,not_applicable,not_applicable
EXP-01,SYNTHETIC EXPERIMENT,1729,full,664a150484ed2af3,ac09b83643b65a98,"{""alpha_a"": 0.1, ""alpha_b"": 0.65, ""kappa_a"": 0.08000000000000002, ""kappa_b"": 0.52, ""n_per_group"": 200000.0}",0.1,0.65,0.08000000000000002,0.52,200000,absolute_error,0.00030500000000002747,synthetic,ALL,not_applicable,not_applicable
EXP-01,SYNTHETIC EXPERIMENT,1729,full,664a150484ed2af3,f014871fe5af6f7d,"{""alpha_a"": 0.1, ""alpha_b"": 0.7, ""kappa_a"": 0.08000000000000002, ""kappa_b"": 0.5599999999999999, ""n_per_group"": 200000.0}",0.1,0.7,0.08000000000000002,0.5599999999999999,200000,absolute_error,0.0019900000000000195,synthetic,ALL,not_applicable,not_applicable
EXP-01,SYNTHETIC EXPERIMENT,1729,full,664a150484ed2af3,be46b326154d4429,"{""alpha_a"": 0.1, ""alpha_b"": 0.75, ""kappa_a"": 0.08000000000000002, ""kappa_b"": 0.6000000000000001, ""n_per_group"": 200000.0}",0.1,0.75,0.08000000000000002,0.6000000000000001,200000,absolute_error,0.001314999999999955,synthetic,ALL,not_applicable,not_applicable
EXP-01,SYNTHETIC EXPERIMENT,1729,full,664a150484ed2af3,b2387e44aaaf2399,"{""alpha_a"": 0.1, ""alpha_b"": 0.8, ""kappa_a"": 0.08000000000000002, ""kappa_b"": 0.6400000000000001, ""n_per_group"": 200000.0}",0.1,0.8,0.08000000000000002,0.6400000000000001,200000,absolute_error,0.002395000000000036,synthetic,ALL,not_applicable,not_applicable
EXP-01,SYNTHETIC EXPERIMENT,1729,full,664a150484ed2af3,c0c424d80b9b50db,"{""alpha_a"": 0.1, ""alpha_b"": 0.85, ""kappa_a"": 0.08000000000000002, ""kappa_b"": 0.68, ""n_per_group"": 200000.0}",0.1,0.85,0.08000000000000002,0.68,200000,absolute_error,0.0008900000000000574,synthetic,ALL,not_applicable,not_applicable
EXP-01,SYNTHETIC EXPERIMENT,1729,full,664a150484ed2af3,2f6b0b058412dca4,"{""alpha_a"": 0.1, ""alpha_b"": 0.9, ""kappa_a"": 0.08000000000000002, ""kappa_b"": 0.7200000000000001, ""n_per_group"": 200000.0}",0.1,0.9,0.08000000000000002,0.7200000000000001,200000,absolute_error,0.00022500000000003073,synthetic,ALL,not_applicable,not_applicable
EXP-01,SYNTHETIC EXPERIMENT,1729,full,664a150484ed2af3,1815c76d78805582,"{""alpha_a"": 0.1, ""alpha_b"": 0.95, ""kappa_a"": 0.08000000000000002, ""kappa_b"": 0.76, ""n_per_group"": 200000.0}",0.1,0.95,0.08000000000000002,0.76,200000,absolute_error,0.0005950000000000677,synthetic,ALL,not_applicable,not_applicable
EXP-01,SYNTHETIC EXPERIMENT,1729,full,664a150484ed2af3,89ea702ee98ea51c,"{""alpha_a"": 0.1, ""alpha_b"": 1.0, ""kappa_a"": 0.08000000000000002, ""kappa_b"": 0.8, ""n_per_group"": 200000.0}",0.1,1.0,0.08000000000000002,0.8,200000,absolute_error,0.0011699999999999489,synthetic,ALL,not_applicable,not_applicable
EXP-01,SYNTHETIC EXPERIMENT,1729,full,664a150484ed2af3,08b729e9e05a1017,"{""alpha_a"": 0.15, ""alpha_b"": 0.0, ""kappa_a"": 0.12, ""kappa_b"": 0.0, ""n_per_group"": 200000.0}",0.15,0.0,0.12,0.0,200000,absolute_error,0.0011049999999999949,synthetic,ALL,not_applicable,not_applicable
EXP-01,SYNTHETIC EXPERIMENT,1729,full,664a150484ed2af3,7751e99793084c2b,"{""alpha_a"": 0.15, ""alpha_b"": 0.05, ""kappa_a"": 0.12, ""kappa_b"": 0.04000000000000001, ""n_per_group"": 200000.0}",0.15,0.05,0.12,0.04000000000000001,200000,absolute_error,0.0012299999999999325,synthetic,ALL,not_applicable,not_applicable
EXP-01,SYNTHETIC EXPERIMENT,1729,full,664a150484ed2af3,059a983f21c27d05,"{""alpha_a"": 0.15, ""alpha_b"": 0.1, ""kappa_a"": 0.12, ""kappa_b"": 0.08000000000000002, ""n_per_group"": 200000.0}",0.15,0.1,0.12,0.08000000000000002,200000,absolute_error,0.0004549999999999676,synthetic,ALL,not_applicable,not_applicable
EXP-01,SYNTHETIC EXPERIMENT,1729,full,664a150484ed2af3,83532426754cba0b,"{""alpha_a"": 0.15, ""alpha_b"": 0.15, ""kappa_a"": 0.12, ""kappa_b"": 0.12, ""n_per_group"": 200000.0}",0.15,0.15,0.12,0.12,200000,absolute_error,0.0005500000000000504,synthetic,ALL,not_applicable,not_applicable
EXP-01,SYNTHETIC EXPERIMENT,1729,full,664a150484ed2af3,dab075d822cb2e53,"{""alpha_a"": 0.15, ""alpha_b"": 0.2, ""kappa_a"": 0.12, ""kappa_b"": 0.16000000000000003, ""n_per_group"": 200000.0}",0.15,0.2,0.12,0.16000000000000003,200000,absolute_error,0.0014549999999999823,synthetic,ALL,not_applicable,not_applicable
EXP-01,SYNTHETIC EXPERIMENT,1729,full,664a150484ed2af3,ff406255e9541ce0,"{""alpha_a"": 0.15, ""alpha_b"": 0.25, ""kappa_a"": 0.12, ""kappa_b"": 0.2, ""n_per_group"": 200000.0}",0.15,0.25,0.12,0.2,200000,absolute_error,0.0033950000000000508,synthetic,ALL,not_applicable,not_applicable
EXP-01,SYNTHETIC EXPERIMENT,1729,full,664a150484ed2af3,bc67d0228f2d5dea,"{""alpha_a"": 0.15, ""alpha_b"": 0.3, ""kappa_a"": 0.12, ""kappa_b"": 0.24, ""n_per_group"": 200000.0}",0.15,0.3,0.12,0.24,200000,absolute_error,0.002845000000000014,synthetic,ALL,not_applicable,not_applicable
EXP-01,SYNTHETIC EXPERIMENT,1729,full,664a150484ed2af3,6e83edbdd079b951,"{""alpha_a"": 0.15, ""alpha_b"": 0.35, ""kappa_a"": 0.12, ""kappa_b"": 0.27999999999999997, ""n_per_group"": 200000.0}",0.15,0.35,0.12,0.27999999999999997,200000,absolute_error,0.0005649999999999683,synthetic,ALL,not_applicable,not_applicable
EXP-01,SYNTHETIC EXPERIMENT,1729,full,664a150484ed2af3,036e8f34c32b5e42,"{""alpha_a"": 0.15, ""alpha_b"": 0.4, ""kappa_a"": 0.12, ""kappa_b"": 0.32000000000000006, ""n_per_group"": 200000.0}",0.15,0.4,0.12,0.32000000000000006,200000,absolute_error,0.0006949999999999179,synthetic,ALL,not_applicable,not_applicable
EXP-01,SYNTHETIC EXPERIMENT,1729,full,664a150484ed2af3,acfa907abcae472a,"{""alpha_a"": 0.15, ""alpha_b"": 0.45, ""kappa_a"": 0.12, ""kappa_b"": 0.36000000000000004, ""n_per_group"": 200000.0}",0.15,0.45,0.12,0.36000000000000004,200000,absolute_error,0.00124500000000001,synthetic,ALL,not_applicable,not_applicable
EXP-01,SYNTHETIC EXPERIMENT,1729,full,664a150484ed2af3,a9662090ca98d4f6,"{""alpha_a"": 0.15, ""alpha_b"": 0.5, ""kappa_a"": 0.12, ""kappa_b"": 0.4, ""n_per_group"": 200000.0}",0.15,0.5,0.12,0.4,200000,absolute_error,0.0008750000000000147,synthetic,ALL,not_applicable,not_applicable
EXP-01,SYNTHETIC EXPERIMENT,1729,full,664a150484ed2af3,045eff080186688d,"{""alpha_a"": 0.15, ""alpha_b"": 0.55, ""kappa_a"": 0.12, ""kappa_b"": 0.44000000000000006, ""n_per_group"": 200000.0}",0.15,0.55,0.12,0.44000000000000006,200000,absolute_error,0.00022499999999997522,synthetic,ALL,not_applicable,not_applicable
EXP-01,SYNTHETIC EXPERIMENT,1729,full,664a150484ed2af3,1a1483085ec0edf2,"{""alpha_a"": 0.15, ""alpha_b"": 0.6, ""kappa_a"": 0.12, ""kappa_b"": 0.48, ""n_per_group"": 200000.0}",0.15,0.6,0.12,0.48,200000,absolute_error,0.0006049999999999389,synthetic,ALL,not_applicable,not_applicable
EXP-01,SYNTHETIC EXPERIMENT,1729,full,664a150484ed2af3,6a6a0e31246bf09c,"{""alpha_a"": 0.15, ""alpha_b"": 0.65, ""kappa_a"": 0.12, ""kappa_b"": 0.52, ""n_per_group"": 200000.0}",0.15,0.65,0.12,0.52,200000,absolute_error,0.0006400000000000572,synthetic,ALL,not_applicable,not_applicable
EXP-01,SYNTHETIC EXPERIMENT,1729,full,664a150484ed2af3,d10cd4e23035c428,"{""alpha_a"": 0.15, ""alpha_b"": 0.7, ""kappa_a"": 0.12, ""kappa_b"": 0.5599999999999999, ""n_per_group"": 200000.0}",0.15,0.7,0.12,0.5599999999999999,200000,absolute_error,0.0023199999999999887,synthetic,ALL,not_applicable,not_applicable
EXP-01,SYNTHETIC EXPERIMENT,1729,full,664a150484ed2af3,9cb28d943a1dc510,"{""alpha_a"": 0.15, ""alpha_b"": 0.75, ""kappa_a"": 0.12, ""kappa_b"": 0.6000000000000001, ""n_per_group"": 200000.0}",0.15,0.75,0.12,0.6000000000000001,200000,absolute_error,0.0009150000000000269,synthetic,ALL,not_applicable,not_applicable
EXP-01,SYNTHETIC EXPERIMENT,1729,full,664a150484ed2af3,8e58a4fc2a580565,"{""alpha_a"": 0.15, ""alpha_b"": 0.8, ""kappa_a"": 0.12, ""kappa_b"": 0.6400000000000001, ""n_per_group"": 200000.0}",0.15,0.8,0.12,0.6400000000000001,200000,absolute_error,0.0017500000000000016,synthetic,ALL,not_applicable,not_applicable
EXP-01,SYNTHETIC EXPERIMENT,1729,full,664a150484ed2af3,201a8d3cd827b864,"{""alpha_a"": 0.15, ""alpha_b"": 0.85, ""kappa_a"": 0.12, ""kappa_b"": 0.68, ""n_per_group"": 200000.0}",0.15,0.85,0.12,0.68,200000,absolute_error,0.0019200000000000328,synthetic,ALL,not_applicable,not_applicable
EXP-01,SYNTHETIC EXPERIMENT,1729,full,664a150484ed2af3,afd508f6c028d6a9,"{""alpha_a"": 0.15, ""alpha_b"": 0.9, ""kappa_a"": 0.12, ""kappa_b"": 0.7200000000000001, ""n_per_group"": 200000.0}",0.15,0.9,0.12,0.7200000000000001,200000,absolute_error,0.0021849999999999925,synthetic,ALL,not_applicable,not_applicable
EXP-01,SYNTHETIC EXPERIMENT,1729,full,664a150484ed2af3,ae3046ae15a815a4,"{""alpha_a"": 0.15, ""alpha_b"": 0.95, ""kappa_a"": 0.12, ""kappa_b"": 0.76, ""n_per_group"": 200000.0}",0.15,0.95,0.12,0.76,200000,absolute_error,0.0008049999999999724,synthetic,ALL,not_applicable,not_applicable
EXP-01,SYNTHETIC EXPERIMENT,1729,full,664a150484ed2af3,694c5a71a7871c49,"{""alpha_a"": 0.15, ""alpha_b"": 1.0, ""kappa_a"": 0.12, ""kappa_b"": 0.8, ""n_per_group"": 200000.0}",0.15,1.0,0.12,0.8,200000,absolute_error,0.000345000000000123,synthetic,ALL,not_applicable,not_applicable
EXP-01,SYNTHETIC EXPERIMENT,1729,full,664a150484ed2af3,7febf754872d3919,"{""alpha_a"": 0.2, ""alpha_b"": 0.0, ""kappa_a"": 0.16000000000000003, ""kappa_b"": 0.0, ""n_per_group"": 200000.0}",0.2,0.0,0.16000000000000003,0.0,200000,absolute_error,0.0005199999999999927,synthetic,ALL,not_applicable,not_applicable
EXP-01,SYNTHETIC EXPERIMENT,1729,full,664a150484ed2af3,af0e88350643e722,"{""alpha_a"": 0.2, ""alpha_b"": 0.05, ""kappa_a"": 0.16000000000000003, ""kappa_b"": 0.04000000000000001, ""n_per_group"": 200000.0}",0.2,0.05,0.16000000000000003,0.04000000000000001,200000,absolute_error,0.00026999999999997165,synthetic,ALL,not_applicable,not_applicable
EXP-01,SYNTHETIC EXPERIMENT,1729,full,664a150484ed2af3,ebc7988d8059dc14,"{""alpha_a"": 0.2, ""alpha_b"": 0.1, ""kappa_a"": 0.16000000000000003, ""kappa_b"": 0.08000000000000002, ""n_per_group"": 200000.0}",0.2,0.1,0.16000000000000003,0.08000000000000002,200000,absolute_error,0.0026099999999999873,synthetic,ALL,not_applicable,not_applicable
EXP-01,SYNTHETIC EXPERIMENT,1729,full,664a150484ed2af3,41008b528b1235f7,"{""alpha_a"": 0.2, ""alpha_b"": 0.15, ""kappa_a"": 0.16000000000000003, ""kappa_b"": 0.12, ""n_per_group"": 200000.0}",0.2,0.15,0.16000000000000003,0.12,200000,absolute_error,0.0018249999999999638,synthetic,ALL,not_applicable,not_applicable
EXP-01,SYNTHETIC EXPERIMENT,1729,full,664a150484ed2af3,a3f00a124577869e,"{""alpha_a"": 0.2, ""alpha_b"": 0.2, ""kappa_a"": 0.16000000000000003, ""kappa_b"": 0.16000000000000003, ""n_per_group"": 200000.0}",0.2,0.2,0.16000000000000003,0.16000000000000003,200000,absolute_error,0.00011999999999989797,synthetic,ALL,not_applicable,not_applicable
EXP-01,SYNTHETIC EXPERIMENT,1729,full,664a150484ed2af3,8a2519f2ff1ed8f6,"{""alpha_a"": 0.2, ""alpha_b"": 0.25, ""kappa_a"": 0.16000000000000003, ""kappa_b"": 0.2, ""n_per_group"": 200000.0}",0.2,0.25,0.16000000000000003,0.2,200000,absolute_error,0.0010200000000000053,synthetic,ALL,not_applicable,not_applicable
EXP-01,SYNTHETIC EXPERIMENT,1729,full,664a150484ed2af3,b4f261583a3b724a,"{""alpha_a"": 0.2, ""alpha_b"": 0.3, ""kappa_a"": 0.16000000000000003, ""kappa_b"": 0.24, ""n_per_group"": 200000.0}",0.2,0.3,0.16000000000000003,0.24,200000,absolute_error,0.0007300000000000396,synthetic,ALL,not_applicable,not_applicable
EXP-01,SYNTHETIC EXPERIMENT,1729,full,664a150484ed2af3,f681b88a7543859f,"{""alpha_a"": 0.2, ""alpha_b"": 0.35, ""kappa_a"": 0.16000000000000003, ""kappa_b"": 0.27999999999999997, ""n_per_group"": 200000.0}",0.2,0.35,0.16000000000000003,0.27999999999999997,200000,absolute_error,0.0019400000000000944,synthetic,ALL,not_applicable,not_applicable
EXP-01,SYNTHETIC EXPERIMENT,1729,full,664a150484ed2af3,d20ee4fa0ea4046f,"{""alpha_a"": 0.2, ""alpha_b"": 0.4, ""kappa_a"": 0.16000000000000003, ""kappa_b"": 0.32000000000000006, ""n_per_group"": 200000.0}",0.2,0.4,0.16000000000000003,0.32000000000000006,200000,absolute_error,0.0012949999999999628,synthetic,ALL,not_applicable,not_applicable
EXP-01,SYNTHETIC EXPERIMENT,1729,full,664a150484ed2af3,ff7a91fd1b801645,"{""alpha_a"": 0.2, ""alpha_b"": 0.45, ""kappa_a"": 0.16000000000000003, ""kappa_b"": 0.36000000000000004, ""n_per_group"": 200000.0}",0.2,0.45,0.16000000000000003,0.36000000000000004,200000,absolute_error,0.0013649999999999912,synthetic,ALL,not_applicable,not_applicable
EXP-01,SYNTHETIC EXPERIMENT,1729,full,664a150484ed2af3,6bfd94f82a5d1ff2,"{""alpha_a"": 0.2, ""alpha_b"": 0.5, ""kappa_a"": 0.16000000000000003, ""kappa_b"": 0.4, ""n_per_group"": 200000.0}",0.2,0.5,0.16000000000000003,0.4,200000,absolute_error,0.0009049999999999891,synthetic,ALL,not_applicable,not_applicable
EXP-01,SYNTHETIC EXPERIMENT,1729,full,664a150484ed2af3,40b3681ff1bd5a33,"{""alpha_a"": 0.2, ""alpha_b"": 0.55, ""kappa_a"": 0.16000000000000003, ""kappa_b"": 0.44000000000000006, ""n_per_group"": 200000.0}",0.2,0.55,0.16000000000000003,0.44000000000000006,200000,absolute_error,0.0005149999999999877,synthetic,ALL,not_applicable,not_applicable
EXP-01,SYNTHETIC EXPERIMENT,1729,full,664a150484ed2af3,e211bd0acc7eecf6,"{""alpha_a"": 0.2, ""alpha_b"": 0.6, ""kappa_a"": 0.16000000000000003, ""kappa_b"": 0.48, ""n_per_group"": 200000.0}",0.2,0.6,0.16000000000000003,0.48,200000,absolute_error,0.0005150000000000154,synthetic,ALL,not_applicable,not_applicable
EXP-01,SYNTHETIC EXPERIMENT,1729,full,664a150484ed2af3,1e13ae164faf8f41,"{""alpha_a"": 0.2, ""alpha_b"": 0.65, ""kappa_a"": 0.16000000000000003, ""kappa_b"": 0.52, ""n_per_group"": 200000.0}",0.2,0.65,0.16000000000000003,0.52,200000,absolute_error,0.0012699999999999656,synthetic,ALL,not_applicable,not_applicable
EXP-01,SYNTHETIC EXPERIMENT,1729,full,664a150484ed2af3,175745f0ccd8d860,"{""alpha_a"": 0.2, ""alpha_b"": 0.7, ""kappa_a"": 0.16000000000000003, ""kappa_b"": 0.5599999999999999, ""n_per_group"": 200000.0}",0.2,0.7,0.16000000000000003,0.5599999999999999,200000,absolute_error,0.0009449999999999736,synthetic,ALL,not_applicable,not_applicable
EXP-01,SYNTHETIC EXPERIMENT,1729,full,664a150484ed2af3,a450449f379465e7,"{""alpha_a"": 0.2, ""alpha_b"": 0.75, ""kappa_a"": 0.16000000000000003, ""kappa_b"": 0.6000000000000001, ""n_per_group"": 200000.0}",0.2,0.75,0.16000000000000003,0.6000000000000001,200000,absolute_error,0.0004700000000000537,synthetic,ALL,not_applicable,not_applicable
EXP-01,SYNTHETIC EXPERIMENT,1729,full,664a150484ed2af3,96e35d8738eec7f3,"{""alpha_a"": 0.2, ""alpha_b"": 0.8, ""kappa_a"": 0.16000000000000003, ""kappa_b"": 0.6400000000000001, ""n_per_group"": 200000.0}",0.2,0.8,0.16000000000000003,0.6400000000000001,200000,absolute_error,0.0004300000000000692,synthetic,ALL,not_applicable,not_applicable
EXP-01,SYNTHETIC EXPERIMENT,1729,full,664a150484ed2af3,e2761bb3a6a7dfd5,"{""alpha_a"": 0.2, ""alpha_b"": 0.85, ""kappa_a"": 0.16000000000000003, ""kappa_b"": 0.68, ""n_per_group"": 200000.0}",0.2,0.85,0.16000000000000003,0.68,200000,absolute_error,0.00012999999999996348,synthetic,ALL,not_applicable,not_applicable
EXP-01,SYNTHETIC EXPERIMENT,1729,full,664a150484ed2af3,96ba37d3d4dda9b2,"{""alpha_a"": 0.2, ""alpha_b"": 0.9, ""kappa_a"": 0.16000000000000003, ""kappa_b"": 0.7200000000000001, ""n_per_group"": 200000.0}",0.2,0.9,0.16000000000000003,0.7200000000000001,200000,absolute_error,0.0030250000000000554,synthetic,ALL,not_applicable,not_applicable
EXP-01,SYNTHETIC EXPERIMENT,1729,full,664a150484ed2af3,67c017115584954c,"{""alpha_a"": 0.2, ""alpha_b"": 0.95, ""kappa_a"": 0.16000000000000003, ""kappa_b"": 0.76, ""n_per_group"": 200000.0}",0.2,0.95,0.16000000000000003,0.76,200000,absolute_error,0.0007949999999999624,synthetic,ALL,not_applicable,not_applicable
EXP-01,SYNTHETIC EXPERIMENT,1729,full,664a150484ed2af3,308d26abc93558d0,"{""alpha_a"": 0.2, ""alpha_b"": 1.0, ""kappa_a"": 0.16000000000000003, ""kappa_b"": 0.8, ""n_per_group"": 200000.0}",0.2,1.0,0.16000000000000003,0.8,200000,absolute_error,0.0007399999999999907,synthetic,ALL,not_applicable,not_applicable
EXP-01,SYNTHETIC EXPERIMENT,1729,full,664a150484ed2af3,d0ef03f67f087104,"{""alpha_a"": 0.25, ""alpha_b"": 0.0, ""kappa_a"": 0.2, ""kappa_b"": 0.0, ""n_per_group"": 200000.0}",0.25,0.0,0.2,0.0,200000,absolute_error,0.001444999999999988,synthetic,ALL,not_applicable,not_applicable
EXP-01,SYNTHETIC EXPERIMENT,1729,full,664a150484ed2af3,640da030f4c79e2a,"{""alpha_a"": 0.25, ""alpha_b"": 0.05, ""kappa_a"": 0.2, ""kappa_b"": 0.04000000000000001, ""n_per_group"": 200000.0}",0.25,0.05,0.2,0.04000000000000001,200000,absolute_error,0.00020500000000004542,synthetic,ALL,not_applicable,not_applicable
EXP-01,SYNTHETIC EXPERIMENT,1729,full,664a150484ed2af3,d35d22f3b88f0655,"{""alpha_a"": 0.25, ""alpha_b"": 0.1, ""kappa_a"": 0.2, ""kappa_b"": 0.08000000000000002, ""n_per_group"": 200000.0}",0.25,0.1,0.2,0.08000000000000002,200000,absolute_error,0.0004800000000000082,synthetic,ALL,not_applicable,not_applicable
EXP-01,SYNTHETIC EXPERIMENT,1729,full,664a150484ed2af3,36a097142cdadf6f,"{""alpha_a"": 0.25, ""alpha_b"": 0.15, ""kappa_a"": 0.2, ""kappa_b"": 0.12, ""n_per_group"": 200000.0}",0.25,0.15,0.2,0.12,200000,absolute_error,0.0013499999999999762,synthetic,ALL,not_applicable,not_applicable
EXP-01,SYNTHETIC EXPERIMENT,1729,full,664a150484ed2af3,771ed3facb31defa,"{""alpha_a"": 0.25, ""alpha_b"": 0.2, ""kappa_a"": 0.2, ""kappa_b"": 0.16000000000000003, ""n_per_group"": 200000.0}",0.25,0.2,0.2,0.16000000000000003,200000,absolute_error,0.001245000000000036,synthetic,ALL,not_applicable,not_applicable
EXP-01,SYNTHETIC EXPERIMENT,1729,full,664a150484ed2af3,0ef3f92454098838,"{""alpha_a"": 0.25, ""alpha_b"": 0.25, ""kappa_a"": 0.2, ""kappa_b"": 0.2, ""n_per_group"": 200000.0}",0.25,0.25,0.2,0.2,200000,absolute_error,0.0004250000000000087,synthetic,ALL,not_applicable,not_applicable
EXP-01,SYNTHETIC EXPERIMENT,1729,full,664a150484ed2af3,69430f02107c86f3,"{""alpha_a"": 0.25, ""alpha_b"": 0.3, ""kappa_a"": 0.2, ""kappa_b"": 0.24, ""n_per_group"": 200000.0}",0.25,0.3,0.2,0.24,200000,absolute_error,0.0009249999999999692,synthetic,ALL,not_applicable,not_applicable
EXP-01,SYNTHETIC EXPERIMENT,1729,full,664a150484ed2af3,d7ff82e5394737eb,"{""alpha_a"": 0.25, ""alpha_b"": 0.35, ""kappa_a"": 0.2, ""kappa_b"": 0.27999999999999997, ""n_per_group"": 200000.0}",0.25,0.35,0.2,0.27999999999999997,200000,absolute_error,0.0009050000000000134,synthetic,ALL,not_applicable,not_applicable
EXP-01,SYNTHETIC EXPERIMENT,1729,full,664a150484ed2af3,58cbd7267c66f208,"{""alpha_a"": 0.25, ""alpha_b"": 0.4, ""kappa_a"": 0.2, ""kappa_b"": 0.32000000000000006, ""n_per_group"": 200000.0}",0.25,0.4,0.2,0.32000000000000006,200000,absolute_error,0.0006449999999999928,synthetic,ALL,not_applicable,not_applicable
EXP-01,SYNTHETIC EXPERIMENT,1729,full,664a150484ed2af3,d0f4d027a21b5961,"{""alpha_a"": 0.25, ""alpha_b"": 0.45, ""kappa_a"": 0.2, ""kappa_b"": 0.36000000000000004, ""n_per_group"": 200000.0}",0.25,0.45,0.2,0.36000000000000004,200000,absolute_error,0.0008850000000000524,synthetic,ALL,not_applicable,not_applicable
EXP-01,SYNTHETIC EXPERIMENT,1729,full,664a150484ed2af3,b831345230e1a585,"{""alpha_a"": 0.25, ""alpha_b"": 0.5, ""kappa_a"": 0.2, ""kappa_b"": 0.4, ""n_per_group"": 200000.0}",0.25,0.5,0.2,0.4,200000,absolute_error,0.0011449999999999932,synthetic,ALL,not_applicable,not_applicable
EXP-01,SYNTHETIC EXPERIMENT,1729,full,664a150484ed2af3,f1088485738d706a,"{""alpha_a"": 0.25, ""alpha_b"": 0.55, ""kappa_a"": 0.2, ""kappa_b"": 0.44000000000000006, ""n_per_group"": 200000.0}",0.25,0.55,0.2,0.44000000000000006,200000,absolute_error,0.000644999999999965,synthetic,ALL,not_applicable,not_applicable
EXP-01,SYNTHETIC EXPERIMENT,1729,full,664a150484ed2af3,76c9d04638f909c9,"{""alpha_a"": 0.25, ""alpha_b"": 0.6, ""kappa_a"": 0.2, ""kappa_b"": 0.48, ""n_per_group"": 200000.0}",0.25,0.6,0.2,0.48,200000,absolute_error,0.0010100000000000248,synthetic,ALL,not_applicable,not_applicable
EXP-01,SYNTHETIC EXPERIMENT,1729,full,664a150484ed2af3,d1bf2dd0766911b7,"{""alpha_a"": 0.25, ""alpha_b"": 0.65, ""kappa_a"": 0.2, ""kappa_b"": 0.52, ""n_per_group"": 200000.0}",0.25,0.65,0.2,0.52,200000,absolute_error,0.0013350000000000445,synthetic,ALL,not_applicable,not_applicable
EXP-01,SYNTHETIC EXPERIMENT,1729,full,664a150484ed2af3,7347765828dc631a,"{""alpha_a"": 0.25, ""alpha_b"": 0.7, ""kappa_a"": 0.2, ""kappa_b"": 0.5599999999999999, ""n_per_group"": 200000.0}",0.25,0.7,0.2,0.5599999999999999,200000,absolute_error,0.0011399999999999327,synthetic,ALL,not_applicable,not_applicable
EXP-01,SYNTHETIC EXPERIMENT,1729,full,664a150484ed2af3,8cd421c278dad9f0,"{""alpha_a"": 0.25, ""alpha_b"": 0.75, ""kappa_a"": 0.2, ""kappa_b"": 0.6000000000000001, ""n_per_group"": 200000.0}",0.25,0.75,0.2,0.6000000000000001,200000,absolute_error,0.0016199999999999964,synthetic,ALL,not_applicable,not_applicable
EXP-01,SYNTHETIC EXPERIMENT,1729,full,664a150484ed2af3,a3a8587bfcda0271,"{""alpha_a"": 0.25, ""alpha_b"": 0.8, ""kappa_a"": 0.2, ""kappa_b"": 0.6400000000000001, ""n_per_group"": 200000.0}",0.25,0.8,0.2,0.6400000000000001,200000,absolute_error,0.0005699999999999039,synthetic,ALL,not_applicable,not_applicable
EXP-01,SYNTHETIC EXPERIMENT,1729,full,664a150484ed2af3,7f75c4b391283e60,"{""alpha_a"": 0.25, ""alpha_b"": 0.85, ""kappa_a"": 0.2, ""kappa_b"": 0.68, ""n_per_group"": 200000.0}",0.25,0.85,0.2,0.68,200000,absolute_error,0.0013049999999999728,synthetic,ALL,not_applicable,not_applicable
EXP-01,SYNTHETIC EXPERIMENT,1729,full,664a150484ed2af3,dca757c3df7ba091,"{""alpha_a"": 0.25, ""alpha_b"": 0.9, ""kappa_a"": 0.2, ""kappa_b"": 0.7200000000000001, ""n_per_group"": 200000.0}",0.25,0.9,0.2,0.7200000000000001,200000,absolute_error,0.0025849999999999485,synthetic,ALL,not_applicable,not_applicable
EXP-01,SYNTHETIC EXPERIMENT,1729,full,664a150484ed2af3,0ead99814f3b20df,"{""alpha_a"": 0.25, ""alpha_b"": 0.95, ""kappa_a"": 0.2, ""kappa_b"": 0.76, ""n_per_group"": 200000.0}",0.25,0.95,0.2,0.76,200000,absolute_error,0.0006799999999999029,synthetic,ALL,not_applicable,not_applicable
EXP-01,SYNTHETIC EXPERIMENT,1729,full,664a150484ed2af3,700ea7fd6f3fe715,"{""alpha_a"": 0.25, ""alpha_b"": 1.0, ""kappa_a"": 0.2, ""kappa_b"": 0.8, ""n_per_group"": 200000.0}",0.25,1.0,0.2,0.8,200000,absolute_error,0.001974999999999949,synthetic,ALL,not_applicable,not_applicable
EXP-01,SYNTHETIC EXPERIMENT,1729,full,664a150484ed2af3,31672113393a323b,"{""alpha_a"": 0.3, ""alpha_b"": 0.0, ""kappa_a"": 0.24, ""kappa_b"": 0.0, ""n_per_group"": 200000.0}",0.3,0.0,0.24,0.0,200000,absolute_error,0.00046000000000007146,synthetic,ALL,not_applicable,not_applicable
EXP-01,SYNTHETIC EXPERIMENT,1729,full,664a150484ed2af3,3c646466648927bc,"{""alpha_a"": 0.3, ""alpha_b"": 0.05, ""kappa_a"": 0.24, ""kappa_b"": 0.04000000000000001, ""n_per_group"": 200000.0}",0.3,0.05,0.24,0.04000000000000001,200000,absolute_error,9.500000000001868e-05,synthetic,ALL,not_applicable,not_applicable
EXP-01,SYNTHETIC EXPERIMENT,1729,full,664a150484ed2af3,9814cad6fd886e66,"{""alpha_a"": 0.3, ""alpha_b"": 0.1, ""kappa_a"": 0.24, ""kappa_b"": 0.08000000000000002, ""n_per_group"": 200000.0}",0.3,0.1,0.24,0.08000000000000002,200000,absolute_error,0.002220000000000069,synthetic,ALL,not_applicable,not_applicable
EXP-01,SYNTHETIC EXPERIMENT,1729,full,664a150484ed2af3,8d91f387a3c7da84,"{""alpha_a"": 0.3, ""alpha_b"": 0.15, ""kappa_a"": 0.24, ""kappa_b"": 0.12, ""n_per_group"": 200000.0}",0.3,0.15,0.24,0.12,200000,absolute_error,0.0019949999999999968,synthetic,ALL,not_applicable,not_applicable
EXP-01,SYNTHETIC EXPERIMENT,1729,full,664a150484ed2af3,fc766c884699c0b5,"{""alpha_a"": 0.3, ""alpha_b"": 0.2, ""kappa_a"": 0.24, ""kappa_b"": 0.16000000000000003, ""n_per_group"": 200000.0}",0.3,0.2,0.24,0.16000000000000003,200000,absolute_error,0.002864999999999975,synthetic,ALL,not_applicable,not_applicable
EXP-01,SYNTHETIC EXPERIMENT,1729,full,664a150484ed2af3,f53aaffe33312169,"{""alpha_a"": 0.3, ""alpha_b"": 0.25, ""kappa_a"": 0.24, ""kappa_b"": 0.2, ""n_per_group"": 200000.0}",0.3,0.25,0.24,0.2,200000,absolute_error,0.00026000000000002237,synthetic,ALL,not_applicable,not_applicable
EXP-01,SYNTHETIC EXPERIMENT,1729,full,664a150484ed2af3,5e7d0c29ccf0d026,"{""alpha_a"": 0.3, ""alpha_b"": 0.3, ""kappa_a"": 0.24, ""kappa_b"": 0.24, ""n_per_group"": 200000.0}",0.3,0.3,0.24,0.24,200000,absolute_error,0.0002649999999999597,synthetic,ALL,not_applicable,not_applicable
EXP-01,SYNTHETIC EXPERIMENT,1729,full,664a150484ed2af3,914b9c976d95f94b,"{""alpha_a"": 0.3, ""alpha_b"": 0.35, ""kappa_a"": 0.24, ""kappa_b"": 0.27999999999999997, ""n_per_group"": 200000.0}",0.3,0.35,0.24,0.27999999999999997,200000,absolute_error,0.0020949999999999424,synthetic,ALL,not_applicable,not_applicable
EXP-01,SYNTHETIC EXPERIMENT,1729,full,664a150484ed2af3,d9c80c2b33534eb6,"{""alpha_a"": 0.3, ""alpha_b"": 0.4, ""kappa_a"": 0.24, ""kappa_b"": 0.32000000000000006, ""n_per_group"": 200000.0}",0.3,0.4,0.24,0.32000000000000006,200000,absolute_error,0.0006899999999999719,synthetic,ALL,not_applicable,not_applicable
EXP-01,SYNTHETIC EXPERIMENT,1729,full,664a150484ed2af3,fce7f455545cd060,"{""alpha_a"": 0.3, ""alpha_b"": 0.45, ""kappa_a"": 0.24, ""kappa_b"": 0.36000000000000004, ""n_per_group"": 200000.0}",0.3,0.45,0.24,0.36000000000000004,200000,absolute_error,0.0004400000000000931,synthetic,ALL,not_applicable,not_applicable
EXP-01,SYNTHETIC EXPERIMENT,1729,full,664a150484ed2af3,9bd821115d6ab0c6,"{""alpha_a"": 0.3, ""alpha_b"": 0.5, ""kappa_a"": 0.24, ""kappa_b"": 0.4, ""n_per_group"": 200000.0}",0.3,0.5,0.24,0.4,200000,absolute_error,0.0001350000000000795,synthetic,ALL,not_applicable,not_applicable
EXP-01,SYNTHETIC EXPERIMENT,1729,full,664a150484ed2af3,cd3e02481510dc73,"{""alpha_a"": 0.3, ""alpha_b"": 0.55, ""kappa_a"": 0.24, ""kappa_b"": 0.44000000000000006, ""n_per_group"": 200000.0}",0.3,0.55,0.24,0.44000000000000006,200000,absolute_error,0.0002600000000000102,synthetic,ALL,not_applicable,not_applicable
EXP-01,SYNTHETIC EXPERIMENT,1729,full,664a150484ed2af3,1857cb75df40c346,"{""alpha_a"": 0.3, ""alpha_b"": 0.6, ""kappa_a"": 0.24, ""kappa_b"": 0.48, ""n_per_group"": 200000.0}",0.3,0.6,0.24,0.48,200000,absolute_error,0.00190499999999999,synthetic,ALL,not_applicable,not_applicable
EXP-01,SYNTHETIC EXPERIMENT,1729,full,664a150484ed2af3,02cadc2bc1e0b26b,"{""alpha_a"": 0.3, ""alpha_b"": 0.65, ""kappa_a"": 0.24, ""kappa_b"": 0.52, ""n_per_group"": 200000.0}",0.3,0.65,0.24,0.52,200000,absolute_error,3.500000000006276e-05,synthetic,ALL,not_applicable,not_applicable
EXP-01,SYNTHETIC EXPERIMENT,1729,full,664a150484ed2af3,9e5a08504b225d15,"{""alpha_a"": 0.3, ""alpha_b"": 0.7, ""kappa_a"": 0.24, ""kappa_b"": 0.5599999999999999, ""n_per_group"": 200000.0}",0.3,0.7,0.24,0.5599999999999999,200000,absolute_error,0.00021000000000001573,synthetic,ALL,not_applicable,not_applicable
EXP-01,SYNTHETIC EXPERIMENT,1729,full,664a150484ed2af3,61dc1bdd16487838,"{""alpha_a"": 0.3, ""alpha_b"": 0.75, ""kappa_a"": 0.24, ""kappa_b"": 0.6000000000000001, ""n_per_group"": 200000.0}",0.3,0.75,0.24,0.6000000000000001,200000,absolute_error,0.0005949999999999567,synthetic,ALL,not_applicable,not_applicable
EXP-01,SYNTHETIC EXPERIMENT,1729,full,664a150484ed2af3,78fbc22363e0f834,"{""alpha_a"": 0.3, ""alpha_b"": 0.8, ""kappa_a"": 0.24, ""kappa_b"": 0.6400000000000001, ""n_per_group"": 200000.0}",0.3,0.8,0.24,0.6400000000000001,200000,absolute_error,0.00036999999999992594,synthetic,ALL,not_applicable,not_applicable
EXP-01,SYNTHETIC EXPERIMENT,1729,full,664a150484ed2af3,d88806cb2e3b4594,"{""alpha_a"": 0.3, ""alpha_b"": 0.85, ""kappa_a"": 0.24, ""kappa_b"": 0.68, ""n_per_group"": 200000.0}",0.3,0.85,0.24,0.68,200000,absolute_error,0.0004100000000000492,synthetic,ALL,not_applicable,not_applicable
EXP-01,SYNTHETIC EXPERIMENT,1729,full,664a150484ed2af3,61be87df94fdc8f8,"{""alpha_a"": 0.3, ""alpha_b"": 0.9, ""kappa_a"": 0.24, ""kappa_b"": 0.7200000000000001, ""n_per_group"": 200000.0}",0.3,0.9,0.24,0.7200000000000001,200000,absolute_error,0.0006199999999999817,synthetic,ALL,not_applicable,not_applicable
EXP-01,SYNTHETIC EXPERIMENT,1729,full,664a150484ed2af3,6a86b1c31fa23909,"{""alpha_a"": 0.3, ""alpha_b"": 0.95, ""kappa_a"": 0.24, ""kappa_b"": 0.76, ""n_per_group"": 200000.0}",0.3,0.95,0.24,0.76,200000,absolute_error,0.0004649999999999377,synthetic,ALL,not_applicable,not_applicable
EXP-01,SYNTHETIC EXPERIMENT,1729,full,664a150484ed2af3,5abd187b355317bf,"{""alpha_a"": 0.3, ""alpha_b"": 1.0, ""kappa_a"": 0.24, ""kappa_b"": 0.8, ""n_per_group"": 200000.0}",0.3,1.0,0.24,0.8,200000,absolute_error,0.0009250000000000647,synthetic,ALL,not_applicable,not_applicable
EXP-01,SYNTHETIC EXPERIMENT,1729,full,664a150484ed2af3,35ff863b653eda18,"{""alpha_a"": 0.35, ""alpha_b"": 0.0, ""kappa_a"": 0.27999999999999997, ""kappa_b"": 0.0, ""n_per_group"": 200000.0}",0.35,0.0,0.27999999999999997,0.0,200000,absolute_error,0.00047500000000004483,synthetic,ALL,not_applicable,not_applicable
EXP-01,SYNTHETIC EXPERIMENT,1729,full,664a150484ed2af3,835b894ab977de78,"{""alpha_a"": 0.35, ""alpha_b"": 0.05, ""kappa_a"": 0.27999999999999997, ""kappa_b"": 0.04000000000000001, ""n_per_group"": 200000.0}",0.35,0.05,0.27999999999999997,0.04000000000000001,200000,absolute_error,0.0019800000000000234,synthetic,ALL,not_applicable,not_applicable
EXP-01,SYNTHETIC EXPERIMENT,1729,full,664a150484ed2af3,96db7e710d5d8d5b,"{""alpha_a"": 0.35, ""alpha_b"": 0.1, ""kappa_a"": 0.27999999999999997, ""kappa_b"": 0.08000000000000002, ""n_per_group"": 200000.0}",0.35,0.1,0.27999999999999997,0.08000000000000002,200000,absolute_error,0.0013150000000000106,synthetic,ALL,not_applicable,not_applicable
EXP-01,SYNTHETIC EXPERIMENT,1729,full,664a150484ed2af3,1cd1ef01007577c6,"{""alpha_a"": 0.35, ""alpha_b"": 0.15, ""kappa_a"": 0.27999999999999997, ""kappa_b"": 0.12, ""n_per_group"": 200000.0}",0.35,0.15,0.27999999999999997,0.12,200000,absolute_error,0.0017600000000000254,synthetic,ALL,not_applicable,not_applicable
EXP-01,SYNTHETIC EXPERIMENT,1729,full,664a150484ed2af3,5fb5746dbff61339,"{""alpha_a"": 0.35, ""alpha_b"": 0.2, ""kappa_a"": 0.27999999999999997, ""kappa_b"": 0.16000000000000003, ""n_per_group"": 200000.0}",0.35,0.2,0.27999999999999997,0.16000000000000003,200000,absolute_error,0.00020500000000005236,synthetic,ALL,not_applicable,not_applicable
EXP-01,SYNTHETIC EXPERIMENT,1729,full,664a150484ed2af3,eeea2850752b4ae0,"{""alpha_a"": 0.35, ""alpha_b"": 0.25, ""kappa_a"": 0.27999999999999997, ""kappa_b"": 0.2, ""n_per_group"": 200000.0}",0.35,0.25,0.27999999999999997,0.2,200000,absolute_error,0.000254999999999974,synthetic,ALL,not_applicable,not_applicable
EXP-01,SYNTHETIC EXPERIMENT,1729,full,664a150484ed2af3,46e36898985c7369,"{""alpha_a"": 0.35, ""alpha_b"": 0.3, ""kappa_a"": 0.27999999999999997, ""kappa_b"": 0.24, ""n_per_group"": 200000.0}",0.35,0.3,0.27999999999999997,0.24,200000,absolute_error,0.00011000000000007011,synthetic,ALL,not_applicable,not_applicable
EXP-01,SYNTHETIC EXPERIMENT,1729,full,664a150484ed2af3,8c0f64670193ec33,"{""alpha_a"": 0.35, ""alpha_b"": 0.35, ""kappa_a"": 0.27999999999999997, ""kappa_b"": 0.27999999999999997, ""n_per_group"": 200000.0}",0.35,0.35,0.27999999999999997,0.27999999999999997,200000,absolute_error,0.0010000000000000009,synthetic,ALL,not_applicable,not_applicable
EXP-01,SYNTHETIC EXPERIMENT,1729,full,664a150484ed2af3,23773c40b6a3599c,"{""alpha_a"": 0.35, ""alpha_b"": 0.4, ""kappa_a"": 0.27999999999999997, ""kappa_b"": 0.32000000000000006, ""n_per_group"": 200000.0}",0.35,0.4,0.27999999999999997,0.32000000000000006,200000,absolute_error,0.0016249999999999685,synthetic,ALL,not_applicable,not_applicable
EXP-01,SYNTHETIC EXPERIMENT,1729,full,664a150484ed2af3,ae87cf9c564d23d2,"{""alpha_a"": 0.35, ""alpha_b"": 0.45, ""kappa_a"": 0.27999999999999997, ""kappa_b"": 0.36000000000000004, ""n_per_group"": 200000.0}",0.35,0.45,0.27999999999999997,0.36000000000000004,200000,absolute_error,0.0007699999999999339,synthetic,ALL,not_applicable,not_applicable
EXP-01,SYNTHETIC EXPERIMENT,1729,full,664a150484ed2af3,91b4e5e35293ac26,"{""alpha_a"": 0.35, ""alpha_b"": 0.5, ""kappa_a"": 0.27999999999999997, ""kappa_b"": 0.4, ""n_per_group"": 200000.0}",0.35,0.5,0.27999999999999997,0.4,200000,absolute_error,0.00035000000000008635,synthetic,ALL,not_applicable,not_applicable
EXP-01,SYNTHETIC EXPERIMENT,1729,full,664a150484ed2af3,6a57d6101833ea47,"{""alpha_a"": 0.35, ""alpha_b"": 0.55, ""kappa_a"": 0.27999999999999997, ""kappa_b"": 0.44000000000000006, ""n_per_group"": 200000.0}",0.35,0.55,0.27999999999999997,0.44000000000000006,200000,absolute_error,0.0019049999999999415,synthetic,ALL,not_applicable,not_applicable
EXP-01,SYNTHETIC EXPERIMENT,1729,full,664a150484ed2af3,003ec52360400121,"{""alpha_a"": 0.35, ""alpha_b"": 0.6, ""kappa_a"": 0.27999999999999997, ""kappa_b"": 0.48, ""n_per_group"": 200000.0}",0.35,0.6,0.27999999999999997,0.48,200000,absolute_error,0.00069000000000001,synthetic,ALL,not_applicable,not_applicable
EXP-01,SYNTHETIC EXPERIMENT,1729,full,664a150484ed2af3,8151c1081acf6482,"{""alpha_a"": 0.35, ""alpha_b"": 0.65, ""kappa_a"": 0.27999999999999997, ""kappa_b"": 0.52, ""n_per_group"": 200000.0}",0.35,0.65,0.27999999999999997,0.52,200000,absolute_error,0.000604999999999925,synthetic,ALL,not_applicable,not_applicable
EXP-01,SYNTHETIC EXPERIMENT,1729,full,664a150484ed2af3,f81d8f6eabc0273e,"{""alpha_a"": 0.35, ""alpha_b"": 0.7, ""kappa_a"": 0.27999999999999997, ""kappa_b"": 0.5599999999999999, ""n_per_group"": 200000.0}",0.35,0.7,0.27999999999999997,0.5599999999999999,200000,absolute_error,3.999999999999837e-05,synthetic,ALL,not_applicable,not_applicable
EXP-01,SYNTHETIC EXPERIMENT,1729,full,664a150484ed2af3,d11941c1c1d6866e,"{""alpha_a"": 0.35, ""alpha_b"": 0.75, ""kappa_a"": 0.27999999999999997, ""kappa_b"": 0.6000000000000001, ""n_per_group"": 200000.0}",0.35,0.75,0.27999999999999997,0.6000000000000001,200000,absolute_error,0.00023499999999991583,synthetic,ALL,not_applicable,not_applicable
EXP-01,SYNTHETIC EXPERIMENT,1729,full,664a150484ed2af3,e8a764d634ae1a8d,"{""alpha_a"": 0.35, ""alpha_b"": 0.8, ""kappa_a"": 0.27999999999999997, ""kappa_b"": 0.6400000000000001, ""n_per_group"": 200000.0}",0.35,0.8,0.27999999999999997,0.6400000000000001,200000,absolute_error,0.0006800000000000972,synthetic,ALL,not_applicable,not_applicable
EXP-01,SYNTHETIC EXPERIMENT,1729,full,664a150484ed2af3,b8492f83caf37e44,"{""alpha_a"": 0.35, ""alpha_b"": 0.85, ""kappa_a"": 0.27999999999999997, ""kappa_b"": 0.68, ""n_per_group"": 200000.0}",0.35,0.85,0.27999999999999997,0.68,200000,absolute_error,0.0013400000000000495,synthetic,ALL,not_applicable,not_applicable
EXP-01,SYNTHETIC EXPERIMENT,1729,full,664a150484ed2af3,6287da3aae39e980,"{""alpha_a"": 0.35, ""alpha_b"": 0.9, ""kappa_a"": 0.27999999999999997, ""kappa_b"": 0.7200000000000001, ""n_per_group"": 200000.0}",0.35,0.9,0.27999999999999997,0.7200000000000001,200000,absolute_error,0.00041000000000007697,synthetic,ALL,not_applicable,not_applicable
EXP-01,SYNTHETIC EXPERIMENT,1729,full,664a150484ed2af3,2b32f27fd4e80a79,"{""alpha_a"": 0.35, ""alpha_b"": 0.95, ""kappa_a"": 0.27999999999999997, ""kappa_b"": 0.76, ""n_per_group"": 200000.0}",0.35,0.95,0.27999999999999997,0.76,200000,absolute_error,0.001399999999999929,synthetic,ALL,not_applicable,not_applicable
EXP-01,SYNTHETIC EXPERIMENT,1729,full,664a150484ed2af3,4d7933012ad65dbf,"{""alpha_a"": 0.35, ""alpha_b"": 1.0, ""kappa_a"": 0.27999999999999997, ""kappa_b"": 0.8, ""n_per_group"": 200000.0}",0.35,1.0,0.27999999999999997,0.8,200000,absolute_error,0.0006849999999999357,synthetic,ALL,not_applicable,not_applicable
EXP-01,SYNTHETIC EXPERIMENT,1729,full,664a150484ed2af3,fd3ca451b2202475,"{""alpha_a"": 0.4, ""alpha_b"": 0.0, ""kappa_a"": 0.32000000000000006, ""kappa_b"": 0.0, ""n_per_group"": 200000.0}",0.4,0.0,0.32000000000000006,0.0,200000,absolute_error,0.0017550000000000066,synthetic,ALL,not_applicable,not_applicable
EXP-01,SYNTHETIC EXPERIMENT,1729,full,664a150484ed2af3,63e807603323db67,"{""alpha_a"": 0.4, ""alpha_b"": 0.05, ""kappa_a"": 0.32000000000000006, ""kappa_b"": 0.04000000000000001, ""n_per_group"": 200000.0}",0.4,0.05,0.32000000000000006,0.04000000000000001,200000,absolute_error,0.0007500000000000839,synthetic,ALL,not_applicable,not_applicable
EXP-01,SYNTHETIC EXPERIMENT,1729,full,664a150484ed2af3,9bdc3fb5a6006220,"{""alpha_a"": 0.4, ""alpha_b"": 0.1, ""kappa_a"": 0.32000000000000006, ""kappa_b"": 0.08000000000000002, ""n_per_group"": 200000.0}",0.4,0.1,0.32000000000000006,0.08000000000000002,200000,absolute_error,0.0021199999999999414,synthetic,ALL,not_applicable,not_applicable
EXP-01,SYNTHETIC EXPERIMENT,1729,full,664a150484ed2af3,97a60a27eda409c1,"{""alpha_a"": 0.4, ""alpha_b"": 0.15, ""kappa_a"": 0.32000000000000006, ""kappa_b"": 0.12, ""n_per_group"": 200000.0}",0.4,0.15,0.32000000000000006,0.12,200000,absolute_error,0.0017700000000000216,synthetic,ALL,not_applicable,not_applicable
EXP-01,SYNTHETIC EXPERIMENT,1729,full,664a150484ed2af3,7a120db23a63e449,"{""alpha_a"": 0.4, ""alpha_b"": 0.2, ""kappa_a"": 0.32000000000000006, ""kappa_b"": 0.16000000000000003, ""n_per_group"": 200000.0}",0.4,0.2,0.32000000000000006,0.16000000000000003,200000,absolute_error,0.00017999999999998573,synthetic,ALL,not_applicable,not_applicable
EXP-01,SYNTHETIC EXPERIMENT,1729,full,664a150484ed2af3,7ffcf6878c61b440,"{""alpha_a"": 0.4, ""alpha_b"": 0.25, ""kappa_a"": 0.32000000000000006, ""kappa_b"": 0.2, ""n_per_group"": 200000.0}",0.4,0.25,0.32000000000000006,0.2,200000,absolute_error,0.001360000000000014,synthetic,ALL,not_applicable,not_applicable
EXP-01,SYNTHETIC EXPERIMENT,1729,full,664a150484ed2af3,230e3561fa16a6d7,"{""alpha_a"": 0.4, ""alpha_b"": 0.3, ""kappa_a"": 0.32000000000000006, ""kappa_b"": 0.24, ""n_per_group"": 200000.0}",0.4,0.3,0.32000000000000006,0.24,200000,absolute_error,0.0007649999999999012,synthetic,ALL,not_applicable,not_applicable
EXP-01,SYNTHETIC EXPERIMENT,1729,full,664a150484ed2af3,03fbaac52b776e02,"{""alpha_a"": 0.4, ""alpha_b"": 0.35, ""kappa_a"": 0.32000000000000006, ""kappa_b"": 0.27999999999999997, ""n_per_group"": 200000.0}",0.4,0.35,0.32000000000000006,0.27999999999999997,200000,absolute_error,0.00022500000000001165,synthetic,ALL,not_applicable,not_applicable
EXP-01,SYNTHETIC EXPERIMENT,1729,full,664a150484ed2af3,03ded27d9830e29b,"{""alpha_a"": 0.4, ""alpha_b"": 0.4, ""kappa_a"": 0.32000000000000006, ""kappa_b"": 0.32000000000000006, ""n_per_group"": 200000.0}",0.4,0.4,0.32000000000000006,0.32000000000000006,200000,absolute_error,0.00042000000000008697,synthetic,ALL,not_applicable,not_applicable
EXP-01,SYNTHETIC EXPERIMENT,1729,full,664a150484ed2af3,d0089757333dae2c,"{""alpha_a"": 0.4, ""alpha_b"": 0.45, ""kappa_a"": 0.32000000000000006, ""kappa_b"": 0.36000000000000004, ""n_per_group"": 200000.0}",0.4,0.45,0.32000000000000006,0.36000000000000004,200000,absolute_error,0.0016550000000000887,synthetic,ALL,not_applicable,not_applicable
EXP-01,SYNTHETIC EXPERIMENT,1729,full,664a150484ed2af3,efd4df14d055430f,"{""alpha_a"": 0.4, ""alpha_b"": 0.5, ""kappa_a"": 0.32000000000000006, ""kappa_b"": 0.4, ""n_per_group"": 200000.0}",0.4,0.5,0.32000000000000006,0.4,200000,absolute_error,0.001195000000000026,synthetic,ALL,not_applicable,not_applicable
EXP-01,SYNTHETIC EXPERIMENT,1729,full,664a150484ed2af3,63f7ebf65d44ba8e,"{""alpha_a"": 0.4, ""alpha_b"": 0.55, ""kappa_a"": 0.32000000000000006, ""kappa_b"": 0.44000000000000006, ""n_per_group"": 200000.0}",0.4,0.55,0.32000000000000006,0.44000000000000006,200000,absolute_error,0.0003700000000000092,synthetic,ALL,not_applicable,not_applicable
EXP-01,SYNTHETIC EXPERIMENT,1729,full,664a150484ed2af3,1cc1ca6e183f8a2b,"{""alpha_a"": 0.4, ""alpha_b"": 0.6, ""kappa_a"": 0.32000000000000006, ""kappa_b"": 0.48, ""n_per_group"": 200000.0}",0.4,0.6,0.32000000000000006,0.48,200000,absolute_error,0.0012750000000000886,synthetic,ALL,not_applicable,not_applicable
EXP-01,SYNTHETIC EXPERIMENT,1729,full,664a150484ed2af3,cfb71de8aed2d04d,"{""alpha_a"": 0.4, ""alpha_b"": 0.65, ""kappa_a"": 0.32000000000000006, ""kappa_b"": 0.52, ""n_per_group"": 200000.0}",0.4,0.65,0.32000000000000006,0.52,200000,absolute_error,0.0011399999999999744,synthetic,ALL,not_applicable,not_applicable
EXP-01,SYNTHETIC EXPERIMENT,1729,full,664a150484ed2af3,e7abb5db68be3d5d,"{""alpha_a"": 0.4, ""alpha_b"": 0.7, ""kappa_a"": 0.32000000000000006, ""kappa_b"": 0.5599999999999999, ""n_per_group"": 200000.0}",0.4,0.7,0.32000000000000006,0.5599999999999999,200000,absolute_error,0.0010199999999999931,synthetic,ALL,not_applicable,not_applicable
EXP-01,SYNTHETIC EXPERIMENT,1729,full,664a150484ed2af3,103b3c3f95fd79de,"{""alpha_a"": 0.4, ""alpha_b"": 0.75, ""kappa_a"": 0.32000000000000006, ""kappa_b"": 0.6000000000000001, ""n_per_group"": 200000.0}",0.4,0.75,0.32000000000000006,0.6000000000000001,200000,absolute_error,0.0008199999999999874,synthetic,ALL,not_applicable,not_applicable
EXP-01,SYNTHETIC EXPERIMENT,1729,full,664a150484ed2af3,fa9dc58ce3a3d192,"{""alpha_a"": 0.4, ""alpha_b"": 0.8, ""kappa_a"": 0.32000000000000006, ""kappa_b"": 0.6400000000000001, ""n_per_group"": 200000.0}",0.4,0.8,0.32000000000000006,0.6400000000000001,200000,absolute_error,0.0007750000000000257,synthetic,ALL,not_applicable,not_applicable
EXP-01,SYNTHETIC EXPERIMENT,1729,full,664a150484ed2af3,09bba40ea7955ff9,"{""alpha_a"": 0.4, ""alpha_b"": 0.85, ""kappa_a"": 0.32000000000000006, ""kappa_b"": 0.68, ""n_per_group"": 200000.0}",0.4,0.85,0.32000000000000006,0.68,200000,absolute_error,0.00016999999999997573,synthetic,ALL,not_applicable,not_applicable
EXP-01,SYNTHETIC EXPERIMENT,1729,full,664a150484ed2af3,b4b59d4a4736894e,"{""alpha_a"": 0.4, ""alpha_b"": 0.9, ""kappa_a"": 0.32000000000000006, ""kappa_b"": 0.7200000000000001, ""n_per_group"": 200000.0}",0.4,0.9,0.32000000000000006,0.7200000000000001,200000,absolute_error,0.0002700000000000202,synthetic,ALL,not_applicable,not_applicable
EXP-01,SYNTHETIC EXPERIMENT,1729,full,664a150484ed2af3,e8ae8ee79c12ce05,"{""alpha_a"": 0.4, ""alpha_b"": 0.95, ""kappa_a"": 0.32000000000000006, ""kappa_b"": 0.76, ""n_per_group"": 200000.0}",0.4,0.95,0.32000000000000006,0.76,200000,absolute_error,0.0010700000000000154,synthetic,ALL,not_applicable,not_applicable
EXP-01,SYNTHETIC EXPERIMENT,1729,full,664a150484ed2af3,fdd731c5034f3760,"{""alpha_a"": 0.4, ""alpha_b"": 1.0, ""kappa_a"": 0.32000000000000006, ""kappa_b"": 0.8, ""n_per_group"": 200000.0}",0.4,1.0,0.32000000000000006,0.8,200000,absolute_error,0.0008850000000000247,synthetic,ALL,not_applicable,not_applicable
EXP-01,SYNTHETIC EXPERIMENT,1729,full,664a150484ed2af3,3bc2c22b7e765bc4,"{""alpha_a"": 0.45, ""alpha_b"": 0.0, ""kappa_a"": 0.36000000000000004, ""kappa_b"": 0.0, ""n_per_group"": 200000.0}",0.45,0.0,0.36000000000000004,0.0,200000,absolute_error,0.0030499999999999555,synthetic,ALL,not_applicable,not_applicable
EXP-01,SYNTHETIC EXPERIMENT,1729,full,664a150484ed2af3,c1c326a6a3dca213,"{""alpha_a"": 0.45, ""alpha_b"": 0.05, ""kappa_a"": 0.36000000000000004, ""kappa_b"": 0.04000000000000001, ""n_per_group"": 200000.0}",0.45,0.05,0.36000000000000004,0.04000000000000001,200000,absolute_error,0.0009100000000000219,synthetic,ALL,not_applicable,not_applicable
EXP-01,SYNTHETIC EXPERIMENT,1729,full,664a150484ed2af3,347d0774540d85da,"{""alpha_a"": 0.45, ""alpha_b"": 0.1, ""kappa_a"": 0.36000000000000004, ""kappa_b"": 0.08000000000000002, ""n_per_group"": 200000.0}",0.45,0.1,0.36000000000000004,0.08000000000000002,200000,absolute_error,0.0005299999999999749,synthetic,ALL,not_applicable,not_applicable
EXP-01,SYNTHETIC EXPERIMENT,1729,full,664a150484ed2af3,2016120a8fc63390,"{""alpha_a"": 0.45, ""alpha_b"": 0.15, ""kappa_a"": 0.36000000000000004, ""kappa_b"": 0.12, ""n_per_group"": 200000.0}",0.45,0.15,0.36000000000000004,0.12,200000,absolute_error,0.0005250000000000671,synthetic,ALL,not_applicable,not_applicable
EXP-01,SYNTHETIC EXPERIMENT,1729,full,664a150484ed2af3,1b652a39b9738507,"{""alpha_a"": 0.45, ""alpha_b"": 0.2, ""kappa_a"": 0.36000000000000004, ""kappa_b"": 0.16000000000000003, ""n_per_group"": 200000.0}",0.45,0.2,0.36000000000000004,0.16000000000000003,200000,absolute_error,0.0012399999999999772,synthetic,ALL,not_applicable,not_applicable
EXP-01,SYNTHETIC EXPERIMENT,1729,full,664a150484ed2af3,dc259b734594bede,"{""alpha_a"": 0.45, ""alpha_b"": 0.25, ""kappa_a"": 0.36000000000000004, ""kappa_b"": 0.2, ""n_per_group"": 200000.0}",0.45,0.25,0.36000000000000004,0.2,200000,absolute_error,0.0008399999999999797,synthetic,ALL,not_applicable,not_applicable
EXP-01,SYNTHETIC EXPERIMENT,1729,full,664a150484ed2af3,bce5e46cd91d2816,"{""alpha_a"": 0.45, ""alpha_b"": 0.3, ""kappa_a"": 0.36000000000000004, ""kappa_b"": 0.24, ""n_per_group"": 200000.0}",0.45,0.3,0.36000000000000004,0.24,200000,absolute_error,0.0012650000000000577,synthetic,ALL,not_applicable,not_applicable
EXP-01,SYNTHETIC EXPERIMENT,1729,full,664a150484ed2af3,91722f0d6b9ef0a3,"{""alpha_a"": 0.45, ""alpha_b"": 0.35, ""kappa_a"": 0.36000000000000004, ""kappa_b"": 0.27999999999999997, ""n_per_group"": 200000.0}",0.45,0.35,0.36000000000000004,0.27999999999999997,200000,absolute_error,0.0009250000000000681,synthetic,ALL,not_applicable,not_applicable
EXP-01,SYNTHETIC EXPERIMENT,1729,full,664a150484ed2af3,6d6fab7de068f0b7,"{""alpha_a"": 0.45, ""alpha_b"": 0.4, ""kappa_a"": 0.36000000000000004, ""kappa_b"": 0.32000000000000006, ""n_per_group"": 200000.0}",0.45,0.4,0.36000000000000004,0.32000000000000006,200000,absolute_error,0.0006049999999999823,synthetic,ALL,not_applicable,not_applicable
EXP-01,SYNTHETIC EXPERIMENT,1729,full,664a150484ed2af3,fe2e18d354fc4b93,"{""alpha_a"": 0.45, ""alpha_b"": 0.45, ""kappa_a"": 0.36000000000000004, ""kappa_b"": 0.36000000000000004, ""n_per_group"": 200000.0}",0.45,0.45,0.36000000000000004,0.36000000000000004,200000,absolute_error,0.0006950000000000012,synthetic,ALL,not_applicable,not_applicable
EXP-01,SYNTHETIC EXPERIMENT,1729,full,664a150484ed2af3,c9687dad408ba59b,"{""alpha_a"": 0.45, ""alpha_b"": 0.5, ""kappa_a"": 0.36000000000000004, ""kappa_b"": 0.4, ""n_per_group"": 200000.0}",0.45,0.5,0.36000000000000004,0.4,200000,absolute_error,0.000889999999999962,synthetic,ALL,not_applicable,not_applicable
EXP-01,SYNTHETIC EXPERIMENT,1729,full,664a150484ed2af3,46144f8fc8706c6a,"{""alpha_a"": 0.45, ""alpha_b"": 0.55, ""kappa_a"": 0.36000000000000004, ""kappa_b"": 0.44000000000000006, ""n_per_group"": 200000.0}",0.45,0.55,0.36000000000000004,0.44000000000000006,200000,absolute_error,0.0009399999999999548,synthetic,ALL,not_applicable,not_applicable
EXP-01,SYNTHETIC EXPERIMENT,1729,full,664a150484ed2af3,20e042f8fd00acde,"{""alpha_a"": 0.45, ""alpha_b"": 0.6, ""kappa_a"": 0.36000000000000004, ""kappa_b"": 0.48, ""n_per_group"": 200000.0}",0.45,0.6,0.36000000000000004,0.48,200000,absolute_error,0.0017099999999999477,synthetic,ALL,not_applicable,not_applicable
EXP-01,SYNTHETIC EXPERIMENT,1729,full,664a150484ed2af3,930255b761934dae,"{""alpha_a"": 0.45, ""alpha_b"": 0.65, ""kappa_a"": 0.36000000000000004, ""kappa_b"": 0.52, ""n_per_group"": 200000.0}",0.45,0.65,0.36000000000000004,0.52,200000,absolute_error,0.0014799999999999952,synthetic,ALL,not_applicable,not_applicable
EXP-01,SYNTHETIC EXPERIMENT,1729,full,664a150484ed2af3,1d7c482c26022f4e,"{""alpha_a"": 0.45, ""alpha_b"": 0.7, ""kappa_a"": 0.36000000000000004, ""kappa_b"": 0.5599999999999999, ""n_per_group"": 200000.0}",0.45,0.7,0.36000000000000004,0.5599999999999999,200000,absolute_error,0.0009249999999999883,synthetic,ALL,not_applicable,not_applicable
EXP-01,SYNTHETIC EXPERIMENT,1729,full,664a150484ed2af3,2ce6124126bd3e85,"{""alpha_a"": 0.45, ""alpha_b"": 0.75, ""kappa_a"": 0.36000000000000004, ""kappa_b"": 0.6000000000000001, ""n_per_group"": 200000.0}",0.45,0.75,0.36000000000000004,0.6000000000000001,200000,absolute_error,0.0017150000000000915,synthetic,ALL,not_applicable,not_applicable
EXP-01,SYNTHETIC EXPERIMENT,1729,full,664a150484ed2af3,dcc3fc77ff3c93cc,"{""alpha_a"": 0.45, ""alpha_b"": 0.8, ""kappa_a"": 0.36000000000000004, ""kappa_b"": 0.6400000000000001, ""n_per_group"": 200000.0}",0.45,0.8,0.36000000000000004,0.6400000000000001,200000,absolute_error,0.00013999999999998736,synthetic,ALL,not_applicable,not_applicable
EXP-01,SYNTHETIC EXPERIMENT,1729,full,664a150484ed2af3,32b6f44fbb5ee4e9,"{""alpha_a"": 0.45, ""alpha_b"": 0.85, ""kappa_a"": 0.36000000000000004, ""kappa_b"": 0.68, ""n_per_group"": 200000.0}",0.45,0.85,0.36000000000000004,0.68,200000,absolute_error,0.0003699999999999398,synthetic,ALL,not_applicable,not_applicable
EXP-01,SYNTHETIC EXPERIMENT,1729,full,664a150484ed2af3,937dbef27968b658,"{""alpha_a"": 0.45, ""alpha_b"": 0.9, ""kappa_a"": 0.36000000000000004, ""kappa_b"": 0.7200000000000001, ""n_per_group"": 200000.0}",0.45,0.9,0.36000000000000004,0.7200000000000001,200000,absolute_error,0.00120499999999997,synthetic,ALL,not_applicable,not_applicable
EXP-01,SYNTHETIC EXPERIMENT,1729,full,664a150484ed2af3,2db1985a44078181,"{""alpha_a"": 0.45, ""alpha_b"": 0.95, ""kappa_a"": 0.36000000000000004, ""kappa_b"": 0.76, ""n_per_group"": 200000.0}",0.45,0.95,0.36000000000000004,0.76,200000,absolute_error,0.0005349999999999383,synthetic,ALL,not_applicable,not_applicable
EXP-01,SYNTHETIC EXPERIMENT,1729,full,664a150484ed2af3,e462c422d18f96c1,"{""alpha_a"": 0.45, ""alpha_b"": 1.0, ""kappa_a"": 0.36000000000000004, ""kappa_b"": 0.8, ""n_per_group"": 200000.0}",0.45,1.0,0.36000000000000004,0.8,200000,absolute_error,0.0003250000000000475,synthetic,ALL,not_applicable,not_applicable
EXP-01,SYNTHETIC EXPERIMENT,1729,full,664a150484ed2af3,2317e2da2e740d7a,"{""alpha_a"": 0.5, ""alpha_b"": 0.0, ""kappa_a"": 0.4, ""kappa_b"": 0.0, ""n_per_group"": 200000.0}",0.5,0.0,0.4,0.0,200000,absolute_error,0.00022499999999994746,synthetic,ALL,not_applicable,not_applicable
EXP-01,SYNTHETIC EXPERIMENT,1729,full,664a150484ed2af3,5f880bbc3524c602,"{""alpha_a"": 0.5, ""alpha_b"": 0.05, ""kappa_a"": 0.4, ""kappa_b"": 0.04000000000000001, ""n_per_group"": 200000.0}",0.5,0.05,0.4,0.04000000000000001,200000,absolute_error,0.0005099999999999827,synthetic,ALL,not_applicable,not_applicable
EXP-01,SYNTHETIC EXPERIMENT,1729,full,664a150484ed2af3,cbee727bbee8b172,"{""alpha_a"": 0.5, ""alpha_b"": 0.1, ""kappa_a"": 0.4, ""kappa_b"": 0.08000000000000002, ""n_per_group"": 200000.0}",0.5,0.1,0.4,0.08000000000000002,200000,absolute_error,0.0014250000000000512,synthetic,ALL,not_applicable,not_applicable
EXP-01,SYNTHETIC EXPERIMENT,1729,full,664a150484ed2af3,c549ed94dc85c072,"{""alpha_a"": 0.5, ""alpha_b"": 0.15, ""kappa_a"": 0.4, ""kappa_b"": 0.12, ""n_per_group"": 200000.0}",0.5,0.15,0.4,0.12,200000,absolute_error,0.00026999999999993696,synthetic,ALL,not_applicable,not_applicable
EXP-01,SYNTHETIC EXPERIMENT,1729,full,664a150484ed2af3,e5c7966f86ab0d99,"{""alpha_a"": 0.5, ""alpha_b"": 0.2, ""kappa_a"": 0.4, ""kappa_b"": 0.16000000000000003, ""n_per_group"": 200000.0}",0.5,0.2,0.4,0.16000000000000003,200000,absolute_error,0.00032000000000004247,synthetic,ALL,not_applicable,not_applicable
EXP-01,SYNTHETIC EXPERIMENT,1729,full,664a150484ed2af3,51b1b4f5c30b1713,"{""alpha_a"": 0.5, ""alpha_b"": 0.25, ""kappa_a"": 0.4, ""kappa_b"": 0.2, ""n_per_group"": 200000.0}",0.5,0.25,0.4,0.2,200000,absolute_error,0.0008299999999999558,synthetic,ALL,not_applicable,not_applicable
EXP-01,SYNTHETIC EXPERIMENT,1729,full,664a150484ed2af3,72fe656b641cc483,"{""alpha_a"": 0.5, ""alpha_b"": 0.3, ""kappa_a"": 0.4, ""kappa_b"": 0.24, ""n_per_group"": 200000.0}",0.5,0.3,0.4,0.24,200000,absolute_error,0.0028749999999999887,synthetic,ALL,not_applicable,not_applicable
EXP-01,SYNTHETIC EXPERIMENT,1729,full,664a150484ed2af3,af622726dbd9c3ec,"{""alpha_a"": 0.5, ""alpha_b"": 0.35, ""kappa_a"": 0.4, ""kappa_b"": 0.27999999999999997, ""n_per_group"": 200000.0}",0.5,0.35,0.4,0.27999999999999997,200000,absolute_error,0.0018850000000000394,synthetic,ALL,not_applicable,not_applicable
EXP-01,SYNTHETIC EXPERIMENT,1729,full,664a150484ed2af3,a8d1656ae2edbe4f,"{""alpha_a"": 0.5, ""alpha_b"": 0.4, ""kappa_a"": 0.4, ""kappa_b"": 0.32000000000000006, ""n_per_group"": 200000.0}",0.5,0.4,0.4,0.32000000000000006,200000,absolute_error,7.4999999999905e-05,synthetic,ALL,not_applicable,not_applicable
EXP-01,SYNTHETIC EXPERIMENT,1729,full,664a150484ed2af3,3392003f79f25b89,"{""alpha_a"": 0.5, ""alpha_b"": 0.45, ""kappa_a"": 0.4, ""kappa_b"": 0.36000000000000004, ""n_per_group"": 200000.0}",0.5,0.45,0.4,0.36000000000000004,200000,absolute_error,0.00029500000000006084,synthetic,ALL,not_applicable,not_applicable
EXP-01,SYNTHETIC EXPERIMENT,1729,full,664a150484ed2af3,6beae1245aca91e7,"{""alpha_a"": 0.5, ""alpha_b"": 0.5, ""kappa_a"": 0.4, ""kappa_b"": 0.4, ""n_per_group"": 200000.0}",0.5,0.5,0.4,0.4,200000,absolute_error,0.0004849999999999577,synthetic,ALL,not_applicable,not_applicable
EXP-01,SYNTHETIC EXPERIMENT,1729,full,664a150484ed2af3,e09e5da7081a7b00,"{""alpha_a"": 0.5, ""alpha_b"": 0.55, ""kappa_a"": 0.4, ""kappa_b"": 0.44000000000000006, ""n_per_group"": 200000.0}",0.5,0.55,0.4,0.44000000000000006,200000,absolute_error,0.0006100000000000012,synthetic,ALL,not_applicable,not_applicable
EXP-01,SYNTHETIC EXPERIMENT,1729,full,664a150484ed2af3,1062d55c00574d05,"{""alpha_a"": 0.5, ""alpha_b"": 0.6, ""kappa_a"": 0.4, ""kappa_b"": 0.48, ""n_per_group"": 200000.0}",0.5,0.6,0.4,0.48,200000,absolute_error,0.000134999999999965,synthetic,ALL,not_applicable,not_applicable
EXP-01,SYNTHETIC EXPERIMENT,1729,full,664a150484ed2af3,d98db135ea8d5701,"{""alpha_a"": 0.5, ""alpha_b"": 0.65, ""kappa_a"": 0.4, ""kappa_b"": 0.52, ""n_per_group"": 200000.0}",0.5,0.65,0.4,0.52,200000,absolute_error,0.0005499999999999672,synthetic,ALL,not_applicable,not_applicable
EXP-01,SYNTHETIC EXPERIMENT,1729,full,664a150484ed2af3,3daace0638f99e2f,"{""alpha_a"": 0.5, ""alpha_b"": 0.7, ""kappa_a"": 0.4, ""kappa_b"": 0.5599999999999999, ""n_per_group"": 200000.0}",0.5,0.7,0.4,0.5599999999999999,200000,absolute_error,0.0004200000000000384,synthetic,ALL,not_applicable,not_applicable
EXP-01,SYNTHETIC EXPERIMENT,1729,full,664a150484ed2af3,a5041d65159fb462,"{""alpha_a"": 0.5, ""alpha_b"": 0.75, ""kappa_a"": 0.4, ""kappa_b"": 0.6000000000000001, ""n_per_group"": 200000.0}",0.5,0.75,0.4,0.6000000000000001,200000,absolute_error,0.001439999999999969,synthetic,ALL,not_applicable,not_applicable
EXP-01,SYNTHETIC EXPERIMENT,1729,full,664a150484ed2af3,ce083d1501305d1c,"{""alpha_a"": 0.5, ""alpha_b"": 0.8, ""kappa_a"": 0.4, ""kappa_b"": 0.6400000000000001, ""n_per_group"": 200000.0}",0.5,0.8,0.4,0.6400000000000001,200000,absolute_error,0.001529999999999948,synthetic,ALL,not_applicable,not_applicable
EXP-01,SYNTHETIC EXPERIMENT,1729,full,664a150484ed2af3,6b66bbcc88daace4,"{""alpha_a"": 0.5, ""alpha_b"": 0.85, ""kappa_a"": 0.4, ""kappa_b"": 0.68, ""n_per_group"": 200000.0}",0.5,0.85,0.4,0.68,200000,absolute_error,0.0006950000000000567,synthetic,ALL,not_applicable,not_applicable
EXP-01,SYNTHETIC EXPERIMENT,1729,full,664a150484ed2af3,74f5aa3687c13f75,"{""alpha_a"": 0.5, ""alpha_b"": 0.9, ""kappa_a"": 0.4, ""kappa_b"": 0.7200000000000001, ""n_per_group"": 200000.0}",0.5,0.9,0.4,0.7200000000000001,200000,absolute_error,0.0006200000000000094,synthetic,ALL,not_applicable,not_applicable
EXP-01,SYNTHETIC EXPERIMENT,1729,full,664a150484ed2af3,32688959679582cb,"{""alpha_a"": 0.5, ""alpha_b"": 0.95, ""kappa_a"": 0.4, ""kappa_b"": 0.76, ""n_per_group"": 200000.0}",0.5,0.95,0.4,0.76,200000,absolute_error,0.0022549999999999792,synthetic,ALL,not_applicable,not_applicable
EXP-01,SYNTHETIC EXPERIMENT,1729,full,664a150484ed2af3,32c63b25e253f30f,"{""alpha_a"": 0.5, ""alpha_b"": 1.0, ""kappa_a"": 0.4, ""kappa_b"": 0.8, ""n_per_group"": 200000.0}",0.5,1.0,0.4,0.8,200000,absolute_error,0.0003999999999999837,synthetic,ALL,not_applicable,not_applicable
EXP-01,SYNTHETIC EXPERIMENT,1729,full,664a150484ed2af3,98adb6a0ac9f9b3d,"{""alpha_a"": 0.55, ""alpha_b"": 0.0, ""kappa_a"": 0.44000000000000006, ""kappa_b"": 0.0, ""n_per_group"": 200000.0}",0.55,0.0,0.44000000000000006,0.0,200000,absolute_error,5.999999999992123e-05,synthetic,ALL,not_applicable,not_applicable
EXP-01,SYNTHETIC EXPERIMENT,1729,full,664a150484ed2af3,78a5de4ade8b5736,"{""alpha_a"": 0.55, ""alpha_b"": 0.05, ""kappa_a"": 0.44000000000000006, ""kappa_b"": 0.04000000000000001, ""n_per_group"": 200000.0}",0.55,0.05,0.44000000000000006,0.04000000000000001,200000,absolute_error,0.0005199999999999927,synthetic,ALL,not_applicable,not_applicable
EXP-01,SYNTHETIC EXPERIMENT,1729,full,664a150484ed2af3,4845ede7694bed0b,"{""alpha_a"": 0.55, ""alpha_b"": 0.1, ""kappa_a"": 0.44000000000000006, ""kappa_b"": 0.08000000000000002, ""n_per_group"": 200000.0}",0.55,0.1,0.44000000000000006,0.08000000000000002,200000,absolute_error,0.002504999999999938,synthetic,ALL,not_applicable,not_applicable
EXP-01,SYNTHETIC EXPERIMENT,1729,full,664a150484ed2af3,d561748042cedcef,"{""alpha_a"": 0.55, ""alpha_b"": 0.15, ""kappa_a"": 0.44000000000000006, ""kappa_b"": 0.12, ""n_per_group"": 200000.0}",0.55,0.15,0.44000000000000006,0.12,200000,absolute_error,0.0008400000000000074,synthetic,ALL,not_applicable,not_applicable
EXP-01,SYNTHETIC EXPERIMENT,1729,full,664a150484ed2af3,8751ce8981d1ab37,"{""alpha_a"": 0.55, ""alpha_b"": 0.2, ""kappa_a"": 0.44000000000000006, ""kappa_b"": 0.16000000000000003, ""n_per_group"": 200000.0}",0.55,0.2,0.44000000000000006,0.16000000000000003,200000,absolute_error,0.0005700000000000149,synthetic,ALL,not_applicable,not_applicable
EXP-01,SYNTHETIC EXPERIMENT,1729,full,664a150484ed2af3,12dfd3a079d67fa3,"{""alpha_a"": 0.55, ""alpha_b"": 0.25, ""kappa_a"": 0.44000000000000006, ""kappa_b"": 0.2, ""n_per_group"": 200000.0}",0.55,0.25,0.44000000000000006,0.2,200000,absolute_error,0.001509999999999942,synthetic,ALL,not_applicable,not_applicable
EXP-01,SYNTHETIC EXPERIMENT,1729,full,664a150484ed2af3,e4d4837ff7754ea2,"{""alpha_a"": 0.55, ""alpha_b"": 0.3, ""kappa_a"": 0.44000000000000006, ""kappa_b"": 0.24, ""n_per_group"": 200000.0}",0.55,0.3,0.44000000000000006,0.24,200000,absolute_error,0.0026399999999998924,synthetic,ALL,not_applicable,not_applicable
EXP-01,SYNTHETIC EXPERIMENT,1729,full,664a150484ed2af3,8aac5e321030839e,"{""alpha_a"": 0.55, ""alpha_b"": 0.35, ""kappa_a"": 0.44000000000000006, ""kappa_b"": 0.27999999999999997, ""n_per_group"": 200000.0}",0.55,0.35,0.44000000000000006,0.27999999999999997,200000,absolute_error,0.0012750000000000192,synthetic,ALL,not_applicable,not_applicable
EXP-01,SYNTHETIC EXPERIMENT,1729,full,664a150484ed2af3,a6e0dabdc5c1de0a,"{""alpha_a"": 0.55, ""alpha_b"": 0.4, ""kappa_a"": 0.44000000000000006, ""kappa_b"": 0.32000000000000006, ""n_per_group"": 200000.0}",0.55,0.4,0.44000000000000006,0.32000000000000006,200000,absolute_error,0.00011999999999992572,synthetic,ALL,not_applicable,not_applicable
EXP-01,SYNTHETIC EXPERIMENT,1729,full,664a150484ed2af3,6b9cb14935daa48e,"{""alpha_a"": 0.55, ""alpha_b"": 0.45, ""kappa_a"": 0.44000000000000006, ""kappa_b"": 0.36000000000000004, ""n_per_group"": 200000.0}",0.55,0.45,0.44000000000000006,0.36000000000000004,200000,absolute_error,0.0008399999999999658,synthetic,ALL,not_applicable,not_applicable
EXP-01,SYNTHETIC EXPERIMENT,1729,full,664a150484ed2af3,d23e16099cb9ffe6,"{""alpha_a"": 0.55, ""alpha_b"": 0.5, ""kappa_a"": 0.44000000000000006, ""kappa_b"": 0.4, ""n_per_group"": 200000.0}",0.55,0.5,0.44000000000000006,0.4,200000,absolute_error,0.0008100000000000902,synthetic,ALL,not_applicable,not_applicable
EXP-01,SYNTHETIC EXPERIMENT,1729,full,664a150484ed2af3,5d08b2ce05bfb185,"{""alpha_a"": 0.55, ""alpha_b"": 0.55, ""kappa_a"": 0.44000000000000006, ""kappa_b"": 0.44000000000000006, ""n_per_group"": 200000.0}",0.55,0.55,0.44000000000000006,0.44000000000000006,200000,absolute_error,9.00000000000345e-05,synthetic,ALL,not_applicable,not_applicable
EXP-01,SYNTHETIC EXPERIMENT,1729,full,664a150484ed2af3,91194d1ea7ca542b,"{""alpha_a"": 0.55, ""alpha_b"": 0.6, ""kappa_a"": 0.44000000000000006, ""kappa_b"": 0.48, ""n_per_group"": 200000.0}",0.55,0.6,0.44000000000000006,0.48,200000,absolute_error,0.0015849999999999788,synthetic,ALL,not_applicable,not_applicable
EXP-01,SYNTHETIC EXPERIMENT,1729,full,664a150484ed2af3,c8c2017e28a9d555,"{""alpha_a"": 0.55, ""alpha_b"": 0.65, ""kappa_a"": 0.44000000000000006, ""kappa_b"": 0.52, ""n_per_group"": 200000.0}",0.55,0.65,0.44000000000000006,0.52,200000,absolute_error,0.00016000000000001777,synthetic,ALL,not_applicable,not_applicable
EXP-01,SYNTHETIC EXPERIMENT,1729,full,664a150484ed2af3,23418fc93e09469c,"{""alpha_a"": 0.55, ""alpha_b"": 0.7, ""kappa_a"": 0.44000000000000006, ""kappa_b"": 0.5599999999999999, ""n_per_group"": 200000.0}",0.55,0.7,0.44000000000000006,0.5599999999999999,200000,absolute_error,6.000000000001143e-05,synthetic,ALL,not_applicable,not_applicable
EXP-01,SYNTHETIC EXPERIMENT,1729,full,664a150484ed2af3,bd14f0b165623491,"{""alpha_a"": 0.55, ""alpha_b"": 0.75, ""kappa_a"": 0.44000000000000006, ""kappa_b"": 0.6000000000000001, ""n_per_group"": 200000.0}",0.55,0.75,0.44000000000000006,0.6000000000000001,200000,absolute_error,0.00025499999999997747,synthetic,ALL,not_applicable,not_applicable
EXP-01,SYNTHETIC EXPERIMENT,1729,full,664a150484ed2af3,b88630dd87f69369,"{""alpha_a"": 0.55, ""alpha_b"": 0.8, ""kappa_a"": 0.44000000000000006, ""kappa_b"": 0.6400000000000001, ""n_per_group"": 200000.0}",0.55,0.8,0.44000000000000006,0.6400000000000001,200000,absolute_error,0.0008150000000000379,synthetic,ALL,not_applicable,not_applicable
EXP-01,SYNTHETIC EXPERIMENT,1729,full,664a150484ed2af3,6c2ec5e5c4c4d043,"{""alpha_a"": 0.55, ""alpha_b"": 0.85, ""kappa_a"": 0.44000000000000006, ""kappa_b"": 0.68, ""n_per_group"": 200000.0}",0.55,0.85,0.44000000000000006,0.68,200000,absolute_error,0.00041000000000007697,synthetic,ALL,not_applicable,not_applicable
EXP-01,SYNTHETIC EXPERIMENT,1729,full,664a150484ed2af3,b34d2bbf74338187,"{""alpha_a"": 0.55, ""alpha_b"": 0.9, ""kappa_a"": 0.44000000000000006, ""kappa_b"": 0.7200000000000001, ""n_per_group"": 200000.0}",0.55,0.9,0.44000000000000006,0.7200000000000001,200000,absolute_error,0.00028000000000000247,synthetic,ALL,not_applicable,not_applicable
EXP-01,SYNTHETIC EXPERIMENT,1729,full,664a150484ed2af3,1a35cdd70a8fdb97,"{""alpha_a"": 0.55, ""alpha_b"": 0.95, ""kappa_a"": 0.44000000000000006, ""kappa_b"": 0.76, ""n_per_group"": 200000.0}",0.55,0.95,0.44000000000000006,0.76,200000,absolute_error,0.00142000000000006,synthetic,ALL,not_applicable,not_applicable
EXP-01,SYNTHETIC EXPERIMENT,1729,full,664a150484ed2af3,e5add7c7d801a5ae,"{""alpha_a"": 0.55, ""alpha_b"": 1.0, ""kappa_a"": 0.44000000000000006, ""kappa_b"": 0.8, ""n_per_group"": 200000.0}",0.55,1.0,0.44000000000000006,0.8,200000,absolute_error,0.0007349999999999579,synthetic,ALL,not_applicable,not_applicable
EXP-01,SYNTHETIC EXPERIMENT,1729,full,664a150484ed2af3,50221bd8f402343b,"{""alpha_a"": 0.6, ""alpha_b"": 0.0, ""kappa_a"": 0.48, ""kappa_b"": 0.0, ""n_per_group"": 200000.0}",0.6,0.0,0.48,0.0,200000,absolute_error,0.0014300000000000423,synthetic,ALL,not_applicable,not_applicable
EXP-01,SYNTHETIC EXPERIMENT,1729,full,664a150484ed2af3,651eb2352d5e0ecd,"{""alpha_a"": 0.6, ""alpha_b"": 0.05, ""kappa_a"": 0.48, ""kappa_b"": 0.04000000000000001, ""n_per_group"": 200000.0}",0.6,0.05,0.48,0.04000000000000001,200000,absolute_error,0.0004550000000000942,synthetic,ALL,not_applicable,not_applicable
EXP-01,SYNTHETIC EXPERIMENT,1729,full,664a150484ed2af3,163d8f9d1b8bfe8d,"{""alpha_a"": 0.6, ""alpha_b"": 0.1, ""kappa_a"": 0.48, ""kappa_b"": 0.08000000000000002, ""n_per_group"": 200000.0}",0.6,0.1,0.48,0.08000000000000002,200000,absolute_error,5.999999999996286e-05,synthetic,ALL,not_applicable,not_applicable
EXP-01,SYNTHETIC EXPERIMENT,1729,full,664a150484ed2af3,e05d8a686a8954e9,"{""alpha_a"": 0.6, ""alpha_b"": 0.15, ""kappa_a"": 0.48, ""kappa_b"": 0.12, ""n_per_group"": 200000.0}",0.6,0.15,0.48,0.12,200000,absolute_error,3.0000000000057758e-05,synthetic,ALL,not_applicable,not_applicable
EXP-01,SYNTHETIC EXPERIMENT,1729,full,664a150484ed2af3,43d92043ecd69631,"{""alpha_a"": 0.6, ""alpha_b"": 0.2, ""kappa_a"": 0.48, ""kappa_b"": 0.16000000000000003, ""n_per_group"": 200000.0}",0.6,0.2,0.48,0.16000000000000003,200000,absolute_error,0.001649999999999957,synthetic,ALL,not_applicable,not_applicable
EXP-01,SYNTHETIC EXPERIMENT,1729,full,664a150484ed2af3,65f53042fd482273,"{""alpha_a"": 0.6, ""alpha_b"": 0.25, ""kappa_a"": 0.48, ""kappa_b"": 0.2, ""n_per_group"": 200000.0}",0.6,0.25,0.48,0.2,200000,absolute_error,0.00023500000000002685,synthetic,ALL,not_applicable,not_applicable
EXP-01,SYNTHETIC EXPERIMENT,1729,full,664a150484ed2af3,cc544c0e221b5ff2,"{""alpha_a"": 0.6, ""alpha_b"": 0.3, ""kappa_a"": 0.48, ""kappa_b"": 0.24, ""n_per_group"": 200000.0}",0.6,0.3,0.48,0.24,200000,absolute_error,0.0007849999999999802,synthetic,ALL,not_applicable,not_applicable
EXP-01,SYNTHETIC EXPERIMENT,1729,full,664a150484ed2af3,e7aaa3eb9dade217,"{""alpha_a"": 0.6, ""alpha_b"": 0.35, ""kappa_a"": 0.48, ""kappa_b"": 0.27999999999999997, ""n_per_group"": 200000.0}",0.6,0.35,0.48,0.27999999999999997,200000,absolute_error,0.000825000000000034,synthetic,ALL,not_applicable,not_applicable
EXP-01,SYNTHETIC EXPERIMENT,1729,full,664a150484ed2af3,3ac735935f127d26,"{""alpha_a"": 0.6, ""alpha_b"": 0.4, ""kappa_a"": 0.48, ""kappa_b"": 0.32000000000000006, ""n_per_group"": 200000.0}",0.6,0.4,0.48,0.32000000000000006,200000,absolute_error,0.0021100000000000077,synthetic,ALL,not_applicable,not_applicable
EXP-01,SYNTHETIC EXPERIMENT,1729,full,664a150484ed2af3,bf79925dafbd26b9,"{""alpha_a"": 0.6, ""alpha_b"": 0.45, ""kappa_a"": 0.48, ""kappa_b"": 0.36000000000000004, ""n_per_group"": 200000.0}",0.6,0.45,0.48,0.36000000000000004,200000,absolute_error,0.0006499999999999978,synthetic,ALL,not_applicable,not_applicable
EXP-01,SYNTHETIC EXPERIMENT,1729,full,664a150484ed2af3,2d923d3c491d34fb,"{""alpha_a"": 0.6, ""alpha_b"": 0.5, ""kappa_a"": 0.48, ""kappa_b"": 0.4, ""n_per_group"": 200000.0}",0.6,0.5,0.48,0.4,200000,absolute_error,0.0005850000000000889,synthetic,ALL,not_applicable,not_applicable
EXP-01,SYNTHETIC EXPERIMENT,1729,full,664a150484ed2af3,577fb647f69f629b,"{""alpha_a"": 0.6, ""alpha_b"": 0.55, ""kappa_a"": 0.48, ""kappa_b"": 0.44000000000000006, ""n_per_group"": 200000.0}",0.6,0.55,0.48,0.44000000000000006,200000,absolute_error,0.0022949999999999048,synthetic,ALL,not_applicable,not_applicable
EXP-01,SYNTHETIC EXPERIMENT,1729,full,664a150484ed2af3,780a17c5091409ed,"{""alpha_a"": 0.6, ""alpha_b"": 0.6, ""kappa_a"": 0.48, ""kappa_b"": 0.48, ""n_per_group"": 200000.0}",0.6,0.6,0.48,0.48,200000,absolute_error,0.0008899999999999464,synthetic,ALL,not_applicable,not_applicable
EXP-01,SYNTHETIC EXPERIMENT,1729,full,664a150484ed2af3,c647f1f7edbb3a38,"{""alpha_a"": 0.6, ""alpha_b"": 0.65, ""kappa_a"": 0.48, ""kappa_b"": 0.52, ""n_per_group"": 200000.0}",0.6,0.65,0.48,0.52,200000,absolute_error,0.00011499999999997797,synthetic,ALL,not_applicable,not_applicable
EXP-01,SYNTHETIC EXPERIMENT,1729,full,664a150484ed2af3,9f999dfd01025484,"{""alpha_a"": 0.6, ""alpha_b"": 0.7, ""kappa_a"": 0.48, ""kappa_b"": 0.5599999999999999, ""n_per_group"": 200000.0}",0.6,0.7,0.48,0.5599999999999999,200000,absolute_error,9.000000000000327e-05,synthetic,ALL,not_applicable,not_applicable
EXP-01,SYNTHETIC EXPERIMENT,1729,full,664a150484ed2af3,4a5d7fb971e337ce,"{""alpha_a"": 0.6, ""alpha_b"": 0.75, ""kappa_a"": 0.48, ""kappa_b"": 0.6000000000000001, ""n_per_group"": 200000.0}",0.6,0.75,0.48,0.6000000000000001,200000,absolute_error,0.00032499999999990176,synthetic,ALL,not_applicable,not_applicable
EXP-01,SYNTHETIC EXPERIMENT,1729,full,664a150484ed2af3,a186c70650e1139c,"{""alpha_a"": 0.6, ""alpha_b"": 0.8, ""kappa_a"": 0.48, ""kappa_b"": 0.6400000000000001, ""n_per_group"": 200000.0}",0.6,0.8,0.48,0.6400000000000001,200000,absolute_error,0.0007700000000000554,synthetic,ALL,not_applicable,not_applicable
EXP-01,SYNTHETIC EXPERIMENT,1729,full,664a150484ed2af3,de8705685ae9e61f,"{""alpha_a"": 0.6, ""alpha_b"": 0.85, ""kappa_a"": 0.48, ""kappa_b"": 0.68, ""n_per_group"": 200000.0}",0.6,0.85,0.48,0.68,200000,absolute_error,0.00015499999999998848,synthetic,ALL,not_applicable,not_applicable
EXP-01,SYNTHETIC EXPERIMENT,1729,full,664a150484ed2af3,694c75f683525a03,"{""alpha_a"": 0.6, ""alpha_b"": 0.9, ""kappa_a"": 0.48, ""kappa_b"": 0.7200000000000001, ""n_per_group"": 200000.0}",0.6,0.9,0.48,0.7200000000000001,200000,absolute_error,0.0027199999999998614,synthetic,ALL,not_applicable,not_applicable
EXP-01,SYNTHETIC EXPERIMENT,1729,full,664a150484ed2af3,78c170e48cdb4c3c,"{""alpha_a"": 0.6, ""alpha_b"": 0.95, ""kappa_a"": 0.48, ""kappa_b"": 0.76, ""n_per_group"": 200000.0}",0.6,0.95,0.48,0.76,200000,absolute_error,0.0004449999999999732,synthetic,ALL,not_applicable,not_applicable
EXP-01,SYNTHETIC EXPERIMENT,1729,full,664a150484ed2af3,d50ead690aaf4332,"{""alpha_a"": 0.6, ""alpha_b"": 1.0, ""kappa_a"": 0.48, ""kappa_b"": 0.8, ""n_per_group"": 200000.0}",0.6,1.0,0.48,0.8,200000,absolute_error,0.0015599999999999503,synthetic,ALL,not_applicable,not_applicable
EXP-01,SYNTHETIC EXPERIMENT,1729,full,664a150484ed2af3,8237ac1b2921d88e,"{""alpha_a"": 0.65, ""alpha_b"": 0.0, ""kappa_a"": 0.52, ""kappa_b"": 0.0, ""n_per_group"": 200000.0}",0.65,0.0,0.52,0.0,200000,absolute_error,0.0012400000000000189,synthetic,ALL,not_applicable,not_applicable
EXP-01,SYNTHETIC EXPERIMENT,1729,full,664a150484ed2af3,797d6a7e2cc9844e,"{""alpha_a"": 0.65, ""alpha_b"": 0.05, ""kappa_a"": 0.52, ""kappa_b"": 0.04000000000000001, ""n_per_group"": 200000.0}",0.65,0.05,0.52,0.04000000000000001,200000,absolute_error,0.0006950000000001122,synthetic,ALL,not_applicable,not_applicable
EXP-01,SYNTHETIC EXPERIMENT,1729,full,664a150484ed2af3,0204098df3c3b9e5,"{""alpha_a"": 0.65, ""alpha_b"": 0.1, ""kappa_a"": 0.52, ""kappa_b"": 0.08000000000000002, ""n_per_group"": 200000.0}",0.65,0.1,0.52,0.08000000000000002,200000,absolute_error,0.0006750000000000089,synthetic,ALL,not_applicable,not_applicable
EXP-01,SYNTHETIC EXPERIMENT,1729,full,664a150484ed2af3,d2ea0a9ab848cf49,"{""alpha_a"": 0.65, ""alpha_b"": 0.15, ""kappa_a"": 0.52, ""kappa_b"": 0.12, ""n_per_group"": 200000.0}",0.65,0.15,0.52,0.12,200000,absolute_error,0.0010399999999999576,synthetic,ALL,not_applicable,not_applicable
EXP-01,SYNTHETIC EXPERIMENT,1729,full,664a150484ed2af3,589f1decf964336d,"{""alpha_a"": 0.65, ""alpha_b"": 0.2, ""kappa_a"": 0.52, ""kappa_b"": 0.16000000000000003, ""n_per_group"": 200000.0}",0.65,0.2,0.52,0.16000000000000003,200000,absolute_error,0.00031499999999992645,synthetic,ALL,not_applicable,not_applicable
EXP-01,SYNTHETIC EXPERIMENT,1729,full,664a150484ed2af3,bbbcbbb934f1bd57,"{""alpha_a"": 0.65, ""alpha_b"": 0.25, ""kappa_a"": 0.52, ""kappa_b"": 0.2, ""n_per_group"": 200000.0}",0.65,0.25,0.52,0.2,200000,absolute_error,0.0010749999999999788,synthetic,ALL,not_applicable,not_applicable
EXP-01,SYNTHETIC EXPERIMENT,1729,full,664a150484ed2af3,56231ef03c73dc69,"{""alpha_a"": 0.65, ""alpha_b"": 0.3, ""kappa_a"": 0.52, ""kappa_b"": 0.24, ""n_per_group"": 200000.0}",0.65,0.3,0.52,0.24,200000,absolute_error,0.0002850000000000352,synthetic,ALL,not_applicable,not_applicable
EXP-01,SYNTHETIC EXPERIMENT,1729,full,664a150484ed2af3,d874f9b45c68c078,"{""alpha_a"": 0.65, ""alpha_b"": 0.35, ""kappa_a"": 0.52, ""kappa_b"": 0.27999999999999997, ""n_per_group"": 200000.0}",0.65,0.35,0.52,0.27999999999999997,200000,absolute_error,0.0015399999999999164,synthetic,ALL,not_applicable,not_applicable
EXP-01,SYNTHETIC EXPERIMENT,1729,full,664a150484ed2af3,c2e26c6bf8a9eb55,"{""alpha_a"": 0.65, ""alpha_b"": 0.4, ""kappa_a"": 0.52, ""kappa_b"": 0.32000000000000006, ""n_per_group"": 200000.0}",0.65,0.4,0.52,0.32000000000000006,200000,absolute_error,0.0010999999999999344,synthetic,ALL,not_applicable,not_applicable
EXP-01,SYNTHETIC EXPERIMENT,1729,full,664a150484ed2af3,52dee04e5176f973,"{""alpha_a"": 0.65, ""alpha_b"": 0.45, ""kappa_a"": 0.52, ""kappa_b"": 0.36000000000000004, ""n_per_group"": 200000.0}",0.65,0.45,0.52,0.36000000000000004,200000,absolute_error,0.0003900000000000431,synthetic,ALL,not_applicable,not_applicable
EXP-01,SYNTHETIC EXPERIMENT,1729,full,664a150484ed2af3,cb151264c8c41395,"{""alpha_a"": 0.65, ""alpha_b"": 0.5, ""kappa_a"": 0.52, ""kappa_b"": 0.4, ""n_per_group"": 200000.0}",0.65,0.5,0.52,0.4,200000,absolute_error,0.000285000000000063,synthetic,ALL,not_applicable,not_applicable
EXP-01,SYNTHETIC EXPERIMENT,1729,full,664a150484ed2af3,cb4cc85d75c9f4dc,"{""alpha_a"": 0.65, ""alpha_b"": 0.55, ""kappa_a"": 0.52, ""kappa_b"": 0.44000000000000006, ""n_per_group"": 200000.0}",0.65,0.55,0.52,0.44000000000000006,200000,absolute_error,0.00120000000000001,synthetic,ALL,not_applicable,not_applicable
EXP-01,SYNTHETIC EXPERIMENT,1729,full,664a150484ed2af3,867631e66e98681d,"{""alpha_a"": 0.65, ""alpha_b"": 0.6, ""kappa_a"": 0.52, ""kappa_b"": 0.48, ""n_per_group"": 200000.0}",0.65,0.6,0.52,0.48,200000,absolute_error,0.0008150000000000084,synthetic,ALL,not_applicable,not_applicable
EXP-01,SYNTHETIC EXPERIMENT,1729,full,664a150484ed2af3,cdde18ec67287c88,"{""alpha_a"": 0.65, ""alpha_b"": 0.65, ""kappa_a"": 0.52, ""kappa_b"": 0.52, ""n_per_group"": 200000.0}",0.65,0.65,0.52,0.52,200000,absolute_error,0.0003649999999999487,synthetic,ALL,not_applicable,not_applicable
EXP-01,SYNTHETIC EXPERIMENT,1729,full,664a150484ed2af3,8db4e03766b93699,"{""alpha_a"": 0.65, ""alpha_b"": 0.7, ""kappa_a"": 0.52, ""kappa_b"": 0.5599999999999999, ""n_per_group"": 200000.0}",0.65,0.7,0.52,0.5599999999999999,200000,absolute_error,0.00016000000000008022,synthetic,ALL,not_applicable,not_applicable
EXP-01,SYNTHETIC EXPERIMENT,1729,full,664a150484ed2af3,defa8621e1dae86e,"{""alpha_a"": 0.65, ""alpha_b"": 0.75, ""kappa_a"": 0.52, ""kappa_b"": 0.6000000000000001, ""n_per_group"": 200000.0}",0.65,0.75,0.52,0.6000000000000001,200000,absolute_error,0.001425000000000013,synthetic,ALL,not_applicable,not_applicable
EXP-01,SYNTHETIC EXPERIMENT,1729,full,664a150484ed2af3,e806bd5df6f97888,"{""alpha_a"": 0.65, ""alpha_b"": 0.8, ""kappa_a"": 0.52, ""kappa_b"": 0.6400000000000001, ""n_per_group"": 200000.0}",0.65,0.8,0.52,0.6400000000000001,200000,absolute_error,2.4999999999934797e-05,synthetic,ALL,not_applicable,not_applicable
EXP-01,SYNTHETIC EXPERIMENT,1729,full,664a150484ed2af3,0903ae1542382f5e,"{""alpha_a"": 0.65, ""alpha_b"": 0.85, ""kappa_a"": 0.52, ""kappa_b"": 0.68, ""n_per_group"": 200000.0}",0.65,0.85,0.52,0.68,200000,absolute_error,0.0006149999999999489,synthetic,ALL,not_applicable,not_applicable
EXP-01,SYNTHETIC EXPERIMENT,1729,full,664a150484ed2af3,ab1b216db6302741,"{""alpha_a"": 0.65, ""alpha_b"": 0.9, ""kappa_a"": 0.52, ""kappa_b"": 0.7200000000000001, ""n_per_group"": 200000.0}",0.65,0.9,0.52,0.7200000000000001,200000,absolute_error,0.00020499999999992746,synthetic,ALL,not_applicable,not_applicable
EXP-01,SYNTHETIC EXPERIMENT,1729,full,664a150484ed2af3,577eaa46a40bff6b,"{""alpha_a"": 0.65, ""alpha_b"": 0.95, ""kappa_a"": 0.52, ""kappa_b"": 0.76, ""n_per_group"": 200000.0}",0.65,0.95,0.52,0.76,200000,absolute_error,0.0007649999999999602,synthetic,ALL,not_applicable,not_applicable
EXP-01,SYNTHETIC EXPERIMENT,1729,full,664a150484ed2af3,341ee85502401eb8,"{""alpha_a"": 0.65, ""alpha_b"": 1.0, ""kappa_a"": 0.52, ""kappa_b"": 0.8, ""n_per_group"": 200000.0}",0.65,1.0,0.52,0.8,200000,absolute_error,0.0009499999999999509,synthetic,ALL,not_applicable,not_applicable
EXP-01,SYNTHETIC EXPERIMENT,1729,full,664a150484ed2af3,c8ddd6677f6f843b,"{""alpha_a"": 0.7, ""alpha_b"": 0.0, ""kappa_a"": 0.5599999999999999, ""kappa_b"": 0.0, ""n_per_group"": 200000.0}",0.7,0.0,0.5599999999999999,0.0,200000,absolute_error,0.0016450000000000353,synthetic,ALL,not_applicable,not_applicable
EXP-01,SYNTHETIC EXPERIMENT,1729,full,664a150484ed2af3,cecdc2a6be269b13,"{""alpha_a"": 0.7, ""alpha_b"": 0.05, ""kappa_a"": 0.5599999999999999, ""kappa_b"": 0.04000000000000001, ""n_per_group"": 200000.0}",0.7,0.05,0.5599999999999999,0.04000000000000001,200000,absolute_error,0.002039999999999903,synthetic,ALL,not_applicable,not_applicable
EXP-01,SYNTHETIC EXPERIMENT,1729,full,664a150484ed2af3,7c07722156d4753c,"{""alpha_a"": 0.7, ""alpha_b"": 0.1, ""kappa_a"": 0.5599999999999999, ""kappa_b"": 0.08000000000000002, ""n_per_group"": 200000.0}",0.7,0.1,0.5599999999999999,0.08000000000000002,200000,absolute_error,0.0010800000000000531,synthetic,ALL,not_applicable,not_applicable
EXP-01,SYNTHETIC EXPERIMENT,1729,full,664a150484ed2af3,d866b68c9353ad8e,"{""alpha_a"": 0.7, ""alpha_b"": 0.15, ""kappa_a"": 0.5599999999999999, ""kappa_b"": 0.12, ""n_per_group"": 200000.0}",0.7,0.15,0.5599999999999999,0.12,200000,absolute_error,4.499999999996174e-05,synthetic,ALL,not_applicable,not_applicable
EXP-01,SYNTHETIC EXPERIMENT,1729,full,664a150484ed2af3,22e27fd9c9b7754b,"{""alpha_a"": 0.7, ""alpha_b"": 0.2, ""kappa_a"": 0.5599999999999999, ""kappa_b"": 0.16000000000000003, ""n_per_group"": 200000.0}",0.7,0.2,0.5599999999999999,0.16000000000000003,200000,absolute_error,0.00024000000000001798,synthetic,ALL,not_applicable,not_applicable
EXP-01,SYNTHETIC EXPERIMENT,1729,full,664a150484ed2af3,47c868681941b524,"{""alpha_a"": 0.7, ""alpha_b"": 0.25, ""kappa_a"": 0.5599999999999999, ""kappa_b"": 0.2, ""n_per_group"": 200000.0}",0.7,0.25,0.5599999999999999,0.2,200000,absolute_error,0.0022799999999999626,synthetic,ALL,not_applicable,not_applicable
EXP-01,SYNTHETIC EXPERIMENT,1729,full,664a150484ed2af3,968819aff68502bb,"{""alpha_a"": 0.7, ""alpha_b"": 0.3, ""kappa_a"": 0.5599999999999999, ""kappa_b"": 0.24, ""n_per_group"": 200000.0}",0.7,0.3,0.5599999999999999,0.24,200000,absolute_error,0.0012550000000000339,synthetic,ALL,not_applicable,not_applicable
EXP-01,SYNTHETIC EXPERIMENT,1729,full,664a150484ed2af3,8ce8eb6782ff8e91,"{""alpha_a"": 0.7, ""alpha_b"": 0.35, ""kappa_a"": 0.5599999999999999, ""kappa_b"": 0.27999999999999997, ""n_per_group"": 200000.0}",0.7,0.35,0.5599999999999999,0.27999999999999997,200000,absolute_error,0.0015349999999999114,synthetic,ALL,not_applicable,not_applicable
EXP-01,SYNTHETIC EXPERIMENT,1729,full,664a150484ed2af3,c89b278373082486,"{""alpha_a"": 0.7, ""alpha_b"": 0.4, ""kappa_a"": 0.5599999999999999, ""kappa_b"": 0.32000000000000006, ""n_per_group"": 200000.0}",0.7,0.4,0.5599999999999999,0.32000000000000006,200000,absolute_error,0.0019900000000000195,synthetic,ALL,not_applicable,not_applicable
EXP-01,SYNTHETIC EXPERIMENT,1729,full,664a150484ed2af3,530dc275e5d583d5,"{""alpha_a"": 0.7, ""alpha_b"": 0.45, ""kappa_a"": 0.5599999999999999, ""kappa_b"": 0.36000000000000004, ""n_per_group"": 200000.0}",0.7,0.45,0.5599999999999999,0.36000000000000004,200000,absolute_error,0.0009749999999999828,synthetic,ALL,not_applicable,not_applicable
EXP-01,SYNTHETIC EXPERIMENT,1729,full,664a150484ed2af3,01946da20aac2037,"{""alpha_a"": 0.7, ""alpha_b"": 0.5, ""kappa_a"": 0.5599999999999999, ""kappa_b"": 0.4, ""n_per_group"": 200000.0}",0.7,0.5,0.5599999999999999,0.4,200000,absolute_error,0.00013499999999993378,synthetic,ALL,not_applicable,not_applicable
EXP-01,SYNTHETIC EXPERIMENT,1729,full,664a150484ed2af3,73e1593e0dd5e9bb,"{""alpha_a"": 0.7, ""alpha_b"": 0.55, ""kappa_a"": 0.5599999999999999, ""kappa_b"": 0.44000000000000006, ""n_per_group"": 200000.0}",0.7,0.55,0.5599999999999999,0.44000000000000006,200000,absolute_error,0.0010949999999998947,synthetic,ALL,not_applicable,not_applicable
EXP-01,SYNTHETIC EXPERIMENT,1729,full,664a150484ed2af3,62270be4752f9f93,"{""alpha_a"": 0.7, ""alpha_b"": 0.6, ""kappa_a"": 0.5599999999999999, ""kappa_b"": 0.48, ""n_per_group"": 200000.0}",0.7,0.6,0.5599999999999999,0.48,200000,absolute_error,0.001379999999999968,synthetic,ALL,not_applicable,not_applicable
EXP-01,SYNTHETIC EXPERIMENT,1729,full,664a150484ed2af3,6594a0ffafa2c5b6,"{""alpha_a"": 0.7, ""alpha_b"": 0.65, ""kappa_a"": 0.5599999999999999, ""kappa_b"": 0.52, ""n_per_group"": 200000.0}",0.7,0.65,0.5599999999999999,0.52,200000,absolute_error,0.0005099999999999792,synthetic,ALL,not_applicable,not_applicable
EXP-01,SYNTHETIC EXPERIMENT,1729,full,664a150484ed2af3,ba8e99ce6bbcaf0c,"{""alpha_a"": 0.7, ""alpha_b"": 0.7, ""kappa_a"": 0.5599999999999999, ""kappa_b"": 0.5599999999999999, ""n_per_group"": 200000.0}",0.7,0.7,0.5599999999999999,0.5599999999999999,200000,absolute_error,0.00023499999999998522,synthetic,ALL,not_applicable,not_applicable
EXP-01,SYNTHETIC EXPERIMENT,1729,full,664a150484ed2af3,bf7a34578ca9cb00,"{""alpha_a"": 0.7, ""alpha_b"": 0.75, ""kappa_a"": 0.5599999999999999, ""kappa_b"": 0.6000000000000001, ""n_per_group"": 200000.0}",0.7,0.75,0.5599999999999999,0.6000000000000001,200000,absolute_error,0.0027800000000001504,synthetic,ALL,not_applicable,not_applicable
EXP-01,SYNTHETIC EXPERIMENT,1729,full,664a150484ed2af3,67642f3a2918cae1,"{""alpha_a"": 0.7, ""alpha_b"": 0.8, ""kappa_a"": 0.5599999999999999, ""kappa_b"": 0.6400000000000001, ""n_per_group"": 200000.0}",0.7,0.8,0.5599999999999999,0.6400000000000001,200000,absolute_error,0.0003750000000000524,synthetic,ALL,not_applicable,not_applicable
EXP-01,SYNTHETIC EXPERIMENT,1729,full,664a150484ed2af3,20e2a91826b6be2d,"{""alpha_a"": 0.7, ""alpha_b"": 0.85, ""kappa_a"": 0.5599999999999999, ""kappa_b"": 0.68, ""n_per_group"": 200000.0}",0.7,0.85,0.5599999999999999,0.68,200000,absolute_error,0.0009599999999999539,synthetic,ALL,not_applicable,not_applicable
EXP-01,SYNTHETIC EXPERIMENT,1729,full,664a150484ed2af3,0a31e6d38f51fb59,"{""alpha_a"": 0.7, ""alpha_b"": 0.9, ""kappa_a"": 0.5599999999999999, ""kappa_b"": 0.7200000000000001, ""n_per_group"": 200000.0}",0.7,0.9,0.5599999999999999,0.7200000000000001,200000,absolute_error,0.0009100000000000844,synthetic,ALL,not_applicable,not_applicable
EXP-01,SYNTHETIC EXPERIMENT,1729,full,664a150484ed2af3,33190ea543da4a9e,"{""alpha_a"": 0.7, ""alpha_b"": 0.95, ""kappa_a"": 0.5599999999999999, ""kappa_b"": 0.76, ""n_per_group"": 200000.0}",0.7,0.95,0.5599999999999999,0.76,200000,absolute_error,0.00042500000000003646,synthetic,ALL,not_applicable,not_applicable
EXP-01,SYNTHETIC EXPERIMENT,1729,full,664a150484ed2af3,973027829e06a594,"{""alpha_a"": 0.7, ""alpha_b"": 1.0, ""kappa_a"": 0.5599999999999999, ""kappa_b"": 0.8, ""n_per_group"": 200000.0}",0.7,1.0,0.5599999999999999,0.8,200000,absolute_error,0.00045499999999995544,synthetic,ALL,not_applicable,not_applicable
EXP-01,SYNTHETIC EXPERIMENT,1729,full,664a150484ed2af3,145fc1da1e77a85b,"{""alpha_a"": 0.75, ""alpha_b"": 0.0, ""kappa_a"": 0.6000000000000001, ""kappa_b"": 0.0, ""n_per_group"": 200000.0}",0.75,0.0,0.6000000000000001,0.0,200000,absolute_error,0.0008099999999999774,synthetic,ALL,not_applicable,not_applicable
EXP-01,SYNTHETIC EXPERIMENT,1729,full,664a150484ed2af3,8f76757fb173207f,"{""alpha_a"": 0.75, ""alpha_b"": 0.05, ""kappa_a"": 0.6000000000000001, ""kappa_b"": 0.04000000000000001, ""n_per_group"": 200000.0}",0.75,0.05,0.6000000000000001,0.04000000000000001,200000,absolute_error,0.0005100000000000104,synthetic,ALL,not_applicable,not_applicable
EXP-01,SYNTHETIC EXPERIMENT,1729,full,664a150484ed2af3,cfc40a9c00d949bd,"{""alpha_a"": 0.75, ""alpha_b"": 0.1, ""kappa_a"": 0.6000000000000001, ""kappa_b"": 0.08000000000000002, ""n_per_group"": 200000.0}",0.75,0.1,0.6000000000000001,0.08000000000000002,200000,absolute_error,0.0009499999999998954,synthetic,ALL,not_applicable,not_applicable
EXP-01,SYNTHETIC EXPERIMENT,1729,full,664a150484ed2af3,e900d04c2a412e38,"{""alpha_a"": 0.75, ""alpha_b"": 0.15, ""kappa_a"": 0.6000000000000001, ""kappa_b"": 0.12, ""n_per_group"": 200000.0}",0.75,0.15,0.6000000000000001,0.12,200000,absolute_error,0.0005699999999999872,synthetic,ALL,not_applicable,not_applicable
EXP-01,SYNTHETIC EXPERIMENT,1729,full,664a150484ed2af3,a66da16d88db03c0,"{""alpha_a"": 0.75, ""alpha_b"": 0.2, ""kappa_a"": 0.6000000000000001, ""kappa_b"": 0.16000000000000003, ""n_per_group"": 200000.0}",0.75,0.2,0.6000000000000001,0.16000000000000003,200000,absolute_error,0.0017099999999999616,synthetic,ALL,not_applicable,not_applicable
EXP-01,SYNTHETIC EXPERIMENT,1729,full,664a150484ed2af3,71c8bf969f130e9e,"{""alpha_a"": 0.75, ""alpha_b"": 0.25, ""kappa_a"": 0.6000000000000001, ""kappa_b"": 0.2, ""n_per_group"": 200000.0}",0.75,0.25,0.6000000000000001,0.2,200000,absolute_error,0.0006000000000000033,synthetic,ALL,not_applicable,not_applicable
EXP-01,SYNTHETIC EXPERIMENT,1729,full,664a150484ed2af3,b645633783a2b5d9,"{""alpha_a"": 0.75, ""alpha_b"": 0.3, ""kappa_a"": 0.6000000000000001, ""kappa_b"": 0.24, ""n_per_group"": 200000.0}",0.75,0.3,0.6000000000000001,0.24,200000,absolute_error,0.0018350000000000866,synthetic,ALL,not_applicable,not_applicable
EXP-01,SYNTHETIC EXPERIMENT,1729,full,664a150484ed2af3,a007c6e5d67106c5,"{""alpha_a"": 0.75, ""alpha_b"": 0.35, ""kappa_a"": 0.6000000000000001, ""kappa_b"": 0.27999999999999997, ""n_per_group"": 200000.0}",0.75,0.35,0.6000000000000001,0.27999999999999997,200000,absolute_error,0.0022350000000000286,synthetic,ALL,not_applicable,not_applicable
EXP-01,SYNTHETIC EXPERIMENT,1729,full,664a150484ed2af3,973cb6ad3b163f98,"{""alpha_a"": 0.75, ""alpha_b"": 0.4, ""kappa_a"": 0.6000000000000001, ""kappa_b"": 0.32000000000000006, ""n_per_group"": 200000.0}",0.75,0.4,0.6000000000000001,0.32000000000000006,200000,absolute_error,0.0006649999999999712,synthetic,ALL,not_applicable,not_applicable
EXP-01,SYNTHETIC EXPERIMENT,1729,full,664a150484ed2af3,105e9323311e6282,"{""alpha_a"": 0.75, ""alpha_b"": 0.45, ""kappa_a"": 0.6000000000000001, ""kappa_b"": 0.36000000000000004, ""n_per_group"": 200000.0}",0.75,0.45,0.6000000000000001,0.36000000000000004,200000,absolute_error,0.0010249999999999843,synthetic,ALL,not_applicable,not_applicable
EXP-01,SYNTHETIC EXPERIMENT,1729,full,664a150484ed2af3,a6664c1a4c2d235b,"{""alpha_a"": 0.75, ""alpha_b"": 0.5, ""kappa_a"": 0.6000000000000001, ""kappa_b"": 0.4, ""n_per_group"": 200000.0}",0.75,0.5,0.6000000000000001,0.4,200000,absolute_error,0.0004299999999999582,synthetic,ALL,not_applicable,not_applicable
EXP-01,SYNTHETIC EXPERIMENT,1729,full,664a150484ed2af3,f7fd55ca8782532f,"{""alpha_a"": 0.75, ""alpha_b"": 0.55, ""kappa_a"": 0.6000000000000001, ""kappa_b"": 0.44000000000000006, ""n_per_group"": 200000.0}",0.75,0.55,0.6000000000000001,0.44000000000000006,200000,absolute_error,0.0006999999999999507,synthetic,ALL,not_applicable,not_applicable
EXP-01,SYNTHETIC EXPERIMENT,1729,full,664a150484ed2af3,3a9b935cbfa06390,"{""alpha_a"": 0.75, ""alpha_b"": 0.6, ""kappa_a"": 0.6000000000000001, ""kappa_b"": 0.48, ""n_per_group"": 200000.0}",0.75,0.6,0.6000000000000001,0.48,200000,absolute_error,0.0004849999999999646,synthetic,ALL,not_applicable,not_applicable
EXP-01,SYNTHETIC EXPERIMENT,1729,full,664a150484ed2af3,5cdb075959b10140,"{""alpha_a"": 0.75, ""alpha_b"": 0.65, ""kappa_a"": 0.6000000000000001, ""kappa_b"": 0.52, ""n_per_group"": 200000.0}",0.75,0.65,0.6000000000000001,0.52,200000,absolute_error,0.0010849999999999992,synthetic,ALL,not_applicable,not_applicable
EXP-01,SYNTHETIC EXPERIMENT,1729,full,664a150484ed2af3,3c6bd916c2e4b2d9,"{""alpha_a"": 0.75, ""alpha_b"": 0.7, ""kappa_a"": 0.6000000000000001, ""kappa_b"": 0.5599999999999999, ""n_per_group"": 200000.0}",0.75,0.7,0.6000000000000001,0.5599999999999999,200000,absolute_error,0.0008499999999998717,synthetic,ALL,not_applicable,not_applicable
EXP-01,SYNTHETIC EXPERIMENT,1729,full,664a150484ed2af3,efff14e3d6b3c324,"{""alpha_a"": 0.75, ""alpha_b"": 0.75, ""kappa_a"": 0.6000000000000001, ""kappa_b"": 0.6000000000000001, ""n_per_group"": 200000.0}",0.75,0.75,0.6000000000000001,0.6000000000000001,200000,absolute_error,0.001414999999999944,synthetic,ALL,not_applicable,not_applicable
EXP-01,SYNTHETIC EXPERIMENT,1729,full,664a150484ed2af3,6cb165316d4be7b0,"{""alpha_a"": 0.75, ""alpha_b"": 0.8, ""kappa_a"": 0.6000000000000001, ""kappa_b"": 0.6400000000000001, ""n_per_group"": 200000.0}",0.75,0.8,0.6000000000000001,0.6400000000000001,200000,absolute_error,0.0008599999999999736,synthetic,ALL,not_applicable,not_applicable
EXP-01,SYNTHETIC EXPERIMENT,1729,full,664a150484ed2af3,707d372e21aec193,"{""alpha_a"": 0.75, ""alpha_b"": 0.85, ""kappa_a"": 0.6000000000000001, ""kappa_b"": 0.68, ""n_per_group"": 200000.0}",0.75,0.85,0.6000000000000001,0.68,200000,absolute_error,0.0016100000000000315,synthetic,ALL,not_applicable,not_applicable
EXP-01,SYNTHETIC EXPERIMENT,1729,full,664a150484ed2af3,7255b40c57376a7a,"{""alpha_a"": 0.75, ""alpha_b"": 0.9, ""kappa_a"": 0.6000000000000001, ""kappa_b"": 0.7200000000000001, ""n_per_group"": 200000.0}",0.75,0.9,0.6000000000000001,0.7200000000000001,200000,absolute_error,0.0004800000000000637,synthetic,ALL,not_applicable,not_applicable
EXP-01,SYNTHETIC EXPERIMENT,1729,full,664a150484ed2af3,05d0dcea49021cc9,"{""alpha_a"": 0.75, ""alpha_b"": 0.95, ""kappa_a"": 0.6000000000000001, ""kappa_b"": 0.76, ""n_per_group"": 200000.0}",0.75,0.95,0.6000000000000001,0.76,200000,absolute_error,2.5000000000115208e-05,synthetic,ALL,not_applicable,not_applicable
EXP-01,SYNTHETIC EXPERIMENT,1729,full,664a150484ed2af3,97edfe532689cab9,"{""alpha_a"": 0.75, ""alpha_b"": 1.0, ""kappa_a"": 0.6000000000000001, ""kappa_b"": 0.8, ""n_per_group"": 200000.0}",0.75,1.0,0.6000000000000001,0.8,200000,absolute_error,0.0008999999999999564,synthetic,ALL,not_applicable,not_applicable
EXP-01,SYNTHETIC EXPERIMENT,1729,full,664a150484ed2af3,97950d1b748ef7ea,"{""alpha_a"": 0.8, ""alpha_b"": 0.0, ""kappa_a"": 0.6400000000000001, ""kappa_b"": 0.0, ""n_per_group"": 200000.0}",0.8,0.0,0.6400000000000001,0.0,200000,absolute_error,0.0007150000000001322,synthetic,ALL,not_applicable,not_applicable
EXP-01,SYNTHETIC EXPERIMENT,1729,full,664a150484ed2af3,1c35e6c663ec2953,"{""alpha_a"": 0.8, ""alpha_b"": 0.05, ""kappa_a"": 0.6400000000000001, ""kappa_b"": 0.04000000000000001, ""n_per_group"": 200000.0}",0.8,0.05,0.6400000000000001,0.04000000000000001,200000,absolute_error,0.003074999999999939,synthetic,ALL,not_applicable,not_applicable
EXP-01,SYNTHETIC EXPERIMENT,1729,full,664a150484ed2af3,19d1cdf7f2037051,"{""alpha_a"": 0.8, ""alpha_b"": 0.1, ""kappa_a"": 0.6400000000000001, ""kappa_b"": 0.08000000000000002, ""n_per_group"": 200000.0}",0.8,0.1,0.6400000000000001,0.08000000000000002,200000,absolute_error,4.499999999996174e-05,synthetic,ALL,not_applicable,not_applicable
EXP-01,SYNTHETIC EXPERIMENT,1729,full,664a150484ed2af3,f5f34d81dfa051b0,"{""alpha_a"": 0.8, ""alpha_b"": 0.15, ""kappa_a"": 0.6400000000000001, ""kappa_b"": 0.12, ""n_per_group"": 200000.0}",0.8,0.15,0.6400000000000001,0.12,200000,absolute_error,0.0006650000000000544,synthetic,ALL,not_applicable,not_applicable
EXP-01,SYNTHETIC EXPERIMENT,1729,full,664a150484ed2af3,2d5071bf7658fe7d,"{""alpha_a"": 0.8, ""alpha_b"": 0.2, ""kappa_a"": 0.6400000000000001, ""kappa_b"": 0.16000000000000003, ""n_per_group"": 200000.0}",0.8,0.2,0.6400000000000001,0.16000000000000003,200000,absolute_error,0.0008650000000001434,synthetic,ALL,not_applicable,not_applicable
EXP-01,SYNTHETIC EXPERIMENT,1729,full,664a150484ed2af3,4fee8e67e2b9ec66,"{""alpha_a"": 0.8, ""alpha_b"": 0.25, ""kappa_a"": 0.6400000000000001, ""kappa_b"": 0.2, ""n_per_group"": 200000.0}",0.8,0.25,0.6400000000000001,0.2,200000,absolute_error,0.0006200000000000094,synthetic,ALL,not_applicable,not_applicable
EXP-01,SYNTHETIC EXPERIMENT,1729,full,664a150484ed2af3,ae3f287d1d76f955,"{""alpha_a"": 0.8, ""alpha_b"": 0.3, ""kappa_a"": 0.6400000000000001, ""kappa_b"": 0.24, ""n_per_group"": 200000.0}",0.8,0.3,0.6400000000000001,0.24,200000,absolute_error,2.4999999999886224e-05,synthetic,ALL,not_applicable,not_applicable
EXP-01,SYNTHETIC EXPERIMENT,1729,full,664a150484ed2af3,c76b97e8306f63ef,"{""alpha_a"": 0.8, ""alpha_b"": 0.35, ""kappa_a"": 0.6400000000000001, ""kappa_b"": 0.27999999999999997, ""n_per_group"": 200000.0}",0.8,0.35,0.6400000000000001,0.27999999999999997,200000,absolute_error,0.0024450000000001137,synthetic,ALL,not_applicable,not_applicable
EXP-01,SYNTHETIC EXPERIMENT,1729,full,664a150484ed2af3,de387c795811cf0f,"{""alpha_a"": 0.8, ""alpha_b"": 0.4, ""kappa_a"": 0.6400000000000001, ""kappa_b"": 0.32000000000000006, ""n_per_group"": 200000.0}",0.8,0.4,0.6400000000000001,0.32000000000000006,200000,absolute_error,0.0014399999999999413,synthetic,ALL,not_applicable,not_applicable
EXP-01,SYNTHETIC EXPERIMENT,1729,full,664a150484ed2af3,9b77dfbc189e232b,"{""alpha_a"": 0.8, ""alpha_b"": 0.45, ""kappa_a"": 0.6400000000000001, ""kappa_b"": 0.36000000000000004, ""n_per_group"": 200000.0}",0.8,0.45,0.6400000000000001,0.36000000000000004,200000,absolute_error,0.0005799999999999556,synthetic,ALL,not_applicable,not_applicable
EXP-01,SYNTHETIC EXPERIMENT,1729,full,664a150484ed2af3,4dfc43254ec4a6e8,"{""alpha_a"": 0.8, ""alpha_b"": 0.5, ""kappa_a"": 0.6400000000000001, ""kappa_b"": 0.4, ""n_per_group"": 200000.0}",0.8,0.5,0.6400000000000001,0.4,200000,absolute_error,0.0002700000000000202,synthetic,ALL,not_applicable,not_applicable
EXP-01,SYNTHETIC EXPERIMENT,1729,full,664a150484ed2af3,0a648ff7295000bf,"{""alpha_a"": 0.8, ""alpha_b"": 0.55, ""kappa_a"": 0.6400000000000001, ""kappa_b"": 0.44000000000000006, ""n_per_group"": 200000.0}",0.8,0.55,0.6400000000000001,0.44000000000000006,200000,absolute_error,0.0004100000000000492,synthetic,ALL,not_applicable,not_applicable
EXP-01,SYNTHETIC EXPERIMENT,1729,full,664a150484ed2af3,c4dc5c0a530c1b1b,"{""alpha_a"": 0.8, ""alpha_b"": 0.6, ""kappa_a"": 0.6400000000000001, ""kappa_b"": 0.48, ""n_per_group"": 200000.0}",0.8,0.6,0.6400000000000001,0.48,200000,absolute_error,0.0005400000000001029,synthetic,ALL,not_applicable,not_applicable
EXP-01,SYNTHETIC EXPERIMENT,1729,full,664a150484ed2af3,2ed7cbddc74538cd,"{""alpha_a"": 0.8, ""alpha_b"": 0.65, ""kappa_a"": 0.6400000000000001, ""kappa_b"": 0.52, ""n_per_group"": 200000.0}",0.8,0.65,0.6400000000000001,0.52,200000,absolute_error,0.000539999999999867,synthetic,ALL,not_applicable,not_applicable
EXP-01,SYNTHETIC EXPERIMENT,1729,full,664a150484ed2af3,b457f6e1df0ab75b,"{""alpha_a"": 0.8, ""alpha_b"": 0.7, ""kappa_a"": 0.6400000000000001, ""kappa_b"": 0.5599999999999999, ""n_per_group"": 200000.0}",0.8,0.7,0.6400000000000001,0.5599999999999999,200000,absolute_error,0.00016999999999996532,synthetic,ALL,not_applicable,not_applicable
EXP-01,SYNTHETIC EXPERIMENT,1729,full,664a150484ed2af3,9062e32c7ea41a6e,"{""alpha_a"": 0.8, ""alpha_b"": 0.75, ""kappa_a"": 0.6400000000000001, ""kappa_b"": 0.6000000000000001, ""n_per_group"": 200000.0}",0.8,0.75,0.6400000000000001,0.6000000000000001,200000,absolute_error,0.00019999999999997624,synthetic,ALL,not_applicable,not_applicable
EXP-01,SYNTHETIC EXPERIMENT,1729,full,664a150484ed2af3,584ff44dc5b8503d,"{""alpha_a"": 0.8, ""alpha_b"": 0.8, ""kappa_a"": 0.6400000000000001, ""kappa_b"": 0.6400000000000001, ""n_per_group"": 200000.0}",0.8,0.8,0.6400000000000001,0.6400000000000001,200000,absolute_error,0.0004549999999999832,synthetic,ALL,not_applicable,not_applicable
EXP-01,SYNTHETIC EXPERIMENT,1729,full,664a150484ed2af3,3194a78f498b4839,"{""alpha_a"": 0.8, ""alpha_b"": 0.85, ""kappa_a"": 0.6400000000000001, ""kappa_b"": 0.68, ""n_per_group"": 200000.0}",0.8,0.85,0.6400000000000001,0.68,200000,absolute_error,0.0012149999999999349,synthetic,ALL,not_applicable,not_applicable
EXP-01,SYNTHETIC EXPERIMENT,1729,full,664a150484ed2af3,095e14182b8d996f,"{""alpha_a"": 0.8, ""alpha_b"": 0.9, ""kappa_a"": 0.6400000000000001, ""kappa_b"": 0.7200000000000001, ""n_per_group"": 200000.0}",0.8,0.9,0.6400000000000001,0.7200000000000001,200000,absolute_error,0.0002850000000000595,synthetic,ALL,not_applicable,not_applicable
EXP-01,SYNTHETIC EXPERIMENT,1729,full,664a150484ed2af3,3628b420734c06e1,"{""alpha_a"": 0.8, ""alpha_b"": 0.95, ""kappa_a"": 0.6400000000000001, ""kappa_b"": 0.76, ""n_per_group"": 200000.0}",0.8,0.95,0.6400000000000001,0.76,200000,absolute_error,0.0014399999999999344,synthetic,ALL,not_applicable,not_applicable
EXP-01,SYNTHETIC EXPERIMENT,1729,full,664a150484ed2af3,a70b9b85ede5eca5,"{""alpha_a"": 0.8, ""alpha_b"": 1.0, ""kappa_a"": 0.6400000000000001, ""kappa_b"": 0.8, ""n_per_group"": 200000.0}",0.8,1.0,0.6400000000000001,0.8,200000,absolute_error,0.00023000000000001491,synthetic,ALL,not_applicable,not_applicable
EXP-01,SYNTHETIC EXPERIMENT,1729,full,664a150484ed2af3,f9781a2b6bd219b5,"{""alpha_a"": 0.85, ""alpha_b"": 0.0, ""kappa_a"": 0.68, ""kappa_b"": 0.0, ""n_per_group"": 200000.0}",0.85,0.0,0.68,0.0,200000,absolute_error,4.5000000000045004e-05,synthetic,ALL,not_applicable,not_applicable
EXP-01,SYNTHETIC EXPERIMENT,1729,full,664a150484ed2af3,9e5a0860788419ba,"{""alpha_a"": 0.85, ""alpha_b"": 0.05, ""kappa_a"": 0.68, ""kappa_b"": 0.04000000000000001, ""n_per_group"": 200000.0}",0.85,0.05,0.68,0.04000000000000001,200000,absolute_error,0.00329500000000002,synthetic,ALL,not_applicable,not_applicable
EXP-01,SYNTHETIC EXPERIMENT,1729,full,664a150484ed2af3,ced6c97278427a71,"{""alpha_a"": 0.85, ""alpha_b"": 0.1, ""kappa_a"": 0.68, ""kappa_b"": 0.08000000000000002, ""n_per_group"": 200000.0}",0.85,0.1,0.68,0.08000000000000002,200000,absolute_error,2.999999999986347e-05,synthetic,ALL,not_applicable,not_applicable
EXP-01,SYNTHETIC EXPERIMENT,1729,full,664a150484ed2af3,02e538e0808d85b0,"{""alpha_a"": 0.85, ""alpha_b"": 0.15, ""kappa_a"": 0.68, ""kappa_b"": 0.12, ""n_per_group"": 200000.0}",0.85,0.15,0.68,0.12,200000,absolute_error,0.0003250000000000197,synthetic,ALL,not_applicable,not_applicable
EXP-01,SYNTHETIC EXPERIMENT,1729,full,664a150484ed2af3,e7d8eeb495b380f2,"{""alpha_a"": 0.85, ""alpha_b"": 0.2, ""kappa_a"": 0.68, ""kappa_b"": 0.16000000000000003, ""n_per_group"": 200000.0}",0.85,0.2,0.68,0.16000000000000003,200000,absolute_error,0.0011750000000000371,synthetic,ALL,not_applicable,not_applicable
EXP-01,SYNTHETIC EXPERIMENT,1729,full,664a150484ed2af3,556c5d02c8185afb,"{""alpha_a"": 0.85, ""alpha_b"": 0.25, ""kappa_a"": 0.68, ""kappa_b"": 0.2, ""n_per_group"": 200000.0}",0.85,0.25,0.68,0.2,200000,absolute_error,0.00020999999999996022,synthetic,ALL,not_applicable,not_applicable
EXP-01,SYNTHETIC EXPERIMENT,1729,full,664a150484ed2af3,5647cd0abc42783f,"{""alpha_a"": 0.85, ""alpha_b"": 0.3, ""kappa_a"": 0.68, ""kappa_b"": 0.24, ""n_per_group"": 200000.0}",0.85,0.3,0.68,0.24,200000,absolute_error,0.0010950000000000404,synthetic,ALL,not_applicable,not_applicable
EXP-01,SYNTHETIC EXPERIMENT,1729,full,664a150484ed2af3,d5b6f367e33566b8,"{""alpha_a"": 0.85, ""alpha_b"": 0.35, ""kappa_a"": 0.68, ""kappa_b"": 0.27999999999999997, ""n_per_group"": 200000.0}",0.85,0.35,0.68,0.27999999999999997,200000,absolute_error,0.0003850000000000381,synthetic,ALL,not_applicable,not_applicable
EXP-01,SYNTHETIC EXPERIMENT,1729,full,664a150484ed2af3,161108514fcc9769,"{""alpha_a"": 0.85, ""alpha_b"": 0.4, ""kappa_a"": 0.68, ""kappa_b"": 0.32000000000000006, ""n_per_group"": 200000.0}",0.85,0.4,0.68,0.32000000000000006,200000,absolute_error,0.0017000000000000626,synthetic,ALL,not_applicable,not_applicable
EXP-01,SYNTHETIC EXPERIMENT,1729,full,664a150484ed2af3,8d74d363bf5e2d6c,"{""alpha_a"": 0.85, ""alpha_b"": 0.45, ""kappa_a"": 0.68, ""kappa_b"": 0.36000000000000004, ""n_per_group"": 200000.0}",0.85,0.45,0.68,0.36000000000000004,200000,absolute_error,0.0007950000000000595,synthetic,ALL,not_applicable,not_applicable
EXP-01,SYNTHETIC EXPERIMENT,1729,full,664a150484ed2af3,c8c1d9d14a4bcd8e,"{""alpha_a"": 0.85, ""alpha_b"": 0.5, ""kappa_a"": 0.68, ""kappa_b"": 0.4, ""n_per_group"": 200000.0}",0.85,0.5,0.68,0.4,200000,absolute_error,0.0004850000000000132,synthetic,ALL,not_applicable,not_applicable
EXP-01,SYNTHETIC EXPERIMENT,1729,full,664a150484ed2af3,de79e743a6136014,"{""alpha_a"": 0.85, ""alpha_b"": 0.55, ""kappa_a"": 0.68, ""kappa_b"": 0.44000000000000006, ""n_per_group"": 200000.0}",0.85,0.55,0.68,0.44000000000000006,200000,absolute_error,0.0015599999999999503,synthetic,ALL,not_applicable,not_applicable
EXP-01,SYNTHETIC EXPERIMENT,1729,full,664a150484ed2af3,2138fa704af3ee05,"{""alpha_a"": 0.85, ""alpha_b"": 0.6, ""kappa_a"": 0.68, ""kappa_b"": 0.48, ""n_per_group"": 200000.0}",0.85,0.6,0.68,0.48,200000,absolute_error,0.0012749999999999428,synthetic,ALL,not_applicable,not_applicable
EXP-01,SYNTHETIC EXPERIMENT,1729,full,664a150484ed2af3,2149d67fc1a37171,"{""alpha_a"": 0.85, ""alpha_b"": 0.65, ""kappa_a"": 0.68, ""kappa_b"": 0.52, ""n_per_group"": 200000.0}",0.85,0.65,0.68,0.52,200000,absolute_error,0.0011149999999999494,synthetic,ALL,not_applicable,not_applicable
EXP-01,SYNTHETIC EXPERIMENT,1729,full,664a150484ed2af3,ced565f3156e4445,"{""alpha_a"": 0.85, ""alpha_b"": 0.7, ""kappa_a"": 0.68, ""kappa_b"": 0.5599999999999999, ""n_per_group"": 200000.0}",0.85,0.7,0.68,0.5599999999999999,200000,absolute_error,0.00040499999999999564,synthetic,ALL,not_applicable,not_applicable
EXP-01,SYNTHETIC EXPERIMENT,1729,full,664a150484ed2af3,c223f7771f5a85a4,"{""alpha_a"": 0.85, ""alpha_b"": 0.75, ""kappa_a"": 0.68, ""kappa_b"": 0.6000000000000001, ""n_per_group"": 200000.0}",0.85,0.75,0.68,0.6000000000000001,200000,absolute_error,0.00122000000000003,synthetic,ALL,not_applicable,not_applicable
EXP-01,SYNTHETIC EXPERIMENT,1729,full,664a150484ed2af3,77116d09b80a6189,"{""alpha_a"": 0.85, ""alpha_b"": 0.8, ""kappa_a"": 0.68, ""kappa_b"": 0.6400000000000001, ""n_per_group"": 200000.0}",0.85,0.8,0.68,0.6400000000000001,200000,absolute_error,0.0006449999999999755,synthetic,ALL,not_applicable,not_applicable
EXP-01,SYNTHETIC EXPERIMENT,1729,full,664a150484ed2af3,7081b639f8a5a0cd,"{""alpha_a"": 0.85, ""alpha_b"": 0.85, ""kappa_a"": 0.68, ""kappa_b"": 0.68, ""n_per_group"": 200000.0}",0.85,0.85,0.68,0.68,200000,absolute_error,0.001595000000000013,synthetic,ALL,not_applicable,not_applicable
EXP-01,SYNTHETIC EXPERIMENT,1729,full,664a150484ed2af3,d3fd05953a9005bb,"{""alpha_a"": 0.85, ""alpha_b"": 0.9, ""kappa_a"": 0.68, ""kappa_b"": 0.7200000000000001, ""n_per_group"": 200000.0}",0.85,0.9,0.68,0.7200000000000001,200000,absolute_error,0.00046500000000005044,synthetic,ALL,not_applicable,not_applicable
EXP-01,SYNTHETIC EXPERIMENT,1729,full,664a150484ed2af3,30d64a54cd197906,"{""alpha_a"": 0.85, ""alpha_b"": 0.95, ""kappa_a"": 0.68, ""kappa_b"": 0.76, ""n_per_group"": 200000.0}",0.85,0.95,0.68,0.76,200000,absolute_error,0.000175000000000005,synthetic,ALL,not_applicable,not_applicable
EXP-01,SYNTHETIC EXPERIMENT,1729,full,664a150484ed2af3,1ef620acc56e345b,"{""alpha_a"": 0.85, ""alpha_b"": 1.0, ""kappa_a"": 0.68, ""kappa_b"": 0.8, ""n_per_group"": 200000.0}",0.85,1.0,0.68,0.8,200000,absolute_error,0.0013049999999999728,synthetic,ALL,not_applicable,not_applicable
EXP-01,SYNTHETIC EXPERIMENT,1729,full,664a150484ed2af3,ab1f1dff446f9627,"{""alpha_a"": 0.9, ""alpha_b"": 0.0, ""kappa_a"": 0.7200000000000001, ""kappa_b"": 0.0, ""n_per_group"": 200000.0}",0.9,0.0,0.7200000000000001,0.0,200000,absolute_error,0.001540000000000069,synthetic,ALL,not_applicable,not_applicable
EXP-01,SYNTHETIC EXPERIMENT,1729,full,664a150484ed2af3,f8909135871d2e9f,"{""alpha_a"": 0.9, ""alpha_b"": 0.05, ""kappa_a"": 0.7200000000000001, ""kappa_b"": 0.04000000000000001, ""n_per_group"": 200000.0}",0.9,0.05,0.7200000000000001,0.04000000000000001,200000,absolute_error,0.0008249999999998814,synthetic,ALL,not_applicable,not_applicable
EXP-01,SYNTHETIC EXPERIMENT,1729,full,664a150484ed2af3,eb1709a63184fd7e,"{""alpha_a"": 0.9, ""alpha_b"": 0.1, ""kappa_a"": 0.7200000000000001, ""kappa_b"": 0.08000000000000002, ""n_per_group"": 200000.0}",0.9,0.1,0.7200000000000001,0.08000000000000002,200000,absolute_error,0.0005899999999999794,synthetic,ALL,not_applicable,not_applicable
EXP-01,SYNTHETIC EXPERIMENT,1729,full,664a150484ed2af3,d533a31aae3537b4,"{""alpha_a"": 0.9, ""alpha_b"": 0.15, ""kappa_a"": 0.7200000000000001, ""kappa_b"": 0.12, ""n_per_group"": 200000.0}",0.9,0.15,0.7200000000000001,0.12,200000,absolute_error,0.002395000000000036,synthetic,ALL,not_applicable,not_applicable
EXP-01,SYNTHETIC EXPERIMENT,1729,full,664a150484ed2af3,53a45e8cae2a157a,"{""alpha_a"": 0.9, ""alpha_b"": 0.2, ""kappa_a"": 0.7200000000000001, ""kappa_b"": 0.16000000000000003, ""n_per_group"": 200000.0}",0.9,0.2,0.7200000000000001,0.16000000000000003,200000,absolute_error,0.0031200000000000117,synthetic,ALL,not_applicable,not_applicable
EXP-01,SYNTHETIC EXPERIMENT,1729,full,664a150484ed2af3,75918e91d47967ba,"{""alpha_a"": 0.9, ""alpha_b"": 0.25, ""kappa_a"": 0.7200000000000001, ""kappa_b"": 0.2, ""n_per_group"": 200000.0}",0.9,0.25,0.7200000000000001,0.2,200000,absolute_error,0.0011700000000000044,synthetic,ALL,not_applicable,not_applicable
EXP-01,SYNTHETIC EXPERIMENT,1729,full,664a150484ed2af3,c0971c588524ff57,"{""alpha_a"": 0.9, ""alpha_b"": 0.3, ""kappa_a"": 0.7200000000000001, ""kappa_b"": 0.24, ""n_per_group"": 200000.0}",0.9,0.3,0.7200000000000001,0.24,200000,absolute_error,0.0006099999999998607,synthetic,ALL,not_applicable,not_applicable
EXP-01,SYNTHETIC EXPERIMENT,1729,full,664a150484ed2af3,3cd13a28a5fda48d,"{""alpha_a"": 0.9, ""alpha_b"": 0.35, ""kappa_a"": 0.7200000000000001, ""kappa_b"": 0.27999999999999997, ""n_per_group"": 200000.0}",0.9,0.35,0.7200000000000001,0.27999999999999997,200000,absolute_error,0.0011050000000000781,synthetic,ALL,not_applicable,not_applicable
EXP-01,SYNTHETIC EXPERIMENT,1729,full,664a150484ed2af3,dd85b0e934f15d7c,"{""alpha_a"": 0.9, ""alpha_b"": 0.4, ""kappa_a"": 0.7200000000000001, ""kappa_b"": 0.32000000000000006, ""n_per_group"": 200000.0}",0.9,0.4,0.7200000000000001,0.32000000000000006,200000,absolute_error,0.00030499999999997196,synthetic,ALL,not_applicable,not_applicable
EXP-01,SYNTHETIC EXPERIMENT,1729,full,664a150484ed2af3,0b952c1ec6a147ae,"{""alpha_a"": 0.9, ""alpha_b"": 0.45, ""kappa_a"": 0.7200000000000001, ""kappa_b"": 0.36000000000000004, ""n_per_group"": 200000.0}",0.9,0.45,0.7200000000000001,0.36000000000000004,200000,absolute_error,0.0019699999999999857,synthetic,ALL,not_applicable,not_applicable
EXP-01,SYNTHETIC EXPERIMENT,1729,full,664a150484ed2af3,54882e037f434319,"{""alpha_a"": 0.9, ""alpha_b"": 0.5, ""kappa_a"": 0.7200000000000001, ""kappa_b"": 0.4, ""n_per_group"": 200000.0}",0.9,0.5,0.7200000000000001,0.4,200000,absolute_error,0.0003749999999999587,synthetic,ALL,not_applicable,not_applicable
EXP-01,SYNTHETIC EXPERIMENT,1729,full,664a150484ed2af3,948cf8fc38ae3d9d,"{""alpha_a"": 0.9, ""alpha_b"": 0.55, ""kappa_a"": 0.7200000000000001, ""kappa_b"": 0.44000000000000006, ""n_per_group"": 200000.0}",0.9,0.55,0.7200000000000001,0.44000000000000006,200000,absolute_error,0.0003600000000000825,synthetic,ALL,not_applicable,not_applicable
EXP-01,SYNTHETIC EXPERIMENT,1729,full,664a150484ed2af3,40275bd2cc1519fd,"{""alpha_a"": 0.9, ""alpha_b"": 0.6, ""kappa_a"": 0.7200000000000001, ""kappa_b"": 0.48, ""n_per_group"": 200000.0}",0.9,0.6,0.7200000000000001,0.48,200000,absolute_error,0.002584999999999976,synthetic,ALL,not_applicable,not_applicable
EXP-01,SYNTHETIC EXPERIMENT,1729,full,664a150484ed2af3,5378e279713aaddc,"{""alpha_a"": 0.9, ""alpha_b"": 0.65, ""kappa_a"": 0.7200000000000001, ""kappa_b"": 0.52, ""n_per_group"": 200000.0}",0.9,0.65,0.7200000000000001,0.52,200000,absolute_error,0.0012400000000000466,synthetic,ALL,not_applicable,not_applicable
EXP-01,SYNTHETIC EXPERIMENT,1729,full,664a150484ed2af3,8c7fa91d5dca1824,"{""alpha_a"": 0.9, ""alpha_b"": 0.7, ""kappa_a"": 0.7200000000000001, ""kappa_b"": 0.5599999999999999, ""n_per_group"": 200000.0}",0.9,0.7,0.7200000000000001,0.5599999999999999,200000,absolute_error,0.0014800000000000438,synthetic,ALL,not_applicable,not_applicable
EXP-01,SYNTHETIC EXPERIMENT,1729,full,664a150484ed2af3,3bab2ab0f8f8a95d,"{""alpha_a"": 0.9, ""alpha_b"": 0.75, ""kappa_a"": 0.7200000000000001, ""kappa_b"": 0.6000000000000001, ""n_per_group"": 200000.0}",0.9,0.75,0.7200000000000001,0.6000000000000001,200000,absolute_error,0.0002999999999999392,synthetic,ALL,not_applicable,not_applicable
EXP-01,SYNTHETIC EXPERIMENT,1729,full,664a150484ed2af3,3daa5281577cd02a,"{""alpha_a"": 0.9, ""alpha_b"": 0.8, ""kappa_a"": 0.7200000000000001, ""kappa_b"": 0.6400000000000001, ""n_per_group"": 200000.0}",0.9,0.8,0.7200000000000001,0.6400000000000001,200000,absolute_error,0.0006699999999999172,synthetic,ALL,not_applicable,not_applicable
EXP-01,SYNTHETIC EXPERIMENT,1729,full,664a150484ed2af3,b2b00c3251d6757d,"{""alpha_a"": 0.9, ""alpha_b"": 0.85, ""kappa_a"": 0.7200000000000001, ""kappa_b"": 0.68, ""n_per_group"": 200000.0}",0.9,0.85,0.7200000000000001,0.68,200000,absolute_error,2.0000000000018267e-05,synthetic,ALL,not_applicable,not_applicable
EXP-01,SYNTHETIC EXPERIMENT,1729,full,664a150484ed2af3,6291f556f7b17059,"{""alpha_a"": 0.9, ""alpha_b"": 0.9, ""kappa_a"": 0.7200000000000001, ""kappa_b"": 0.7200000000000001, ""n_per_group"": 200000.0}",0.9,0.9,0.7200000000000001,0.7200000000000001,200000,absolute_error,0.0009700000000000264,synthetic,ALL,not_applicable,not_applicable
EXP-01,SYNTHETIC EXPERIMENT,1729,full,664a150484ed2af3,11168fee5bf988f4,"{""alpha_a"": 0.9, ""alpha_b"": 0.95, ""kappa_a"": 0.7200000000000001, ""kappa_b"": 0.76, ""n_per_group"": 200000.0}",0.9,0.95,0.7200000000000001,0.76,200000,absolute_error,0.0008349999999999989,synthetic,ALL,not_applicable,not_applicable
EXP-01,SYNTHETIC EXPERIMENT,1729,full,664a150484ed2af3,b274530cc3910995,"{""alpha_a"": 0.9, ""alpha_b"": 1.0, ""kappa_a"": 0.7200000000000001, ""kappa_b"": 0.8, ""n_per_group"": 200000.0}",0.9,1.0,0.7200000000000001,0.8,200000,absolute_error,5.4999999999996024e-05,synthetic,ALL,not_applicable,not_applicable
EXP-01,SYNTHETIC EXPERIMENT,1729,full,664a150484ed2af3,5633c9ce84ae305e,"{""alpha_a"": 0.95, ""alpha_b"": 0.0, ""kappa_a"": 0.76, ""kappa_b"": 0.0, ""n_per_group"": 200000.0}",0.95,0.0,0.76,0.0,200000,absolute_error,0.0015550000000000286,synthetic,ALL,not_applicable,not_applicable
EXP-01,SYNTHETIC EXPERIMENT,1729,full,664a150484ed2af3,87d9eae7355be919,"{""alpha_a"": 0.95, ""alpha_b"": 0.05, ""kappa_a"": 0.76, ""kappa_b"": 0.04000000000000001, ""n_per_group"": 200000.0}",0.95,0.05,0.76,0.04000000000000001,200000,absolute_error,0.00022499999999997522,synthetic,ALL,not_applicable,not_applicable
EXP-01,SYNTHETIC EXPERIMENT,1729,full,664a150484ed2af3,14a47a958260d942,"{""alpha_a"": 0.95, ""alpha_b"": 0.1, ""kappa_a"": 0.76, ""kappa_b"": 0.08000000000000002, ""n_per_group"": 200000.0}",0.95,0.1,0.76,0.08000000000000002,200000,absolute_error,0.0011450000000000071,synthetic,ALL,not_applicable,not_applicable
EXP-01,SYNTHETIC EXPERIMENT,1729,full,664a150484ed2af3,b156e709015040b8,"{""alpha_a"": 0.95, ""alpha_b"": 0.15, ""kappa_a"": 0.76, ""kappa_b"": 0.12, ""n_per_group"": 200000.0}",0.95,0.15,0.76,0.12,200000,absolute_error,9.50000000000395e-05,synthetic,ALL,not_applicable,not_applicable
EXP-01,SYNTHETIC EXPERIMENT,1729,full,664a150484ed2af3,cc2dec4fa21443ee,"{""alpha_a"": 0.95, ""alpha_b"": 0.2, ""kappa_a"": 0.76, ""kappa_b"": 0.16000000000000003, ""n_per_group"": 200000.0}",0.95,0.2,0.76,0.16000000000000003,200000,absolute_error,0.0012799999999999756,synthetic,ALL,not_applicable,not_applicable
EXP-01,SYNTHETIC EXPERIMENT,1729,full,664a150484ed2af3,8ff05077826224c4,"{""alpha_a"": 0.95, ""alpha_b"": 0.25, ""kappa_a"": 0.76, ""kappa_b"": 0.2, ""n_per_group"": 200000.0}",0.95,0.25,0.76,0.2,200000,absolute_error,0.00024500000000005073,synthetic,ALL,not_applicable,not_applicable
EXP-01,SYNTHETIC EXPERIMENT,1729,full,664a150484ed2af3,2dd6d771e826206c,"{""alpha_a"": 0.95, ""alpha_b"": 0.3, ""kappa_a"": 0.76, ""kappa_b"": 0.24, ""n_per_group"": 200000.0}",0.95,0.3,0.76,0.24,200000,absolute_error,0.0007150000000000212,synthetic,ALL,not_applicable,not_applicable
EXP-01,SYNTHETIC EXPERIMENT,1729,full,664a150484ed2af3,ce77a76dc99a21ea,"{""alpha_a"": 0.95, ""alpha_b"": 0.35, ""kappa_a"": 0.76, ""kappa_b"": 0.27999999999999997, ""n_per_group"": 200000.0}",0.95,0.35,0.76,0.27999999999999997,200000,absolute_error,0.0010550000000000004,synthetic,ALL,not_applicable,not_applicable
EXP-01,SYNTHETIC EXPERIMENT,1729,full,664a150484ed2af3,52da6160cf2de3c4,"{""alpha_a"": 0.95, ""alpha_b"": 0.4, ""kappa_a"": 0.76, ""kappa_b"": 0.32000000000000006, ""n_per_group"": 200000.0}",0.95,0.4,0.76,0.32000000000000006,200000,absolute_error,0.0006450000000000067,synthetic,ALL,not_applicable,not_applicable
EXP-01,SYNTHETIC EXPERIMENT,1729,full,664a150484ed2af3,ee2d4704f4ff1cd7,"{""alpha_a"": 0.95, ""alpha_b"": 0.45, ""kappa_a"": 0.76, ""kappa_b"": 0.36000000000000004, ""n_per_group"": 200000.0}",0.95,0.45,0.76,0.36000000000000004,200000,absolute_error,9.999999999940612e-06,synthetic,ALL,not_applicable,not_applicable
EXP-01,SYNTHETIC EXPERIMENT,1729,full,664a150484ed2af3,7b51dc8a6ce67673,"{""alpha_a"": 0.95, ""alpha_b"": 0.5, ""kappa_a"": 0.76, ""kappa_b"": 0.4, ""n_per_group"": 200000.0}",0.95,0.5,0.76,0.4,200000,absolute_error,0.0014149999999999718,synthetic,ALL,not_applicable,not_applicable
EXP-01,SYNTHETIC EXPERIMENT,1729,full,664a150484ed2af3,343cce933bb0a64e,"{""alpha_a"": 0.95, ""alpha_b"": 0.55, ""kappa_a"": 0.76, ""kappa_b"": 0.44000000000000006, ""n_per_group"": 200000.0}",0.95,0.55,0.76,0.44000000000000006,200000,absolute_error,0.0005400000000000127,synthetic,ALL,not_applicable,not_applicable
EXP-01,SYNTHETIC EXPERIMENT,1729,full,664a150484ed2af3,658610aeb2a013a1,"{""alpha_a"": 0.95, ""alpha_b"": 0.6, ""kappa_a"": 0.76, ""kappa_b"": 0.48, ""n_per_group"": 200000.0}",0.95,0.6,0.76,0.48,200000,absolute_error,8.00000000000245e-05,synthetic,ALL,not_applicable,not_applicable
EXP-01,SYNTHETIC EXPERIMENT,1729,full,664a150484ed2af3,951bda2798672300,"{""alpha_a"": 0.95, ""alpha_b"": 0.65, ""kappa_a"": 0.76, ""kappa_b"": 0.52, ""n_per_group"": 200000.0}",0.95,0.65,0.76,0.52,200000,absolute_error,0.0013099999999999778,synthetic,ALL,not_applicable,not_applicable
EXP-01,SYNTHETIC EXPERIMENT,1729,full,664a150484ed2af3,11b8343c419f08cb,"{""alpha_a"": 0.95, ""alpha_b"": 0.7, ""kappa_a"": 0.76, ""kappa_b"": 0.5599999999999999, ""n_per_group"": 200000.0}",0.95,0.7,0.76,0.5599999999999999,200000,absolute_error,0.0003100000000000047,synthetic,ALL,not_applicable,not_applicable
EXP-01,SYNTHETIC EXPERIMENT,1729,full,664a150484ed2af3,2dc2c06025d58f87,"{""alpha_a"": 0.95, ""alpha_b"": 0.75, ""kappa_a"": 0.76, ""kappa_b"": 0.6000000000000001, ""n_per_group"": 200000.0}",0.95,0.75,0.76,0.6000000000000001,200000,absolute_error,0.0013200000000000364,synthetic,ALL,not_applicable,not_applicable
EXP-01,SYNTHETIC EXPERIMENT,1729,full,664a150484ed2af3,29e3d6f7e7ccee2c,"{""alpha_a"": 0.95, ""alpha_b"": 0.8, ""kappa_a"": 0.76, ""kappa_b"": 0.6400000000000001, ""n_per_group"": 200000.0}",0.95,0.8,0.76,0.6400000000000001,200000,absolute_error,0.0010350000000000706,synthetic,ALL,not_applicable,not_applicable
EXP-01,SYNTHETIC EXPERIMENT,1729,full,664a150484ed2af3,1f172d7a007e431d,"{""alpha_a"": 0.95, ""alpha_b"": 0.85, ""kappa_a"": 0.76, ""kappa_b"": 0.68, ""n_per_group"": 200000.0}",0.95,0.85,0.76,0.68,200000,absolute_error,0.0003800000000000782,synthetic,ALL,not_applicable,not_applicable
EXP-01,SYNTHETIC EXPERIMENT,1729,full,664a150484ed2af3,1039b38374920886,"{""alpha_a"": 0.95, ""alpha_b"": 0.9, ""kappa_a"": 0.76, ""kappa_b"": 0.7200000000000001, ""n_per_group"": 200000.0}",0.95,0.9,0.76,0.7200000000000001,200000,absolute_error,0.0002049999999999795,synthetic,ALL,not_applicable,not_applicable
EXP-01,SYNTHETIC EXPERIMENT,1729,full,664a150484ed2af3,35e289ecf7055aad,"{""alpha_a"": 0.95, ""alpha_b"": 0.95, ""kappa_a"": 0.76, ""kappa_b"": 0.76, ""n_per_group"": 200000.0}",0.95,0.95,0.76,0.76,200000,absolute_error,0.0018299999999999983,synthetic,ALL,not_applicable,not_applicable
EXP-01,SYNTHETIC EXPERIMENT,1729,full,664a150484ed2af3,7714a258a40341b3,"{""alpha_a"": 0.95, ""alpha_b"": 1.0, ""kappa_a"": 0.76, ""kappa_b"": 0.8, ""n_per_group"": 200000.0}",0.95,1.0,0.76,0.8,200000,absolute_error,0.00026999999999999073,synthetic,ALL,not_applicable,not_applicable
EXP-01,SYNTHETIC EXPERIMENT,1729,full,664a150484ed2af3,66d972889c47415f,"{""alpha_a"": 1.0, ""alpha_b"": 0.0, ""kappa_a"": 0.8, ""kappa_b"": 0.0, ""n_per_group"": 200000.0}",1.0,0.0,0.8,0.0,200000,absolute_error,0.00015500000000007175,synthetic,ALL,not_applicable,not_applicable
EXP-01,SYNTHETIC EXPERIMENT,1729,full,664a150484ed2af3,a79c80755cbc8c27,"{""alpha_a"": 1.0, ""alpha_b"": 0.05, ""kappa_a"": 0.8, ""kappa_b"": 0.04000000000000001, ""n_per_group"": 200000.0}",1.0,0.05,0.8,0.04000000000000001,200000,absolute_error,0.00038500000000013523,synthetic,ALL,not_applicable,not_applicable
EXP-01,SYNTHETIC EXPERIMENT,1729,full,664a150484ed2af3,a49454091edc07ae,"{""alpha_a"": 1.0, ""alpha_b"": 0.1, ""kappa_a"": 0.8, ""kappa_b"": 0.08000000000000002, ""n_per_group"": 200000.0}",1.0,0.1,0.8,0.08000000000000002,200000,absolute_error,0.0008750000000000147,synthetic,ALL,not_applicable,not_applicable
EXP-01,SYNTHETIC EXPERIMENT,1729,full,664a150484ed2af3,cc481bb19a6b0b5a,"{""alpha_a"": 1.0, ""alpha_b"": 0.15, ""kappa_a"": 0.8, ""kappa_b"": 0.12, ""n_per_group"": 200000.0}",1.0,0.15,0.8,0.12,200000,absolute_error,0.00019500000000002848,synthetic,ALL,not_applicable,not_applicable
EXP-01,SYNTHETIC EXPERIMENT,1729,full,664a150484ed2af3,fc813012b4b7092e,"{""alpha_a"": 1.0, ""alpha_b"": 0.2, ""kappa_a"": 0.8, ""kappa_b"": 0.16000000000000003, ""n_per_group"": 200000.0}",1.0,0.2,0.8,0.16000000000000003,200000,absolute_error,0.00041500000000002646,synthetic,ALL,not_applicable,not_applicable
EXP-01,SYNTHETIC EXPERIMENT,1729,full,664a150484ed2af3,80e9c6fbe0f19991,"{""alpha_a"": 1.0, ""alpha_b"": 0.25, ""kappa_a"": 0.8, ""kappa_b"": 0.2, ""n_per_group"": 200000.0}",1.0,0.25,0.8,0.2,200000,absolute_error,0.0011999999999999789,synthetic,ALL,not_applicable,not_applicable
EXP-01,SYNTHETIC EXPERIMENT,1729,full,664a150484ed2af3,52aa40ec77179569,"{""alpha_a"": 1.0, ""alpha_b"": 0.3, ""kappa_a"": 0.8, ""kappa_b"": 0.24, ""n_per_group"": 200000.0}",1.0,0.3,0.8,0.24,200000,absolute_error,0.00038000000000004697,synthetic,ALL,not_applicable,not_applicable
EXP-01,SYNTHETIC EXPERIMENT,1729,full,664a150484ed2af3,0d10be1ecbb2d950,"{""alpha_a"": 1.0, ""alpha_b"": 0.35, ""kappa_a"": 0.8, ""kappa_b"": 0.27999999999999997, ""n_per_group"": 200000.0}",1.0,0.35,0.8,0.27999999999999997,200000,absolute_error,0.0011600000000000499,synthetic,ALL,not_applicable,not_applicable
EXP-01,SYNTHETIC EXPERIMENT,1729,full,664a150484ed2af3,8c1caf3d867f4d4f,"{""alpha_a"": 1.0, ""alpha_b"": 0.4, ""kappa_a"": 0.8, ""kappa_b"": 0.32000000000000006, ""n_per_group"": 200000.0}",1.0,0.4,0.8,0.32000000000000006,200000,absolute_error,0.0006150000000000322,synthetic,ALL,not_applicable,not_applicable
EXP-01,SYNTHETIC EXPERIMENT,1729,full,664a150484ed2af3,e94e5c7b51f82ad1,"{""alpha_a"": 1.0, ""alpha_b"": 0.45, ""kappa_a"": 0.8, ""kappa_b"": 0.36000000000000004, ""n_per_group"": 200000.0}",1.0,0.45,0.8,0.36000000000000004,200000,absolute_error,0.00132999999999997,synthetic,ALL,not_applicable,not_applicable
EXP-01,SYNTHETIC EXPERIMENT,1729,full,664a150484ed2af3,b85d6f9bfbdb7274,"{""alpha_a"": 1.0, ""alpha_b"": 0.5, ""kappa_a"": 0.8, ""kappa_b"": 0.4, ""n_per_group"": 200000.0}",1.0,0.5,0.8,0.4,200000,absolute_error,0.0005650000000000099,synthetic,ALL,not_applicable,not_applicable
EXP-01,SYNTHETIC EXPERIMENT,1729,full,664a150484ed2af3,87186b121909ae7d,"{""alpha_a"": 1.0, ""alpha_b"": 0.55, ""kappa_a"": 0.8, ""kappa_b"": 0.44000000000000006, ""n_per_group"": 200000.0}",1.0,0.55,0.8,0.44000000000000006,200000,absolute_error,0.00011999999999998123,synthetic,ALL,not_applicable,not_applicable
EXP-01,SYNTHETIC EXPERIMENT,1729,full,664a150484ed2af3,6d7f419530a493fb,"{""alpha_a"": 1.0, ""alpha_b"": 0.6, ""kappa_a"": 0.8, ""kappa_b"": 0.48, ""n_per_group"": 200000.0}",1.0,0.6,0.8,0.48,200000,absolute_error,0.000450000000000117,synthetic,ALL,not_applicable,not_applicable
EXP-01,SYNTHETIC EXPERIMENT,1729,full,664a150484ed2af3,aa98dcb952c92d8b,"{""alpha_a"": 1.0, ""alpha_b"": 0.65, ""kappa_a"": 0.8, ""kappa_b"": 0.52, ""n_per_group"": 200000.0}",1.0,0.65,0.8,0.52,200000,absolute_error,0.0016799999999999593,synthetic,ALL,not_applicable,not_applicable
EXP-01,SYNTHETIC EXPERIMENT,1729,full,664a150484ed2af3,dfadfc5954bc9544,"{""alpha_a"": 1.0, ""alpha_b"": 0.7, ""kappa_a"": 0.8, ""kappa_b"": 0.5599999999999999, ""n_per_group"": 200000.0}",1.0,0.7,0.8,0.5599999999999999,200000,absolute_error,1.9999999999936735e-05,synthetic,ALL,not_applicable,not_applicable
EXP-01,SYNTHETIC EXPERIMENT,1729,full,664a150484ed2af3,ab199ab5679d0861,"{""alpha_a"": 1.0, ""alpha_b"": 0.75, ""kappa_a"": 0.8, ""kappa_b"": 0.6000000000000001, ""n_per_group"": 200000.0}",1.0,0.75,0.8,0.6000000000000001,200000,absolute_error,0.0006149999999999767,synthetic,ALL,not_applicable,not_applicable
EXP-01,SYNTHETIC EXPERIMENT,1729,full,664a150484ed2af3,5973fabcadefed44,"{""alpha_a"": 1.0, ""alpha_b"": 0.8, ""kappa_a"": 0.8, ""kappa_b"": 0.6400000000000001, ""n_per_group"": 200000.0}",1.0,0.8,0.8,0.6400000000000001,200000,absolute_error,0.00015000000000003205,synthetic,ALL,not_applicable,not_applicable
EXP-01,SYNTHETIC EXPERIMENT,1729,full,664a150484ed2af3,1af21e3107bce179,"{""alpha_a"": 1.0, ""alpha_b"": 0.85, ""kappa_a"": 0.8, ""kappa_b"": 0.68, ""n_per_group"": 200000.0}",1.0,0.85,0.8,0.68,200000,absolute_error,7.000000000009776e-05,synthetic,ALL,not_applicable,not_applicable
EXP-01,SYNTHETIC EXPERIMENT,1729,full,664a150484ed2af3,5ff3a7d612399c5f,"{""alpha_a"": 1.0, ""alpha_b"": 0.9, ""kappa_a"": 0.8, ""kappa_b"": 0.7200000000000001, ""n_per_group"": 200000.0}",1.0,0.9,0.8,0.7200000000000001,200000,absolute_error,0.0014149999999999753,synthetic,ALL,not_applicable,not_applicable
EXP-01,SYNTHETIC EXPERIMENT,1729,full,664a150484ed2af3,0099810ce775e549,"{""alpha_a"": 1.0, ""alpha_b"": 0.95, ""kappa_a"": 0.8, ""kappa_b"": 0.76, ""n_per_group"": 200000.0}",1.0,0.95,0.8,0.76,200000,absolute_error,0.000244999999999938,synthetic,ALL,not_applicable,not_applicable
EXP-01,SYNTHETIC EXPERIMENT,1729,full,664a150484ed2af3,2450bd4c8c541d36,"{""alpha_a"": 1.0, ""alpha_b"": 1.0, ""kappa_a"": 0.8, ""kappa_b"": 0.8, ""n_per_group"": 200000.0}",1.0,1.0,0.8,0.8,200000,absolute_error,0.0011149999999999771,synthetic,ALL,not_applicable,not_applicable
