experiment_id,experiment_type,seed,configuration,config_hash,parameter_key,parameter_json,budget,policy,metric,value,dataset,group,model,method
EXP-04,SYNTHETIC EXPERIMENT,1737,full,664a150484ed2af3,73d6f8014e947ad3,"{""budget"": 0.0, ""policy"": ""B0_no_appeal_assistance""}",0.0,B0_no_appeal_assistance,u_a,0.0,synthetic,ALL,not_applicable,not_applicable
EXP-04,SYNTHETIC EXPERIMENT,1737,full,664a150484ed2af3,aca846dea2532e7e,"{""budget"": 0.0, ""policy"": ""B2_uniform""}",0.0,B2_uniform,u_a,0.0,synthetic,ALL,not_applicable,not_applicable
EXP-04,SYNTHETIC EXPERIMENT,1737,full,664a150484ed2af3,6e29a68104e2b4d6,"{""budget"": 0.0, ""policy"": ""B3_random""}",0.0,B3_random,u_a,0.0,synthetic,ALL,not_applicable,not_applicable
EXP-04,SYNTHETIC EXPERIMENT,1737,full,664a150484ed2af3,f7d7416c21ccbea3,"{""budget"": 0.0, ""policy"": ""B4_expected_corrections""}",0.0,B4_expected_corrections,u_a,0.0,synthetic,ALL,not_applicable,not_applicable
EXP-04,SYNTHETIC EXPERIMENT,1737,full,664a150484ed2af3,fcef31f7a7ff0ec8,"{""budget"": 0.0, ""policy"": ""additional_proportional_need""}",0.0,additional_proportional_need,u_a,0.0,synthetic,ALL,not_applicable,not_applicable
EXP-04,SYNTHETIC EXPERIMENT,1737,full,664a150484ed2af3,8af685c39754bc50,"{""budget"": 0.0, ""policy"": ""B5_welfare_optimum""}",0.0,B5_welfare_optimum,u_a,0.0,synthetic,ALL,not_applicable,not_applicable
EXP-04,SYNTHETIC EXPERIMENT,1737,full,664a150484ed2af3,b98b64a27a69ce9d,"{""budget"": 0.0, ""policy"": ""B6_fairness_aware_minimax""}",0.0,B6_fairness_aware_minimax,u_a,0.0,synthetic,ALL,not_applicable,not_applicable
EXP-04,SYNTHETIC EXPERIMENT,1737,full,664a150484ed2af3,47f55405ddee6936,"{""budget"": 0.1, ""policy"": ""B0_no_appeal_assistance""}",0.1,B0_no_appeal_assistance,u_a,0.0,synthetic,ALL,not_applicable,not_applicable
EXP-04,SYNTHETIC EXPERIMENT,1737,full,664a150484ed2af3,505387199cc41cd9,"{""budget"": 0.1, ""policy"": ""B2_uniform""}",0.1,B2_uniform,u_a,0.05,synthetic,ALL,not_applicable,not_applicable
EXP-04,SYNTHETIC EXPERIMENT,1737,full,664a150484ed2af3,715409da736e3890,"{""budget"": 0.1, ""policy"": ""B3_random""}",0.1,B3_random,u_a,0.09512342868929642,synthetic,ALL,not_applicable,not_applicable
EXP-04,SYNTHETIC EXPERIMENT,1737,full,664a150484ed2af3,b39d7f3930a2a13a,"{""budget"": 0.1, ""policy"": ""B4_expected_corrections""}",0.1,B4_expected_corrections,u_a,0.1,synthetic,ALL,not_applicable,not_applicable
EXP-04,SYNTHETIC EXPERIMENT,1737,full,664a150484ed2af3,bbdfdf36465e1dbf,"{""budget"": 0.1, ""policy"": ""additional_proportional_need""}",0.1,additional_proportional_need,u_a,0.06153846153846155,synthetic,ALL,not_applicable,not_applicable
EXP-04,SYNTHETIC EXPERIMENT,1737,full,664a150484ed2af3,8445721da1bb125c,"{""budget"": 0.1, ""policy"": ""B5_welfare_optimum""}",0.1,B5_welfare_optimum,u_a,0.1000000000000001,synthetic,ALL,not_applicable,not_applicable
EXP-04,SYNTHETIC EXPERIMENT,1737,full,664a150484ed2af3,7c24c4924a67aa87,"{""budget"": 0.1, ""policy"": ""B6_fairness_aware_minimax""}",0.1,B6_fairness_aware_minimax,u_a,0.09999999999999991,synthetic,ALL,not_applicable,not_applicable
EXP-04,SYNTHETIC EXPERIMENT,1737,full,664a150484ed2af3,3fe95d7db7362d2b,"{""budget"": 0.25, ""policy"": ""B0_no_appeal_assistance""}",0.25,B0_no_appeal_assistance,u_a,0.0,synthetic,ALL,not_applicable,not_applicable
EXP-04,SYNTHETIC EXPERIMENT,1737,full,664a150484ed2af3,ae1eade03f0034ec,"{""budget"": 0.25, ""policy"": ""B2_uniform""}",0.25,B2_uniform,u_a,0.125,synthetic,ALL,not_applicable,not_applicable
EXP-04,SYNTHETIC EXPERIMENT,1737,full,664a150484ed2af3,f7a6bf97e850c200,"{""budget"": 0.25, ""policy"": ""B3_random""}",0.25,B3_random,u_a,0.23780857172324105,synthetic,ALL,not_applicable,not_applicable
EXP-04,SYNTHETIC EXPERIMENT,1737,full,664a150484ed2af3,b7c534bdcb80a119,"{""budget"": 0.25, ""policy"": ""B4_expected_corrections""}",0.25,B4_expected_corrections,u_a,0.25,synthetic,ALL,not_applicable,not_applicable
EXP-04,SYNTHETIC EXPERIMENT,1737,full,664a150484ed2af3,f57f6134f7386820,"{""budget"": 0.25, ""policy"": ""additional_proportional_need""}",0.25,additional_proportional_need,u_a,0.15384615384615385,synthetic,ALL,not_applicable,not_applicable
EXP-04,SYNTHETIC EXPERIMENT,1737,full,664a150484ed2af3,0ac465b1e9e7e73a,"{""budget"": 0.25, ""policy"": ""B5_welfare_optimum""}",0.25,B5_welfare_optimum,u_a,0.24999999999999883,synthetic,ALL,not_applicable,not_applicable
EXP-04,SYNTHETIC EXPERIMENT,1737,full,664a150484ed2af3,479bc7ea0f932c6a,"{""budget"": 0.25, ""policy"": ""B6_fairness_aware_minimax""}",0.25,B6_fairness_aware_minimax,u_a,0.25000000000000056,synthetic,ALL,not_applicable,not_applicable
EXP-04,SYNTHETIC EXPERIMENT,1737,full,664a150484ed2af3,7a11569bcfb76e6d,"{""budget"": 0.5, ""policy"": ""B0_no_appeal_assistance""}",0.5,B0_no_appeal_assistance,u_a,0.0,synthetic,ALL,not_applicable,not_applicable
EXP-04,SYNTHETIC EXPERIMENT,1737,full,664a150484ed2af3,3584a6e7ee2d86fc,"{""budget"": 0.5, ""policy"": ""B2_uniform""}",0.5,B2_uniform,u_a,0.25,synthetic,ALL,not_applicable,not_applicable
EXP-04,SYNTHETIC EXPERIMENT,1737,full,664a150484ed2af3,269a44bfce5fafd1,"{""budget"": 0.5, ""policy"": ""B3_random""}",0.5,B3_random,u_a,0.4756171434464821,synthetic,ALL,not_applicable,not_applicable
EXP-04,SYNTHETIC EXPERIMENT,1737,full,664a150484ed2af3,1c89a6ba87de8f89,"{""budget"": 0.5, ""policy"": ""B4_expected_corrections""}",0.5,B4_expected_corrections,u_a,0.5,synthetic,ALL,not_applicable,not_applicable
EXP-04,SYNTHETIC EXPERIMENT,1737,full,664a150484ed2af3,fa0e081d1408a7a2,"{""budget"": 0.5, ""policy"": ""additional_proportional_need""}",0.5,additional_proportional_need,u_a,0.3076923076923077,synthetic,ALL,not_applicable,not_applicable
EXP-04,SYNTHETIC EXPERIMENT,1737,full,664a150484ed2af3,b4bdf43e079a663f,"{""budget"": 0.5, ""policy"": ""B5_welfare_optimum""}",0.5,B5_welfare_optimum,u_a,0.5000000000000022,synthetic,ALL,not_applicable,not_applicable
EXP-04,SYNTHETIC EXPERIMENT,1737,full,664a150484ed2af3,e147f1ad209f4e04,"{""budget"": 0.5, ""policy"": ""B6_fairness_aware_minimax""}",0.5,B6_fairness_aware_minimax,u_a,0.5,synthetic,ALL,not_applicable,not_applicable
EXP-04,SYNTHETIC EXPERIMENT,1737,full,664a150484ed2af3,523a1aff2e43bde4,"{""budget"": 0.75, ""policy"": ""B0_no_appeal_assistance""}",0.75,B0_no_appeal_assistance,u_a,0.0,synthetic,ALL,not_applicable,not_applicable
EXP-04,SYNTHETIC EXPERIMENT,1737,full,664a150484ed2af3,957abc3e9142f440,"{""budget"": 0.75, ""policy"": ""B2_uniform""}",0.75,B2_uniform,u_a,0.375,synthetic,ALL,not_applicable,not_applicable
EXP-04,SYNTHETIC EXPERIMENT,1737,full,664a150484ed2af3,9cc9d6b1e7e1b61c,"{""budget"": 0.75, ""policy"": ""B3_random""}",0.75,B3_random,u_a,0.7134257151697232,synthetic,ALL,not_applicable,not_applicable
EXP-04,SYNTHETIC EXPERIMENT,1737,full,664a150484ed2af3,379d69ef0fdfedb9,"{""budget"": 0.75, ""policy"": ""B4_expected_corrections""}",0.75,B4_expected_corrections,u_a,0.75,synthetic,ALL,not_applicable,not_applicable
EXP-04,SYNTHETIC EXPERIMENT,1737,full,664a150484ed2af3,0e1f54e18c12c4ee,"{""budget"": 0.75, ""policy"": ""additional_proportional_need""}",0.75,additional_proportional_need,u_a,0.46153846153846156,synthetic,ALL,not_applicable,not_applicable
EXP-04,SYNTHETIC EXPERIMENT,1737,full,664a150484ed2af3,14b3fd827134c5e7,"{""budget"": 0.75, ""policy"": ""B5_welfare_optimum""}",0.75,B5_welfare_optimum,u_a,0.7499999999999984,synthetic,ALL,not_applicable,not_applicable
EXP-04,SYNTHETIC EXPERIMENT,1737,full,664a150484ed2af3,0b86cca4ef0698c3,"{""budget"": 0.75, ""policy"": ""B6_fairness_aware_minimax""}",0.75,B6_fairness_aware_minimax,u_a,0.7142857156541255,synthetic,ALL,not_applicable,not_applicable
EXP-04,SYNTHETIC EXPERIMENT,1737,full,664a150484ed2af3,982d810df6647d1a,"{""budget"": 1.0, ""policy"": ""B0_no_appeal_assistance""}",1.0,B0_no_appeal_assistance,u_a,0.0,synthetic,ALL,not_applicable,not_applicable
EXP-04,SYNTHETIC EXPERIMENT,1737,full,664a150484ed2af3,d38b8ee847d57790,"{""budget"": 1.0, ""policy"": ""B2_uniform""}",1.0,B2_uniform,u_a,0.5,synthetic,ALL,not_applicable,not_applicable
EXP-04,SYNTHETIC EXPERIMENT,1737,full,664a150484ed2af3,61e75fd0c50b109b,"{""budget"": 1.0, ""policy"": ""B3_random""}",1.0,B3_random,u_a,0.9512342868929642,synthetic,ALL,not_applicable,not_applicable
EXP-04,SYNTHETIC EXPERIMENT,1737,full,664a150484ed2af3,425f16d21ed8d79c,"{""budget"": 1.0, ""policy"": ""B4_expected_corrections""}",1.0,B4_expected_corrections,u_a,1.0,synthetic,ALL,not_applicable,not_applicable
EXP-04,SYNTHETIC EXPERIMENT,1737,full,664a150484ed2af3,344481b679999c5e,"{""budget"": 1.0, ""policy"": ""additional_proportional_need""}",1.0,additional_proportional_need,u_a,0.6153846153846154,synthetic,ALL,not_applicable,not_applicable
EXP-04,SYNTHETIC EXPERIMENT,1737,full,664a150484ed2af3,2b5deef2535b201e,"{""budget"": 1.0, ""policy"": ""B5_welfare_optimum""}",1.0,B5_welfare_optimum,u_a,0.9999999999999993,synthetic,ALL,not_applicable,not_applicable
EXP-04,SYNTHETIC EXPERIMENT,1737,full,664a150484ed2af3,0211985b156e41d1,"{""budget"": 1.0, ""policy"": ""B6_fairness_aware_minimax""}",1.0,B6_fairness_aware_minimax,u_a,0.8333333337153414,synthetic,ALL,not_applicable,not_applicable
EXP-04,SYNTHETIC EXPERIMENT,1737,full,664a150484ed2af3,1003369d5f322d65,"{""budget"": 1.5, ""policy"": ""B0_no_appeal_assistance""}",1.5,B0_no_appeal_assistance,u_a,0.0,synthetic,ALL,not_applicable,not_applicable
EXP-04,SYNTHETIC EXPERIMENT,1737,full,664a150484ed2af3,6a60722a624caf7e,"{""budget"": 1.5, ""policy"": ""B2_uniform""}",1.5,B2_uniform,u_a,0.75,synthetic,ALL,not_applicable,not_applicable
EXP-04,SYNTHETIC EXPERIMENT,1737,full,664a150484ed2af3,688e253ca56e4aaa,"{""budget"": 1.5, ""policy"": ""B3_random""}",1.5,B3_random,u_a,1.4268514303394464,synthetic,ALL,not_applicable,not_applicable
EXP-04,SYNTHETIC EXPERIMENT,1737,full,664a150484ed2af3,1c80e6dde801ef5c,"{""budget"": 1.5, ""policy"": ""B4_expected_corrections""}",1.5,B4_expected_corrections,u_a,1.5,synthetic,ALL,not_applicable,not_applicable
EXP-04,SYNTHETIC EXPERIMENT,1737,full,664a150484ed2af3,e06c7801d484f43d,"{""budget"": 1.5, ""policy"": ""additional_proportional_need""}",1.5,additional_proportional_need,u_a,0.9230769230769231,synthetic,ALL,not_applicable,not_applicable
EXP-04,SYNTHETIC EXPERIMENT,1737,full,664a150484ed2af3,28359368daee264f,"{""budget"": 1.5, ""policy"": ""B5_welfare_optimum""}",1.5,B5_welfare_optimum,u_a,1.4999999999999873,synthetic,ALL,not_applicable,not_applicable
EXP-04,SYNTHETIC EXPERIMENT,1737,full,664a150484ed2af3,152273e66ada895f,"{""budget"": 1.5, ""policy"": ""B6_fairness_aware_minimax""}",1.5,B6_fairness_aware_minimax,u_a,1.0714285711332712,synthetic,ALL,not_applicable,not_applicable
EXP-04,SYNTHETIC EXPERIMENT,1737,full,664a150484ed2af3,9cb9560133e83337,"{""budget"": 2.0, ""policy"": ""B0_no_appeal_assistance""}",2.0,B0_no_appeal_assistance,u_a,0.0,synthetic,ALL,not_applicable,not_applicable
EXP-04,SYNTHETIC EXPERIMENT,1737,full,664a150484ed2af3,b73a572b50f3dd6f,"{""budget"": 2.0, ""policy"": ""B2_uniform""}",2.0,B2_uniform,u_a,1.0,synthetic,ALL,not_applicable,not_applicable
EXP-04,SYNTHETIC EXPERIMENT,1737,full,664a150484ed2af3,a76f3c445f0d9f9b,"{""budget"": 2.0, ""policy"": ""B3_random""}",2.0,B3_random,u_a,1.9024685737859284,synthetic,ALL,not_applicable,not_applicable
EXP-04,SYNTHETIC EXPERIMENT,1737,full,664a150484ed2af3,15157116d00ec30a,"{""budget"": 2.0, ""policy"": ""B4_expected_corrections""}",2.0,B4_expected_corrections,u_a,2.0,synthetic,ALL,not_applicable,not_applicable
EXP-04,SYNTHETIC EXPERIMENT,1737,full,664a150484ed2af3,f1767ae8091cf42b,"{""budget"": 2.0, ""policy"": ""additional_proportional_need""}",2.0,additional_proportional_need,u_a,1.2307692307692308,synthetic,ALL,not_applicable,not_applicable
EXP-04,SYNTHETIC EXPERIMENT,1737,full,664a150484ed2af3,7ea1dd5e24dd79e1,"{""budget"": 2.0, ""policy"": ""B5_welfare_optimum""}",2.0,B5_welfare_optimum,u_a,1.8181140328934189,synthetic,ALL,not_applicable,not_applicable
EXP-04,SYNTHETIC EXPERIMENT,1737,full,664a150484ed2af3,ab2a5f06a9e00fb4,"{""budget"": 2.0, ""policy"": ""B6_fairness_aware_minimax""}",2.0,B6_fairness_aware_minimax,u_a,1.3095238082418013,synthetic,ALL,not_applicable,not_applicable
EXP-04,SYNTHETIC EXPERIMENT,1737,full,664a150484ed2af3,9708b9816c525a28,"{""budget"": 3.0, ""policy"": ""B0_no_appeal_assistance""}",3.0,B0_no_appeal_assistance,u_a,0.0,synthetic,ALL,not_applicable,not_applicable
EXP-04,SYNTHETIC EXPERIMENT,1737,full,664a150484ed2af3,bd2174167e9ff725,"{""budget"": 3.0, ""policy"": ""B2_uniform""}",3.0,B2_uniform,u_a,1.5,synthetic,ALL,not_applicable,not_applicable
EXP-04,SYNTHETIC EXPERIMENT,1737,full,664a150484ed2af3,42cc2cb006b6ba0a,"{""budget"": 3.0, ""policy"": ""B3_random""}",3.0,B3_random,u_a,2.853702860678893,synthetic,ALL,not_applicable,not_applicable
EXP-04,SYNTHETIC EXPERIMENT,1737,full,664a150484ed2af3,e44a428ac6fedb50,"{""budget"": 3.0, ""policy"": ""B4_expected_corrections""}",3.0,B4_expected_corrections,u_a,3.0,synthetic,ALL,not_applicable,not_applicable
EXP-04,SYNTHETIC EXPERIMENT,1737,full,664a150484ed2af3,5ccd7a1985b269aa,"{""budget"": 3.0, ""policy"": ""additional_proportional_need""}",3.0,additional_proportional_need,u_a,1.8461538461538463,synthetic,ALL,not_applicable,not_applicable
EXP-04,SYNTHETIC EXPERIMENT,1737,full,664a150484ed2af3,2eb1864771910f3a,"{""budget"": 3.0, ""policy"": ""B5_welfare_optimum""}",3.0,B5_welfare_optimum,u_a,1.818092119514678,synthetic,ALL,not_applicable,not_applicable
EXP-04,SYNTHETIC EXPERIMENT,1737,full,664a150484ed2af3,48d6e22388e77375,"{""budget"": 3.0, ""policy"": ""B6_fairness_aware_minimax""}",3.0,B6_fairness_aware_minimax,u_a,1.7857142856599617,synthetic,ALL,not_applicable,not_applicable
EXP-04,SYNTHETIC EXPERIMENT,1737,full,664a150484ed2af3,dd439a87821bab8e,"{""budget"": 4.0, ""policy"": ""B0_no_appeal_assistance""}",4.0,B0_no_appeal_assistance,u_a,0.0,synthetic,ALL,not_applicable,not_applicable
EXP-04,SYNTHETIC EXPERIMENT,1737,full,664a150484ed2af3,ba93911f3db936ea,"{""budget"": 4.0, ""policy"": ""B2_uniform""}",4.0,B2_uniform,u_a,2.0,synthetic,ALL,not_applicable,not_applicable
EXP-04,SYNTHETIC EXPERIMENT,1737,full,664a150484ed2af3,0cf44cbd3e48a0f1,"{""budget"": 4.0, ""policy"": ""B3_random""}",4.0,B3_random,u_a,3.8049371475718567,synthetic,ALL,not_applicable,not_applicable
EXP-04,SYNTHETIC EXPERIMENT,1737,full,664a150484ed2af3,0618104ea2824814,"{""budget"": 4.0, ""policy"": ""B4_expected_corrections""}",4.0,B4_expected_corrections,u_a,4.0,synthetic,ALL,not_applicable,not_applicable
EXP-04,SYNTHETIC EXPERIMENT,1737,full,664a150484ed2af3,d496aa3a4b1d3dc1,"{""budget"": 4.0, ""policy"": ""additional_proportional_need""}",4.0,additional_proportional_need,u_a,2.4615384615384617,synthetic,ALL,not_applicable,not_applicable
EXP-04,SYNTHETIC EXPERIMENT,1737,full,664a150484ed2af3,1cd9c75523631fd3,"{""budget"": 4.0, ""policy"": ""B5_welfare_optimum""}",4.0,B5_welfare_optimum,u_a,1.9999999999999996,synthetic,ALL,not_applicable,not_applicable
EXP-04,SYNTHETIC EXPERIMENT,1737,full,664a150484ed2af3,9b53e3f53ba1f22e,"{""budget"": 4.0, ""policy"": ""B6_fairness_aware_minimax""}",4.0,B6_fairness_aware_minimax,u_a,1.9999999999999967,synthetic,ALL,not_applicable,not_applicable
EXP-04,SYNTHETIC EXPERIMENT,1737,full,664a150484ed2af3,edcb10594ac92d3d,"{""budget"": 4.0, ""policy"": ""B1_universal_capacity""}",4.0,B1_universal_capacity,u_a,2.0,synthetic,ALL,not_applicable,not_applicable
EXP-04,SYNTHETIC EXPERIMENT,1737,full,664a150484ed2af3,73d6f8014e947ad3,"{""budget"": 0.0, ""policy"": ""B0_no_appeal_assistance""}",0.0,B0_no_appeal_assistance,u_b,0.0,synthetic,ALL,not_applicable,not_applicable
EXP-04,SYNTHETIC EXPERIMENT,1737,full,664a150484ed2af3,aca846dea2532e7e,"{""budget"": 0.0, ""policy"": ""B2_uniform""}",0.0,B2_uniform,u_b,0.0,synthetic,ALL,not_applicable,not_applicable
EXP-04,SYNTHETIC EXPERIMENT,1737,full,664a150484ed2af3,6e29a68104e2b4d6,"{""budget"": 0.0, ""policy"": ""B3_random""}",0.0,B3_random,u_b,0.0,synthetic,ALL,not_applicable,not_applicable
EXP-04,SYNTHETIC EXPERIMENT,1737,full,664a150484ed2af3,f7d7416c21ccbea3,"{""budget"": 0.0, ""policy"": ""B4_expected_corrections""}",0.0,B4_expected_corrections,u_b,0.0,synthetic,ALL,not_applicable,not_applicable
EXP-04,SYNTHETIC EXPERIMENT,1737,full,664a150484ed2af3,fcef31f7a7ff0ec8,"{""budget"": 0.0, ""policy"": ""additional_proportional_need""}",0.0,additional_proportional_need,u_b,0.0,synthetic,ALL,not_applicable,not_applicable
EXP-04,SYNTHETIC EXPERIMENT,1737,full,664a150484ed2af3,8af685c39754bc50,"{""budget"": 0.0, ""policy"": ""B5_welfare_optimum""}",0.0,B5_welfare_optimum,u_b,0.0,synthetic,ALL,not_applicable,not_applicable
EXP-04,SYNTHETIC EXPERIMENT,1737,full,664a150484ed2af3,b98b64a27a69ce9d,"{""budget"": 0.0, ""policy"": ""B6_fairness_aware_minimax""}",0.0,B6_fairness_aware_minimax,u_b,0.0,synthetic,ALL,not_applicable,not_applicable
EXP-04,SYNTHETIC EXPERIMENT,1737,full,664a150484ed2af3,47f55405ddee6936,"{""budget"": 0.1, ""policy"": ""B0_no_appeal_assistance""}",0.1,B0_no_appeal_assistance,u_b,0.0,synthetic,ALL,not_applicable,not_applicable
EXP-04,SYNTHETIC EXPERIMENT,1737,full,664a150484ed2af3,505387199cc41cd9,"{""budget"": 0.1, ""policy"": ""B2_uniform""}",0.1,B2_uniform,u_b,0.05,synthetic,ALL,not_applicable,not_applicable
EXP-04,SYNTHETIC EXPERIMENT,1737,full,664a150484ed2af3,715409da736e3890,"{""budget"": 0.1, ""policy"": ""B3_random""}",0.1,B3_random,u_b,0.004876571310703584,synthetic,ALL,not_applicable,not_applicable
EXP-04,SYNTHETIC EXPERIMENT,1737,full,664a150484ed2af3,b39d7f3930a2a13a,"{""budget"": 0.1, ""policy"": ""B4_expected_corrections""}",0.1,B4_expected_corrections,u_b,0.0,synthetic,ALL,not_applicable,not_applicable
EXP-04,SYNTHETIC EXPERIMENT,1737,full,664a150484ed2af3,bbdfdf36465e1dbf,"{""budget"": 0.1, ""policy"": ""additional_proportional_need""}",0.1,additional_proportional_need,u_b,0.038461538461538464,synthetic,ALL,not_applicable,not_applicable
EXP-04,SYNTHETIC EXPERIMENT,1737,full,664a150484ed2af3,8445721da1bb125c,"{""budget"": 0.1, ""policy"": ""B5_welfare_optimum""}",0.1,B5_welfare_optimum,u_b,0.0,synthetic,ALL,not_applicable,not_applicable
EXP-04,SYNTHETIC EXPERIMENT,1737,full,664a150484ed2af3,7c24c4924a67aa87,"{""budget"": 0.1, ""policy"": ""B6_fairness_aware_minimax""}",0.1,B6_fairness_aware_minimax,u_b,6.822611920674536e-17,synthetic,ALL,not_applicable,not_applicable
EXP-04,SYNTHETIC EXPERIMENT,1737,full,664a150484ed2af3,3fe95d7db7362d2b,"{""budget"": 0.25, ""policy"": ""B0_no_appeal_assistance""}",0.25,B0_no_appeal_assistance,u_b,0.0,synthetic,ALL,not_applicable,not_applicable
EXP-04,SYNTHETIC EXPERIMENT,1737,full,664a150484ed2af3,ae1eade03f0034ec,"{""budget"": 0.25, ""policy"": ""B2_uniform""}",0.25,B2_uniform,u_b,0.125,synthetic,ALL,not_applicable,not_applicable
EXP-04,SYNTHETIC EXPERIMENT,1737,full,664a150484ed2af3,f7a6bf97e850c200,"{""budget"": 0.25, ""policy"": ""B3_random""}",0.25,B3_random,u_b,0.012191428276758958,synthetic,ALL,not_applicable,not_applicable
EXP-04,SYNTHETIC EXPERIMENT,1737,full,664a150484ed2af3,b7c534bdcb80a119,"{""budget"": 0.25, ""policy"": ""B4_expected_corrections""}",0.25,B4_expected_corrections,u_b,0.0,synthetic,ALL,not_applicable,not_applicable
EXP-04,SYNTHETIC EXPERIMENT,1737,full,664a150484ed2af3,f57f6134f7386820,"{""budget"": 0.25, ""policy"": ""additional_proportional_need""}",0.25,additional_proportional_need,u_b,0.09615384615384615,synthetic,ALL,not_applicable,not_applicable
EXP-04,SYNTHETIC EXPERIMENT,1737,full,664a150484ed2af3,0ac465b1e9e7e73a,"{""budget"": 0.25, ""policy"": ""B5_welfare_optimum""}",0.25,B5_welfare_optimum,u_b,0.0,synthetic,ALL,not_applicable,not_applicable
EXP-04,SYNTHETIC EXPERIMENT,1737,full,664a150484ed2af3,479bc7ea0f932c6a,"{""budget"": 0.25, ""policy"": ""B6_fairness_aware_minimax""}",0.25,B6_fairness_aware_minimax,u_b,0.0,synthetic,ALL,not_applicable,not_applicable
EXP-04,SYNTHETIC EXPERIMENT,1737,full,664a150484ed2af3,7a11569bcfb76e6d,"{""budget"": 0.5, ""policy"": ""B0_no_appeal_assistance""}",0.5,B0_no_appeal_assistance,u_b,0.0,synthetic,ALL,not_applicable,not_applicable
EXP-04,SYNTHETIC EXPERIMENT,1737,full,664a150484ed2af3,3584a6e7ee2d86fc,"{""budget"": 0.5, ""policy"": ""B2_uniform""}",0.5,B2_uniform,u_b,0.25,synthetic,ALL,not_applicable,not_applicable
EXP-04,SYNTHETIC EXPERIMENT,1737,full,664a150484ed2af3,269a44bfce5fafd1,"{""budget"": 0.5, ""policy"": ""B3_random""}",0.5,B3_random,u_b,0.024382856553517917,synthetic,ALL,not_applicable,not_applicable
EXP-04,SYNTHETIC EXPERIMENT,1737,full,664a150484ed2af3,1c89a6ba87de8f89,"{""budget"": 0.5, ""policy"": ""B4_expected_corrections""}",0.5,B4_expected_corrections,u_b,0.0,synthetic,ALL,not_applicable,not_applicable
EXP-04,SYNTHETIC EXPERIMENT,1737,full,664a150484ed2af3,fa0e081d1408a7a2,"{""budget"": 0.5, ""policy"": ""additional_proportional_need""}",0.5,additional_proportional_need,u_b,0.1923076923076923,synthetic,ALL,not_applicable,not_applicable
EXP-04,SYNTHETIC EXPERIMENT,1737,full,664a150484ed2af3,b4bdf43e079a663f,"{""budget"": 0.5, ""policy"": ""B5_welfare_optimum""}",0.5,B5_welfare_optimum,u_b,0.0,synthetic,ALL,not_applicable,not_applicable
EXP-04,SYNTHETIC EXPERIMENT,1737,full,664a150484ed2af3,e147f1ad209f4e04,"{""budget"": 0.5, ""policy"": ""B6_fairness_aware_minimax""}",0.5,B6_fairness_aware_minimax,u_b,8.637451708073326e-17,synthetic,ALL,not_applicable,not_applicable
EXP-04,SYNTHETIC EXPERIMENT,1737,full,664a150484ed2af3,523a1aff2e43bde4,"{""budget"": 0.75, ""policy"": ""B0_no_appeal_assistance""}",0.75,B0_no_appeal_assistance,u_b,0.0,synthetic,ALL,not_applicable,not_applicable
EXP-04,SYNTHETIC EXPERIMENT,1737,full,664a150484ed2af3,957abc3e9142f440,"{""budget"": 0.75, ""policy"": ""B2_uniform""}",0.75,B2_uniform,u_b,0.375,synthetic,ALL,not_applicable,not_applicable
EXP-04,SYNTHETIC EXPERIMENT,1737,full,664a150484ed2af3,9cc9d6b1e7e1b61c,"{""budget"": 0.75, ""policy"": ""B3_random""}",0.75,B3_random,u_b,0.036574284830276874,synthetic,ALL,not_applicable,not_applicable
EXP-04,SYNTHETIC EXPERIMENT,1737,full,664a150484ed2af3,379d69ef0fdfedb9,"{""budget"": 0.75, ""policy"": ""B4_expected_corrections""}",0.75,B4_expected_corrections,u_b,0.0,synthetic,ALL,not_applicable,not_applicable
EXP-04,SYNTHETIC EXPERIMENT,1737,full,664a150484ed2af3,0e1f54e18c12c4ee,"{""budget"": 0.75, ""policy"": ""additional_proportional_need""}",0.75,additional_proportional_need,u_b,0.28846153846153844,synthetic,ALL,not_applicable,not_applicable
EXP-04,SYNTHETIC EXPERIMENT,1737,full,664a150484ed2af3,14b3fd827134c5e7,"{""budget"": 0.75, ""policy"": ""B5_welfare_optimum""}",0.75,B5_welfare_optimum,u_b,0.0,synthetic,ALL,not_applicable,not_applicable
EXP-04,SYNTHETIC EXPERIMENT,1737,full,664a150484ed2af3,0b86cca4ef0698c3,"{""budget"": 0.75, ""policy"": ""B6_fairness_aware_minimax""}",0.75,B6_fairness_aware_minimax,u_b,0.03571428434587387,synthetic,ALL,not_applicable,not_applicable
EXP-04,SYNTHETIC EXPERIMENT,1737,full,664a150484ed2af3,982d810df6647d1a,"{""budget"": 1.0, ""policy"": ""B0_no_appeal_assistance""}",1.0,B0_no_appeal_assistance,u_b,0.0,synthetic,ALL,not_applicable,not_applicable
EXP-04,SYNTHETIC EXPERIMENT,1737,full,664a150484ed2af3,d38b8ee847d57790,"{""budget"": 1.0, ""policy"": ""B2_uniform""}",1.0,B2_uniform,u_b,0.5,synthetic,ALL,not_applicable,not_applicable
EXP-04,SYNTHETIC EXPERIMENT,1737,full,664a150484ed2af3,61e75fd0c50b109b,"{""budget"": 1.0, ""policy"": ""B3_random""}",1.0,B3_random,u_b,0.048765713107035834,synthetic,ALL,not_applicable,not_applicable
EXP-04,SYNTHETIC EXPERIMENT,1737,full,664a150484ed2af3,425f16d21ed8d79c,"{""budget"": 1.0, ""policy"": ""B4_expected_corrections""}",1.0,B4_expected_corrections,u_b,0.0,synthetic,ALL,not_applicable,not_applicable
EXP-04,SYNTHETIC EXPERIMENT,1737,full,664a150484ed2af3,344481b679999c5e,"{""budget"": 1.0, ""policy"": ""additional_proportional_need""}",1.0,additional_proportional_need,u_b,0.3846153846153846,synthetic,ALL,not_applicable,not_applicable
EXP-04,SYNTHETIC EXPERIMENT,1737,full,664a150484ed2af3,2b5deef2535b201e,"{""budget"": 1.0, ""policy"": ""B5_welfare_optimum""}",1.0,B5_welfare_optimum,u_b,0.0,synthetic,ALL,not_applicable,not_applicable
EXP-04,SYNTHETIC EXPERIMENT,1737,full,664a150484ed2af3,0211985b156e41d1,"{""budget"": 1.0, ""policy"": ""B6_fairness_aware_minimax""}",1.0,B6_fairness_aware_minimax,u_b,0.1666666662846608,synthetic,ALL,not_applicable,not_applicable
EXP-04,SYNTHETIC EXPERIMENT,1737,full,664a150484ed2af3,1003369d5f322d65,"{""budget"": 1.5, ""policy"": ""B0_no_appeal_assistance""}",1.5,B0_no_appeal_assistance,u_b,0.0,synthetic,ALL,not_applicable,not_applicable
EXP-04,SYNTHETIC EXPERIMENT,1737,full,664a150484ed2af3,6a60722a624caf7e,"{""budget"": 1.5, ""policy"": ""B2_uniform""}",1.5,B2_uniform,u_b,0.75,synthetic,ALL,not_applicable,not_applicable
EXP-04,SYNTHETIC EXPERIMENT,1737,full,664a150484ed2af3,688e253ca56e4aaa,"{""budget"": 1.5, ""policy"": ""B3_random""}",1.5,B3_random,u_b,0.07314856966055375,synthetic,ALL,not_applicable,not_applicable
EXP-04,SYNTHETIC EXPERIMENT,1737,full,664a150484ed2af3,1c80e6dde801ef5c,"{""budget"": 1.5, ""policy"": ""B4_expected_corrections""}",1.5,B4_expected_corrections,u_b,0.0,synthetic,ALL,not_applicable,not_applicable
EXP-04,SYNTHETIC EXPERIMENT,1737,full,664a150484ed2af3,e06c7801d484f43d,"{""budget"": 1.5, ""policy"": ""additional_proportional_need""}",1.5,additional_proportional_need,u_b,0.5769230769230769,synthetic,ALL,not_applicable,not_applicable
EXP-04,SYNTHETIC EXPERIMENT,1737,full,664a150484ed2af3,28359368daee264f,"{""budget"": 1.5, ""policy"": ""B5_welfare_optimum""}",1.5,B5_welfare_optimum,u_b,2.220446049250313e-15,synthetic,ALL,not_applicable,not_applicable
EXP-04,SYNTHETIC EXPERIMENT,1737,full,664a150484ed2af3,152273e66ada895f,"{""budget"": 1.5, ""policy"": ""B6_fairness_aware_minimax""}",1.5,B6_fairness_aware_minimax,u_b,0.4285714288667246,synthetic,ALL,not_applicable,not_applicable
EXP-04,SYNTHETIC EXPERIMENT,1737,full,664a150484ed2af3,9cb9560133e83337,"{""budget"": 2.0, ""policy"": ""B0_no_appeal_assistance""}",2.0,B0_no_appeal_assistance,u_b,0.0,synthetic,ALL,not_applicable,not_applicable
EXP-04,SYNTHETIC EXPERIMENT,1737,full,664a150484ed2af3,b73a572b50f3dd6f,"{""budget"": 2.0, ""policy"": ""B2_uniform""}",2.0,B2_uniform,u_b,1.0,synthetic,ALL,not_applicable,not_applicable
EXP-04,SYNTHETIC EXPERIMENT,1737,full,664a150484ed2af3,a76f3c445f0d9f9b,"{""budget"": 2.0, ""policy"": ""B3_random""}",2.0,B3_random,u_b,0.09753142621407167,synthetic,ALL,not_applicable,not_applicable
EXP-04,SYNTHETIC EXPERIMENT,1737,full,664a150484ed2af3,15157116d00ec30a,"{""budget"": 2.0, ""policy"": ""B4_expected_corrections""}",2.0,B4_expected_corrections,u_b,0.0,synthetic,ALL,not_applicable,not_applicable
EXP-04,SYNTHETIC EXPERIMENT,1737,full,664a150484ed2af3,f1767ae8091cf42b,"{""budget"": 2.0, ""policy"": ""additional_proportional_need""}",2.0,additional_proportional_need,u_b,0.7692307692307692,synthetic,ALL,not_applicable,not_applicable
EXP-04,SYNTHETIC EXPERIMENT,1737,full,664a150484ed2af3,7ea1dd5e24dd79e1,"{""budget"": 2.0, ""policy"": ""B5_welfare_optimum""}",2.0,B5_welfare_optimum,u_b,0.18188596710237376,synthetic,ALL,not_applicable,not_applicable
EXP-04,SYNTHETIC EXPERIMENT,1737,full,664a150484ed2af3,ab2a5f06a9e00fb4,"{""budget"": 2.0, ""policy"": ""B6_fairness_aware_minimax""}",2.0,B6_fairness_aware_minimax,u_b,0.6904761917581991,synthetic,ALL,not_applicable,not_applicable
EXP-04,SYNTHETIC EXPERIMENT,1737,full,664a150484ed2af3,9708b9816c525a28,"{""budget"": 3.0, ""policy"": ""B0_no_appeal_assistance""}",3.0,B0_no_appeal_assistance,u_b,0.0,synthetic,ALL,not_applicable,not_applicable
EXP-04,SYNTHETIC EXPERIMENT,1737,full,664a150484ed2af3,bd2174167e9ff725,"{""budget"": 3.0, ""policy"": ""B2_uniform""}",3.0,B2_uniform,u_b,1.5,synthetic,ALL,not_applicable,not_applicable
EXP-04,SYNTHETIC EXPERIMENT,1737,full,664a150484ed2af3,42cc2cb006b6ba0a,"{""budget"": 3.0, ""policy"": ""B3_random""}",3.0,B3_random,u_b,0.1462971393211075,synthetic,ALL,not_applicable,not_applicable
EXP-04,SYNTHETIC EXPERIMENT,1737,full,664a150484ed2af3,e44a428ac6fedb50,"{""budget"": 3.0, ""policy"": ""B4_expected_corrections""}",3.0,B4_expected_corrections,u_b,0.0,synthetic,ALL,not_applicable,not_applicable
EXP-04,SYNTHETIC EXPERIMENT,1737,full,664a150484ed2af3,5ccd7a1985b269aa,"{""budget"": 3.0, ""policy"": ""additional_proportional_need""}",3.0,additional_proportional_need,u_b,1.1538461538461537,synthetic,ALL,not_applicable,not_applicable
EXP-04,SYNTHETIC EXPERIMENT,1737,full,664a150484ed2af3,2eb1864771910f3a,"{""budget"": 3.0, ""policy"": ""B5_welfare_optimum""}",3.0,B5_welfare_optimum,u_b,1.1819078804852936,synthetic,ALL,not_applicable,not_applicable
EXP-04,SYNTHETIC EXPERIMENT,1737,full,664a150484ed2af3,48d6e22388e77375,"{""budget"": 3.0, ""policy"": ""B6_fairness_aware_minimax""}",3.0,B6_fairness_aware_minimax,u_b,1.2142857143400412,synthetic,ALL,not_applicable,not_applicable
EXP-04,SYNTHETIC EXPERIMENT,1737,full,664a150484ed2af3,dd439a87821bab8e,"{""budget"": 4.0, ""policy"": ""B0_no_appeal_assistance""}",4.0,B0_no_appeal_assistance,u_b,0.0,synthetic,ALL,not_applicable,not_applicable
EXP-04,SYNTHETIC EXPERIMENT,1737,full,664a150484ed2af3,ba93911f3db936ea,"{""budget"": 4.0, ""policy"": ""B2_uniform""}",4.0,B2_uniform,u_b,2.0,synthetic,ALL,not_applicable,not_applicable
EXP-04,SYNTHETIC EXPERIMENT,1737,full,664a150484ed2af3,0cf44cbd3e48a0f1,"{""budget"": 4.0, ""policy"": ""B3_random""}",4.0,B3_random,u_b,0.19506285242814334,synthetic,ALL,not_applicable,not_applicable
EXP-04,SYNTHETIC EXPERIMENT,1737,full,664a150484ed2af3,0618104ea2824814,"{""budget"": 4.0, ""policy"": ""B4_expected_corrections""}",4.0,B4_expected_corrections,u_b,0.0,synthetic,ALL,not_applicable,not_applicable
EXP-04,SYNTHETIC EXPERIMENT,1737,full,664a150484ed2af3,d496aa3a4b1d3dc1,"{""budget"": 4.0, ""policy"": ""additional_proportional_need""}",4.0,additional_proportional_need,u_b,1.5384615384615383,synthetic,ALL,not_applicable,not_applicable
EXP-04,SYNTHETIC EXPERIMENT,1737,full,664a150484ed2af3,1cd9c75523631fd3,"{""budget"": 4.0, ""policy"": ""B5_welfare_optimum""}",4.0,B5_welfare_optimum,u_b,1.90883197224277,synthetic,ALL,not_applicable,not_applicable
EXP-04,SYNTHETIC EXPERIMENT,1737,full,664a150484ed2af3,9b53e3f53ba1f22e,"{""budget"": 4.0, ""policy"": ""B6_fairness_aware_minimax""}",4.0,B6_fairness_aware_minimax,u_b,1.2500000032515912,synthetic,ALL,not_applicable,not_applicable
EXP-04,SYNTHETIC EXPERIMENT,1737,full,664a150484ed2af3,edcb10594ac92d3d,"{""budget"": 4.0, ""policy"": ""B1_universal_capacity""}",4.0,B1_universal_capacity,u_b,2.0,synthetic,ALL,not_applicable,not_applicable
EXP-04,SYNTHETIC EXPERIMENT,1737,full,664a150484ed2af3,73d6f8014e947ad3,"{""budget"": 0.0, ""policy"": ""B0_no_appeal_assistance""}",0.0,B0_no_appeal_assistance,mean_residual_fnr,0.325,synthetic,ALL,not_applicable,not_applicable
EXP-04,SYNTHETIC EXPERIMENT,1737,full,664a150484ed2af3,aca846dea2532e7e,"{""budget"": 0.0, ""policy"": ""B2_uniform""}",0.0,B2_uniform,mean_residual_fnr,0.325,synthetic,ALL,not_applicable,not_applicable
EXP-04,SYNTHETIC EXPERIMENT,1737,full,664a150484ed2af3,6e29a68104e2b4d6,"{""budget"": 0.0, ""policy"": ""B3_random""}",0.0,B3_random,mean_residual_fnr,0.325,synthetic,ALL,not_applicable,not_applicable
EXP-04,SYNTHETIC EXPERIMENT,1737,full,664a150484ed2af3,f7d7416c21ccbea3,"{""budget"": 0.0, ""policy"": ""B4_expected_corrections""}",0.0,B4_expected_corrections,mean_residual_fnr,0.325,synthetic,ALL,not_applicable,not_applicable
EXP-04,SYNTHETIC EXPERIMENT,1737,full,664a150484ed2af3,fcef31f7a7ff0ec8,"{""budget"": 0.0, ""policy"": ""additional_proportional_need""}",0.0,additional_proportional_need,mean_residual_fnr,0.325,synthetic,ALL,not_applicable,not_applicable
EXP-04,SYNTHETIC EXPERIMENT,1737,full,664a150484ed2af3,8af685c39754bc50,"{""budget"": 0.0, ""policy"": ""B5_welfare_optimum""}",0.0,B5_welfare_optimum,mean_residual_fnr,0.325,synthetic,ALL,not_applicable,not_applicable
EXP-04,SYNTHETIC EXPERIMENT,1737,full,664a150484ed2af3,b98b64a27a69ce9d,"{""budget"": 0.0, ""policy"": ""B6_fairness_aware_minimax""}",0.0,B6_fairness_aware_minimax,mean_residual_fnr,0.325,synthetic,ALL,not_applicable,not_applicable
EXP-04,SYNTHETIC EXPERIMENT,1737,full,664a150484ed2af3,47f55405ddee6936,"{""budget"": 0.1, ""policy"": ""B0_no_appeal_assistance""}",0.1,B0_no_appeal_assistance,mean_residual_fnr,0.325,synthetic,ALL,not_applicable,not_applicable
EXP-04,SYNTHETIC EXPERIMENT,1737,full,664a150484ed2af3,505387199cc41cd9,"{""budget"": 0.1, ""policy"": ""B2_uniform""}",0.1,B2_uniform,mean_residual_fnr,0.3145,synthetic,ALL,not_applicable,not_applicable
EXP-04,SYNTHETIC EXPERIMENT,1737,full,664a150484ed2af3,715409da736e3890,"{""budget"": 0.1, ""policy"": ""B3_random""}",0.1,B3_random,mean_residual_fnr,0.314048765713107,synthetic,ALL,not_applicable,not_applicable
EXP-04,SYNTHETIC EXPERIMENT,1737,full,664a150484ed2af3,b39d7f3930a2a13a,"{""budget"": 0.1, ""policy"": ""B4_expected_corrections""}",0.1,B4_expected_corrections,mean_residual_fnr,0.314,synthetic,ALL,not_applicable,not_applicable
EXP-04,SYNTHETIC EXPERIMENT,1737,full,664a150484ed2af3,bbdfdf36465e1dbf,"{""budget"": 0.1, ""policy"": ""additional_proportional_need""}",0.1,additional_proportional_need,mean_residual_fnr,0.3143846153846154,synthetic,ALL,not_applicable,not_applicable
EXP-04,SYNTHETIC EXPERIMENT,1737,full,664a150484ed2af3,8445721da1bb125c,"{""budget"": 0.1, ""policy"": ""B5_welfare_optimum""}",0.1,B5_welfare_optimum,mean_residual_fnr,0.314,synthetic,ALL,not_applicable,not_applicable
EXP-04,SYNTHETIC EXPERIMENT,1737,full,664a150484ed2af3,7c24c4924a67aa87,"{""budget"": 0.1, ""policy"": ""B6_fairness_aware_minimax""}",0.1,B6_fairness_aware_minimax,mean_residual_fnr,0.31400000000000006,synthetic,ALL,not_applicable,not_applicable
EXP-04,SYNTHETIC EXPERIMENT,1737,full,664a150484ed2af3,3fe95d7db7362d2b,"{""budget"": 0.25, ""policy"": ""B0_no_appeal_assistance""}",0.25,B0_no_appeal_assistance,mean_residual_fnr,0.325,synthetic,ALL,not_applicable,not_applicable
EXP-04,SYNTHETIC EXPERIMENT,1737,full,664a150484ed2af3,ae1eade03f0034ec,"{""budget"": 0.25, ""policy"": ""B2_uniform""}",0.25,B2_uniform,mean_residual_fnr,0.29875,synthetic,ALL,not_applicable,not_applicable
EXP-04,SYNTHETIC EXPERIMENT,1737,full,664a150484ed2af3,f7a6bf97e850c200,"{""budget"": 0.25, ""policy"": ""B3_random""}",0.25,B3_random,mean_residual_fnr,0.29762191428276763,synthetic,ALL,not_applicable,not_applicable
EXP-04,SYNTHETIC EXPERIMENT,1737,full,664a150484ed2af3,b7c534bdcb80a119,"{""budget"": 0.25, ""policy"": ""B4_expected_corrections""}",0.25,B4_expected_corrections,mean_residual_fnr,0.2975,synthetic,ALL,not_applicable,not_applicable
EXP-04,SYNTHETIC EXPERIMENT,1737,full,664a150484ed2af3,f57f6134f7386820,"{""budget"": 0.25, ""policy"": ""additional_proportional_need""}",0.25,additional_proportional_need,mean_residual_fnr,0.29846153846153844,synthetic,ALL,not_applicable,not_applicable
EXP-04,SYNTHETIC EXPERIMENT,1737,full,664a150484ed2af3,0ac465b1e9e7e73a,"{""budget"": 0.25, ""policy"": ""B5_welfare_optimum""}",0.25,B5_welfare_optimum,mean_residual_fnr,0.2975000000000001,synthetic,ALL,not_applicable,not_applicable
EXP-04,SYNTHETIC EXPERIMENT,1737,full,664a150484ed2af3,479bc7ea0f932c6a,"{""budget"": 0.25, ""policy"": ""B6_fairness_aware_minimax""}",0.25,B6_fairness_aware_minimax,mean_residual_fnr,0.2975,synthetic,ALL,not_applicable,not_applicable
EXP-04,SYNTHETIC EXPERIMENT,1737,full,664a150484ed2af3,7a11569bcfb76e6d,"{""budget"": 0.5, ""policy"": ""B0_no_appeal_assistance""}",0.5,B0_no_appeal_assistance,mean_residual_fnr,0.325,synthetic,ALL,not_applicable,not_applicable
EXP-04,SYNTHETIC EXPERIMENT,1737,full,664a150484ed2af3,3584a6e7ee2d86fc,"{""budget"": 0.5, ""policy"": ""B2_uniform""}",0.5,B2_uniform,mean_residual_fnr,0.2725,synthetic,ALL,not_applicable,not_applicable
EXP-04,SYNTHETIC EXPERIMENT,1737,full,664a150484ed2af3,269a44bfce5fafd1,"{""budget"": 0.5, ""policy"": ""B3_random""}",0.5,B3_random,mean_residual_fnr,0.2702438285655352,synthetic,ALL,not_applicable,not_applicable
EXP-04,SYNTHETIC EXPERIMENT,1737,full,664a150484ed2af3,1c89a6ba87de8f89,"{""budget"": 0.5, ""policy"": ""B4_expected_corrections""}",0.5,B4_expected_corrections,mean_residual_fnr,0.27,synthetic,ALL,not_applicable,not_applicable
EXP-04,SYNTHETIC EXPERIMENT,1737,full,664a150484ed2af3,fa0e081d1408a7a2,"{""budget"": 0.5, ""policy"": ""additional_proportional_need""}",0.5,additional_proportional_need,mean_residual_fnr,0.27192307692307693,synthetic,ALL,not_applicable,not_applicable
EXP-04,SYNTHETIC EXPERIMENT,1737,full,664a150484ed2af3,b4bdf43e079a663f,"{""budget"": 0.5, ""policy"": ""B5_welfare_optimum""}",0.5,B5_welfare_optimum,mean_residual_fnr,0.2699999999999998,synthetic,ALL,not_applicable,not_applicable
EXP-04,SYNTHETIC EXPERIMENT,1737,full,664a150484ed2af3,e147f1ad209f4e04,"{""budget"": 0.5, ""policy"": ""B6_fairness_aware_minimax""}",0.5,B6_fairness_aware_minimax,mean_residual_fnr,0.26999999999999996,synthetic,ALL,not_applicable,not_applicable
EXP-04,SYNTHETIC EXPERIMENT,1737,full,664a150484ed2af3,523a1aff2e43bde4,"{""budget"": 0.75, ""policy"": ""B0_no_appeal_assistance""}",0.75,B0_no_appeal_assistance,mean_residual_fnr,0.325,synthetic,ALL,not_applicable,not_applicable
EXP-04,SYNTHETIC EXPERIMENT,1737,full,664a150484ed2af3,957abc3e9142f440,"{""budget"": 0.75, ""policy"": ""B2_uniform""}",0.75,B2_uniform,mean_residual_fnr,0.24625,synthetic,ALL,not_applicable,not_applicable
EXP-04,SYNTHETIC EXPERIMENT,1737,full,664a150484ed2af3,9cc9d6b1e7e1b61c,"{""budget"": 0.75, ""policy"": ""B3_random""}",0.75,B3_random,mean_residual_fnr,0.24286574284830276,synthetic,ALL,not_applicable,not_applicable
EXP-04,SYNTHETIC EXPERIMENT,1737,full,664a150484ed2af3,379d69ef0fdfedb9,"{""budget"": 0.75, ""policy"": ""B4_expected_corrections""}",0.75,B4_expected_corrections,mean_residual_fnr,0.2425,synthetic,ALL,not_applicable,not_applicable
EXP-04,SYNTHETIC EXPERIMENT,1737,full,664a150484ed2af3,0e1f54e18c12c4ee,"{""budget"": 0.75, ""policy"": ""additional_proportional_need""}",0.75,additional_proportional_need,mean_residual_fnr,0.24538461538461542,synthetic,ALL,not_applicable,not_applicable
EXP-04,SYNTHETIC EXPERIMENT,1737,full,664a150484ed2af3,14b3fd827134c5e7,"{""budget"": 0.75, ""policy"": ""B5_welfare_optimum""}",0.75,B5_welfare_optimum,mean_residual_fnr,0.24250000000000016,synthetic,ALL,not_applicable,not_applicable
EXP-04,SYNTHETIC EXPERIMENT,1737,full,664a150484ed2af3,0b86cca4ef0698c3,"{""budget"": 0.75, ""policy"": ""B6_fairness_aware_minimax""}",0.75,B6_fairness_aware_minimax,mean_residual_fnr,0.24285714284345883,synthetic,ALL,not_applicable,not_applicable
EXP-04,SYNTHETIC EXPERIMENT,1737,full,664a150484ed2af3,982d810df6647d1a,"{""budget"": 1.0, ""policy"": ""B0_no_appeal_assistance""}",1.0,B0_no_appeal_assistance,mean_residual_fnr,0.325,synthetic,ALL,not_applicable,not_applicable
EXP-04,SYNTHETIC EXPERIMENT,1737,full,664a150484ed2af3,d38b8ee847d57790,"{""budget"": 1.0, ""policy"": ""B2_uniform""}",1.0,B2_uniform,mean_residual_fnr,0.21999999999999997,synthetic,ALL,not_applicable,not_applicable
EXP-04,SYNTHETIC EXPERIMENT,1737,full,664a150484ed2af3,61e75fd0c50b109b,"{""budget"": 1.0, ""policy"": ""B3_random""}",1.0,B3_random,mean_residual_fnr,0.21548765713107035,synthetic,ALL,not_applicable,not_applicable
EXP-04,SYNTHETIC EXPERIMENT,1737,full,664a150484ed2af3,425f16d21ed8d79c,"{""budget"": 1.0, ""policy"": ""B4_expected_corrections""}",1.0,B4_expected_corrections,mean_residual_fnr,0.215,synthetic,ALL,not_applicable,not_applicable
EXP-04,SYNTHETIC EXPERIMENT,1737,full,664a150484ed2af3,344481b679999c5e,"{""budget"": 1.0, ""policy"": ""additional_proportional_need""}",1.0,additional_proportional_need,mean_residual_fnr,0.21884615384615386,synthetic,ALL,not_applicable,not_applicable
EXP-04,SYNTHETIC EXPERIMENT,1737,full,664a150484ed2af3,2b5deef2535b201e,"{""budget"": 1.0, ""policy"": ""B5_welfare_optimum""}",1.0,B5_welfare_optimum,mean_residual_fnr,0.21500000000000008,synthetic,ALL,not_applicable,not_applicable
EXP-04,SYNTHETIC EXPERIMENT,1737,full,664a150484ed2af3,0211985b156e41d1,"{""budget"": 1.0, ""policy"": ""B6_fairness_aware_minimax""}",1.0,B6_fairness_aware_minimax,mean_residual_fnr,0.21666666666284634,synthetic,ALL,not_applicable,not_applicable
EXP-04,SYNTHETIC EXPERIMENT,1737,full,664a150484ed2af3,1003369d5f322d65,"{""budget"": 1.5, ""policy"": ""B0_no_appeal_assistance""}",1.5,B0_no_appeal_assistance,mean_residual_fnr,0.325,synthetic,ALL,not_applicable,not_applicable
EXP-04,SYNTHETIC EXPERIMENT,1737,full,664a150484ed2af3,6a60722a624caf7e,"{""budget"": 1.5, ""policy"": ""B2_uniform""}",1.5,B2_uniform,mean_residual_fnr,0.16749999999999998,synthetic,ALL,not_applicable,not_applicable
EXP-04,SYNTHETIC EXPERIMENT,1737,full,664a150484ed2af3,688e253ca56e4aaa,"{""budget"": 1.5, ""policy"": ""B3_random""}",1.5,B3_random,mean_residual_fnr,0.1607314856966055,synthetic,ALL,not_applicable,not_applicable
EXP-04,SYNTHETIC EXPERIMENT,1737,full,664a150484ed2af3,1c80e6dde801ef5c,"{""budget"": 1.5, ""policy"": ""B4_expected_corrections""}",1.5,B4_expected_corrections,mean_residual_fnr,0.15999999999999998,synthetic,ALL,not_applicable,not_applicable
EXP-04,SYNTHETIC EXPERIMENT,1737,full,664a150484ed2af3,e06c7801d484f43d,"{""budget"": 1.5, ""policy"": ""additional_proportional_need""}",1.5,additional_proportional_need,mean_residual_fnr,0.16576923076923078,synthetic,ALL,not_applicable,not_applicable
EXP-04,SYNTHETIC EXPERIMENT,1737,full,664a150484ed2af3,28359368daee264f,"{""budget"": 1.5, ""policy"": ""B5_welfare_optimum""}",1.5,B5_welfare_optimum,mean_residual_fnr,0.16000000000000117,synthetic,ALL,not_applicable,not_applicable
EXP-04,SYNTHETIC EXPERIMENT,1737,full,664a150484ed2af3,152273e66ada895f,"{""budget"": 1.5, ""policy"": ""B6_fairness_aware_minimax""}",1.5,B6_fairness_aware_minimax,mean_residual_fnr,0.16428571428866767,synthetic,ALL,not_applicable,not_applicable
EXP-04,SYNTHETIC EXPERIMENT,1737,full,664a150484ed2af3,9cb9560133e83337,"{""budget"": 2.0, ""policy"": ""B0_no_appeal_assistance""}",2.0,B0_no_appeal_assistance,mean_residual_fnr,0.325,synthetic,ALL,not_applicable,not_applicable
EXP-04,SYNTHETIC EXPERIMENT,1737,full,664a150484ed2af3,b73a572b50f3dd6f,"{""budget"": 2.0, ""policy"": ""B2_uniform""}",2.0,B2_uniform,mean_residual_fnr,0.11499999999999999,synthetic,ALL,not_applicable,not_applicable
EXP-04,SYNTHETIC EXPERIMENT,1737,full,664a150484ed2af3,a76f3c445f0d9f9b,"{""budget"": 2.0, ""policy"": ""B3_random""}",2.0,B3_random,mean_residual_fnr,0.11524685737859283,synthetic,ALL,not_applicable,not_applicable
EXP-04,SYNTHETIC EXPERIMENT,1737,full,664a150484ed2af3,15157116d00ec30a,"{""budget"": 2.0, ""policy"": ""B4_expected_corrections""}",2.0,B4_expected_corrections,mean_residual_fnr,0.125,synthetic,ALL,not_applicable,not_applicable
EXP-04,SYNTHETIC EXPERIMENT,1737,full,664a150484ed2af3,f1767ae8091cf42b,"{""budget"": 2.0, ""policy"": ""additional_proportional_need""}",2.0,additional_proportional_need,mean_residual_fnr,0.11269230769230769,synthetic,ALL,not_applicable,not_applicable
EXP-04,SYNTHETIC EXPERIMENT,1737,full,664a150484ed2af3,7ea1dd5e24dd79e1,"{""budget"": 2.0, ""policy"": ""B5_welfare_optimum""}",2.0,B5_welfare_optimum,mean_residual_fnr,0.10681885967148654,synthetic,ALL,not_applicable,not_applicable
EXP-04,SYNTHETIC EXPERIMENT,1737,full,664a150484ed2af3,ab2a5f06a9e00fb4,"{""budget"": 2.0, ""policy"": ""B6_fairness_aware_minimax""}",2.0,B6_fairness_aware_minimax,mean_residual_fnr,0.11190476191758196,synthetic,ALL,not_applicable,not_applicable
EXP-04,SYNTHETIC EXPERIMENT,1737,full,664a150484ed2af3,9708b9816c525a28,"{""budget"": 3.0, ""policy"": ""B0_no_appeal_assistance""}",3.0,B0_no_appeal_assistance,mean_residual_fnr,0.325,synthetic,ALL,not_applicable,not_applicable
EXP-04,SYNTHETIC EXPERIMENT,1737,full,664a150484ed2af3,bd2174167e9ff725,"{""budget"": 3.0, ""policy"": ""B2_uniform""}",3.0,B2_uniform,mean_residual_fnr,0.03499999999999999,synthetic,ALL,not_applicable,not_applicable
EXP-04,SYNTHETIC EXPERIMENT,1737,full,664a150484ed2af3,42cc2cb006b6ba0a,"{""budget"": 3.0, ""policy"": ""B3_random""}",3.0,B3_random,mean_residual_fnr,0.11037028606788925,synthetic,ALL,not_applicable,not_applicable
EXP-04,SYNTHETIC EXPERIMENT,1737,full,664a150484ed2af3,e44a428ac6fedb50,"{""budget"": 3.0, ""policy"": ""B4_expected_corrections""}",3.0,B4_expected_corrections,mean_residual_fnr,0.125,synthetic,ALL,not_applicable,not_applicable
EXP-04,SYNTHETIC EXPERIMENT,1737,full,664a150484ed2af3,5ccd7a1985b269aa,"{""budget"": 3.0, ""policy"": ""additional_proportional_need""}",3.0,additional_proportional_need,mean_residual_fnr,0.009615384615384623,synthetic,ALL,not_applicable,not_applicable
EXP-04,SYNTHETIC EXPERIMENT,1737,full,664a150484ed2af3,2eb1864771910f3a,"{""budget"": 3.0, ""policy"": ""B5_welfare_optimum""}",3.0,B5_welfare_optimum,mean_residual_fnr,0.006819078804856033,synthetic,ALL,not_applicable,not_applicable
EXP-04,SYNTHETIC EXPERIMENT,1737,full,664a150484ed2af3,48d6e22388e77375,"{""budget"": 3.0, ""policy"": ""B6_fairness_aware_minimax""}",3.0,B6_fairness_aware_minimax,mean_residual_fnr,0.007142857143400077,synthetic,ALL,not_applicable,not_applicable
EXP-04,SYNTHETIC EXPERIMENT,1737,full,664a150484ed2af3,dd439a87821bab8e,"{""budget"": 4.0, ""policy"": ""B0_no_appeal_assistance""}",4.0,B0_no_appeal_assistance,mean_residual_fnr,0.325,synthetic,ALL,not_applicable,not_applicable
EXP-04,SYNTHETIC EXPERIMENT,1737,full,664a150484ed2af3,ba93911f3db936ea,"{""budget"": 4.0, ""policy"": ""B2_uniform""}",4.0,B2_uniform,mean_residual_fnr,0.0,synthetic,ALL,not_applicable,not_applicable
EXP-04,SYNTHETIC EXPERIMENT,1737,full,664a150484ed2af3,0cf44cbd3e48a0f1,"{""budget"": 4.0, ""policy"": ""B3_random""}",4.0,B3_random,mean_residual_fnr,0.10549371475718566,synthetic,ALL,not_applicable,not_applicable
EXP-04,SYNTHETIC EXPERIMENT,1737,full,664a150484ed2af3,0618104ea2824814,"{""budget"": 4.0, ""policy"": ""B4_expected_corrections""}",4.0,B4_expected_corrections,mean_residual_fnr,0.125,synthetic,ALL,not_applicable,not_applicable
EXP-04,SYNTHETIC EXPERIMENT,1737,full,664a150484ed2af3,d496aa3a4b1d3dc1,"{""budget"": 4.0, ""policy"": ""additional_proportional_need""}",4.0,additional_proportional_need,mean_residual_fnr,0.0,synthetic,ALL,not_applicable,not_applicable
EXP-04,SYNTHETIC EXPERIMENT,1737,full,664a150484ed2af3,1cd9c75523631fd3,"{""budget"": 4.0, ""policy"": ""B5_welfare_optimum""}",4.0,B5_welfare_optimum,mean_residual_fnr,0.0,synthetic,ALL,not_applicable,not_applicable
EXP-04,SYNTHETIC EXPERIMENT,1737,full,664a150484ed2af3,9b53e3f53ba1f22e,"{""budget"": 4.0, ""policy"": ""B6_fairness_aware_minimax""}",4.0,B6_fairness_aware_minimax,mean_residual_fnr,0.0,synthetic,ALL,not_applicable,not_applicable
EXP-04,SYNTHETIC EXPERIMENT,1737,full,664a150484ed2af3,edcb10594ac92d3d,"{""budget"": 4.0, ""policy"": ""B1_universal_capacity""}",4.0,B1_universal_capacity,mean_residual_fnr,0.0,synthetic,ALL,not_applicable,not_applicable
EXP-04,SYNTHETIC EXPERIMENT,1737,full,664a150484ed2af3,73d6f8014e947ad3,"{""budget"": 0.0, ""policy"": ""B0_no_appeal_assistance""}",0.0,B0_no_appeal_assistance,max_residual_fnr,0.4,synthetic,ALL,not_applicable,not_applicable
EXP-04,SYNTHETIC EXPERIMENT,1737,full,664a150484ed2af3,aca846dea2532e7e,"{""budget"": 0.0, ""policy"": ""B2_uniform""}",0.0,B2_uniform,max_residual_fnr,0.4,synthetic,ALL,not_applicable,not_applicable
EXP-04,SYNTHETIC EXPERIMENT,1737,full,664a150484ed2af3,6e29a68104e2b4d6,"{""budget"": 0.0, ""policy"": ""B3_random""}",0.0,B3_random,max_residual_fnr,0.4,synthetic,ALL,not_applicable,not_applicable
EXP-04,SYNTHETIC EXPERIMENT,1737,full,664a150484ed2af3,f7d7416c21ccbea3,"{""budget"": 0.0, ""policy"": ""B4_expected_corrections""}",0.0,B4_expected_corrections,max_residual_fnr,0.4,synthetic,ALL,not_applicable,not_applicable
EXP-04,SYNTHETIC EXPERIMENT,1737,full,664a150484ed2af3,fcef31f7a7ff0ec8,"{""budget"": 0.0, ""policy"": ""additional_proportional_need""}",0.0,additional_proportional_need,max_residual_fnr,0.4,synthetic,ALL,not_applicable,not_applicable
EXP-04,SYNTHETIC EXPERIMENT,1737,full,664a150484ed2af3,8af685c39754bc50,"{""budget"": 0.0, ""policy"": ""B5_welfare_optimum""}",0.0,B5_welfare_optimum,max_residual_fnr,0.4,synthetic,ALL,not_applicable,not_applicable
EXP-04,SYNTHETIC EXPERIMENT,1737,full,664a150484ed2af3,b98b64a27a69ce9d,"{""budget"": 0.0, ""policy"": ""B6_fairness_aware_minimax""}",0.0,B6_fairness_aware_minimax,max_residual_fnr,0.4,synthetic,ALL,not_applicable,not_applicable
EXP-04,SYNTHETIC EXPERIMENT,1737,full,664a150484ed2af3,47f55405ddee6936,"{""budget"": 0.1, ""policy"": ""B0_no_appeal_assistance""}",0.1,B0_no_appeal_assistance,max_residual_fnr,0.4,synthetic,ALL,not_applicable,not_applicable
EXP-04,SYNTHETIC EXPERIMENT,1737,full,664a150484ed2af3,505387199cc41cd9,"{""budget"": 0.1, ""policy"": ""B2_uniform""}",0.1,B2_uniform,max_residual_fnr,0.389,synthetic,ALL,not_applicable,not_applicable
EXP-04,SYNTHETIC EXPERIMENT,1737,full,664a150484ed2af3,715409da736e3890,"{""budget"": 0.1, ""policy"": ""B3_random""}",0.1,B3_random,max_residual_fnr,0.3790728456883548,synthetic,ALL,not_applicable,not_applicable
EXP-04,SYNTHETIC EXPERIMENT,1737,full,664a150484ed2af3,b39d7f3930a2a13a,"{""budget"": 0.1, ""policy"": ""B4_expected_corrections""}",0.1,B4_expected_corrections,max_residual_fnr,0.378,synthetic,ALL,not_applicable,not_applicable
EXP-04,SYNTHETIC EXPERIMENT,1737,full,664a150484ed2af3,bbdfdf36465e1dbf,"{""budget"": 0.1, ""policy"": ""additional_proportional_need""}",0.1,additional_proportional_need,max_residual_fnr,0.38646153846153847,synthetic,ALL,not_applicable,not_applicable
EXP-04,SYNTHETIC EXPERIMENT,1737,full,664a150484ed2af3,8445721da1bb125c,"{""budget"": 0.1, ""policy"": ""B5_welfare_optimum""}",0.1,B5_welfare_optimum,max_residual_fnr,0.378,synthetic,ALL,not_applicable,not_applicable
EXP-04,SYNTHETIC EXPERIMENT,1737,full,664a150484ed2af3,7c24c4924a67aa87,"{""budget"": 0.1, ""policy"": ""B6_fairness_aware_minimax""}",0.1,B6_fairness_aware_minimax,max_residual_fnr,0.37800000000000006,synthetic,ALL,not_applicable,not_applicable
EXP-04,SYNTHETIC EXPERIMENT,1737,full,664a150484ed2af3,3fe95d7db7362d2b,"{""budget"": 0.25, ""policy"": ""B0_no_appeal_assistance""}",0.25,B0_no_appeal_assistance,max_residual_fnr,0.4,synthetic,ALL,not_applicable,not_applicable
EXP-04,SYNTHETIC EXPERIMENT,1737,full,664a150484ed2af3,ae1eade03f0034ec,"{""budget"": 0.25, ""policy"": ""B2_uniform""}",0.25,B2_uniform,max_residual_fnr,0.37250000000000005,synthetic,ALL,not_applicable,not_applicable
EXP-04,SYNTHETIC EXPERIMENT,1737,full,664a150484ed2af3,f7a6bf97e850c200,"{""budget"": 0.25, ""policy"": ""B3_random""}",0.25,B3_random,max_residual_fnr,0.347682114220887,synthetic,ALL,not_applicable,not_applicable
EXP-04,SYNTHETIC EXPERIMENT,1737,full,664a150484ed2af3,b7c534bdcb80a119,"{""budget"": 0.25, ""policy"": ""B4_expected_corrections""}",0.25,B4_expected_corrections,max_residual_fnr,0.34500000000000003,synthetic,ALL,not_applicable,not_applicable
EXP-04,SYNTHETIC EXPERIMENT,1737,full,664a150484ed2af3,f57f6134f7386820,"{""budget"": 0.25, ""policy"": ""additional_proportional_need""}",0.25,additional_proportional_need,max_residual_fnr,0.36615384615384616,synthetic,ALL,not_applicable,not_applicable
EXP-04,SYNTHETIC EXPERIMENT,1737,full,664a150484ed2af3,0ac465b1e9e7e73a,"{""budget"": 0.25, ""policy"": ""B5_welfare_optimum""}",0.25,B5_welfare_optimum,max_residual_fnr,0.34500000000000025,synthetic,ALL,not_applicable,not_applicable
EXP-04,SYNTHETIC EXPERIMENT,1737,full,664a150484ed2af3,479bc7ea0f932c6a,"{""budget"": 0.25, ""policy"": ""B6_fairness_aware_minimax""}",0.25,B6_fairness_aware_minimax,max_residual_fnr,0.3449999999999999,synthetic,ALL,not_applicable,not_applicable
EXP-04,SYNTHETIC EXPERIMENT,1737,full,664a150484ed2af3,7a11569bcfb76e6d,"{""budget"": 0.5, ""policy"": ""B0_no_appeal_assistance""}",0.5,B0_no_appeal_assistance,max_residual_fnr,0.4,synthetic,ALL,not_applicable,not_applicable
EXP-04,SYNTHETIC EXPERIMENT,1737,full,664a150484ed2af3,3584a6e7ee2d86fc,"{""budget"": 0.5, ""policy"": ""B2_uniform""}",0.5,B2_uniform,max_residual_fnr,0.34500000000000003,synthetic,ALL,not_applicable,not_applicable
EXP-04,SYNTHETIC EXPERIMENT,1737,full,664a150484ed2af3,269a44bfce5fafd1,"{""budget"": 0.5, ""policy"": ""B3_random""}",0.5,B3_random,max_residual_fnr,0.29536422844177396,synthetic,ALL,not_applicable,not_applicable
EXP-04,SYNTHETIC EXPERIMENT,1737,full,664a150484ed2af3,1c89a6ba87de8f89,"{""budget"": 0.5, ""policy"": ""B4_expected_corrections""}",0.5,B4_expected_corrections,max_residual_fnr,0.29,synthetic,ALL,not_applicable,not_applicable
EXP-04,SYNTHETIC EXPERIMENT,1737,full,664a150484ed2af3,fa0e081d1408a7a2,"{""budget"": 0.5, ""policy"": ""additional_proportional_need""}",0.5,additional_proportional_need,max_residual_fnr,0.3323076923076923,synthetic,ALL,not_applicable,not_applicable
EXP-04,SYNTHETIC EXPERIMENT,1737,full,664a150484ed2af3,b4bdf43e079a663f,"{""budget"": 0.5, ""policy"": ""B5_welfare_optimum""}",0.5,B5_welfare_optimum,max_residual_fnr,0.28999999999999954,synthetic,ALL,not_applicable,not_applicable
EXP-04,SYNTHETIC EXPERIMENT,1737,full,664a150484ed2af3,e147f1ad209f4e04,"{""budget"": 0.5, ""policy"": ""B6_fairness_aware_minimax""}",0.5,B6_fairness_aware_minimax,max_residual_fnr,0.29,synthetic,ALL,not_applicable,not_applicable
EXP-04,SYNTHETIC EXPERIMENT,1737,full,664a150484ed2af3,523a1aff2e43bde4,"{""budget"": 0.75, ""policy"": ""B0_no_appeal_assistance""}",0.75,B0_no_appeal_assistance,max_residual_fnr,0.4,synthetic,ALL,not_applicable,not_applicable
EXP-04,SYNTHETIC EXPERIMENT,1737,full,664a150484ed2af3,957abc3e9142f440,"{""budget"": 0.75, ""policy"": ""B2_uniform""}",0.75,B2_uniform,max_residual_fnr,0.3175,synthetic,ALL,not_applicable,not_applicable
EXP-04,SYNTHETIC EXPERIMENT,1737,full,664a150484ed2af3,9cc9d6b1e7e1b61c,"{""budget"": 0.75, ""policy"": ""B3_random""}",0.75,B3_random,max_residual_fnr,0.2430463426626609,synthetic,ALL,not_applicable,not_applicable
EXP-04,SYNTHETIC EXPERIMENT,1737,full,664a150484ed2af3,379d69ef0fdfedb9,"{""budget"": 0.75, ""policy"": ""B4_expected_corrections""}",0.75,B4_expected_corrections,max_residual_fnr,0.25,synthetic,ALL,not_applicable,not_applicable
EXP-04,SYNTHETIC EXPERIMENT,1737,full,664a150484ed2af3,0e1f54e18c12c4ee,"{""budget"": 0.75, ""policy"": ""additional_proportional_need""}",0.75,additional_proportional_need,max_residual_fnr,0.2984615384615385,synthetic,ALL,not_applicable,not_applicable
EXP-04,SYNTHETIC EXPERIMENT,1737,full,664a150484ed2af3,14b3fd827134c5e7,"{""budget"": 0.75, ""policy"": ""B5_welfare_optimum""}",0.75,B5_welfare_optimum,max_residual_fnr,0.25,synthetic,ALL,not_applicable,not_applicable
EXP-04,SYNTHETIC EXPERIMENT,1737,full,664a150484ed2af3,0b86cca4ef0698c3,"{""budget"": 0.75, ""policy"": ""B6_fairness_aware_minimax""}",0.75,B6_fairness_aware_minimax,max_residual_fnr,0.24285714313082524,synthetic,ALL,not_applicable,not_applicable
EXP-04,SYNTHETIC EXPERIMENT,1737,full,664a150484ed2af3,982d810df6647d1a,"{""budget"": 1.0, ""policy"": ""B0_no_appeal_assistance""}",1.0,B0_no_appeal_assistance,max_residual_fnr,0.4,synthetic,ALL,not_applicable,not_applicable
EXP-04,SYNTHETIC EXPERIMENT,1737,full,664a150484ed2af3,d38b8ee847d57790,"{""budget"": 1.0, ""policy"": ""B2_uniform""}",1.0,B2_uniform,max_residual_fnr,0.29,synthetic,ALL,not_applicable,not_applicable
EXP-04,SYNTHETIC EXPERIMENT,1737,full,664a150484ed2af3,61e75fd0c50b109b,"{""budget"": 1.0, ""policy"": ""B3_random""}",1.0,B3_random,max_residual_fnr,0.24024685737859283,synthetic,ALL,not_applicable,not_applicable
EXP-04,SYNTHETIC EXPERIMENT,1737,full,664a150484ed2af3,425f16d21ed8d79c,"{""budget"": 1.0, ""policy"": ""B4_expected_corrections""}",1.0,B4_expected_corrections,max_residual_fnr,0.25,synthetic,ALL,not_applicable,not_applicable
EXP-04,SYNTHETIC EXPERIMENT,1737,full,664a150484ed2af3,344481b679999c5e,"{""budget"": 1.0, ""policy"": ""additional_proportional_need""}",1.0,additional_proportional_need,max_residual_fnr,0.26461538461538464,synthetic,ALL,not_applicable,not_applicable
EXP-04,SYNTHETIC EXPERIMENT,1737,full,664a150484ed2af3,2b5deef2535b201e,"{""budget"": 1.0, ""policy"": ""B5_welfare_optimum""}",1.0,B5_welfare_optimum,max_residual_fnr,0.25,synthetic,ALL,not_applicable,not_applicable
EXP-04,SYNTHETIC EXPERIMENT,1737,full,664a150484ed2af3,0211985b156e41d1,"{""budget"": 1.0, ""policy"": ""B6_fairness_aware_minimax""}",1.0,B6_fairness_aware_minimax,max_residual_fnr,0.21666666674306784,synthetic,ALL,not_applicable,not_applicable
EXP-04,SYNTHETIC EXPERIMENT,1737,full,664a150484ed2af3,1003369d5f322d65,"{""budget"": 1.5, ""policy"": ""B0_no_appeal_assistance""}",1.5,B0_no_appeal_assistance,max_residual_fnr,0.4,synthetic,ALL,not_applicable,not_applicable
EXP-04,SYNTHETIC EXPERIMENT,1737,full,664a150484ed2af3,6a60722a624caf7e,"{""budget"": 1.5, ""policy"": ""B2_uniform""}",1.5,B2_uniform,max_residual_fnr,0.235,synthetic,ALL,not_applicable,not_applicable
EXP-04,SYNTHETIC EXPERIMENT,1737,full,664a150484ed2af3,688e253ca56e4aaa,"{""budget"": 1.5, ""policy"": ""B3_random""}",1.5,B3_random,max_residual_fnr,0.23537028606788926,synthetic,ALL,not_applicable,not_applicable
EXP-04,SYNTHETIC EXPERIMENT,1737,full,664a150484ed2af3,1c80e6dde801ef5c,"{""budget"": 1.5, ""policy"": ""B4_expected_corrections""}",1.5,B4_expected_corrections,max_residual_fnr,0.25,synthetic,ALL,not_applicable,not_applicable
EXP-04,SYNTHETIC EXPERIMENT,1737,full,664a150484ed2af3,e06c7801d484f43d,"{""budget"": 1.5, ""policy"": ""additional_proportional_need""}",1.5,additional_proportional_need,max_residual_fnr,0.1969230769230769,synthetic,ALL,not_applicable,not_applicable
EXP-04,SYNTHETIC EXPERIMENT,1737,full,664a150484ed2af3,28359368daee264f,"{""budget"": 1.5, ""policy"": ""B5_welfare_optimum""}",1.5,B5_welfare_optimum,max_residual_fnr,0.24999999999999956,synthetic,ALL,not_applicable,not_applicable
EXP-04,SYNTHETIC EXPERIMENT,1737,full,664a150484ed2af3,152273e66ada895f,"{""budget"": 1.5, ""policy"": ""B6_fairness_aware_minimax""}",1.5,B6_fairness_aware_minimax,max_residual_fnr,0.16428571435068032,synthetic,ALL,not_applicable,not_applicable
EXP-04,SYNTHETIC EXPERIMENT,1737,full,664a150484ed2af3,9cb9560133e83337,"{""budget"": 2.0, ""policy"": ""B0_no_appeal_assistance""}",2.0,B0_no_appeal_assistance,max_residual_fnr,0.4,synthetic,ALL,not_applicable,not_applicable
EXP-04,SYNTHETIC EXPERIMENT,1737,full,664a150484ed2af3,b73a572b50f3dd6f,"{""budget"": 2.0, ""policy"": ""B2_uniform""}",2.0,B2_uniform,max_residual_fnr,0.18,synthetic,ALL,not_applicable,not_applicable
EXP-04,SYNTHETIC EXPERIMENT,1737,full,664a150484ed2af3,a76f3c445f0d9f9b,"{""budget"": 2.0, ""policy"": ""B3_random""}",2.0,B3_random,max_residual_fnr,0.23049371475718566,synthetic,ALL,not_applicable,not_applicable
EXP-04,SYNTHETIC EXPERIMENT,1737,full,664a150484ed2af3,15157116d00ec30a,"{""budget"": 2.0, ""policy"": ""B4_expected_corrections""}",2.0,B4_expected_corrections,max_residual_fnr,0.25,synthetic,ALL,not_applicable,not_applicable
EXP-04,SYNTHETIC EXPERIMENT,1737,full,664a150484ed2af3,f1767ae8091cf42b,"{""budget"": 2.0, ""policy"": ""additional_proportional_need""}",2.0,additional_proportional_need,max_residual_fnr,0.12923076923076923,synthetic,ALL,not_applicable,not_applicable
EXP-04,SYNTHETIC EXPERIMENT,1737,full,664a150484ed2af3,7ea1dd5e24dd79e1,"{""budget"": 2.0, ""policy"": ""B5_welfare_optimum""}",2.0,B5_welfare_optimum,max_residual_fnr,0.21362280657952526,synthetic,ALL,not_applicable,not_applicable
EXP-04,SYNTHETIC EXPERIMENT,1737,full,664a150484ed2af3,ab2a5f06a9e00fb4,"{""budget"": 2.0, ""policy"": ""B6_fairness_aware_minimax""}",2.0,B6_fairness_aware_minimax,max_residual_fnr,0.11190476218680373,synthetic,ALL,not_applicable,not_applicable
EXP-04,SYNTHETIC EXPERIMENT,1737,full,664a150484ed2af3,9708b9816c525a28,"{""budget"": 3.0, ""policy"": ""B0_no_appeal_assistance""}",3.0,B0_no_appeal_assistance,max_residual_fnr,0.4,synthetic,ALL,not_applicable,not_applicable
EXP-04,SYNTHETIC EXPERIMENT,1737,full,664a150484ed2af3,bd2174167e9ff725,"{""budget"": 3.0, ""policy"": ""B2_uniform""}",3.0,B2_uniform,max_residual_fnr,0.06999999999999998,synthetic,ALL,not_applicable,not_applicable
EXP-04,SYNTHETIC EXPERIMENT,1737,full,664a150484ed2af3,42cc2cb006b6ba0a,"{""budget"": 3.0, ""policy"": ""B3_random""}",3.0,B3_random,max_residual_fnr,0.2207405721357785,synthetic,ALL,not_applicable,not_applicable
EXP-04,SYNTHETIC EXPERIMENT,1737,full,664a150484ed2af3,e44a428ac6fedb50,"{""budget"": 3.0, ""policy"": ""B4_expected_corrections""}",3.0,B4_expected_corrections,max_residual_fnr,0.25,synthetic,ALL,not_applicable,not_applicable
EXP-04,SYNTHETIC EXPERIMENT,1737,full,664a150484ed2af3,5ccd7a1985b269aa,"{""budget"": 3.0, ""policy"": ""additional_proportional_need""}",3.0,additional_proportional_need,max_residual_fnr,0.019230769230769246,synthetic,ALL,not_applicable,not_applicable
EXP-04,SYNTHETIC EXPERIMENT,1737,full,664a150484ed2af3,2eb1864771910f3a,"{""budget"": 3.0, ""policy"": ""B5_welfare_optimum""}",3.0,B5_welfare_optimum,max_residual_fnr,0.013618423902941268,synthetic,ALL,not_applicable,not_applicable
EXP-04,SYNTHETIC EXPERIMENT,1737,full,664a150484ed2af3,48d6e22388e77375,"{""budget"": 3.0, ""policy"": ""B6_fairness_aware_minimax""}",3.0,B6_fairness_aware_minimax,max_residual_fnr,0.007142857154808402,synthetic,ALL,not_applicable,not_applicable
EXP-04,SYNTHETIC EXPERIMENT,1737,full,664a150484ed2af3,dd439a87821bab8e,"{""budget"": 4.0, ""policy"": ""B0_no_appeal_assistance""}",4.0,B0_no_appeal_assistance,max_residual_fnr,0.4,synthetic,ALL,not_applicable,not_applicable
EXP-04,SYNTHETIC EXPERIMENT,1737,full,664a150484ed2af3,ba93911f3db936ea,"{""budget"": 4.0, ""policy"": ""B2_uniform""}",4.0,B2_uniform,max_residual_fnr,0.0,synthetic,ALL,not_applicable,not_applicable
EXP-04,SYNTHETIC EXPERIMENT,1737,full,664a150484ed2af3,0cf44cbd3e48a0f1,"{""budget"": 4.0, ""policy"": ""B3_random""}",4.0,B3_random,max_residual_fnr,0.21098742951437133,synthetic,ALL,not_applicable,not_applicable
EXP-04,SYNTHETIC EXPERIMENT,1737,full,664a150484ed2af3,0618104ea2824814,"{""budget"": 4.0, ""policy"": ""B4_expected_corrections""}",4.0,B4_expected_corrections,max_residual_fnr,0.25,synthetic,ALL,not_applicable,not_applicable
EXP-04,SYNTHETIC EXPERIMENT,1737,full,664a150484ed2af3,d496aa3a4b1d3dc1,"{""budget"": 4.0, ""policy"": ""additional_proportional_need""}",4.0,additional_proportional_need,max_residual_fnr,0.0,synthetic,ALL,not_applicable,not_applicable
EXP-04,SYNTHETIC EXPERIMENT,1737,full,664a150484ed2af3,1cd9c75523631fd3,"{""budget"": 4.0, ""policy"": ""B5_welfare_optimum""}",4.0,B5_welfare_optimum,max_residual_fnr,0.0,synthetic,ALL,not_applicable,not_applicable
EXP-04,SYNTHETIC EXPERIMENT,1737,full,664a150484ed2af3,9b53e3f53ba1f22e,"{""budget"": 4.0, ""policy"": ""B6_fairness_aware_minimax""}",4.0,B6_fairness_aware_minimax,max_residual_fnr,0.0,synthetic,ALL,not_applicable,not_applicable
EXP-04,SYNTHETIC EXPERIMENT,1737,full,664a150484ed2af3,edcb10594ac92d3d,"{""budget"": 4.0, ""policy"": ""B1_universal_capacity""}",4.0,B1_universal_capacity,max_residual_fnr,0.0,synthetic,ALL,not_applicable,not_applicable
EXP-04,SYNTHETIC EXPERIMENT,1737,full,664a150484ed2af3,73d6f8014e947ad3,"{""budget"": 0.0, ""policy"": ""B0_no_appeal_assistance""}",0.0,B0_no_appeal_assistance,fpr_a,0.2,synthetic,ALL,not_applicable,not_applicable
EXP-04,SYNTHETIC EXPERIMENT,1737,full,664a150484ed2af3,aca846dea2532e7e,"{""budget"": 0.0, ""policy"": ""B2_uniform""}",0.0,B2_uniform,fpr_a,0.2,synthetic,ALL,not_applicable,not_applicable
EXP-04,SYNTHETIC EXPERIMENT,1737,full,664a150484ed2af3,6e29a68104e2b4d6,"{""budget"": 0.0, ""policy"": ""B3_random""}",0.0,B3_random,fpr_a,0.2,synthetic,ALL,not_applicable,not_applicable
EXP-04,SYNTHETIC EXPERIMENT,1737,full,664a150484ed2af3,f7d7416c21ccbea3,"{""budget"": 0.0, ""policy"": ""B4_expected_corrections""}",0.0,B4_expected_corrections,fpr_a,0.2,synthetic,ALL,not_applicable,not_applicable
EXP-04,SYNTHETIC EXPERIMENT,1737,full,664a150484ed2af3,fcef31f7a7ff0ec8,"{""budget"": 0.0, ""policy"": ""additional_proportional_need""}",0.0,additional_proportional_need,fpr_a,0.2,synthetic,ALL,not_applicable,not_applicable
EXP-04,SYNTHETIC EXPERIMENT,1737,full,664a150484ed2af3,8af685c39754bc50,"{""budget"": 0.0, ""policy"": ""B5_welfare_optimum""}",0.0,B5_welfare_optimum,fpr_a,0.2,synthetic,ALL,not_applicable,not_applicable
EXP-04,SYNTHETIC EXPERIMENT,1737,full,664a150484ed2af3,b98b64a27a69ce9d,"{""budget"": 0.0, ""policy"": ""B6_fairness_aware_minimax""}",0.0,B6_fairness_aware_minimax,fpr_a,0.2,synthetic,ALL,not_applicable,not_applicable
EXP-04,SYNTHETIC EXPERIMENT,1737,full,664a150484ed2af3,47f55405ddee6936,"{""budget"": 0.1, ""policy"": ""B0_no_appeal_assistance""}",0.1,B0_no_appeal_assistance,fpr_a,0.2,synthetic,ALL,not_applicable,not_applicable
EXP-04,SYNTHETIC EXPERIMENT,1737,full,664a150484ed2af3,505387199cc41cd9,"{""budget"": 0.1, ""policy"": ""B2_uniform""}",0.1,B2_uniform,fpr_a,0.2,synthetic,ALL,not_applicable,not_applicable
EXP-04,SYNTHETIC EXPERIMENT,1737,full,664a150484ed2af3,715409da736e3890,"{""budget"": 0.1, ""policy"": ""B3_random""}",0.1,B3_random,fpr_a,0.2,synthetic,ALL,not_applicable,not_applicable
EXP-04,SYNTHETIC EXPERIMENT,1737,full,664a150484ed2af3,b39d7f3930a2a13a,"{""budget"": 0.1, ""policy"": ""B4_expected_corrections""}",0.1,B4_expected_corrections,fpr_a,0.2,synthetic,ALL,not_applicable,not_applicable
EXP-04,SYNTHETIC EXPERIMENT,1737,full,664a150484ed2af3,bbdfdf36465e1dbf,"{""budget"": 0.1, ""policy"": ""additional_proportional_need""}",0.1,additional_proportional_need,fpr_a,0.2,synthetic,ALL,not_applicable,not_applicable
EXP-04,SYNTHETIC EXPERIMENT,1737,full,664a150484ed2af3,8445721da1bb125c,"{""budget"": 0.1, ""policy"": ""B5_welfare_optimum""}",0.1,B5_welfare_optimum,fpr_a,0.2,synthetic,ALL,not_applicable,not_applicable
EXP-04,SYNTHETIC EXPERIMENT,1737,full,664a150484ed2af3,7c24c4924a67aa87,"{""budget"": 0.1, ""policy"": ""B6_fairness_aware_minimax""}",0.1,B6_fairness_aware_minimax,fpr_a,0.2,synthetic,ALL,not_applicable,not_applicable
EXP-04,SYNTHETIC EXPERIMENT,1737,full,664a150484ed2af3,3fe95d7db7362d2b,"{""budget"": 0.25, ""policy"": ""B0_no_appeal_assistance""}",0.25,B0_no_appeal_assistance,fpr_a,0.2,synthetic,ALL,not_applicable,not_applicable
EXP-04,SYNTHETIC EXPERIMENT,1737,full,664a150484ed2af3,ae1eade03f0034ec,"{""budget"": 0.25, ""policy"": ""B2_uniform""}",0.25,B2_uniform,fpr_a,0.2,synthetic,ALL,not_applicable,not_applicable
EXP-04,SYNTHETIC EXPERIMENT,1737,full,664a150484ed2af3,f7a6bf97e850c200,"{""budget"": 0.25, ""policy"": ""B3_random""}",0.25,B3_random,fpr_a,0.2,synthetic,ALL,not_applicable,not_applicable
EXP-04,SYNTHETIC EXPERIMENT,1737,full,664a150484ed2af3,b7c534bdcb80a119,"{""budget"": 0.25, ""policy"": ""B4_expected_corrections""}",0.25,B4_expected_corrections,fpr_a,0.2,synthetic,ALL,not_applicable,not_applicable
EXP-04,SYNTHETIC EXPERIMENT,1737,full,664a150484ed2af3,f57f6134f7386820,"{""budget"": 0.25, ""policy"": ""additional_proportional_need""}",0.25,additional_proportional_need,fpr_a,0.2,synthetic,ALL,not_applicable,not_applicable
EXP-04,SYNTHETIC EXPERIMENT,1737,full,664a150484ed2af3,0ac465b1e9e7e73a,"{""budget"": 0.25, ""policy"": ""B5_welfare_optimum""}",0.25,B5_welfare_optimum,fpr_a,0.2,synthetic,ALL,not_applicable,not_applicable
EXP-04,SYNTHETIC EXPERIMENT,1737,full,664a150484ed2af3,479bc7ea0f932c6a,"{""budget"": 0.25, ""policy"": ""B6_fairness_aware_minimax""}",0.25,B6_fairness_aware_minimax,fpr_a,0.2,synthetic,ALL,not_applicable,not_applicable
EXP-04,SYNTHETIC EXPERIMENT,1737,full,664a150484ed2af3,7a11569bcfb76e6d,"{""budget"": 0.5, ""policy"": ""B0_no_appeal_assistance""}",0.5,B0_no_appeal_assistance,fpr_a,0.2,synthetic,ALL,not_applicable,not_applicable
EXP-04,SYNTHETIC EXPERIMENT,1737,full,664a150484ed2af3,3584a6e7ee2d86fc,"{""budget"": 0.5, ""policy"": ""B2_uniform""}",0.5,B2_uniform,fpr_a,0.2,synthetic,ALL,not_applicable,not_applicable
EXP-04,SYNTHETIC EXPERIMENT,1737,full,664a150484ed2af3,269a44bfce5fafd1,"{""budget"": 0.5, ""policy"": ""B3_random""}",0.5,B3_random,fpr_a,0.2,synthetic,ALL,not_applicable,not_applicable
EXP-04,SYNTHETIC EXPERIMENT,1737,full,664a150484ed2af3,1c89a6ba87de8f89,"{""budget"": 0.5, ""policy"": ""B4_expected_corrections""}",0.5,B4_expected_corrections,fpr_a,0.2,synthetic,ALL,not_applicable,not_applicable
EXP-04,SYNTHETIC EXPERIMENT,1737,full,664a150484ed2af3,fa0e081d1408a7a2,"{""budget"": 0.5, ""policy"": ""additional_proportional_need""}",0.5,additional_proportional_need,fpr_a,0.2,synthetic,ALL,not_applicable,not_applicable
EXP-04,SYNTHETIC EXPERIMENT,1737,full,664a150484ed2af3,b4bdf43e079a663f,"{""budget"": 0.5, ""policy"": ""B5_welfare_optimum""}",0.5,B5_welfare_optimum,fpr_a,0.2,synthetic,ALL,not_applicable,not_applicable
EXP-04,SYNTHETIC EXPERIMENT,1737,full,664a150484ed2af3,e147f1ad209f4e04,"{""budget"": 0.5, ""policy"": ""B6_fairness_aware_minimax""}",0.5,B6_fairness_aware_minimax,fpr_a,0.2,synthetic,ALL,not_applicable,not_applicable
EXP-04,SYNTHETIC EXPERIMENT,1737,full,664a150484ed2af3,523a1aff2e43bde4,"{""budget"": 0.75, ""policy"": ""B0_no_appeal_assistance""}",0.75,B0_no_appeal_assistance,fpr_a,0.2,synthetic,ALL,not_applicable,not_applicable
EXP-04,SYNTHETIC EXPERIMENT,1737,full,664a150484ed2af3,957abc3e9142f440,"{""budget"": 0.75, ""policy"": ""B2_uniform""}",0.75,B2_uniform,fpr_a,0.2,synthetic,ALL,not_applicable,not_applicable
EXP-04,SYNTHETIC EXPERIMENT,1737,full,664a150484ed2af3,9cc9d6b1e7e1b61c,"{""budget"": 0.75, ""policy"": ""B3_random""}",0.75,B3_random,fpr_a,0.2,synthetic,ALL,not_applicable,not_applicable
EXP-04,SYNTHETIC EXPERIMENT,1737,full,664a150484ed2af3,379d69ef0fdfedb9,"{""budget"": 0.75, ""policy"": ""B4_expected_corrections""}",0.75,B4_expected_corrections,fpr_a,0.2,synthetic,ALL,not_applicable,not_applicable
EXP-04,SYNTHETIC EXPERIMENT,1737,full,664a150484ed2af3,0e1f54e18c12c4ee,"{""budget"": 0.75, ""policy"": ""additional_proportional_need""}",0.75,additional_proportional_need,fpr_a,0.2,synthetic,ALL,not_applicable,not_applicable
EXP-04,SYNTHETIC EXPERIMENT,1737,full,664a150484ed2af3,14b3fd827134c5e7,"{""budget"": 0.75, ""policy"": ""B5_welfare_optimum""}",0.75,B5_welfare_optimum,fpr_a,0.2,synthetic,ALL,not_applicable,not_applicable
EXP-04,SYNTHETIC EXPERIMENT,1737,full,664a150484ed2af3,0b86cca4ef0698c3,"{""budget"": 0.75, ""policy"": ""B6_fairness_aware_minimax""}",0.75,B6_fairness_aware_minimax,fpr_a,0.2,synthetic,ALL,not_applicable,not_applicable
EXP-04,SYNTHETIC EXPERIMENT,1737,full,664a150484ed2af3,982d810df6647d1a,"{""budget"": 1.0, ""policy"": ""B0_no_appeal_assistance""}",1.0,B0_no_appeal_assistance,fpr_a,0.2,synthetic,ALL,not_applicable,not_applicable
EXP-04,SYNTHETIC EXPERIMENT,1737,full,664a150484ed2af3,d38b8ee847d57790,"{""budget"": 1.0, ""policy"": ""B2_uniform""}",1.0,B2_uniform,fpr_a,0.2,synthetic,ALL,not_applicable,not_applicable
EXP-04,SYNTHETIC EXPERIMENT,1737,full,664a150484ed2af3,61e75fd0c50b109b,"{""budget"": 1.0, ""policy"": ""B3_random""}",1.0,B3_random,fpr_a,0.2,synthetic,ALL,not_applicable,not_applicable
EXP-04,SYNTHETIC EXPERIMENT,1737,full,664a150484ed2af3,425f16d21ed8d79c,"{""budget"": 1.0, ""policy"": ""B4_expected_corrections""}",1.0,B4_expected_corrections,fpr_a,0.2,synthetic,ALL,not_applicable,not_applicable
EXP-04,SYNTHETIC EXPERIMENT,1737,full,664a150484ed2af3,344481b679999c5e,"{""budget"": 1.0, ""policy"": ""additional_proportional_need""}",1.0,additional_proportional_need,fpr_a,0.2,synthetic,ALL,not_applicable,not_applicable
EXP-04,SYNTHETIC EXPERIMENT,1737,full,664a150484ed2af3,2b5deef2535b201e,"{""budget"": 1.0, ""policy"": ""B5_welfare_optimum""}",1.0,B5_welfare_optimum,fpr_a,0.2,synthetic,ALL,not_applicable,not_applicable
EXP-04,SYNTHETIC EXPERIMENT,1737,full,664a150484ed2af3,0211985b156e41d1,"{""budget"": 1.0, ""policy"": ""B6_fairness_aware_minimax""}",1.0,B6_fairness_aware_minimax,fpr_a,0.2,synthetic,ALL,not_applicable,not_applicable
EXP-04,SYNTHETIC EXPERIMENT,1737,full,664a150484ed2af3,1003369d5f322d65,"{""budget"": 1.5, ""policy"": ""B0_no_appeal_assistance""}",1.5,B0_no_appeal_assistance,fpr_a,0.2,synthetic,ALL,not_applicable,not_applicable
EXP-04,SYNTHETIC EXPERIMENT,1737,full,664a150484ed2af3,6a60722a624caf7e,"{""budget"": 1.5, ""policy"": ""B2_uniform""}",1.5,B2_uniform,fpr_a,0.2,synthetic,ALL,not_applicable,not_applicable
EXP-04,SYNTHETIC EXPERIMENT,1737,full,664a150484ed2af3,688e253ca56e4aaa,"{""budget"": 1.5, ""policy"": ""B3_random""}",1.5,B3_random,fpr_a,0.2,synthetic,ALL,not_applicable,not_applicable
EXP-04,SYNTHETIC EXPERIMENT,1737,full,664a150484ed2af3,1c80e6dde801ef5c,"{""budget"": 1.5, ""policy"": ""B4_expected_corrections""}",1.5,B4_expected_corrections,fpr_a,0.2,synthetic,ALL,not_applicable,not_applicable
EXP-04,SYNTHETIC EXPERIMENT,1737,full,664a150484ed2af3,e06c7801d484f43d,"{""budget"": 1.5, ""policy"": ""additional_proportional_need""}",1.5,additional_proportional_need,fpr_a,0.2,synthetic,ALL,not_applicable,not_applicable
EXP-04,SYNTHETIC EXPERIMENT,1737,full,664a150484ed2af3,28359368daee264f,"{""budget"": 1.5, ""policy"": ""B5_welfare_optimum""}",1.5,B5_welfare_optimum,fpr_a,0.2,synthetic,ALL,not_applicable,not_applicable
EXP-04,SYNTHETIC EXPERIMENT,1737,full,664a150484ed2af3,152273e66ada895f,"{""budget"": 1.5, ""policy"": ""B6_fairness_aware_minimax""}",1.5,B6_fairness_aware_minimax,fpr_a,0.2,synthetic,ALL,not_applicable,not_applicable
EXP-04,SYNTHETIC EXPERIMENT,1737,full,664a150484ed2af3,9cb9560133e83337,"{""budget"": 2.0, ""policy"": ""B0_no_appeal_assistance""}",2.0,B0_no_appeal_assistance,fpr_a,0.2,synthetic,ALL,not_applicable,not_applicable
EXP-04,SYNTHETIC EXPERIMENT,1737,full,664a150484ed2af3,b73a572b50f3dd6f,"{""budget"": 2.0, ""policy"": ""B2_uniform""}",2.0,B2_uniform,fpr_a,0.2,synthetic,ALL,not_applicable,not_applicable
EXP-04,SYNTHETIC EXPERIMENT,1737,full,664a150484ed2af3,a76f3c445f0d9f9b,"{""budget"": 2.0, ""policy"": ""B3_random""}",2.0,B3_random,fpr_a,0.2,synthetic,ALL,not_applicable,not_applicable
EXP-04,SYNTHETIC EXPERIMENT,1737,full,664a150484ed2af3,15157116d00ec30a,"{""budget"": 2.0, ""policy"": ""B4_expected_corrections""}",2.0,B4_expected_corrections,fpr_a,0.2,synthetic,ALL,not_applicable,not_applicable
EXP-04,SYNTHETIC EXPERIMENT,1737,full,664a150484ed2af3,f1767ae8091cf42b,"{""budget"": 2.0, ""policy"": ""additional_proportional_need""}",2.0,additional_proportional_need,fpr_a,0.2,synthetic,ALL,not_applicable,not_applicable
EXP-04,SYNTHETIC EXPERIMENT,1737,full,664a150484ed2af3,7ea1dd5e24dd79e1,"{""budget"": 2.0, ""policy"": ""B5_welfare_optimum""}",2.0,B5_welfare_optimum,fpr_a,0.2,synthetic,ALL,not_applicable,not_applicable
EXP-04,SYNTHETIC EXPERIMENT,1737,full,664a150484ed2af3,ab2a5f06a9e00fb4,"{""budget"": 2.0, ""policy"": ""B6_fairness_aware_minimax""}",2.0,B6_fairness_aware_minimax,fpr_a,0.2,synthetic,ALL,not_applicable,not_applicable
EXP-04,SYNTHETIC EXPERIMENT,1737,full,664a150484ed2af3,9708b9816c525a28,"{""budget"": 3.0, ""policy"": ""B0_no_appeal_assistance""}",3.0,B0_no_appeal_assistance,fpr_a,0.2,synthetic,ALL,not_applicable,not_applicable
EXP-04,SYNTHETIC EXPERIMENT,1737,full,664a150484ed2af3,bd2174167e9ff725,"{""budget"": 3.0, ""policy"": ""B2_uniform""}",3.0,B2_uniform,fpr_a,0.2,synthetic,ALL,not_applicable,not_applicable
EXP-04,SYNTHETIC EXPERIMENT,1737,full,664a150484ed2af3,42cc2cb006b6ba0a,"{""budget"": 3.0, ""policy"": ""B3_random""}",3.0,B3_random,fpr_a,0.2,synthetic,ALL,not_applicable,not_applicable
EXP-04,SYNTHETIC EXPERIMENT,1737,full,664a150484ed2af3,e44a428ac6fedb50,"{""budget"": 3.0, ""policy"": ""B4_expected_corrections""}",3.0,B4_expected_corrections,fpr_a,0.2,synthetic,ALL,not_applicable,not_applicable
EXP-04,SYNTHETIC EXPERIMENT,1737,full,664a150484ed2af3,5ccd7a1985b269aa,"{""budget"": 3.0, ""policy"": ""additional_proportional_need""}",3.0,additional_proportional_need,fpr_a,0.2,synthetic,ALL,not_applicable,not_applicable
EXP-04,SYNTHETIC EXPERIMENT,1737,full,664a150484ed2af3,2eb1864771910f3a,"{""budget"": 3.0, ""policy"": ""B5_welfare_optimum""}",3.0,B5_welfare_optimum,fpr_a,0.2,synthetic,ALL,not_applicable,not_applicable
EXP-04,SYNTHETIC EXPERIMENT,1737,full,664a150484ed2af3,48d6e22388e77375,"{""budget"": 3.0, ""policy"": ""B6_fairness_aware_minimax""}",3.0,B6_fairness_aware_minimax,fpr_a,0.2,synthetic,ALL,not_applicable,not_applicable
EXP-04,SYNTHETIC EXPERIMENT,1737,full,664a150484ed2af3,dd439a87821bab8e,"{""budget"": 4.0, ""policy"": ""B0_no_appeal_assistance""}",4.0,B0_no_appeal_assistance,fpr_a,0.2,synthetic,ALL,not_applicable,not_applicable
EXP-04,SYNTHETIC EXPERIMENT,1737,full,664a150484ed2af3,ba93911f3db936ea,"{""budget"": 4.0, ""policy"": ""B2_uniform""}",4.0,B2_uniform,fpr_a,0.2,synthetic,ALL,not_applicable,not_applicable
EXP-04,SYNTHETIC EXPERIMENT,1737,full,664a150484ed2af3,0cf44cbd3e48a0f1,"{""budget"": 4.0, ""policy"": ""B3_random""}",4.0,B3_random,fpr_a,0.2,synthetic,ALL,not_applicable,not_applicable
EXP-04,SYNTHETIC EXPERIMENT,1737,full,664a150484ed2af3,0618104ea2824814,"{""budget"": 4.0, ""policy"": ""B4_expected_corrections""}",4.0,B4_expected_corrections,fpr_a,0.2,synthetic,ALL,not_applicable,not_applicable
EXP-04,SYNTHETIC EXPERIMENT,1737,full,664a150484ed2af3,d496aa3a4b1d3dc1,"{""budget"": 4.0, ""policy"": ""additional_proportional_need""}",4.0,additional_proportional_need,fpr_a,0.2,synthetic,ALL,not_applicable,not_applicable
EXP-04,SYNTHETIC EXPERIMENT,1737,full,664a150484ed2af3,1cd9c75523631fd3,"{""budget"": 4.0, ""policy"": ""B5_welfare_optimum""}",4.0,B5_welfare_optimum,fpr_a,0.2,synthetic,ALL,not_applicable,not_applicable
EXP-04,SYNTHETIC EXPERIMENT,1737,full,664a150484ed2af3,9b53e3f53ba1f22e,"{""budget"": 4.0, ""policy"": ""B6_fairness_aware_minimax""}",4.0,B6_fairness_aware_minimax,fpr_a,0.2,synthetic,ALL,not_applicable,not_applicable
EXP-04,SYNTHETIC EXPERIMENT,1737,full,664a150484ed2af3,edcb10594ac92d3d,"{""budget"": 4.0, ""policy"": ""B1_universal_capacity""}",4.0,B1_universal_capacity,fpr_a,0.2,synthetic,ALL,not_applicable,not_applicable
EXP-04,SYNTHETIC EXPERIMENT,1737,full,664a150484ed2af3,73d6f8014e947ad3,"{""budget"": 0.0, ""policy"": ""B0_no_appeal_assistance""}",0.0,B0_no_appeal_assistance,fpr_b,0.2,synthetic,ALL,not_applicable,not_applicable
EXP-04,SYNTHETIC EXPERIMENT,1737,full,664a150484ed2af3,aca846dea2532e7e,"{""budget"": 0.0, ""policy"": ""B2_uniform""}",0.0,B2_uniform,fpr_b,0.2,synthetic,ALL,not_applicable,not_applicable
EXP-04,SYNTHETIC EXPERIMENT,1737,full,664a150484ed2af3,6e29a68104e2b4d6,"{""budget"": 0.0, ""policy"": ""B3_random""}",0.0,B3_random,fpr_b,0.2,synthetic,ALL,not_applicable,not_applicable
EXP-04,SYNTHETIC EXPERIMENT,1737,full,664a150484ed2af3,f7d7416c21ccbea3,"{""budget"": 0.0, ""policy"": ""B4_expected_corrections""}",0.0,B4_expected_corrections,fpr_b,0.2,synthetic,ALL,not_applicable,not_applicable
EXP-04,SYNTHETIC EXPERIMENT,1737,full,664a150484ed2af3,fcef31f7a7ff0ec8,"{""budget"": 0.0, ""policy"": ""additional_proportional_need""}",0.0,additional_proportional_need,fpr_b,0.2,synthetic,ALL,not_applicable,not_applicable
EXP-04,SYNTHETIC EXPERIMENT,1737,full,664a150484ed2af3,8af685c39754bc50,"{""budget"": 0.0, ""policy"": ""B5_welfare_optimum""}",0.0,B5_welfare_optimum,fpr_b,0.2,synthetic,ALL,not_applicable,not_applicable
EXP-04,SYNTHETIC EXPERIMENT,1737,full,664a150484ed2af3,b98b64a27a69ce9d,"{""budget"": 0.0, ""policy"": ""B6_fairness_aware_minimax""}",0.0,B6_fairness_aware_minimax,fpr_b,0.2,synthetic,ALL,not_applicable,not_applicable
EXP-04,SYNTHETIC EXPERIMENT,1737,full,664a150484ed2af3,47f55405ddee6936,"{""budget"": 0.1, ""policy"": ""B0_no_appeal_assistance""}",0.1,B0_no_appeal_assistance,fpr_b,0.2,synthetic,ALL,not_applicable,not_applicable
EXP-04,SYNTHETIC EXPERIMENT,1737,full,664a150484ed2af3,505387199cc41cd9,"{""budget"": 0.1, ""policy"": ""B2_uniform""}",0.1,B2_uniform,fpr_b,0.2,synthetic,ALL,not_applicable,not_applicable
EXP-04,SYNTHETIC EXPERIMENT,1737,full,664a150484ed2af3,715409da736e3890,"{""budget"": 0.1, ""policy"": ""B3_random""}",0.1,B3_random,fpr_b,0.2,synthetic,ALL,not_applicable,not_applicable
EXP-04,SYNTHETIC EXPERIMENT,1737,full,664a150484ed2af3,b39d7f3930a2a13a,"{""budget"": 0.1, ""policy"": ""B4_expected_corrections""}",0.1,B4_expected_corrections,fpr_b,0.2,synthetic,ALL,not_applicable,not_applicable
EXP-04,SYNTHETIC EXPERIMENT,1737,full,664a150484ed2af3,bbdfdf36465e1dbf,"{""budget"": 0.1, ""policy"": ""additional_proportional_need""}",0.1,additional_proportional_need,fpr_b,0.2,synthetic,ALL,not_applicable,not_applicable
EXP-04,SYNTHETIC EXPERIMENT,1737,full,664a150484ed2af3,8445721da1bb125c,"{""budget"": 0.1, ""policy"": ""B5_welfare_optimum""}",0.1,B5_welfare_optimum,fpr_b,0.2,synthetic,ALL,not_applicable,not_applicable
EXP-04,SYNTHETIC EXPERIMENT,1737,full,664a150484ed2af3,7c24c4924a67aa87,"{""budget"": 0.1, ""policy"": ""B6_fairness_aware_minimax""}",0.1,B6_fairness_aware_minimax,fpr_b,0.2,synthetic,ALL,not_applicable,not_applicable
EXP-04,SYNTHETIC EXPERIMENT,1737,full,664a150484ed2af3,3fe95d7db7362d2b,"{""budget"": 0.25, ""policy"": ""B0_no_appeal_assistance""}",0.25,B0_no_appeal_assistance,fpr_b,0.2,synthetic,ALL,not_applicable,not_applicable
EXP-04,SYNTHETIC EXPERIMENT,1737,full,664a150484ed2af3,ae1eade03f0034ec,"{""budget"": 0.25, ""policy"": ""B2_uniform""}",0.25,B2_uniform,fpr_b,0.2,synthetic,ALL,not_applicable,not_applicable
EXP-04,SYNTHETIC EXPERIMENT,1737,full,664a150484ed2af3,f7a6bf97e850c200,"{""budget"": 0.25, ""policy"": ""B3_random""}",0.25,B3_random,fpr_b,0.2,synthetic,ALL,not_applicable,not_applicable
EXP-04,SYNTHETIC EXPERIMENT,1737,full,664a150484ed2af3,b7c534bdcb80a119,"{""budget"": 0.25, ""policy"": ""B4_expected_corrections""}",0.25,B4_expected_corrections,fpr_b,0.2,synthetic,ALL,not_applicable,not_applicable
EXP-04,SYNTHETIC EXPERIMENT,1737,full,664a150484ed2af3,f57f6134f7386820,"{""budget"": 0.25, ""policy"": ""additional_proportional_need""}",0.25,additional_proportional_need,fpr_b,0.2,synthetic,ALL,not_applicable,not_applicable
EXP-04,SYNTHETIC EXPERIMENT,1737,full,664a150484ed2af3,0ac465b1e9e7e73a,"{""budget"": 0.25, ""policy"": ""B5_welfare_optimum""}",0.25,B5_welfare_optimum,fpr_b,0.2,synthetic,ALL,not_applicable,not_applicable
EXP-04,SYNTHETIC EXPERIMENT,1737,full,664a150484ed2af3,479bc7ea0f932c6a,"{""budget"": 0.25, ""policy"": ""B6_fairness_aware_minimax""}",0.25,B6_fairness_aware_minimax,fpr_b,0.2,synthetic,ALL,not_applicable,not_applicable
EXP-04,SYNTHETIC EXPERIMENT,1737,full,664a150484ed2af3,7a11569bcfb76e6d,"{""budget"": 0.5, ""policy"": ""B0_no_appeal_assistance""}",0.5,B0_no_appeal_assistance,fpr_b,0.2,synthetic,ALL,not_applicable,not_applicable
EXP-04,SYNTHETIC EXPERIMENT,1737,full,664a150484ed2af3,3584a6e7ee2d86fc,"{""budget"": 0.5, ""policy"": ""B2_uniform""}",0.5,B2_uniform,fpr_b,0.2,synthetic,ALL,not_applicable,not_applicable
EXP-04,SYNTHETIC EXPERIMENT,1737,full,664a150484ed2af3,269a44bfce5fafd1,"{""budget"": 0.5, ""policy"": ""B3_random""}",0.5,B3_random,fpr_b,0.2,synthetic,ALL,not_applicable,not_applicable
EXP-04,SYNTHETIC EXPERIMENT,1737,full,664a150484ed2af3,1c89a6ba87de8f89,"{""budget"": 0.5, ""policy"": ""B4_expected_corrections""}",0.5,B4_expected_corrections,fpr_b,0.2,synthetic,ALL,not_applicable,not_applicable
EXP-04,SYNTHETIC EXPERIMENT,1737,full,664a150484ed2af3,fa0e081d1408a7a2,"{""budget"": 0.5, ""policy"": ""additional_proportional_need""}",0.5,additional_proportional_need,fpr_b,0.2,synthetic,ALL,not_applicable,not_applicable
EXP-04,SYNTHETIC EXPERIMENT,1737,full,664a150484ed2af3,b4bdf43e079a663f,"{""budget"": 0.5, ""policy"": ""B5_welfare_optimum""}",0.5,B5_welfare_optimum,fpr_b,0.2,synthetic,ALL,not_applicable,not_applicable
EXP-04,SYNTHETIC EXPERIMENT,1737,full,664a150484ed2af3,e147f1ad209f4e04,"{""budget"": 0.5, ""policy"": ""B6_fairness_aware_minimax""}",0.5,B6_fairness_aware_minimax,fpr_b,0.2,synthetic,ALL,not_applicable,not_applicable
EXP-04,SYNTHETIC EXPERIMENT,1737,full,664a150484ed2af3,523a1aff2e43bde4,"{""budget"": 0.75, ""policy"": ""B0_no_appeal_assistance""}",0.75,B0_no_appeal_assistance,fpr_b,0.2,synthetic,ALL,not_applicable,not_applicable
EXP-04,SYNTHETIC EXPERIMENT,1737,full,664a150484ed2af3,957abc3e9142f440,"{""budget"": 0.75, ""policy"": ""B2_uniform""}",0.75,B2_uniform,fpr_b,0.2,synthetic,ALL,not_applicable,not_applicable
EXP-04,SYNTHETIC EXPERIMENT,1737,full,664a150484ed2af3,9cc9d6b1e7e1b61c,"{""budget"": 0.75, ""policy"": ""B3_random""}",0.75,B3_random,fpr_b,0.2,synthetic,ALL,not_applicable,not_applicable
EXP-04,SYNTHETIC EXPERIMENT,1737,full,664a150484ed2af3,379d69ef0fdfedb9,"{""budget"": 0.75, ""policy"": ""B4_expected_corrections""}",0.75,B4_expected_corrections,fpr_b,0.2,synthetic,ALL,not_applicable,not_applicable
EXP-04,SYNTHETIC EXPERIMENT,1737,full,664a150484ed2af3,0e1f54e18c12c4ee,"{""budget"": 0.75, ""policy"": ""additional_proportional_need""}",0.75,additional_proportional_need,fpr_b,0.2,synthetic,ALL,not_applicable,not_applicable
EXP-04,SYNTHETIC EXPERIMENT,1737,full,664a150484ed2af3,14b3fd827134c5e7,"{""budget"": 0.75, ""policy"": ""B5_welfare_optimum""}",0.75,B5_welfare_optimum,fpr_b,0.2,synthetic,ALL,not_applicable,not_applicable
EXP-04,SYNTHETIC EXPERIMENT,1737,full,664a150484ed2af3,0b86cca4ef0698c3,"{""budget"": 0.75, ""policy"": ""B6_fairness_aware_minimax""}",0.75,B6_fairness_aware_minimax,fpr_b,0.2,synthetic,ALL,not_applicable,not_applicable
EXP-04,SYNTHETIC EXPERIMENT,1737,full,664a150484ed2af3,982d810df6647d1a,"{""budget"": 1.0, ""policy"": ""B0_no_appeal_assistance""}",1.0,B0_no_appeal_assistance,fpr_b,0.2,synthetic,ALL,not_applicable,not_applicable
EXP-04,SYNTHETIC EXPERIMENT,1737,full,664a150484ed2af3,d38b8ee847d57790,"{""budget"": 1.0, ""policy"": ""B2_uniform""}",1.0,B2_uniform,fpr_b,0.2,synthetic,ALL,not_applicable,not_applicable
EXP-04,SYNTHETIC EXPERIMENT,1737,full,664a150484ed2af3,61e75fd0c50b109b,"{""budget"": 1.0, ""policy"": ""B3_random""}",1.0,B3_random,fpr_b,0.2,synthetic,ALL,not_applicable,not_applicable
EXP-04,SYNTHETIC EXPERIMENT,1737,full,664a150484ed2af3,425f16d21ed8d79c,"{""budget"": 1.0, ""policy"": ""B4_expected_corrections""}",1.0,B4_expected_corrections,fpr_b,0.2,synthetic,ALL,not_applicable,not_applicable
EXP-04,SYNTHETIC EXPERIMENT,1737,full,664a150484ed2af3,344481b679999c5e,"{""budget"": 1.0, ""policy"": ""additional_proportional_need""}",1.0,additional_proportional_need,fpr_b,0.2,synthetic,ALL,not_applicable,not_applicable
EXP-04,SYNTHETIC EXPERIMENT,1737,full,664a150484ed2af3,2b5deef2535b201e,"{""budget"": 1.0, ""policy"": ""B5_welfare_optimum""}",1.0,B5_welfare_optimum,fpr_b,0.2,synthetic,ALL,not_applicable,not_applicable
EXP-04,SYNTHETIC EXPERIMENT,1737,full,664a150484ed2af3,0211985b156e41d1,"{""budget"": 1.0, ""policy"": ""B6_fairness_aware_minimax""}",1.0,B6_fairness_aware_minimax,fpr_b,0.2,synthetic,ALL,not_applicable,not_applicable
EXP-04,SYNTHETIC EXPERIMENT,1737,full,664a150484ed2af3,1003369d5f322d65,"{""budget"": 1.5, ""policy"": ""B0_no_appeal_assistance""}",1.5,B0_no_appeal_assistance,fpr_b,0.2,synthetic,ALL,not_applicable,not_applicable
EXP-04,SYNTHETIC EXPERIMENT,1737,full,664a150484ed2af3,6a60722a624caf7e,"{""budget"": 1.5, ""policy"": ""B2_uniform""}",1.5,B2_uniform,fpr_b,0.2,synthetic,ALL,not_applicable,not_applicable
EXP-04,SYNTHETIC EXPERIMENT,1737,full,664a150484ed2af3,688e253ca56e4aaa,"{""budget"": 1.5, ""policy"": ""B3_random""}",1.5,B3_random,fpr_b,0.2,synthetic,ALL,not_applicable,not_applicable
EXP-04,SYNTHETIC EXPERIMENT,1737,full,664a150484ed2af3,1c80e6dde801ef5c,"{""budget"": 1.5, ""policy"": ""B4_expected_corrections""}",1.5,B4_expected_corrections,fpr_b,0.2,synthetic,ALL,not_applicable,not_applicable
EXP-04,SYNTHETIC EXPERIMENT,1737,full,664a150484ed2af3,e06c7801d484f43d,"{""budget"": 1.5, ""policy"": ""additional_proportional_need""}",1.5,additional_proportional_need,fpr_b,0.2,synthetic,ALL,not_applicable,not_applicable
EXP-04,SYNTHETIC EXPERIMENT,1737,full,664a150484ed2af3,28359368daee264f,"{""budget"": 1.5, ""policy"": ""B5_welfare_optimum""}",1.5,B5_welfare_optimum,fpr_b,0.2,synthetic,ALL,not_applicable,not_applicable
EXP-04,SYNTHETIC EXPERIMENT,1737,full,664a150484ed2af3,152273e66ada895f,"{""budget"": 1.5, ""policy"": ""B6_fairness_aware_minimax""}",1.5,B6_fairness_aware_minimax,fpr_b,0.2,synthetic,ALL,not_applicable,not_applicable
EXP-04,SYNTHETIC EXPERIMENT,1737,full,664a150484ed2af3,9cb9560133e83337,"{""budget"": 2.0, ""policy"": ""B0_no_appeal_assistance""}",2.0,B0_no_appeal_assistance,fpr_b,0.2,synthetic,ALL,not_applicable,not_applicable
EXP-04,SYNTHETIC EXPERIMENT,1737,full,664a150484ed2af3,b73a572b50f3dd6f,"{""budget"": 2.0, ""policy"": ""B2_uniform""}",2.0,B2_uniform,fpr_b,0.2,synthetic,ALL,not_applicable,not_applicable
EXP-04,SYNTHETIC EXPERIMENT,1737,full,664a150484ed2af3,a76f3c445f0d9f9b,"{""budget"": 2.0, ""policy"": ""B3_random""}",2.0,B3_random,fpr_b,0.2,synthetic,ALL,not_applicable,not_applicable
EXP-04,SYNTHETIC EXPERIMENT,1737,full,664a150484ed2af3,15157116d00ec30a,"{""budget"": 2.0, ""policy"": ""B4_expected_corrections""}",2.0,B4_expected_corrections,fpr_b,0.2,synthetic,ALL,not_applicable,not_applicable
EXP-04,SYNTHETIC EXPERIMENT,1737,full,664a150484ed2af3,f1767ae8091cf42b,"{""budget"": 2.0, ""policy"": ""additional_proportional_need""}",2.0,additional_proportional_need,fpr_b,0.2,synthetic,ALL,not_applicable,not_applicable
EXP-04,SYNTHETIC EXPERIMENT,1737,full,664a150484ed2af3,7ea1dd5e24dd79e1,"{""budget"": 2.0, ""policy"": ""B5_welfare_optimum""}",2.0,B5_welfare_optimum,fpr_b,0.2,synthetic,ALL,not_applicable,not_applicable
EXP-04,SYNTHETIC EXPERIMENT,1737,full,664a150484ed2af3,ab2a5f06a9e00fb4,"{""budget"": 2.0, ""policy"": ""B6_fairness_aware_minimax""}",2.0,B6_fairness_aware_minimax,fpr_b,0.2,synthetic,ALL,not_applicable,not_applicable
EXP-04,SYNTHETIC EXPERIMENT,1737,full,664a150484ed2af3,9708b9816c525a28,"{""budget"": 3.0, ""policy"": ""B0_no_appeal_assistance""}",3.0,B0_no_appeal_assistance,fpr_b,0.2,synthetic,ALL,not_applicable,not_applicable
EXP-04,SYNTHETIC EXPERIMENT,1737,full,664a150484ed2af3,bd2174167e9ff725,"{""budget"": 3.0, ""policy"": ""B2_uniform""}",3.0,B2_uniform,fpr_b,0.2,synthetic,ALL,not_applicable,not_applicable
EXP-04,SYNTHETIC EXPERIMENT,1737,full,664a150484ed2af3,42cc2cb006b6ba0a,"{""budget"": 3.0, ""policy"": ""B3_random""}",3.0,B3_random,fpr_b,0.2,synthetic,ALL,not_applicable,not_applicable
EXP-04,SYNTHETIC EXPERIMENT,1737,full,664a150484ed2af3,e44a428ac6fedb50,"{""budget"": 3.0, ""policy"": ""B4_expected_corrections""}",3.0,B4_expected_corrections,fpr_b,0.2,synthetic,ALL,not_applicable,not_applicable
EXP-04,SYNTHETIC EXPERIMENT,1737,full,664a150484ed2af3,5ccd7a1985b269aa,"{""budget"": 3.0, ""policy"": ""additional_proportional_need""}",3.0,additional_proportional_need,fpr_b,0.2,synthetic,ALL,not_applicable,not_applicable
EXP-04,SYNTHETIC EXPERIMENT,1737,full,664a150484ed2af3,2eb1864771910f3a,"{""budget"": 3.0, ""policy"": ""B5_welfare_optimum""}",3.0,B5_welfare_optimum,fpr_b,0.2,synthetic,ALL,not_applicable,not_applicable
EXP-04,SYNTHETIC EXPERIMENT,1737,full,664a150484ed2af3,48d6e22388e77375,"{""budget"": 3.0, ""policy"": ""B6_fairness_aware_minimax""}",3.0,B6_fairness_aware_minimax,fpr_b,0.2,synthetic,ALL,not_applicable,not_applicable
EXP-04,SYNTHETIC EXPERIMENT,1737,full,664a150484ed2af3,dd439a87821bab8e,"{""budget"": 4.0, ""policy"": ""B0_no_appeal_assistance""}",4.0,B0_no_appeal_assistance,fpr_b,0.2,synthetic,ALL,not_applicable,not_applicable
EXP-04,SYNTHETIC EXPERIMENT,1737,full,664a150484ed2af3,ba93911f3db936ea,"{""budget"": 4.0, ""policy"": ""B2_uniform""}",4.0,B2_uniform,fpr_b,0.2,synthetic,ALL,not_applicable,not_applicable
EXP-04,SYNTHETIC EXPERIMENT,1737,full,664a150484ed2af3,0cf44cbd3e48a0f1,"{""budget"": 4.0, ""policy"": ""B3_random""}",4.0,B3_random,fpr_b,0.2,synthetic,ALL,not_applicable,not_applicable
EXP-04,SYNTHETIC EXPERIMENT,1737,full,664a150484ed2af3,0618104ea2824814,"{""budget"": 4.0, ""policy"": ""B4_expected_corrections""}",4.0,B4_expected_corrections,fpr_b,0.2,synthetic,ALL,not_applicable,not_applicable
EXP-04,SYNTHETIC EXPERIMENT,1737,full,664a150484ed2af3,d496aa3a4b1d3dc1,"{""budget"": 4.0, ""policy"": ""additional_proportional_need""}",4.0,additional_proportional_need,fpr_b,0.2,synthetic,ALL,not_applicable,not_applicable
EXP-04,SYNTHETIC EXPERIMENT,1737,full,664a150484ed2af3,1cd9c75523631fd3,"{""budget"": 4.0, ""policy"": ""B5_welfare_optimum""}",4.0,B5_welfare_optimum,fpr_b,0.2,synthetic,ALL,not_applicable,not_applicable
EXP-04,SYNTHETIC EXPERIMENT,1737,full,664a150484ed2af3,9b53e3f53ba1f22e,"{""budget"": 4.0, ""policy"": ""B6_fairness_aware_minimax""}",4.0,B6_fairness_aware_minimax,fpr_b,0.2,synthetic,ALL,not_applicable,not_applicable
EXP-04,SYNTHETIC EXPERIMENT,1737,full,664a150484ed2af3,edcb10594ac92d3d,"{""budget"": 4.0, ""policy"": ""B1_universal_capacity""}",4.0,B1_universal_capacity,fpr_b,0.2,synthetic,ALL,not_applicable,not_applicable
EXP-04,SYNTHETIC EXPERIMENT,1737,full,664a150484ed2af3,73d6f8014e947ad3,"{""budget"": 0.0, ""policy"": ""B0_no_appeal_assistance""}",0.0,B0_no_appeal_assistance,eo_gap,0.15000000000000002,synthetic,ALL,not_applicable,not_applicable
EXP-04,SYNTHETIC EXPERIMENT,1737,full,664a150484ed2af3,aca846dea2532e7e,"{""budget"": 0.0, ""policy"": ""B2_uniform""}",0.0,B2_uniform,eo_gap,0.15000000000000002,synthetic,ALL,not_applicable,not_applicable
EXP-04,SYNTHETIC EXPERIMENT,1737,full,664a150484ed2af3,6e29a68104e2b4d6,"{""budget"": 0.0, ""policy"": ""B3_random""}",0.0,B3_random,eo_gap,0.15000000000000002,synthetic,ALL,not_applicable,not_applicable
EXP-04,SYNTHETIC EXPERIMENT,1737,full,664a150484ed2af3,f7d7416c21ccbea3,"{""budget"": 0.0, ""policy"": ""B4_expected_corrections""}",0.0,B4_expected_corrections,eo_gap,0.15000000000000002,synthetic,ALL,not_applicable,not_applicable
EXP-04,SYNTHETIC EXPERIMENT,1737,full,664a150484ed2af3,fcef31f7a7ff0ec8,"{""budget"": 0.0, ""policy"": ""additional_proportional_need""}",0.0,additional_proportional_need,eo_gap,0.15000000000000002,synthetic,ALL,not_applicable,not_applicable
EXP-04,SYNTHETIC EXPERIMENT,1737,full,664a150484ed2af3,8af685c39754bc50,"{""budget"": 0.0, ""policy"": ""B5_welfare_optimum""}",0.0,B5_welfare_optimum,eo_gap,0.15000000000000002,synthetic,ALL,not_applicable,not_applicable
EXP-04,SYNTHETIC EXPERIMENT,1737,full,664a150484ed2af3,b98b64a27a69ce9d,"{""budget"": 0.0, ""policy"": ""B6_fairness_aware_minimax""}",0.0,B6_fairness_aware_minimax,eo_gap,0.15000000000000002,synthetic,ALL,not_applicable,not_applicable
EXP-04,SYNTHETIC EXPERIMENT,1737,full,664a150484ed2af3,47f55405ddee6936,"{""budget"": 0.1, ""policy"": ""B0_no_appeal_assistance""}",0.1,B0_no_appeal_assistance,eo_gap,0.15000000000000002,synthetic,ALL,not_applicable,not_applicable
EXP-04,SYNTHETIC EXPERIMENT,1737,full,664a150484ed2af3,505387199cc41cd9,"{""budget"": 0.1, ""policy"": ""B2_uniform""}",0.1,B2_uniform,eo_gap,0.14900000000000002,synthetic,ALL,not_applicable,not_applicable
EXP-04,SYNTHETIC EXPERIMENT,1737,full,664a150484ed2af3,715409da736e3890,"{""budget"": 0.1, ""policy"": ""B3_random""}",0.1,B3_random,eo_gap,0.1300481599504955,synthetic,ALL,not_applicable,not_applicable
EXP-04,SYNTHETIC EXPERIMENT,1737,full,664a150484ed2af3,b39d7f3930a2a13a,"{""budget"": 0.1, ""policy"": ""B4_expected_corrections""}",0.1,B4_expected_corrections,eo_gap,0.128,synthetic,ALL,not_applicable,not_applicable
EXP-04,SYNTHETIC EXPERIMENT,1737,full,664a150484ed2af3,bbdfdf36465e1dbf,"{""budget"": 0.1, ""policy"": ""additional_proportional_need""}",0.1,additional_proportional_need,eo_gap,0.14415384615384616,synthetic,ALL,not_applicable,not_applicable
EXP-04,SYNTHETIC EXPERIMENT,1737,full,664a150484ed2af3,8445721da1bb125c,"{""budget"": 0.1, ""policy"": ""B5_welfare_optimum""}",0.1,B5_welfare_optimum,eo_gap,0.128,synthetic,ALL,not_applicable,not_applicable
EXP-04,SYNTHETIC EXPERIMENT,1737,full,664a150484ed2af3,7c24c4924a67aa87,"{""budget"": 0.1, ""policy"": ""B6_fairness_aware_minimax""}",0.1,B6_fairness_aware_minimax,eo_gap,0.12800000000000006,synthetic,ALL,not_applicable,not_applicable
EXP-04,SYNTHETIC EXPERIMENT,1737,full,664a150484ed2af3,3fe95d7db7362d2b,"{""budget"": 0.25, ""policy"": ""B0_no_appeal_assistance""}",0.25,B0_no_appeal_assistance,eo_gap,0.15000000000000002,synthetic,ALL,not_applicable,not_applicable
EXP-04,SYNTHETIC EXPERIMENT,1737,full,664a150484ed2af3,ae1eade03f0034ec,"{""budget"": 0.25, ""policy"": ""B2_uniform""}",0.25,B2_uniform,eo_gap,0.14750000000000005,synthetic,ALL,not_applicable,not_applicable
EXP-04,SYNTHETIC EXPERIMENT,1737,full,664a150484ed2af3,f7a6bf97e850c200,"{""budget"": 0.25, ""policy"": ""B3_random""}",0.25,B3_random,eo_gap,0.1001203998762388,synthetic,ALL,not_applicable,not_applicable
EXP-04,SYNTHETIC EXPERIMENT,1737,full,664a150484ed2af3,b7c534bdcb80a119,"{""budget"": 0.25, ""policy"": ""B4_expected_corrections""}",0.25,B4_expected_corrections,eo_gap,0.09500000000000003,synthetic,ALL,not_applicable,not_applicable
EXP-04,SYNTHETIC EXPERIMENT,1737,full,664a150484ed2af3,f57f6134f7386820,"{""budget"": 0.25, ""policy"": ""additional_proportional_need""}",0.25,additional_proportional_need,eo_gap,0.13538461538461538,synthetic,ALL,not_applicable,not_applicable
EXP-04,SYNTHETIC EXPERIMENT,1737,full,664a150484ed2af3,0ac465b1e9e7e73a,"{""budget"": 0.25, ""policy"": ""B5_welfare_optimum""}",0.25,B5_welfare_optimum,eo_gap,0.09500000000000025,synthetic,ALL,not_applicable,not_applicable
EXP-04,SYNTHETIC EXPERIMENT,1737,full,664a150484ed2af3,479bc7ea0f932c6a,"{""budget"": 0.25, ""policy"": ""B6_fairness_aware_minimax""}",0.25,B6_fairness_aware_minimax,eo_gap,0.09499999999999992,synthetic,ALL,not_applicable,not_applicable
EXP-04,SYNTHETIC EXPERIMENT,1737,full,664a150484ed2af3,7a11569bcfb76e6d,"{""budget"": 0.5, ""policy"": ""B0_no_appeal_assistance""}",0.5,B0_no_appeal_assistance,eo_gap,0.15000000000000002,synthetic,ALL,not_applicable,not_applicable
EXP-04,SYNTHETIC EXPERIMENT,1737,full,664a150484ed2af3,3584a6e7ee2d86fc,"{""budget"": 0.5, ""policy"": ""B2_uniform""}",0.5,B2_uniform,eo_gap,0.14500000000000002,synthetic,ALL,not_applicable,not_applicable
EXP-04,SYNTHETIC EXPERIMENT,1737,full,664a150484ed2af3,269a44bfce5fafd1,"{""budget"": 0.5, ""policy"": ""B3_random""}",0.5,B3_random,eo_gap,0.05024079975247753,synthetic,ALL,not_applicable,not_applicable
EXP-04,SYNTHETIC EXPERIMENT,1737,full,664a150484ed2af3,1c89a6ba87de8f89,"{""budget"": 0.5, ""policy"": ""B4_expected_corrections""}",0.5,B4_expected_corrections,eo_gap,0.03999999999999998,synthetic,ALL,not_applicable,not_applicable
EXP-04,SYNTHETIC EXPERIMENT,1737,full,664a150484ed2af3,fa0e081d1408a7a2,"{""budget"": 0.5, ""policy"": ""additional_proportional_need""}",0.5,additional_proportional_need,eo_gap,0.12076923076923077,synthetic,ALL,not_applicable,not_applicable
EXP-04,SYNTHETIC EXPERIMENT,1737,full,664a150484ed2af3,b4bdf43e079a663f,"{""budget"": 0.5, ""policy"": ""B5_welfare_optimum""}",0.5,B5_welfare_optimum,eo_gap,0.039999999999999536,synthetic,ALL,not_applicable,not_applicable
EXP-04,SYNTHETIC EXPERIMENT,1737,full,664a150484ed2af3,e147f1ad209f4e04,"{""budget"": 0.5, ""policy"": ""B6_fairness_aware_minimax""}",0.5,B6_fairness_aware_minimax,eo_gap,0.04000000000000001,synthetic,ALL,not_applicable,not_applicable
EXP-04,SYNTHETIC EXPERIMENT,1737,full,664a150484ed2af3,523a1aff2e43bde4,"{""budget"": 0.75, ""policy"": ""B0_no_appeal_assistance""}",0.75,B0_no_appeal_assistance,eo_gap,0.15000000000000002,synthetic,ALL,not_applicable,not_applicable
EXP-04,SYNTHETIC EXPERIMENT,1737,full,664a150484ed2af3,957abc3e9142f440,"{""budget"": 0.75, ""policy"": ""B2_uniform""}",0.75,B2_uniform,eo_gap,0.14250000000000002,synthetic,ALL,not_applicable,not_applicable
EXP-04,SYNTHETIC EXPERIMENT,1737,full,664a150484ed2af3,9cc9d6b1e7e1b61c,"{""budget"": 0.75, ""policy"": ""B3_random""}",0.75,B3_random,eo_gap,0.00036119962871628,synthetic,ALL,not_applicable,not_applicable
EXP-04,SYNTHETIC EXPERIMENT,1737,full,664a150484ed2af3,379d69ef0fdfedb9,"{""budget"": 0.75, ""policy"": ""B4_expected_corrections""}",0.75,B4_expected_corrections,eo_gap,0.015000000000000013,synthetic,ALL,not_applicable,not_applicable
EXP-04,SYNTHETIC EXPERIMENT,1737,full,664a150484ed2af3,0e1f54e18c12c4ee,"{""budget"": 0.75, ""policy"": ""additional_proportional_need""}",0.75,additional_proportional_need,eo_gap,0.10615384615384618,synthetic,ALL,not_applicable,not_applicable
EXP-04,SYNTHETIC EXPERIMENT,1737,full,664a150484ed2af3,14b3fd827134c5e7,"{""budget"": 0.75, ""policy"": ""B5_welfare_optimum""}",0.75,B5_welfare_optimum,eo_gap,0.01499999999999968,synthetic,ALL,not_applicable,not_applicable
EXP-04,SYNTHETIC EXPERIMENT,1737,full,664a150484ed2af3,0b86cca4ef0698c3,"{""budget"": 0.75, ""policy"": ""B6_fairness_aware_minimax""}",0.75,B6_fairness_aware_minimax,eo_gap,5.74732816893686e-10,synthetic,ALL,not_applicable,not_applicable
EXP-04,SYNTHETIC EXPERIMENT,1737,full,664a150484ed2af3,982d810df6647d1a,"{""budget"": 1.0, ""policy"": ""B0_no_appeal_assistance""}",1.0,B0_no_appeal_assistance,eo_gap,0.15000000000000002,synthetic,ALL,not_applicable,not_applicable
EXP-04,SYNTHETIC EXPERIMENT,1737,full,664a150484ed2af3,d38b8ee847d57790,"{""budget"": 1.0, ""policy"": ""B2_uniform""}",1.0,B2_uniform,eo_gap,0.13999999999999999,synthetic,ALL,not_applicable,not_applicable
EXP-04,SYNTHETIC EXPERIMENT,1737,full,664a150484ed2af3,61e75fd0c50b109b,"{""budget"": 1.0, ""policy"": ""B3_random""}",1.0,B3_random,eo_gap,0.04951840049504497,synthetic,ALL,not_applicable,not_applicable
EXP-04,SYNTHETIC EXPERIMENT,1737,full,664a150484ed2af3,425f16d21ed8d79c,"{""budget"": 1.0, ""policy"": ""B4_expected_corrections""}",1.0,B4_expected_corrections,eo_gap,0.07,synthetic,ALL,not_applicable,not_applicable
EXP-04,SYNTHETIC EXPERIMENT,1737,full,664a150484ed2af3,344481b679999c5e,"{""budget"": 1.0, ""policy"": ""additional_proportional_need""}",1.0,additional_proportional_need,eo_gap,0.09153846153846157,synthetic,ALL,not_applicable,not_applicable
EXP-04,SYNTHETIC EXPERIMENT,1737,full,664a150484ed2af3,2b5deef2535b201e,"{""budget"": 1.0, ""policy"": ""B5_welfare_optimum""}",1.0,B5_welfare_optimum,eo_gap,0.06999999999999987,synthetic,ALL,not_applicable,not_applicable
EXP-04,SYNTHETIC EXPERIMENT,1737,full,664a150484ed2af3,0211985b156e41d1,"{""budget"": 1.0, ""policy"": ""B6_fairness_aware_minimax""}",1.0,B6_fairness_aware_minimax,eo_gap,1.6044296446970918e-10,synthetic,ALL,not_applicable,not_applicable
EXP-04,SYNTHETIC EXPERIMENT,1737,full,664a150484ed2af3,1003369d5f322d65,"{""budget"": 1.5, ""policy"": ""B0_no_appeal_assistance""}",1.5,B0_no_appeal_assistance,eo_gap,0.15000000000000002,synthetic,ALL,not_applicable,not_applicable
EXP-04,SYNTHETIC EXPERIMENT,1737,full,664a150484ed2af3,6a60722a624caf7e,"{""budget"": 1.5, ""policy"": ""B2_uniform""}",1.5,B2_uniform,eo_gap,0.135,synthetic,ALL,not_applicable,not_applicable
EXP-04,SYNTHETIC EXPERIMENT,1737,full,664a150484ed2af3,688e253ca56e4aaa,"{""budget"": 1.5, ""policy"": ""B3_random""}",1.5,B3_random,eo_gap,0.14927760074256752,synthetic,ALL,not_applicable,not_applicable
EXP-04,SYNTHETIC EXPERIMENT,1737,full,664a150484ed2af3,1c80e6dde801ef5c,"{""budget"": 1.5, ""policy"": ""B4_expected_corrections""}",1.5,B4_expected_corrections,eo_gap,0.18000000000000002,synthetic,ALL,not_applicable,not_applicable
EXP-04,SYNTHETIC EXPERIMENT,1737,full,664a150484ed2af3,e06c7801d484f43d,"{""budget"": 1.5, ""policy"": ""additional_proportional_need""}",1.5,additional_proportional_need,eo_gap,0.06230769230769226,synthetic,ALL,not_applicable,not_applicable
EXP-04,SYNTHETIC EXPERIMENT,1737,full,664a150484ed2af3,28359368daee264f,"{""budget"": 1.5, ""policy"": ""B5_welfare_optimum""}",1.5,B5_welfare_optimum,eo_gap,0.17999999999999677,synthetic,ALL,not_applicable,not_applicable
EXP-04,SYNTHETIC EXPERIMENT,1737,full,664a150484ed2af3,152273e66ada895f,"{""budget"": 1.5, ""policy"": ""B6_fairness_aware_minimax""}",1.5,B6_fairness_aware_minimax,eo_gap,1.240252622825011e-10,synthetic,ALL,not_applicable,not_applicable
EXP-04,SYNTHETIC EXPERIMENT,1737,full,664a150484ed2af3,9cb9560133e83337,"{""budget"": 2.0, ""policy"": ""B0_no_appeal_assistance""}",2.0,B0_no_appeal_assistance,eo_gap,0.15000000000000002,synthetic,ALL,not_applicable,not_applicable
EXP-04,SYNTHETIC EXPERIMENT,1737,full,664a150484ed2af3,b73a572b50f3dd6f,"{""budget"": 2.0, ""policy"": ""B2_uniform""}",2.0,B2_uniform,eo_gap,0.13,synthetic,ALL,not_applicable,not_applicable
EXP-04,SYNTHETIC EXPERIMENT,1737,full,664a150484ed2af3,a76f3c445f0d9f9b,"{""budget"": 2.0, ""policy"": ""B3_random""}",2.0,B3_random,eo_gap,0.23049371475718566,synthetic,ALL,not_applicable,not_applicable
EXP-04,SYNTHETIC EXPERIMENT,1737,full,664a150484ed2af3,15157116d00ec30a,"{""budget"": 2.0, ""policy"": ""B4_expected_corrections""}",2.0,B4_expected_corrections,eo_gap,0.25,synthetic,ALL,not_applicable,not_applicable
EXP-04,SYNTHETIC EXPERIMENT,1737,full,664a150484ed2af3,f1767ae8091cf42b,"{""budget"": 2.0, ""policy"": ""additional_proportional_need""}",2.0,additional_proportional_need,eo_gap,0.03307692307692309,synthetic,ALL,not_applicable,not_applicable
EXP-04,SYNTHETIC EXPERIMENT,1737,full,664a150484ed2af3,7ea1dd5e24dd79e1,"{""budget"": 2.0, ""policy"": ""B5_welfare_optimum""}",2.0,B5_welfare_optimum,eo_gap,0.21360789381607745,synthetic,ALL,not_applicable,not_applicable
EXP-04,SYNTHETIC EXPERIMENT,1737,full,664a150484ed2af3,ab2a5f06a9e00fb4,"{""budget"": 2.0, ""policy"": ""B6_fairness_aware_minimax""}",2.0,B6_fairness_aware_minimax,eo_gap,5.384435397548515e-10,synthetic,ALL,not_applicable,not_applicable
EXP-04,SYNTHETIC EXPERIMENT,1737,full,664a150484ed2af3,9708b9816c525a28,"{""budget"": 3.0, ""policy"": ""B0_no_appeal_assistance""}",3.0,B0_no_appeal_assistance,eo_gap,0.15000000000000002,synthetic,ALL,not_applicable,not_applicable
EXP-04,SYNTHETIC EXPERIMENT,1737,full,664a150484ed2af3,bd2174167e9ff725,"{""budget"": 3.0, ""policy"": ""B2_uniform""}",3.0,B2_uniform,eo_gap,0.06999999999999998,synthetic,ALL,not_applicable,not_applicable
EXP-04,SYNTHETIC EXPERIMENT,1737,full,664a150484ed2af3,42cc2cb006b6ba0a,"{""budget"": 3.0, ""policy"": ""B3_random""}",3.0,B3_random,eo_gap,0.2207405721357785,synthetic,ALL,not_applicable,not_applicable
EXP-04,SYNTHETIC EXPERIMENT,1737,full,664a150484ed2af3,e44a428ac6fedb50,"{""budget"": 3.0, ""policy"": ""B4_expected_corrections""}",3.0,B4_expected_corrections,eo_gap,0.25,synthetic,ALL,not_applicable,not_applicable
EXP-04,SYNTHETIC EXPERIMENT,1737,full,664a150484ed2af3,5ccd7a1985b269aa,"{""budget"": 3.0, ""policy"": ""additional_proportional_need""}",3.0,additional_proportional_need,eo_gap,0.019230769230769246,synthetic,ALL,not_applicable,not_applicable
EXP-04,SYNTHETIC EXPERIMENT,1737,full,664a150484ed2af3,2eb1864771910f3a,"{""budget"": 3.0, ""policy"": ""B5_welfare_optimum""}",3.0,B5_welfare_optimum,eo_gap,0.01359869019617047,synthetic,ALL,not_applicable,not_applicable
EXP-04,SYNTHETIC EXPERIMENT,1737,full,664a150484ed2af3,48d6e22388e77375,"{""budget"": 3.0, ""policy"": ""B6_fairness_aware_minimax""}",3.0,B6_fairness_aware_minimax,eo_gap,2.2816648743984036e-11,synthetic,ALL,not_applicable,not_applicable
EXP-04,SYNTHETIC EXPERIMENT,1737,full,664a150484ed2af3,dd439a87821bab8e,"{""budget"": 4.0, ""policy"": ""B0_no_appeal_assistance""}",4.0,B0_no_appeal_assistance,eo_gap,0.15000000000000002,synthetic,ALL,not_applicable,not_applicable
EXP-04,SYNTHETIC EXPERIMENT,1737,full,664a150484ed2af3,ba93911f3db936ea,"{""budget"": 4.0, ""policy"": ""B2_uniform""}",4.0,B2_uniform,eo_gap,0.0,synthetic,ALL,not_applicable,not_applicable
EXP-04,SYNTHETIC EXPERIMENT,1737,full,664a150484ed2af3,0cf44cbd3e48a0f1,"{""budget"": 4.0, ""policy"": ""B3_random""}",4.0,B3_random,eo_gap,0.21098742951437133,synthetic,ALL,not_applicable,not_applicable
EXP-04,SYNTHETIC EXPERIMENT,1737,full,664a150484ed2af3,0618104ea2824814,"{""budget"": 4.0, ""policy"": ""B4_expected_corrections""}",4.0,B4_expected_corrections,eo_gap,0.25,synthetic,ALL,not_applicable,not_applicable
EXP-04,SYNTHETIC EXPERIMENT,1737,full,664a150484ed2af3,d496aa3a4b1d3dc1,"{""budget"": 4.0, ""policy"": ""additional_proportional_need""}",4.0,additional_proportional_need,eo_gap,0.0,synthetic,ALL,not_applicable,not_applicable
EXP-04,SYNTHETIC EXPERIMENT,1737,full,664a150484ed2af3,1cd9c75523631fd3,"{""budget"": 4.0, ""policy"": ""B5_welfare_optimum""}",4.0,B5_welfare_optimum,eo_gap,0.0,synthetic,ALL,not_applicable,not_applicable
EXP-04,SYNTHETIC EXPERIMENT,1737,full,664a150484ed2af3,9b53e3f53ba1f22e,"{""budget"": 4.0, ""policy"": ""B6_fairness_aware_minimax""}",4.0,B6_fairness_aware_minimax,eo_gap,0.0,synthetic,ALL,not_applicable,not_applicable
EXP-04,SYNTHETIC EXPERIMENT,1737,full,664a150484ed2af3,edcb10594ac92d3d,"{""budget"": 4.0, ""policy"": ""B1_universal_capacity""}",4.0,B1_universal_capacity,eo_gap,0.0,synthetic,ALL,not_applicable,not_applicable
EXP-04,SYNTHETIC EXPERIMENT,1737,full,664a150484ed2af3,73d6f8014e947ad3,"{""budget"": 0.0, ""policy"": ""B0_no_appeal_assistance""}",0.0,B0_no_appeal_assistance,equalized_odds_gap,0.15000000000000002,synthetic,ALL,not_applicable,not_applicable
EXP-04,SYNTHETIC EXPERIMENT,1737,full,664a150484ed2af3,aca846dea2532e7e,"{""budget"": 0.0, ""policy"": ""B2_uniform""}",0.0,B2_uniform,equalized_odds_gap,0.15000000000000002,synthetic,ALL,not_applicable,not_applicable
EXP-04,SYNTHETIC EXPERIMENT,1737,full,664a150484ed2af3,6e29a68104e2b4d6,"{""budget"": 0.0, ""policy"": ""B3_random""}",0.0,B3_random,equalized_odds_gap,0.15000000000000002,synthetic,ALL,not_applicable,not_applicable
EXP-04,SYNTHETIC EXPERIMENT,1737,full,664a150484ed2af3,f7d7416c21ccbea3,"{""budget"": 0.0, ""policy"": ""B4_expected_corrections""}",0.0,B4_expected_corrections,equalized_odds_gap,0.15000000000000002,synthetic,ALL,not_applicable,not_applicable
EXP-04,SYNTHETIC EXPERIMENT,1737,full,664a150484ed2af3,fcef31f7a7ff0ec8,"{""budget"": 0.0, ""policy"": ""additional_proportional_need""}",0.0,additional_proportional_need,equalized_odds_gap,0.15000000000000002,synthetic,ALL,not_applicable,not_applicable
EXP-04,SYNTHETIC EXPERIMENT,1737,full,664a150484ed2af3,8af685c39754bc50,"{""budget"": 0.0, ""policy"": ""B5_welfare_optimum""}",0.0,B5_welfare_optimum,equalized_odds_gap,0.15000000000000002,synthetic,ALL,not_applicable,not_applicable
EXP-04,SYNTHETIC EXPERIMENT,1737,full,664a150484ed2af3,b98b64a27a69ce9d,"{""budget"": 0.0, ""policy"": ""B6_fairness_aware_minimax""}",0.0,B6_fairness_aware_minimax,equalized_odds_gap,0.15000000000000002,synthetic,ALL,not_applicable,not_applicable
EXP-04,SYNTHETIC EXPERIMENT,1737,full,664a150484ed2af3,47f55405ddee6936,"{""budget"": 0.1, ""policy"": ""B0_no_appeal_assistance""}",0.1,B0_no_appeal_assistance,equalized_odds_gap,0.15000000000000002,synthetic,ALL,not_applicable,not_applicable
EXP-04,SYNTHETIC EXPERIMENT,1737,full,664a150484ed2af3,505387199cc41cd9,"{""budget"": 0.1, ""policy"": ""B2_uniform""}",0.1,B2_uniform,equalized_odds_gap,0.14900000000000002,synthetic,ALL,not_applicable,not_applicable
EXP-04,SYNTHETIC EXPERIMENT,1737,full,664a150484ed2af3,715409da736e3890,"{""budget"": 0.1, ""policy"": ""B3_random""}",0.1,B3_random,equalized_odds_gap,0.1300481599504955,synthetic,ALL,not_applicable,not_applicable
EXP-04,SYNTHETIC EXPERIMENT,1737,full,664a150484ed2af3,b39d7f3930a2a13a,"{""budget"": 0.1, ""policy"": ""B4_expected_corrections""}",0.1,B4_expected_corrections,equalized_odds_gap,0.128,synthetic,ALL,not_applicable,not_applicable
EXP-04,SYNTHETIC EXPERIMENT,1737,full,664a150484ed2af3,bbdfdf36465e1dbf,"{""budget"": 0.1, ""policy"": ""additional_proportional_need""}",0.1,additional_proportional_need,equalized_odds_gap,0.14415384615384616,synthetic,ALL,not_applicable,not_applicable
EXP-04,SYNTHETIC EXPERIMENT,1737,full,664a150484ed2af3,8445721da1bb125c,"{""budget"": 0.1, ""policy"": ""B5_welfare_optimum""}",0.1,B5_welfare_optimum,equalized_odds_gap,0.128,synthetic,ALL,not_applicable,not_applicable
EXP-04,SYNTHETIC EXPERIMENT,1737,full,664a150484ed2af3,7c24c4924a67aa87,"{""budget"": 0.1, ""policy"": ""B6_fairness_aware_minimax""}",0.1,B6_fairness_aware_minimax,equalized_odds_gap,0.12800000000000006,synthetic,ALL,not_applicable,not_applicable
EXP-04,SYNTHETIC EXPERIMENT,1737,full,664a150484ed2af3,3fe95d7db7362d2b,"{""budget"": 0.25, ""policy"": ""B0_no_appeal_assistance""}",0.25,B0_no_appeal_assistance,equalized_odds_gap,0.15000000000000002,synthetic,ALL,not_applicable,not_applicable
EXP-04,SYNTHETIC EXPERIMENT,1737,full,664a150484ed2af3,ae1eade03f0034ec,"{""budget"": 0.25, ""policy"": ""B2_uniform""}",0.25,B2_uniform,equalized_odds_gap,0.14750000000000005,synthetic,ALL,not_applicable,not_applicable
EXP-04,SYNTHETIC EXPERIMENT,1737,full,664a150484ed2af3,f7a6bf97e850c200,"{""budget"": 0.25, ""policy"": ""B3_random""}",0.25,B3_random,equalized_odds_gap,0.1001203998762388,synthetic,ALL,not_applicable,not_applicable
EXP-04,SYNTHETIC EXPERIMENT,1737,full,664a150484ed2af3,b7c534bdcb80a119,"{""budget"": 0.25, ""policy"": ""B4_expected_corrections""}",0.25,B4_expected_corrections,equalized_odds_gap,0.09500000000000003,synthetic,ALL,not_applicable,not_applicable
EXP-04,SYNTHETIC EXPERIMENT,1737,full,664a150484ed2af3,f57f6134f7386820,"{""budget"": 0.25, ""policy"": ""additional_proportional_need""}",0.25,additional_proportional_need,equalized_odds_gap,0.13538461538461538,synthetic,ALL,not_applicable,not_applicable
EXP-04,SYNTHETIC EXPERIMENT,1737,full,664a150484ed2af3,0ac465b1e9e7e73a,"{""budget"": 0.25, ""policy"": ""B5_welfare_optimum""}",0.25,B5_welfare_optimum,equalized_odds_gap,0.09500000000000025,synthetic,ALL,not_applicable,not_applicable
EXP-04,SYNTHETIC EXPERIMENT,1737,full,664a150484ed2af3,479bc7ea0f932c6a,"{""budget"": 0.25, ""policy"": ""B6_fairness_aware_minimax""}",0.25,B6_fairness_aware_minimax,equalized_odds_gap,0.09499999999999992,synthetic,ALL,not_applicable,not_applicable
EXP-04,SYNTHETIC EXPERIMENT,1737,full,664a150484ed2af3,7a11569bcfb76e6d,"{""budget"": 0.5, ""policy"": ""B0_no_appeal_assistance""}",0.5,B0_no_appeal_assistance,equalized_odds_gap,0.15000000000000002,synthetic,ALL,not_applicable,not_applicable
EXP-04,SYNTHETIC EXPERIMENT,1737,full,664a150484ed2af3,3584a6e7ee2d86fc,"{""budget"": 0.5, ""policy"": ""B2_uniform""}",0.5,B2_uniform,equalized_odds_gap,0.14500000000000002,synthetic,ALL,not_applicable,not_applicable
EXP-04,SYNTHETIC EXPERIMENT,1737,full,664a150484ed2af3,269a44bfce5fafd1,"{""budget"": 0.5, ""policy"": ""B3_random""}",0.5,B3_random,equalized_odds_gap,0.05024079975247753,synthetic,ALL,not_applicable,not_applicable
EXP-04,SYNTHETIC EXPERIMENT,1737,full,664a150484ed2af3,1c89a6ba87de8f89,"{""budget"": 0.5, ""policy"": ""B4_expected_corrections""}",0.5,B4_expected_corrections,equalized_odds_gap,0.03999999999999998,synthetic,ALL,not_applicable,not_applicable
EXP-04,SYNTHETIC EXPERIMENT,1737,full,664a150484ed2af3,fa0e081d1408a7a2,"{""budget"": 0.5, ""policy"": ""additional_proportional_need""}",0.5,additional_proportional_need,equalized_odds_gap,0.12076923076923077,synthetic,ALL,not_applicable,not_applicable
EXP-04,SYNTHETIC EXPERIMENT,1737,full,664a150484ed2af3,b4bdf43e079a663f,"{""budget"": 0.5, ""policy"": ""B5_welfare_optimum""}",0.5,B5_welfare_optimum,equalized_odds_gap,0.039999999999999536,synthetic,ALL,not_applicable,not_applicable
EXP-04,SYNTHETIC EXPERIMENT,1737,full,664a150484ed2af3,e147f1ad209f4e04,"{""budget"": 0.5, ""policy"": ""B6_fairness_aware_minimax""}",0.5,B6_fairness_aware_minimax,equalized_odds_gap,0.04000000000000001,synthetic,ALL,not_applicable,not_applicable
EXP-04,SYNTHETIC EXPERIMENT,1737,full,664a150484ed2af3,523a1aff2e43bde4,"{""budget"": 0.75, ""policy"": ""B0_no_appeal_assistance""}",0.75,B0_no_appeal_assistance,equalized_odds_gap,0.15000000000000002,synthetic,ALL,not_applicable,not_applicable
EXP-04,SYNTHETIC EXPERIMENT,1737,full,664a150484ed2af3,957abc3e9142f440,"{""budget"": 0.75, ""policy"": ""B2_uniform""}",0.75,B2_uniform,equalized_odds_gap,0.14250000000000002,synthetic,ALL,not_applicable,not_applicable
EXP-04,SYNTHETIC EXPERIMENT,1737,full,664a150484ed2af3,9cc9d6b1e7e1b61c,"{""budget"": 0.75, ""policy"": ""B3_random""}",0.75,B3_random,equalized_odds_gap,0.00036119962871628,synthetic,ALL,not_applicable,not_applicable
EXP-04,SYNTHETIC EXPERIMENT,1737,full,664a150484ed2af3,379d69ef0fdfedb9,"{""budget"": 0.75, ""policy"": ""B4_expected_corrections""}",0.75,B4_expected_corrections,equalized_odds_gap,0.015000000000000013,synthetic,ALL,not_applicable,not_applicable
EXP-04,SYNTHETIC EXPERIMENT,1737,full,664a150484ed2af3,0e1f54e18c12c4ee,"{""budget"": 0.75, ""policy"": ""additional_proportional_need""}",0.75,additional_proportional_need,equalized_odds_gap,0.10615384615384618,synthetic,ALL,not_applicable,not_applicable
EXP-04,SYNTHETIC EXPERIMENT,1737,full,664a150484ed2af3,14b3fd827134c5e7,"{""budget"": 0.75, ""policy"": ""B5_welfare_optimum""}",0.75,B5_welfare_optimum,equalized_odds_gap,0.01499999999999968,synthetic,ALL,not_applicable,not_applicable
EXP-04,SYNTHETIC EXPERIMENT,1737,full,664a150484ed2af3,0b86cca4ef0698c3,"{""budget"": 0.75, ""policy"": ""B6_fairness_aware_minimax""}",0.75,B6_fairness_aware_minimax,equalized_odds_gap,5.74732816893686e-10,synthetic,ALL,not_applicable,not_applicable
EXP-04,SYNTHETIC EXPERIMENT,1737,full,664a150484ed2af3,982d810df6647d1a,"{""budget"": 1.0, ""policy"": ""B0_no_appeal_assistance""}",1.0,B0_no_appeal_assistance,equalized_odds_gap,0.15000000000000002,synthetic,ALL,not_applicable,not_applicable
EXP-04,SYNTHETIC EXPERIMENT,1737,full,664a150484ed2af3,d38b8ee847d57790,"{""budget"": 1.0, ""policy"": ""B2_uniform""}",1.0,B2_uniform,equalized_odds_gap,0.13999999999999999,synthetic,ALL,not_applicable,not_applicable
EXP-04,SYNTHETIC EXPERIMENT,1737,full,664a150484ed2af3,61e75fd0c50b109b,"{""budget"": 1.0, ""policy"": ""B3_random""}",1.0,B3_random,equalized_odds_gap,0.04951840049504497,synthetic,ALL,not_applicable,not_applicable
EXP-04,SYNTHETIC EXPERIMENT,1737,full,664a150484ed2af3,425f16d21ed8d79c,"{""budget"": 1.0, ""policy"": ""B4_expected_corrections""}",1.0,B4_expected_corrections,equalized_odds_gap,0.07,synthetic,ALL,not_applicable,not_applicable
EXP-04,SYNTHETIC EXPERIMENT,1737,full,664a150484ed2af3,344481b679999c5e,"{""budget"": 1.0, ""policy"": ""additional_proportional_need""}",1.0,additional_proportional_need,equalized_odds_gap,0.09153846153846157,synthetic,ALL,not_applicable,not_applicable
EXP-04,SYNTHETIC EXPERIMENT,1737,full,664a150484ed2af3,2b5deef2535b201e,"{""budget"": 1.0, ""policy"": ""B5_welfare_optimum""}",1.0,B5_welfare_optimum,equalized_odds_gap,0.06999999999999987,synthetic,ALL,not_applicable,not_applicable
EXP-04,SYNTHETIC EXPERIMENT,1737,full,664a150484ed2af3,0211985b156e41d1,"{""budget"": 1.0, ""policy"": ""B6_fairness_aware_minimax""}",1.0,B6_fairness_aware_minimax,equalized_odds_gap,1.6044296446970918e-10,synthetic,ALL,not_applicable,not_applicable
EXP-04,SYNTHETIC EXPERIMENT,1737,full,664a150484ed2af3,1003369d5f322d65,"{""budget"": 1.5, ""policy"": ""B0_no_appeal_assistance""}",1.5,B0_no_appeal_assistance,equalized_odds_gap,0.15000000000000002,synthetic,ALL,not_applicable,not_applicable
EXP-04,SYNTHETIC EXPERIMENT,1737,full,664a150484ed2af3,6a60722a624caf7e,"{""budget"": 1.5, ""policy"": ""B2_uniform""}",1.5,B2_uniform,equalized_odds_gap,0.135,synthetic,ALL,not_applicable,not_applicable
EXP-04,SYNTHETIC EXPERIMENT,1737,full,664a150484ed2af3,688e253ca56e4aaa,"{""budget"": 1.5, ""policy"": ""B3_random""}",1.5,B3_random,equalized_odds_gap,0.14927760074256752,synthetic,ALL,not_applicable,not_applicable
EXP-04,SYNTHETIC EXPERIMENT,1737,full,664a150484ed2af3,1c80e6dde801ef5c,"{""budget"": 1.5, ""policy"": ""B4_expected_corrections""}",1.5,B4_expected_corrections,equalized_odds_gap,0.18000000000000002,synthetic,ALL,not_applicable,not_applicable
EXP-04,SYNTHETIC EXPERIMENT,1737,full,664a150484ed2af3,e06c7801d484f43d,"{""budget"": 1.5, ""policy"": ""additional_proportional_need""}",1.5,additional_proportional_need,equalized_odds_gap,0.06230769230769226,synthetic,ALL,not_applicable,not_applicable
EXP-04,SYNTHETIC EXPERIMENT,1737,full,664a150484ed2af3,28359368daee264f,"{""budget"": 1.5, ""policy"": ""B5_welfare_optimum""}",1.5,B5_welfare_optimum,equalized_odds_gap,0.17999999999999677,synthetic,ALL,not_applicable,not_applicable
EXP-04,SYNTHETIC EXPERIMENT,1737,full,664a150484ed2af3,152273e66ada895f,"{""budget"": 1.5, ""policy"": ""B6_fairness_aware_minimax""}",1.5,B6_fairness_aware_minimax,equalized_odds_gap,1.240252622825011e-10,synthetic,ALL,not_applicable,not_applicable
EXP-04,SYNTHETIC EXPERIMENT,1737,full,664a150484ed2af3,9cb9560133e83337,"{""budget"": 2.0, ""policy"": ""B0_no_appeal_assistance""}",2.0,B0_no_appeal_assistance,equalized_odds_gap,0.15000000000000002,synthetic,ALL,not_applicable,not_applicable
EXP-04,SYNTHETIC EXPERIMENT,1737,full,664a150484ed2af3,b73a572b50f3dd6f,"{""budget"": 2.0, ""policy"": ""B2_uniform""}",2.0,B2_uniform,equalized_odds_gap,0.13,synthetic,ALL,not_applicable,not_applicable
EXP-04,SYNTHETIC EXPERIMENT,1737,full,664a150484ed2af3,a76f3c445f0d9f9b,"{""budget"": 2.0, ""policy"": ""B3_random""}",2.0,B3_random,equalized_odds_gap,0.23049371475718566,synthetic,ALL,not_applicable,not_applicable
EXP-04,SYNTHETIC EXPERIMENT,1737,full,664a150484ed2af3,15157116d00ec30a,"{""budget"": 2.0, ""policy"": ""B4_expected_corrections""}",2.0,B4_expected_corrections,equalized_odds_gap,0.25,synthetic,ALL,not_applicable,not_applicable
EXP-04,SYNTHETIC EXPERIMENT,1737,full,664a150484ed2af3,f1767ae8091cf42b,"{""budget"": 2.0, ""policy"": ""additional_proportional_need""}",2.0,additional_proportional_need,equalized_odds_gap,0.03307692307692309,synthetic,ALL,not_applicable,not_applicable
EXP-04,SYNTHETIC EXPERIMENT,1737,full,664a150484ed2af3,7ea1dd5e24dd79e1,"{""budget"": 2.0, ""policy"": ""B5_welfare_optimum""}",2.0,B5_welfare_optimum,equalized_odds_gap,0.21360789381607745,synthetic,ALL,not_applicable,not_applicable
EXP-04,SYNTHETIC EXPERIMENT,1737,full,664a150484ed2af3,ab2a5f06a9e00fb4,"{""budget"": 2.0, ""policy"": ""B6_fairness_aware_minimax""}",2.0,B6_fairness_aware_minimax,equalized_odds_gap,5.384435397548515e-10,synthetic,ALL,not_applicable,not_applicable
EXP-04,SYNTHETIC EXPERIMENT,1737,full,664a150484ed2af3,9708b9816c525a28,"{""budget"": 3.0, ""policy"": ""B0_no_appeal_assistance""}",3.0,B0_no_appeal_assistance,equalized_odds_gap,0.15000000000000002,synthetic,ALL,not_applicable,not_applicable
EXP-04,SYNTHETIC EXPERIMENT,1737,full,664a150484ed2af3,bd2174167e9ff725,"{""budget"": 3.0, ""policy"": ""B2_uniform""}",3.0,B2_uniform,equalized_odds_gap,0.06999999999999998,synthetic,ALL,not_applicable,not_applicable
EXP-04,SYNTHETIC EXPERIMENT,1737,full,664a150484ed2af3,42cc2cb006b6ba0a,"{""budget"": 3.0, ""policy"": ""B3_random""}",3.0,B3_random,equalized_odds_gap,0.2207405721357785,synthetic,ALL,not_applicable,not_applicable
EXP-04,SYNTHETIC EXPERIMENT,1737,full,664a150484ed2af3,e44a428ac6fedb50,"{""budget"": 3.0, ""policy"": ""B4_expected_corrections""}",3.0,B4_expected_corrections,equalized_odds_gap,0.25,synthetic,ALL,not_applicable,not_applicable
EXP-04,SYNTHETIC EXPERIMENT,1737,full,664a150484ed2af3,5ccd7a1985b269aa,"{""budget"": 3.0, ""policy"": ""additional_proportional_need""}",3.0,additional_proportional_need,equalized_odds_gap,0.019230769230769246,synthetic,ALL,not_applicable,not_applicable
EXP-04,SYNTHETIC EXPERIMENT,1737,full,664a150484ed2af3,2eb1864771910f3a,"{""budget"": 3.0, ""policy"": ""B5_welfare_optimum""}",3.0,B5_welfare_optimum,equalized_odds_gap,0.01359869019617047,synthetic,ALL,not_applicable,not_applicable
EXP-04,SYNTHETIC EXPERIMENT,1737,full,664a150484ed2af3,48d6e22388e77375,"{""budget"": 3.0, ""policy"": ""B6_fairness_aware_minimax""}",3.0,B6_fairness_aware_minimax,equalized_odds_gap,2.2816648743984036e-11,synthetic,ALL,not_applicable,not_applicable
EXP-04,SYNTHETIC EXPERIMENT,1737,full,664a150484ed2af3,dd439a87821bab8e,"{""budget"": 4.0, ""policy"": ""B0_no_appeal_assistance""}",4.0,B0_no_appeal_assistance,equalized_odds_gap,0.15000000000000002,synthetic,ALL,not_applicable,not_applicable
EXP-04,SYNTHETIC EXPERIMENT,1737,full,664a150484ed2af3,ba93911f3db936ea,"{""budget"": 4.0, ""policy"": ""B2_uniform""}",4.0,B2_uniform,equalized_odds_gap,0.0,synthetic,ALL,not_applicable,not_applicable
EXP-04,SYNTHETIC EXPERIMENT,1737,full,664a150484ed2af3,0cf44cbd3e48a0f1,"{""budget"": 4.0, ""policy"": ""B3_random""}",4.0,B3_random,equalized_odds_gap,0.21098742951437133,synthetic,ALL,not_applicable,not_applicable
EXP-04,SYNTHETIC EXPERIMENT,1737,full,664a150484ed2af3,0618104ea2824814,"{""budget"": 4.0, ""policy"": ""B4_expected_corrections""}",4.0,B4_expected_corrections,equalized_odds_gap,0.25,synthetic,ALL,not_applicable,not_applicable
EXP-04,SYNTHETIC EXPERIMENT,1737,full,664a150484ed2af3,d496aa3a4b1d3dc1,"{""budget"": 4.0, ""policy"": ""additional_proportional_need""}",4.0,additional_proportional_need,equalized_odds_gap,0.0,synthetic,ALL,not_applicable,not_applicable
EXP-04,SYNTHETIC EXPERIMENT,1737,full,664a150484ed2af3,1cd9c75523631fd3,"{""budget"": 4.0, ""policy"": ""B5_welfare_optimum""}",4.0,B5_welfare_optimum,equalized_odds_gap,0.0,synthetic,ALL,not_applicable,not_applicable
EXP-04,SYNTHETIC EXPERIMENT,1737,full,664a150484ed2af3,9b53e3f53ba1f22e,"{""budget"": 4.0, ""policy"": ""B6_fairness_aware_minimax""}",4.0,B6_fairness_aware_minimax,equalized_odds_gap,0.0,synthetic,ALL,not_applicable,not_applicable
EXP-04,SYNTHETIC EXPERIMENT,1737,full,664a150484ed2af3,edcb10594ac92d3d,"{""budget"": 4.0, ""policy"": ""B1_universal_capacity""}",4.0,B1_universal_capacity,equalized_odds_gap,0.0,synthetic,ALL,not_applicable,not_applicable
EXP-04,SYNTHETIC EXPERIMENT,1737,full,664a150484ed2af3,73d6f8014e947ad3,"{""budget"": 0.0, ""policy"": ""B0_no_appeal_assistance""}",0.0,B0_no_appeal_assistance,expected_corrections,0.0,synthetic,ALL,not_applicable,not_applicable
EXP-04,SYNTHETIC EXPERIMENT,1737,full,664a150484ed2af3,aca846dea2532e7e,"{""budget"": 0.0, ""policy"": ""B2_uniform""}",0.0,B2_uniform,expected_corrections,0.0,synthetic,ALL,not_applicable,not_applicable
EXP-04,SYNTHETIC EXPERIMENT,1737,full,664a150484ed2af3,6e29a68104e2b4d6,"{""budget"": 0.0, ""policy"": ""B3_random""}",0.0,B3_random,expected_corrections,0.0,synthetic,ALL,not_applicable,not_applicable
EXP-04,SYNTHETIC EXPERIMENT,1737,full,664a150484ed2af3,f7d7416c21ccbea3,"{""budget"": 0.0, ""policy"": ""B4_expected_corrections""}",0.0,B4_expected_corrections,expected_corrections,0.0,synthetic,ALL,not_applicable,not_applicable
EXP-04,SYNTHETIC EXPERIMENT,1737,full,664a150484ed2af3,fcef31f7a7ff0ec8,"{""budget"": 0.0, ""policy"": ""additional_proportional_need""}",0.0,additional_proportional_need,expected_corrections,0.0,synthetic,ALL,not_applicable,not_applicable
EXP-04,SYNTHETIC EXPERIMENT,1737,full,664a150484ed2af3,8af685c39754bc50,"{""budget"": 0.0, ""policy"": ""B5_welfare_optimum""}",0.0,B5_welfare_optimum,expected_corrections,0.0,synthetic,ALL,not_applicable,not_applicable
EXP-04,SYNTHETIC EXPERIMENT,1737,full,664a150484ed2af3,b98b64a27a69ce9d,"{""budget"": 0.0, ""policy"": ""B6_fairness_aware_minimax""}",0.0,B6_fairness_aware_minimax,expected_corrections,0.0,synthetic,ALL,not_applicable,not_applicable
EXP-04,SYNTHETIC EXPERIMENT,1737,full,664a150484ed2af3,47f55405ddee6936,"{""budget"": 0.1, ""policy"": ""B0_no_appeal_assistance""}",0.1,B0_no_appeal_assistance,expected_corrections,0.0,synthetic,ALL,not_applicable,not_applicable
EXP-04,SYNTHETIC EXPERIMENT,1737,full,664a150484ed2af3,505387199cc41cd9,"{""budget"": 0.1, ""policy"": ""B2_uniform""}",0.1,B2_uniform,expected_corrections,0.02100000000000002,synthetic,ALL,not_applicable,not_applicable
EXP-04,SYNTHETIC EXPERIMENT,1737,full,664a150484ed2af3,715409da736e3890,"{""budget"": 0.1, ""policy"": ""B3_random""}",0.1,B3_random,expected_corrections,0.021902468573785916,synthetic,ALL,not_applicable,not_applicable
EXP-04,SYNTHETIC EXPERIMENT,1737,full,664a150484ed2af3,b39d7f3930a2a13a,"{""budget"": 0.1, ""policy"": ""B4_expected_corrections""}",0.1,B4_expected_corrections,expected_corrections,0.02200000000000002,synthetic,ALL,not_applicable,not_applicable
EXP-04,SYNTHETIC EXPERIMENT,1737,full,664a150484ed2af3,bbdfdf36465e1dbf,"{""budget"": 0.1, ""policy"": ""additional_proportional_need""}",0.1,additional_proportional_need,expected_corrections,0.021230769230769247,synthetic,ALL,not_applicable,not_applicable
EXP-04,SYNTHETIC EXPERIMENT,1737,full,664a150484ed2af3,8445721da1bb125c,"{""budget"": 0.1, ""policy"": ""B5_welfare_optimum""}",0.1,B5_welfare_optimum,expected_corrections,0.02200000000000002,synthetic,ALL,not_applicable,not_applicable
EXP-04,SYNTHETIC EXPERIMENT,1737,full,664a150484ed2af3,7c24c4924a67aa87,"{""budget"": 0.1, ""policy"": ""B6_fairness_aware_minimax""}",0.1,B6_fairness_aware_minimax,expected_corrections,0.021999999999999964,synthetic,ALL,not_applicable,not_applicable
EXP-04,SYNTHETIC EXPERIMENT,1737,full,664a150484ed2af3,3fe95d7db7362d2b,"{""budget"": 0.25, ""policy"": ""B0_no_appeal_assistance""}",0.25,B0_no_appeal_assistance,expected_corrections,0.0,synthetic,ALL,not_applicable,not_applicable
EXP-04,SYNTHETIC EXPERIMENT,1737,full,664a150484ed2af3,ae1eade03f0034ec,"{""budget"": 0.25, ""policy"": ""B2_uniform""}",0.25,B2_uniform,expected_corrections,0.05249999999999996,synthetic,ALL,not_applicable,not_applicable
EXP-04,SYNTHETIC EXPERIMENT,1737,full,664a150484ed2af3,f7a6bf97e850c200,"{""budget"": 0.25, ""policy"": ""B3_random""}",0.25,B3_random,expected_corrections,0.05475617143446479,synthetic,ALL,not_applicable,not_applicable
EXP-04,SYNTHETIC EXPERIMENT,1737,full,664a150484ed2af3,b7c534bdcb80a119,"{""budget"": 0.25, ""policy"": ""B4_expected_corrections""}",0.25,B4_expected_corrections,expected_corrections,0.05499999999999999,synthetic,ALL,not_applicable,not_applicable
EXP-04,SYNTHETIC EXPERIMENT,1737,full,664a150484ed2af3,f57f6134f7386820,"{""budget"": 0.25, ""policy"": ""additional_proportional_need""}",0.25,additional_proportional_need,expected_corrections,0.05307692307692308,synthetic,ALL,not_applicable,not_applicable
EXP-04,SYNTHETIC EXPERIMENT,1737,full,664a150484ed2af3,0ac465b1e9e7e73a,"{""budget"": 0.25, ""policy"": ""B5_welfare_optimum""}",0.25,B5_welfare_optimum,expected_corrections,0.05499999999999977,synthetic,ALL,not_applicable,not_applicable
EXP-04,SYNTHETIC EXPERIMENT,1737,full,664a150484ed2af3,479bc7ea0f932c6a,"{""budget"": 0.25, ""policy"": ""B6_fairness_aware_minimax""}",0.25,B6_fairness_aware_minimax,expected_corrections,0.055000000000000104,synthetic,ALL,not_applicable,not_applicable
EXP-04,SYNTHETIC EXPERIMENT,1737,full,664a150484ed2af3,7a11569bcfb76e6d,"{""budget"": 0.5, ""policy"": ""B0_no_appeal_assistance""}",0.5,B0_no_appeal_assistance,expected_corrections,0.0,synthetic,ALL,not_applicable,not_applicable
EXP-04,SYNTHETIC EXPERIMENT,1737,full,664a150484ed2af3,3584a6e7ee2d86fc,"{""budget"": 0.5, ""policy"": ""B2_uniform""}",0.5,B2_uniform,expected_corrections,0.10499999999999998,synthetic,ALL,not_applicable,not_applicable
EXP-04,SYNTHETIC EXPERIMENT,1737,full,664a150484ed2af3,269a44bfce5fafd1,"{""budget"": 0.5, ""policy"": ""B3_random""}",0.5,B3_random,expected_corrections,0.10951234286892964,synthetic,ALL,not_applicable,not_applicable
EXP-04,SYNTHETIC EXPERIMENT,1737,full,664a150484ed2af3,1c89a6ba87de8f89,"{""budget"": 0.5, ""policy"": ""B4_expected_corrections""}",0.5,B4_expected_corrections,expected_corrections,0.11000000000000004,synthetic,ALL,not_applicable,not_applicable
EXP-04,SYNTHETIC EXPERIMENT,1737,full,664a150484ed2af3,fa0e081d1408a7a2,"{""budget"": 0.5, ""policy"": ""additional_proportional_need""}",0.5,additional_proportional_need,expected_corrections,0.10615384615384618,synthetic,ALL,not_applicable,not_applicable
EXP-04,SYNTHETIC EXPERIMENT,1737,full,664a150484ed2af3,b4bdf43e079a663f,"{""budget"": 0.5, ""policy"": ""B5_welfare_optimum""}",0.5,B5_welfare_optimum,expected_corrections,0.11000000000000049,synthetic,ALL,not_applicable,not_applicable
EXP-04,SYNTHETIC EXPERIMENT,1737,full,664a150484ed2af3,e147f1ad209f4e04,"{""budget"": 0.5, ""policy"": ""B6_fairness_aware_minimax""}",0.5,B6_fairness_aware_minimax,expected_corrections,0.11000000000000007,synthetic,ALL,not_applicable,not_applicable
EXP-04,SYNTHETIC EXPERIMENT,1737,full,664a150484ed2af3,523a1aff2e43bde4,"{""budget"": 0.75, ""policy"": ""B0_no_appeal_assistance""}",0.75,B0_no_appeal_assistance,expected_corrections,0.0,synthetic,ALL,not_applicable,not_applicable
EXP-04,SYNTHETIC EXPERIMENT,1737,full,664a150484ed2af3,957abc3e9142f440,"{""budget"": 0.75, ""policy"": ""B2_uniform""}",0.75,B2_uniform,expected_corrections,0.15750000000000003,synthetic,ALL,not_applicable,not_applicable
EXP-04,SYNTHETIC EXPERIMENT,1737,full,664a150484ed2af3,9cc9d6b1e7e1b61c,"{""budget"": 0.75, ""policy"": ""B3_random""}",0.75,B3_random,expected_corrections,0.1642685143033945,synthetic,ALL,not_applicable,not_applicable
EXP-04,SYNTHETIC EXPERIMENT,1737,full,664a150484ed2af3,379d69ef0fdfedb9,"{""budget"": 0.75, ""policy"": ""B4_expected_corrections""}",0.75,B4_expected_corrections,expected_corrections,0.16500000000000004,synthetic,ALL,not_applicable,not_applicable
EXP-04,SYNTHETIC EXPERIMENT,1737,full,664a150484ed2af3,0e1f54e18c12c4ee,"{""budget"": 0.75, ""policy"": ""additional_proportional_need""}",0.75,additional_proportional_need,expected_corrections,0.1592307692307692,synthetic,ALL,not_applicable,not_applicable
EXP-04,SYNTHETIC EXPERIMENT,1737,full,664a150484ed2af3,14b3fd827134c5e7,"{""budget"": 0.75, ""policy"": ""B5_welfare_optimum""}",0.75,B5_welfare_optimum,expected_corrections,0.1649999999999997,synthetic,ALL,not_applicable,not_applicable
EXP-04,SYNTHETIC EXPERIMENT,1737,full,664a150484ed2af3,0b86cca4ef0698c3,"{""budget"": 0.75, ""policy"": ""B6_fairness_aware_minimax""}",0.75,B6_fairness_aware_minimax,expected_corrections,0.16428571431308236,synthetic,ALL,not_applicable,not_applicable
EXP-04,SYNTHETIC EXPERIMENT,1737,full,664a150484ed2af3,982d810df6647d1a,"{""budget"": 1.0, ""policy"": ""B0_no_appeal_assistance""}",1.0,B0_no_appeal_assistance,expected_corrections,0.0,synthetic,ALL,not_applicable,not_applicable
EXP-04,SYNTHETIC EXPERIMENT,1737,full,664a150484ed2af3,d38b8ee847d57790,"{""budget"": 1.0, ""policy"": ""B2_uniform""}",1.0,B2_uniform,expected_corrections,0.21000000000000005,synthetic,ALL,not_applicable,not_applicable
EXP-04,SYNTHETIC EXPERIMENT,1737,full,664a150484ed2af3,61e75fd0c50b109b,"{""budget"": 1.0, ""policy"": ""B3_random""}",1.0,B3_random,expected_corrections,0.21902468573785933,synthetic,ALL,not_applicable,not_applicable
EXP-04,SYNTHETIC EXPERIMENT,1737,full,664a150484ed2af3,425f16d21ed8d79c,"{""budget"": 1.0, ""policy"": ""B4_expected_corrections""}",1.0,B4_expected_corrections,expected_corrections,0.22000000000000003,synthetic,ALL,not_applicable,not_applicable
EXP-04,SYNTHETIC EXPERIMENT,1737,full,664a150484ed2af3,344481b679999c5e,"{""budget"": 1.0, ""policy"": ""additional_proportional_need""}",1.0,additional_proportional_need,expected_corrections,0.2123076923076923,synthetic,ALL,not_applicable,not_applicable
EXP-04,SYNTHETIC EXPERIMENT,1737,full,664a150484ed2af3,2b5deef2535b201e,"{""budget"": 1.0, ""policy"": ""B5_welfare_optimum""}",1.0,B5_welfare_optimum,expected_corrections,0.2199999999999999,synthetic,ALL,not_applicable,not_applicable
EXP-04,SYNTHETIC EXPERIMENT,1737,full,664a150484ed2af3,0211985b156e41d1,"{""budget"": 1.0, ""policy"": ""B6_fairness_aware_minimax""}",1.0,B6_fairness_aware_minimax,expected_corrections,0.2166666666743073,synthetic,ALL,not_applicable,not_applicable
EXP-04,SYNTHETIC EXPERIMENT,1737,full,664a150484ed2af3,1003369d5f322d65,"{""budget"": 1.5, ""policy"": ""B0_no_appeal_assistance""}",1.5,B0_no_appeal_assistance,expected_corrections,0.0,synthetic,ALL,not_applicable,not_applicable
EXP-04,SYNTHETIC EXPERIMENT,1737,full,664a150484ed2af3,6a60722a624caf7e,"{""budget"": 1.5, ""policy"": ""B2_uniform""}",1.5,B2_uniform,expected_corrections,0.31500000000000006,synthetic,ALL,not_applicable,not_applicable
EXP-04,SYNTHETIC EXPERIMENT,1737,full,664a150484ed2af3,688e253ca56e4aaa,"{""budget"": 1.5, ""policy"": ""B3_random""}",1.5,B3_random,expected_corrections,0.328537028606789,synthetic,ALL,not_applicable,not_applicable
EXP-04,SYNTHETIC EXPERIMENT,1737,full,664a150484ed2af3,1c80e6dde801ef5c,"{""budget"": 1.5, ""policy"": ""B4_expected_corrections""}",1.5,B4_expected_corrections,expected_corrections,0.33000000000000007,synthetic,ALL,not_applicable,not_applicable
EXP-04,SYNTHETIC EXPERIMENT,1737,full,664a150484ed2af3,e06c7801d484f43d,"{""budget"": 1.5, ""policy"": ""additional_proportional_need""}",1.5,additional_proportional_need,expected_corrections,0.31846153846153846,synthetic,ALL,not_applicable,not_applicable
EXP-04,SYNTHETIC EXPERIMENT,1737,full,664a150484ed2af3,28359368daee264f,"{""budget"": 1.5, ""policy"": ""B5_welfare_optimum""}",1.5,B5_welfare_optimum,expected_corrections,0.3299999999999977,synthetic,ALL,not_applicable,not_applicable
EXP-04,SYNTHETIC EXPERIMENT,1737,full,664a150484ed2af3,152273e66ada895f,"{""budget"": 1.5, ""policy"": ""B6_fairness_aware_minimax""}",1.5,B6_fairness_aware_minimax,expected_corrections,0.3214285714226647,synthetic,ALL,not_applicable,not_applicable
EXP-04,SYNTHETIC EXPERIMENT,1737,full,664a150484ed2af3,9cb9560133e83337,"{""budget"": 2.0, ""policy"": ""B0_no_appeal_assistance""}",2.0,B0_no_appeal_assistance,expected_corrections,0.0,synthetic,ALL,not_applicable,not_applicable
EXP-04,SYNTHETIC EXPERIMENT,1737,full,664a150484ed2af3,b73a572b50f3dd6f,"{""budget"": 2.0, ""policy"": ""B2_uniform""}",2.0,B2_uniform,expected_corrections,0.42000000000000004,synthetic,ALL,not_applicable,not_applicable
EXP-04,SYNTHETIC EXPERIMENT,1737,full,664a150484ed2af3,a76f3c445f0d9f9b,"{""budget"": 2.0, ""policy"": ""B3_random""}",2.0,B3_random,expected_corrections,0.41950628524281436,synthetic,ALL,not_applicable,not_applicable
EXP-04,SYNTHETIC EXPERIMENT,1737,full,664a150484ed2af3,15157116d00ec30a,"{""budget"": 2.0, ""policy"": ""B4_expected_corrections""}",2.0,B4_expected_corrections,expected_corrections,0.4,synthetic,ALL,not_applicable,not_applicable
EXP-04,SYNTHETIC EXPERIMENT,1737,full,664a150484ed2af3,f1767ae8091cf42b,"{""budget"": 2.0, ""policy"": ""additional_proportional_need""}",2.0,additional_proportional_need,expected_corrections,0.4246153846153846,synthetic,ALL,not_applicable,not_applicable
EXP-04,SYNTHETIC EXPERIMENT,1737,full,664a150484ed2af3,7ea1dd5e24dd79e1,"{""budget"": 2.0, ""policy"": ""B5_welfare_optimum""}",2.0,B5_welfare_optimum,expected_corrections,0.436362280657027,synthetic,ALL,not_applicable,not_applicable
EXP-04,SYNTHETIC EXPERIMENT,1737,full,664a150484ed2af3,ab2a5f06a9e00fb4,"{""budget"": 2.0, ""policy"": ""B6_fairness_aware_minimax""}",2.0,B6_fairness_aware_minimax,expected_corrections,0.4261904761648361,synthetic,ALL,not_applicable,not_applicable
EXP-04,SYNTHETIC EXPERIMENT,1737,full,664a150484ed2af3,9708b9816c525a28,"{""budget"": 3.0, ""policy"": ""B0_no_appeal_assistance""}",3.0,B0_no_appeal_assistance,expected_corrections,0.0,synthetic,ALL,not_applicable,not_applicable
EXP-04,SYNTHETIC EXPERIMENT,1737,full,664a150484ed2af3,bd2174167e9ff725,"{""budget"": 3.0, ""policy"": ""B2_uniform""}",3.0,B2_uniform,expected_corrections,0.5800000000000001,synthetic,ALL,not_applicable,not_applicable
EXP-04,SYNTHETIC EXPERIMENT,1737,full,664a150484ed2af3,42cc2cb006b6ba0a,"{""budget"": 3.0, ""policy"": ""B3_random""}",3.0,B3_random,expected_corrections,0.42925942786422155,synthetic,ALL,not_applicable,not_applicable
EXP-04,SYNTHETIC EXPERIMENT,1737,full,664a150484ed2af3,e44a428ac6fedb50,"{""budget"": 3.0, ""policy"": ""B4_expected_corrections""}",3.0,B4_expected_corrections,expected_corrections,0.4,synthetic,ALL,not_applicable,not_applicable
EXP-04,SYNTHETIC EXPERIMENT,1737,full,664a150484ed2af3,5ccd7a1985b269aa,"{""budget"": 3.0, ""policy"": ""additional_proportional_need""}",3.0,additional_proportional_need,expected_corrections,0.6307692307692307,synthetic,ALL,not_applicable,not_applicable
EXP-04,SYNTHETIC EXPERIMENT,1737,full,664a150484ed2af3,2eb1864771910f3a,"{""budget"": 3.0, ""policy"": ""B5_welfare_optimum""}",3.0,B5_welfare_optimum,expected_corrections,0.6363618423902879,synthetic,ALL,not_applicable,not_applicable
EXP-04,SYNTHETIC EXPERIMENT,1737,full,664a150484ed2af3,48d6e22388e77375,"{""budget"": 3.0, ""policy"": ""B6_fairness_aware_minimax""}",3.0,B6_fairness_aware_minimax,expected_corrections,0.6357142857131999,synthetic,ALL,not_applicable,not_applicable
EXP-04,SYNTHETIC EXPERIMENT,1737,full,664a150484ed2af3,dd439a87821bab8e,"{""budget"": 4.0, ""policy"": ""B0_no_appeal_assistance""}",4.0,B0_no_appeal_assistance,expected_corrections,0.0,synthetic,ALL,not_applicable,not_applicable
EXP-04,SYNTHETIC EXPERIMENT,1737,full,664a150484ed2af3,ba93911f3db936ea,"{""budget"": 4.0, ""policy"": ""B2_uniform""}",4.0,B2_uniform,expected_corrections,0.65,synthetic,ALL,not_applicable,not_applicable
EXP-04,SYNTHETIC EXPERIMENT,1737,full,664a150484ed2af3,0cf44cbd3e48a0f1,"{""budget"": 4.0, ""policy"": ""B3_random""}",4.0,B3_random,expected_corrections,0.4390125704856287,synthetic,ALL,not_applicable,not_applicable
EXP-04,SYNTHETIC EXPERIMENT,1737,full,664a150484ed2af3,0618104ea2824814,"{""budget"": 4.0, ""policy"": ""B4_expected_corrections""}",4.0,B4_expected_corrections,expected_corrections,0.4,synthetic,ALL,not_applicable,not_applicable
EXP-04,SYNTHETIC EXPERIMENT,1737,full,664a150484ed2af3,d496aa3a4b1d3dc1,"{""budget"": 4.0, ""policy"": ""additional_proportional_need""}",4.0,additional_proportional_need,expected_corrections,0.65,synthetic,ALL,not_applicable,not_applicable
EXP-04,SYNTHETIC EXPERIMENT,1737,full,664a150484ed2af3,1cd9c75523631fd3,"{""budget"": 4.0, ""policy"": ""B5_welfare_optimum""}",4.0,B5_welfare_optimum,expected_corrections,0.65,synthetic,ALL,not_applicable,not_applicable
EXP-04,SYNTHETIC EXPERIMENT,1737,full,664a150484ed2af3,9b53e3f53ba1f22e,"{""budget"": 4.0, ""policy"": ""B6_fairness_aware_minimax""}",4.0,B6_fairness_aware_minimax,expected_corrections,0.65,synthetic,ALL,not_applicable,not_applicable
EXP-04,SYNTHETIC EXPERIMENT,1737,full,664a150484ed2af3,edcb10594ac92d3d,"{""budget"": 4.0, ""policy"": ""B1_universal_capacity""}",4.0,B1_universal_capacity,expected_corrections,0.65,synthetic,ALL,not_applicable,not_applicable
EXP-04,SYNTHETIC EXPERIMENT,1737,full,664a150484ed2af3,73d6f8014e947ad3,"{""budget"": 0.0, ""policy"": ""B0_no_appeal_assistance""}",0.0,B0_no_appeal_assistance,corrections_per_unit_cost,0.0,synthetic,ALL,not_applicable,not_applicable
EXP-04,SYNTHETIC EXPERIMENT,1737,full,664a150484ed2af3,aca846dea2532e7e,"{""budget"": 0.0, ""policy"": ""B2_uniform""}",0.0,B2_uniform,corrections_per_unit_cost,0.0,synthetic,ALL,not_applicable,not_applicable
EXP-04,SYNTHETIC EXPERIMENT,1737,full,664a150484ed2af3,6e29a68104e2b4d6,"{""budget"": 0.0, ""policy"": ""B3_random""}",0.0,B3_random,corrections_per_unit_cost,0.0,synthetic,ALL,not_applicable,not_applicable
EXP-04,SYNTHETIC EXPERIMENT,1737,full,664a150484ed2af3,f7d7416c21ccbea3,"{""budget"": 0.0, ""policy"": ""B4_expected_corrections""}",0.0,B4_expected_corrections,corrections_per_unit_cost,0.0,synthetic,ALL,not_applicable,not_applicable
EXP-04,SYNTHETIC EXPERIMENT,1737,full,664a150484ed2af3,fcef31f7a7ff0ec8,"{""budget"": 0.0, ""policy"": ""additional_proportional_need""}",0.0,additional_proportional_need,corrections_per_unit_cost,0.0,synthetic,ALL,not_applicable,not_applicable
EXP-04,SYNTHETIC EXPERIMENT,1737,full,664a150484ed2af3,8af685c39754bc50,"{""budget"": 0.0, ""policy"": ""B5_welfare_optimum""}",0.0,B5_welfare_optimum,corrections_per_unit_cost,0.0,synthetic,ALL,not_applicable,not_applicable
EXP-04,SYNTHETIC EXPERIMENT,1737,full,664a150484ed2af3,b98b64a27a69ce9d,"{""budget"": 0.0, ""policy"": ""B6_fairness_aware_minimax""}",0.0,B6_fairness_aware_minimax,corrections_per_unit_cost,0.0,synthetic,ALL,not_applicable,not_applicable
EXP-04,SYNTHETIC EXPERIMENT,1737,full,664a150484ed2af3,47f55405ddee6936,"{""budget"": 0.1, ""policy"": ""B0_no_appeal_assistance""}",0.1,B0_no_appeal_assistance,corrections_per_unit_cost,0.0,synthetic,ALL,not_applicable,not_applicable
EXP-04,SYNTHETIC EXPERIMENT,1737,full,664a150484ed2af3,505387199cc41cd9,"{""budget"": 0.1, ""policy"": ""B2_uniform""}",0.1,B2_uniform,corrections_per_unit_cost,0.2100000000000002,synthetic,ALL,not_applicable,not_applicable
EXP-04,SYNTHETIC EXPERIMENT,1737,full,664a150484ed2af3,715409da736e3890,"{""budget"": 0.1, ""policy"": ""B3_random""}",0.1,B3_random,corrections_per_unit_cost,0.21902468573785916,synthetic,ALL,not_applicable,not_applicable
EXP-04,SYNTHETIC EXPERIMENT,1737,full,664a150484ed2af3,b39d7f3930a2a13a,"{""budget"": 0.1, ""policy"": ""B4_expected_corrections""}",0.1,B4_expected_corrections,corrections_per_unit_cost,0.2200000000000002,synthetic,ALL,not_applicable,not_applicable
EXP-04,SYNTHETIC EXPERIMENT,1737,full,664a150484ed2af3,bbdfdf36465e1dbf,"{""budget"": 0.1, ""policy"": ""additional_proportional_need""}",0.1,additional_proportional_need,corrections_per_unit_cost,0.21230769230769247,synthetic,ALL,not_applicable,not_applicable
EXP-04,SYNTHETIC EXPERIMENT,1737,full,664a150484ed2af3,8445721da1bb125c,"{""budget"": 0.1, ""policy"": ""B5_welfare_optimum""}",0.1,B5_welfare_optimum,corrections_per_unit_cost,0.21999999999999997,synthetic,ALL,not_applicable,not_applicable
EXP-04,SYNTHETIC EXPERIMENT,1737,full,664a150484ed2af3,7c24c4924a67aa87,"{""budget"": 0.1, ""policy"": ""B6_fairness_aware_minimax""}",0.1,B6_fairness_aware_minimax,corrections_per_unit_cost,0.2199999999999997,synthetic,ALL,not_applicable,not_applicable
EXP-04,SYNTHETIC EXPERIMENT,1737,full,664a150484ed2af3,3fe95d7db7362d2b,"{""budget"": 0.25, ""policy"": ""B0_no_appeal_assistance""}",0.25,B0_no_appeal_assistance,corrections_per_unit_cost,0.0,synthetic,ALL,not_applicable,not_applicable
EXP-04,SYNTHETIC EXPERIMENT,1737,full,664a150484ed2af3,ae1eade03f0034ec,"{""budget"": 0.25, ""policy"": ""B2_uniform""}",0.25,B2_uniform,corrections_per_unit_cost,0.20999999999999985,synthetic,ALL,not_applicable,not_applicable
EXP-04,SYNTHETIC EXPERIMENT,1737,full,664a150484ed2af3,f7a6bf97e850c200,"{""budget"": 0.25, ""policy"": ""B3_random""}",0.25,B3_random,corrections_per_unit_cost,0.21902468573785916,synthetic,ALL,not_applicable,not_applicable
EXP-04,SYNTHETIC EXPERIMENT,1737,full,664a150484ed2af3,b7c534bdcb80a119,"{""budget"": 0.25, ""policy"": ""B4_expected_corrections""}",0.25,B4_expected_corrections,corrections_per_unit_cost,0.21999999999999997,synthetic,ALL,not_applicable,not_applicable
EXP-04,SYNTHETIC EXPERIMENT,1737,full,664a150484ed2af3,f57f6134f7386820,"{""budget"": 0.25, ""policy"": ""additional_proportional_need""}",0.25,additional_proportional_need,corrections_per_unit_cost,0.2123076923076923,synthetic,ALL,not_applicable,not_applicable
EXP-04,SYNTHETIC EXPERIMENT,1737,full,664a150484ed2af3,0ac465b1e9e7e73a,"{""budget"": 0.25, ""policy"": ""B5_welfare_optimum""}",0.25,B5_welfare_optimum,corrections_per_unit_cost,0.2200000000000001,synthetic,ALL,not_applicable,not_applicable
EXP-04,SYNTHETIC EXPERIMENT,1737,full,664a150484ed2af3,479bc7ea0f932c6a,"{""budget"": 0.25, ""policy"": ""B6_fairness_aware_minimax""}",0.25,B6_fairness_aware_minimax,corrections_per_unit_cost,0.21999999999999992,synthetic,ALL,not_applicable,not_applicable
EXP-04,SYNTHETIC EXPERIMENT,1737,full,664a150484ed2af3,7a11569bcfb76e6d,"{""budget"": 0.5, ""policy"": ""B0_no_appeal_assistance""}",0.5,B0_no_appeal_assistance,corrections_per_unit_cost,0.0,synthetic,ALL,not_applicable,not_applicable
EXP-04,SYNTHETIC EXPERIMENT,1737,full,664a150484ed2af3,3584a6e7ee2d86fc,"{""budget"": 0.5, ""policy"": ""B2_uniform""}",0.5,B2_uniform,corrections_per_unit_cost,0.20999999999999996,synthetic,ALL,not_applicable,not_applicable
EXP-04,SYNTHETIC EXPERIMENT,1737,full,664a150484ed2af3,269a44bfce5fafd1,"{""budget"": 0.5, ""policy"": ""B3_random""}",0.5,B3_random,corrections_per_unit_cost,0.21902468573785927,synthetic,ALL,not_applicable,not_applicable
EXP-04,SYNTHETIC EXPERIMENT,1737,full,664a150484ed2af3,1c89a6ba87de8f89,"{""budget"": 0.5, ""policy"": ""B4_expected_corrections""}",0.5,B4_expected_corrections,corrections_per_unit_cost,0.22000000000000008,synthetic,ALL,not_applicable,not_applicable
EXP-04,SYNTHETIC EXPERIMENT,1737,full,664a150484ed2af3,fa0e081d1408a7a2,"{""budget"": 0.5, ""policy"": ""additional_proportional_need""}",0.5,additional_proportional_need,corrections_per_unit_cost,0.21230769230769236,synthetic,ALL,not_applicable,not_applicable
EXP-04,SYNTHETIC EXPERIMENT,1737,full,664a150484ed2af3,b4bdf43e079a663f,"{""budget"": 0.5, ""policy"": ""B5_welfare_optimum""}",0.5,B5_welfare_optimum,corrections_per_unit_cost,0.22,synthetic,ALL,not_applicable,not_applicable
EXP-04,SYNTHETIC EXPERIMENT,1737,full,664a150484ed2af3,e147f1ad209f4e04,"{""budget"": 0.5, ""policy"": ""B6_fairness_aware_minimax""}",0.5,B6_fairness_aware_minimax,corrections_per_unit_cost,0.22000000000000008,synthetic,ALL,not_applicable,not_applicable
EXP-04,SYNTHETIC EXPERIMENT,1737,full,664a150484ed2af3,523a1aff2e43bde4,"{""budget"": 0.75, ""policy"": ""B0_no_appeal_assistance""}",0.75,B0_no_appeal_assistance,corrections_per_unit_cost,0.0,synthetic,ALL,not_applicable,not_applicable
EXP-04,SYNTHETIC EXPERIMENT,1737,full,664a150484ed2af3,957abc3e9142f440,"{""budget"": 0.75, ""policy"": ""B2_uniform""}",0.75,B2_uniform,corrections_per_unit_cost,0.21000000000000005,synthetic,ALL,not_applicable,not_applicable
EXP-04,SYNTHETIC EXPERIMENT,1737,full,664a150484ed2af3,9cc9d6b1e7e1b61c,"{""budget"": 0.75, ""policy"": ""B3_random""}",0.75,B3_random,corrections_per_unit_cost,0.2190246857378593,synthetic,ALL,not_applicable,not_applicable
EXP-04,SYNTHETIC EXPERIMENT,1737,full,664a150484ed2af3,379d69ef0fdfedb9,"{""budget"": 0.75, ""policy"": ""B4_expected_corrections""}",0.75,B4_expected_corrections,corrections_per_unit_cost,0.22000000000000006,synthetic,ALL,not_applicable,not_applicable
EXP-04,SYNTHETIC EXPERIMENT,1737,full,664a150484ed2af3,0e1f54e18c12c4ee,"{""budget"": 0.75, ""policy"": ""additional_proportional_need""}",0.75,additional_proportional_need,corrections_per_unit_cost,0.21230769230769228,synthetic,ALL,not_applicable,not_applicable
EXP-04,SYNTHETIC EXPERIMENT,1737,full,664a150484ed2af3,14b3fd827134c5e7,"{""budget"": 0.75, ""policy"": ""B5_welfare_optimum""}",0.75,B5_welfare_optimum,corrections_per_unit_cost,0.22000000000000006,synthetic,ALL,not_applicable,not_applicable
EXP-04,SYNTHETIC EXPERIMENT,1737,full,664a150484ed2af3,0b86cca4ef0698c3,"{""budget"": 0.75, ""policy"": ""B6_fairness_aware_minimax""}",0.75,B6_fairness_aware_minimax,corrections_per_unit_cost,0.21904761908411002,synthetic,ALL,not_applicable,not_applicable
EXP-04,SYNTHETIC EXPERIMENT,1737,full,664a150484ed2af3,982d810df6647d1a,"{""budget"": 1.0, ""policy"": ""B0_no_appeal_assistance""}",1.0,B0_no_appeal_assistance,corrections_per_unit_cost,0.0,synthetic,ALL,not_applicable,not_applicable
EXP-04,SYNTHETIC EXPERIMENT,1737,full,664a150484ed2af3,d38b8ee847d57790,"{""budget"": 1.0, ""policy"": ""B2_uniform""}",1.0,B2_uniform,corrections_per_unit_cost,0.21000000000000005,synthetic,ALL,not_applicable,not_applicable
EXP-04,SYNTHETIC EXPERIMENT,1737,full,664a150484ed2af3,61e75fd0c50b109b,"{""budget"": 1.0, ""policy"": ""B3_random""}",1.0,B3_random,corrections_per_unit_cost,0.21902468573785933,synthetic,ALL,not_applicable,not_applicable
EXP-04,SYNTHETIC EXPERIMENT,1737,full,664a150484ed2af3,425f16d21ed8d79c,"{""budget"": 1.0, ""policy"": ""B4_expected_corrections""}",1.0,B4_expected_corrections,corrections_per_unit_cost,0.22000000000000003,synthetic,ALL,not_applicable,not_applicable
EXP-04,SYNTHETIC EXPERIMENT,1737,full,664a150484ed2af3,344481b679999c5e,"{""budget"": 1.0, ""policy"": ""additional_proportional_need""}",1.0,additional_proportional_need,corrections_per_unit_cost,0.2123076923076923,synthetic,ALL,not_applicable,not_applicable
EXP-04,SYNTHETIC EXPERIMENT,1737,full,664a150484ed2af3,2b5deef2535b201e,"{""budget"": 1.0, ""policy"": ""B5_welfare_optimum""}",1.0,B5_welfare_optimum,corrections_per_unit_cost,0.22000000000000003,synthetic,ALL,not_applicable,not_applicable
EXP-04,SYNTHETIC EXPERIMENT,1737,full,664a150484ed2af3,0211985b156e41d1,"{""budget"": 1.0, ""policy"": ""B6_fairness_aware_minimax""}",1.0,B6_fairness_aware_minimax,corrections_per_unit_cost,0.21666666667430684,synthetic,ALL,not_applicable,not_applicable
EXP-04,SYNTHETIC EXPERIMENT,1737,full,664a150484ed2af3,1003369d5f322d65,"{""budget"": 1.5, ""policy"": ""B0_no_appeal_assistance""}",1.5,B0_no_appeal_assistance,corrections_per_unit_cost,0.0,synthetic,ALL,not_applicable,not_applicable
EXP-04,SYNTHETIC EXPERIMENT,1737,full,664a150484ed2af3,6a60722a624caf7e,"{""budget"": 1.5, ""policy"": ""B2_uniform""}",1.5,B2_uniform,corrections_per_unit_cost,0.21000000000000005,synthetic,ALL,not_applicable,not_applicable
EXP-04,SYNTHETIC EXPERIMENT,1737,full,664a150484ed2af3,688e253ca56e4aaa,"{""budget"": 1.5, ""policy"": ""B3_random""}",1.5,B3_random,corrections_per_unit_cost,0.2190246857378593,synthetic,ALL,not_applicable,not_applicable
EXP-04,SYNTHETIC EXPERIMENT,1737,full,664a150484ed2af3,1c80e6dde801ef5c,"{""budget"": 1.5, ""policy"": ""B4_expected_corrections""}",1.5,B4_expected_corrections,corrections_per_unit_cost,0.22000000000000006,synthetic,ALL,not_applicable,not_applicable
EXP-04,SYNTHETIC EXPERIMENT,1737,full,664a150484ed2af3,e06c7801d484f43d,"{""budget"": 1.5, ""policy"": ""additional_proportional_need""}",1.5,additional_proportional_need,corrections_per_unit_cost,0.2123076923076923,synthetic,ALL,not_applicable,not_applicable
EXP-04,SYNTHETIC EXPERIMENT,1737,full,664a150484ed2af3,28359368daee264f,"{""budget"": 1.5, ""policy"": ""B5_welfare_optimum""}",1.5,B5_welfare_optimum,corrections_per_unit_cost,0.21999999999999997,synthetic,ALL,not_applicable,not_applicable
EXP-04,SYNTHETIC EXPERIMENT,1737,full,664a150484ed2af3,152273e66ada895f,"{""budget"": 1.5, ""policy"": ""B6_fairness_aware_minimax""}",1.5,B6_fairness_aware_minimax,corrections_per_unit_cost,0.21428571428177706,synthetic,ALL,not_applicable,not_applicable
EXP-04,SYNTHETIC EXPERIMENT,1737,full,664a150484ed2af3,9cb9560133e83337,"{""budget"": 2.0, ""policy"": ""B0_no_appeal_assistance""}",2.0,B0_no_appeal_assistance,corrections_per_unit_cost,0.0,synthetic,ALL,not_applicable,not_applicable
EXP-04,SYNTHETIC EXPERIMENT,1737,full,664a150484ed2af3,b73a572b50f3dd6f,"{""budget"": 2.0, ""policy"": ""B2_uniform""}",2.0,B2_uniform,corrections_per_unit_cost,0.21000000000000002,synthetic,ALL,not_applicable,not_applicable
EXP-04,SYNTHETIC EXPERIMENT,1737,full,664a150484ed2af3,a76f3c445f0d9f9b,"{""budget"": 2.0, ""policy"": ""B3_random""}",2.0,B3_random,corrections_per_unit_cost,0.20975314262140718,synthetic,ALL,not_applicable,not_applicable
EXP-04,SYNTHETIC EXPERIMENT,1737,full,664a150484ed2af3,15157116d00ec30a,"{""budget"": 2.0, ""policy"": ""B4_expected_corrections""}",2.0,B4_expected_corrections,corrections_per_unit_cost,0.2,synthetic,ALL,not_applicable,not_applicable
EXP-04,SYNTHETIC EXPERIMENT,1737,full,664a150484ed2af3,f1767ae8091cf42b,"{""budget"": 2.0, ""policy"": ""additional_proportional_need""}",2.0,additional_proportional_need,corrections_per_unit_cost,0.2123076923076923,synthetic,ALL,not_applicable,not_applicable
EXP-04,SYNTHETIC EXPERIMENT,1737,full,664a150484ed2af3,7ea1dd5e24dd79e1,"{""budget"": 2.0, ""policy"": ""B5_welfare_optimum""}",2.0,B5_welfare_optimum,corrections_per_unit_cost,0.21818114032897246,synthetic,ALL,not_applicable,not_applicable
EXP-04,SYNTHETIC EXPERIMENT,1737,full,664a150484ed2af3,ab2a5f06a9e00fb4,"{""budget"": 2.0, ""policy"": ""B6_fairness_aware_minimax""}",2.0,B6_fairness_aware_minimax,corrections_per_unit_cost,0.21309523808241798,synthetic,ALL,not_applicable,not_applicable
EXP-04,SYNTHETIC EXPERIMENT,1737,full,664a150484ed2af3,9708b9816c525a28,"{""budget"": 3.0, ""policy"": ""B0_no_appeal_assistance""}",3.0,B0_no_appeal_assistance,corrections_per_unit_cost,0.0,synthetic,ALL,not_applicable,not_applicable
EXP-04,SYNTHETIC EXPERIMENT,1737,full,664a150484ed2af3,bd2174167e9ff725,"{""budget"": 3.0, ""policy"": ""B2_uniform""}",3.0,B2_uniform,corrections_per_unit_cost,0.19333333333333336,synthetic,ALL,not_applicable,not_applicable
EXP-04,SYNTHETIC EXPERIMENT,1737,full,664a150484ed2af3,42cc2cb006b6ba0a,"{""budget"": 3.0, ""policy"": ""B3_random""}",3.0,B3_random,corrections_per_unit_cost,0.1430864759547405,synthetic,ALL,not_applicable,not_applicable
EXP-04,SYNTHETIC EXPERIMENT,1737,full,664a150484ed2af3,e44a428ac6fedb50,"{""budget"": 3.0, ""policy"": ""B4_expected_corrections""}",3.0,B4_expected_corrections,corrections_per_unit_cost,0.13333333333333333,synthetic,ALL,not_applicable,not_applicable
EXP-04,SYNTHETIC EXPERIMENT,1737,full,664a150484ed2af3,5ccd7a1985b269aa,"{""budget"": 3.0, ""policy"": ""additional_proportional_need""}",3.0,additional_proportional_need,corrections_per_unit_cost,0.21025641025641026,synthetic,ALL,not_applicable,not_applicable
EXP-04,SYNTHETIC EXPERIMENT,1737,full,664a150484ed2af3,2eb1864771910f3a,"{""budget"": 3.0, ""policy"": ""B5_welfare_optimum""}",3.0,B5_welfare_optimum,corrections_per_unit_cost,0.21212061413009797,synthetic,ALL,not_applicable,not_applicable
EXP-04,SYNTHETIC EXPERIMENT,1737,full,664a150484ed2af3,48d6e22388e77375,"{""budget"": 3.0, ""policy"": ""B6_fairness_aware_minimax""}",3.0,B6_fairness_aware_minimax,corrections_per_unit_cost,0.21190476190439977,synthetic,ALL,not_applicable,not_applicable
EXP-04,SYNTHETIC EXPERIMENT,1737,full,664a150484ed2af3,dd439a87821bab8e,"{""budget"": 4.0, ""policy"": ""B0_no_appeal_assistance""}",4.0,B0_no_appeal_assistance,corrections_per_unit_cost,0.0,synthetic,ALL,not_applicable,not_applicable
EXP-04,SYNTHETIC EXPERIMENT,1737,full,664a150484ed2af3,ba93911f3db936ea,"{""budget"": 4.0, ""policy"": ""B2_uniform""}",4.0,B2_uniform,corrections_per_unit_cost,0.1625,synthetic,ALL,not_applicable,not_applicable
EXP-04,SYNTHETIC EXPERIMENT,1737,full,664a150484ed2af3,0cf44cbd3e48a0f1,"{""budget"": 4.0, ""policy"": ""B3_random""}",4.0,B3_random,corrections_per_unit_cost,0.10975314262140717,synthetic,ALL,not_applicable,not_applicable
EXP-04,SYNTHETIC EXPERIMENT,1737,full,664a150484ed2af3,0618104ea2824814,"{""budget"": 4.0, ""policy"": ""B4_expected_corrections""}",4.0,B4_expected_corrections,corrections_per_unit_cost,0.1,synthetic,ALL,not_applicable,not_applicable
EXP-04,SYNTHETIC EXPERIMENT,1737,full,664a150484ed2af3,d496aa3a4b1d3dc1,"{""budget"": 4.0, ""policy"": ""additional_proportional_need""}",4.0,additional_proportional_need,corrections_per_unit_cost,0.1625,synthetic,ALL,not_applicable,not_applicable
EXP-04,SYNTHETIC EXPERIMENT,1737,full,664a150484ed2af3,1cd9c75523631fd3,"{""budget"": 4.0, ""policy"": ""B5_welfare_optimum""}",4.0,B5_welfare_optimum,corrections_per_unit_cost,0.16629008476592297,synthetic,ALL,not_applicable,not_applicable
EXP-04,SYNTHETIC EXPERIMENT,1737,full,664a150484ed2af3,9b53e3f53ba1f22e,"{""budget"": 4.0, ""policy"": ""B6_fairness_aware_minimax""}",4.0,B6_fairness_aware_minimax,corrections_per_unit_cost,0.1999999997999023,synthetic,ALL,not_applicable,not_applicable
EXP-04,SYNTHETIC EXPERIMENT,1737,full,664a150484ed2af3,edcb10594ac92d3d,"{""budget"": 4.0, ""policy"": ""B1_universal_capacity""}",4.0,B1_universal_capacity,corrections_per_unit_cost,0.1625,synthetic,ALL,not_applicable,not_applicable
EXP-04,SYNTHETIC EXPERIMENT,1737,full,664a150484ed2af3,73d6f8014e947ad3,"{""budget"": 0.0, ""policy"": ""B0_no_appeal_assistance""}",0.0,B0_no_appeal_assistance,resource_used,0.0,synthetic,ALL,not_applicable,not_applicable
EXP-04,SYNTHETIC EXPERIMENT,1737,full,664a150484ed2af3,aca846dea2532e7e,"{""budget"": 0.0, ""policy"": ""B2_uniform""}",0.0,B2_uniform,resource_used,0.0,synthetic,ALL,not_applicable,not_applicable
EXP-04,SYNTHETIC EXPERIMENT,1737,full,664a150484ed2af3,6e29a68104e2b4d6,"{""budget"": 0.0, ""policy"": ""B3_random""}",0.0,B3_random,resource_used,0.0,synthetic,ALL,not_applicable,not_applicable
EXP-04,SYNTHETIC EXPERIMENT,1737,full,664a150484ed2af3,f7d7416c21ccbea3,"{""budget"": 0.0, ""policy"": ""B4_expected_corrections""}",0.0,B4_expected_corrections,resource_used,0.0,synthetic,ALL,not_applicable,not_applicable
EXP-04,SYNTHETIC EXPERIMENT,1737,full,664a150484ed2af3,fcef31f7a7ff0ec8,"{""budget"": 0.0, ""policy"": ""additional_proportional_need""}",0.0,additional_proportional_need,resource_used,0.0,synthetic,ALL,not_applicable,not_applicable
EXP-04,SYNTHETIC EXPERIMENT,1737,full,664a150484ed2af3,8af685c39754bc50,"{""budget"": 0.0, ""policy"": ""B5_welfare_optimum""}",0.0,B5_welfare_optimum,resource_used,0.0,synthetic,ALL,not_applicable,not_applicable
EXP-04,SYNTHETIC EXPERIMENT,1737,full,664a150484ed2af3,b98b64a27a69ce9d,"{""budget"": 0.0, ""policy"": ""B6_fairness_aware_minimax""}",0.0,B6_fairness_aware_minimax,resource_used,0.0,synthetic,ALL,not_applicable,not_applicable
EXP-04,SYNTHETIC EXPERIMENT,1737,full,664a150484ed2af3,47f55405ddee6936,"{""budget"": 0.1, ""policy"": ""B0_no_appeal_assistance""}",0.1,B0_no_appeal_assistance,resource_used,0.0,synthetic,ALL,not_applicable,not_applicable
EXP-04,SYNTHETIC EXPERIMENT,1737,full,664a150484ed2af3,505387199cc41cd9,"{""budget"": 0.1, ""policy"": ""B2_uniform""}",0.1,B2_uniform,resource_used,0.1,synthetic,ALL,not_applicable,not_applicable
EXP-04,SYNTHETIC EXPERIMENT,1737,full,664a150484ed2af3,715409da736e3890,"{""budget"": 0.1, ""policy"": ""B3_random""}",0.1,B3_random,resource_used,0.1,synthetic,ALL,not_applicable,not_applicable
EXP-04,SYNTHETIC EXPERIMENT,1737,full,664a150484ed2af3,b39d7f3930a2a13a,"{""budget"": 0.1, ""policy"": ""B4_expected_corrections""}",0.1,B4_expected_corrections,resource_used,0.1,synthetic,ALL,not_applicable,not_applicable
EXP-04,SYNTHETIC EXPERIMENT,1737,full,664a150484ed2af3,bbdfdf36465e1dbf,"{""budget"": 0.1, ""policy"": ""additional_proportional_need""}",0.1,additional_proportional_need,resource_used,0.1,synthetic,ALL,not_applicable,not_applicable
EXP-04,SYNTHETIC EXPERIMENT,1737,full,664a150484ed2af3,8445721da1bb125c,"{""budget"": 0.1, ""policy"": ""B5_welfare_optimum""}",0.1,B5_welfare_optimum,resource_used,0.1000000000000001,synthetic,ALL,not_applicable,not_applicable
EXP-04,SYNTHETIC EXPERIMENT,1737,full,664a150484ed2af3,7c24c4924a67aa87,"{""budget"": 0.1, ""policy"": ""B6_fairness_aware_minimax""}",0.1,B6_fairness_aware_minimax,resource_used,0.09999999999999998,synthetic,ALL,not_applicable,not_applicable
EXP-04,SYNTHETIC EXPERIMENT,1737,full,664a150484ed2af3,3fe95d7db7362d2b,"{""budget"": 0.25, ""policy"": ""B0_no_appeal_assistance""}",0.25,B0_no_appeal_assistance,resource_used,0.0,synthetic,ALL,not_applicable,not_applicable
EXP-04,SYNTHETIC EXPERIMENT,1737,full,664a150484ed2af3,ae1eade03f0034ec,"{""budget"": 0.25, ""policy"": ""B2_uniform""}",0.25,B2_uniform,resource_used,0.25,synthetic,ALL,not_applicable,not_applicable
EXP-04,SYNTHETIC EXPERIMENT,1737,full,664a150484ed2af3,f7a6bf97e850c200,"{""budget"": 0.25, ""policy"": ""B3_random""}",0.25,B3_random,resource_used,0.25,synthetic,ALL,not_applicable,not_applicable
EXP-04,SYNTHETIC EXPERIMENT,1737,full,664a150484ed2af3,b7c534bdcb80a119,"{""budget"": 0.25, ""policy"": ""B4_expected_corrections""}",0.25,B4_expected_corrections,resource_used,0.25,synthetic,ALL,not_applicable,not_applicable
EXP-04,SYNTHETIC EXPERIMENT,1737,full,664a150484ed2af3,f57f6134f7386820,"{""budget"": 0.25, ""policy"": ""additional_proportional_need""}",0.25,additional_proportional_need,resource_used,0.25,synthetic,ALL,not_applicable,not_applicable
EXP-04,SYNTHETIC EXPERIMENT,1737,full,664a150484ed2af3,0ac465b1e9e7e73a,"{""budget"": 0.25, ""policy"": ""B5_welfare_optimum""}",0.25,B5_welfare_optimum,resource_used,0.24999999999999883,synthetic,ALL,not_applicable,not_applicable
EXP-04,SYNTHETIC EXPERIMENT,1737,full,664a150484ed2af3,479bc7ea0f932c6a,"{""budget"": 0.25, ""policy"": ""B6_fairness_aware_minimax""}",0.25,B6_fairness_aware_minimax,resource_used,0.25000000000000056,synthetic,ALL,not_applicable,not_applicable
EXP-04,SYNTHETIC EXPERIMENT,1737,full,664a150484ed2af3,7a11569bcfb76e6d,"{""budget"": 0.5, ""policy"": ""B0_no_appeal_assistance""}",0.5,B0_no_appeal_assistance,resource_used,0.0,synthetic,ALL,not_applicable,not_applicable
EXP-04,SYNTHETIC EXPERIMENT,1737,full,664a150484ed2af3,3584a6e7ee2d86fc,"{""budget"": 0.5, ""policy"": ""B2_uniform""}",0.5,B2_uniform,resource_used,0.5,synthetic,ALL,not_applicable,not_applicable
EXP-04,SYNTHETIC EXPERIMENT,1737,full,664a150484ed2af3,269a44bfce5fafd1,"{""budget"": 0.5, ""policy"": ""B3_random""}",0.5,B3_random,resource_used,0.5,synthetic,ALL,not_applicable,not_applicable
EXP-04,SYNTHETIC EXPERIMENT,1737,full,664a150484ed2af3,1c89a6ba87de8f89,"{""budget"": 0.5, ""policy"": ""B4_expected_corrections""}",0.5,B4_expected_corrections,resource_used,0.5,synthetic,ALL,not_applicable,not_applicable
EXP-04,SYNTHETIC EXPERIMENT,1737,full,664a150484ed2af3,fa0e081d1408a7a2,"{""budget"": 0.5, ""policy"": ""additional_proportional_need""}",0.5,additional_proportional_need,resource_used,0.5,synthetic,ALL,not_applicable,not_applicable
EXP-04,SYNTHETIC EXPERIMENT,1737,full,664a150484ed2af3,b4bdf43e079a663f,"{""budget"": 0.5, ""policy"": ""B5_welfare_optimum""}",0.5,B5_welfare_optimum,resource_used,0.5000000000000022,synthetic,ALL,not_applicable,not_applicable
EXP-04,SYNTHETIC EXPERIMENT,1737,full,664a150484ed2af3,e147f1ad209f4e04,"{""budget"": 0.5, ""policy"": ""B6_fairness_aware_minimax""}",0.5,B6_fairness_aware_minimax,resource_used,0.5000000000000001,synthetic,ALL,not_applicable,not_applicable
EXP-04,SYNTHETIC EXPERIMENT,1737,full,664a150484ed2af3,523a1aff2e43bde4,"{""budget"": 0.75, ""policy"": ""B0_no_appeal_assistance""}",0.75,B0_no_appeal_assistance,resource_used,0.0,synthetic,ALL,not_applicable,not_applicable
EXP-04,SYNTHETIC EXPERIMENT,1737,full,664a150484ed2af3,957abc3e9142f440,"{""budget"": 0.75, ""policy"": ""B2_uniform""}",0.75,B2_uniform,resource_used,0.75,synthetic,ALL,not_applicable,not_applicable
EXP-04,SYNTHETIC EXPERIMENT,1737,full,664a150484ed2af3,9cc9d6b1e7e1b61c,"{""budget"": 0.75, ""policy"": ""B3_random""}",0.75,B3_random,resource_used,0.7500000000000001,synthetic,ALL,not_applicable,not_applicable
EXP-04,SYNTHETIC EXPERIMENT,1737,full,664a150484ed2af3,379d69ef0fdfedb9,"{""budget"": 0.75, ""policy"": ""B4_expected_corrections""}",0.75,B4_expected_corrections,resource_used,0.75,synthetic,ALL,not_applicable,not_applicable
EXP-04,SYNTHETIC EXPERIMENT,1737,full,664a150484ed2af3,0e1f54e18c12c4ee,"{""budget"": 0.75, ""policy"": ""additional_proportional_need""}",0.75,additional_proportional_need,resource_used,0.75,synthetic,ALL,not_applicable,not_applicable
EXP-04,SYNTHETIC EXPERIMENT,1737,full,664a150484ed2af3,14b3fd827134c5e7,"{""budget"": 0.75, ""policy"": ""B5_welfare_optimum""}",0.75,B5_welfare_optimum,resource_used,0.7499999999999984,synthetic,ALL,not_applicable,not_applicable
EXP-04,SYNTHETIC EXPERIMENT,1737,full,664a150484ed2af3,0b86cca4ef0698c3,"{""budget"": 0.75, ""policy"": ""B6_fairness_aware_minimax""}",0.75,B6_fairness_aware_minimax,resource_used,0.7499999999999993,synthetic,ALL,not_applicable,not_applicable
EXP-04,SYNTHETIC EXPERIMENT,1737,full,664a150484ed2af3,982d810df6647d1a,"{""budget"": 1.0, ""policy"": ""B0_no_appeal_assistance""}",1.0,B0_no_appeal_assistance,resource_used,0.0,synthetic,ALL,not_applicable,not_applicable
EXP-04,SYNTHETIC EXPERIMENT,1737,full,664a150484ed2af3,d38b8ee847d57790,"{""budget"": 1.0, ""policy"": ""B2_uniform""}",1.0,B2_uniform,resource_used,1.0,synthetic,ALL,not_applicable,not_applicable
EXP-04,SYNTHETIC EXPERIMENT,1737,full,664a150484ed2af3,61e75fd0c50b109b,"{""budget"": 1.0, ""policy"": ""B3_random""}",1.0,B3_random,resource_used,1.0,synthetic,ALL,not_applicable,not_applicable
EXP-04,SYNTHETIC EXPERIMENT,1737,full,664a150484ed2af3,425f16d21ed8d79c,"{""budget"": 1.0, ""policy"": ""B4_expected_corrections""}",1.0,B4_expected_corrections,resource_used,1.0,synthetic,ALL,not_applicable,not_applicable
EXP-04,SYNTHETIC EXPERIMENT,1737,full,664a150484ed2af3,344481b679999c5e,"{""budget"": 1.0, ""policy"": ""additional_proportional_need""}",1.0,additional_proportional_need,resource_used,1.0,synthetic,ALL,not_applicable,not_applicable
EXP-04,SYNTHETIC EXPERIMENT,1737,full,664a150484ed2af3,2b5deef2535b201e,"{""budget"": 1.0, ""policy"": ""B5_welfare_optimum""}",1.0,B5_welfare_optimum,resource_used,0.9999999999999993,synthetic,ALL,not_applicable,not_applicable
EXP-04,SYNTHETIC EXPERIMENT,1737,full,664a150484ed2af3,0211985b156e41d1,"{""budget"": 1.0, ""policy"": ""B6_fairness_aware_minimax""}",1.0,B6_fairness_aware_minimax,resource_used,1.0000000000000022,synthetic,ALL,not_applicable,not_applicable
EXP-04,SYNTHETIC EXPERIMENT,1737,full,664a150484ed2af3,1003369d5f322d65,"{""budget"": 1.5, ""policy"": ""B0_no_appeal_assistance""}",1.5,B0_no_appeal_assistance,resource_used,0.0,synthetic,ALL,not_applicable,not_applicable
EXP-04,SYNTHETIC EXPERIMENT,1737,full,664a150484ed2af3,6a60722a624caf7e,"{""budget"": 1.5, ""policy"": ""B2_uniform""}",1.5,B2_uniform,resource_used,1.5,synthetic,ALL,not_applicable,not_applicable
EXP-04,SYNTHETIC EXPERIMENT,1737,full,664a150484ed2af3,688e253ca56e4aaa,"{""budget"": 1.5, ""policy"": ""B3_random""}",1.5,B3_random,resource_used,1.5000000000000002,synthetic,ALL,not_applicable,not_applicable
EXP-04,SYNTHETIC EXPERIMENT,1737,full,664a150484ed2af3,1c80e6dde801ef5c,"{""budget"": 1.5, ""policy"": ""B4_expected_corrections""}",1.5,B4_expected_corrections,resource_used,1.5,synthetic,ALL,not_applicable,not_applicable
EXP-04,SYNTHETIC EXPERIMENT,1737,full,664a150484ed2af3,e06c7801d484f43d,"{""budget"": 1.5, ""policy"": ""additional_proportional_need""}",1.5,additional_proportional_need,resource_used,1.5,synthetic,ALL,not_applicable,not_applicable
EXP-04,SYNTHETIC EXPERIMENT,1737,full,664a150484ed2af3,28359368daee264f,"{""budget"": 1.5, ""policy"": ""B5_welfare_optimum""}",1.5,B5_welfare_optimum,resource_used,1.4999999999999896,synthetic,ALL,not_applicable,not_applicable
EXP-04,SYNTHETIC EXPERIMENT,1737,full,664a150484ed2af3,152273e66ada895f,"{""budget"": 1.5, ""policy"": ""B6_fairness_aware_minimax""}",1.5,B6_fairness_aware_minimax,resource_used,1.4999999999999958,synthetic,ALL,not_applicable,not_applicable
EXP-04,SYNTHETIC EXPERIMENT,1737,full,664a150484ed2af3,9cb9560133e83337,"{""budget"": 2.0, ""policy"": ""B0_no_appeal_assistance""}",2.0,B0_no_appeal_assistance,resource_used,0.0,synthetic,ALL,not_applicable,not_applicable
EXP-04,SYNTHETIC EXPERIMENT,1737,full,664a150484ed2af3,b73a572b50f3dd6f,"{""budget"": 2.0, ""policy"": ""B2_uniform""}",2.0,B2_uniform,resource_used,2.0,synthetic,ALL,not_applicable,not_applicable
EXP-04,SYNTHETIC EXPERIMENT,1737,full,664a150484ed2af3,a76f3c445f0d9f9b,"{""budget"": 2.0, ""policy"": ""B3_random""}",2.0,B3_random,resource_used,2.0,synthetic,ALL,not_applicable,not_applicable
EXP-04,SYNTHETIC EXPERIMENT,1737,full,664a150484ed2af3,15157116d00ec30a,"{""budget"": 2.0, ""policy"": ""B4_expected_corrections""}",2.0,B4_expected_corrections,resource_used,2.0,synthetic,ALL,not_applicable,not_applicable
EXP-04,SYNTHETIC EXPERIMENT,1737,full,664a150484ed2af3,f1767ae8091cf42b,"{""budget"": 2.0, ""policy"": ""additional_proportional_need""}",2.0,additional_proportional_need,resource_used,2.0,synthetic,ALL,not_applicable,not_applicable
EXP-04,SYNTHETIC EXPERIMENT,1737,full,664a150484ed2af3,7ea1dd5e24dd79e1,"{""budget"": 2.0, ""policy"": ""B5_welfare_optimum""}",2.0,B5_welfare_optimum,resource_used,1.9999999999957927,synthetic,ALL,not_applicable,not_applicable
EXP-04,SYNTHETIC EXPERIMENT,1737,full,664a150484ed2af3,ab2a5f06a9e00fb4,"{""budget"": 2.0, ""policy"": ""B6_fairness_aware_minimax""}",2.0,B6_fairness_aware_minimax,resource_used,2.0000000000000004,synthetic,ALL,not_applicable,not_applicable
EXP-04,SYNTHETIC EXPERIMENT,1737,full,664a150484ed2af3,9708b9816c525a28,"{""budget"": 3.0, ""policy"": ""B0_no_appeal_assistance""}",3.0,B0_no_appeal_assistance,resource_used,0.0,synthetic,ALL,not_applicable,not_applicable
EXP-04,SYNTHETIC EXPERIMENT,1737,full,664a150484ed2af3,bd2174167e9ff725,"{""budget"": 3.0, ""policy"": ""B2_uniform""}",3.0,B2_uniform,resource_used,3.0,synthetic,ALL,not_applicable,not_applicable
EXP-04,SYNTHETIC EXPERIMENT,1737,full,664a150484ed2af3,42cc2cb006b6ba0a,"{""budget"": 3.0, ""policy"": ""B3_random""}",3.0,B3_random,resource_used,3.0000000000000004,synthetic,ALL,not_applicable,not_applicable
EXP-04,SYNTHETIC EXPERIMENT,1737,full,664a150484ed2af3,e44a428ac6fedb50,"{""budget"": 3.0, ""policy"": ""B4_expected_corrections""}",3.0,B4_expected_corrections,resource_used,3.0,synthetic,ALL,not_applicable,not_applicable
EXP-04,SYNTHETIC EXPERIMENT,1737,full,664a150484ed2af3,5ccd7a1985b269aa,"{""budget"": 3.0, ""policy"": ""additional_proportional_need""}",3.0,additional_proportional_need,resource_used,3.0,synthetic,ALL,not_applicable,not_applicable
EXP-04,SYNTHETIC EXPERIMENT,1737,full,664a150484ed2af3,2eb1864771910f3a,"{""budget"": 3.0, ""policy"": ""B5_welfare_optimum""}",3.0,B5_welfare_optimum,resource_used,2.9999999999999716,synthetic,ALL,not_applicable,not_applicable
EXP-04,SYNTHETIC EXPERIMENT,1737,full,664a150484ed2af3,48d6e22388e77375,"{""budget"": 3.0, ""policy"": ""B6_fairness_aware_minimax""}",3.0,B6_fairness_aware_minimax,resource_used,3.0000000000000027,synthetic,ALL,not_applicable,not_applicable
EXP-04,SYNTHETIC EXPERIMENT,1737,full,664a150484ed2af3,dd439a87821bab8e,"{""budget"": 4.0, ""policy"": ""B0_no_appeal_assistance""}",4.0,B0_no_appeal_assistance,resource_used,0.0,synthetic,ALL,not_applicable,not_applicable
EXP-04,SYNTHETIC EXPERIMENT,1737,full,664a150484ed2af3,ba93911f3db936ea,"{""budget"": 4.0, ""policy"": ""B2_uniform""}",4.0,B2_uniform,resource_used,4.0,synthetic,ALL,not_applicable,not_applicable
EXP-04,SYNTHETIC EXPERIMENT,1737,full,664a150484ed2af3,0cf44cbd3e48a0f1,"{""budget"": 4.0, ""policy"": ""B3_random""}",4.0,B3_random,resource_used,4.0,synthetic,ALL,not_applicable,not_applicable
EXP-04,SYNTHETIC EXPERIMENT,1737,full,664a150484ed2af3,0618104ea2824814,"{""budget"": 4.0, ""policy"": ""B4_expected_corrections""}",4.0,B4_expected_corrections,resource_used,4.0,synthetic,ALL,not_applicable,not_applicable
EXP-04,SYNTHETIC EXPERIMENT,1737,full,664a150484ed2af3,d496aa3a4b1d3dc1,"{""budget"": 4.0, ""policy"": ""additional_proportional_need""}",4.0,additional_proportional_need,resource_used,4.0,synthetic,ALL,not_applicable,not_applicable
EXP-04,SYNTHETIC EXPERIMENT,1737,full,664a150484ed2af3,1cd9c75523631fd3,"{""budget"": 4.0, ""policy"": ""B5_welfare_optimum""}",4.0,B5_welfare_optimum,resource_used,3.9088319722427696,synthetic,ALL,not_applicable,not_applicable
EXP-04,SYNTHETIC EXPERIMENT,1737,full,664a150484ed2af3,9b53e3f53ba1f22e,"{""budget"": 4.0, ""policy"": ""B6_fairness_aware_minimax""}",4.0,B6_fairness_aware_minimax,resource_used,3.250000003251588,synthetic,ALL,not_applicable,not_applicable
EXP-04,SYNTHETIC EXPERIMENT,1737,full,664a150484ed2af3,edcb10594ac92d3d,"{""budget"": 4.0, ""policy"": ""B1_universal_capacity""}",4.0,B1_universal_capacity,resource_used,4.0,synthetic,ALL,not_applicable,not_applicable
EXP-04,SYNTHETIC EXPERIMENT,1737,full,664a150484ed2af3,73d6f8014e947ad3,"{""budget"": 0.0, ""policy"": ""B0_no_appeal_assistance""}",0.0,B0_no_appeal_assistance,social_loss,0.325,synthetic,ALL,not_applicable,not_applicable
EXP-04,SYNTHETIC EXPERIMENT,1737,full,664a150484ed2af3,aca846dea2532e7e,"{""budget"": 0.0, ""policy"": ""B2_uniform""}",0.0,B2_uniform,social_loss,0.325,synthetic,ALL,not_applicable,not_applicable
EXP-04,SYNTHETIC EXPERIMENT,1737,full,664a150484ed2af3,6e29a68104e2b4d6,"{""budget"": 0.0, ""policy"": ""B3_random""}",0.0,B3_random,social_loss,0.325,synthetic,ALL,not_applicable,not_applicable
EXP-04,SYNTHETIC EXPERIMENT,1737,full,664a150484ed2af3,f7d7416c21ccbea3,"{""budget"": 0.0, ""policy"": ""B4_expected_corrections""}",0.0,B4_expected_corrections,social_loss,0.325,synthetic,ALL,not_applicable,not_applicable
EXP-04,SYNTHETIC EXPERIMENT,1737,full,664a150484ed2af3,fcef31f7a7ff0ec8,"{""budget"": 0.0, ""policy"": ""additional_proportional_need""}",0.0,additional_proportional_need,social_loss,0.325,synthetic,ALL,not_applicable,not_applicable
EXP-04,SYNTHETIC EXPERIMENT,1737,full,664a150484ed2af3,8af685c39754bc50,"{""budget"": 0.0, ""policy"": ""B5_welfare_optimum""}",0.0,B5_welfare_optimum,social_loss,0.325,synthetic,ALL,not_applicable,not_applicable
EXP-04,SYNTHETIC EXPERIMENT,1737,full,664a150484ed2af3,b98b64a27a69ce9d,"{""budget"": 0.0, ""policy"": ""B6_fairness_aware_minimax""}",0.0,B6_fairness_aware_minimax,social_loss,0.325,synthetic,ALL,not_applicable,not_applicable
EXP-04,SYNTHETIC EXPERIMENT,1737,full,664a150484ed2af3,47f55405ddee6936,"{""budget"": 0.1, ""policy"": ""B0_no_appeal_assistance""}",0.1,B0_no_appeal_assistance,social_loss,0.325,synthetic,ALL,not_applicable,not_applicable
EXP-04,SYNTHETIC EXPERIMENT,1737,full,664a150484ed2af3,505387199cc41cd9,"{""budget"": 0.1, ""policy"": ""B2_uniform""}",0.1,B2_uniform,social_loss,0.3145,synthetic,ALL,not_applicable,not_applicable
EXP-04,SYNTHETIC EXPERIMENT,1737,full,664a150484ed2af3,715409da736e3890,"{""budget"": 0.1, ""policy"": ""B3_random""}",0.1,B3_random,social_loss,0.314048765713107,synthetic,ALL,not_applicable,not_applicable
EXP-04,SYNTHETIC EXPERIMENT,1737,full,664a150484ed2af3,b39d7f3930a2a13a,"{""budget"": 0.1, ""policy"": ""B4_expected_corrections""}",0.1,B4_expected_corrections,social_loss,0.314,synthetic,ALL,not_applicable,not_applicable
EXP-04,SYNTHETIC EXPERIMENT,1737,full,664a150484ed2af3,bbdfdf36465e1dbf,"{""budget"": 0.1, ""policy"": ""additional_proportional_need""}",0.1,additional_proportional_need,social_loss,0.3143846153846154,synthetic,ALL,not_applicable,not_applicable
EXP-04,SYNTHETIC EXPERIMENT,1737,full,664a150484ed2af3,8445721da1bb125c,"{""budget"": 0.1, ""policy"": ""B5_welfare_optimum""}",0.1,B5_welfare_optimum,social_loss,0.314,synthetic,ALL,not_applicable,not_applicable
EXP-04,SYNTHETIC EXPERIMENT,1737,full,664a150484ed2af3,7c24c4924a67aa87,"{""budget"": 0.1, ""policy"": ""B6_fairness_aware_minimax""}",0.1,B6_fairness_aware_minimax,social_loss,0.31400000000000006,synthetic,ALL,not_applicable,not_applicable
EXP-04,SYNTHETIC EXPERIMENT,1737,full,664a150484ed2af3,3fe95d7db7362d2b,"{""budget"": 0.25, ""policy"": ""B0_no_appeal_assistance""}",0.25,B0_no_appeal_assistance,social_loss,0.325,synthetic,ALL,not_applicable,not_applicable
EXP-04,SYNTHETIC EXPERIMENT,1737,full,664a150484ed2af3,ae1eade03f0034ec,"{""budget"": 0.25, ""policy"": ""B2_uniform""}",0.25,B2_uniform,social_loss,0.29875,synthetic,ALL,not_applicable,not_applicable
EXP-04,SYNTHETIC EXPERIMENT,1737,full,664a150484ed2af3,f7a6bf97e850c200,"{""budget"": 0.25, ""policy"": ""B3_random""}",0.25,B3_random,social_loss,0.29762191428276763,synthetic,ALL,not_applicable,not_applicable
EXP-04,SYNTHETIC EXPERIMENT,1737,full,664a150484ed2af3,b7c534bdcb80a119,"{""budget"": 0.25, ""policy"": ""B4_expected_corrections""}",0.25,B4_expected_corrections,social_loss,0.2975,synthetic,ALL,not_applicable,not_applicable
EXP-04,SYNTHETIC EXPERIMENT,1737,full,664a150484ed2af3,f57f6134f7386820,"{""budget"": 0.25, ""policy"": ""additional_proportional_need""}",0.25,additional_proportional_need,social_loss,0.29846153846153844,synthetic,ALL,not_applicable,not_applicable
EXP-04,SYNTHETIC EXPERIMENT,1737,full,664a150484ed2af3,0ac465b1e9e7e73a,"{""budget"": 0.25, ""policy"": ""B5_welfare_optimum""}",0.25,B5_welfare_optimum,social_loss,0.2975000000000001,synthetic,ALL,not_applicable,not_applicable
EXP-04,SYNTHETIC EXPERIMENT,1737,full,664a150484ed2af3,479bc7ea0f932c6a,"{""budget"": 0.25, ""policy"": ""B6_fairness_aware_minimax""}",0.25,B6_fairness_aware_minimax,social_loss,0.2975,synthetic,ALL,not_applicable,not_applicable
EXP-04,SYNTHETIC EXPERIMENT,1737,full,664a150484ed2af3,7a11569bcfb76e6d,"{""budget"": 0.5, ""policy"": ""B0_no_appeal_assistance""}",0.5,B0_no_appeal_assistance,social_loss,0.325,synthetic,ALL,not_applicable,not_applicable
EXP-04,SYNTHETIC EXPERIMENT,1737,full,664a150484ed2af3,3584a6e7ee2d86fc,"{""budget"": 0.5, ""policy"": ""B2_uniform""}",0.5,B2_uniform,social_loss,0.2725,synthetic,ALL,not_applicable,not_applicable
EXP-04,SYNTHETIC EXPERIMENT,1737,full,664a150484ed2af3,269a44bfce5fafd1,"{""budget"": 0.5, ""policy"": ""B3_random""}",0.5,B3_random,social_loss,0.2702438285655352,synthetic,ALL,not_applicable,not_applicable
EXP-04,SYNTHETIC EXPERIMENT,1737,full,664a150484ed2af3,1c89a6ba87de8f89,"{""budget"": 0.5, ""policy"": ""B4_expected_corrections""}",0.5,B4_expected_corrections,social_loss,0.27,synthetic,ALL,not_applicable,not_applicable
EXP-04,SYNTHETIC EXPERIMENT,1737,full,664a150484ed2af3,fa0e081d1408a7a2,"{""budget"": 0.5, ""policy"": ""additional_proportional_need""}",0.5,additional_proportional_need,social_loss,0.27192307692307693,synthetic,ALL,not_applicable,not_applicable
EXP-04,SYNTHETIC EXPERIMENT,1737,full,664a150484ed2af3,b4bdf43e079a663f,"{""budget"": 0.5, ""policy"": ""B5_welfare_optimum""}",0.5,B5_welfare_optimum,social_loss,0.2699999999999998,synthetic,ALL,not_applicable,not_applicable
EXP-04,SYNTHETIC EXPERIMENT,1737,full,664a150484ed2af3,e147f1ad209f4e04,"{""budget"": 0.5, ""policy"": ""B6_fairness_aware_minimax""}",0.5,B6_fairness_aware_minimax,social_loss,0.26999999999999996,synthetic,ALL,not_applicable,not_applicable
EXP-04,SYNTHETIC EXPERIMENT,1737,full,664a150484ed2af3,523a1aff2e43bde4,"{""budget"": 0.75, ""policy"": ""B0_no_appeal_assistance""}",0.75,B0_no_appeal_assistance,social_loss,0.325,synthetic,ALL,not_applicable,not_applicable
EXP-04,SYNTHETIC EXPERIMENT,1737,full,664a150484ed2af3,957abc3e9142f440,"{""budget"": 0.75, ""policy"": ""B2_uniform""}",0.75,B2_uniform,social_loss,0.24625,synthetic,ALL,not_applicable,not_applicable
EXP-04,SYNTHETIC EXPERIMENT,1737,full,664a150484ed2af3,9cc9d6b1e7e1b61c,"{""budget"": 0.75, ""policy"": ""B3_random""}",0.75,B3_random,social_loss,0.24286574284830276,synthetic,ALL,not_applicable,not_applicable
EXP-04,SYNTHETIC EXPERIMENT,1737,full,664a150484ed2af3,379d69ef0fdfedb9,"{""budget"": 0.75, ""policy"": ""B4_expected_corrections""}",0.75,B4_expected_corrections,social_loss,0.2425,synthetic,ALL,not_applicable,not_applicable
EXP-04,SYNTHETIC EXPERIMENT,1737,full,664a150484ed2af3,0e1f54e18c12c4ee,"{""budget"": 0.75, ""policy"": ""additional_proportional_need""}",0.75,additional_proportional_need,social_loss,0.24538461538461542,synthetic,ALL,not_applicable,not_applicable
EXP-04,SYNTHETIC EXPERIMENT,1737,full,664a150484ed2af3,14b3fd827134c5e7,"{""budget"": 0.75, ""policy"": ""B5_welfare_optimum""}",0.75,B5_welfare_optimum,social_loss,0.24250000000000016,synthetic,ALL,not_applicable,not_applicable
EXP-04,SYNTHETIC EXPERIMENT,1737,full,664a150484ed2af3,0b86cca4ef0698c3,"{""budget"": 0.75, ""policy"": ""B6_fairness_aware_minimax""}",0.75,B6_fairness_aware_minimax,social_loss,0.24285714284345883,synthetic,ALL,not_applicable,not_applicable
EXP-04,SYNTHETIC EXPERIMENT,1737,full,664a150484ed2af3,982d810df6647d1a,"{""budget"": 1.0, ""policy"": ""B0_no_appeal_assistance""}",1.0,B0_no_appeal_assistance,social_loss,0.325,synthetic,ALL,not_applicable,not_applicable
EXP-04,SYNTHETIC EXPERIMENT,1737,full,664a150484ed2af3,d38b8ee847d57790,"{""budget"": 1.0, ""policy"": ""B2_uniform""}",1.0,B2_uniform,social_loss,0.21999999999999997,synthetic,ALL,not_applicable,not_applicable
EXP-04,SYNTHETIC EXPERIMENT,1737,full,664a150484ed2af3,61e75fd0c50b109b,"{""budget"": 1.0, ""policy"": ""B3_random""}",1.0,B3_random,social_loss,0.21548765713107035,synthetic,ALL,not_applicable,not_applicable
EXP-04,SYNTHETIC EXPERIMENT,1737,full,664a150484ed2af3,425f16d21ed8d79c,"{""budget"": 1.0, ""policy"": ""B4_expected_corrections""}",1.0,B4_expected_corrections,social_loss,0.215,synthetic,ALL,not_applicable,not_applicable
EXP-04,SYNTHETIC EXPERIMENT,1737,full,664a150484ed2af3,344481b679999c5e,"{""budget"": 1.0, ""policy"": ""additional_proportional_need""}",1.0,additional_proportional_need,social_loss,0.21884615384615386,synthetic,ALL,not_applicable,not_applicable
EXP-04,SYNTHETIC EXPERIMENT,1737,full,664a150484ed2af3,2b5deef2535b201e,"{""budget"": 1.0, ""policy"": ""B5_welfare_optimum""}",1.0,B5_welfare_optimum,social_loss,0.21500000000000008,synthetic,ALL,not_applicable,not_applicable
EXP-04,SYNTHETIC EXPERIMENT,1737,full,664a150484ed2af3,0211985b156e41d1,"{""budget"": 1.0, ""policy"": ""B6_fairness_aware_minimax""}",1.0,B6_fairness_aware_minimax,social_loss,0.21666666666284634,synthetic,ALL,not_applicable,not_applicable
EXP-04,SYNTHETIC EXPERIMENT,1737,full,664a150484ed2af3,1003369d5f322d65,"{""budget"": 1.5, ""policy"": ""B0_no_appeal_assistance""}",1.5,B0_no_appeal_assistance,social_loss,0.325,synthetic,ALL,not_applicable,not_applicable
EXP-04,SYNTHETIC EXPERIMENT,1737,full,664a150484ed2af3,6a60722a624caf7e,"{""budget"": 1.5, ""policy"": ""B2_uniform""}",1.5,B2_uniform,social_loss,0.16749999999999998,synthetic,ALL,not_applicable,not_applicable
EXP-04,SYNTHETIC EXPERIMENT,1737,full,664a150484ed2af3,688e253ca56e4aaa,"{""budget"": 1.5, ""policy"": ""B3_random""}",1.5,B3_random,social_loss,0.1607314856966055,synthetic,ALL,not_applicable,not_applicable
EXP-04,SYNTHETIC EXPERIMENT,1737,full,664a150484ed2af3,1c80e6dde801ef5c,"{""budget"": 1.5, ""policy"": ""B4_expected_corrections""}",1.5,B4_expected_corrections,social_loss,0.15999999999999998,synthetic,ALL,not_applicable,not_applicable
EXP-04,SYNTHETIC EXPERIMENT,1737,full,664a150484ed2af3,e06c7801d484f43d,"{""budget"": 1.5, ""policy"": ""additional_proportional_need""}",1.5,additional_proportional_need,social_loss,0.16576923076923078,synthetic,ALL,not_applicable,not_applicable
EXP-04,SYNTHETIC EXPERIMENT,1737,full,664a150484ed2af3,28359368daee264f,"{""budget"": 1.5, ""policy"": ""B5_welfare_optimum""}",1.5,B5_welfare_optimum,social_loss,0.16000000000000117,synthetic,ALL,not_applicable,not_applicable
EXP-04,SYNTHETIC EXPERIMENT,1737,full,664a150484ed2af3,152273e66ada895f,"{""budget"": 1.5, ""policy"": ""B6_fairness_aware_minimax""}",1.5,B6_fairness_aware_minimax,social_loss,0.16428571428866767,synthetic,ALL,not_applicable,not_applicable
EXP-04,SYNTHETIC EXPERIMENT,1737,full,664a150484ed2af3,9cb9560133e83337,"{""budget"": 2.0, ""policy"": ""B0_no_appeal_assistance""}",2.0,B0_no_appeal_assistance,social_loss,0.325,synthetic,ALL,not_applicable,not_applicable
EXP-04,SYNTHETIC EXPERIMENT,1737,full,664a150484ed2af3,b73a572b50f3dd6f,"{""budget"": 2.0, ""policy"": ""B2_uniform""}",2.0,B2_uniform,social_loss,0.11499999999999999,synthetic,ALL,not_applicable,not_applicable
EXP-04,SYNTHETIC EXPERIMENT,1737,full,664a150484ed2af3,a76f3c445f0d9f9b,"{""budget"": 2.0, ""policy"": ""B3_random""}",2.0,B3_random,social_loss,0.11524685737859283,synthetic,ALL,not_applicable,not_applicable
EXP-04,SYNTHETIC EXPERIMENT,1737,full,664a150484ed2af3,15157116d00ec30a,"{""budget"": 2.0, ""policy"": ""B4_expected_corrections""}",2.0,B4_expected_corrections,social_loss,0.125,synthetic,ALL,not_applicable,not_applicable
EXP-04,SYNTHETIC EXPERIMENT,1737,full,664a150484ed2af3,f1767ae8091cf42b,"{""budget"": 2.0, ""policy"": ""additional_proportional_need""}",2.0,additional_proportional_need,social_loss,0.11269230769230769,synthetic,ALL,not_applicable,not_applicable
EXP-04,SYNTHETIC EXPERIMENT,1737,full,664a150484ed2af3,7ea1dd5e24dd79e1,"{""budget"": 2.0, ""policy"": ""B5_welfare_optimum""}",2.0,B5_welfare_optimum,social_loss,0.10681885967148654,synthetic,ALL,not_applicable,not_applicable
EXP-04,SYNTHETIC EXPERIMENT,1737,full,664a150484ed2af3,ab2a5f06a9e00fb4,"{""budget"": 2.0, ""policy"": ""B6_fairness_aware_minimax""}",2.0,B6_fairness_aware_minimax,social_loss,0.11190476191758196,synthetic,ALL,not_applicable,not_applicable
EXP-04,SYNTHETIC EXPERIMENT,1737,full,664a150484ed2af3,9708b9816c525a28,"{""budget"": 3.0, ""policy"": ""B0_no_appeal_assistance""}",3.0,B0_no_appeal_assistance,social_loss,0.325,synthetic,ALL,not_applicable,not_applicable
EXP-04,SYNTHETIC EXPERIMENT,1737,full,664a150484ed2af3,bd2174167e9ff725,"{""budget"": 3.0, ""policy"": ""B2_uniform""}",3.0,B2_uniform,social_loss,0.03499999999999999,synthetic,ALL,not_applicable,not_applicable
EXP-04,SYNTHETIC EXPERIMENT,1737,full,664a150484ed2af3,42cc2cb006b6ba0a,"{""budget"": 3.0, ""policy"": ""B3_random""}",3.0,B3_random,social_loss,0.11037028606788925,synthetic,ALL,not_applicable,not_applicable
EXP-04,SYNTHETIC EXPERIMENT,1737,full,664a150484ed2af3,e44a428ac6fedb50,"{""budget"": 3.0, ""policy"": ""B4_expected_corrections""}",3.0,B4_expected_corrections,social_loss,0.125,synthetic,ALL,not_applicable,not_applicable
EXP-04,SYNTHETIC EXPERIMENT,1737,full,664a150484ed2af3,5ccd7a1985b269aa,"{""budget"": 3.0, ""policy"": ""additional_proportional_need""}",3.0,additional_proportional_need,social_loss,0.009615384615384623,synthetic,ALL,not_applicable,not_applicable
EXP-04,SYNTHETIC EXPERIMENT,1737,full,664a150484ed2af3,2eb1864771910f3a,"{""budget"": 3.0, ""policy"": ""B5_welfare_optimum""}",3.0,B5_welfare_optimum,social_loss,0.006819078804856033,synthetic,ALL,not_applicable,not_applicable
EXP-04,SYNTHETIC EXPERIMENT,1737,full,664a150484ed2af3,48d6e22388e77375,"{""budget"": 3.0, ""policy"": ""B6_fairness_aware_minimax""}",3.0,B6_fairness_aware_minimax,social_loss,0.007142857143400077,synthetic,ALL,not_applicable,not_applicable
EXP-04,SYNTHETIC EXPERIMENT,1737,full,664a150484ed2af3,dd439a87821bab8e,"{""budget"": 4.0, ""policy"": ""B0_no_appeal_assistance""}",4.0,B0_no_appeal_assistance,social_loss,0.325,synthetic,ALL,not_applicable,not_applicable
EXP-04,SYNTHETIC EXPERIMENT,1737,full,664a150484ed2af3,ba93911f3db936ea,"{""budget"": 4.0, ""policy"": ""B2_uniform""}",4.0,B2_uniform,social_loss,0.0,synthetic,ALL,not_applicable,not_applicable
EXP-04,SYNTHETIC EXPERIMENT,1737,full,664a150484ed2af3,0cf44cbd3e48a0f1,"{""budget"": 4.0, ""policy"": ""B3_random""}",4.0,B3_random,social_loss,0.10549371475718566,synthetic,ALL,not_applicable,not_applicable
EXP-04,SYNTHETIC EXPERIMENT,1737,full,664a150484ed2af3,0618104ea2824814,"{""budget"": 4.0, ""policy"": ""B4_expected_corrections""}",4.0,B4_expected_corrections,social_loss,0.125,synthetic,ALL,not_applicable,not_applicable
EXP-04,SYNTHETIC EXPERIMENT,1737,full,664a150484ed2af3,d496aa3a4b1d3dc1,"{""budget"": 4.0, ""policy"": ""additional_proportional_need""}",4.0,additional_proportional_need,social_loss,0.0,synthetic,ALL,not_applicable,not_applicable
EXP-04,SYNTHETIC EXPERIMENT,1737,full,664a150484ed2af3,1cd9c75523631fd3,"{""budget"": 4.0, ""policy"": ""B5_welfare_optimum""}",4.0,B5_welfare_optimum,social_loss,0.0,synthetic,ALL,not_applicable,not_applicable
EXP-04,SYNTHETIC EXPERIMENT,1737,full,664a150484ed2af3,9b53e3f53ba1f22e,"{""budget"": 4.0, ""policy"": ""B6_fairness_aware_minimax""}",4.0,B6_fairness_aware_minimax,social_loss,0.0,synthetic,ALL,not_applicable,not_applicable
EXP-04,SYNTHETIC EXPERIMENT,1737,full,664a150484ed2af3,edcb10594ac92d3d,"{""budget"": 4.0, ""policy"": ""B1_universal_capacity""}",4.0,B1_universal_capacity,social_loss,0.0,synthetic,ALL,not_applicable,not_applicable
