experiment_id,experiment_type,dataset,group,model,method,decision_stage,contestation_scenario,parameter_key,parameter_json,metric,count,mean,std,standard_error,ci95_lower,ci95_upper
REALDATA,SEMISYNTHETIC REAL-DATA EXPERIMENT,adult,ALL,gradient_boosting,group_threshold_calibrated,post,equal_access,8b1b8b56ce23dea1,"{""alpha_negative"": {""Female"": 0.25, ""Male"": 0.25}, ""alpha_positive"": {""Female"": 0.5, ""Male"": 0.5}, ""contestation_scenario"": ""equal_access"", ""rho_negative"": {""Female"": 0.05, ""Male"": 0.05}, ""rho_positive"": {""Female"": 0.8, ""Male"": 0.8}}",demographic_parity_gap,20,0.17596074734275552,0.00959009206980499,0.0021444097778565616,0.17175770417815667,0.18016379050735437
REALDATA,SEMISYNTHETIC REAL-DATA EXPERIMENT,adult,ALL,gradient_boosting,group_threshold_calibrated,post,equal_access,8b1b8b56ce23dea1,"{""alpha_negative"": {""Female"": 0.25, ""Male"": 0.25}, ""alpha_positive"": {""Female"": 0.5, ""Male"": 0.5}, ""contestation_scenario"": ""equal_access"", ""rho_negative"": {""Female"": 0.05, ""Male"": 0.05}, ""rho_positive"": {""Female"": 0.8, ""Male"": 0.8}}",equal_opportunity_gap,20,0.023527485420083795,0.0160130601653087,0.003580629105742427,0.016509452372828637,0.030545518467338953
REALDATA,SEMISYNTHETIC REAL-DATA EXPERIMENT,adult,ALL,gradient_boosting,group_threshold_calibrated,post,equal_access,8b1b8b56ce23dea1,"{""alpha_negative"": {""Female"": 0.25, ""Male"": 0.25}, ""alpha_positive"": {""Female"": 0.5, ""Male"": 0.5}, ""contestation_scenario"": ""equal_access"", ""rho_negative"": {""Female"": 0.05, ""Male"": 0.05}, ""rho_positive"": {""Female"": 0.8, ""Male"": 0.8}}",equalized_odds_gap,20,0.04574417929190324,0.007557385862515162,0.0016898828520779782,0.0424320089018304,0.04905634968197608
REALDATA,SEMISYNTHETIC REAL-DATA EXPERIMENT,adult,ALL,gradient_boosting,group_threshold_calibrated,post,equal_access,8b1b8b56ce23dea1,"{""alpha_negative"": {""Female"": 0.25, ""Male"": 0.25}, ""alpha_positive"": {""Female"": 0.5, ""Male"": 0.5}, ""contestation_scenario"": ""equal_access"", ""rho_negative"": {""Female"": 0.05, ""Male"": 0.05}, ""rho_positive"": {""Female"": 0.8, ""Male"": 0.8}}",fpr_gap,20,0.043511358186411,0.009603332842390632,0.0021473705046141725,0.03930251199736722,0.047720204375454774
REALDATA,SEMISYNTHETIC REAL-DATA EXPERIMENT,adult,ALL,gradient_boosting,group_threshold_calibrated,post,moderate_first_group,58a445a909825bd5,"{""alpha_negative"": {""Female"": 0.25, ""Male"": 0.25}, ""alpha_positive"": {""Female"": 0.65, ""Male"": 0.35}, ""contestation_scenario"": ""moderate_first_group"", ""rho_negative"": {""Female"": 0.05, ""Male"": 0.05}, ""rho_positive"": {""Female"": 0.8, ""Male"": 0.8}}",demographic_parity_gap,20,0.15914188533980245,0.012592564022375768,0.00281578291650504,0.15362295082345256,0.16466081985615233
REALDATA,SEMISYNTHETIC REAL-DATA EXPERIMENT,adult,ALL,gradient_boosting,group_threshold_calibrated,post,moderate_first_group,58a445a909825bd5,"{""alpha_negative"": {""Female"": 0.25, ""Male"": 0.25}, ""alpha_positive"": {""Female"": 0.65, ""Male"": 0.35}, ""contestation_scenario"": ""moderate_first_group"", ""rho_negative"": {""Female"": 0.05, ""Male"": 0.05}, ""rho_positive"": {""Female"": 0.8, ""Male"": 0.8}}",equal_opportunity_gap,20,0.07714740523054489,0.03357416833251603,0.00750741226795266,0.06243287718535768,0.09186193327573211
REALDATA,SEMISYNTHETIC REAL-DATA EXPERIMENT,adult,ALL,gradient_boosting,group_threshold_calibrated,post,moderate_first_group,58a445a909825bd5,"{""alpha_negative"": {""Female"": 0.25, ""Male"": 0.25}, ""alpha_positive"": {""Female"": 0.65, ""Male"": 0.35}, ""contestation_scenario"": ""moderate_first_group"", ""rho_negative"": {""Female"": 0.05, ""Male"": 0.05}, ""rho_positive"": {""Female"": 0.8, ""Male"": 0.8}}",equalized_odds_gap,20,0.0810982499223357,0.027395602643674636,0.006125842979582943,0.06909159768235314,0.09310490216231827
REALDATA,SEMISYNTHETIC REAL-DATA EXPERIMENT,adult,ALL,gradient_boosting,group_threshold_calibrated,post,moderate_first_group,58a445a909825bd5,"{""alpha_negative"": {""Female"": 0.25, ""Male"": 0.25}, ""alpha_positive"": {""Female"": 0.65, ""Male"": 0.35}, ""contestation_scenario"": ""moderate_first_group"", ""rho_negative"": {""Female"": 0.05, ""Male"": 0.05}, ""rho_positive"": {""Female"": 0.8, ""Male"": 0.8}}",fpr_gap,20,0.0437973238705289,0.0102138779037191,0.002283892530659896,0.0393208945104355,0.048273753230622295
REALDATA,SEMISYNTHETIC REAL-DATA EXPERIMENT,adult,ALL,gradient_boosting,group_threshold_calibrated,post,moderate_second_group,f2d18f38dbf44f65,"{""alpha_negative"": {""Female"": 0.25, ""Male"": 0.25}, ""alpha_positive"": {""Female"": 0.35, ""Male"": 0.65}, ""contestation_scenario"": ""moderate_second_group"", ""rho_negative"": {""Female"": 0.05, ""Male"": 0.05}, ""rho_positive"": {""Female"": 0.8, ""Male"": 0.8}}",demographic_parity_gap,20,0.1930621795905283,0.011700954038735273,0.0026164128632212777,0.1879340103786146,0.198190348802442
REALDATA,SEMISYNTHETIC REAL-DATA EXPERIMENT,adult,ALL,gradient_boosting,group_threshold_calibrated,post,moderate_second_group,f2d18f38dbf44f65,"{""alpha_negative"": {""Female"": 0.25, ""Male"": 0.25}, ""alpha_positive"": {""Female"": 0.35, ""Male"": 0.65}, ""contestation_scenario"": ""moderate_second_group"", ""rho_negative"": {""Female"": 0.05, ""Male"": 0.05}, ""rho_positive"": {""Female"": 0.8, ""Male"": 0.8}}",equal_opportunity_gap,20,0.08660612584290137,0.03318985886216039,0.007421478057941445,0.07206002884933613,0.1011522228364666
REALDATA,SEMISYNTHETIC REAL-DATA EXPERIMENT,adult,ALL,gradient_boosting,group_threshold_calibrated,post,moderate_second_group,f2d18f38dbf44f65,"{""alpha_negative"": {""Female"": 0.25, ""Male"": 0.25}, ""alpha_positive"": {""Female"": 0.35, ""Male"": 0.65}, ""contestation_scenario"": ""moderate_second_group"", ""rho_negative"": {""Female"": 0.05, ""Male"": 0.05}, ""rho_positive"": {""Female"": 0.8, ""Male"": 0.8}}",equalized_odds_gap,20,0.08699689724425874,0.03217378409330128,0.0071942768326023095,0.07289611465235822,0.10109767983615926
REALDATA,SEMISYNTHETIC REAL-DATA EXPERIMENT,adult,ALL,gradient_boosting,group_threshold_calibrated,post,moderate_second_group,f2d18f38dbf44f65,"{""alpha_negative"": {""Female"": 0.25, ""Male"": 0.25}, ""alpha_positive"": {""Female"": 0.35, ""Male"": 0.65}, ""contestation_scenario"": ""moderate_second_group"", ""rho_negative"": {""Female"": 0.05, ""Male"": 0.05}, ""rho_positive"": {""Female"": 0.8, ""Male"": 0.8}}",fpr_gap,20,0.04324572385802434,0.010400933209432025,0.0023257193685725062,0.03868731389562223,0.04780413382042645
REALDATA,SEMISYNTHETIC REAL-DATA EXPERIMENT,adult,ALL,gradient_boosting,group_threshold_calibrated,post,strong_first_group,80db5b8b411cb1ee,"{""alpha_negative"": {""Female"": 0.25, ""Male"": 0.25}, ""alpha_positive"": {""Female"": 0.75, ""Male"": 0.25}, ""contestation_scenario"": ""strong_first_group"", ""rho_negative"": {""Female"": 0.05, ""Male"": 0.05}, ""rho_positive"": {""Female"": 0.8, ""Male"": 0.8}}",demographic_parity_gap,20,0.14718131624199135,0.012094013117572867,0.0027043035451667086,0.1418808812934646,0.1524817511905181
REALDATA,SEMISYNTHETIC REAL-DATA EXPERIMENT,adult,ALL,gradient_boosting,group_threshold_calibrated,post,strong_first_group,80db5b8b411cb1ee,"{""alpha_negative"": {""Female"": 0.25, ""Male"": 0.25}, ""alpha_positive"": {""Female"": 0.75, ""Male"": 0.25}, ""contestation_scenario"": ""strong_first_group"", ""rho_negative"": {""Female"": 0.05, ""Male"": 0.05}, ""rho_positive"": {""Female"": 0.8, ""Male"": 0.8}}",equal_opportunity_gap,20,0.13516436577364677,0.02892318206713471,0.0064674201227716095,0.12248822233301442,0.14784050921427913
REALDATA,SEMISYNTHETIC REAL-DATA EXPERIMENT,adult,ALL,gradient_boosting,group_threshold_calibrated,post,strong_first_group,80db5b8b411cb1ee,"{""alpha_negative"": {""Female"": 0.25, ""Male"": 0.25}, ""alpha_positive"": {""Female"": 0.75, ""Male"": 0.25}, ""contestation_scenario"": ""strong_first_group"", ""rho_negative"": {""Female"": 0.05, ""Male"": 0.05}, ""rho_positive"": {""Female"": 0.8, ""Male"": 0.8}}",equalized_odds_gap,20,0.13516436577364677,0.02892318206713471,0.0064674201227716095,0.12248822233301442,0.14784050921427913
REALDATA,SEMISYNTHETIC REAL-DATA EXPERIMENT,adult,ALL,gradient_boosting,group_threshold_calibrated,post,strong_first_group,80db5b8b411cb1ee,"{""alpha_negative"": {""Female"": 0.25, ""Male"": 0.25}, ""alpha_positive"": {""Female"": 0.75, ""Male"": 0.25}, ""contestation_scenario"": ""strong_first_group"", ""rho_negative"": {""Female"": 0.05, ""Male"": 0.05}, ""rho_positive"": {""Female"": 0.8, ""Male"": 0.8}}",fpr_gap,20,0.043906308019467426,0.010010625159873845,0.0022384438354747615,0.039518958101936896,0.048293657936997955
REALDATA,SEMISYNTHETIC REAL-DATA EXPERIMENT,adult,ALL,gradient_boosting,group_threshold_calibrated,post,strong_second_group,1a6f52e99e976851,"{""alpha_negative"": {""Female"": 0.25, ""Male"": 0.25}, ""alpha_positive"": {""Female"": 0.25, ""Male"": 0.75}, ""contestation_scenario"": ""strong_second_group"", ""rho_negative"": {""Female"": 0.05, ""Male"": 0.05}, ""rho_positive"": {""Female"": 0.8, ""Male"": 0.8}}",demographic_parity_gap,20,0.20361276025771283,0.010857502629207975,0.0024278113944791726,0.19885424992453365,0.208371270590892
REALDATA,SEMISYNTHETIC REAL-DATA EXPERIMENT,adult,ALL,gradient_boosting,group_threshold_calibrated,post,strong_second_group,1a6f52e99e976851,"{""alpha_negative"": {""Female"": 0.25, ""Male"": 0.25}, ""alpha_positive"": {""Female"": 0.25, ""Male"": 0.75}, ""contestation_scenario"": ""strong_second_group"", ""rho_negative"": {""Female"": 0.05, ""Male"": 0.05}, ""rho_positive"": {""Female"": 0.8, ""Male"": 0.8}}",equal_opportunity_gap,20,0.13749345042828498,0.029025072043528836,0.006490203414115921,0.12477265173661778,0.15021424911995218
REALDATA,SEMISYNTHETIC REAL-DATA EXPERIMENT,adult,ALL,gradient_boosting,group_threshold_calibrated,post,strong_second_group,1a6f52e99e976851,"{""alpha_negative"": {""Female"": 0.25, ""Male"": 0.25}, ""alpha_positive"": {""Female"": 0.25, ""Male"": 0.75}, ""contestation_scenario"": ""strong_second_group"", ""rho_negative"": {""Female"": 0.05, ""Male"": 0.05}, ""rho_positive"": {""Female"": 0.8, ""Male"": 0.8}}",equalized_odds_gap,20,0.13749345042828498,0.029025072043528836,0.006490203414115921,0.12477265173661778,0.15021424911995218
REALDATA,SEMISYNTHETIC REAL-DATA EXPERIMENT,adult,ALL,gradient_boosting,group_threshold_calibrated,post,strong_second_group,1a6f52e99e976851,"{""alpha_negative"": {""Female"": 0.25, ""Male"": 0.25}, ""alpha_positive"": {""Female"": 0.25, ""Male"": 0.75}, ""contestation_scenario"": ""strong_second_group"", ""rho_negative"": {""Female"": 0.05, ""Male"": 0.05}, ""rho_positive"": {""Female"": 0.8, ""Male"": 0.8}}",fpr_gap,20,0.043247389862609856,0.010220723086242943,0.0022854231600040664,0.03876796046900188,0.04772681925621783
REALDATA,SEMISYNTHETIC REAL-DATA EXPERIMENT,adult,ALL,gradient_boosting,group_threshold_calibrated,pre,equal_access,8b1b8b56ce23dea1,"{""alpha_negative"": {""Female"": 0.25, ""Male"": 0.25}, ""alpha_positive"": {""Female"": 0.5, ""Male"": 0.5}, ""contestation_scenario"": ""equal_access"", ""rho_negative"": {""Female"": 0.05, ""Male"": 0.05}, ""rho_positive"": {""Female"": 0.8, ""Male"": 0.8}}",demographic_parity_gap,20,0.15203582203306085,0.013450756084672801,0.0030076804954097297,0.14614076826205777,0.15793087580406392
REALDATA,SEMISYNTHETIC REAL-DATA EXPERIMENT,adult,ALL,gradient_boosting,group_threshold_calibrated,pre,equal_access,8b1b8b56ce23dea1,"{""alpha_negative"": {""Female"": 0.25, ""Male"": 0.25}, ""alpha_positive"": {""Female"": 0.5, ""Male"": 0.5}, ""contestation_scenario"": ""equal_access"", ""rho_negative"": {""Female"": 0.05, ""Male"": 0.05}, ""rho_positive"": {""Female"": 0.8, ""Male"": 0.8}}",equal_opportunity_gap,20,0.033448520366320324,0.02735396838495039,0.006116533276312921,0.021460115144747,0.045436925587893646
REALDATA,SEMISYNTHETIC REAL-DATA EXPERIMENT,adult,ALL,gradient_boosting,group_threshold_calibrated,pre,equal_access,8b1b8b56ce23dea1,"{""alpha_negative"": {""Female"": 0.25, ""Male"": 0.25}, ""alpha_positive"": {""Female"": 0.5, ""Male"": 0.5}, ""contestation_scenario"": ""equal_access"", ""rho_negative"": {""Female"": 0.05, ""Male"": 0.05}, ""rho_positive"": {""Female"": 0.8, ""Male"": 0.8}}",equalized_odds_gap,20,0.053190673034641554,0.015674859934861073,0.0035050052352137285,0.04632086277362265,0.06006048329566046
REALDATA,SEMISYNTHETIC REAL-DATA EXPERIMENT,adult,ALL,gradient_boosting,group_threshold_calibrated,pre,equal_access,8b1b8b56ce23dea1,"{""alpha_negative"": {""Female"": 0.25, ""Male"": 0.25}, ""alpha_positive"": {""Female"": 0.5, ""Male"": 0.5}, ""contestation_scenario"": ""equal_access"", ""rho_negative"": {""Female"": 0.05, ""Male"": 0.05}, ""rho_positive"": {""Female"": 0.8, ""Male"": 0.8}}",fpr_gap,20,0.044774040979900384,0.00971778538343463,0.002172962870811369,0.0405150337531101,0.04903304820669067
REALDATA,SEMISYNTHETIC REAL-DATA EXPERIMENT,adult,ALL,gradient_boosting,group_threshold_calibrated,pre,moderate_first_group,58a445a909825bd5,"{""alpha_negative"": {""Female"": 0.25, ""Male"": 0.25}, ""alpha_positive"": {""Female"": 0.65, ""Male"": 0.35}, ""contestation_scenario"": ""moderate_first_group"", ""rho_negative"": {""Female"": 0.05, ""Male"": 0.05}, ""rho_positive"": {""Female"": 0.8, ""Male"": 0.8}}",demographic_parity_gap,20,0.15203582203306085,0.013450756084672801,0.0030076804954097297,0.14614076826205777,0.15793087580406392
REALDATA,SEMISYNTHETIC REAL-DATA EXPERIMENT,adult,ALL,gradient_boosting,group_threshold_calibrated,pre,moderate_first_group,58a445a909825bd5,"{""alpha_negative"": {""Female"": 0.25, ""Male"": 0.25}, ""alpha_positive"": {""Female"": 0.65, ""Male"": 0.35}, ""contestation_scenario"": ""moderate_first_group"", ""rho_negative"": {""Female"": 0.05, ""Male"": 0.05}, ""rho_positive"": {""Female"": 0.8, ""Male"": 0.8}}",equal_opportunity_gap,20,0.033448520366320324,0.02735396838495039,0.006116533276312921,0.021460115144747,0.045436925587893646
REALDATA,SEMISYNTHETIC REAL-DATA EXPERIMENT,adult,ALL,gradient_boosting,group_threshold_calibrated,pre,moderate_first_group,58a445a909825bd5,"{""alpha_negative"": {""Female"": 0.25, ""Male"": 0.25}, ""alpha_positive"": {""Female"": 0.65, ""Male"": 0.35}, ""contestation_scenario"": ""moderate_first_group"", ""rho_negative"": {""Female"": 0.05, ""Male"": 0.05}, ""rho_positive"": {""Female"": 0.8, ""Male"": 0.8}}",equalized_odds_gap,20,0.053190673034641554,0.015674859934861073,0.0035050052352137285,0.04632086277362265,0.06006048329566046
REALDATA,SEMISYNTHETIC REAL-DATA EXPERIMENT,adult,ALL,gradient_boosting,group_threshold_calibrated,pre,moderate_first_group,58a445a909825bd5,"{""alpha_negative"": {""Female"": 0.25, ""Male"": 0.25}, ""alpha_positive"": {""Female"": 0.65, ""Male"": 0.35}, ""contestation_scenario"": ""moderate_first_group"", ""rho_negative"": {""Female"": 0.05, ""Male"": 0.05}, ""rho_positive"": {""Female"": 0.8, ""Male"": 0.8}}",fpr_gap,20,0.044774040979900384,0.00971778538343463,0.002172962870811369,0.0405150337531101,0.04903304820669067
REALDATA,SEMISYNTHETIC REAL-DATA EXPERIMENT,adult,ALL,gradient_boosting,group_threshold_calibrated,pre,moderate_second_group,f2d18f38dbf44f65,"{""alpha_negative"": {""Female"": 0.25, ""Male"": 0.25}, ""alpha_positive"": {""Female"": 0.35, ""Male"": 0.65}, ""contestation_scenario"": ""moderate_second_group"", ""rho_negative"": {""Female"": 0.05, ""Male"": 0.05}, ""rho_positive"": {""Female"": 0.8, ""Male"": 0.8}}",demographic_parity_gap,20,0.15203582203306085,0.013450756084672801,0.0030076804954097297,0.14614076826205777,0.15793087580406392
REALDATA,SEMISYNTHETIC REAL-DATA EXPERIMENT,adult,ALL,gradient_boosting,group_threshold_calibrated,pre,moderate_second_group,f2d18f38dbf44f65,"{""alpha_negative"": {""Female"": 0.25, ""Male"": 0.25}, ""alpha_positive"": {""Female"": 0.35, ""Male"": 0.65}, ""contestation_scenario"": ""moderate_second_group"", ""rho_negative"": {""Female"": 0.05, ""Male"": 0.05}, ""rho_positive"": {""Female"": 0.8, ""Male"": 0.8}}",equal_opportunity_gap,20,0.033448520366320324,0.02735396838495039,0.006116533276312921,0.021460115144747,0.045436925587893646
REALDATA,SEMISYNTHETIC REAL-DATA EXPERIMENT,adult,ALL,gradient_boosting,group_threshold_calibrated,pre,moderate_second_group,f2d18f38dbf44f65,"{""alpha_negative"": {""Female"": 0.25, ""Male"": 0.25}, ""alpha_positive"": {""Female"": 0.35, ""Male"": 0.65}, ""contestation_scenario"": ""moderate_second_group"", ""rho_negative"": {""Female"": 0.05, ""Male"": 0.05}, ""rho_positive"": {""Female"": 0.8, ""Male"": 0.8}}",equalized_odds_gap,20,0.053190673034641554,0.015674859934861073,0.0035050052352137285,0.04632086277362265,0.06006048329566046
REALDATA,SEMISYNTHETIC REAL-DATA EXPERIMENT,adult,ALL,gradient_boosting,group_threshold_calibrated,pre,moderate_second_group,f2d18f38dbf44f65,"{""alpha_negative"": {""Female"": 0.25, ""Male"": 0.25}, ""alpha_positive"": {""Female"": 0.35, ""Male"": 0.65}, ""contestation_scenario"": ""moderate_second_group"", ""rho_negative"": {""Female"": 0.05, ""Male"": 0.05}, ""rho_positive"": {""Female"": 0.8, ""Male"": 0.8}}",fpr_gap,20,0.044774040979900384,0.00971778538343463,0.002172962870811369,0.0405150337531101,0.04903304820669067
REALDATA,SEMISYNTHETIC REAL-DATA EXPERIMENT,adult,ALL,gradient_boosting,group_threshold_calibrated,pre,strong_first_group,80db5b8b411cb1ee,"{""alpha_negative"": {""Female"": 0.25, ""Male"": 0.25}, ""alpha_positive"": {""Female"": 0.75, ""Male"": 0.25}, ""contestation_scenario"": ""strong_first_group"", ""rho_negative"": {""Female"": 0.05, ""Male"": 0.05}, ""rho_positive"": {""Female"": 0.8, ""Male"": 0.8}}",demographic_parity_gap,20,0.15203582203306085,0.013450756084672801,0.0030076804954097297,0.14614076826205777,0.15793087580406392
REALDATA,SEMISYNTHETIC REAL-DATA EXPERIMENT,adult,ALL,gradient_boosting,group_threshold_calibrated,pre,strong_first_group,80db5b8b411cb1ee,"{""alpha_negative"": {""Female"": 0.25, ""Male"": 0.25}, ""alpha_positive"": {""Female"": 0.75, ""Male"": 0.25}, ""contestation_scenario"": ""strong_first_group"", ""rho_negative"": {""Female"": 0.05, ""Male"": 0.05}, ""rho_positive"": {""Female"": 0.8, ""Male"": 0.8}}",equal_opportunity_gap,20,0.033448520366320324,0.02735396838495039,0.006116533276312921,0.021460115144747,0.045436925587893646
REALDATA,SEMISYNTHETIC REAL-DATA EXPERIMENT,adult,ALL,gradient_boosting,group_threshold_calibrated,pre,strong_first_group,80db5b8b411cb1ee,"{""alpha_negative"": {""Female"": 0.25, ""Male"": 0.25}, ""alpha_positive"": {""Female"": 0.75, ""Male"": 0.25}, ""contestation_scenario"": ""strong_first_group"", ""rho_negative"": {""Female"": 0.05, ""Male"": 0.05}, ""rho_positive"": {""Female"": 0.8, ""Male"": 0.8}}",equalized_odds_gap,20,0.053190673034641554,0.015674859934861073,0.0035050052352137285,0.04632086277362265,0.06006048329566046
REALDATA,SEMISYNTHETIC REAL-DATA EXPERIMENT,adult,ALL,gradient_boosting,group_threshold_calibrated,pre,strong_first_group,80db5b8b411cb1ee,"{""alpha_negative"": {""Female"": 0.25, ""Male"": 0.25}, ""alpha_positive"": {""Female"": 0.75, ""Male"": 0.25}, ""contestation_scenario"": ""strong_first_group"", ""rho_negative"": {""Female"": 0.05, ""Male"": 0.05}, ""rho_positive"": {""Female"": 0.8, ""Male"": 0.8}}",fpr_gap,20,0.044774040979900384,0.00971778538343463,0.002172962870811369,0.0405150337531101,0.04903304820669067
REALDATA,SEMISYNTHETIC REAL-DATA EXPERIMENT,adult,ALL,gradient_boosting,group_threshold_calibrated,pre,strong_second_group,1a6f52e99e976851,"{""alpha_negative"": {""Female"": 0.25, ""Male"": 0.25}, ""alpha_positive"": {""Female"": 0.25, ""Male"": 0.75}, ""contestation_scenario"": ""strong_second_group"", ""rho_negative"": {""Female"": 0.05, ""Male"": 0.05}, ""rho_positive"": {""Female"": 0.8, ""Male"": 0.8}}",demographic_parity_gap,20,0.15203582203306085,0.013450756084672801,0.0030076804954097297,0.14614076826205777,0.15793087580406392
REALDATA,SEMISYNTHETIC REAL-DATA EXPERIMENT,adult,ALL,gradient_boosting,group_threshold_calibrated,pre,strong_second_group,1a6f52e99e976851,"{""alpha_negative"": {""Female"": 0.25, ""Male"": 0.25}, ""alpha_positive"": {""Female"": 0.25, ""Male"": 0.75}, ""contestation_scenario"": ""strong_second_group"", ""rho_negative"": {""Female"": 0.05, ""Male"": 0.05}, ""rho_positive"": {""Female"": 0.8, ""Male"": 0.8}}",equal_opportunity_gap,20,0.033448520366320324,0.02735396838495039,0.006116533276312921,0.021460115144747,0.045436925587893646
REALDATA,SEMISYNTHETIC REAL-DATA EXPERIMENT,adult,ALL,gradient_boosting,group_threshold_calibrated,pre,strong_second_group,1a6f52e99e976851,"{""alpha_negative"": {""Female"": 0.25, ""Male"": 0.25}, ""alpha_positive"": {""Female"": 0.25, ""Male"": 0.75}, ""contestation_scenario"": ""strong_second_group"", ""rho_negative"": {""Female"": 0.05, ""Male"": 0.05}, ""rho_positive"": {""Female"": 0.8, ""Male"": 0.8}}",equalized_odds_gap,20,0.053190673034641554,0.015674859934861073,0.0035050052352137285,0.04632086277362265,0.06006048329566046
REALDATA,SEMISYNTHETIC REAL-DATA EXPERIMENT,adult,ALL,gradient_boosting,group_threshold_calibrated,pre,strong_second_group,1a6f52e99e976851,"{""alpha_negative"": {""Female"": 0.25, ""Male"": 0.25}, ""alpha_positive"": {""Female"": 0.25, ""Male"": 0.75}, ""contestation_scenario"": ""strong_second_group"", ""rho_negative"": {""Female"": 0.05, ""Male"": 0.05}, ""rho_positive"": {""Female"": 0.8, ""Male"": 0.8}}",fpr_gap,20,0.044774040979900384,0.00971778538343463,0.002172962870811369,0.0405150337531101,0.04903304820669067
REALDATA,SEMISYNTHETIC REAL-DATA EXPERIMENT,adult,ALL,logistic,group_threshold_calibrated,post,equal_access,8b1b8b56ce23dea1,"{""alpha_negative"": {""Female"": 0.25, ""Male"": 0.25}, ""alpha_positive"": {""Female"": 0.5, ""Male"": 0.5}, ""contestation_scenario"": ""equal_access"", ""rho_negative"": {""Female"": 0.05, ""Male"": 0.05}, ""rho_positive"": {""Female"": 0.8, ""Male"": 0.8}}",demographic_parity_gap,20,0.17439159610546612,0.011796503822020504,0.0026377784442873924,0.16922155035466283,0.1795616418562694
REALDATA,SEMISYNTHETIC REAL-DATA EXPERIMENT,adult,ALL,logistic,group_threshold_calibrated,post,equal_access,8b1b8b56ce23dea1,"{""alpha_negative"": {""Female"": 0.25, ""Male"": 0.25}, ""alpha_positive"": {""Female"": 0.5, ""Male"": 0.5}, ""contestation_scenario"": ""equal_access"", ""rho_negative"": {""Female"": 0.05, ""Male"": 0.05}, ""rho_positive"": {""Female"": 0.8, ""Male"": 0.8}}",equal_opportunity_gap,20,0.028843601922726392,0.02148873753509063,0.004805027787911391,0.019425747458420066,0.03826145638703272
REALDATA,SEMISYNTHETIC REAL-DATA EXPERIMENT,adult,ALL,logistic,group_threshold_calibrated,post,equal_access,8b1b8b56ce23dea1,"{""alpha_negative"": {""Female"": 0.25, ""Male"": 0.25}, ""alpha_positive"": {""Female"": 0.5, ""Male"": 0.5}, ""contestation_scenario"": ""equal_access"", ""rho_negative"": {""Female"": 0.05, ""Male"": 0.05}, ""rho_positive"": {""Female"": 0.8, ""Male"": 0.8}}",equalized_odds_gap,20,0.05496711940683757,0.009066378052246044,0.002027303763453429,0.05099360403046885,0.0589406347832063
REALDATA,SEMISYNTHETIC REAL-DATA EXPERIMENT,adult,ALL,logistic,group_threshold_calibrated,post,equal_access,8b1b8b56ce23dea1,"{""alpha_negative"": {""Female"": 0.25, ""Male"": 0.25}, ""alpha_positive"": {""Female"": 0.5, ""Male"": 0.5}, ""contestation_scenario"": ""equal_access"", ""rho_negative"": {""Female"": 0.05, ""Male"": 0.05}, ""rho_positive"": {""Female"": 0.8, ""Male"": 0.8}}",fpr_gap,20,0.05274731780886462,0.009759444779714127,0.002182278195009625,0.048470052546645756,0.05702458307108349
REALDATA,SEMISYNTHETIC REAL-DATA EXPERIMENT,adult,ALL,logistic,group_threshold_calibrated,post,moderate_first_group,58a445a909825bd5,"{""alpha_negative"": {""Female"": 0.25, ""Male"": 0.25}, ""alpha_positive"": {""Female"": 0.65, ""Male"": 0.35}, ""contestation_scenario"": ""moderate_first_group"", ""rho_negative"": {""Female"": 0.05, ""Male"": 0.05}, ""rho_positive"": {""Female"": 0.8, ""Male"": 0.8}}",demographic_parity_gap,20,0.1544405780053303,0.012544683810843974,0.002805076575728824,0.1489426279169018,0.15993852809375877
REALDATA,SEMISYNTHETIC REAL-DATA EXPERIMENT,adult,ALL,logistic,group_threshold_calibrated,post,moderate_first_group,58a445a909825bd5,"{""alpha_negative"": {""Female"": 0.25, ""Male"": 0.25}, ""alpha_positive"": {""Female"": 0.65, ""Male"": 0.35}, ""contestation_scenario"": ""moderate_first_group"", ""rho_negative"": {""Female"": 0.05, ""Male"": 0.05}, ""rho_positive"": {""Female"": 0.8, ""Male"": 0.8}}",equal_opportunity_gap,20,0.09538981342263528,0.03308070507518861,0.007397070529174402,0.08089155518545345,0.10988807165981711
REALDATA,SEMISYNTHETIC REAL-DATA EXPERIMENT,adult,ALL,logistic,group_threshold_calibrated,post,moderate_first_group,58a445a909825bd5,"{""alpha_negative"": {""Female"": 0.25, ""Male"": 0.25}, ""alpha_positive"": {""Female"": 0.65, ""Male"": 0.35}, ""contestation_scenario"": ""moderate_first_group"", ""rho_negative"": {""Female"": 0.05, ""Male"": 0.05}, ""rho_positive"": {""Female"": 0.8, ""Male"": 0.8}}",equalized_odds_gap,20,0.09860700204565068,0.027184883254283396,0.006078724691697337,0.0866927016499239,0.11052130244137745
REALDATA,SEMISYNTHETIC REAL-DATA EXPERIMENT,adult,ALL,logistic,group_threshold_calibrated,post,moderate_first_group,58a445a909825bd5,"{""alpha_negative"": {""Female"": 0.25, ""Male"": 0.25}, ""alpha_positive"": {""Female"": 0.65, ""Male"": 0.35}, ""contestation_scenario"": ""moderate_first_group"", ""rho_negative"": {""Female"": 0.05, ""Male"": 0.05}, ""rho_positive"": {""Female"": 0.8, ""Male"": 0.8}}",fpr_gap,20,0.05287330130436335,0.010364476444460891,0.0023175673881009875,0.048330869223685416,0.05741573338504129
REALDATA,SEMISYNTHETIC REAL-DATA EXPERIMENT,adult,ALL,logistic,group_threshold_calibrated,post,moderate_second_group,f2d18f38dbf44f65,"{""alpha_negative"": {""Female"": 0.25, ""Male"": 0.25}, ""alpha_positive"": {""Female"": 0.35, ""Male"": 0.65}, ""contestation_scenario"": ""moderate_second_group"", ""rho_negative"": {""Female"": 0.05, ""Male"": 0.05}, ""rho_positive"": {""Female"": 0.8, ""Male"": 0.8}}",demographic_parity_gap,20,0.194582105436849,0.012632985437130066,0.002824821419618772,0.18904545545439622,0.2001187554193018
REALDATA,SEMISYNTHETIC REAL-DATA EXPERIMENT,adult,ALL,logistic,group_threshold_calibrated,post,moderate_second_group,f2d18f38dbf44f65,"{""alpha_negative"": {""Female"": 0.25, ""Male"": 0.25}, ""alpha_positive"": {""Female"": 0.35, ""Male"": 0.65}, ""contestation_scenario"": ""moderate_second_group"", ""rho_negative"": {""Female"": 0.05, ""Male"": 0.05}, ""rho_positive"": {""Female"": 0.8, ""Male"": 0.8}}",equal_opportunity_gap,20,0.09803854565336244,0.040361746816501676,0.009025160957233347,0.08034923017718508,0.1157278611295398
REALDATA,SEMISYNTHETIC REAL-DATA EXPERIMENT,adult,ALL,logistic,group_threshold_calibrated,post,moderate_second_group,f2d18f38dbf44f65,"{""alpha_negative"": {""Female"": 0.25, ""Male"": 0.25}, ""alpha_positive"": {""Female"": 0.35, ""Male"": 0.65}, ""contestation_scenario"": ""moderate_second_group"", ""rho_negative"": {""Female"": 0.05, ""Male"": 0.05}, ""rho_positive"": {""Female"": 0.8, ""Male"": 0.8}}",equalized_odds_gap,20,0.09989895394455237,0.03711117904542604,0.008298311907073837,0.08363426260668765,0.11616364528241709
REALDATA,SEMISYNTHETIC REAL-DATA EXPERIMENT,adult,ALL,logistic,group_threshold_calibrated,post,moderate_second_group,f2d18f38dbf44f65,"{""alpha_negative"": {""Female"": 0.25, ""Male"": 0.25}, ""alpha_positive"": {""Female"": 0.35, ""Male"": 0.65}, ""contestation_scenario"": ""moderate_second_group"", ""rho_negative"": {""Female"": 0.05, ""Male"": 0.05}, ""rho_positive"": {""Female"": 0.8, ""Male"": 0.8}}",fpr_gap,20,0.052730989438979595,0.010163450050292873,0.002272616519837852,0.048276661060097405,0.057185317817861785
REALDATA,SEMISYNTHETIC REAL-DATA EXPERIMENT,adult,ALL,logistic,group_threshold_calibrated,post,strong_first_group,80db5b8b411cb1ee,"{""alpha_negative"": {""Female"": 0.25, ""Male"": 0.25}, ""alpha_positive"": {""Female"": 0.75, ""Male"": 0.25}, ""contestation_scenario"": ""strong_first_group"", ""rho_negative"": {""Female"": 0.05, ""Male"": 0.05}, ""rho_positive"": {""Female"": 0.8, ""Male"": 0.8}}",demographic_parity_gap,20,0.14118020374768264,0.01132986404957796,0.0025334346190687366,0.13621467189430791,0.14614573560105737
REALDATA,SEMISYNTHETIC REAL-DATA EXPERIMENT,adult,ALL,logistic,group_threshold_calibrated,post,strong_first_group,80db5b8b411cb1ee,"{""alpha_negative"": {""Female"": 0.25, ""Male"": 0.25}, ""alpha_positive"": {""Female"": 0.75, ""Male"": 0.25}, ""contestation_scenario"": ""strong_first_group"", ""rho_negative"": {""Female"": 0.05, ""Male"": 0.05}, ""rho_positive"": {""Female"": 0.8, ""Male"": 0.8}}",equal_opportunity_gap,20,0.159867072170585,0.02793608191120772,0.00624669781784627,0.1476235444476063,0.17211059989356367
REALDATA,SEMISYNTHETIC REAL-DATA EXPERIMENT,adult,ALL,logistic,group_threshold_calibrated,post,strong_first_group,80db5b8b411cb1ee,"{""alpha_negative"": {""Female"": 0.25, ""Male"": 0.25}, ""alpha_positive"": {""Female"": 0.75, ""Male"": 0.25}, ""contestation_scenario"": ""strong_first_group"", ""rho_negative"": {""Female"": 0.05, ""Male"": 0.05}, ""rho_positive"": {""Female"": 0.8, ""Male"": 0.8}}",equalized_odds_gap,20,0.159867072170585,0.02793608191120772,0.00624669781784627,0.1476235444476063,0.17211059989356367
REALDATA,SEMISYNTHETIC REAL-DATA EXPERIMENT,adult,ALL,logistic,group_threshold_calibrated,post,strong_first_group,80db5b8b411cb1ee,"{""alpha_negative"": {""Female"": 0.25, ""Male"": 0.25}, ""alpha_positive"": {""Female"": 0.75, ""Male"": 0.25}, ""contestation_scenario"": ""strong_first_group"", ""rho_negative"": {""Female"": 0.05, ""Male"": 0.05}, ""rho_positive"": {""Female"": 0.8, ""Male"": 0.8}}",fpr_gap,20,0.0527443174756637,0.00992854487169931,0.0022200901250776584,0.04839294083051149,0.057095694120815915
REALDATA,SEMISYNTHETIC REAL-DATA EXPERIMENT,adult,ALL,logistic,group_threshold_calibrated,post,strong_second_group,1a6f52e99e976851,"{""alpha_negative"": {""Female"": 0.25, ""Male"": 0.25}, ""alpha_positive"": {""Female"": 0.25, ""Male"": 0.75}, ""contestation_scenario"": ""strong_second_group"", ""rho_negative"": {""Female"": 0.05, ""Male"": 0.05}, ""rho_positive"": {""Female"": 0.8, ""Male"": 0.8}}",demographic_parity_gap,20,0.2076075722423923,0.011760286025162535,0.002629679898710423,0.20245339964091985,0.21276174484386473
REALDATA,SEMISYNTHETIC REAL-DATA EXPERIMENT,adult,ALL,logistic,group_threshold_calibrated,post,strong_second_group,1a6f52e99e976851,"{""alpha_negative"": {""Female"": 0.25, ""Male"": 0.25}, ""alpha_positive"": {""Female"": 0.25, ""Male"": 0.75}, ""contestation_scenario"": ""strong_second_group"", ""rho_negative"": {""Female"": 0.05, ""Male"": 0.05}, ""rho_positive"": {""Female"": 0.8, ""Male"": 0.8}}",equal_opportunity_gap,20,0.16307607754692907,0.037085642854762485,0.008292601841252828,0.14682257793807352,0.17932957715578463
REALDATA,SEMISYNTHETIC REAL-DATA EXPERIMENT,adult,ALL,logistic,group_threshold_calibrated,post,strong_second_group,1a6f52e99e976851,"{""alpha_negative"": {""Female"": 0.25, ""Male"": 0.25}, ""alpha_positive"": {""Female"": 0.25, ""Male"": 0.75}, ""contestation_scenario"": ""strong_second_group"", ""rho_negative"": {""Female"": 0.05, ""Male"": 0.05}, ""rho_positive"": {""Female"": 0.8, ""Male"": 0.8}}",equalized_odds_gap,20,0.16307607754692907,0.037085642854762485,0.008292601841252828,0.14682257793807352,0.17932957715578463
REALDATA,SEMISYNTHETIC REAL-DATA EXPERIMENT,adult,ALL,logistic,group_threshold_calibrated,post,strong_second_group,1a6f52e99e976851,"{""alpha_negative"": {""Female"": 0.25, ""Male"": 0.25}, ""alpha_positive"": {""Female"": 0.25, ""Male"": 0.75}, ""contestation_scenario"": ""strong_second_group"", ""rho_negative"": {""Female"": 0.05, ""Male"": 0.05}, ""rho_positive"": {""Female"": 0.8, ""Male"": 0.8}}",fpr_gap,20,0.05249134783202094,0.009911488807020712,0.0022162762730726605,0.04814744633679852,0.056835249327243355
REALDATA,SEMISYNTHETIC REAL-DATA EXPERIMENT,adult,ALL,logistic,group_threshold_calibrated,pre,equal_access,8b1b8b56ce23dea1,"{""alpha_negative"": {""Female"": 0.25, ""Male"": 0.25}, ""alpha_positive"": {""Female"": 0.5, ""Male"": 0.5}, ""contestation_scenario"": ""equal_access"", ""rho_negative"": {""Female"": 0.05, ""Male"": 0.05}, ""rho_positive"": {""Female"": 0.8, ""Male"": 0.8}}",demographic_parity_gap,20,0.14642728575501388,0.013826884021884523,0.0030917852589939484,0.14036738664738574,0.152487184862642
REALDATA,SEMISYNTHETIC REAL-DATA EXPERIMENT,adult,ALL,logistic,group_threshold_calibrated,pre,equal_access,8b1b8b56ce23dea1,"{""alpha_negative"": {""Female"": 0.25, ""Male"": 0.25}, ""alpha_positive"": {""Female"": 0.5, ""Male"": 0.5}, ""contestation_scenario"": ""equal_access"", ""rho_negative"": {""Female"": 0.05, ""Male"": 0.05}, ""rho_positive"": {""Female"": 0.8, ""Male"": 0.8}}",equal_opportunity_gap,20,0.03935808501913611,0.02648715519359498,0.005922707954346497,0.027749577428616976,0.05096659260965525
REALDATA,SEMISYNTHETIC REAL-DATA EXPERIMENT,adult,ALL,logistic,group_threshold_calibrated,pre,equal_access,8b1b8b56ce23dea1,"{""alpha_negative"": {""Female"": 0.25, ""Male"": 0.25}, ""alpha_positive"": {""Female"": 0.5, ""Male"": 0.5}, ""contestation_scenario"": ""equal_access"", ""rho_negative"": {""Female"": 0.05, ""Male"": 0.05}, ""rho_positive"": {""Female"": 0.8, ""Male"": 0.8}}",equalized_odds_gap,20,0.060533348563866406,0.0129041344050095,0.0028854521720395043,0.054877862306668974,0.06618883482106383
REALDATA,SEMISYNTHETIC REAL-DATA EXPERIMENT,adult,ALL,logistic,group_threshold_calibrated,pre,equal_access,8b1b8b56ce23dea1,"{""alpha_negative"": {""Female"": 0.25, ""Male"": 0.25}, ""alpha_positive"": {""Female"": 0.5, ""Male"": 0.5}, ""contestation_scenario"": ""equal_access"", ""rho_negative"": {""Female"": 0.05, ""Male"": 0.05}, ""rho_positive"": {""Female"": 0.8, ""Male"": 0.8}}",fpr_gap,20,0.05409465803445004,0.009812254335097836,0.002194086770579576,0.049794247964114066,0.05839506810478601
REALDATA,SEMISYNTHETIC REAL-DATA EXPERIMENT,adult,ALL,logistic,group_threshold_calibrated,pre,moderate_first_group,58a445a909825bd5,"{""alpha_negative"": {""Female"": 0.25, ""Male"": 0.25}, ""alpha_positive"": {""Female"": 0.65, ""Male"": 0.35}, ""contestation_scenario"": ""moderate_first_group"", ""rho_negative"": {""Female"": 0.05, ""Male"": 0.05}, ""rho_positive"": {""Female"": 0.8, ""Male"": 0.8}}",demographic_parity_gap,20,0.14642728575501388,0.013826884021884523,0.0030917852589939484,0.14036738664738574,0.152487184862642
REALDATA,SEMISYNTHETIC REAL-DATA EXPERIMENT,adult,ALL,logistic,group_threshold_calibrated,pre,moderate_first_group,58a445a909825bd5,"{""alpha_negative"": {""Female"": 0.25, ""Male"": 0.25}, ""alpha_positive"": {""Female"": 0.65, ""Male"": 0.35}, ""contestation_scenario"": ""moderate_first_group"", ""rho_negative"": {""Female"": 0.05, ""Male"": 0.05}, ""rho_positive"": {""Female"": 0.8, ""Male"": 0.8}}",equal_opportunity_gap,20,0.03935808501913611,0.02648715519359498,0.005922707954346497,0.027749577428616976,0.05096659260965525
REALDATA,SEMISYNTHETIC REAL-DATA EXPERIMENT,adult,ALL,logistic,group_threshold_calibrated,pre,moderate_first_group,58a445a909825bd5,"{""alpha_negative"": {""Female"": 0.25, ""Male"": 0.25}, ""alpha_positive"": {""Female"": 0.65, ""Male"": 0.35}, ""contestation_scenario"": ""moderate_first_group"", ""rho_negative"": {""Female"": 0.05, ""Male"": 0.05}, ""rho_positive"": {""Female"": 0.8, ""Male"": 0.8}}",equalized_odds_gap,20,0.060533348563866406,0.0129041344050095,0.0028854521720395043,0.054877862306668974,0.06618883482106383
REALDATA,SEMISYNTHETIC REAL-DATA EXPERIMENT,adult,ALL,logistic,group_threshold_calibrated,pre,moderate_first_group,58a445a909825bd5,"{""alpha_negative"": {""Female"": 0.25, ""Male"": 0.25}, ""alpha_positive"": {""Female"": 0.65, ""Male"": 0.35}, ""contestation_scenario"": ""moderate_first_group"", ""rho_negative"": {""Female"": 0.05, ""Male"": 0.05}, ""rho_positive"": {""Female"": 0.8, ""Male"": 0.8}}",fpr_gap,20,0.05409465803445004,0.009812254335097836,0.002194086770579576,0.049794247964114066,0.05839506810478601
REALDATA,SEMISYNTHETIC REAL-DATA EXPERIMENT,adult,ALL,logistic,group_threshold_calibrated,pre,moderate_second_group,f2d18f38dbf44f65,"{""alpha_negative"": {""Female"": 0.25, ""Male"": 0.25}, ""alpha_positive"": {""Female"": 0.35, ""Male"": 0.65}, ""contestation_scenario"": ""moderate_second_group"", ""rho_negative"": {""Female"": 0.05, ""Male"": 0.05}, ""rho_positive"": {""Female"": 0.8, ""Male"": 0.8}}",demographic_parity_gap,20,0.14642728575501388,0.013826884021884523,0.0030917852589939484,0.14036738664738574,0.152487184862642
REALDATA,SEMISYNTHETIC REAL-DATA EXPERIMENT,adult,ALL,logistic,group_threshold_calibrated,pre,moderate_second_group,f2d18f38dbf44f65,"{""alpha_negative"": {""Female"": 0.25, ""Male"": 0.25}, ""alpha_positive"": {""Female"": 0.35, ""Male"": 0.65}, ""contestation_scenario"": ""moderate_second_group"", ""rho_negative"": {""Female"": 0.05, ""Male"": 0.05}, ""rho_positive"": {""Female"": 0.8, ""Male"": 0.8}}",equal_opportunity_gap,20,0.03935808501913611,0.02648715519359498,0.005922707954346497,0.027749577428616976,0.05096659260965525
REALDATA,SEMISYNTHETIC REAL-DATA EXPERIMENT,adult,ALL,logistic,group_threshold_calibrated,pre,moderate_second_group,f2d18f38dbf44f65,"{""alpha_negative"": {""Female"": 0.25, ""Male"": 0.25}, ""alpha_positive"": {""Female"": 0.35, ""Male"": 0.65}, ""contestation_scenario"": ""moderate_second_group"", ""rho_negative"": {""Female"": 0.05, ""Male"": 0.05}, ""rho_positive"": {""Female"": 0.8, ""Male"": 0.8}}",equalized_odds_gap,20,0.060533348563866406,0.0129041344050095,0.0028854521720395043,0.054877862306668974,0.06618883482106383
REALDATA,SEMISYNTHETIC REAL-DATA EXPERIMENT,adult,ALL,logistic,group_threshold_calibrated,pre,moderate_second_group,f2d18f38dbf44f65,"{""alpha_negative"": {""Female"": 0.25, ""Male"": 0.25}, ""alpha_positive"": {""Female"": 0.35, ""Male"": 0.65}, ""contestation_scenario"": ""moderate_second_group"", ""rho_negative"": {""Female"": 0.05, ""Male"": 0.05}, ""rho_positive"": {""Female"": 0.8, ""Male"": 0.8}}",fpr_gap,20,0.05409465803445004,0.009812254335097836,0.002194086770579576,0.049794247964114066,0.05839506810478601
REALDATA,SEMISYNTHETIC REAL-DATA EXPERIMENT,adult,ALL,logistic,group_threshold_calibrated,pre,strong_first_group,80db5b8b411cb1ee,"{""alpha_negative"": {""Female"": 0.25, ""Male"": 0.25}, ""alpha_positive"": {""Female"": 0.75, ""Male"": 0.25}, ""contestation_scenario"": ""strong_first_group"", ""rho_negative"": {""Female"": 0.05, ""Male"": 0.05}, ""rho_positive"": {""Female"": 0.8, ""Male"": 0.8}}",demographic_parity_gap,20,0.14642728575501388,0.013826884021884523,0.0030917852589939484,0.14036738664738574,0.152487184862642
REALDATA,SEMISYNTHETIC REAL-DATA EXPERIMENT,adult,ALL,logistic,group_threshold_calibrated,pre,strong_first_group,80db5b8b411cb1ee,"{""alpha_negative"": {""Female"": 0.25, ""Male"": 0.25}, ""alpha_positive"": {""Female"": 0.75, ""Male"": 0.25}, ""contestation_scenario"": ""strong_first_group"", ""rho_negative"": {""Female"": 0.05, ""Male"": 0.05}, ""rho_positive"": {""Female"": 0.8, ""Male"": 0.8}}",equal_opportunity_gap,20,0.03935808501913611,0.02648715519359498,0.005922707954346497,0.027749577428616976,0.05096659260965525
REALDATA,SEMISYNTHETIC REAL-DATA EXPERIMENT,adult,ALL,logistic,group_threshold_calibrated,pre,strong_first_group,80db5b8b411cb1ee,"{""alpha_negative"": {""Female"": 0.25, ""Male"": 0.25}, ""alpha_positive"": {""Female"": 0.75, ""Male"": 0.25}, ""contestation_scenario"": ""strong_first_group"", ""rho_negative"": {""Female"": 0.05, ""Male"": 0.05}, ""rho_positive"": {""Female"": 0.8, ""Male"": 0.8}}",equalized_odds_gap,20,0.060533348563866406,0.0129041344050095,0.0028854521720395043,0.054877862306668974,0.06618883482106383
REALDATA,SEMISYNTHETIC REAL-DATA EXPERIMENT,adult,ALL,logistic,group_threshold_calibrated,pre,strong_first_group,80db5b8b411cb1ee,"{""alpha_negative"": {""Female"": 0.25, ""Male"": 0.25}, ""alpha_positive"": {""Female"": 0.75, ""Male"": 0.25}, ""contestation_scenario"": ""strong_first_group"", ""rho_negative"": {""Female"": 0.05, ""Male"": 0.05}, ""rho_positive"": {""Female"": 0.8, ""Male"": 0.8}}",fpr_gap,20,0.05409465803445004,0.009812254335097836,0.002194086770579576,0.049794247964114066,0.05839506810478601
REALDATA,SEMISYNTHETIC REAL-DATA EXPERIMENT,adult,ALL,logistic,group_threshold_calibrated,pre,strong_second_group,1a6f52e99e976851,"{""alpha_negative"": {""Female"": 0.25, ""Male"": 0.25}, ""alpha_positive"": {""Female"": 0.25, ""Male"": 0.75}, ""contestation_scenario"": ""strong_second_group"", ""rho_negative"": {""Female"": 0.05, ""Male"": 0.05}, ""rho_positive"": {""Female"": 0.8, ""Male"": 0.8}}",demographic_parity_gap,20,0.14642728575501388,0.013826884021884523,0.0030917852589939484,0.14036738664738574,0.152487184862642
REALDATA,SEMISYNTHETIC REAL-DATA EXPERIMENT,adult,ALL,logistic,group_threshold_calibrated,pre,strong_second_group,1a6f52e99e976851,"{""alpha_negative"": {""Female"": 0.25, ""Male"": 0.25}, ""alpha_positive"": {""Female"": 0.25, ""Male"": 0.75}, ""contestation_scenario"": ""strong_second_group"", ""rho_negative"": {""Female"": 0.05, ""Male"": 0.05}, ""rho_positive"": {""Female"": 0.8, ""Male"": 0.8}}",equal_opportunity_gap,20,0.03935808501913611,0.02648715519359498,0.005922707954346497,0.027749577428616976,0.05096659260965525
REALDATA,SEMISYNTHETIC REAL-DATA EXPERIMENT,adult,ALL,logistic,group_threshold_calibrated,pre,strong_second_group,1a6f52e99e976851,"{""alpha_negative"": {""Female"": 0.25, ""Male"": 0.25}, ""alpha_positive"": {""Female"": 0.25, ""Male"": 0.75}, ""contestation_scenario"": ""strong_second_group"", ""rho_negative"": {""Female"": 0.05, ""Male"": 0.05}, ""rho_positive"": {""Female"": 0.8, ""Male"": 0.8}}",equalized_odds_gap,20,0.060533348563866406,0.0129041344050095,0.0028854521720395043,0.054877862306668974,0.06618883482106383
REALDATA,SEMISYNTHETIC REAL-DATA EXPERIMENT,adult,ALL,logistic,group_threshold_calibrated,pre,strong_second_group,1a6f52e99e976851,"{""alpha_negative"": {""Female"": 0.25, ""Male"": 0.25}, ""alpha_positive"": {""Female"": 0.25, ""Male"": 0.75}, ""contestation_scenario"": ""strong_second_group"", ""rho_negative"": {""Female"": 0.05, ""Male"": 0.05}, ""rho_positive"": {""Female"": 0.8, ""Male"": 0.8}}",fpr_gap,20,0.05409465803445004,0.009812254335097836,0.002194086770579576,0.049794247964114066,0.05839506810478601
REALDATA,SEMISYNTHETIC REAL-DATA EXPERIMENT,adult,ALL,random_forest,group_threshold_calibrated,post,equal_access,8b1b8b56ce23dea1,"{""alpha_negative"": {""Female"": 0.25, ""Male"": 0.25}, ""alpha_positive"": {""Female"": 0.5, ""Male"": 0.5}, ""contestation_scenario"": ""equal_access"", ""rho_negative"": {""Female"": 0.05, ""Male"": 0.05}, ""rho_positive"": {""Female"": 0.8, ""Male"": 0.8}}",demographic_parity_gap,20,0.16212015742290903,0.009942275016607209,0.002223160278813157,0.15776276327643524,0.16647755156938282
REALDATA,SEMISYNTHETIC REAL-DATA EXPERIMENT,adult,ALL,random_forest,group_threshold_calibrated,post,equal_access,8b1b8b56ce23dea1,"{""alpha_negative"": {""Female"": 0.25, ""Male"": 0.25}, ""alpha_positive"": {""Female"": 0.5, ""Male"": 0.5}, ""contestation_scenario"": ""equal_access"", ""rho_negative"": {""Female"": 0.05, ""Male"": 0.05}, ""rho_positive"": {""Female"": 0.8, ""Male"": 0.8}}",equal_opportunity_gap,20,0.03211952683615815,0.018092991999927175,0.004045716002819703,0.024189923470631536,0.04004913020168477
REALDATA,SEMISYNTHETIC REAL-DATA EXPERIMENT,adult,ALL,random_forest,group_threshold_calibrated,post,equal_access,8b1b8b56ce23dea1,"{""alpha_negative"": {""Female"": 0.25, ""Male"": 0.25}, ""alpha_positive"": {""Female"": 0.5, ""Male"": 0.5}, ""contestation_scenario"": ""equal_access"", ""rho_negative"": {""Female"": 0.05, ""Male"": 0.05}, ""rho_positive"": {""Female"": 0.8, ""Male"": 0.8}}",equalized_odds_gap,20,0.04219590365639604,0.011927319232929477,0.0026670296594170956,0.036968525523938534,0.04742328178885355
REALDATA,SEMISYNTHETIC REAL-DATA EXPERIMENT,adult,ALL,random_forest,group_threshold_calibrated,post,equal_access,8b1b8b56ce23dea1,"{""alpha_negative"": {""Female"": 0.25, ""Male"": 0.25}, ""alpha_positive"": {""Female"": 0.5, ""Male"": 0.5}, ""contestation_scenario"": ""equal_access"", ""rho_negative"": {""Female"": 0.05, ""Male"": 0.05}, ""rho_positive"": {""Female"": 0.8, ""Male"": 0.8}}",fpr_gap,20,0.037631925070204686,0.007711717209166862,0.0017243923902952067,0.03425211598522608,0.04101173415518329
REALDATA,SEMISYNTHETIC REAL-DATA EXPERIMENT,adult,ALL,random_forest,group_threshold_calibrated,post,moderate_first_group,58a445a909825bd5,"{""alpha_negative"": {""Female"": 0.25, ""Male"": 0.25}, ""alpha_positive"": {""Female"": 0.65, ""Male"": 0.35}, ""contestation_scenario"": ""moderate_first_group"", ""rho_negative"": {""Female"": 0.05, ""Male"": 0.05}, ""rho_positive"": {""Female"": 0.8, ""Male"": 0.8}}",demographic_parity_gap,20,0.13845828524581014,0.008537419783773932,0.0019090250988970066,0.134716596051972,0.14219997443964827
REALDATA,SEMISYNTHETIC REAL-DATA EXPERIMENT,adult,ALL,random_forest,group_threshold_calibrated,post,moderate_first_group,58a445a909825bd5,"{""alpha_negative"": {""Female"": 0.25, ""Male"": 0.25}, ""alpha_positive"": {""Female"": 0.65, ""Male"": 0.35}, ""contestation_scenario"": ""moderate_first_group"", ""rho_negative"": {""Female"": 0.05, ""Male"": 0.05}, ""rho_positive"": {""Female"": 0.8, ""Male"": 0.8}}",equal_opportunity_gap,20,0.10824904319300162,0.02515296116473384,0.0056243730999757146,0.09722527191704922,0.11927281446895402
REALDATA,SEMISYNTHETIC REAL-DATA EXPERIMENT,adult,ALL,random_forest,group_threshold_calibrated,post,moderate_first_group,58a445a909825bd5,"{""alpha_negative"": {""Female"": 0.25, ""Male"": 0.25}, ""alpha_positive"": {""Female"": 0.65, ""Male"": 0.35}, ""contestation_scenario"": ""moderate_first_group"", ""rho_negative"": {""Female"": 0.05, ""Male"": 0.05}, ""rho_positive"": {""Female"": 0.8, ""Male"": 0.8}}",equalized_odds_gap,20,0.10824904319300162,0.02515296116473384,0.0056243730999757146,0.09722527191704922,0.11927281446895402
REALDATA,SEMISYNTHETIC REAL-DATA EXPERIMENT,adult,ALL,random_forest,group_threshold_calibrated,post,moderate_first_group,58a445a909825bd5,"{""alpha_negative"": {""Female"": 0.25, ""Male"": 0.25}, ""alpha_positive"": {""Female"": 0.65, ""Male"": 0.35}, ""contestation_scenario"": ""moderate_first_group"", ""rho_negative"": {""Female"": 0.05, ""Male"": 0.05}, ""rho_positive"": {""Female"": 0.8, ""Male"": 0.8}}",fpr_gap,20,0.03779790792522569,0.007624386859126805,0.0017048647303763648,0.03445637305368802,0.04113944279676337
REALDATA,SEMISYNTHETIC REAL-DATA EXPERIMENT,adult,ALL,random_forest,group_threshold_calibrated,post,moderate_second_group,f2d18f38dbf44f65,"{""alpha_negative"": {""Female"": 0.25, ""Male"": 0.25}, ""alpha_positive"": {""Female"": 0.35, ""Male"": 0.65}, ""contestation_scenario"": ""moderate_second_group"", ""rho_negative"": {""Female"": 0.05, ""Male"": 0.05}, ""rho_positive"": {""Female"": 0.8, ""Male"": 0.8}}",demographic_parity_gap,20,0.18450236801009137,0.008951911187371703,0.0020017081943503982,0.1805790199491646,0.18842571607101816
REALDATA,SEMISYNTHETIC REAL-DATA EXPERIMENT,adult,ALL,random_forest,group_threshold_calibrated,post,moderate_second_group,f2d18f38dbf44f65,"{""alpha_negative"": {""Female"": 0.25, ""Male"": 0.25}, ""alpha_positive"": {""Female"": 0.35, ""Male"": 0.65}, ""contestation_scenario"": ""moderate_second_group"", ""rho_negative"": {""Female"": 0.05, ""Male"": 0.05}, ""rho_positive"": {""Female"": 0.8, ""Male"": 0.8}}",equal_opportunity_gap,20,0.11780785834700196,0.035342339507624866,0.007902787362292564,0.10231839511690853,0.13329732157709537
REALDATA,SEMISYNTHETIC REAL-DATA EXPERIMENT,adult,ALL,random_forest,group_threshold_calibrated,post,moderate_second_group,f2d18f38dbf44f65,"{""alpha_negative"": {""Female"": 0.25, ""Male"": 0.25}, ""alpha_positive"": {""Female"": 0.35, ""Male"": 0.65}, ""contestation_scenario"": ""moderate_second_group"", ""rho_negative"": {""Female"": 0.05, ""Male"": 0.05}, ""rho_positive"": {""Female"": 0.8, ""Male"": 0.8}}",equalized_odds_gap,20,0.11780785834700196,0.035342339507624866,0.007902787362292564,0.10231839511690853,0.13329732157709537
REALDATA,SEMISYNTHETIC REAL-DATA EXPERIMENT,adult,ALL,random_forest,group_threshold_calibrated,post,moderate_second_group,f2d18f38dbf44f65,"{""alpha_negative"": {""Female"": 0.25, ""Male"": 0.25}, ""alpha_positive"": {""Female"": 0.35, ""Male"": 0.65}, ""contestation_scenario"": ""moderate_second_group"", ""rho_negative"": {""Female"": 0.05, ""Male"": 0.05}, ""rho_positive"": {""Female"": 0.8, ""Male"": 0.8}}",fpr_gap,20,0.03789556171803572,0.007315315828252278,0.0016357543468852268,0.03468948319814068,0.04110164023793077
REALDATA,SEMISYNTHETIC REAL-DATA EXPERIMENT,adult,ALL,random_forest,group_threshold_calibrated,post,strong_first_group,80db5b8b411cb1ee,"{""alpha_negative"": {""Female"": 0.25, ""Male"": 0.25}, ""alpha_positive"": {""Female"": 0.75, ""Male"": 0.25}, ""contestation_scenario"": ""strong_first_group"", ""rho_negative"": {""Female"": 0.05, ""Male"": 0.05}, ""rho_positive"": {""Female"": 0.8, ""Male"": 0.8}}",demographic_parity_gap,20,0.1243255083645104,0.008748135303713107,0.0019561425215468276,0.12049146902227861,0.12815954770674218
REALDATA,SEMISYNTHETIC REAL-DATA EXPERIMENT,adult,ALL,random_forest,group_threshold_calibrated,post,strong_first_group,80db5b8b411cb1ee,"{""alpha_negative"": {""Female"": 0.25, ""Male"": 0.25}, ""alpha_positive"": {""Female"": 0.75, ""Male"": 0.25}, ""contestation_scenario"": ""strong_first_group"", ""rho_negative"": {""Female"": 0.05, ""Male"": 0.05}, ""rho_positive"": {""Female"": 0.8, ""Male"": 0.8}}",equal_opportunity_gap,20,0.17616895616912703,0.026943896001695795,0.006024838303847658,0.1643602730935856,0.18797763924466845
REALDATA,SEMISYNTHETIC REAL-DATA EXPERIMENT,adult,ALL,random_forest,group_threshold_calibrated,post,strong_first_group,80db5b8b411cb1ee,"{""alpha_negative"": {""Female"": 0.25, ""Male"": 0.25}, ""alpha_positive"": {""Female"": 0.75, ""Male"": 0.25}, ""contestation_scenario"": ""strong_first_group"", ""rho_negative"": {""Female"": 0.05, ""Male"": 0.05}, ""rho_positive"": {""Female"": 0.8, ""Male"": 0.8}}",equalized_odds_gap,20,0.17616895616912703,0.026943896001695795,0.006024838303847658,0.1643602730935856,0.18797763924466845
REALDATA,SEMISYNTHETIC REAL-DATA EXPERIMENT,adult,ALL,random_forest,group_threshold_calibrated,post,strong_first_group,80db5b8b411cb1ee,"{""alpha_negative"": {""Female"": 0.25, ""Male"": 0.25}, ""alpha_positive"": {""Female"": 0.75, ""Male"": 0.25}, ""contestation_scenario"": ""strong_first_group"", ""rho_negative"": {""Female"": 0.05, ""Male"": 0.05}, ""rho_positive"": {""Female"": 0.8, ""Male"": 0.8}}",fpr_gap,20,0.03785456733060312,0.007774630458227638,0.0017384602204537339,0.0344471852985138,0.04126194936269244
REALDATA,SEMISYNTHETIC REAL-DATA EXPERIMENT,adult,ALL,random_forest,group_threshold_calibrated,post,strong_second_group,1a6f52e99e976851,"{""alpha_negative"": {""Female"": 0.25, ""Male"": 0.25}, ""alpha_positive"": {""Female"": 0.25, ""Male"": 0.75}, ""contestation_scenario"": ""strong_second_group"", ""rho_negative"": {""Female"": 0.05, ""Male"": 0.05}, ""rho_positive"": {""Female"": 0.8, ""Male"": 0.8}}",demographic_parity_gap,20,0.2003809335590787,0.009577420598685202,0.0021415763507766842,0.1961834439115564,0.20457842320660102
REALDATA,SEMISYNTHETIC REAL-DATA EXPERIMENT,adult,ALL,random_forest,group_threshold_calibrated,post,strong_second_group,1a6f52e99e976851,"{""alpha_negative"": {""Female"": 0.25, ""Male"": 0.25}, ""alpha_positive"": {""Female"": 0.25, ""Male"": 0.75}, ""contestation_scenario"": ""strong_second_group"", ""rho_negative"": {""Female"": 0.05, ""Male"": 0.05}, ""rho_positive"": {""Female"": 0.8, ""Male"": 0.8}}",equal_opportunity_gap,20,0.19077806064333877,0.04120591654498172,0.00921392304697624,0.17271877147126535,0.2088373498154122
REALDATA,SEMISYNTHETIC REAL-DATA EXPERIMENT,adult,ALL,random_forest,group_threshold_calibrated,post,strong_second_group,1a6f52e99e976851,"{""alpha_negative"": {""Female"": 0.25, ""Male"": 0.25}, ""alpha_positive"": {""Female"": 0.25, ""Male"": 0.75}, ""contestation_scenario"": ""strong_second_group"", ""rho_negative"": {""Female"": 0.05, ""Male"": 0.05}, ""rho_positive"": {""Female"": 0.8, ""Male"": 0.8}}",equalized_odds_gap,20,0.19077806064333877,0.04120591654498172,0.00921392304697624,0.17271877147126535,0.2088373498154122
REALDATA,SEMISYNTHETIC REAL-DATA EXPERIMENT,adult,ALL,random_forest,group_threshold_calibrated,post,strong_second_group,1a6f52e99e976851,"{""alpha_negative"": {""Female"": 0.25, ""Male"": 0.25}, ""alpha_positive"": {""Female"": 0.25, ""Male"": 0.75}, ""contestation_scenario"": ""strong_second_group"", ""rho_negative"": {""Female"": 0.05, ""Male"": 0.05}, ""rho_positive"": {""Female"": 0.8, ""Male"": 0.8}}",fpr_gap,20,0.03809820429867302,0.007203198592770366,0.0016106841708865363,0.03494126332373541,0.041255145273610634
REALDATA,SEMISYNTHETIC REAL-DATA EXPERIMENT,adult,ALL,random_forest,group_threshold_calibrated,pre,equal_access,8b1b8b56ce23dea1,"{""alpha_negative"": {""Female"": 0.25, ""Male"": 0.25}, ""alpha_positive"": {""Female"": 0.5, ""Male"": 0.5}, ""contestation_scenario"": ""equal_access"", ""rho_negative"": {""Female"": 0.05, ""Male"": 0.05}, ""rho_positive"": {""Female"": 0.8, ""Male"": 0.8}}",demographic_parity_gap,20,0.13051659120018416,0.01120546841648373,0.0025056189098984546,0.1256055781367832,0.13542760426358513
REALDATA,SEMISYNTHETIC REAL-DATA EXPERIMENT,adult,ALL,random_forest,group_threshold_calibrated,pre,equal_access,8b1b8b56ce23dea1,"{""alpha_negative"": {""Female"": 0.25, ""Male"": 0.25}, ""alpha_positive"": {""Female"": 0.5, ""Male"": 0.5}, ""contestation_scenario"": ""equal_access"", ""rho_negative"": {""Female"": 0.05, ""Male"": 0.05}, ""rho_positive"": {""Female"": 0.8, ""Male"": 0.8}}",equal_opportunity_gap,20,0.039436537497721844,0.026135928249196312,0.005844171222026001,0.02798196190255088,0.050891113092892806
REALDATA,SEMISYNTHETIC REAL-DATA EXPERIMENT,adult,ALL,random_forest,group_threshold_calibrated,pre,equal_access,8b1b8b56ce23dea1,"{""alpha_negative"": {""Female"": 0.25, ""Male"": 0.25}, ""alpha_positive"": {""Female"": 0.5, ""Male"": 0.5}, ""contestation_scenario"": ""equal_access"", ""rho_negative"": {""Female"": 0.05, ""Male"": 0.05}, ""rho_positive"": {""Female"": 0.8, ""Male"": 0.8}}",equalized_odds_gap,20,0.04986073141928774,0.017136152376089044,0.0038317601585729642,0.042350481508484736,0.05737098133009075
REALDATA,SEMISYNTHETIC REAL-DATA EXPERIMENT,adult,ALL,random_forest,group_threshold_calibrated,pre,equal_access,8b1b8b56ce23dea1,"{""alpha_negative"": {""Female"": 0.25, ""Male"": 0.25}, ""alpha_positive"": {""Female"": 0.5, ""Male"": 0.5}, ""contestation_scenario"": ""equal_access"", ""rho_negative"": {""Female"": 0.05, ""Male"": 0.05}, ""rho_positive"": {""Female"": 0.8, ""Male"": 0.8}}",fpr_gap,20,0.039376212809402164,0.0075315337104657635,0.0016841021351432666,0.03607537262452136,0.04267705299428297
REALDATA,SEMISYNTHETIC REAL-DATA EXPERIMENT,adult,ALL,random_forest,group_threshold_calibrated,pre,moderate_first_group,58a445a909825bd5,"{""alpha_negative"": {""Female"": 0.25, ""Male"": 0.25}, ""alpha_positive"": {""Female"": 0.65, ""Male"": 0.35}, ""contestation_scenario"": ""moderate_first_group"", ""rho_negative"": {""Female"": 0.05, ""Male"": 0.05}, ""rho_positive"": {""Female"": 0.8, ""Male"": 0.8}}",demographic_parity_gap,20,0.13051659120018416,0.01120546841648373,0.0025056189098984546,0.1256055781367832,0.13542760426358513
REALDATA,SEMISYNTHETIC REAL-DATA EXPERIMENT,adult,ALL,random_forest,group_threshold_calibrated,pre,moderate_first_group,58a445a909825bd5,"{""alpha_negative"": {""Female"": 0.25, ""Male"": 0.25}, ""alpha_positive"": {""Female"": 0.65, ""Male"": 0.35}, ""contestation_scenario"": ""moderate_first_group"", ""rho_negative"": {""Female"": 0.05, ""Male"": 0.05}, ""rho_positive"": {""Female"": 0.8, ""Male"": 0.8}}",equal_opportunity_gap,20,0.039436537497721844,0.026135928249196312,0.005844171222026001,0.02798196190255088,0.050891113092892806
REALDATA,SEMISYNTHETIC REAL-DATA EXPERIMENT,adult,ALL,random_forest,group_threshold_calibrated,pre,moderate_first_group,58a445a909825bd5,"{""alpha_negative"": {""Female"": 0.25, ""Male"": 0.25}, ""alpha_positive"": {""Female"": 0.65, ""Male"": 0.35}, ""contestation_scenario"": ""moderate_first_group"", ""rho_negative"": {""Female"": 0.05, ""Male"": 0.05}, ""rho_positive"": {""Female"": 0.8, ""Male"": 0.8}}",equalized_odds_gap,20,0.04986073141928774,0.017136152376089044,0.0038317601585729642,0.042350481508484736,0.05737098133009075
REALDATA,SEMISYNTHETIC REAL-DATA EXPERIMENT,adult,ALL,random_forest,group_threshold_calibrated,pre,moderate_first_group,58a445a909825bd5,"{""alpha_negative"": {""Female"": 0.25, ""Male"": 0.25}, ""alpha_positive"": {""Female"": 0.65, ""Male"": 0.35}, ""contestation_scenario"": ""moderate_first_group"", ""rho_negative"": {""Female"": 0.05, ""Male"": 0.05}, ""rho_positive"": {""Female"": 0.8, ""Male"": 0.8}}",fpr_gap,20,0.039376212809402164,0.0075315337104657635,0.0016841021351432666,0.03607537262452136,0.04267705299428297
REALDATA,SEMISYNTHETIC REAL-DATA EXPERIMENT,adult,ALL,random_forest,group_threshold_calibrated,pre,moderate_second_group,f2d18f38dbf44f65,"{""alpha_negative"": {""Female"": 0.25, ""Male"": 0.25}, ""alpha_positive"": {""Female"": 0.35, ""Male"": 0.65}, ""contestation_scenario"": ""moderate_second_group"", ""rho_negative"": {""Female"": 0.05, ""Male"": 0.05}, ""rho_positive"": {""Female"": 0.8, ""Male"": 0.8}}",demographic_parity_gap,20,0.13051659120018416,0.01120546841648373,0.0025056189098984546,0.1256055781367832,0.13542760426358513
REALDATA,SEMISYNTHETIC REAL-DATA EXPERIMENT,adult,ALL,random_forest,group_threshold_calibrated,pre,moderate_second_group,f2d18f38dbf44f65,"{""alpha_negative"": {""Female"": 0.25, ""Male"": 0.25}, ""alpha_positive"": {""Female"": 0.35, ""Male"": 0.65}, ""contestation_scenario"": ""moderate_second_group"", ""rho_negative"": {""Female"": 0.05, ""Male"": 0.05}, ""rho_positive"": {""Female"": 0.8, ""Male"": 0.8}}",equal_opportunity_gap,20,0.039436537497721844,0.026135928249196312,0.005844171222026001,0.02798196190255088,0.050891113092892806
REALDATA,SEMISYNTHETIC REAL-DATA EXPERIMENT,adult,ALL,random_forest,group_threshold_calibrated,pre,moderate_second_group,f2d18f38dbf44f65,"{""alpha_negative"": {""Female"": 0.25, ""Male"": 0.25}, ""alpha_positive"": {""Female"": 0.35, ""Male"": 0.65}, ""contestation_scenario"": ""moderate_second_group"", ""rho_negative"": {""Female"": 0.05, ""Male"": 0.05}, ""rho_positive"": {""Female"": 0.8, ""Male"": 0.8}}",equalized_odds_gap,20,0.04986073141928774,0.017136152376089044,0.0038317601585729642,0.042350481508484736,0.05737098133009075
REALDATA,SEMISYNTHETIC REAL-DATA EXPERIMENT,adult,ALL,random_forest,group_threshold_calibrated,pre,moderate_second_group,f2d18f38dbf44f65,"{""alpha_negative"": {""Female"": 0.25, ""Male"": 0.25}, ""alpha_positive"": {""Female"": 0.35, ""Male"": 0.65}, ""contestation_scenario"": ""moderate_second_group"", ""rho_negative"": {""Female"": 0.05, ""Male"": 0.05}, ""rho_positive"": {""Female"": 0.8, ""Male"": 0.8}}",fpr_gap,20,0.039376212809402164,0.0075315337104657635,0.0016841021351432666,0.03607537262452136,0.04267705299428297
REALDATA,SEMISYNTHETIC REAL-DATA EXPERIMENT,adult,ALL,random_forest,group_threshold_calibrated,pre,strong_first_group,80db5b8b411cb1ee,"{""alpha_negative"": {""Female"": 0.25, ""Male"": 0.25}, ""alpha_positive"": {""Female"": 0.75, ""Male"": 0.25}, ""contestation_scenario"": ""strong_first_group"", ""rho_negative"": {""Female"": 0.05, ""Male"": 0.05}, ""rho_positive"": {""Female"": 0.8, ""Male"": 0.8}}",demographic_parity_gap,20,0.13051659120018416,0.01120546841648373,0.0025056189098984546,0.1256055781367832,0.13542760426358513
REALDATA,SEMISYNTHETIC REAL-DATA EXPERIMENT,adult,ALL,random_forest,group_threshold_calibrated,pre,strong_first_group,80db5b8b411cb1ee,"{""alpha_negative"": {""Female"": 0.25, ""Male"": 0.25}, ""alpha_positive"": {""Female"": 0.75, ""Male"": 0.25}, ""contestation_scenario"": ""strong_first_group"", ""rho_negative"": {""Female"": 0.05, ""Male"": 0.05}, ""rho_positive"": {""Female"": 0.8, ""Male"": 0.8}}",equal_opportunity_gap,20,0.039436537497721844,0.026135928249196312,0.005844171222026001,0.02798196190255088,0.050891113092892806
REALDATA,SEMISYNTHETIC REAL-DATA EXPERIMENT,adult,ALL,random_forest,group_threshold_calibrated,pre,strong_first_group,80db5b8b411cb1ee,"{""alpha_negative"": {""Female"": 0.25, ""Male"": 0.25}, ""alpha_positive"": {""Female"": 0.75, ""Male"": 0.25}, ""contestation_scenario"": ""strong_first_group"", ""rho_negative"": {""Female"": 0.05, ""Male"": 0.05}, ""rho_positive"": {""Female"": 0.8, ""Male"": 0.8}}",equalized_odds_gap,20,0.04986073141928774,0.017136152376089044,0.0038317601585729642,0.042350481508484736,0.05737098133009075
REALDATA,SEMISYNTHETIC REAL-DATA EXPERIMENT,adult,ALL,random_forest,group_threshold_calibrated,pre,strong_first_group,80db5b8b411cb1ee,"{""alpha_negative"": {""Female"": 0.25, ""Male"": 0.25}, ""alpha_positive"": {""Female"": 0.75, ""Male"": 0.25}, ""contestation_scenario"": ""strong_first_group"", ""rho_negative"": {""Female"": 0.05, ""Male"": 0.05}, ""rho_positive"": {""Female"": 0.8, ""Male"": 0.8}}",fpr_gap,20,0.039376212809402164,0.0075315337104657635,0.0016841021351432666,0.03607537262452136,0.04267705299428297
REALDATA,SEMISYNTHETIC REAL-DATA EXPERIMENT,adult,ALL,random_forest,group_threshold_calibrated,pre,strong_second_group,1a6f52e99e976851,"{""alpha_negative"": {""Female"": 0.25, ""Male"": 0.25}, ""alpha_positive"": {""Female"": 0.25, ""Male"": 0.75}, ""contestation_scenario"": ""strong_second_group"", ""rho_negative"": {""Female"": 0.05, ""Male"": 0.05}, ""rho_positive"": {""Female"": 0.8, ""Male"": 0.8}}",demographic_parity_gap,20,0.13051659120018416,0.01120546841648373,0.0025056189098984546,0.1256055781367832,0.13542760426358513
REALDATA,SEMISYNTHETIC REAL-DATA EXPERIMENT,adult,ALL,random_forest,group_threshold_calibrated,pre,strong_second_group,1a6f52e99e976851,"{""alpha_negative"": {""Female"": 0.25, ""Male"": 0.25}, ""alpha_positive"": {""Female"": 0.25, ""Male"": 0.75}, ""contestation_scenario"": ""strong_second_group"", ""rho_negative"": {""Female"": 0.05, ""Male"": 0.05}, ""rho_positive"": {""Female"": 0.8, ""Male"": 0.8}}",equal_opportunity_gap,20,0.039436537497721844,0.026135928249196312,0.005844171222026001,0.02798196190255088,0.050891113092892806
REALDATA,SEMISYNTHETIC REAL-DATA EXPERIMENT,adult,ALL,random_forest,group_threshold_calibrated,pre,strong_second_group,1a6f52e99e976851,"{""alpha_negative"": {""Female"": 0.25, ""Male"": 0.25}, ""alpha_positive"": {""Female"": 0.25, ""Male"": 0.75}, ""contestation_scenario"": ""strong_second_group"", ""rho_negative"": {""Female"": 0.05, ""Male"": 0.05}, ""rho_positive"": {""Female"": 0.8, ""Male"": 0.8}}",equalized_odds_gap,20,0.04986073141928774,0.017136152376089044,0.0038317601585729642,0.042350481508484736,0.05737098133009075
REALDATA,SEMISYNTHETIC REAL-DATA EXPERIMENT,adult,ALL,random_forest,group_threshold_calibrated,pre,strong_second_group,1a6f52e99e976851,"{""alpha_negative"": {""Female"": 0.25, ""Male"": 0.25}, ""alpha_positive"": {""Female"": 0.25, ""Male"": 0.75}, ""contestation_scenario"": ""strong_second_group"", ""rho_negative"": {""Female"": 0.05, ""Male"": 0.05}, ""rho_positive"": {""Female"": 0.8, ""Male"": 0.8}}",fpr_gap,20,0.039376212809402164,0.0075315337104657635,0.0016841021351432666,0.03607537262452136,0.04267705299428297
REALDATA,SEMISYNTHETIC REAL-DATA EXPERIMENT,adult,Female,gradient_boosting,group_threshold_calibrated,post,equal_access,8b1b8b56ce23dea1,"{""alpha_negative"": {""Female"": 0.25, ""Male"": 0.25}, ""alpha_positive"": {""Female"": 0.5, ""Male"": 0.5}, ""contestation_scenario"": ""equal_access"", ""rho_negative"": {""Female"": 0.05, ""Male"": 0.05}, ""rho_positive"": {""Female"": 0.8, ""Male"": 0.8}}",accuracy,20,0.9378203149120099,0.0048603480907914685,0.0010868068725321044,0.935690173441847,0.9399504563821728
REALDATA,SEMISYNTHETIC REAL-DATA EXPERIMENT,adult,Female,gradient_boosting,group_threshold_calibrated,post,equal_access,8b1b8b56ce23dea1,"{""alpha_negative"": {""Female"": 0.25, ""Male"": 0.25}, ""alpha_positive"": {""Female"": 0.5, ""Male"": 0.5}, ""contestation_scenario"": ""equal_access"", ""rho_negative"": {""Female"": 0.05, ""Male"": 0.05}, ""rho_positive"": {""Female"": 0.8, ""Male"": 0.8}}",fnr,20,0.21468926553672313,0.025448496212334425,0.0056904567455925694,0.2035359703153617,0.22584256075808457
REALDATA,SEMISYNTHETIC REAL-DATA EXPERIMENT,adult,Female,gradient_boosting,group_threshold_calibrated,post,equal_access,8b1b8b56ce23dea1,"{""alpha_negative"": {""Female"": 0.25, ""Male"": 0.25}, ""alpha_positive"": {""Female"": 0.5, ""Male"": 0.5}, ""contestation_scenario"": ""equal_access"", ""rho_negative"": {""Female"": 0.05, ""Male"": 0.05}, ""rho_positive"": {""Female"": 0.8, ""Male"": 0.8}}",fpr,20,0.04346620450606582,0.005878472869843814,0.0013144664940859042,0.04088985017765745,0.046042558834474195
REALDATA,SEMISYNTHETIC REAL-DATA EXPERIMENT,adult,Female,gradient_boosting,group_threshold_calibrated,post,equal_access,8b1b8b56ce23dea1,"{""alpha_negative"": {""Female"": 0.25, ""Male"": 0.25}, ""alpha_positive"": {""Female"": 0.5, ""Male"": 0.5}, ""contestation_scenario"": ""equal_access"", ""rho_negative"": {""Female"": 0.05, ""Male"": 0.05}, ""rho_positive"": {""Female"": 0.8, ""Male"": 0.8}}",n,20,3239.0,0.0,0.0,3239.0,3239.0
REALDATA,SEMISYNTHETIC REAL-DATA EXPERIMENT,adult,Female,gradient_boosting,group_threshold_calibrated,post,equal_access,8b1b8b56ce23dea1,"{""alpha_negative"": {""Female"": 0.25, ""Male"": 0.25}, ""alpha_positive"": {""Female"": 0.5, ""Male"": 0.5}, ""contestation_scenario"": ""equal_access"", ""rho_negative"": {""Female"": 0.05, ""Male"": 0.05}, ""rho_positive"": {""Female"": 0.8, ""Male"": 0.8}}",positive_rate,20,0.1245446125347329,0.006832281834378483,0.0015277446623107246,0.12155023299660388,0.12753899207286193
REALDATA,SEMISYNTHETIC REAL-DATA EXPERIMENT,adult,Female,gradient_boosting,group_threshold_calibrated,post,equal_access,8b1b8b56ce23dea1,"{""alpha_negative"": {""Female"": 0.25, ""Male"": 0.25}, ""alpha_positive"": {""Female"": 0.5, ""Male"": 0.5}, ""contestation_scenario"": ""equal_access"", ""rho_negative"": {""Female"": 0.05, ""Male"": 0.05}, ""rho_positive"": {""Female"": 0.8, ""Male"": 0.8}}",prevalence,20,0.10929299166409381,0.0,0.0,0.10929299166409381,0.10929299166409381
REALDATA,SEMISYNTHETIC REAL-DATA EXPERIMENT,adult,Female,gradient_boosting,group_threshold_calibrated,post,equal_access,8b1b8b56ce23dea1,"{""alpha_negative"": {""Female"": 0.25, ""Male"": 0.25}, ""alpha_positive"": {""Female"": 0.5, ""Male"": 0.5}, ""contestation_scenario"": ""equal_access"", ""rho_negative"": {""Female"": 0.05, ""Male"": 0.05}, ""rho_positive"": {""Female"": 0.8, ""Male"": 0.8}}",tnr,20,0.9565337954939341,0.0058784728698438055,0.0013144664940859022,0.9539574411655257,0.9591101498223426
REALDATA,SEMISYNTHETIC REAL-DATA EXPERIMENT,adult,Female,gradient_boosting,group_threshold_calibrated,post,equal_access,8b1b8b56ce23dea1,"{""alpha_negative"": {""Female"": 0.25, ""Male"": 0.25}, ""alpha_positive"": {""Female"": 0.5, ""Male"": 0.5}, ""contestation_scenario"": ""equal_access"", ""rho_negative"": {""Female"": 0.05, ""Male"": 0.05}, ""rho_positive"": {""Female"": 0.8, ""Male"": 0.8}}",tpr,20,0.7853107344632768,0.0254484962123344,0.005690456745592564,0.7741574392419154,0.7964640296846383
REALDATA,SEMISYNTHETIC REAL-DATA EXPERIMENT,adult,Female,gradient_boosting,group_threshold_calibrated,post,moderate_first_group,58a445a909825bd5,"{""alpha_negative"": {""Female"": 0.25, ""Male"": 0.25}, ""alpha_positive"": {""Female"": 0.65, ""Male"": 0.35}, ""contestation_scenario"": ""moderate_first_group"", ""rho_negative"": {""Female"": 0.05, ""Male"": 0.05}, ""rho_positive"": {""Female"": 0.8, ""Male"": 0.8}}",accuracy,20,0.9421889472059277,0.004141993667876691,0.0009261779403745967,0.9403736384427935,0.9440042559690619
REALDATA,SEMISYNTHETIC REAL-DATA EXPERIMENT,adult,Female,gradient_boosting,group_threshold_calibrated,post,moderate_first_group,58a445a909825bd5,"{""alpha_negative"": {""Female"": 0.25, ""Male"": 0.25}, ""alpha_positive"": {""Female"": 0.65, ""Male"": 0.35}, ""contestation_scenario"": ""moderate_first_group"", ""rho_negative"": {""Female"": 0.05, ""Male"": 0.05}, ""rho_positive"": {""Female"": 0.8, ""Male"": 0.8}}",fnr,20,0.17471751412429376,0.025959514439339314,0.005804723894925004,0.16334025529024077,0.18609477295834675
REALDATA,SEMISYNTHETIC REAL-DATA EXPERIMENT,adult,Female,gradient_boosting,group_threshold_calibrated,post,moderate_first_group,58a445a909825bd5,"{""alpha_negative"": {""Female"": 0.25, ""Male"": 0.25}, ""alpha_positive"": {""Female"": 0.65, ""Male"": 0.35}, ""contestation_scenario"": ""moderate_first_group"", ""rho_negative"": {""Female"": 0.05, ""Male"": 0.05}, ""rho_positive"": {""Female"": 0.8, ""Male"": 0.8}}",fpr,20,0.043466204506065816,0.006181537273485861,0.0013822337548963092,0.04075702634646905,0.04617538266566258
REALDATA,SEMISYNTHETIC REAL-DATA EXPERIMENT,adult,Female,gradient_boosting,group_threshold_calibrated,post,moderate_first_group,58a445a909825bd5,"{""alpha_negative"": {""Female"": 0.25, ""Male"": 0.25}, ""alpha_positive"": {""Female"": 0.65, ""Male"": 0.35}, ""contestation_scenario"": ""moderate_first_group"", ""rho_negative"": {""Female"": 0.05, ""Male"": 0.05}, ""rho_positive"": {""Female"": 0.8, ""Male"": 0.8}}",n,20,3239.0,0.0,0.0,3239.0,3239.0
REALDATA,SEMISYNTHETIC REAL-DATA EXPERIMENT,adult,Female,gradient_boosting,group_threshold_calibrated,post,moderate_first_group,58a445a909825bd5,"{""alpha_negative"": {""Female"": 0.25, ""Male"": 0.25}, ""alpha_positive"": {""Female"": 0.65, ""Male"": 0.35}, ""contestation_scenario"": ""moderate_first_group"", ""rho_negative"": {""Female"": 0.05, ""Male"": 0.05}, ""rho_positive"": {""Female"": 0.8, ""Male"": 0.8}}",positive_rate,20,0.1289132448286508,0.007718415365349072,0.00172589014354994,0.12553050014729292,0.13229598951000868
REALDATA,SEMISYNTHETIC REAL-DATA EXPERIMENT,adult,Female,gradient_boosting,group_threshold_calibrated,post,moderate_first_group,58a445a909825bd5,"{""alpha_negative"": {""Female"": 0.25, ""Male"": 0.25}, ""alpha_positive"": {""Female"": 0.65, ""Male"": 0.35}, ""contestation_scenario"": ""moderate_first_group"", ""rho_negative"": {""Female"": 0.05, ""Male"": 0.05}, ""rho_positive"": {""Female"": 0.8, ""Male"": 0.8}}",prevalence,20,0.10929299166409381,0.0,0.0,0.10929299166409381,0.10929299166409381
REALDATA,SEMISYNTHETIC REAL-DATA EXPERIMENT,adult,Female,gradient_boosting,group_threshold_calibrated,post,moderate_first_group,58a445a909825bd5,"{""alpha_negative"": {""Female"": 0.25, ""Male"": 0.25}, ""alpha_positive"": {""Female"": 0.65, ""Male"": 0.35}, ""contestation_scenario"": ""moderate_first_group"", ""rho_negative"": {""Female"": 0.05, ""Male"": 0.05}, ""rho_positive"": {""Female"": 0.8, ""Male"": 0.8}}",tnr,20,0.9565337954939341,0.00618153727348586,0.001382233754896309,0.9538246173343373,0.959242973653531
REALDATA,SEMISYNTHETIC REAL-DATA EXPERIMENT,adult,Female,gradient_boosting,group_threshold_calibrated,post,moderate_first_group,58a445a909825bd5,"{""alpha_negative"": {""Female"": 0.25, ""Male"": 0.25}, ""alpha_positive"": {""Female"": 0.65, ""Male"": 0.35}, ""contestation_scenario"": ""moderate_first_group"", ""rho_negative"": {""Female"": 0.05, ""Male"": 0.05}, ""rho_positive"": {""Female"": 0.8, ""Male"": 0.8}}",tpr,20,0.8252824858757062,0.025959514439339297,0.005804723894925001,0.8139052270416531,0.8366597447097592
REALDATA,SEMISYNTHETIC REAL-DATA EXPERIMENT,adult,Female,gradient_boosting,group_threshold_calibrated,post,moderate_second_group,f2d18f38dbf44f65,"{""alpha_negative"": {""Female"": 0.25, ""Male"": 0.25}, ""alpha_positive"": {""Female"": 0.35, ""Male"": 0.65}, ""contestation_scenario"": ""moderate_second_group"", ""rho_negative"": {""Female"": 0.05, ""Male"": 0.05}, ""rho_positive"": {""Female"": 0.8, ""Male"": 0.8}}",accuracy,20,0.9334825563445508,0.004359851414976361,0.0009748924135685788,0.9315717672139564,0.9353933454751452
REALDATA,SEMISYNTHETIC REAL-DATA EXPERIMENT,adult,Female,gradient_boosting,group_threshold_calibrated,post,moderate_second_group,f2d18f38dbf44f65,"{""alpha_negative"": {""Female"": 0.25, ""Male"": 0.25}, ""alpha_positive"": {""Female"": 0.35, ""Male"": 0.65}, ""contestation_scenario"": ""moderate_second_group"", ""rho_negative"": {""Female"": 0.05, ""Male"": 0.05}, ""rho_positive"": {""Female"": 0.8, ""Male"": 0.8}}",fnr,20,0.2540960451977401,0.02804678138461188,0.006271450972606784,0.2418040012914308,0.2663880891040494
REALDATA,SEMISYNTHETIC REAL-DATA EXPERIMENT,adult,Female,gradient_boosting,group_threshold_calibrated,post,moderate_second_group,f2d18f38dbf44f65,"{""alpha_negative"": {""Female"": 0.25, ""Male"": 0.25}, ""alpha_positive"": {""Female"": 0.35, ""Male"": 0.65}, ""contestation_scenario"": ""moderate_second_group"", ""rho_negative"": {""Female"": 0.05, ""Male"": 0.05}, ""rho_positive"": {""Female"": 0.8, ""Male"": 0.8}}",fpr,20,0.04350086655112647,0.00609303148396774,0.0013624432587198286,0.0408304777640356,0.04617125533821734
REALDATA,SEMISYNTHETIC REAL-DATA EXPERIMENT,adult,Female,gradient_boosting,group_threshold_calibrated,post,moderate_second_group,f2d18f38dbf44f65,"{""alpha_negative"": {""Female"": 0.25, ""Male"": 0.25}, ""alpha_positive"": {""Female"": 0.35, ""Male"": 0.65}, ""contestation_scenario"": ""moderate_second_group"", ""rho_negative"": {""Female"": 0.05, ""Male"": 0.05}, ""rho_positive"": {""Female"": 0.8, ""Male"": 0.8}}",n,20,3239.0,0.0,0.0,3239.0,3239.0
REALDATA,SEMISYNTHETIC REAL-DATA EXPERIMENT,adult,Female,gradient_boosting,group_threshold_calibrated,post,moderate_second_group,f2d18f38dbf44f65,"{""alpha_negative"": {""Female"": 0.25, ""Male"": 0.25}, ""alpha_positive"": {""Female"": 0.35, ""Male"": 0.65}, ""contestation_scenario"": ""moderate_second_group"", ""rho_negative"": {""Female"": 0.05, ""Male"": 0.05}, ""rho_positive"": {""Female"": 0.8, ""Male"": 0.8}}",positive_rate,20,0.12026860142019138,0.007661004085438913,0.0017130525910945015,0.11691101834164616,0.12362618449873661
REALDATA,SEMISYNTHETIC REAL-DATA EXPERIMENT,adult,Female,gradient_boosting,group_threshold_calibrated,post,moderate_second_group,f2d18f38dbf44f65,"{""alpha_negative"": {""Female"": 0.25, ""Male"": 0.25}, ""alpha_positive"": {""Female"": 0.35, ""Male"": 0.65}, ""contestation_scenario"": ""moderate_second_group"", ""rho_negative"": {""Female"": 0.05, ""Male"": 0.05}, ""rho_positive"": {""Female"": 0.8, ""Male"": 0.8}}",prevalence,20,0.10929299166409381,0.0,0.0,0.10929299166409381,0.10929299166409381
REALDATA,SEMISYNTHETIC REAL-DATA EXPERIMENT,adult,Female,gradient_boosting,group_threshold_calibrated,post,moderate_second_group,f2d18f38dbf44f65,"{""alpha_negative"": {""Female"": 0.25, ""Male"": 0.25}, ""alpha_positive"": {""Female"": 0.35, ""Male"": 0.65}, ""contestation_scenario"": ""moderate_second_group"", ""rho_negative"": {""Female"": 0.05, ""Male"": 0.05}, ""rho_positive"": {""Female"": 0.8, ""Male"": 0.8}}",tnr,20,0.9564991334488735,0.006093031483967759,0.0013624432587198327,0.9538287446617826,0.9591695222359644
REALDATA,SEMISYNTHETIC REAL-DATA EXPERIMENT,adult,Female,gradient_boosting,group_threshold_calibrated,post,moderate_second_group,f2d18f38dbf44f65,"{""alpha_negative"": {""Female"": 0.25, ""Male"": 0.25}, ""alpha_positive"": {""Female"": 0.35, ""Male"": 0.65}, ""contestation_scenario"": ""moderate_second_group"", ""rho_negative"": {""Female"": 0.05, ""Male"": 0.05}, ""rho_positive"": {""Female"": 0.8, ""Male"": 0.8}}",tpr,20,0.7459039548022599,0.028046781384611846,0.006271450972606776,0.7336119108959507,0.7581959987085691
REALDATA,SEMISYNTHETIC REAL-DATA EXPERIMENT,adult,Female,gradient_boosting,group_threshold_calibrated,post,strong_first_group,80db5b8b411cb1ee,"{""alpha_negative"": {""Female"": 0.25, ""Male"": 0.25}, ""alpha_positive"": {""Female"": 0.75, ""Male"": 0.25}, ""contestation_scenario"": ""strong_first_group"", ""rho_negative"": {""Female"": 0.05, ""Male"": 0.05}, ""rho_positive"": {""Female"": 0.8, ""Male"": 0.8}}",accuracy,20,0.9454924359370176,0.004023540430165617,0.0008996909912069063,0.9437290415942521,0.9472558302797831
REALDATA,SEMISYNTHETIC REAL-DATA EXPERIMENT,adult,Female,gradient_boosting,group_threshold_calibrated,post,strong_first_group,80db5b8b411cb1ee,"{""alpha_negative"": {""Female"": 0.25, ""Male"": 0.25}, ""alpha_positive"": {""Female"": 0.75, ""Male"": 0.25}, ""contestation_scenario"": ""strong_first_group"", ""rho_negative"": {""Female"": 0.05, ""Male"": 0.05}, ""rho_positive"": {""Female"": 0.8, ""Male"": 0.8}}",fnr,20,0.14618644067796607,0.02117652657322204,0.0047352152945055155,0.13690541870073525,0.1554674626551969
REALDATA,SEMISYNTHETIC REAL-DATA EXPERIMENT,adult,Female,gradient_boosting,group_threshold_calibrated,post,strong_first_group,80db5b8b411cb1ee,"{""alpha_negative"": {""Female"": 0.25, ""Male"": 0.25}, ""alpha_positive"": {""Female"": 0.75, ""Male"": 0.25}, ""contestation_scenario"": ""strong_first_group"", ""rho_negative"": {""Female"": 0.05, ""Male"": 0.05}, ""rho_positive"": {""Female"": 0.8, ""Male"": 0.8}}",fpr,20,0.04325823223570186,0.006024251045480065,0.0013470634851217602,0.04061798780486321,0.04589847666654051
REALDATA,SEMISYNTHETIC REAL-DATA EXPERIMENT,adult,Female,gradient_boosting,group_threshold_calibrated,post,strong_first_group,80db5b8b411cb1ee,"{""alpha_negative"": {""Female"": 0.25, ""Male"": 0.25}, ""alpha_positive"": {""Female"": 0.75, ""Male"": 0.25}, ""contestation_scenario"": ""strong_first_group"", ""rho_negative"": {""Female"": 0.05, ""Male"": 0.05}, ""rho_positive"": {""Female"": 0.8, ""Male"": 0.8}}",n,20,3239.0,0.0,0.0,3239.0,3239.0
REALDATA,SEMISYNTHETIC REAL-DATA EXPERIMENT,adult,Female,gradient_boosting,group_threshold_calibrated,post,strong_first_group,80db5b8b411cb1ee,"{""alpha_negative"": {""Female"": 0.25, ""Male"": 0.25}, ""alpha_positive"": {""Female"": 0.75, ""Male"": 0.25}, ""contestation_scenario"": ""strong_first_group"", ""rho_negative"": {""Female"": 0.05, ""Male"": 0.05}, ""rho_positive"": {""Female"": 0.8, ""Male"": 0.8}}",positive_rate,20,0.13184624884223523,0.007218654765528477,0.001614140276182448,0.12868253390091763,0.13500996378355282
REALDATA,SEMISYNTHETIC REAL-DATA EXPERIMENT,adult,Female,gradient_boosting,group_threshold_calibrated,post,strong_first_group,80db5b8b411cb1ee,"{""alpha_negative"": {""Female"": 0.25, ""Male"": 0.25}, ""alpha_positive"": {""Female"": 0.75, ""Male"": 0.25}, ""contestation_scenario"": ""strong_first_group"", ""rho_negative"": {""Female"": 0.05, ""Male"": 0.05}, ""rho_positive"": {""Female"": 0.8, ""Male"": 0.8}}",prevalence,20,0.10929299166409381,0.0,0.0,0.10929299166409381,0.10929299166409381
REALDATA,SEMISYNTHETIC REAL-DATA EXPERIMENT,adult,Female,gradient_boosting,group_threshold_calibrated,post,strong_first_group,80db5b8b411cb1ee,"{""alpha_negative"": {""Female"": 0.25, ""Male"": 0.25}, ""alpha_positive"": {""Female"": 0.75, ""Male"": 0.25}, ""contestation_scenario"": ""strong_first_group"", ""rho_negative"": {""Female"": 0.05, ""Male"": 0.05}, ""rho_positive"": {""Female"": 0.8, ""Male"": 0.8}}",tnr,20,0.9567417677642981,0.006024251045480079,0.0013470634851217634,0.9541015233334594,0.9593820121951367
REALDATA,SEMISYNTHETIC REAL-DATA EXPERIMENT,adult,Female,gradient_boosting,group_threshold_calibrated,post,strong_first_group,80db5b8b411cb1ee,"{""alpha_negative"": {""Female"": 0.25, ""Male"": 0.25}, ""alpha_positive"": {""Female"": 0.75, ""Male"": 0.25}, ""contestation_scenario"": ""strong_first_group"", ""rho_negative"": {""Female"": 0.05, ""Male"": 0.05}, ""rho_positive"": {""Female"": 0.8, ""Male"": 0.8}}",tpr,20,0.853813559322034,0.02117652657322205,0.004735215294505518,0.8445325373448032,0.8630945812992648
REALDATA,SEMISYNTHETIC REAL-DATA EXPERIMENT,adult,Female,gradient_boosting,group_threshold_calibrated,post,strong_second_group,1a6f52e99e976851,"{""alpha_negative"": {""Female"": 0.25, ""Male"": 0.25}, ""alpha_positive"": {""Female"": 0.25, ""Male"": 0.75}, ""contestation_scenario"": ""strong_second_group"", ""rho_negative"": {""Female"": 0.05, ""Male"": 0.05}, ""rho_positive"": {""Female"": 0.8, ""Male"": 0.8}}",accuracy,20,0.9307502315529484,0.004405210967601536,0.0009850351178784657,0.9288195627219067,0.9326809003839902
REALDATA,SEMISYNTHETIC REAL-DATA EXPERIMENT,adult,Female,gradient_boosting,group_threshold_calibrated,post,strong_second_group,1a6f52e99e976851,"{""alpha_negative"": {""Female"": 0.25, ""Male"": 0.25}, ""alpha_positive"": {""Female"": 0.25, ""Male"": 0.75}, ""contestation_scenario"": ""strong_second_group"", ""rho_negative"": {""Female"": 0.05, ""Male"": 0.05}, ""rho_positive"": {""Female"": 0.8, ""Male"": 0.8}}",fnr,20,0.2793785310734463,0.027140007939293786,0.006068690266214489,0.2674838981516659,0.2912731639952267
REALDATA,SEMISYNTHETIC REAL-DATA EXPERIMENT,adult,Female,gradient_boosting,group_threshold_calibrated,post,strong_second_group,1a6f52e99e976851,"{""alpha_negative"": {""Female"": 0.25, ""Male"": 0.25}, ""alpha_positive"": {""Female"": 0.25, ""Male"": 0.75}, ""contestation_scenario"": ""strong_second_group"", ""rho_negative"": {""Female"": 0.05, ""Male"": 0.05}, ""rho_positive"": {""Female"": 0.8, ""Male"": 0.8}}",fpr,20,0.043466204506065816,0.006152827749335195,0.0013758141101360532,0.04076960885019915,0.04616280016193248
REALDATA,SEMISYNTHETIC REAL-DATA EXPERIMENT,adult,Female,gradient_boosting,group_threshold_calibrated,post,strong_second_group,1a6f52e99e976851,"{""alpha_negative"": {""Female"": 0.25, ""Male"": 0.25}, ""alpha_positive"": {""Female"": 0.25, ""Male"": 0.75}, ""contestation_scenario"": ""strong_second_group"", ""rho_negative"": {""Female"": 0.05, ""Male"": 0.05}, ""rho_positive"": {""Female"": 0.8, ""Male"": 0.8}}",n,20,3239.0,0.0,0.0,3239.0,3239.0
REALDATA,SEMISYNTHETIC REAL-DATA EXPERIMENT,adult,Female,gradient_boosting,group_threshold_calibrated,post,strong_second_group,1a6f52e99e976851,"{""alpha_negative"": {""Female"": 0.25, ""Male"": 0.25}, ""alpha_positive"": {""Female"": 0.25, ""Male"": 0.75}, ""contestation_scenario"": ""strong_second_group"", ""rho_negative"": {""Female"": 0.05, ""Male"": 0.05}, ""rho_positive"": {""Female"": 0.8, ""Male"": 0.8}}",positive_rate,20,0.11747452917567147,0.007632810223340749,0.0017067482518745266,0.1141293026019974,0.12081975574934554
REALDATA,SEMISYNTHETIC REAL-DATA EXPERIMENT,adult,Female,gradient_boosting,group_threshold_calibrated,post,strong_second_group,1a6f52e99e976851,"{""alpha_negative"": {""Female"": 0.25, ""Male"": 0.25}, ""alpha_positive"": {""Female"": 0.25, ""Male"": 0.75}, ""contestation_scenario"": ""strong_second_group"", ""rho_negative"": {""Female"": 0.05, ""Male"": 0.05}, ""rho_positive"": {""Female"": 0.8, ""Male"": 0.8}}",prevalence,20,0.10929299166409381,0.0,0.0,0.10929299166409381,0.10929299166409381
REALDATA,SEMISYNTHETIC REAL-DATA EXPERIMENT,adult,Female,gradient_boosting,group_threshold_calibrated,post,strong_second_group,1a6f52e99e976851,"{""alpha_negative"": {""Female"": 0.25, ""Male"": 0.25}, ""alpha_positive"": {""Female"": 0.25, ""Male"": 0.75}, ""contestation_scenario"": ""strong_second_group"", ""rho_negative"": {""Female"": 0.05, ""Male"": 0.05}, ""rho_positive"": {""Female"": 0.8, ""Male"": 0.8}}",tnr,20,0.9565337954939341,0.006152827749335206,0.0013758141101360558,0.9538371998380675,0.9592303911498008
REALDATA,SEMISYNTHETIC REAL-DATA EXPERIMENT,adult,Female,gradient_boosting,group_threshold_calibrated,post,strong_second_group,1a6f52e99e976851,"{""alpha_negative"": {""Female"": 0.25, ""Male"": 0.25}, ""alpha_positive"": {""Female"": 0.25, ""Male"": 0.75}, ""contestation_scenario"": ""strong_second_group"", ""rho_negative"": {""Female"": 0.05, ""Male"": 0.05}, ""rho_positive"": {""Female"": 0.8, ""Male"": 0.8}}",tpr,20,0.7206214689265538,0.027140007939293748,0.00606869026621448,0.7087268360047734,0.7325161018483342
REALDATA,SEMISYNTHETIC REAL-DATA EXPERIMENT,adult,Female,gradient_boosting,group_threshold_calibrated,pre,equal_access,8b1b8b56ce23dea1,"{""alpha_negative"": {""Female"": 0.25, ""Male"": 0.25}, ""alpha_positive"": {""Female"": 0.5, ""Male"": 0.5}, ""contestation_scenario"": ""equal_access"", ""rho_negative"": {""Female"": 0.05, ""Male"": 0.05}, ""rho_positive"": {""Female"": 0.8, ""Male"": 0.8}}",accuracy,20,0.933606051250386,0.0034907724437837086,0.0007805604478283435,0.9320761527726424,0.9351359497281295
REALDATA,SEMISYNTHETIC REAL-DATA EXPERIMENT,adult,Female,gradient_boosting,group_threshold_calibrated,pre,equal_access,8b1b8b56ce23dea1,"{""alpha_negative"": {""Female"": 0.25, ""Male"": 0.25}, ""alpha_positive"": {""Female"": 0.5, ""Male"": 0.5}, ""contestation_scenario"": ""equal_access"", ""rho_negative"": {""Female"": 0.05, ""Male"": 0.05}, ""rho_positive"": {""Female"": 0.8, ""Male"": 0.8}}",fnr,20,0.3545197740112994,0.03356837157511274,0.007506116073592377,0.33980778650705834,0.3692317615155405
REALDATA,SEMISYNTHETIC REAL-DATA EXPERIMENT,adult,Female,gradient_boosting,group_threshold_calibrated,pre,equal_access,8b1b8b56ce23dea1,"{""alpha_negative"": {""Female"": 0.25, ""Male"": 0.25}, ""alpha_positive"": {""Female"": 0.5, ""Male"": 0.5}, ""contestation_scenario"": ""equal_access"", ""rho_negative"": {""Female"": 0.05, ""Male"": 0.05}, ""rho_positive"": {""Female"": 0.8, ""Male"": 0.8}}",fpr,20,0.031039861351819707,0.005833199908686998,0.0013043431522169692,0.028483348773474446,0.033596373930164965
REALDATA,SEMISYNTHETIC REAL-DATA EXPERIMENT,adult,Female,gradient_boosting,group_threshold_calibrated,pre,equal_access,8b1b8b56ce23dea1,"{""alpha_negative"": {""Female"": 0.25, ""Male"": 0.25}, ""alpha_positive"": {""Female"": 0.5, ""Male"": 0.5}, ""contestation_scenario"": ""equal_access"", ""rho_negative"": {""Female"": 0.05, ""Male"": 0.05}, ""rho_positive"": {""Female"": 0.8, ""Male"": 0.8}}",n,20,3239.0,0.0,0.0,3239.0,3239.0
REALDATA,SEMISYNTHETIC REAL-DATA EXPERIMENT,adult,Female,gradient_boosting,group_threshold_calibrated,pre,equal_access,8b1b8b56ce23dea1,"{""alpha_negative"": {""Female"": 0.25, ""Male"": 0.25}, ""alpha_positive"": {""Female"": 0.5, ""Male"": 0.5}, ""contestation_scenario"": ""equal_access"", ""rho_negative"": {""Female"": 0.05, ""Male"": 0.05}, ""rho_positive"": {""Female"": 0.8, ""Male"": 0.8}}",positive_rate,20,0.09819388700216111,0.008290025983818986,0.0018537061635058823,0.09456062292168958,0.10182715108263264
REALDATA,SEMISYNTHETIC REAL-DATA EXPERIMENT,adult,Female,gradient_boosting,group_threshold_calibrated,pre,equal_access,8b1b8b56ce23dea1,"{""alpha_negative"": {""Female"": 0.25, ""Male"": 0.25}, ""alpha_positive"": {""Female"": 0.5, ""Male"": 0.5}, ""contestation_scenario"": ""equal_access"", ""rho_negative"": {""Female"": 0.05, ""Male"": 0.05}, ""rho_positive"": {""Female"": 0.8, ""Male"": 0.8}}",prevalence,20,0.10929299166409381,0.0,0.0,0.10929299166409381,0.10929299166409381
REALDATA,SEMISYNTHETIC REAL-DATA EXPERIMENT,adult,Female,gradient_boosting,group_threshold_calibrated,pre,equal_access,8b1b8b56ce23dea1,"{""alpha_negative"": {""Female"": 0.25, ""Male"": 0.25}, ""alpha_positive"": {""Female"": 0.5, ""Male"": 0.5}, ""contestation_scenario"": ""equal_access"", ""rho_negative"": {""Female"": 0.05, ""Male"": 0.05}, ""rho_positive"": {""Female"": 0.8, ""Male"": 0.8}}",tnr,20,0.9689601386481803,0.005833199908687004,0.0013043431522169707,0.9664036260698351,0.9715166512265255
REALDATA,SEMISYNTHETIC REAL-DATA EXPERIMENT,adult,Female,gradient_boosting,group_threshold_calibrated,pre,equal_access,8b1b8b56ce23dea1,"{""alpha_negative"": {""Female"": 0.25, ""Male"": 0.25}, ""alpha_positive"": {""Female"": 0.5, ""Male"": 0.5}, ""contestation_scenario"": ""equal_access"", ""rho_negative"": {""Female"": 0.05, ""Male"": 0.05}, ""rho_positive"": {""Female"": 0.8, ""Male"": 0.8}}",tpr,20,0.6454802259887006,0.033568371575112735,0.007506116073592376,0.6307682384844595,0.6601922134929417
REALDATA,SEMISYNTHETIC REAL-DATA EXPERIMENT,adult,Female,gradient_boosting,group_threshold_calibrated,pre,moderate_first_group,58a445a909825bd5,"{""alpha_negative"": {""Female"": 0.25, ""Male"": 0.25}, ""alpha_positive"": {""Female"": 0.65, ""Male"": 0.35}, ""contestation_scenario"": ""moderate_first_group"", ""rho_negative"": {""Female"": 0.05, ""Male"": 0.05}, ""rho_positive"": {""Female"": 0.8, ""Male"": 0.8}}",accuracy,20,0.933606051250386,0.0034907724437837086,0.0007805604478283435,0.9320761527726424,0.9351359497281295
REALDATA,SEMISYNTHETIC REAL-DATA EXPERIMENT,adult,Female,gradient_boosting,group_threshold_calibrated,pre,moderate_first_group,58a445a909825bd5,"{""alpha_negative"": {""Female"": 0.25, ""Male"": 0.25}, ""alpha_positive"": {""Female"": 0.65, ""Male"": 0.35}, ""contestation_scenario"": ""moderate_first_group"", ""rho_negative"": {""Female"": 0.05, ""Male"": 0.05}, ""rho_positive"": {""Female"": 0.8, ""Male"": 0.8}}",fnr,20,0.3545197740112994,0.03356837157511274,0.007506116073592377,0.33980778650705834,0.3692317615155405
REALDATA,SEMISYNTHETIC REAL-DATA EXPERIMENT,adult,Female,gradient_boosting,group_threshold_calibrated,pre,moderate_first_group,58a445a909825bd5,"{""alpha_negative"": {""Female"": 0.25, ""Male"": 0.25}, ""alpha_positive"": {""Female"": 0.65, ""Male"": 0.35}, ""contestation_scenario"": ""moderate_first_group"", ""rho_negative"": {""Female"": 0.05, ""Male"": 0.05}, ""rho_positive"": {""Female"": 0.8, ""Male"": 0.8}}",fpr,20,0.031039861351819707,0.005833199908686998,0.0013043431522169692,0.028483348773474446,0.033596373930164965
REALDATA,SEMISYNTHETIC REAL-DATA EXPERIMENT,adult,Female,gradient_boosting,group_threshold_calibrated,pre,moderate_first_group,58a445a909825bd5,"{""alpha_negative"": {""Female"": 0.25, ""Male"": 0.25}, ""alpha_positive"": {""Female"": 0.65, ""Male"": 0.35}, ""contestation_scenario"": ""moderate_first_group"", ""rho_negative"": {""Female"": 0.05, ""Male"": 0.05}, ""rho_positive"": {""Female"": 0.8, ""Male"": 0.8}}",n,20,3239.0,0.0,0.0,3239.0,3239.0
REALDATA,SEMISYNTHETIC REAL-DATA EXPERIMENT,adult,Female,gradient_boosting,group_threshold_calibrated,pre,moderate_first_group,58a445a909825bd5,"{""alpha_negative"": {""Female"": 0.25, ""Male"": 0.25}, ""alpha_positive"": {""Female"": 0.65, ""Male"": 0.35}, ""contestation_scenario"": ""moderate_first_group"", ""rho_negative"": {""Female"": 0.05, ""Male"": 0.05}, ""rho_positive"": {""Female"": 0.8, ""Male"": 0.8}}",positive_rate,20,0.09819388700216111,0.008290025983818986,0.0018537061635058823,0.09456062292168958,0.10182715108263264
REALDATA,SEMISYNTHETIC REAL-DATA EXPERIMENT,adult,Female,gradient_boosting,group_threshold_calibrated,pre,moderate_first_group,58a445a909825bd5,"{""alpha_negative"": {""Female"": 0.25, ""Male"": 0.25}, ""alpha_positive"": {""Female"": 0.65, ""Male"": 0.35}, ""contestation_scenario"": ""moderate_first_group"", ""rho_negative"": {""Female"": 0.05, ""Male"": 0.05}, ""rho_positive"": {""Female"": 0.8, ""Male"": 0.8}}",prevalence,20,0.10929299166409381,0.0,0.0,0.10929299166409381,0.10929299166409381
REALDATA,SEMISYNTHETIC REAL-DATA EXPERIMENT,adult,Female,gradient_boosting,group_threshold_calibrated,pre,moderate_first_group,58a445a909825bd5,"{""alpha_negative"": {""Female"": 0.25, ""Male"": 0.25}, ""alpha_positive"": {""Female"": 0.65, ""Male"": 0.35}, ""contestation_scenario"": ""moderate_first_group"", ""rho_negative"": {""Female"": 0.05, ""Male"": 0.05}, ""rho_positive"": {""Female"": 0.8, ""Male"": 0.8}}",tnr,20,0.9689601386481803,0.005833199908687004,0.0013043431522169707,0.9664036260698351,0.9715166512265255
REALDATA,SEMISYNTHETIC REAL-DATA EXPERIMENT,adult,Female,gradient_boosting,group_threshold_calibrated,pre,moderate_first_group,58a445a909825bd5,"{""alpha_negative"": {""Female"": 0.25, ""Male"": 0.25}, ""alpha_positive"": {""Female"": 0.65, ""Male"": 0.35}, ""contestation_scenario"": ""moderate_first_group"", ""rho_negative"": {""Female"": 0.05, ""Male"": 0.05}, ""rho_positive"": {""Female"": 0.8, ""Male"": 0.8}}",tpr,20,0.6454802259887006,0.033568371575112735,0.007506116073592376,0.6307682384844595,0.6601922134929417
REALDATA,SEMISYNTHETIC REAL-DATA EXPERIMENT,adult,Female,gradient_boosting,group_threshold_calibrated,pre,moderate_second_group,f2d18f38dbf44f65,"{""alpha_negative"": {""Female"": 0.25, ""Male"": 0.25}, ""alpha_positive"": {""Female"": 0.35, ""Male"": 0.65}, ""contestation_scenario"": ""moderate_second_group"", ""rho_negative"": {""Female"": 0.05, ""Male"": 0.05}, ""rho_positive"": {""Female"": 0.8, ""Male"": 0.8}}",accuracy,20,0.933606051250386,0.0034907724437837086,0.0007805604478283435,0.9320761527726424,0.9351359497281295
REALDATA,SEMISYNTHETIC REAL-DATA EXPERIMENT,adult,Female,gradient_boosting,group_threshold_calibrated,pre,moderate_second_group,f2d18f38dbf44f65,"{""alpha_negative"": {""Female"": 0.25, ""Male"": 0.25}, ""alpha_positive"": {""Female"": 0.35, ""Male"": 0.65}, ""contestation_scenario"": ""moderate_second_group"", ""rho_negative"": {""Female"": 0.05, ""Male"": 0.05}, ""rho_positive"": {""Female"": 0.8, ""Male"": 0.8}}",fnr,20,0.3545197740112994,0.03356837157511274,0.007506116073592377,0.33980778650705834,0.3692317615155405
REALDATA,SEMISYNTHETIC REAL-DATA EXPERIMENT,adult,Female,gradient_boosting,group_threshold_calibrated,pre,moderate_second_group,f2d18f38dbf44f65,"{""alpha_negative"": {""Female"": 0.25, ""Male"": 0.25}, ""alpha_positive"": {""Female"": 0.35, ""Male"": 0.65}, ""contestation_scenario"": ""moderate_second_group"", ""rho_negative"": {""Female"": 0.05, ""Male"": 0.05}, ""rho_positive"": {""Female"": 0.8, ""Male"": 0.8}}",fpr,20,0.031039861351819707,0.005833199908686998,0.0013043431522169692,0.028483348773474446,0.033596373930164965
REALDATA,SEMISYNTHETIC REAL-DATA EXPERIMENT,adult,Female,gradient_boosting,group_threshold_calibrated,pre,moderate_second_group,f2d18f38dbf44f65,"{""alpha_negative"": {""Female"": 0.25, ""Male"": 0.25}, ""alpha_positive"": {""Female"": 0.35, ""Male"": 0.65}, ""contestation_scenario"": ""moderate_second_group"", ""rho_negative"": {""Female"": 0.05, ""Male"": 0.05}, ""rho_positive"": {""Female"": 0.8, ""Male"": 0.8}}",n,20,3239.0,0.0,0.0,3239.0,3239.0
REALDATA,SEMISYNTHETIC REAL-DATA EXPERIMENT,adult,Female,gradient_boosting,group_threshold_calibrated,pre,moderate_second_group,f2d18f38dbf44f65,"{""alpha_negative"": {""Female"": 0.25, ""Male"": 0.25}, ""alpha_positive"": {""Female"": 0.35, ""Male"": 0.65}, ""contestation_scenario"": ""moderate_second_group"", ""rho_negative"": {""Female"": 0.05, ""Male"": 0.05}, ""rho_positive"": {""Female"": 0.8, ""Male"": 0.8}}",positive_rate,20,0.09819388700216111,0.008290025983818986,0.0018537061635058823,0.09456062292168958,0.10182715108263264
REALDATA,SEMISYNTHETIC REAL-DATA EXPERIMENT,adult,Female,gradient_boosting,group_threshold_calibrated,pre,moderate_second_group,f2d18f38dbf44f65,"{""alpha_negative"": {""Female"": 0.25, ""Male"": 0.25}, ""alpha_positive"": {""Female"": 0.35, ""Male"": 0.65}, ""contestation_scenario"": ""moderate_second_group"", ""rho_negative"": {""Female"": 0.05, ""Male"": 0.05}, ""rho_positive"": {""Female"": 0.8, ""Male"": 0.8}}",prevalence,20,0.10929299166409381,0.0,0.0,0.10929299166409381,0.10929299166409381
REALDATA,SEMISYNTHETIC REAL-DATA EXPERIMENT,adult,Female,gradient_boosting,group_threshold_calibrated,pre,moderate_second_group,f2d18f38dbf44f65,"{""alpha_negative"": {""Female"": 0.25, ""Male"": 0.25}, ""alpha_positive"": {""Female"": 0.35, ""Male"": 0.65}, ""contestation_scenario"": ""moderate_second_group"", ""rho_negative"": {""Female"": 0.05, ""Male"": 0.05}, ""rho_positive"": {""Female"": 0.8, ""Male"": 0.8}}",tnr,20,0.9689601386481803,0.005833199908687004,0.0013043431522169707,0.9664036260698351,0.9715166512265255
REALDATA,SEMISYNTHETIC REAL-DATA EXPERIMENT,adult,Female,gradient_boosting,group_threshold_calibrated,pre,moderate_second_group,f2d18f38dbf44f65,"{""alpha_negative"": {""Female"": 0.25, ""Male"": 0.25}, ""alpha_positive"": {""Female"": 0.35, ""Male"": 0.65}, ""contestation_scenario"": ""moderate_second_group"", ""rho_negative"": {""Female"": 0.05, ""Male"": 0.05}, ""rho_positive"": {""Female"": 0.8, ""Male"": 0.8}}",tpr,20,0.6454802259887006,0.033568371575112735,0.007506116073592376,0.6307682384844595,0.6601922134929417
REALDATA,SEMISYNTHETIC REAL-DATA EXPERIMENT,adult,Female,gradient_boosting,group_threshold_calibrated,pre,strong_first_group,80db5b8b411cb1ee,"{""alpha_negative"": {""Female"": 0.25, ""Male"": 0.25}, ""alpha_positive"": {""Female"": 0.75, ""Male"": 0.25}, ""contestation_scenario"": ""strong_first_group"", ""rho_negative"": {""Female"": 0.05, ""Male"": 0.05}, ""rho_positive"": {""Female"": 0.8, ""Male"": 0.8}}",accuracy,20,0.933606051250386,0.0034907724437837086,0.0007805604478283435,0.9320761527726424,0.9351359497281295
REALDATA,SEMISYNTHETIC REAL-DATA EXPERIMENT,adult,Female,gradient_boosting,group_threshold_calibrated,pre,strong_first_group,80db5b8b411cb1ee,"{""alpha_negative"": {""Female"": 0.25, ""Male"": 0.25}, ""alpha_positive"": {""Female"": 0.75, ""Male"": 0.25}, ""contestation_scenario"": ""strong_first_group"", ""rho_negative"": {""Female"": 0.05, ""Male"": 0.05}, ""rho_positive"": {""Female"": 0.8, ""Male"": 0.8}}",fnr,20,0.3545197740112994,0.03356837157511274,0.007506116073592377,0.33980778650705834,0.3692317615155405
REALDATA,SEMISYNTHETIC REAL-DATA EXPERIMENT,adult,Female,gradient_boosting,group_threshold_calibrated,pre,strong_first_group,80db5b8b411cb1ee,"{""alpha_negative"": {""Female"": 0.25, ""Male"": 0.25}, ""alpha_positive"": {""Female"": 0.75, ""Male"": 0.25}, ""contestation_scenario"": ""strong_first_group"", ""rho_negative"": {""Female"": 0.05, ""Male"": 0.05}, ""rho_positive"": {""Female"": 0.8, ""Male"": 0.8}}",fpr,20,0.031039861351819707,0.005833199908686998,0.0013043431522169692,0.028483348773474446,0.033596373930164965
REALDATA,SEMISYNTHETIC REAL-DATA EXPERIMENT,adult,Female,gradient_boosting,group_threshold_calibrated,pre,strong_first_group,80db5b8b411cb1ee,"{""alpha_negative"": {""Female"": 0.25, ""Male"": 0.25}, ""alpha_positive"": {""Female"": 0.75, ""Male"": 0.25}, ""contestation_scenario"": ""strong_first_group"", ""rho_negative"": {""Female"": 0.05, ""Male"": 0.05}, ""rho_positive"": {""Female"": 0.8, ""Male"": 0.8}}",n,20,3239.0,0.0,0.0,3239.0,3239.0
REALDATA,SEMISYNTHETIC REAL-DATA EXPERIMENT,adult,Female,gradient_boosting,group_threshold_calibrated,pre,strong_first_group,80db5b8b411cb1ee,"{""alpha_negative"": {""Female"": 0.25, ""Male"": 0.25}, ""alpha_positive"": {""Female"": 0.75, ""Male"": 0.25}, ""contestation_scenario"": ""strong_first_group"", ""rho_negative"": {""Female"": 0.05, ""Male"": 0.05}, ""rho_positive"": {""Female"": 0.8, ""Male"": 0.8}}",positive_rate,20,0.09819388700216111,0.008290025983818986,0.0018537061635058823,0.09456062292168958,0.10182715108263264
REALDATA,SEMISYNTHETIC REAL-DATA EXPERIMENT,adult,Female,gradient_boosting,group_threshold_calibrated,pre,strong_first_group,80db5b8b411cb1ee,"{""alpha_negative"": {""Female"": 0.25, ""Male"": 0.25}, ""alpha_positive"": {""Female"": 0.75, ""Male"": 0.25}, ""contestation_scenario"": ""strong_first_group"", ""rho_negative"": {""Female"": 0.05, ""Male"": 0.05}, ""rho_positive"": {""Female"": 0.8, ""Male"": 0.8}}",prevalence,20,0.10929299166409381,0.0,0.0,0.10929299166409381,0.10929299166409381
REALDATA,SEMISYNTHETIC REAL-DATA EXPERIMENT,adult,Female,gradient_boosting,group_threshold_calibrated,pre,strong_first_group,80db5b8b411cb1ee,"{""alpha_negative"": {""Female"": 0.25, ""Male"": 0.25}, ""alpha_positive"": {""Female"": 0.75, ""Male"": 0.25}, ""contestation_scenario"": ""strong_first_group"", ""rho_negative"": {""Female"": 0.05, ""Male"": 0.05}, ""rho_positive"": {""Female"": 0.8, ""Male"": 0.8}}",tnr,20,0.9689601386481803,0.005833199908687004,0.0013043431522169707,0.9664036260698351,0.9715166512265255
REALDATA,SEMISYNTHETIC REAL-DATA EXPERIMENT,adult,Female,gradient_boosting,group_threshold_calibrated,pre,strong_first_group,80db5b8b411cb1ee,"{""alpha_negative"": {""Female"": 0.25, ""Male"": 0.25}, ""alpha_positive"": {""Female"": 0.75, ""Male"": 0.25}, ""contestation_scenario"": ""strong_first_group"", ""rho_negative"": {""Female"": 0.05, ""Male"": 0.05}, ""rho_positive"": {""Female"": 0.8, ""Male"": 0.8}}",tpr,20,0.6454802259887006,0.033568371575112735,0.007506116073592376,0.6307682384844595,0.6601922134929417
REALDATA,SEMISYNTHETIC REAL-DATA EXPERIMENT,adult,Female,gradient_boosting,group_threshold_calibrated,pre,strong_second_group,1a6f52e99e976851,"{""alpha_negative"": {""Female"": 0.25, ""Male"": 0.25}, ""alpha_positive"": {""Female"": 0.25, ""Male"": 0.75}, ""contestation_scenario"": ""strong_second_group"", ""rho_negative"": {""Female"": 0.05, ""Male"": 0.05}, ""rho_positive"": {""Female"": 0.8, ""Male"": 0.8}}",accuracy,20,0.933606051250386,0.0034907724437837086,0.0007805604478283435,0.9320761527726424,0.9351359497281295
REALDATA,SEMISYNTHETIC REAL-DATA EXPERIMENT,adult,Female,gradient_boosting,group_threshold_calibrated,pre,strong_second_group,1a6f52e99e976851,"{""alpha_negative"": {""Female"": 0.25, ""Male"": 0.25}, ""alpha_positive"": {""Female"": 0.25, ""Male"": 0.75}, ""contestation_scenario"": ""strong_second_group"", ""rho_negative"": {""Female"": 0.05, ""Male"": 0.05}, ""rho_positive"": {""Female"": 0.8, ""Male"": 0.8}}",fnr,20,0.3545197740112994,0.03356837157511274,0.007506116073592377,0.33980778650705834,0.3692317615155405
REALDATA,SEMISYNTHETIC REAL-DATA EXPERIMENT,adult,Female,gradient_boosting,group_threshold_calibrated,pre,strong_second_group,1a6f52e99e976851,"{""alpha_negative"": {""Female"": 0.25, ""Male"": 0.25}, ""alpha_positive"": {""Female"": 0.25, ""Male"": 0.75}, ""contestation_scenario"": ""strong_second_group"", ""rho_negative"": {""Female"": 0.05, ""Male"": 0.05}, ""rho_positive"": {""Female"": 0.8, ""Male"": 0.8}}",fpr,20,0.031039861351819707,0.005833199908686998,0.0013043431522169692,0.028483348773474446,0.033596373930164965
REALDATA,SEMISYNTHETIC REAL-DATA EXPERIMENT,adult,Female,gradient_boosting,group_threshold_calibrated,pre,strong_second_group,1a6f52e99e976851,"{""alpha_negative"": {""Female"": 0.25, ""Male"": 0.25}, ""alpha_positive"": {""Female"": 0.25, ""Male"": 0.75}, ""contestation_scenario"": ""strong_second_group"", ""rho_negative"": {""Female"": 0.05, ""Male"": 0.05}, ""rho_positive"": {""Female"": 0.8, ""Male"": 0.8}}",n,20,3239.0,0.0,0.0,3239.0,3239.0
REALDATA,SEMISYNTHETIC REAL-DATA EXPERIMENT,adult,Female,gradient_boosting,group_threshold_calibrated,pre,strong_second_group,1a6f52e99e976851,"{""alpha_negative"": {""Female"": 0.25, ""Male"": 0.25}, ""alpha_positive"": {""Female"": 0.25, ""Male"": 0.75}, ""contestation_scenario"": ""strong_second_group"", ""rho_negative"": {""Female"": 0.05, ""Male"": 0.05}, ""rho_positive"": {""Female"": 0.8, ""Male"": 0.8}}",positive_rate,20,0.09819388700216111,0.008290025983818986,0.0018537061635058823,0.09456062292168958,0.10182715108263264
REALDATA,SEMISYNTHETIC REAL-DATA EXPERIMENT,adult,Female,gradient_boosting,group_threshold_calibrated,pre,strong_second_group,1a6f52e99e976851,"{""alpha_negative"": {""Female"": 0.25, ""Male"": 0.25}, ""alpha_positive"": {""Female"": 0.25, ""Male"": 0.75}, ""contestation_scenario"": ""strong_second_group"", ""rho_negative"": {""Female"": 0.05, ""Male"": 0.05}, ""rho_positive"": {""Female"": 0.8, ""Male"": 0.8}}",prevalence,20,0.10929299166409381,0.0,0.0,0.10929299166409381,0.10929299166409381
REALDATA,SEMISYNTHETIC REAL-DATA EXPERIMENT,adult,Female,gradient_boosting,group_threshold_calibrated,pre,strong_second_group,1a6f52e99e976851,"{""alpha_negative"": {""Female"": 0.25, ""Male"": 0.25}, ""alpha_positive"": {""Female"": 0.25, ""Male"": 0.75}, ""contestation_scenario"": ""strong_second_group"", ""rho_negative"": {""Female"": 0.05, ""Male"": 0.05}, ""rho_positive"": {""Female"": 0.8, ""Male"": 0.8}}",tnr,20,0.9689601386481803,0.005833199908687004,0.0013043431522169707,0.9664036260698351,0.9715166512265255
REALDATA,SEMISYNTHETIC REAL-DATA EXPERIMENT,adult,Female,gradient_boosting,group_threshold_calibrated,pre,strong_second_group,1a6f52e99e976851,"{""alpha_negative"": {""Female"": 0.25, ""Male"": 0.25}, ""alpha_positive"": {""Female"": 0.25, ""Male"": 0.75}, ""contestation_scenario"": ""strong_second_group"", ""rho_negative"": {""Female"": 0.05, ""Male"": 0.05}, ""rho_positive"": {""Female"": 0.8, ""Male"": 0.8}}",tpr,20,0.6454802259887006,0.033568371575112735,0.007506116073592376,0.6307682384844595,0.6601922134929417
REALDATA,SEMISYNTHETIC REAL-DATA EXPERIMENT,adult,Female,gradient_boosting,validation_selected_threshold,frozen_policy,equal_access,8b1b8b56ce23dea1,"{""alpha_negative"": {""Female"": 0.25, ""Male"": 0.25}, ""alpha_positive"": {""Female"": 0.5, ""Male"": 0.5}, ""contestation_scenario"": ""equal_access"", ""rho_negative"": {""Female"": 0.05, ""Male"": 0.05}, ""rho_positive"": {""Female"": 0.8, ""Male"": 0.8}}",decision_threshold,20,0.41150000000000003,0.03587624929055286,0.008022173219140479,0.3957765404904847,0.42722345950951535
REALDATA,SEMISYNTHETIC REAL-DATA EXPERIMENT,adult,Female,gradient_boosting,validation_selected_threshold,frozen_policy,moderate_first_group,58a445a909825bd5,"{""alpha_negative"": {""Female"": 0.25, ""Male"": 0.25}, ""alpha_positive"": {""Female"": 0.65, ""Male"": 0.35}, ""contestation_scenario"": ""moderate_first_group"", ""rho_negative"": {""Female"": 0.05, ""Male"": 0.05}, ""rho_positive"": {""Female"": 0.8, ""Male"": 0.8}}",decision_threshold,20,0.41150000000000003,0.03587624929055286,0.008022173219140479,0.3957765404904847,0.42722345950951535
REALDATA,SEMISYNTHETIC REAL-DATA EXPERIMENT,adult,Female,gradient_boosting,validation_selected_threshold,frozen_policy,moderate_second_group,f2d18f38dbf44f65,"{""alpha_negative"": {""Female"": 0.25, ""Male"": 0.25}, ""alpha_positive"": {""Female"": 0.35, ""Male"": 0.65}, ""contestation_scenario"": ""moderate_second_group"", ""rho_negative"": {""Female"": 0.05, ""Male"": 0.05}, ""rho_positive"": {""Female"": 0.8, ""Male"": 0.8}}",decision_threshold,20,0.41150000000000003,0.03587624929055286,0.008022173219140479,0.3957765404904847,0.42722345950951535
REALDATA,SEMISYNTHETIC REAL-DATA EXPERIMENT,adult,Female,gradient_boosting,validation_selected_threshold,frozen_policy,strong_first_group,80db5b8b411cb1ee,"{""alpha_negative"": {""Female"": 0.25, ""Male"": 0.25}, ""alpha_positive"": {""Female"": 0.75, ""Male"": 0.25}, ""contestation_scenario"": ""strong_first_group"", ""rho_negative"": {""Female"": 0.05, ""Male"": 0.05}, ""rho_positive"": {""Female"": 0.8, ""Male"": 0.8}}",decision_threshold,20,0.41150000000000003,0.03587624929055286,0.008022173219140479,0.3957765404904847,0.42722345950951535
REALDATA,SEMISYNTHETIC REAL-DATA EXPERIMENT,adult,Female,gradient_boosting,validation_selected_threshold,frozen_policy,strong_second_group,1a6f52e99e976851,"{""alpha_negative"": {""Female"": 0.25, ""Male"": 0.25}, ""alpha_positive"": {""Female"": 0.25, ""Male"": 0.75}, ""contestation_scenario"": ""strong_second_group"", ""rho_negative"": {""Female"": 0.05, ""Male"": 0.05}, ""rho_positive"": {""Female"": 0.8, ""Male"": 0.8}}",decision_threshold,20,0.41150000000000003,0.03587624929055286,0.008022173219140479,0.3957765404904847,0.42722345950951535
REALDATA,SEMISYNTHETIC REAL-DATA EXPERIMENT,adult,Female,logistic,group_threshold_calibrated,post,equal_access,8b1b8b56ce23dea1,"{""alpha_negative"": {""Female"": 0.25, ""Male"": 0.25}, ""alpha_positive"": {""Female"": 0.5, ""Male"": 0.5}, ""contestation_scenario"": ""equal_access"", ""rho_negative"": {""Female"": 0.05, ""Male"": 0.05}, ""rho_positive"": {""Female"": 0.8, ""Male"": 0.8}}",accuracy,20,0.9296387774004323,0.005043217111727232,0.0011276976287112241,0.9274284900481583,0.9318490647527063
REALDATA,SEMISYNTHETIC REAL-DATA EXPERIMENT,adult,Female,logistic,group_threshold_calibrated,post,equal_access,8b1b8b56ce23dea1,"{""alpha_negative"": {""Female"": 0.25, ""Male"": 0.25}, ""alpha_positive"": {""Female"": 0.5, ""Male"": 0.5}, ""contestation_scenario"": ""equal_access"", ""rho_negative"": {""Female"": 0.05, ""Male"": 0.05}, ""rho_positive"": {""Female"": 0.8, ""Male"": 0.8}}",fnr,20,0.24802259887005645,0.03239816729041685,0.007244450440778224,0.23382347600613113,0.2622217217339818
REALDATA,SEMISYNTHETIC REAL-DATA EXPERIMENT,adult,Female,logistic,group_threshold_calibrated,post,equal_access,8b1b8b56ce23dea1,"{""alpha_negative"": {""Female"": 0.25, ""Male"": 0.25}, ""alpha_positive"": {""Female"": 0.5, ""Male"": 0.5}, ""contestation_scenario"": ""equal_access"", ""rho_negative"": {""Female"": 0.05, ""Male"": 0.05}, ""rho_positive"": {""Female"": 0.8, ""Male"": 0.8}}",fpr,20,0.048561525129982616,0.007112412667421819,0.0015903838208385789,0.045444372841139,0.05167867741882623
REALDATA,SEMISYNTHETIC REAL-DATA EXPERIMENT,adult,Female,logistic,group_threshold_calibrated,post,equal_access,8b1b8b56ce23dea1,"{""alpha_negative"": {""Female"": 0.25, ""Male"": 0.25}, ""alpha_positive"": {""Female"": 0.5, ""Male"": 0.5}, ""contestation_scenario"": ""equal_access"", ""rho_negative"": {""Female"": 0.05, ""Male"": 0.05}, ""rho_positive"": {""Female"": 0.8, ""Male"": 0.8}}",n,20,3239.0,0.0,0.0,3239.0,3239.0
REALDATA,SEMISYNTHETIC REAL-DATA EXPERIMENT,adult,Female,logistic,group_threshold_calibrated,post,equal_access,8b1b8b56ce23dea1,"{""alpha_negative"": {""Female"": 0.25, ""Male"": 0.25}, ""alpha_positive"": {""Female"": 0.5, ""Male"": 0.5}, ""contestation_scenario"": ""equal_access"", ""rho_negative"": {""Female"": 0.05, ""Male"": 0.05}, ""rho_positive"": {""Female"": 0.8, ""Male"": 0.8}}",positive_rate,20,0.1254399506020376,0.008939137171854324,0.001998851837646149,0.12152220100025116,0.12935770020382406
REALDATA,SEMISYNTHETIC REAL-DATA EXPERIMENT,adult,Female,logistic,group_threshold_calibrated,post,equal_access,8b1b8b56ce23dea1,"{""alpha_negative"": {""Female"": 0.25, ""Male"": 0.25}, ""alpha_positive"": {""Female"": 0.5, ""Male"": 0.5}, ""contestation_scenario"": ""equal_access"", ""rho_negative"": {""Female"": 0.05, ""Male"": 0.05}, ""rho_positive"": {""Female"": 0.8, ""Male"": 0.8}}",prevalence,20,0.10929299166409381,0.0,0.0,0.10929299166409381,0.10929299166409381
REALDATA,SEMISYNTHETIC REAL-DATA EXPERIMENT,adult,Female,logistic,group_threshold_calibrated,post,equal_access,8b1b8b56ce23dea1,"{""alpha_negative"": {""Female"": 0.25, ""Male"": 0.25}, ""alpha_positive"": {""Female"": 0.5, ""Male"": 0.5}, ""contestation_scenario"": ""equal_access"", ""rho_negative"": {""Female"": 0.05, ""Male"": 0.05}, ""rho_positive"": {""Female"": 0.8, ""Male"": 0.8}}",tnr,20,0.9514384748700173,0.007112412667421879,0.0015903838208385925,0.9483213225811736,0.954555627158861
REALDATA,SEMISYNTHETIC REAL-DATA EXPERIMENT,adult,Female,logistic,group_threshold_calibrated,post,equal_access,8b1b8b56ce23dea1,"{""alpha_negative"": {""Female"": 0.25, ""Male"": 0.25}, ""alpha_positive"": {""Female"": 0.5, ""Male"": 0.5}, ""contestation_scenario"": ""equal_access"", ""rho_negative"": {""Female"": 0.05, ""Male"": 0.05}, ""rho_positive"": {""Female"": 0.8, ""Male"": 0.8}}",tpr,20,0.7519774011299435,0.032398167290416835,0.007244450440778221,0.7377782782660182,0.7661765239938688
REALDATA,SEMISYNTHETIC REAL-DATA EXPERIMENT,adult,Female,logistic,group_threshold_calibrated,post,moderate_first_group,58a445a909825bd5,"{""alpha_negative"": {""Female"": 0.25, ""Male"": 0.25}, ""alpha_positive"": {""Female"": 0.65, ""Male"": 0.35}, ""contestation_scenario"": ""moderate_first_group"", ""rho_negative"": {""Female"": 0.05, ""Male"": 0.05}, ""rho_positive"": {""Female"": 0.8, ""Male"": 0.8}}",accuracy,20,0.9352114850262426,0.004488888730384204,0.0010037460344571806,0.9332441427987066,0.9371788272537787
REALDATA,SEMISYNTHETIC REAL-DATA EXPERIMENT,adult,Female,logistic,group_threshold_calibrated,post,moderate_first_group,58a445a909825bd5,"{""alpha_negative"": {""Female"": 0.25, ""Male"": 0.25}, ""alpha_positive"": {""Female"": 0.65, ""Male"": 0.35}, ""contestation_scenario"": ""moderate_first_group"", ""rho_negative"": {""Female"": 0.05, ""Male"": 0.05}, ""rho_positive"": {""Female"": 0.8, ""Male"": 0.8}}",fnr,20,0.19788135593220335,0.027287778520364566,0.00610173277264938,0.18592195969781056,0.20984075216659615
REALDATA,SEMISYNTHETIC REAL-DATA EXPERIMENT,adult,Female,logistic,group_threshold_calibrated,post,moderate_first_group,58a445a909825bd5,"{""alpha_negative"": {""Female"": 0.25, ""Male"": 0.25}, ""alpha_positive"": {""Female"": 0.65, ""Male"": 0.35}, ""contestation_scenario"": ""moderate_first_group"", ""rho_negative"": {""Female"": 0.05, ""Male"": 0.05}, ""rho_positive"": {""Female"": 0.8, ""Male"": 0.8}}",fpr,20,0.04845753899480063,0.007342258490861316,0.001641778909394092,0.04523965233238821,0.05167542565721305
REALDATA,SEMISYNTHETIC REAL-DATA EXPERIMENT,adult,Female,logistic,group_threshold_calibrated,post,moderate_first_group,58a445a909825bd5,"{""alpha_negative"": {""Female"": 0.25, ""Male"": 0.25}, ""alpha_positive"": {""Female"": 0.65, ""Male"": 0.35}, ""contestation_scenario"": ""moderate_first_group"", ""rho_negative"": {""Female"": 0.05, ""Male"": 0.05}, ""rho_positive"": {""Female"": 0.8, ""Male"": 0.8}}",n,20,3239.0,0.0,0.0,3239.0,3239.0
REALDATA,SEMISYNTHETIC REAL-DATA EXPERIMENT,adult,Female,logistic,group_threshold_calibrated,post,moderate_first_group,58a445a909825bd5,"{""alpha_negative"": {""Female"": 0.25, ""Male"": 0.25}, ""alpha_positive"": {""Female"": 0.65, ""Male"": 0.35}, ""contestation_scenario"": ""moderate_first_group"", ""rho_negative"": {""Female"": 0.05, ""Male"": 0.05}, ""rho_positive"": {""Female"": 0.8, ""Male"": 0.8}}",positive_rate,20,0.13082741586909535,0.009120134440965552,0.0020393240573936015,0.1268303407166039,0.1348244910215868
REALDATA,SEMISYNTHETIC REAL-DATA EXPERIMENT,adult,Female,logistic,group_threshold_calibrated,post,moderate_first_group,58a445a909825bd5,"{""alpha_negative"": {""Female"": 0.25, ""Male"": 0.25}, ""alpha_positive"": {""Female"": 0.65, ""Male"": 0.35}, ""contestation_scenario"": ""moderate_first_group"", ""rho_negative"": {""Female"": 0.05, ""Male"": 0.05}, ""rho_positive"": {""Female"": 0.8, ""Male"": 0.8}}",prevalence,20,0.10929299166409381,0.0,0.0,0.10929299166409381,0.10929299166409381
REALDATA,SEMISYNTHETIC REAL-DATA EXPERIMENT,adult,Female,logistic,group_threshold_calibrated,post,moderate_first_group,58a445a909825bd5,"{""alpha_negative"": {""Female"": 0.25, ""Male"": 0.25}, ""alpha_positive"": {""Female"": 0.65, ""Male"": 0.35}, ""contestation_scenario"": ""moderate_first_group"", ""rho_negative"": {""Female"": 0.05, ""Male"": 0.05}, ""rho_positive"": {""Female"": 0.8, ""Male"": 0.8}}",tnr,20,0.9515424610051992,0.007342258490861335,0.0016417789093940963,0.9483245743427868,0.9547603476676116
REALDATA,SEMISYNTHETIC REAL-DATA EXPERIMENT,adult,Female,logistic,group_threshold_calibrated,post,moderate_first_group,58a445a909825bd5,"{""alpha_negative"": {""Female"": 0.25, ""Male"": 0.25}, ""alpha_positive"": {""Female"": 0.65, ""Male"": 0.35}, ""contestation_scenario"": ""moderate_first_group"", ""rho_negative"": {""Female"": 0.05, ""Male"": 0.05}, ""rho_positive"": {""Female"": 0.8, ""Male"": 0.8}}",tpr,20,0.8021186440677965,0.02728777852036458,0.006101732772649382,0.7901592478334037,0.8140780403021893
REALDATA,SEMISYNTHETIC REAL-DATA EXPERIMENT,adult,Female,logistic,group_threshold_calibrated,post,moderate_second_group,f2d18f38dbf44f65,"{""alpha_negative"": {""Female"": 0.25, ""Male"": 0.25}, ""alpha_positive"": {""Female"": 0.35, ""Male"": 0.65}, ""contestation_scenario"": ""moderate_second_group"", ""rho_negative"": {""Female"": 0.05, ""Male"": 0.05}, ""rho_positive"": {""Female"": 0.8, ""Male"": 0.8}}",accuracy,20,0.9245446125347329,0.003821364235076434,0.0008544830196417391,0.922869825816235,0.9262193992532307
REALDATA,SEMISYNTHETIC REAL-DATA EXPERIMENT,adult,Female,logistic,group_threshold_calibrated,post,moderate_second_group,f2d18f38dbf44f65,"{""alpha_negative"": {""Female"": 0.25, ""Male"": 0.25}, ""alpha_positive"": {""Female"": 0.35, ""Male"": 0.65}, ""contestation_scenario"": ""moderate_second_group"", ""rho_negative"": {""Female"": 0.05, ""Male"": 0.05}, ""rho_positive"": {""Female"": 0.8, ""Male"": 0.8}}",fnr,20,0.2927966101694915,0.038973299447907235,0.00871469468729756,0.27571580858238826,0.3098774117565947
REALDATA,SEMISYNTHETIC REAL-DATA EXPERIMENT,adult,Female,logistic,group_threshold_calibrated,post,moderate_second_group,f2d18f38dbf44f65,"{""alpha_negative"": {""Female"": 0.25, ""Male"": 0.25}, ""alpha_positive"": {""Female"": 0.35, ""Male"": 0.65}, ""contestation_scenario"": ""moderate_second_group"", ""rho_negative"": {""Female"": 0.05, ""Male"": 0.05}, ""rho_positive"": {""Female"": 0.8, ""Male"": 0.8}}",fpr,20,0.04878682842287689,0.007330428416830703,0.0016391336244229613,0.045574126519007885,0.051999530326745896
REALDATA,SEMISYNTHETIC REAL-DATA EXPERIMENT,adult,Female,logistic,group_threshold_calibrated,post,moderate_second_group,f2d18f38dbf44f65,"{""alpha_negative"": {""Female"": 0.25, ""Male"": 0.25}, ""alpha_positive"": {""Female"": 0.35, ""Male"": 0.65}, ""contestation_scenario"": ""moderate_second_group"", ""rho_negative"": {""Female"": 0.05, ""Male"": 0.05}, ""rho_positive"": {""Female"": 0.8, ""Male"": 0.8}}",n,20,3239.0,0.0,0.0,3239.0,3239.0
REALDATA,SEMISYNTHETIC REAL-DATA EXPERIMENT,adult,Female,logistic,group_threshold_calibrated,post,moderate_second_group,f2d18f38dbf44f65,"{""alpha_negative"": {""Female"": 0.25, ""Male"": 0.25}, ""alpha_positive"": {""Female"": 0.35, ""Male"": 0.65}, ""contestation_scenario"": ""moderate_second_group"", ""rho_negative"": {""Female"": 0.05, ""Male"": 0.05}, ""rho_positive"": {""Female"": 0.8, ""Male"": 0.8}}",positive_rate,20,0.12074714418030252,0.010341497783830431,0.002312429203380827,0.1162147829416761,0.12527950541892893
REALDATA,SEMISYNTHETIC REAL-DATA EXPERIMENT,adult,Female,logistic,group_threshold_calibrated,post,moderate_second_group,f2d18f38dbf44f65,"{""alpha_negative"": {""Female"": 0.25, ""Male"": 0.25}, ""alpha_positive"": {""Female"": 0.35, ""Male"": 0.65}, ""contestation_scenario"": ""moderate_second_group"", ""rho_negative"": {""Female"": 0.05, ""Male"": 0.05}, ""rho_positive"": {""Female"": 0.8, ""Male"": 0.8}}",prevalence,20,0.10929299166409381,0.0,0.0,0.10929299166409381,0.10929299166409381
REALDATA,SEMISYNTHETIC REAL-DATA EXPERIMENT,adult,Female,logistic,group_threshold_calibrated,post,moderate_second_group,f2d18f38dbf44f65,"{""alpha_negative"": {""Female"": 0.25, ""Male"": 0.25}, ""alpha_positive"": {""Female"": 0.35, ""Male"": 0.65}, ""contestation_scenario"": ""moderate_second_group"", ""rho_negative"": {""Female"": 0.05, ""Male"": 0.05}, ""rho_positive"": {""Female"": 0.8, ""Male"": 0.8}}",tnr,20,0.951213171577123,0.007330428416830727,0.0016391336244229668,0.948000469673254,0.9544258734809921
REALDATA,SEMISYNTHETIC REAL-DATA EXPERIMENT,adult,Female,logistic,group_threshold_calibrated,post,moderate_second_group,f2d18f38dbf44f65,"{""alpha_negative"": {""Female"": 0.25, ""Male"": 0.25}, ""alpha_positive"": {""Female"": 0.35, ""Male"": 0.65}, ""contestation_scenario"": ""moderate_second_group"", ""rho_negative"": {""Female"": 0.05, ""Male"": 0.05}, ""rho_positive"": {""Female"": 0.8, ""Male"": 0.8}}",tpr,20,0.7072033898305085,0.03897329944790722,0.008714694687297556,0.6901225882434052,0.7242841914176117
REALDATA,SEMISYNTHETIC REAL-DATA EXPERIMENT,adult,Female,logistic,group_threshold_calibrated,post,strong_first_group,80db5b8b411cb1ee,"{""alpha_negative"": {""Female"": 0.25, ""Male"": 0.25}, ""alpha_positive"": {""Female"": 0.75, ""Male"": 0.25}, ""contestation_scenario"": ""strong_first_group"", ""rho_negative"": {""Female"": 0.05, ""Male"": 0.05}, ""rho_positive"": {""Female"": 0.8, ""Male"": 0.8}}",accuracy,20,0.9387774004322322,0.005320304507171758,0.0011896562539034567,0.9364456741745815,0.941109126689883
REALDATA,SEMISYNTHETIC REAL-DATA EXPERIMENT,adult,Female,logistic,group_threshold_calibrated,post,strong_first_group,80db5b8b411cb1ee,"{""alpha_negative"": {""Female"": 0.25, ""Male"": 0.25}, ""alpha_positive"": {""Female"": 0.75, ""Male"": 0.25}, ""contestation_scenario"": ""strong_first_group"", ""rho_negative"": {""Female"": 0.05, ""Male"": 0.05}, ""rho_positive"": {""Female"": 0.8, ""Male"": 0.8}}",fnr,20,0.16483050847457623,0.02320903534974907,0.005189698073423453,0.15465870025066625,0.1750023166984862
REALDATA,SEMISYNTHETIC REAL-DATA EXPERIMENT,adult,Female,logistic,group_threshold_calibrated,post,strong_first_group,80db5b8b411cb1ee,"{""alpha_negative"": {""Female"": 0.25, ""Male"": 0.25}, ""alpha_positive"": {""Female"": 0.75, ""Male"": 0.25}, ""contestation_scenario"": ""strong_first_group"", ""rho_negative"": {""Female"": 0.05, ""Male"": 0.05}, ""rho_positive"": {""Female"": 0.8, ""Male"": 0.8}}",fpr,20,0.048509532062391635,0.007231944419361307,0.0016171119331192126,0.04533999267347798,0.05167907145130529
REALDATA,SEMISYNTHETIC REAL-DATA EXPERIMENT,adult,Female,logistic,group_threshold_calibrated,post,strong_first_group,80db5b8b411cb1ee,"{""alpha_negative"": {""Female"": 0.25, ""Male"": 0.25}, ""alpha_positive"": {""Female"": 0.75, ""Male"": 0.25}, ""contestation_scenario"": ""strong_first_group"", ""rho_negative"": {""Female"": 0.05, ""Male"": 0.05}, ""rho_positive"": {""Female"": 0.8, ""Male"": 0.8}}",n,20,3239.0,0.0,0.0,3239.0,3239.0
REALDATA,SEMISYNTHETIC REAL-DATA EXPERIMENT,adult,Female,logistic,group_threshold_calibrated,post,strong_first_group,80db5b8b411cb1ee,"{""alpha_negative"": {""Female"": 0.25, ""Male"": 0.25}, ""alpha_positive"": {""Female"": 0.75, ""Male"": 0.25}, ""contestation_scenario"": ""strong_first_group"", ""rho_negative"": {""Female"": 0.05, ""Male"": 0.05}, ""rho_positive"": {""Female"": 0.8, ""Male"": 0.8}}",positive_rate,20,0.1344859524544612,0.00821887177611164,0.0018377955989740057,0.13088387308047217,0.13808803182845025
REALDATA,SEMISYNTHETIC REAL-DATA EXPERIMENT,adult,Female,logistic,group_threshold_calibrated,post,strong_first_group,80db5b8b411cb1ee,"{""alpha_negative"": {""Female"": 0.25, ""Male"": 0.25}, ""alpha_positive"": {""Female"": 0.75, ""Male"": 0.25}, ""contestation_scenario"": ""strong_first_group"", ""rho_negative"": {""Female"": 0.05, ""Male"": 0.05}, ""rho_positive"": {""Female"": 0.8, ""Male"": 0.8}}",prevalence,20,0.10929299166409381,0.0,0.0,0.10929299166409381,0.10929299166409381
REALDATA,SEMISYNTHETIC REAL-DATA EXPERIMENT,adult,Female,logistic,group_threshold_calibrated,post,strong_first_group,80db5b8b411cb1ee,"{""alpha_negative"": {""Female"": 0.25, ""Male"": 0.25}, ""alpha_positive"": {""Female"": 0.75, ""Male"": 0.25}, ""contestation_scenario"": ""strong_first_group"", ""rho_negative"": {""Female"": 0.05, ""Male"": 0.05}, ""rho_positive"": {""Female"": 0.8, ""Male"": 0.8}}",tnr,20,0.9514904679376084,0.0072319444193613535,0.0016171119331192232,0.9483209285486948,0.954660007326522
REALDATA,SEMISYNTHETIC REAL-DATA EXPERIMENT,adult,Female,logistic,group_threshold_calibrated,post,strong_first_group,80db5b8b411cb1ee,"{""alpha_negative"": {""Female"": 0.25, ""Male"": 0.25}, ""alpha_positive"": {""Female"": 0.75, ""Male"": 0.25}, ""contestation_scenario"": ""strong_first_group"", ""rho_negative"": {""Female"": 0.05, ""Male"": 0.05}, ""rho_positive"": {""Female"": 0.8, ""Male"": 0.8}}",tpr,20,0.8351694915254237,0.023209035349749055,0.005189698073423449,0.8249976833015138,0.8453412997493337
REALDATA,SEMISYNTHETIC REAL-DATA EXPERIMENT,adult,Female,logistic,group_threshold_calibrated,post,strong_second_group,1a6f52e99e976851,"{""alpha_negative"": {""Female"": 0.25, ""Male"": 0.25}, ""alpha_positive"": {""Female"": 0.25, ""Male"": 0.75}, ""contestation_scenario"": ""strong_second_group"", ""rho_negative"": {""Female"": 0.05, ""Male"": 0.05}, ""rho_positive"": {""Female"": 0.8, ""Male"": 0.8}}",accuracy,20,0.9210713183081198,0.00412062144751754,0.0009213989666192801,0.919265376333546,0.9228772602826937
REALDATA,SEMISYNTHETIC REAL-DATA EXPERIMENT,adult,Female,logistic,group_threshold_calibrated,post,strong_second_group,1a6f52e99e976851,"{""alpha_negative"": {""Female"": 0.25, ""Male"": 0.25}, ""alpha_positive"": {""Female"": 0.25, ""Male"": 0.75}, ""contestation_scenario"": ""strong_second_group"", ""rho_negative"": {""Female"": 0.05, ""Male"": 0.05}, ""rho_positive"": {""Female"": 0.8, ""Male"": 0.8}}",fnr,20,0.32683615819209033,0.033973798382468036,0.0075967722637070925,0.31194648455522445,0.3417258318289562
REALDATA,SEMISYNTHETIC REAL-DATA EXPERIMENT,adult,Female,logistic,group_threshold_calibrated,post,strong_second_group,1a6f52e99e976851,"{""alpha_negative"": {""Female"": 0.25, ""Male"": 0.25}, ""alpha_positive"": {""Female"": 0.25, ""Male"": 0.75}, ""contestation_scenario"": ""strong_second_group"", ""rho_negative"": {""Female"": 0.05, ""Male"": 0.05}, ""rho_positive"": {""Female"": 0.8, ""Male"": 0.8}}",fpr,20,0.04850953206239163,0.0069090869213768264,0.0015449188018653328,0.045481491210735574,0.05153757291404768
REALDATA,SEMISYNTHETIC REAL-DATA EXPERIMENT,adult,Female,logistic,group_threshold_calibrated,post,strong_second_group,1a6f52e99e976851,"{""alpha_negative"": {""Female"": 0.25, ""Male"": 0.25}, ""alpha_positive"": {""Female"": 0.25, ""Male"": 0.75}, ""contestation_scenario"": ""strong_second_group"", ""rho_negative"": {""Female"": 0.05, ""Male"": 0.05}, ""rho_positive"": {""Female"": 0.8, ""Male"": 0.8}}",n,20,3239.0,0.0,0.0,3239.0,3239.0
REALDATA,SEMISYNTHETIC REAL-DATA EXPERIMENT,adult,Female,logistic,group_threshold_calibrated,post,strong_second_group,1a6f52e99e976851,"{""alpha_negative"": {""Female"": 0.25, ""Male"": 0.25}, ""alpha_positive"": {""Female"": 0.25, ""Male"": 0.75}, ""contestation_scenario"": ""strong_second_group"", ""rho_negative"": {""Female"": 0.05, ""Male"": 0.05}, ""rho_positive"": {""Female"": 0.8, ""Male"": 0.8}}",positive_rate,20,0.11677987033034884,0.00929179313125837,0.002077708107435934,0.11270756243977441,0.12085217822092327
REALDATA,SEMISYNTHETIC REAL-DATA EXPERIMENT,adult,Female,logistic,group_threshold_calibrated,post,strong_second_group,1a6f52e99e976851,"{""alpha_negative"": {""Female"": 0.25, ""Male"": 0.25}, ""alpha_positive"": {""Female"": 0.25, ""Male"": 0.75}, ""contestation_scenario"": ""strong_second_group"", ""rho_negative"": {""Female"": 0.05, ""Male"": 0.05}, ""rho_positive"": {""Female"": 0.8, ""Male"": 0.8}}",prevalence,20,0.10929299166409381,0.0,0.0,0.10929299166409381,0.10929299166409381
REALDATA,SEMISYNTHETIC REAL-DATA EXPERIMENT,adult,Female,logistic,group_threshold_calibrated,post,strong_second_group,1a6f52e99e976851,"{""alpha_negative"": {""Female"": 0.25, ""Male"": 0.25}, ""alpha_positive"": {""Female"": 0.25, ""Male"": 0.75}, ""contestation_scenario"": ""strong_second_group"", ""rho_negative"": {""Female"": 0.05, ""Male"": 0.05}, ""rho_positive"": {""Female"": 0.8, ""Male"": 0.8}}",tnr,20,0.9514904679376084,0.0069090869213768325,0.001544918801865334,0.9484624270859523,0.9545185087892645
REALDATA,SEMISYNTHETIC REAL-DATA EXPERIMENT,adult,Female,logistic,group_threshold_calibrated,post,strong_second_group,1a6f52e99e976851,"{""alpha_negative"": {""Female"": 0.25, ""Male"": 0.25}, ""alpha_positive"": {""Female"": 0.25, ""Male"": 0.75}, ""contestation_scenario"": ""strong_second_group"", ""rho_negative"": {""Female"": 0.05, ""Male"": 0.05}, ""rho_positive"": {""Female"": 0.8, ""Male"": 0.8}}",tpr,20,0.6731638418079096,0.03397379838246803,0.007596772263707091,0.6582741681710437,0.6880535154447754
REALDATA,SEMISYNTHETIC REAL-DATA EXPERIMENT,adult,Female,logistic,group_threshold_calibrated,pre,equal_access,8b1b8b56ce23dea1,"{""alpha_negative"": {""Female"": 0.25, ""Male"": 0.25}, ""alpha_positive"": {""Female"": 0.5, ""Male"": 0.5}, ""contestation_scenario"": ""equal_access"", ""rho_negative"": {""Female"": 0.05, ""Male"": 0.05}, ""rho_positive"": {""Female"": 0.8, ""Male"": 0.8}}",accuracy,20,0.9229391787588762,0.003030628502616128,0.0006776691346398061,0.9216109472549822,0.9242674102627703
REALDATA,SEMISYNTHETIC REAL-DATA EXPERIMENT,adult,Female,logistic,group_threshold_calibrated,pre,equal_access,8b1b8b56ce23dea1,"{""alpha_negative"": {""Female"": 0.25, ""Male"": 0.25}, ""alpha_positive"": {""Female"": 0.5, ""Male"": 0.5}, ""contestation_scenario"": ""equal_access"", ""rho_negative"": {""Female"": 0.05, ""Male"": 0.05}, ""rho_positive"": {""Female"": 0.8, ""Male"": 0.8}}",fnr,20,0.4100282485875706,0.04325355984805032,0.009671790008909598,0.39107154017010776,0.4289849570050334
REALDATA,SEMISYNTHETIC REAL-DATA EXPERIMENT,adult,Female,logistic,group_threshold_calibrated,pre,equal_access,8b1b8b56ce23dea1,"{""alpha_negative"": {""Female"": 0.25, ""Male"": 0.25}, ""alpha_positive"": {""Female"": 0.5, ""Male"": 0.5}, ""contestation_scenario"": ""equal_access"", ""rho_negative"": {""Female"": 0.05, ""Male"": 0.05}, ""rho_positive"": {""Female"": 0.8, ""Male"": 0.8}}",fpr,20,0.03620450606585784,0.006959242966622925,0.001556134034530616,0.03315448335817783,0.03925452877353784
REALDATA,SEMISYNTHETIC REAL-DATA EXPERIMENT,adult,Female,logistic,group_threshold_calibrated,pre,equal_access,8b1b8b56ce23dea1,"{""alpha_negative"": {""Female"": 0.25, ""Male"": 0.25}, ""alpha_positive"": {""Female"": 0.5, ""Male"": 0.5}, ""contestation_scenario"": ""equal_access"", ""rho_negative"": {""Female"": 0.05, ""Male"": 0.05}, ""rho_positive"": {""Female"": 0.8, ""Male"": 0.8}}",n,20,3239.0,0.0,0.0,3239.0,3239.0
REALDATA,SEMISYNTHETIC REAL-DATA EXPERIMENT,adult,Female,logistic,group_threshold_calibrated,pre,equal_access,8b1b8b56ce23dea1,"{""alpha_negative"": {""Female"": 0.25, ""Male"": 0.25}, ""alpha_positive"": {""Female"": 0.5, ""Male"": 0.5}, ""contestation_scenario"": ""equal_access"", ""rho_negative"": {""Female"": 0.05, ""Male"": 0.05}, ""rho_positive"": {""Female"": 0.8, ""Male"": 0.8}}",positive_rate,20,0.0967273849953689,0.010599842690882249,0.0023701968807617,0.09208179910907596,0.10137297088166183
REALDATA,SEMISYNTHETIC REAL-DATA EXPERIMENT,adult,Female,logistic,group_threshold_calibrated,pre,equal_access,8b1b8b56ce23dea1,"{""alpha_negative"": {""Female"": 0.25, ""Male"": 0.25}, ""alpha_positive"": {""Female"": 0.5, ""Male"": 0.5}, ""contestation_scenario"": ""equal_access"", ""rho_negative"": {""Female"": 0.05, ""Male"": 0.05}, ""rho_positive"": {""Female"": 0.8, ""Male"": 0.8}}",prevalence,20,0.10929299166409381,0.0,0.0,0.10929299166409381,0.10929299166409381
REALDATA,SEMISYNTHETIC REAL-DATA EXPERIMENT,adult,Female,logistic,group_threshold_calibrated,pre,equal_access,8b1b8b56ce23dea1,"{""alpha_negative"": {""Female"": 0.25, ""Male"": 0.25}, ""alpha_positive"": {""Female"": 0.5, ""Male"": 0.5}, ""contestation_scenario"": ""equal_access"", ""rho_negative"": {""Female"": 0.05, ""Male"": 0.05}, ""rho_positive"": {""Female"": 0.8, ""Male"": 0.8}}",tnr,20,0.9637954939341421,0.006959242966622944,0.0015561340345306201,0.960745471226462,0.9668455166418222
REALDATA,SEMISYNTHETIC REAL-DATA EXPERIMENT,adult,Female,logistic,group_threshold_calibrated,pre,equal_access,8b1b8b56ce23dea1,"{""alpha_negative"": {""Female"": 0.25, ""Male"": 0.25}, ""alpha_positive"": {""Female"": 0.5, ""Male"": 0.5}, ""contestation_scenario"": ""equal_access"", ""rho_negative"": {""Female"": 0.05, ""Male"": 0.05}, ""rho_positive"": {""Female"": 0.8, ""Male"": 0.8}}",tpr,20,0.5899717514124294,0.043253559848050314,0.009671790008909597,0.5710150429949666,0.6089284598298922
REALDATA,SEMISYNTHETIC REAL-DATA EXPERIMENT,adult,Female,logistic,group_threshold_calibrated,pre,moderate_first_group,58a445a909825bd5,"{""alpha_negative"": {""Female"": 0.25, ""Male"": 0.25}, ""alpha_positive"": {""Female"": 0.65, ""Male"": 0.35}, ""contestation_scenario"": ""moderate_first_group"", ""rho_negative"": {""Female"": 0.05, ""Male"": 0.05}, ""rho_positive"": {""Female"": 0.8, ""Male"": 0.8}}",accuracy,20,0.9229391787588762,0.003030628502616128,0.0006776691346398061,0.9216109472549822,0.9242674102627703
REALDATA,SEMISYNTHETIC REAL-DATA EXPERIMENT,adult,Female,logistic,group_threshold_calibrated,pre,moderate_first_group,58a445a909825bd5,"{""alpha_negative"": {""Female"": 0.25, ""Male"": 0.25}, ""alpha_positive"": {""Female"": 0.65, ""Male"": 0.35}, ""contestation_scenario"": ""moderate_first_group"", ""rho_negative"": {""Female"": 0.05, ""Male"": 0.05}, ""rho_positive"": {""Female"": 0.8, ""Male"": 0.8}}",fnr,20,0.4100282485875706,0.04325355984805032,0.009671790008909598,0.39107154017010776,0.4289849570050334
REALDATA,SEMISYNTHETIC REAL-DATA EXPERIMENT,adult,Female,logistic,group_threshold_calibrated,pre,moderate_first_group,58a445a909825bd5,"{""alpha_negative"": {""Female"": 0.25, ""Male"": 0.25}, ""alpha_positive"": {""Female"": 0.65, ""Male"": 0.35}, ""contestation_scenario"": ""moderate_first_group"", ""rho_negative"": {""Female"": 0.05, ""Male"": 0.05}, ""rho_positive"": {""Female"": 0.8, ""Male"": 0.8}}",fpr,20,0.03620450606585784,0.006959242966622925,0.001556134034530616,0.03315448335817783,0.03925452877353784
REALDATA,SEMISYNTHETIC REAL-DATA EXPERIMENT,adult,Female,logistic,group_threshold_calibrated,pre,moderate_first_group,58a445a909825bd5,"{""alpha_negative"": {""Female"": 0.25, ""Male"": 0.25}, ""alpha_positive"": {""Female"": 0.65, ""Male"": 0.35}, ""contestation_scenario"": ""moderate_first_group"", ""rho_negative"": {""Female"": 0.05, ""Male"": 0.05}, ""rho_positive"": {""Female"": 0.8, ""Male"": 0.8}}",n,20,3239.0,0.0,0.0,3239.0,3239.0
REALDATA,SEMISYNTHETIC REAL-DATA EXPERIMENT,adult,Female,logistic,group_threshold_calibrated,pre,moderate_first_group,58a445a909825bd5,"{""alpha_negative"": {""Female"": 0.25, ""Male"": 0.25}, ""alpha_positive"": {""Female"": 0.65, ""Male"": 0.35}, ""contestation_scenario"": ""moderate_first_group"", ""rho_negative"": {""Female"": 0.05, ""Male"": 0.05}, ""rho_positive"": {""Female"": 0.8, ""Male"": 0.8}}",positive_rate,20,0.0967273849953689,0.010599842690882249,0.0023701968807617,0.09208179910907596,0.10137297088166183
REALDATA,SEMISYNTHETIC REAL-DATA EXPERIMENT,adult,Female,logistic,group_threshold_calibrated,pre,moderate_first_group,58a445a909825bd5,"{""alpha_negative"": {""Female"": 0.25, ""Male"": 0.25}, ""alpha_positive"": {""Female"": 0.65, ""Male"": 0.35}, ""contestation_scenario"": ""moderate_first_group"", ""rho_negative"": {""Female"": 0.05, ""Male"": 0.05}, ""rho_positive"": {""Female"": 0.8, ""Male"": 0.8}}",prevalence,20,0.10929299166409381,0.0,0.0,0.10929299166409381,0.10929299166409381
REALDATA,SEMISYNTHETIC REAL-DATA EXPERIMENT,adult,Female,logistic,group_threshold_calibrated,pre,moderate_first_group,58a445a909825bd5,"{""alpha_negative"": {""Female"": 0.25, ""Male"": 0.25}, ""alpha_positive"": {""Female"": 0.65, ""Male"": 0.35}, ""contestation_scenario"": ""moderate_first_group"", ""rho_negative"": {""Female"": 0.05, ""Male"": 0.05}, ""rho_positive"": {""Female"": 0.8, ""Male"": 0.8}}",tnr,20,0.9637954939341421,0.006959242966622944,0.0015561340345306201,0.960745471226462,0.9668455166418222
REALDATA,SEMISYNTHETIC REAL-DATA EXPERIMENT,adult,Female,logistic,group_threshold_calibrated,pre,moderate_first_group,58a445a909825bd5,"{""alpha_negative"": {""Female"": 0.25, ""Male"": 0.25}, ""alpha_positive"": {""Female"": 0.65, ""Male"": 0.35}, ""contestation_scenario"": ""moderate_first_group"", ""rho_negative"": {""Female"": 0.05, ""Male"": 0.05}, ""rho_positive"": {""Female"": 0.8, ""Male"": 0.8}}",tpr,20,0.5899717514124294,0.043253559848050314,0.009671790008909597,0.5710150429949666,0.6089284598298922
REALDATA,SEMISYNTHETIC REAL-DATA EXPERIMENT,adult,Female,logistic,group_threshold_calibrated,pre,moderate_second_group,f2d18f38dbf44f65,"{""alpha_negative"": {""Female"": 0.25, ""Male"": 0.25}, ""alpha_positive"": {""Female"": 0.35, ""Male"": 0.65}, ""contestation_scenario"": ""moderate_second_group"", ""rho_negative"": {""Female"": 0.05, ""Male"": 0.05}, ""rho_positive"": {""Female"": 0.8, ""Male"": 0.8}}",accuracy,20,0.9229391787588762,0.003030628502616128,0.0006776691346398061,0.9216109472549822,0.9242674102627703
REALDATA,SEMISYNTHETIC REAL-DATA EXPERIMENT,adult,Female,logistic,group_threshold_calibrated,pre,moderate_second_group,f2d18f38dbf44f65,"{""alpha_negative"": {""Female"": 0.25, ""Male"": 0.25}, ""alpha_positive"": {""Female"": 0.35, ""Male"": 0.65}, ""contestation_scenario"": ""moderate_second_group"", ""rho_negative"": {""Female"": 0.05, ""Male"": 0.05}, ""rho_positive"": {""Female"": 0.8, ""Male"": 0.8}}",fnr,20,0.4100282485875706,0.04325355984805032,0.009671790008909598,0.39107154017010776,0.4289849570050334
REALDATA,SEMISYNTHETIC REAL-DATA EXPERIMENT,adult,Female,logistic,group_threshold_calibrated,pre,moderate_second_group,f2d18f38dbf44f65,"{""alpha_negative"": {""Female"": 0.25, ""Male"": 0.25}, ""alpha_positive"": {""Female"": 0.35, ""Male"": 0.65}, ""contestation_scenario"": ""moderate_second_group"", ""rho_negative"": {""Female"": 0.05, ""Male"": 0.05}, ""rho_positive"": {""Female"": 0.8, ""Male"": 0.8}}",fpr,20,0.03620450606585784,0.006959242966622925,0.001556134034530616,0.03315448335817783,0.03925452877353784
REALDATA,SEMISYNTHETIC REAL-DATA EXPERIMENT,adult,Female,logistic,group_threshold_calibrated,pre,moderate_second_group,f2d18f38dbf44f65,"{""alpha_negative"": {""Female"": 0.25, ""Male"": 0.25}, ""alpha_positive"": {""Female"": 0.35, ""Male"": 0.65}, ""contestation_scenario"": ""moderate_second_group"", ""rho_negative"": {""Female"": 0.05, ""Male"": 0.05}, ""rho_positive"": {""Female"": 0.8, ""Male"": 0.8}}",n,20,3239.0,0.0,0.0,3239.0,3239.0
REALDATA,SEMISYNTHETIC REAL-DATA EXPERIMENT,adult,Female,logistic,group_threshold_calibrated,pre,moderate_second_group,f2d18f38dbf44f65,"{""alpha_negative"": {""Female"": 0.25, ""Male"": 0.25}, ""alpha_positive"": {""Female"": 0.35, ""Male"": 0.65}, ""contestation_scenario"": ""moderate_second_group"", ""rho_negative"": {""Female"": 0.05, ""Male"": 0.05}, ""rho_positive"": {""Female"": 0.8, ""Male"": 0.8}}",positive_rate,20,0.0967273849953689,0.010599842690882249,0.0023701968807617,0.09208179910907596,0.10137297088166183
REALDATA,SEMISYNTHETIC REAL-DATA EXPERIMENT,adult,Female,logistic,group_threshold_calibrated,pre,moderate_second_group,f2d18f38dbf44f65,"{""alpha_negative"": {""Female"": 0.25, ""Male"": 0.25}, ""alpha_positive"": {""Female"": 0.35, ""Male"": 0.65}, ""contestation_scenario"": ""moderate_second_group"", ""rho_negative"": {""Female"": 0.05, ""Male"": 0.05}, ""rho_positive"": {""Female"": 0.8, ""Male"": 0.8}}",prevalence,20,0.10929299166409381,0.0,0.0,0.10929299166409381,0.10929299166409381
REALDATA,SEMISYNTHETIC REAL-DATA EXPERIMENT,adult,Female,logistic,group_threshold_calibrated,pre,moderate_second_group,f2d18f38dbf44f65,"{""alpha_negative"": {""Female"": 0.25, ""Male"": 0.25}, ""alpha_positive"": {""Female"": 0.35, ""Male"": 0.65}, ""contestation_scenario"": ""moderate_second_group"", ""rho_negative"": {""Female"": 0.05, ""Male"": 0.05}, ""rho_positive"": {""Female"": 0.8, ""Male"": 0.8}}",tnr,20,0.9637954939341421,0.006959242966622944,0.0015561340345306201,0.960745471226462,0.9668455166418222
REALDATA,SEMISYNTHETIC REAL-DATA EXPERIMENT,adult,Female,logistic,group_threshold_calibrated,pre,moderate_second_group,f2d18f38dbf44f65,"{""alpha_negative"": {""Female"": 0.25, ""Male"": 0.25}, ""alpha_positive"": {""Female"": 0.35, ""Male"": 0.65}, ""contestation_scenario"": ""moderate_second_group"", ""rho_negative"": {""Female"": 0.05, ""Male"": 0.05}, ""rho_positive"": {""Female"": 0.8, ""Male"": 0.8}}",tpr,20,0.5899717514124294,0.043253559848050314,0.009671790008909597,0.5710150429949666,0.6089284598298922
REALDATA,SEMISYNTHETIC REAL-DATA EXPERIMENT,adult,Female,logistic,group_threshold_calibrated,pre,strong_first_group,80db5b8b411cb1ee,"{""alpha_negative"": {""Female"": 0.25, ""Male"": 0.25}, ""alpha_positive"": {""Female"": 0.75, ""Male"": 0.25}, ""contestation_scenario"": ""strong_first_group"", ""rho_negative"": {""Female"": 0.05, ""Male"": 0.05}, ""rho_positive"": {""Female"": 0.8, ""Male"": 0.8}}",accuracy,20,0.9229391787588762,0.003030628502616128,0.0006776691346398061,0.9216109472549822,0.9242674102627703
REALDATA,SEMISYNTHETIC REAL-DATA EXPERIMENT,adult,Female,logistic,group_threshold_calibrated,pre,strong_first_group,80db5b8b411cb1ee,"{""alpha_negative"": {""Female"": 0.25, ""Male"": 0.25}, ""alpha_positive"": {""Female"": 0.75, ""Male"": 0.25}, ""contestation_scenario"": ""strong_first_group"", ""rho_negative"": {""Female"": 0.05, ""Male"": 0.05}, ""rho_positive"": {""Female"": 0.8, ""Male"": 0.8}}",fnr,20,0.4100282485875706,0.04325355984805032,0.009671790008909598,0.39107154017010776,0.4289849570050334
REALDATA,SEMISYNTHETIC REAL-DATA EXPERIMENT,adult,Female,logistic,group_threshold_calibrated,pre,strong_first_group,80db5b8b411cb1ee,"{""alpha_negative"": {""Female"": 0.25, ""Male"": 0.25}, ""alpha_positive"": {""Female"": 0.75, ""Male"": 0.25}, ""contestation_scenario"": ""strong_first_group"", ""rho_negative"": {""Female"": 0.05, ""Male"": 0.05}, ""rho_positive"": {""Female"": 0.8, ""Male"": 0.8}}",fpr,20,0.03620450606585784,0.006959242966622925,0.001556134034530616,0.03315448335817783,0.03925452877353784
REALDATA,SEMISYNTHETIC REAL-DATA EXPERIMENT,adult,Female,logistic,group_threshold_calibrated,pre,strong_first_group,80db5b8b411cb1ee,"{""alpha_negative"": {""Female"": 0.25, ""Male"": 0.25}, ""alpha_positive"": {""Female"": 0.75, ""Male"": 0.25}, ""contestation_scenario"": ""strong_first_group"", ""rho_negative"": {""Female"": 0.05, ""Male"": 0.05}, ""rho_positive"": {""Female"": 0.8, ""Male"": 0.8}}",n,20,3239.0,0.0,0.0,3239.0,3239.0
REALDATA,SEMISYNTHETIC REAL-DATA EXPERIMENT,adult,Female,logistic,group_threshold_calibrated,pre,strong_first_group,80db5b8b411cb1ee,"{""alpha_negative"": {""Female"": 0.25, ""Male"": 0.25}, ""alpha_positive"": {""Female"": 0.75, ""Male"": 0.25}, ""contestation_scenario"": ""strong_first_group"", ""rho_negative"": {""Female"": 0.05, ""Male"": 0.05}, ""rho_positive"": {""Female"": 0.8, ""Male"": 0.8}}",positive_rate,20,0.0967273849953689,0.010599842690882249,0.0023701968807617,0.09208179910907596,0.10137297088166183
REALDATA,SEMISYNTHETIC REAL-DATA EXPERIMENT,adult,Female,logistic,group_threshold_calibrated,pre,strong_first_group,80db5b8b411cb1ee,"{""alpha_negative"": {""Female"": 0.25, ""Male"": 0.25}, ""alpha_positive"": {""Female"": 0.75, ""Male"": 0.25}, ""contestation_scenario"": ""strong_first_group"", ""rho_negative"": {""Female"": 0.05, ""Male"": 0.05}, ""rho_positive"": {""Female"": 0.8, ""Male"": 0.8}}",prevalence,20,0.10929299166409381,0.0,0.0,0.10929299166409381,0.10929299166409381
REALDATA,SEMISYNTHETIC REAL-DATA EXPERIMENT,adult,Female,logistic,group_threshold_calibrated,pre,strong_first_group,80db5b8b411cb1ee,"{""alpha_negative"": {""Female"": 0.25, ""Male"": 0.25}, ""alpha_positive"": {""Female"": 0.75, ""Male"": 0.25}, ""contestation_scenario"": ""strong_first_group"", ""rho_negative"": {""Female"": 0.05, ""Male"": 0.05}, ""rho_positive"": {""Female"": 0.8, ""Male"": 0.8}}",tnr,20,0.9637954939341421,0.006959242966622944,0.0015561340345306201,0.960745471226462,0.9668455166418222
REALDATA,SEMISYNTHETIC REAL-DATA EXPERIMENT,adult,Female,logistic,group_threshold_calibrated,pre,strong_first_group,80db5b8b411cb1ee,"{""alpha_negative"": {""Female"": 0.25, ""Male"": 0.25}, ""alpha_positive"": {""Female"": 0.75, ""Male"": 0.25}, ""contestation_scenario"": ""strong_first_group"", ""rho_negative"": {""Female"": 0.05, ""Male"": 0.05}, ""rho_positive"": {""Female"": 0.8, ""Male"": 0.8}}",tpr,20,0.5899717514124294,0.043253559848050314,0.009671790008909597,0.5710150429949666,0.6089284598298922
REALDATA,SEMISYNTHETIC REAL-DATA EXPERIMENT,adult,Female,logistic,group_threshold_calibrated,pre,strong_second_group,1a6f52e99e976851,"{""alpha_negative"": {""Female"": 0.25, ""Male"": 0.25}, ""alpha_positive"": {""Female"": 0.25, ""Male"": 0.75}, ""contestation_scenario"": ""strong_second_group"", ""rho_negative"": {""Female"": 0.05, ""Male"": 0.05}, ""rho_positive"": {""Female"": 0.8, ""Male"": 0.8}}",accuracy,20,0.9229391787588762,0.003030628502616128,0.0006776691346398061,0.9216109472549822,0.9242674102627703
REALDATA,SEMISYNTHETIC REAL-DATA EXPERIMENT,adult,Female,logistic,group_threshold_calibrated,pre,strong_second_group,1a6f52e99e976851,"{""alpha_negative"": {""Female"": 0.25, ""Male"": 0.25}, ""alpha_positive"": {""Female"": 0.25, ""Male"": 0.75}, ""contestation_scenario"": ""strong_second_group"", ""rho_negative"": {""Female"": 0.05, ""Male"": 0.05}, ""rho_positive"": {""Female"": 0.8, ""Male"": 0.8}}",fnr,20,0.4100282485875706,0.04325355984805032,0.009671790008909598,0.39107154017010776,0.4289849570050334
REALDATA,SEMISYNTHETIC REAL-DATA EXPERIMENT,adult,Female,logistic,group_threshold_calibrated,pre,strong_second_group,1a6f52e99e976851,"{""alpha_negative"": {""Female"": 0.25, ""Male"": 0.25}, ""alpha_positive"": {""Female"": 0.25, ""Male"": 0.75}, ""contestation_scenario"": ""strong_second_group"", ""rho_negative"": {""Female"": 0.05, ""Male"": 0.05}, ""rho_positive"": {""Female"": 0.8, ""Male"": 0.8}}",fpr,20,0.03620450606585784,0.006959242966622925,0.001556134034530616,0.03315448335817783,0.03925452877353784
REALDATA,SEMISYNTHETIC REAL-DATA EXPERIMENT,adult,Female,logistic,group_threshold_calibrated,pre,strong_second_group,1a6f52e99e976851,"{""alpha_negative"": {""Female"": 0.25, ""Male"": 0.25}, ""alpha_positive"": {""Female"": 0.25, ""Male"": 0.75}, ""contestation_scenario"": ""strong_second_group"", ""rho_negative"": {""Female"": 0.05, ""Male"": 0.05}, ""rho_positive"": {""Female"": 0.8, ""Male"": 0.8}}",n,20,3239.0,0.0,0.0,3239.0,3239.0
REALDATA,SEMISYNTHETIC REAL-DATA EXPERIMENT,adult,Female,logistic,group_threshold_calibrated,pre,strong_second_group,1a6f52e99e976851,"{""alpha_negative"": {""Female"": 0.25, ""Male"": 0.25}, ""alpha_positive"": {""Female"": 0.25, ""Male"": 0.75}, ""contestation_scenario"": ""strong_second_group"", ""rho_negative"": {""Female"": 0.05, ""Male"": 0.05}, ""rho_positive"": {""Female"": 0.8, ""Male"": 0.8}}",positive_rate,20,0.0967273849953689,0.010599842690882249,0.0023701968807617,0.09208179910907596,0.10137297088166183
REALDATA,SEMISYNTHETIC REAL-DATA EXPERIMENT,adult,Female,logistic,group_threshold_calibrated,pre,strong_second_group,1a6f52e99e976851,"{""alpha_negative"": {""Female"": 0.25, ""Male"": 0.25}, ""alpha_positive"": {""Female"": 0.25, ""Male"": 0.75}, ""contestation_scenario"": ""strong_second_group"", ""rho_negative"": {""Female"": 0.05, ""Male"": 0.05}, ""rho_positive"": {""Female"": 0.8, ""Male"": 0.8}}",prevalence,20,0.10929299166409381,0.0,0.0,0.10929299166409381,0.10929299166409381
REALDATA,SEMISYNTHETIC REAL-DATA EXPERIMENT,adult,Female,logistic,group_threshold_calibrated,pre,strong_second_group,1a6f52e99e976851,"{""alpha_negative"": {""Female"": 0.25, ""Male"": 0.25}, ""alpha_positive"": {""Female"": 0.25, ""Male"": 0.75}, ""contestation_scenario"": ""strong_second_group"", ""rho_negative"": {""Female"": 0.05, ""Male"": 0.05}, ""rho_positive"": {""Female"": 0.8, ""Male"": 0.8}}",tnr,20,0.9637954939341421,0.006959242966622944,0.0015561340345306201,0.960745471226462,0.9668455166418222
REALDATA,SEMISYNTHETIC REAL-DATA EXPERIMENT,adult,Female,logistic,group_threshold_calibrated,pre,strong_second_group,1a6f52e99e976851,"{""alpha_negative"": {""Female"": 0.25, ""Male"": 0.25}, ""alpha_positive"": {""Female"": 0.25, ""Male"": 0.75}, ""contestation_scenario"": ""strong_second_group"", ""rho_negative"": {""Female"": 0.05, ""Male"": 0.05}, ""rho_positive"": {""Female"": 0.8, ""Male"": 0.8}}",tpr,20,0.5899717514124294,0.043253559848050314,0.009671790008909597,0.5710150429949666,0.6089284598298922
REALDATA,SEMISYNTHETIC REAL-DATA EXPERIMENT,adult,Female,logistic,validation_selected_threshold,frozen_policy,equal_access,8b1b8b56ce23dea1,"{""alpha_negative"": {""Female"": 0.25, ""Male"": 0.25}, ""alpha_positive"": {""Female"": 0.5, ""Male"": 0.5}, ""contestation_scenario"": ""equal_access"", ""rho_negative"": {""Female"": 0.05, ""Male"": 0.05}, ""rho_positive"": {""Female"": 0.8, ""Male"": 0.8}}",decision_threshold,20,0.40700000000000003,0.03262223975014269,0.00729455456596148,0.39270267305071554,0.4212973269492845
REALDATA,SEMISYNTHETIC REAL-DATA EXPERIMENT,adult,Female,logistic,validation_selected_threshold,frozen_policy,moderate_first_group,58a445a909825bd5,"{""alpha_negative"": {""Female"": 0.25, ""Male"": 0.25}, ""alpha_positive"": {""Female"": 0.65, ""Male"": 0.35}, ""contestation_scenario"": ""moderate_first_group"", ""rho_negative"": {""Female"": 0.05, ""Male"": 0.05}, ""rho_positive"": {""Female"": 0.8, ""Male"": 0.8}}",decision_threshold,20,0.40700000000000003,0.03262223975014269,0.00729455456596148,0.39270267305071554,0.4212973269492845
REALDATA,SEMISYNTHETIC REAL-DATA EXPERIMENT,adult,Female,logistic,validation_selected_threshold,frozen_policy,moderate_second_group,f2d18f38dbf44f65,"{""alpha_negative"": {""Female"": 0.25, ""Male"": 0.25}, ""alpha_positive"": {""Female"": 0.35, ""Male"": 0.65}, ""contestation_scenario"": ""moderate_second_group"", ""rho_negative"": {""Female"": 0.05, ""Male"": 0.05}, ""rho_positive"": {""Female"": 0.8, ""Male"": 0.8}}",decision_threshold,20,0.40700000000000003,0.03262223975014269,0.00729455456596148,0.39270267305071554,0.4212973269492845
REALDATA,SEMISYNTHETIC REAL-DATA EXPERIMENT,adult,Female,logistic,validation_selected_threshold,frozen_policy,strong_first_group,80db5b8b411cb1ee,"{""alpha_negative"": {""Female"": 0.25, ""Male"": 0.25}, ""alpha_positive"": {""Female"": 0.75, ""Male"": 0.25}, ""contestation_scenario"": ""strong_first_group"", ""rho_negative"": {""Female"": 0.05, ""Male"": 0.05}, ""rho_positive"": {""Female"": 0.8, ""Male"": 0.8}}",decision_threshold,20,0.40700000000000003,0.03262223975014269,0.00729455456596148,0.39270267305071554,0.4212973269492845
REALDATA,SEMISYNTHETIC REAL-DATA EXPERIMENT,adult,Female,logistic,validation_selected_threshold,frozen_policy,strong_second_group,1a6f52e99e976851,"{""alpha_negative"": {""Female"": 0.25, ""Male"": 0.25}, ""alpha_positive"": {""Female"": 0.25, ""Male"": 0.75}, ""contestation_scenario"": ""strong_second_group"", ""rho_negative"": {""Female"": 0.05, ""Male"": 0.05}, ""rho_positive"": {""Female"": 0.8, ""Male"": 0.8}}",decision_threshold,20,0.40700000000000003,0.03262223975014269,0.00729455456596148,0.39270267305071554,0.4212973269492845
REALDATA,SEMISYNTHETIC REAL-DATA EXPERIMENT,adult,Female,random_forest,group_threshold_calibrated,post,equal_access,8b1b8b56ce23dea1,"{""alpha_negative"": {""Female"": 0.25, ""Male"": 0.25}, ""alpha_positive"": {""Female"": 0.5, ""Male"": 0.5}, ""contestation_scenario"": ""equal_access"", ""rho_negative"": {""Female"": 0.05, ""Male"": 0.05}, ""rho_positive"": {""Female"": 0.8, ""Male"": 0.8}}",accuracy,20,0.9395955541833899,0.0035756815263322645,0.0007995466958769147,0.9380284426594712,0.9411626657073087
REALDATA,SEMISYNTHETIC REAL-DATA EXPERIMENT,adult,Female,random_forest,group_threshold_calibrated,post,equal_access,8b1b8b56ce23dea1,"{""alpha_negative"": {""Female"": 0.25, ""Male"": 0.25}, ""alpha_positive"": {""Female"": 0.5, ""Male"": 0.5}, ""contestation_scenario"": ""equal_access"", ""rho_negative"": {""Female"": 0.05, ""Male"": 0.05}, ""rho_positive"": {""Female"": 0.8, ""Male"": 0.8}}",fnr,20,0.2831920903954802,0.031213360564705788,0.0069795196028893365,0.26951223197381713,0.2968719488171433
REALDATA,SEMISYNTHETIC REAL-DATA EXPERIMENT,adult,Female,random_forest,group_threshold_calibrated,post,equal_access,8b1b8b56ce23dea1,"{""alpha_negative"": {""Female"": 0.25, ""Male"": 0.25}, ""alpha_positive"": {""Female"": 0.5, ""Male"": 0.5}, ""contestation_scenario"": ""equal_access"", ""rho_negative"": {""Female"": 0.05, ""Male"": 0.05}, ""rho_positive"": {""Female"": 0.8, ""Male"": 0.8}}",fpr,20,0.03306759098786823,0.005110865667150551,0.0011428243055618445,0.030827655348967017,0.03530752662676945
REALDATA,SEMISYNTHETIC REAL-DATA EXPERIMENT,adult,Female,random_forest,group_threshold_calibrated,post,equal_access,8b1b8b56ce23dea1,"{""alpha_negative"": {""Female"": 0.25, ""Male"": 0.25}, ""alpha_positive"": {""Female"": 0.5, ""Male"": 0.5}, ""contestation_scenario"": ""equal_access"", ""rho_negative"": {""Female"": 0.05, ""Male"": 0.05}, ""rho_positive"": {""Female"": 0.8, ""Male"": 0.8}}",n,20,3239.0,0.0,0.0,3239.0,3239.0
REALDATA,SEMISYNTHETIC REAL-DATA EXPERIMENT,adult,Female,random_forest,group_threshold_calibrated,post,equal_access,8b1b8b56ce23dea1,"{""alpha_negative"": {""Female"": 0.25, ""Male"": 0.25}, ""alpha_positive"": {""Female"": 0.5, ""Male"": 0.5}, ""contestation_scenario"": ""equal_access"", ""rho_negative"": {""Female"": 0.05, ""Male"": 0.05}, ""rho_positive"": {""Female"": 0.8, ""Male"": 0.8}}",positive_rate,20,0.10779561593084282,0.007206691308206837,0.0016114651658007376,0.10463714420587338,0.11095408765581226
REALDATA,SEMISYNTHETIC REAL-DATA EXPERIMENT,adult,Female,random_forest,group_threshold_calibrated,post,equal_access,8b1b8b56ce23dea1,"{""alpha_negative"": {""Female"": 0.25, ""Male"": 0.25}, ""alpha_positive"": {""Female"": 0.5, ""Male"": 0.5}, ""contestation_scenario"": ""equal_access"", ""rho_negative"": {""Female"": 0.05, ""Male"": 0.05}, ""rho_positive"": {""Female"": 0.8, ""Male"": 0.8}}",prevalence,20,0.10929299166409381,0.0,0.0,0.10929299166409381,0.10929299166409381
REALDATA,SEMISYNTHETIC REAL-DATA EXPERIMENT,adult,Female,random_forest,group_threshold_calibrated,post,equal_access,8b1b8b56ce23dea1,"{""alpha_negative"": {""Female"": 0.25, ""Male"": 0.25}, ""alpha_positive"": {""Female"": 0.5, ""Male"": 0.5}, ""contestation_scenario"": ""equal_access"", ""rho_negative"": {""Female"": 0.05, ""Male"": 0.05}, ""rho_positive"": {""Female"": 0.8, ""Male"": 0.8}}",tnr,20,0.9669324090121318,0.0051108656671505414,0.0011428243055618425,0.9646924733732306,0.9691723446510331
REALDATA,SEMISYNTHETIC REAL-DATA EXPERIMENT,adult,Female,random_forest,group_threshold_calibrated,post,equal_access,8b1b8b56ce23dea1,"{""alpha_negative"": {""Female"": 0.25, ""Male"": 0.25}, ""alpha_positive"": {""Female"": 0.5, ""Male"": 0.5}, ""contestation_scenario"": ""equal_access"", ""rho_negative"": {""Female"": 0.05, ""Male"": 0.05}, ""rho_positive"": {""Female"": 0.8, ""Male"": 0.8}}",tpr,20,0.7168079096045198,0.03121336056470578,0.006979519602889335,0.7031280511828567,0.7304877680261829
REALDATA,SEMISYNTHETIC REAL-DATA EXPERIMENT,adult,Female,random_forest,group_threshold_calibrated,post,moderate_first_group,58a445a909825bd5,"{""alpha_negative"": {""Female"": 0.25, ""Male"": 0.25}, ""alpha_positive"": {""Female"": 0.65, ""Male"": 0.35}, ""contestation_scenario"": ""moderate_first_group"", ""rho_negative"": {""Female"": 0.05, ""Male"": 0.05}, ""rho_positive"": {""Female"": 0.8, ""Male"": 0.8}}",accuracy,20,0.9461870947823403,0.003322334313631264,0.0007428965369259612,0.9447310175699655,0.9476431719947151
REALDATA,SEMISYNTHETIC REAL-DATA EXPERIMENT,adult,Female,random_forest,group_threshold_calibrated,post,moderate_first_group,58a445a909825bd5,"{""alpha_negative"": {""Female"": 0.25, ""Male"": 0.25}, ""alpha_positive"": {""Female"": 0.65, ""Male"": 0.35}, ""contestation_scenario"": ""moderate_first_group"", ""rho_negative"": {""Female"": 0.05, ""Male"": 0.05}, ""rho_positive"": {""Female"": 0.8, ""Male"": 0.8}}",fnr,20,0.22118644067796608,0.02405891624604366,0.005379737219112768,0.21064215572850506,0.2317307256274271
REALDATA,SEMISYNTHETIC REAL-DATA EXPERIMENT,adult,Female,random_forest,group_threshold_calibrated,post,moderate_first_group,58a445a909825bd5,"{""alpha_negative"": {""Female"": 0.25, ""Male"": 0.25}, ""alpha_positive"": {""Female"": 0.65, ""Male"": 0.35}, ""contestation_scenario"": ""moderate_first_group"", ""rho_negative"": {""Female"": 0.05, ""Male"": 0.05}, ""rho_positive"": {""Female"": 0.8, ""Male"": 0.8}}",fpr,20,0.03327556325823218,0.005079342094038448,0.0011357754203246099,0.031049443434395946,0.035501683082068414
REALDATA,SEMISYNTHETIC REAL-DATA EXPERIMENT,adult,Female,random_forest,group_threshold_calibrated,post,moderate_first_group,58a445a909825bd5,"{""alpha_negative"": {""Female"": 0.25, ""Male"": 0.25}, ""alpha_positive"": {""Female"": 0.65, ""Male"": 0.35}, ""contestation_scenario"": ""moderate_first_group"", ""rho_negative"": {""Female"": 0.05, ""Male"": 0.05}, ""rho_positive"": {""Female"": 0.8, ""Male"": 0.8}}",n,20,3239.0,0.0,0.0,3239.0,3239.0
REALDATA,SEMISYNTHETIC REAL-DATA EXPERIMENT,adult,Female,random_forest,group_threshold_calibrated,post,moderate_first_group,58a445a909825bd5,"{""alpha_negative"": {""Female"": 0.25, ""Male"": 0.25}, ""alpha_positive"": {""Female"": 0.65, ""Male"": 0.35}, ""contestation_scenario"": ""moderate_first_group"", ""rho_negative"": {""Female"": 0.05, ""Male"": 0.05}, ""rho_positive"": {""Female"": 0.8, ""Male"": 0.8}}",positive_rate,20,0.11475764124729851,0.006612654695273353,0.0014786345410364374,0.11185951754686708,0.11765576494772993
REALDATA,SEMISYNTHETIC REAL-DATA EXPERIMENT,adult,Female,random_forest,group_threshold_calibrated,post,moderate_first_group,58a445a909825bd5,"{""alpha_negative"": {""Female"": 0.25, ""Male"": 0.25}, ""alpha_positive"": {""Female"": 0.65, ""Male"": 0.35}, ""contestation_scenario"": ""moderate_first_group"", ""rho_negative"": {""Female"": 0.05, ""Male"": 0.05}, ""rho_positive"": {""Female"": 0.8, ""Male"": 0.8}}",prevalence,20,0.10929299166409381,0.0,0.0,0.10929299166409381,0.10929299166409381
REALDATA,SEMISYNTHETIC REAL-DATA EXPERIMENT,adult,Female,random_forest,group_threshold_calibrated,post,moderate_first_group,58a445a909825bd5,"{""alpha_negative"": {""Female"": 0.25, ""Male"": 0.25}, ""alpha_positive"": {""Female"": 0.65, ""Male"": 0.35}, ""contestation_scenario"": ""moderate_first_group"", ""rho_negative"": {""Female"": 0.05, ""Male"": 0.05}, ""rho_positive"": {""Female"": 0.8, ""Male"": 0.8}}",tnr,20,0.9667244367417677,0.00507934209403843,0.001135775420324606,0.9644983169179314,0.9689505565656039
REALDATA,SEMISYNTHETIC REAL-DATA EXPERIMENT,adult,Female,random_forest,group_threshold_calibrated,post,moderate_first_group,58a445a909825bd5,"{""alpha_negative"": {""Female"": 0.25, ""Male"": 0.25}, ""alpha_positive"": {""Female"": 0.65, ""Male"": 0.35}, ""contestation_scenario"": ""moderate_first_group"", ""rho_negative"": {""Female"": 0.05, ""Male"": 0.05}, ""rho_positive"": {""Female"": 0.8, ""Male"": 0.8}}",tpr,20,0.7788135593220339,0.02405891624604367,0.00537973721911277,0.7682692743725729,0.7893578442714949
REALDATA,SEMISYNTHETIC REAL-DATA EXPERIMENT,adult,Female,random_forest,group_threshold_calibrated,post,moderate_second_group,f2d18f38dbf44f65,"{""alpha_negative"": {""Female"": 0.25, ""Male"": 0.25}, ""alpha_positive"": {""Female"": 0.35, ""Male"": 0.65}, ""contestation_scenario"": ""moderate_second_group"", ""rho_negative"": {""Female"": 0.05, ""Male"": 0.05}, ""rho_positive"": {""Female"": 0.8, ""Male"": 0.8}}",accuracy,20,0.9334979932077803,0.0035235651440252967,0.00078789311851894,0.9319537226954832,0.9350422637200774
REALDATA,SEMISYNTHETIC REAL-DATA EXPERIMENT,adult,Female,random_forest,group_threshold_calibrated,post,moderate_second_group,f2d18f38dbf44f65,"{""alpha_negative"": {""Female"": 0.25, ""Male"": 0.25}, ""alpha_positive"": {""Female"": 0.35, ""Male"": 0.65}, ""contestation_scenario"": ""moderate_second_group"", ""rho_negative"": {""Female"": 0.05, ""Male"": 0.05}, ""rho_positive"": {""Female"": 0.8, ""Male"": 0.8}}",fnr,20,0.33799435028248587,0.03445468419713488,0.007704301600808134,0.3228939191449019,0.35309478142006984
REALDATA,SEMISYNTHETIC REAL-DATA EXPERIMENT,adult,Female,random_forest,group_threshold_calibrated,post,moderate_second_group,f2d18f38dbf44f65,"{""alpha_negative"": {""Female"": 0.25, ""Male"": 0.25}, ""alpha_positive"": {""Female"": 0.35, ""Male"": 0.65}, ""contestation_scenario"": ""moderate_second_group"", ""rho_negative"": {""Female"": 0.05, ""Male"": 0.05}, ""rho_positive"": {""Female"": 0.8, ""Male"": 0.8}}",fpr,20,0.03318890814558053,0.004732453259624072,0.0010582087188859887,0.03111481905656399,0.03526299723459707
REALDATA,SEMISYNTHETIC REAL-DATA EXPERIMENT,adult,Female,random_forest,group_threshold_calibrated,post,moderate_second_group,f2d18f38dbf44f65,"{""alpha_negative"": {""Female"": 0.25, ""Male"": 0.25}, ""alpha_positive"": {""Female"": 0.35, ""Male"": 0.65}, ""contestation_scenario"": ""moderate_second_group"", ""rho_negative"": {""Female"": 0.05, ""Male"": 0.05}, ""rho_positive"": {""Female"": 0.8, ""Male"": 0.8}}",n,20,3239.0,0.0,0.0,3239.0,3239.0
REALDATA,SEMISYNTHETIC REAL-DATA EXPERIMENT,adult,Female,random_forest,group_threshold_calibrated,post,moderate_second_group,f2d18f38dbf44f65,"{""alpha_negative"": {""Female"": 0.25, ""Male"": 0.25}, ""alpha_positive"": {""Female"": 0.35, ""Male"": 0.65}, ""contestation_scenario"": ""moderate_second_group"", ""rho_negative"": {""Female"": 0.05, ""Male"": 0.05}, ""rho_positive"": {""Female"": 0.8, ""Male"": 0.8}}",positive_rate,20,0.10191417104044453,0.007175035010847717,0.0016043866025196435,0.09876957329950603,0.10505876878138304
REALDATA,SEMISYNTHETIC REAL-DATA EXPERIMENT,adult,Female,random_forest,group_threshold_calibrated,post,moderate_second_group,f2d18f38dbf44f65,"{""alpha_negative"": {""Female"": 0.25, ""Male"": 0.25}, ""alpha_positive"": {""Female"": 0.35, ""Male"": 0.65}, ""contestation_scenario"": ""moderate_second_group"", ""rho_negative"": {""Female"": 0.05, ""Male"": 0.05}, ""rho_positive"": {""Female"": 0.8, ""Male"": 0.8}}",prevalence,20,0.10929299166409381,0.0,0.0,0.10929299166409381,0.10929299166409381
REALDATA,SEMISYNTHETIC REAL-DATA EXPERIMENT,adult,Female,random_forest,group_threshold_calibrated,post,moderate_second_group,f2d18f38dbf44f65,"{""alpha_negative"": {""Female"": 0.25, ""Male"": 0.25}, ""alpha_positive"": {""Female"": 0.35, ""Male"": 0.65}, ""contestation_scenario"": ""moderate_second_group"", ""rho_negative"": {""Female"": 0.05, ""Male"": 0.05}, ""rho_positive"": {""Female"": 0.8, ""Male"": 0.8}}",tnr,20,0.9668110918544194,0.004732453259624031,0.0010582087188859793,0.9647370027654029,0.9688851809434359
REALDATA,SEMISYNTHETIC REAL-DATA EXPERIMENT,adult,Female,random_forest,group_threshold_calibrated,post,moderate_second_group,f2d18f38dbf44f65,"{""alpha_negative"": {""Female"": 0.25, ""Male"": 0.25}, ""alpha_positive"": {""Female"": 0.35, ""Male"": 0.65}, ""contestation_scenario"": ""moderate_second_group"", ""rho_negative"": {""Female"": 0.05, ""Male"": 0.05}, ""rho_positive"": {""Female"": 0.8, ""Male"": 0.8}}",tpr,20,0.6620056497175141,0.03445468419713484,0.0077043016008081265,0.6469052185799301,0.677106080855098
REALDATA,SEMISYNTHETIC REAL-DATA EXPERIMENT,adult,Female,random_forest,group_threshold_calibrated,post,strong_first_group,80db5b8b411cb1ee,"{""alpha_negative"": {""Female"": 0.25, ""Male"": 0.25}, ""alpha_positive"": {""Female"": 0.75, ""Male"": 0.25}, ""contestation_scenario"": ""strong_first_group"", ""rho_negative"": {""Female"": 0.05, ""Male"": 0.05}, ""rho_positive"": {""Female"": 0.8, ""Male"": 0.8}}",accuracy,20,0.9498456313677061,0.0038541426820428624,0.0008618125032031198,0.948156478861428,0.9515347838739842
REALDATA,SEMISYNTHETIC REAL-DATA EXPERIMENT,adult,Female,random_forest,group_threshold_calibrated,post,strong_first_group,80db5b8b411cb1ee,"{""alpha_negative"": {""Female"": 0.25, ""Male"": 0.25}, ""alpha_positive"": {""Female"": 0.75, ""Male"": 0.25}, ""contestation_scenario"": ""strong_first_group"", ""rho_negative"": {""Female"": 0.05, ""Male"": 0.05}, ""rho_positive"": {""Female"": 0.8, ""Male"": 0.8}}",fnr,20,0.18799435028248584,0.02200519261279205,0.004920510654017923,0.17835014940061072,0.19763855116436096
REALDATA,SEMISYNTHETIC REAL-DATA EXPERIMENT,adult,Female,random_forest,group_threshold_calibrated,post,strong_first_group,80db5b8b411cb1ee,"{""alpha_negative"": {""Female"": 0.25, ""Male"": 0.25}, ""alpha_positive"": {""Female"": 0.75, ""Male"": 0.25}, ""contestation_scenario"": ""strong_first_group"", ""rho_negative"": {""Female"": 0.05, ""Male"": 0.05}, ""rho_positive"": {""Female"": 0.8, ""Male"": 0.8}}",fpr,20,0.03324090121317153,0.005139858994144666,0.0011493074105671166,0.030988258688459985,0.03549354373788308
REALDATA,SEMISYNTHETIC REAL-DATA EXPERIMENT,adult,Female,random_forest,group_threshold_calibrated,post,strong_first_group,80db5b8b411cb1ee,"{""alpha_negative"": {""Female"": 0.25, ""Male"": 0.25}, ""alpha_positive"": {""Female"": 0.75, ""Male"": 0.25}, ""contestation_scenario"": ""strong_first_group"", ""rho_negative"": {""Female"": 0.05, ""Male"": 0.05}, ""rho_positive"": {""Female"": 0.8, ""Male"": 0.8}}",n,20,3239.0,0.0,0.0,3239.0,3239.0
REALDATA,SEMISYNTHETIC REAL-DATA EXPERIMENT,adult,Female,random_forest,group_threshold_calibrated,post,strong_first_group,80db5b8b411cb1ee,"{""alpha_negative"": {""Female"": 0.25, ""Male"": 0.25}, ""alpha_positive"": {""Female"": 0.75, ""Male"": 0.25}, ""contestation_scenario"": ""strong_first_group"", ""rho_negative"": {""Female"": 0.05, ""Male"": 0.05}, ""rho_positive"": {""Female"": 0.8, ""Male"": 0.8}}",positive_rate,20,0.1183544303797468,0.006215457827410629,0.0013898186213373322,0.11563038588192563,0.12107847487756797
REALDATA,SEMISYNTHETIC REAL-DATA EXPERIMENT,adult,Female,random_forest,group_threshold_calibrated,post,strong_first_group,80db5b8b411cb1ee,"{""alpha_negative"": {""Female"": 0.25, ""Male"": 0.25}, ""alpha_positive"": {""Female"": 0.75, ""Male"": 0.25}, ""contestation_scenario"": ""strong_first_group"", ""rho_negative"": {""Female"": 0.05, ""Male"": 0.05}, ""rho_positive"": {""Female"": 0.8, ""Male"": 0.8}}",prevalence,20,0.10929299166409381,0.0,0.0,0.10929299166409381,0.10929299166409381
REALDATA,SEMISYNTHETIC REAL-DATA EXPERIMENT,adult,Female,random_forest,group_threshold_calibrated,post,strong_first_group,80db5b8b411cb1ee,"{""alpha_negative"": {""Female"": 0.25, ""Male"": 0.25}, ""alpha_positive"": {""Female"": 0.75, ""Male"": 0.25}, ""contestation_scenario"": ""strong_first_group"", ""rho_negative"": {""Female"": 0.05, ""Male"": 0.05}, ""rho_positive"": {""Female"": 0.8, ""Male"": 0.8}}",tnr,20,0.9667590987868284,0.005139858994144686,0.001149307410567121,0.9645064562621168,0.96901174131154
REALDATA,SEMISYNTHETIC REAL-DATA EXPERIMENT,adult,Female,random_forest,group_threshold_calibrated,post,strong_first_group,80db5b8b411cb1ee,"{""alpha_negative"": {""Female"": 0.25, ""Male"": 0.25}, ""alpha_positive"": {""Female"": 0.75, ""Male"": 0.25}, ""contestation_scenario"": ""strong_first_group"", ""rho_negative"": {""Female"": 0.05, ""Male"": 0.05}, ""rho_positive"": {""Female"": 0.8, ""Male"": 0.8}}",tpr,20,0.8120056497175142,0.02200519261279204,0.004920510654017921,0.8023614488356391,0.8216498505993893
REALDATA,SEMISYNTHETIC REAL-DATA EXPERIMENT,adult,Female,random_forest,group_threshold_calibrated,post,strong_second_group,1a6f52e99e976851,"{""alpha_negative"": {""Female"": 0.25, ""Male"": 0.25}, ""alpha_positive"": {""Female"": 0.25, ""Male"": 0.75}, ""contestation_scenario"": ""strong_second_group"", ""rho_negative"": {""Female"": 0.05, ""Male"": 0.05}, ""rho_positive"": {""Female"": 0.8, ""Male"": 0.8}}",accuracy,20,0.9298703303488731,0.0037268201689153635,0.0008333423237612001,0.9282369793943012,0.9315036813034451
REALDATA,SEMISYNTHETIC REAL-DATA EXPERIMENT,adult,Female,random_forest,group_threshold_calibrated,post,strong_second_group,1a6f52e99e976851,"{""alpha_negative"": {""Female"": 0.25, ""Male"": 0.25}, ""alpha_positive"": {""Female"": 0.25, ""Male"": 0.75}, ""contestation_scenario"": ""strong_second_group"", ""rho_negative"": {""Female"": 0.05, ""Male"": 0.05}, ""rho_positive"": {""Female"": 0.8, ""Male"": 0.8}}",fnr,20,0.37104519774011296,0.03896252158250348,0.008712284683328046,0.35396911976079,0.38812127571943594
REALDATA,SEMISYNTHETIC REAL-DATA EXPERIMENT,adult,Female,random_forest,group_threshold_calibrated,post,strong_second_group,1a6f52e99e976851,"{""alpha_negative"": {""Female"": 0.25, ""Male"": 0.25}, ""alpha_positive"": {""Female"": 0.25, ""Male"": 0.75}, ""contestation_scenario"": ""strong_second_group"", ""rho_negative"": {""Female"": 0.05, ""Male"": 0.05}, ""rho_positive"": {""Female"": 0.8, ""Male"": 0.8}}",fpr,20,0.03320623916811087,0.005023762820369426,0.00112334751691821,0.03100447803495118,0.03540800030127056
REALDATA,SEMISYNTHETIC REAL-DATA EXPERIMENT,adult,Female,random_forest,group_threshold_calibrated,post,strong_second_group,1a6f52e99e976851,"{""alpha_negative"": {""Female"": 0.25, ""Male"": 0.25}, ""alpha_positive"": {""Female"": 0.25, ""Male"": 0.75}, ""contestation_scenario"": ""strong_second_group"", ""rho_negative"": {""Female"": 0.05, ""Male"": 0.05}, ""rho_positive"": {""Female"": 0.8, ""Male"": 0.8}}",n,20,3239.0,0.0,0.0,3239.0,3239.0
REALDATA,SEMISYNTHETIC REAL-DATA EXPERIMENT,adult,Female,random_forest,group_threshold_calibrated,post,strong_second_group,1a6f52e99e976851,"{""alpha_negative"": {""Female"": 0.25, ""Male"": 0.25}, ""alpha_positive"": {""Female"": 0.25, ""Male"": 0.75}, ""contestation_scenario"": ""strong_second_group"", ""rho_negative"": {""Female"": 0.05, ""Male"": 0.05}, ""rho_positive"": {""Female"": 0.8, ""Male"": 0.8}}",positive_rate,20,0.09831738190799624,0.007900852052860924,0.0017666842270365787,0.09485468082300455,0.10178008299298794
REALDATA,SEMISYNTHETIC REAL-DATA EXPERIMENT,adult,Female,random_forest,group_threshold_calibrated,post,strong_second_group,1a6f52e99e976851,"{""alpha_negative"": {""Female"": 0.25, ""Male"": 0.25}, ""alpha_positive"": {""Female"": 0.25, ""Male"": 0.75}, ""contestation_scenario"": ""strong_second_group"", ""rho_negative"": {""Female"": 0.05, ""Male"": 0.05}, ""rho_positive"": {""Female"": 0.8, ""Male"": 0.8}}",prevalence,20,0.10929299166409381,0.0,0.0,0.10929299166409381,0.10929299166409381
REALDATA,SEMISYNTHETIC REAL-DATA EXPERIMENT,adult,Female,random_forest,group_threshold_calibrated,post,strong_second_group,1a6f52e99e976851,"{""alpha_negative"": {""Female"": 0.25, ""Male"": 0.25}, ""alpha_positive"": {""Female"": 0.25, ""Male"": 0.75}, ""contestation_scenario"": ""strong_second_group"", ""rho_negative"": {""Female"": 0.05, ""Male"": 0.05}, ""rho_positive"": {""Female"": 0.8, ""Male"": 0.8}}",tnr,20,0.9667937608318891,0.005023762820369429,0.0011233475169182107,0.9645919996987293,0.9689955219650488
REALDATA,SEMISYNTHETIC REAL-DATA EXPERIMENT,adult,Female,random_forest,group_threshold_calibrated,post,strong_second_group,1a6f52e99e976851,"{""alpha_negative"": {""Female"": 0.25, ""Male"": 0.25}, ""alpha_positive"": {""Female"": 0.25, ""Male"": 0.75}, ""contestation_scenario"": ""strong_second_group"", ""rho_negative"": {""Female"": 0.05, ""Male"": 0.05}, ""rho_positive"": {""Female"": 0.8, ""Male"": 0.8}}",tpr,20,0.628954802259887,0.03896252158250348,0.008712284683328046,0.611878724280564,0.64603088023921
REALDATA,SEMISYNTHETIC REAL-DATA EXPERIMENT,adult,Female,random_forest,group_threshold_calibrated,pre,equal_access,8b1b8b56ce23dea1,"{""alpha_negative"": {""Female"": 0.25, ""Male"": 0.25}, ""alpha_positive"": {""Female"": 0.5, ""Male"": 0.5}, ""contestation_scenario"": ""equal_access"", ""rho_negative"": {""Female"": 0.05, ""Male"": 0.05}, ""rho_positive"": {""Female"": 0.8, ""Male"": 0.8}}",accuracy,20,0.9309354739117012,0.003230463195675618,0.0007223535304341886,0.9295196609920502,0.9323512868313522
REALDATA,SEMISYNTHETIC REAL-DATA EXPERIMENT,adult,Female,random_forest,group_threshold_calibrated,pre,equal_access,8b1b8b56ce23dea1,"{""alpha_negative"": {""Female"": 0.25, ""Male"": 0.25}, ""alpha_positive"": {""Female"": 0.5, ""Male"": 0.5}, ""contestation_scenario"": ""equal_access"", ""rho_negative"": {""Female"": 0.05, ""Male"": 0.05}, ""rho_positive"": {""Female"": 0.8, ""Male"": 0.8}}",fnr,20,0.4661016949152542,0.04140534786409371,0.009258517245613926,0.44795500111385095,0.4842483887166575
REALDATA,SEMISYNTHETIC REAL-DATA EXPERIMENT,adult,Female,random_forest,group_threshold_calibrated,pre,equal_access,8b1b8b56ce23dea1,"{""alpha_negative"": {""Female"": 0.25, ""Male"": 0.25}, ""alpha_positive"": {""Female"": 0.5, ""Male"": 0.5}, ""contestation_scenario"": ""equal_access"", ""rho_negative"": {""Female"": 0.05, ""Male"": 0.05}, ""rho_positive"": {""Female"": 0.8, ""Male"": 0.8}}",fpr,20,0.020346620450606534,0.00431187158824499,0.000964163798156578,0.01845685940621964,0.022236381494993428
REALDATA,SEMISYNTHETIC REAL-DATA EXPERIMENT,adult,Female,random_forest,group_threshold_calibrated,pre,equal_access,8b1b8b56ce23dea1,"{""alpha_negative"": {""Female"": 0.25, ""Male"": 0.25}, ""alpha_positive"": {""Female"": 0.5, ""Male"": 0.5}, ""contestation_scenario"": ""equal_access"", ""rho_negative"": {""Female"": 0.05, ""Male"": 0.05}, ""rho_positive"": {""Female"": 0.8, ""Male"": 0.8}}",n,20,3239.0,0.0,0.0,3239.0,3239.0
REALDATA,SEMISYNTHETIC REAL-DATA EXPERIMENT,adult,Female,random_forest,group_threshold_calibrated,pre,equal_access,8b1b8b56ce23dea1,"{""alpha_negative"": {""Female"": 0.25, ""Male"": 0.25}, ""alpha_positive"": {""Female"": 0.5, ""Male"": 0.5}, ""contestation_scenario"": ""equal_access"", ""rho_negative"": {""Female"": 0.05, ""Male"": 0.05}, ""rho_positive"": {""Female"": 0.8, ""Male"": 0.8}}",positive_rate,20,0.07647422043840688,0.007747366184487394,0.001732363743509699,0.07307878750112787,0.07986965337568588
REALDATA,SEMISYNTHETIC REAL-DATA EXPERIMENT,adult,Female,random_forest,group_threshold_calibrated,pre,equal_access,8b1b8b56ce23dea1,"{""alpha_negative"": {""Female"": 0.25, ""Male"": 0.25}, ""alpha_positive"": {""Female"": 0.5, ""Male"": 0.5}, ""contestation_scenario"": ""equal_access"", ""rho_negative"": {""Female"": 0.05, ""Male"": 0.05}, ""rho_positive"": {""Female"": 0.8, ""Male"": 0.8}}",prevalence,20,0.10929299166409381,0.0,0.0,0.10929299166409381,0.10929299166409381
REALDATA,SEMISYNTHETIC REAL-DATA EXPERIMENT,adult,Female,random_forest,group_threshold_calibrated,pre,equal_access,8b1b8b56ce23dea1,"{""alpha_negative"": {""Female"": 0.25, ""Male"": 0.25}, ""alpha_positive"": {""Female"": 0.5, ""Male"": 0.5}, ""contestation_scenario"": ""equal_access"", ""rho_negative"": {""Female"": 0.05, ""Male"": 0.05}, ""rho_positive"": {""Female"": 0.8, ""Male"": 0.8}}",tnr,20,0.9796533795493934,0.004311871588244963,0.0009641637981565721,0.9777636185050065,0.9815431405937802
REALDATA,SEMISYNTHETIC REAL-DATA EXPERIMENT,adult,Female,random_forest,group_threshold_calibrated,pre,equal_access,8b1b8b56ce23dea1,"{""alpha_negative"": {""Female"": 0.25, ""Male"": 0.25}, ""alpha_positive"": {""Female"": 0.5, ""Male"": 0.5}, ""contestation_scenario"": ""equal_access"", ""rho_negative"": {""Female"": 0.05, ""Male"": 0.05}, ""rho_positive"": {""Female"": 0.8, ""Male"": 0.8}}",tpr,20,0.5338983050847458,0.041405347864093694,0.009258517245613922,0.5157516112833425,0.5520449988861491
REALDATA,SEMISYNTHETIC REAL-DATA EXPERIMENT,adult,Female,random_forest,group_threshold_calibrated,pre,moderate_first_group,58a445a909825bd5,"{""alpha_negative"": {""Female"": 0.25, ""Male"": 0.25}, ""alpha_positive"": {""Female"": 0.65, ""Male"": 0.35}, ""contestation_scenario"": ""moderate_first_group"", ""rho_negative"": {""Female"": 0.05, ""Male"": 0.05}, ""rho_positive"": {""Female"": 0.8, ""Male"": 0.8}}",accuracy,20,0.9309354739117012,0.003230463195675618,0.0007223535304341886,0.9295196609920502,0.9323512868313522
REALDATA,SEMISYNTHETIC REAL-DATA EXPERIMENT,adult,Female,random_forest,group_threshold_calibrated,pre,moderate_first_group,58a445a909825bd5,"{""alpha_negative"": {""Female"": 0.25, ""Male"": 0.25}, ""alpha_positive"": {""Female"": 0.65, ""Male"": 0.35}, ""contestation_scenario"": ""moderate_first_group"", ""rho_negative"": {""Female"": 0.05, ""Male"": 0.05}, ""rho_positive"": {""Female"": 0.8, ""Male"": 0.8}}",fnr,20,0.4661016949152542,0.04140534786409371,0.009258517245613926,0.44795500111385095,0.4842483887166575
REALDATA,SEMISYNTHETIC REAL-DATA EXPERIMENT,adult,Female,random_forest,group_threshold_calibrated,pre,moderate_first_group,58a445a909825bd5,"{""alpha_negative"": {""Female"": 0.25, ""Male"": 0.25}, ""alpha_positive"": {""Female"": 0.65, ""Male"": 0.35}, ""contestation_scenario"": ""moderate_first_group"", ""rho_negative"": {""Female"": 0.05, ""Male"": 0.05}, ""rho_positive"": {""Female"": 0.8, ""Male"": 0.8}}",fpr,20,0.020346620450606534,0.00431187158824499,0.000964163798156578,0.01845685940621964,0.022236381494993428
REALDATA,SEMISYNTHETIC REAL-DATA EXPERIMENT,adult,Female,random_forest,group_threshold_calibrated,pre,moderate_first_group,58a445a909825bd5,"{""alpha_negative"": {""Female"": 0.25, ""Male"": 0.25}, ""alpha_positive"": {""Female"": 0.65, ""Male"": 0.35}, ""contestation_scenario"": ""moderate_first_group"", ""rho_negative"": {""Female"": 0.05, ""Male"": 0.05}, ""rho_positive"": {""Female"": 0.8, ""Male"": 0.8}}",n,20,3239.0,0.0,0.0,3239.0,3239.0
REALDATA,SEMISYNTHETIC REAL-DATA EXPERIMENT,adult,Female,random_forest,group_threshold_calibrated,pre,moderate_first_group,58a445a909825bd5,"{""alpha_negative"": {""Female"": 0.25, ""Male"": 0.25}, ""alpha_positive"": {""Female"": 0.65, ""Male"": 0.35}, ""contestation_scenario"": ""moderate_first_group"", ""rho_negative"": {""Female"": 0.05, ""Male"": 0.05}, ""rho_positive"": {""Female"": 0.8, ""Male"": 0.8}}",positive_rate,20,0.07647422043840688,0.007747366184487394,0.001732363743509699,0.07307878750112787,0.07986965337568588
REALDATA,SEMISYNTHETIC REAL-DATA EXPERIMENT,adult,Female,random_forest,group_threshold_calibrated,pre,moderate_first_group,58a445a909825bd5,"{""alpha_negative"": {""Female"": 0.25, ""Male"": 0.25}, ""alpha_positive"": {""Female"": 0.65, ""Male"": 0.35}, ""contestation_scenario"": ""moderate_first_group"", ""rho_negative"": {""Female"": 0.05, ""Male"": 0.05}, ""rho_positive"": {""Female"": 0.8, ""Male"": 0.8}}",prevalence,20,0.10929299166409381,0.0,0.0,0.10929299166409381,0.10929299166409381
REALDATA,SEMISYNTHETIC REAL-DATA EXPERIMENT,adult,Female,random_forest,group_threshold_calibrated,pre,moderate_first_group,58a445a909825bd5,"{""alpha_negative"": {""Female"": 0.25, ""Male"": 0.25}, ""alpha_positive"": {""Female"": 0.65, ""Male"": 0.35}, ""contestation_scenario"": ""moderate_first_group"", ""rho_negative"": {""Female"": 0.05, ""Male"": 0.05}, ""rho_positive"": {""Female"": 0.8, ""Male"": 0.8}}",tnr,20,0.9796533795493934,0.004311871588244963,0.0009641637981565721,0.9777636185050065,0.9815431405937802
REALDATA,SEMISYNTHETIC REAL-DATA EXPERIMENT,adult,Female,random_forest,group_threshold_calibrated,pre,moderate_first_group,58a445a909825bd5,"{""alpha_negative"": {""Female"": 0.25, ""Male"": 0.25}, ""alpha_positive"": {""Female"": 0.65, ""Male"": 0.35}, ""contestation_scenario"": ""moderate_first_group"", ""rho_negative"": {""Female"": 0.05, ""Male"": 0.05}, ""rho_positive"": {""Female"": 0.8, ""Male"": 0.8}}",tpr,20,0.5338983050847458,0.041405347864093694,0.009258517245613922,0.5157516112833425,0.5520449988861491
REALDATA,SEMISYNTHETIC REAL-DATA EXPERIMENT,adult,Female,random_forest,group_threshold_calibrated,pre,moderate_second_group,f2d18f38dbf44f65,"{""alpha_negative"": {""Female"": 0.25, ""Male"": 0.25}, ""alpha_positive"": {""Female"": 0.35, ""Male"": 0.65}, ""contestation_scenario"": ""moderate_second_group"", ""rho_negative"": {""Female"": 0.05, ""Male"": 0.05}, ""rho_positive"": {""Female"": 0.8, ""Male"": 0.8}}",accuracy,20,0.9309354739117012,0.003230463195675618,0.0007223535304341886,0.9295196609920502,0.9323512868313522
REALDATA,SEMISYNTHETIC REAL-DATA EXPERIMENT,adult,Female,random_forest,group_threshold_calibrated,pre,moderate_second_group,f2d18f38dbf44f65,"{""alpha_negative"": {""Female"": 0.25, ""Male"": 0.25}, ""alpha_positive"": {""Female"": 0.35, ""Male"": 0.65}, ""contestation_scenario"": ""moderate_second_group"", ""rho_negative"": {""Female"": 0.05, ""Male"": 0.05}, ""rho_positive"": {""Female"": 0.8, ""Male"": 0.8}}",fnr,20,0.4661016949152542,0.04140534786409371,0.009258517245613926,0.44795500111385095,0.4842483887166575
REALDATA,SEMISYNTHETIC REAL-DATA EXPERIMENT,adult,Female,random_forest,group_threshold_calibrated,pre,moderate_second_group,f2d18f38dbf44f65,"{""alpha_negative"": {""Female"": 0.25, ""Male"": 0.25}, ""alpha_positive"": {""Female"": 0.35, ""Male"": 0.65}, ""contestation_scenario"": ""moderate_second_group"", ""rho_negative"": {""Female"": 0.05, ""Male"": 0.05}, ""rho_positive"": {""Female"": 0.8, ""Male"": 0.8}}",fpr,20,0.020346620450606534,0.00431187158824499,0.000964163798156578,0.01845685940621964,0.022236381494993428
REALDATA,SEMISYNTHETIC REAL-DATA EXPERIMENT,adult,Female,random_forest,group_threshold_calibrated,pre,moderate_second_group,f2d18f38dbf44f65,"{""alpha_negative"": {""Female"": 0.25, ""Male"": 0.25}, ""alpha_positive"": {""Female"": 0.35, ""Male"": 0.65}, ""contestation_scenario"": ""moderate_second_group"", ""rho_negative"": {""Female"": 0.05, ""Male"": 0.05}, ""rho_positive"": {""Female"": 0.8, ""Male"": 0.8}}",n,20,3239.0,0.0,0.0,3239.0,3239.0
REALDATA,SEMISYNTHETIC REAL-DATA EXPERIMENT,adult,Female,random_forest,group_threshold_calibrated,pre,moderate_second_group,f2d18f38dbf44f65,"{""alpha_negative"": {""Female"": 0.25, ""Male"": 0.25}, ""alpha_positive"": {""Female"": 0.35, ""Male"": 0.65}, ""contestation_scenario"": ""moderate_second_group"", ""rho_negative"": {""Female"": 0.05, ""Male"": 0.05}, ""rho_positive"": {""Female"": 0.8, ""Male"": 0.8}}",positive_rate,20,0.07647422043840688,0.007747366184487394,0.001732363743509699,0.07307878750112787,0.07986965337568588
REALDATA,SEMISYNTHETIC REAL-DATA EXPERIMENT,adult,Female,random_forest,group_threshold_calibrated,pre,moderate_second_group,f2d18f38dbf44f65,"{""alpha_negative"": {""Female"": 0.25, ""Male"": 0.25}, ""alpha_positive"": {""Female"": 0.35, ""Male"": 0.65}, ""contestation_scenario"": ""moderate_second_group"", ""rho_negative"": {""Female"": 0.05, ""Male"": 0.05}, ""rho_positive"": {""Female"": 0.8, ""Male"": 0.8}}",prevalence,20,0.10929299166409381,0.0,0.0,0.10929299166409381,0.10929299166409381
REALDATA,SEMISYNTHETIC REAL-DATA EXPERIMENT,adult,Female,random_forest,group_threshold_calibrated,pre,moderate_second_group,f2d18f38dbf44f65,"{""alpha_negative"": {""Female"": 0.25, ""Male"": 0.25}, ""alpha_positive"": {""Female"": 0.35, ""Male"": 0.65}, ""contestation_scenario"": ""moderate_second_group"", ""rho_negative"": {""Female"": 0.05, ""Male"": 0.05}, ""rho_positive"": {""Female"": 0.8, ""Male"": 0.8}}",tnr,20,0.9796533795493934,0.004311871588244963,0.0009641637981565721,0.9777636185050065,0.9815431405937802
REALDATA,SEMISYNTHETIC REAL-DATA EXPERIMENT,adult,Female,random_forest,group_threshold_calibrated,pre,moderate_second_group,f2d18f38dbf44f65,"{""alpha_negative"": {""Female"": 0.25, ""Male"": 0.25}, ""alpha_positive"": {""Female"": 0.35, ""Male"": 0.65}, ""contestation_scenario"": ""moderate_second_group"", ""rho_negative"": {""Female"": 0.05, ""Male"": 0.05}, ""rho_positive"": {""Female"": 0.8, ""Male"": 0.8}}",tpr,20,0.5338983050847458,0.041405347864093694,0.009258517245613922,0.5157516112833425,0.5520449988861491
REALDATA,SEMISYNTHETIC REAL-DATA EXPERIMENT,adult,Female,random_forest,group_threshold_calibrated,pre,strong_first_group,80db5b8b411cb1ee,"{""alpha_negative"": {""Female"": 0.25, ""Male"": 0.25}, ""alpha_positive"": {""Female"": 0.75, ""Male"": 0.25}, ""contestation_scenario"": ""strong_first_group"", ""rho_negative"": {""Female"": 0.05, ""Male"": 0.05}, ""rho_positive"": {""Female"": 0.8, ""Male"": 0.8}}",accuracy,20,0.9309354739117012,0.003230463195675618,0.0007223535304341886,0.9295196609920502,0.9323512868313522
REALDATA,SEMISYNTHETIC REAL-DATA EXPERIMENT,adult,Female,random_forest,group_threshold_calibrated,pre,strong_first_group,80db5b8b411cb1ee,"{""alpha_negative"": {""Female"": 0.25, ""Male"": 0.25}, ""alpha_positive"": {""Female"": 0.75, ""Male"": 0.25}, ""contestation_scenario"": ""strong_first_group"", ""rho_negative"": {""Female"": 0.05, ""Male"": 0.05}, ""rho_positive"": {""Female"": 0.8, ""Male"": 0.8}}",fnr,20,0.4661016949152542,0.04140534786409371,0.009258517245613926,0.44795500111385095,0.4842483887166575
REALDATA,SEMISYNTHETIC REAL-DATA EXPERIMENT,adult,Female,random_forest,group_threshold_calibrated,pre,strong_first_group,80db5b8b411cb1ee,"{""alpha_negative"": {""Female"": 0.25, ""Male"": 0.25}, ""alpha_positive"": {""Female"": 0.75, ""Male"": 0.25}, ""contestation_scenario"": ""strong_first_group"", ""rho_negative"": {""Female"": 0.05, ""Male"": 0.05}, ""rho_positive"": {""Female"": 0.8, ""Male"": 0.8}}",fpr,20,0.020346620450606534,0.00431187158824499,0.000964163798156578,0.01845685940621964,0.022236381494993428
REALDATA,SEMISYNTHETIC REAL-DATA EXPERIMENT,adult,Female,random_forest,group_threshold_calibrated,pre,strong_first_group,80db5b8b411cb1ee,"{""alpha_negative"": {""Female"": 0.25, ""Male"": 0.25}, ""alpha_positive"": {""Female"": 0.75, ""Male"": 0.25}, ""contestation_scenario"": ""strong_first_group"", ""rho_negative"": {""Female"": 0.05, ""Male"": 0.05}, ""rho_positive"": {""Female"": 0.8, ""Male"": 0.8}}",n,20,3239.0,0.0,0.0,3239.0,3239.0
REALDATA,SEMISYNTHETIC REAL-DATA EXPERIMENT,adult,Female,random_forest,group_threshold_calibrated,pre,strong_first_group,80db5b8b411cb1ee,"{""alpha_negative"": {""Female"": 0.25, ""Male"": 0.25}, ""alpha_positive"": {""Female"": 0.75, ""Male"": 0.25}, ""contestation_scenario"": ""strong_first_group"", ""rho_negative"": {""Female"": 0.05, ""Male"": 0.05}, ""rho_positive"": {""Female"": 0.8, ""Male"": 0.8}}",positive_rate,20,0.07647422043840688,0.007747366184487394,0.001732363743509699,0.07307878750112787,0.07986965337568588
REALDATA,SEMISYNTHETIC REAL-DATA EXPERIMENT,adult,Female,random_forest,group_threshold_calibrated,pre,strong_first_group,80db5b8b411cb1ee,"{""alpha_negative"": {""Female"": 0.25, ""Male"": 0.25}, ""alpha_positive"": {""Female"": 0.75, ""Male"": 0.25}, ""contestation_scenario"": ""strong_first_group"", ""rho_negative"": {""Female"": 0.05, ""Male"": 0.05}, ""rho_positive"": {""Female"": 0.8, ""Male"": 0.8}}",prevalence,20,0.10929299166409381,0.0,0.0,0.10929299166409381,0.10929299166409381
REALDATA,SEMISYNTHETIC REAL-DATA EXPERIMENT,adult,Female,random_forest,group_threshold_calibrated,pre,strong_first_group,80db5b8b411cb1ee,"{""alpha_negative"": {""Female"": 0.25, ""Male"": 0.25}, ""alpha_positive"": {""Female"": 0.75, ""Male"": 0.25}, ""contestation_scenario"": ""strong_first_group"", ""rho_negative"": {""Female"": 0.05, ""Male"": 0.05}, ""rho_positive"": {""Female"": 0.8, ""Male"": 0.8}}",tnr,20,0.9796533795493934,0.004311871588244963,0.0009641637981565721,0.9777636185050065,0.9815431405937802
REALDATA,SEMISYNTHETIC REAL-DATA EXPERIMENT,adult,Female,random_forest,group_threshold_calibrated,pre,strong_first_group,80db5b8b411cb1ee,"{""alpha_negative"": {""Female"": 0.25, ""Male"": 0.25}, ""alpha_positive"": {""Female"": 0.75, ""Male"": 0.25}, ""contestation_scenario"": ""strong_first_group"", ""rho_negative"": {""Female"": 0.05, ""Male"": 0.05}, ""rho_positive"": {""Female"": 0.8, ""Male"": 0.8}}",tpr,20,0.5338983050847458,0.041405347864093694,0.009258517245613922,0.5157516112833425,0.5520449988861491
REALDATA,SEMISYNTHETIC REAL-DATA EXPERIMENT,adult,Female,random_forest,group_threshold_calibrated,pre,strong_second_group,1a6f52e99e976851,"{""alpha_negative"": {""Female"": 0.25, ""Male"": 0.25}, ""alpha_positive"": {""Female"": 0.25, ""Male"": 0.75}, ""contestation_scenario"": ""strong_second_group"", ""rho_negative"": {""Female"": 0.05, ""Male"": 0.05}, ""rho_positive"": {""Female"": 0.8, ""Male"": 0.8}}",accuracy,20,0.9309354739117012,0.003230463195675618,0.0007223535304341886,0.9295196609920502,0.9323512868313522
REALDATA,SEMISYNTHETIC REAL-DATA EXPERIMENT,adult,Female,random_forest,group_threshold_calibrated,pre,strong_second_group,1a6f52e99e976851,"{""alpha_negative"": {""Female"": 0.25, ""Male"": 0.25}, ""alpha_positive"": {""Female"": 0.25, ""Male"": 0.75}, ""contestation_scenario"": ""strong_second_group"", ""rho_negative"": {""Female"": 0.05, ""Male"": 0.05}, ""rho_positive"": {""Female"": 0.8, ""Male"": 0.8}}",fnr,20,0.4661016949152542,0.04140534786409371,0.009258517245613926,0.44795500111385095,0.4842483887166575
REALDATA,SEMISYNTHETIC REAL-DATA EXPERIMENT,adult,Female,random_forest,group_threshold_calibrated,pre,strong_second_group,1a6f52e99e976851,"{""alpha_negative"": {""Female"": 0.25, ""Male"": 0.25}, ""alpha_positive"": {""Female"": 0.25, ""Male"": 0.75}, ""contestation_scenario"": ""strong_second_group"", ""rho_negative"": {""Female"": 0.05, ""Male"": 0.05}, ""rho_positive"": {""Female"": 0.8, ""Male"": 0.8}}",fpr,20,0.020346620450606534,0.00431187158824499,0.000964163798156578,0.01845685940621964,0.022236381494993428
REALDATA,SEMISYNTHETIC REAL-DATA EXPERIMENT,adult,Female,random_forest,group_threshold_calibrated,pre,strong_second_group,1a6f52e99e976851,"{""alpha_negative"": {""Female"": 0.25, ""Male"": 0.25}, ""alpha_positive"": {""Female"": 0.25, ""Male"": 0.75}, ""contestation_scenario"": ""strong_second_group"", ""rho_negative"": {""Female"": 0.05, ""Male"": 0.05}, ""rho_positive"": {""Female"": 0.8, ""Male"": 0.8}}",n,20,3239.0,0.0,0.0,3239.0,3239.0
REALDATA,SEMISYNTHETIC REAL-DATA EXPERIMENT,adult,Female,random_forest,group_threshold_calibrated,pre,strong_second_group,1a6f52e99e976851,"{""alpha_negative"": {""Female"": 0.25, ""Male"": 0.25}, ""alpha_positive"": {""Female"": 0.25, ""Male"": 0.75}, ""contestation_scenario"": ""strong_second_group"", ""rho_negative"": {""Female"": 0.05, ""Male"": 0.05}, ""rho_positive"": {""Female"": 0.8, ""Male"": 0.8}}",positive_rate,20,0.07647422043840688,0.007747366184487394,0.001732363743509699,0.07307878750112787,0.07986965337568588
REALDATA,SEMISYNTHETIC REAL-DATA EXPERIMENT,adult,Female,random_forest,group_threshold_calibrated,pre,strong_second_group,1a6f52e99e976851,"{""alpha_negative"": {""Female"": 0.25, ""Male"": 0.25}, ""alpha_positive"": {""Female"": 0.25, ""Male"": 0.75}, ""contestation_scenario"": ""strong_second_group"", ""rho_negative"": {""Female"": 0.05, ""Male"": 0.05}, ""rho_positive"": {""Female"": 0.8, ""Male"": 0.8}}",prevalence,20,0.10929299166409381,0.0,0.0,0.10929299166409381,0.10929299166409381
REALDATA,SEMISYNTHETIC REAL-DATA EXPERIMENT,adult,Female,random_forest,group_threshold_calibrated,pre,strong_second_group,1a6f52e99e976851,"{""alpha_negative"": {""Female"": 0.25, ""Male"": 0.25}, ""alpha_positive"": {""Female"": 0.25, ""Male"": 0.75}, ""contestation_scenario"": ""strong_second_group"", ""rho_negative"": {""Female"": 0.05, ""Male"": 0.05}, ""rho_positive"": {""Female"": 0.8, ""Male"": 0.8}}",tnr,20,0.9796533795493934,0.004311871588244963,0.0009641637981565721,0.9777636185050065,0.9815431405937802
REALDATA,SEMISYNTHETIC REAL-DATA EXPERIMENT,adult,Female,random_forest,group_threshold_calibrated,pre,strong_second_group,1a6f52e99e976851,"{""alpha_negative"": {""Female"": 0.25, ""Male"": 0.25}, ""alpha_positive"": {""Female"": 0.25, ""Male"": 0.75}, ""contestation_scenario"": ""strong_second_group"", ""rho_negative"": {""Female"": 0.05, ""Male"": 0.05}, ""rho_positive"": {""Female"": 0.8, ""Male"": 0.8}}",tpr,20,0.5338983050847458,0.041405347864093694,0.009258517245613922,0.5157516112833425,0.5520449988861491
REALDATA,SEMISYNTHETIC REAL-DATA EXPERIMENT,adult,Female,random_forest,validation_selected_threshold,frozen_policy,equal_access,8b1b8b56ce23dea1,"{""alpha_negative"": {""Female"": 0.25, ""Male"": 0.25}, ""alpha_positive"": {""Female"": 0.5, ""Male"": 0.5}, ""contestation_scenario"": ""equal_access"", ""rho_negative"": {""Female"": 0.05, ""Male"": 0.05}, ""rho_positive"": {""Female"": 0.8, ""Male"": 0.8}}",decision_threshold,20,0.391,0.022687812633774614,0.005073149130989858,0.3810566277032599,0.40094337229674015
REALDATA,SEMISYNTHETIC REAL-DATA EXPERIMENT,adult,Female,random_forest,validation_selected_threshold,frozen_policy,moderate_first_group,58a445a909825bd5,"{""alpha_negative"": {""Female"": 0.25, ""Male"": 0.25}, ""alpha_positive"": {""Female"": 0.65, ""Male"": 0.35}, ""contestation_scenario"": ""moderate_first_group"", ""rho_negative"": {""Female"": 0.05, ""Male"": 0.05}, ""rho_positive"": {""Female"": 0.8, ""Male"": 0.8}}",decision_threshold,20,0.391,0.022687812633774614,0.005073149130989858,0.3810566277032599,0.40094337229674015
REALDATA,SEMISYNTHETIC REAL-DATA EXPERIMENT,adult,Female,random_forest,validation_selected_threshold,frozen_policy,moderate_second_group,f2d18f38dbf44f65,"{""alpha_negative"": {""Female"": 0.25, ""Male"": 0.25}, ""alpha_positive"": {""Female"": 0.35, ""Male"": 0.65}, ""contestation_scenario"": ""moderate_second_group"", ""rho_negative"": {""Female"": 0.05, ""Male"": 0.05}, ""rho_positive"": {""Female"": 0.8, ""Male"": 0.8}}",decision_threshold,20,0.391,0.022687812633774614,0.005073149130989858,0.3810566277032599,0.40094337229674015
REALDATA,SEMISYNTHETIC REAL-DATA EXPERIMENT,adult,Female,random_forest,validation_selected_threshold,frozen_policy,strong_first_group,80db5b8b411cb1ee,"{""alpha_negative"": {""Female"": 0.25, ""Male"": 0.25}, ""alpha_positive"": {""Female"": 0.75, ""Male"": 0.25}, ""contestation_scenario"": ""strong_first_group"", ""rho_negative"": {""Female"": 0.05, ""Male"": 0.05}, ""rho_positive"": {""Female"": 0.8, ""Male"": 0.8}}",decision_threshold,20,0.391,0.022687812633774614,0.005073149130989858,0.3810566277032599,0.40094337229674015
REALDATA,SEMISYNTHETIC REAL-DATA EXPERIMENT,adult,Female,random_forest,validation_selected_threshold,frozen_policy,strong_second_group,1a6f52e99e976851,"{""alpha_negative"": {""Female"": 0.25, ""Male"": 0.25}, ""alpha_positive"": {""Female"": 0.25, ""Male"": 0.75}, ""contestation_scenario"": ""strong_second_group"", ""rho_negative"": {""Female"": 0.05, ""Male"": 0.05}, ""rho_positive"": {""Female"": 0.8, ""Male"": 0.8}}",decision_threshold,20,0.391,0.022687812633774614,0.005073149130989858,0.3810566277032599,0.40094337229674015
REALDATA,SEMISYNTHETIC REAL-DATA EXPERIMENT,adult,Male,gradient_boosting,group_threshold_calibrated,post,equal_access,8b1b8b56ce23dea1,"{""alpha_negative"": {""Female"": 0.25, ""Male"": 0.25}, ""alpha_positive"": {""Female"": 0.5, ""Male"": 0.5}, ""contestation_scenario"": ""equal_access"", ""rho_negative"": {""Female"": 0.05, ""Male"": 0.05}, ""rho_positive"": {""Female"": 0.8, ""Male"": 0.8}}",accuracy,20,0.8755742725880552,0.0041281900302789845,0.0009230913531740724,0.873765013535834,0.8773835316402764
REALDATA,SEMISYNTHETIC REAL-DATA EXPERIMENT,adult,Male,gradient_boosting,group_threshold_calibrated,post,equal_access,8b1b8b56ce23dea1,"{""alpha_negative"": {""Female"": 0.25, ""Male"": 0.25}, ""alpha_positive"": {""Female"": 0.5, ""Male"": 0.5}, ""contestation_scenario"": ""equal_access"", ""rho_negative"": {""Female"": 0.05, ""Male"": 0.05}, ""rho_positive"": {""Female"": 0.8, ""Male"": 0.8}}",fnr,20,0.21023185483870965,0.007857765996254065,0.0017570498918910446,0.2067880370506032,0.2136756726268161
REALDATA,SEMISYNTHETIC REAL-DATA EXPERIMENT,adult,Male,gradient_boosting,group_threshold_calibrated,post,equal_access,8b1b8b56ce23dea1,"{""alpha_negative"": {""Female"": 0.25, ""Male"": 0.25}, ""alpha_positive"": {""Female"": 0.5, ""Male"": 0.5}, ""contestation_scenario"": ""equal_access"", ""rho_negative"": {""Female"": 0.05, ""Male"": 0.05}, ""rho_positive"": {""Female"": 0.8, ""Male"": 0.8}}",fpr,20,0.08697756269247686,0.005419054114068544,0.0012117373372807164,0.08460255751140666,0.08935256787354706
REALDATA,SEMISYNTHETIC REAL-DATA EXPERIMENT,adult,Male,gradient_boosting,group_threshold_calibrated,post,equal_access,8b1b8b56ce23dea1,"{""alpha_negative"": {""Female"": 0.25, ""Male"": 0.25}, ""alpha_positive"": {""Female"": 0.5, ""Male"": 0.5}, ""contestation_scenario"": ""equal_access"", ""rho_negative"": {""Female"": 0.05, ""Male"": 0.05}, ""rho_positive"": {""Female"": 0.8, ""Male"": 0.8}}",n,20,6530.0,0.0,0.0,6530.0,6530.0
REALDATA,SEMISYNTHETIC REAL-DATA EXPERIMENT,adult,Male,gradient_boosting,group_threshold_calibrated,post,equal_access,8b1b8b56ce23dea1,"{""alpha_negative"": {""Female"": 0.25, ""Male"": 0.25}, ""alpha_positive"": {""Female"": 0.5, ""Male"": 0.5}, ""contestation_scenario"": ""equal_access"", ""rho_negative"": {""Female"": 0.05, ""Male"": 0.05}, ""rho_positive"": {""Female"": 0.8, ""Male"": 0.8}}",positive_rate,20,0.3005053598774885,0.0047772813889251356,0.0010682325933281213,0.2984116239945654,0.3025990957604116
REALDATA,SEMISYNTHETIC REAL-DATA EXPERIMENT,adult,Male,gradient_boosting,group_threshold_calibrated,post,equal_access,8b1b8b56ce23dea1,"{""alpha_negative"": {""Female"": 0.25, ""Male"": 0.25}, ""alpha_positive"": {""Female"": 0.5, ""Male"": 0.5}, ""contestation_scenario"": ""equal_access"", ""rho_negative"": {""Female"": 0.05, ""Male"": 0.05}, ""rho_positive"": {""Female"": 0.8, ""Male"": 0.8}}",prevalence,20,0.3038284839203675,0.0,0.0,0.3038284839203675,0.3038284839203675
REALDATA,SEMISYNTHETIC REAL-DATA EXPERIMENT,adult,Male,gradient_boosting,group_threshold_calibrated,post,equal_access,8b1b8b56ce23dea1,"{""alpha_negative"": {""Female"": 0.25, ""Male"": 0.25}, ""alpha_positive"": {""Female"": 0.5, ""Male"": 0.5}, ""contestation_scenario"": ""equal_access"", ""rho_negative"": {""Female"": 0.05, ""Male"": 0.05}, ""rho_positive"": {""Female"": 0.8, ""Male"": 0.8}}",tnr,20,0.9130224373075231,0.005419054114068609,0.001211737337280731,0.9106474321264528,0.9153974424885933
REALDATA,SEMISYNTHETIC REAL-DATA EXPERIMENT,adult,Male,gradient_boosting,group_threshold_calibrated,post,equal_access,8b1b8b56ce23dea1,"{""alpha_negative"": {""Female"": 0.25, ""Male"": 0.25}, ""alpha_positive"": {""Female"": 0.5, ""Male"": 0.5}, ""contestation_scenario"": ""equal_access"", ""rho_negative"": {""Female"": 0.05, ""Male"": 0.05}, ""rho_positive"": {""Female"": 0.8, ""Male"": 0.8}}",tpr,20,0.7897681451612903,0.007857765996254106,0.0017570498918910537,0.7863243273731839,0.7932119629493968
REALDATA,SEMISYNTHETIC REAL-DATA EXPERIMENT,adult,Male,gradient_boosting,group_threshold_calibrated,post,moderate_first_group,58a445a909825bd5,"{""alpha_negative"": {""Female"": 0.25, ""Male"": 0.25}, ""alpha_positive"": {""Female"": 0.65, ""Male"": 0.35}, ""contestation_scenario"": ""moderate_first_group"", ""rho_negative"": {""Female"": 0.05, ""Male"": 0.05}, ""rho_positive"": {""Female"": 0.8, ""Male"": 0.8}}",accuracy,20,0.8627258805513017,0.003252525414442156,0.0007272867925238336,0.861300398437955,0.8641513626646484
REALDATA,SEMISYNTHETIC REAL-DATA EXPERIMENT,adult,Male,gradient_boosting,group_threshold_calibrated,post,moderate_first_group,58a445a909825bd5,"{""alpha_negative"": {""Female"": 0.25, ""Male"": 0.25}, ""alpha_positive"": {""Female"": 0.65, ""Male"": 0.35}, ""contestation_scenario"": ""moderate_first_group"", ""rho_negative"": {""Female"": 0.05, ""Male"": 0.05}, ""rho_positive"": {""Female"": 0.8, ""Male"": 0.8}}",fnr,20,0.2518649193548387,0.01038651516004713,0.002322495394719749,0.24731282838118798,0.2564170103284894
REALDATA,SEMISYNTHETIC REAL-DATA EXPERIMENT,adult,Male,gradient_boosting,group_threshold_calibrated,post,moderate_first_group,58a445a909825bd5,"{""alpha_negative"": {""Female"": 0.25, ""Male"": 0.25}, ""alpha_positive"": {""Female"": 0.65, ""Male"": 0.35}, ""contestation_scenario"": ""moderate_first_group"", ""rho_negative"": {""Female"": 0.05, ""Male"": 0.05}, ""rho_positive"": {""Female"": 0.8, ""Male"": 0.8}}",fpr,20,0.08726352837659476,0.0056827273534778185,0.0012706964659973878,0.08477296330323988,0.08975409344994964
REALDATA,SEMISYNTHETIC REAL-DATA EXPERIMENT,adult,Male,gradient_boosting,group_threshold_calibrated,post,moderate_first_group,58a445a909825bd5,"{""alpha_negative"": {""Female"": 0.25, ""Male"": 0.25}, ""alpha_positive"": {""Female"": 0.65, ""Male"": 0.35}, ""contestation_scenario"": ""moderate_first_group"", ""rho_negative"": {""Female"": 0.05, ""Male"": 0.05}, ""rho_positive"": {""Female"": 0.8, ""Male"": 0.8}}",n,20,6530.0,0.0,0.0,6530.0,6530.0
REALDATA,SEMISYNTHETIC REAL-DATA EXPERIMENT,adult,Male,gradient_boosting,group_threshold_calibrated,post,moderate_first_group,58a445a909825bd5,"{""alpha_negative"": {""Female"": 0.25, ""Male"": 0.25}, ""alpha_positive"": {""Female"": 0.65, ""Male"": 0.35}, ""contestation_scenario"": ""moderate_first_group"", ""rho_negative"": {""Female"": 0.05, ""Male"": 0.05}, ""rho_positive"": {""Female"": 0.8, ""Male"": 0.8}}",positive_rate,20,0.2880551301684533,0.006374989960580993,0.0014254910907737805,0.2852611676305367,0.2908490927063699
REALDATA,SEMISYNTHETIC REAL-DATA EXPERIMENT,adult,Male,gradient_boosting,group_threshold_calibrated,post,moderate_first_group,58a445a909825bd5,"{""alpha_negative"": {""Female"": 0.25, ""Male"": 0.25}, ""alpha_positive"": {""Female"": 0.65, ""Male"": 0.35}, ""contestation_scenario"": ""moderate_first_group"", ""rho_negative"": {""Female"": 0.05, ""Male"": 0.05}, ""rho_positive"": {""Female"": 0.8, ""Male"": 0.8}}",prevalence,20,0.3038284839203675,0.0,0.0,0.3038284839203675,0.3038284839203675
REALDATA,SEMISYNTHETIC REAL-DATA EXPERIMENT,adult,Male,gradient_boosting,group_threshold_calibrated,post,moderate_first_group,58a445a909825bd5,"{""alpha_negative"": {""Female"": 0.25, ""Male"": 0.25}, ""alpha_positive"": {""Female"": 0.65, ""Male"": 0.35}, ""contestation_scenario"": ""moderate_first_group"", ""rho_negative"": {""Female"": 0.05, ""Male"": 0.05}, ""rho_positive"": {""Female"": 0.8, ""Male"": 0.8}}",tnr,20,0.9127364716234052,0.00568272735347782,0.0012706964659973882,0.9102459065500503,0.9152270366967601
REALDATA,SEMISYNTHETIC REAL-DATA EXPERIMENT,adult,Male,gradient_boosting,group_threshold_calibrated,post,moderate_first_group,58a445a909825bd5,"{""alpha_negative"": {""Female"": 0.25, ""Male"": 0.25}, ""alpha_positive"": {""Female"": 0.65, ""Male"": 0.35}, ""contestation_scenario"": ""moderate_first_group"", ""rho_negative"": {""Female"": 0.05, ""Male"": 0.05}, ""rho_positive"": {""Female"": 0.8, ""Male"": 0.8}}",tpr,20,0.7481350806451613,0.010386515160047124,0.0023224953947197477,0.7435829896715106,0.752687171618812
REALDATA,SEMISYNTHETIC REAL-DATA EXPERIMENT,adult,Male,gradient_boosting,group_threshold_calibrated,post,moderate_second_group,f2d18f38dbf44f65,"{""alpha_negative"": {""Female"": 0.25, ""Male"": 0.25}, ""alpha_positive"": {""Female"": 0.35, ""Male"": 0.65}, ""contestation_scenario"": ""moderate_second_group"", ""rho_negative"": {""Female"": 0.05, ""Male"": 0.05}, ""rho_positive"": {""Female"": 0.8, ""Male"": 0.8}}",accuracy,20,0.8887212863705972,0.0037722230283176233,0.000843494711760832,0.887068036735546,0.8903745360056484
REALDATA,SEMISYNTHETIC REAL-DATA EXPERIMENT,adult,Male,gradient_boosting,group_threshold_calibrated,post,moderate_second_group,f2d18f38dbf44f65,"{""alpha_negative"": {""Female"": 0.25, ""Male"": 0.25}, ""alpha_positive"": {""Female"": 0.35, ""Male"": 0.65}, ""contestation_scenario"": ""moderate_second_group"", ""rho_negative"": {""Female"": 0.05, ""Male"": 0.05}, ""rho_positive"": {""Female"": 0.8, ""Male"": 0.8}}",fnr,20,0.16748991935483867,0.006656882451954031,0.001488524168079469,0.16457241198540293,0.17040742672427442
REALDATA,SEMISYNTHETIC REAL-DATA EXPERIMENT,adult,Male,gradient_boosting,group_threshold_calibrated,post,moderate_second_group,f2d18f38dbf44f65,"{""alpha_negative"": {""Female"": 0.25, ""Male"": 0.25}, ""alpha_positive"": {""Female"": 0.35, ""Male"": 0.65}, ""contestation_scenario"": ""moderate_second_group"", ""rho_negative"": {""Female"": 0.05, ""Male"": 0.05}, ""rho_positive"": {""Female"": 0.8, ""Male"": 0.8}}",fpr,20,0.08674659040915085,0.00600740790285925,0.0013432972439362735,0.08411372781103575,0.08937945300726595
REALDATA,SEMISYNTHETIC REAL-DATA EXPERIMENT,adult,Male,gradient_boosting,group_threshold_calibrated,post,moderate_second_group,f2d18f38dbf44f65,"{""alpha_negative"": {""Female"": 0.25, ""Male"": 0.25}, ""alpha_positive"": {""Female"": 0.35, ""Male"": 0.65}, ""contestation_scenario"": ""moderate_second_group"", ""rho_negative"": {""Female"": 0.05, ""Male"": 0.05}, ""rho_positive"": {""Female"": 0.8, ""Male"": 0.8}}",n,20,6530.0,0.0,0.0,6530.0,6530.0
REALDATA,SEMISYNTHETIC REAL-DATA EXPERIMENT,adult,Male,gradient_boosting,group_threshold_calibrated,post,moderate_second_group,f2d18f38dbf44f65,"{""alpha_negative"": {""Female"": 0.25, ""Male"": 0.25}, ""alpha_positive"": {""Female"": 0.35, ""Male"": 0.65}, ""contestation_scenario"": ""moderate_second_group"", ""rho_negative"": {""Female"": 0.05, ""Male"": 0.05}, ""rho_positive"": {""Female"": 0.8, ""Male"": 0.8}}",positive_rate,20,0.3133307810107197,0.005378951426651361,0.0012027701037661915,0.31097335160733797,0.31568821041410144
REALDATA,SEMISYNTHETIC REAL-DATA EXPERIMENT,adult,Male,gradient_boosting,group_threshold_calibrated,post,moderate_second_group,f2d18f38dbf44f65,"{""alpha_negative"": {""Female"": 0.25, ""Male"": 0.25}, ""alpha_positive"": {""Female"": 0.35, ""Male"": 0.65}, ""contestation_scenario"": ""moderate_second_group"", ""rho_negative"": {""Female"": 0.05, ""Male"": 0.05}, ""rho_positive"": {""Female"": 0.8, ""Male"": 0.8}}",prevalence,20,0.3038284839203675,0.0,0.0,0.3038284839203675,0.3038284839203675
REALDATA,SEMISYNTHETIC REAL-DATA EXPERIMENT,adult,Male,gradient_boosting,group_threshold_calibrated,post,moderate_second_group,f2d18f38dbf44f65,"{""alpha_negative"": {""Female"": 0.25, ""Male"": 0.25}, ""alpha_positive"": {""Female"": 0.35, ""Male"": 0.65}, ""contestation_scenario"": ""moderate_second_group"", ""rho_negative"": {""Female"": 0.05, ""Male"": 0.05}, ""rho_positive"": {""Female"": 0.8, ""Male"": 0.8}}",tnr,20,0.9132534095908491,0.006007407902859295,0.0013432972439362837,0.910620546992734,0.9158862721889642
REALDATA,SEMISYNTHETIC REAL-DATA EXPERIMENT,adult,Male,gradient_boosting,group_threshold_calibrated,post,moderate_second_group,f2d18f38dbf44f65,"{""alpha_negative"": {""Female"": 0.25, ""Male"": 0.25}, ""alpha_positive"": {""Female"": 0.35, ""Male"": 0.65}, ""contestation_scenario"": ""moderate_second_group"", ""rho_negative"": {""Female"": 0.05, ""Male"": 0.05}, ""rho_positive"": {""Female"": 0.8, ""Male"": 0.8}}",tpr,20,0.8325100806451612,0.00665688245195402,0.0014885241680794665,0.8295925732757254,0.8354275880145969
REALDATA,SEMISYNTHETIC REAL-DATA EXPERIMENT,adult,Male,gradient_boosting,group_threshold_calibrated,post,strong_first_group,80db5b8b411cb1ee,"{""alpha_negative"": {""Female"": 0.25, ""Male"": 0.25}, ""alpha_positive"": {""Female"": 0.75, ""Male"": 0.25}, ""contestation_scenario"": ""strong_first_group"", ""rho_negative"": {""Female"": 0.05, ""Male"": 0.05}, ""rho_positive"": {""Female"": 0.8, ""Male"": 0.8}}",accuracy,20,0.8538361408882083,0.004191384278823864,0.0009372220167274093,0.8519991857354225,0.855673096040994
REALDATA,SEMISYNTHETIC REAL-DATA EXPERIMENT,adult,Male,gradient_boosting,group_threshold_calibrated,post,strong_first_group,80db5b8b411cb1ee,"{""alpha_negative"": {""Female"": 0.25, ""Male"": 0.25}, ""alpha_positive"": {""Female"": 0.75, ""Male"": 0.25}, ""contestation_scenario"": ""strong_first_group"", ""rho_negative"": {""Female"": 0.05, ""Male"": 0.05}, ""rho_positive"": {""Female"": 0.8, ""Male"": 0.8}}",fnr,20,0.2813508064516129,0.012257745128646746,0.002740915135852103,0.2759786127853428,0.28672300011788304
REALDATA,SEMISYNTHETIC REAL-DATA EXPERIMENT,adult,Male,gradient_boosting,group_threshold_calibrated,post,strong_first_group,80db5b8b411cb1ee,"{""alpha_negative"": {""Female"": 0.25, ""Male"": 0.25}, ""alpha_positive"": {""Female"": 0.75, ""Male"": 0.25}, ""contestation_scenario"": ""strong_first_group"", ""rho_negative"": {""Female"": 0.05, ""Male"": 0.05}, ""rho_positive"": {""Female"": 0.8, ""Male"": 0.8}}",fpr,20,0.08716454025516933,0.005764499177647684,0.0012889812017461858,0.08463813709974681,0.08969094341059185
REALDATA,SEMISYNTHETIC REAL-DATA EXPERIMENT,adult,Male,gradient_boosting,group_threshold_calibrated,post,strong_first_group,80db5b8b411cb1ee,"{""alpha_negative"": {""Female"": 0.25, ""Male"": 0.25}, ""alpha_positive"": {""Female"": 0.75, ""Male"": 0.25}, ""contestation_scenario"": ""strong_first_group"", ""rho_negative"": {""Female"": 0.05, ""Male"": 0.05}, ""rho_positive"": {""Female"": 0.8, ""Male"": 0.8}}",n,20,6530.0,0.0,0.0,6530.0,6530.0
REALDATA,SEMISYNTHETIC REAL-DATA EXPERIMENT,adult,Male,gradient_boosting,group_threshold_calibrated,post,strong_first_group,80db5b8b411cb1ee,"{""alpha_negative"": {""Female"": 0.25, ""Male"": 0.25}, ""alpha_positive"": {""Female"": 0.75, ""Male"": 0.25}, ""contestation_scenario"": ""strong_first_group"", ""rho_negative"": {""Female"": 0.05, ""Male"": 0.05}, ""rho_positive"": {""Female"": 0.8, ""Male"": 0.8}}",positive_rate,20,0.2790275650842266,0.006510148216867407,0.0014557133956514564,0.27617436682874974,0.28188076333970347
REALDATA,SEMISYNTHETIC REAL-DATA EXPERIMENT,adult,Male,gradient_boosting,group_threshold_calibrated,post,strong_first_group,80db5b8b411cb1ee,"{""alpha_negative"": {""Female"": 0.25, ""Male"": 0.25}, ""alpha_positive"": {""Female"": 0.75, ""Male"": 0.25}, ""contestation_scenario"": ""strong_first_group"", ""rho_negative"": {""Female"": 0.05, ""Male"": 0.05}, ""rho_positive"": {""Female"": 0.8, ""Male"": 0.8}}",prevalence,20,0.3038284839203675,0.0,0.0,0.3038284839203675,0.3038284839203675
REALDATA,SEMISYNTHETIC REAL-DATA EXPERIMENT,adult,Male,gradient_boosting,group_threshold_calibrated,post,strong_first_group,80db5b8b411cb1ee,"{""alpha_negative"": {""Female"": 0.25, ""Male"": 0.25}, ""alpha_positive"": {""Female"": 0.75, ""Male"": 0.25}, ""contestation_scenario"": ""strong_first_group"", ""rho_negative"": {""Female"": 0.05, ""Male"": 0.05}, ""rho_positive"": {""Female"": 0.8, ""Male"": 0.8}}",tnr,20,0.9128354597448306,0.005764499177647692,0.0012889812017461875,0.9103090565894081,0.9153618629002531
REALDATA,SEMISYNTHETIC REAL-DATA EXPERIMENT,adult,Male,gradient_boosting,group_threshold_calibrated,post,strong_first_group,80db5b8b411cb1ee,"{""alpha_negative"": {""Female"": 0.25, ""Male"": 0.25}, ""alpha_positive"": {""Female"": 0.75, ""Male"": 0.25}, ""contestation_scenario"": ""strong_first_group"", ""rho_negative"": {""Female"": 0.05, ""Male"": 0.05}, ""rho_positive"": {""Female"": 0.8, ""Male"": 0.8}}",tpr,20,0.7186491935483871,0.012257745128646793,0.0027409151358521134,0.7132769998821169,0.7240213872146573
REALDATA,SEMISYNTHETIC REAL-DATA EXPERIMENT,adult,Male,gradient_boosting,group_threshold_calibrated,post,strong_second_group,1a6f52e99e976851,"{""alpha_negative"": {""Female"": 0.25, ""Male"": 0.25}, ""alpha_positive"": {""Female"": 0.25, ""Male"": 0.75}, ""contestation_scenario"": ""strong_second_group"", ""rho_negative"": {""Female"": 0.05, ""Male"": 0.05}, ""rho_positive"": {""Female"": 0.8, ""Male"": 0.8}}",accuracy,20,0.8965237366003063,0.003455195714268468,0.0007726052492670235,0.8950094303117428,0.8980380428888697
REALDATA,SEMISYNTHETIC REAL-DATA EXPERIMENT,adult,Male,gradient_boosting,group_threshold_calibrated,post,strong_second_group,1a6f52e99e976851,"{""alpha_negative"": {""Female"": 0.25, ""Male"": 0.25}, ""alpha_positive"": {""Female"": 0.25, ""Male"": 0.75}, ""contestation_scenario"": ""strong_second_group"", ""rho_negative"": {""Female"": 0.05, ""Male"": 0.05}, ""rho_positive"": {""Female"": 0.8, ""Male"": 0.8}}",fnr,20,0.14188508064516125,0.005038996005393703,0.0011267537606410216,0.13967664327430485,0.14409351801601766
REALDATA,SEMISYNTHETIC REAL-DATA EXPERIMENT,adult,Male,gradient_boosting,group_threshold_calibrated,post,strong_second_group,1a6f52e99e976851,"{""alpha_negative"": {""Female"": 0.25, ""Male"": 0.25}, ""alpha_positive"": {""Female"": 0.25, ""Male"": 0.75}, ""contestation_scenario"": ""strong_second_group"", ""rho_negative"": {""Female"": 0.05, ""Male"": 0.05}, ""rho_positive"": {""Female"": 0.8, ""Male"": 0.8}}",fpr,20,0.0867135943686757,0.005716908606917896,0.0012783396266222039,0.08420804870049618,0.08921914003685523
REALDATA,SEMISYNTHETIC REAL-DATA EXPERIMENT,adult,Male,gradient_boosting,group_threshold_calibrated,post,strong_second_group,1a6f52e99e976851,"{""alpha_negative"": {""Female"": 0.25, ""Male"": 0.25}, ""alpha_positive"": {""Female"": 0.25, ""Male"": 0.75}, ""contestation_scenario"": ""strong_second_group"", ""rho_negative"": {""Female"": 0.05, ""Male"": 0.05}, ""rho_positive"": {""Female"": 0.8, ""Male"": 0.8}}",n,20,6530.0,0.0,0.0,6530.0,6530.0
REALDATA,SEMISYNTHETIC REAL-DATA EXPERIMENT,adult,Male,gradient_boosting,group_threshold_calibrated,post,strong_second_group,1a6f52e99e976851,"{""alpha_negative"": {""Female"": 0.25, ""Male"": 0.25}, ""alpha_positive"": {""Female"": 0.25, ""Male"": 0.75}, ""contestation_scenario"": ""strong_second_group"", ""rho_negative"": {""Female"": 0.05, ""Male"": 0.05}, ""rho_positive"": {""Female"": 0.8, ""Male"": 0.8}}",positive_rate,20,0.3210872894333844,0.0049426180821980975,0.0011052030018614588,0.3189210915497359,0.32325348731703285
REALDATA,SEMISYNTHETIC REAL-DATA EXPERIMENT,adult,Male,gradient_boosting,group_threshold_calibrated,post,strong_second_group,1a6f52e99e976851,"{""alpha_negative"": {""Female"": 0.25, ""Male"": 0.25}, ""alpha_positive"": {""Female"": 0.25, ""Male"": 0.75}, ""contestation_scenario"": ""strong_second_group"", ""rho_negative"": {""Female"": 0.05, ""Male"": 0.05}, ""rho_positive"": {""Female"": 0.8, ""Male"": 0.8}}",prevalence,20,0.3038284839203675,0.0,0.0,0.3038284839203675,0.3038284839203675
REALDATA,SEMISYNTHETIC REAL-DATA EXPERIMENT,adult,Male,gradient_boosting,group_threshold_calibrated,post,strong_second_group,1a6f52e99e976851,"{""alpha_negative"": {""Female"": 0.25, ""Male"": 0.25}, ""alpha_positive"": {""Female"": 0.25, ""Male"": 0.75}, ""contestation_scenario"": ""strong_second_group"", ""rho_negative"": {""Female"": 0.05, ""Male"": 0.05}, ""rho_positive"": {""Female"": 0.8, ""Male"": 0.8}}",tnr,20,0.9132864056313241,0.005716908606917915,0.0012783396266222082,0.9107808599631446,0.9157919512995036
REALDATA,SEMISYNTHETIC REAL-DATA EXPERIMENT,adult,Male,gradient_boosting,group_threshold_calibrated,post,strong_second_group,1a6f52e99e976851,"{""alpha_negative"": {""Female"": 0.25, ""Male"": 0.25}, ""alpha_positive"": {""Female"": 0.25, ""Male"": 0.75}, ""contestation_scenario"": ""strong_second_group"", ""rho_negative"": {""Female"": 0.05, ""Male"": 0.05}, ""rho_positive"": {""Female"": 0.8, ""Male"": 0.8}}",tpr,20,0.8581149193548387,0.005038996005393695,0.0011267537606410197,0.8559064819839823,0.8603233567256952
REALDATA,SEMISYNTHETIC REAL-DATA EXPERIMENT,adult,Male,gradient_boosting,group_threshold_calibrated,pre,equal_access,8b1b8b56ce23dea1,"{""alpha_negative"": {""Female"": 0.25, ""Male"": 0.25}, ""alpha_positive"": {""Female"": 0.5, ""Male"": 0.5}, ""contestation_scenario"": ""equal_access"", ""rho_negative"": {""Female"": 0.05, ""Male"": 0.05}, ""rho_positive"": {""Female"": 0.8, ""Male"": 0.8}}",accuracy,20,0.8408422664624808,0.003750836683583394,0.0008387125796992337,0.8391983898062704,0.8424861431186913
REALDATA,SEMISYNTHETIC REAL-DATA EXPERIMENT,adult,Male,gradient_boosting,group_threshold_calibrated,pre,equal_access,8b1b8b56ce23dea1,"{""alpha_negative"": {""Female"": 0.25, ""Male"": 0.25}, ""alpha_positive"": {""Female"": 0.5, ""Male"": 0.5}, ""contestation_scenario"": ""equal_access"", ""rho_negative"": {""Female"": 0.05, ""Male"": 0.05}, ""rho_positive"": {""Female"": 0.8, ""Male"": 0.8}}",fnr,20,0.3501260080645161,0.013222942855017942,0.002956739908641526,0.34433079784357873,0.3559212182854535
REALDATA,SEMISYNTHETIC REAL-DATA EXPERIMENT,adult,Male,gradient_boosting,group_threshold_calibrated,pre,equal_access,8b1b8b56ce23dea1,"{""alpha_negative"": {""Female"": 0.25, ""Male"": 0.25}, ""alpha_positive"": {""Female"": 0.5, ""Male"": 0.5}, ""contestation_scenario"": ""equal_access"", ""rho_negative"": {""Female"": 0.05, ""Male"": 0.05}, ""rho_positive"": {""Female"": 0.8, ""Male"": 0.8}}",fpr,20,0.07581390233172015,0.005567811859280148,0.0012450005803279903,0.07337370119427729,0.07825410346916302
REALDATA,SEMISYNTHETIC REAL-DATA EXPERIMENT,adult,Male,gradient_boosting,group_threshold_calibrated,pre,equal_access,8b1b8b56ce23dea1,"{""alpha_negative"": {""Female"": 0.25, ""Male"": 0.25}, ""alpha_positive"": {""Female"": 0.5, ""Male"": 0.5}, ""contestation_scenario"": ""equal_access"", ""rho_negative"": {""Female"": 0.05, ""Male"": 0.05}, ""rho_positive"": {""Female"": 0.8, ""Male"": 0.8}}",n,20,6530.0,0.0,0.0,6530.0,6530.0
REALDATA,SEMISYNTHETIC REAL-DATA EXPERIMENT,adult,Male,gradient_boosting,group_threshold_calibrated,pre,equal_access,8b1b8b56ce23dea1,"{""alpha_negative"": {""Female"": 0.25, ""Male"": 0.25}, ""alpha_positive"": {""Female"": 0.5, ""Male"": 0.5}, ""contestation_scenario"": ""equal_access"", ""rho_negative"": {""Female"": 0.05, ""Male"": 0.05}, ""rho_positive"": {""Female"": 0.8, ""Male"": 0.8}}",positive_rate,20,0.250229709035222,0.006947017564847766,0.001553400351588466,0.24718504434610863,0.2532743737243354
REALDATA,SEMISYNTHETIC REAL-DATA EXPERIMENT,adult,Male,gradient_boosting,group_threshold_calibrated,pre,equal_access,8b1b8b56ce23dea1,"{""alpha_negative"": {""Female"": 0.25, ""Male"": 0.25}, ""alpha_positive"": {""Female"": 0.5, ""Male"": 0.5}, ""contestation_scenario"": ""equal_access"", ""rho_negative"": {""Female"": 0.05, ""Male"": 0.05}, ""rho_positive"": {""Female"": 0.8, ""Male"": 0.8}}",prevalence,20,0.3038284839203675,0.0,0.0,0.3038284839203675,0.3038284839203675
REALDATA,SEMISYNTHETIC REAL-DATA EXPERIMENT,adult,Male,gradient_boosting,group_threshold_calibrated,pre,equal_access,8b1b8b56ce23dea1,"{""alpha_negative"": {""Female"": 0.25, ""Male"": 0.25}, ""alpha_positive"": {""Female"": 0.5, ""Male"": 0.5}, ""contestation_scenario"": ""equal_access"", ""rho_negative"": {""Female"": 0.05, ""Male"": 0.05}, ""rho_positive"": {""Female"": 0.8, ""Male"": 0.8}}",tnr,20,0.9241860976682797,0.005567811859280094,0.0012450005803279782,0.9217458965308369,0.9266262988057226
REALDATA,SEMISYNTHETIC REAL-DATA EXPERIMENT,adult,Male,gradient_boosting,group_threshold_calibrated,pre,equal_access,8b1b8b56ce23dea1,"{""alpha_negative"": {""Female"": 0.25, ""Male"": 0.25}, ""alpha_positive"": {""Female"": 0.5, ""Male"": 0.5}, ""contestation_scenario"": ""equal_access"", ""rho_negative"": {""Female"": 0.05, ""Male"": 0.05}, ""rho_positive"": {""Female"": 0.8, ""Male"": 0.8}}",tpr,20,0.6498739919354839,0.013222942855017928,0.002956739908641523,0.6440787817145465,0.6556692021564213
REALDATA,SEMISYNTHETIC REAL-DATA EXPERIMENT,adult,Male,gradient_boosting,group_threshold_calibrated,pre,moderate_first_group,58a445a909825bd5,"{""alpha_negative"": {""Female"": 0.25, ""Male"": 0.25}, ""alpha_positive"": {""Female"": 0.65, ""Male"": 0.35}, ""contestation_scenario"": ""moderate_first_group"", ""rho_negative"": {""Female"": 0.05, ""Male"": 0.05}, ""rho_positive"": {""Female"": 0.8, ""Male"": 0.8}}",accuracy,20,0.8408422664624808,0.003750836683583394,0.0008387125796992337,0.8391983898062704,0.8424861431186913
REALDATA,SEMISYNTHETIC REAL-DATA EXPERIMENT,adult,Male,gradient_boosting,group_threshold_calibrated,pre,moderate_first_group,58a445a909825bd5,"{""alpha_negative"": {""Female"": 0.25, ""Male"": 0.25}, ""alpha_positive"": {""Female"": 0.65, ""Male"": 0.35}, ""contestation_scenario"": ""moderate_first_group"", ""rho_negative"": {""Female"": 0.05, ""Male"": 0.05}, ""rho_positive"": {""Female"": 0.8, ""Male"": 0.8}}",fnr,20,0.3501260080645161,0.013222942855017942,0.002956739908641526,0.34433079784357873,0.3559212182854535
REALDATA,SEMISYNTHETIC REAL-DATA EXPERIMENT,adult,Male,gradient_boosting,group_threshold_calibrated,pre,moderate_first_group,58a445a909825bd5,"{""alpha_negative"": {""Female"": 0.25, ""Male"": 0.25}, ""alpha_positive"": {""Female"": 0.65, ""Male"": 0.35}, ""contestation_scenario"": ""moderate_first_group"", ""rho_negative"": {""Female"": 0.05, ""Male"": 0.05}, ""rho_positive"": {""Female"": 0.8, ""Male"": 0.8}}",fpr,20,0.07581390233172015,0.005567811859280148,0.0012450005803279903,0.07337370119427729,0.07825410346916302
REALDATA,SEMISYNTHETIC REAL-DATA EXPERIMENT,adult,Male,gradient_boosting,group_threshold_calibrated,pre,moderate_first_group,58a445a909825bd5,"{""alpha_negative"": {""Female"": 0.25, ""Male"": 0.25}, ""alpha_positive"": {""Female"": 0.65, ""Male"": 0.35}, ""contestation_scenario"": ""moderate_first_group"", ""rho_negative"": {""Female"": 0.05, ""Male"": 0.05}, ""rho_positive"": {""Female"": 0.8, ""Male"": 0.8}}",n,20,6530.0,0.0,0.0,6530.0,6530.0
REALDATA,SEMISYNTHETIC REAL-DATA EXPERIMENT,adult,Male,gradient_boosting,group_threshold_calibrated,pre,moderate_first_group,58a445a909825bd5,"{""alpha_negative"": {""Female"": 0.25, ""Male"": 0.25}, ""alpha_positive"": {""Female"": 0.65, ""Male"": 0.35}, ""contestation_scenario"": ""moderate_first_group"", ""rho_negative"": {""Female"": 0.05, ""Male"": 0.05}, ""rho_positive"": {""Female"": 0.8, ""Male"": 0.8}}",positive_rate,20,0.250229709035222,0.006947017564847766,0.001553400351588466,0.24718504434610863,0.2532743737243354
REALDATA,SEMISYNTHETIC REAL-DATA EXPERIMENT,adult,Male,gradient_boosting,group_threshold_calibrated,pre,moderate_first_group,58a445a909825bd5,"{""alpha_negative"": {""Female"": 0.25, ""Male"": 0.25}, ""alpha_positive"": {""Female"": 0.65, ""Male"": 0.35}, ""contestation_scenario"": ""moderate_first_group"", ""rho_negative"": {""Female"": 0.05, ""Male"": 0.05}, ""rho_positive"": {""Female"": 0.8, ""Male"": 0.8}}",prevalence,20,0.3038284839203675,0.0,0.0,0.3038284839203675,0.3038284839203675
REALDATA,SEMISYNTHETIC REAL-DATA EXPERIMENT,adult,Male,gradient_boosting,group_threshold_calibrated,pre,moderate_first_group,58a445a909825bd5,"{""alpha_negative"": {""Female"": 0.25, ""Male"": 0.25}, ""alpha_positive"": {""Female"": 0.65, ""Male"": 0.35}, ""contestation_scenario"": ""moderate_first_group"", ""rho_negative"": {""Female"": 0.05, ""Male"": 0.05}, ""rho_positive"": {""Female"": 0.8, ""Male"": 0.8}}",tnr,20,0.9241860976682797,0.005567811859280094,0.0012450005803279782,0.9217458965308369,0.9266262988057226
REALDATA,SEMISYNTHETIC REAL-DATA EXPERIMENT,adult,Male,gradient_boosting,group_threshold_calibrated,pre,moderate_first_group,58a445a909825bd5,"{""alpha_negative"": {""Female"": 0.25, ""Male"": 0.25}, ""alpha_positive"": {""Female"": 0.65, ""Male"": 0.35}, ""contestation_scenario"": ""moderate_first_group"", ""rho_negative"": {""Female"": 0.05, ""Male"": 0.05}, ""rho_positive"": {""Female"": 0.8, ""Male"": 0.8}}",tpr,20,0.6498739919354839,0.013222942855017928,0.002956739908641523,0.6440787817145465,0.6556692021564213
REALDATA,SEMISYNTHETIC REAL-DATA EXPERIMENT,adult,Male,gradient_boosting,group_threshold_calibrated,pre,moderate_second_group,f2d18f38dbf44f65,"{""alpha_negative"": {""Female"": 0.25, ""Male"": 0.25}, ""alpha_positive"": {""Female"": 0.35, ""Male"": 0.65}, ""contestation_scenario"": ""moderate_second_group"", ""rho_negative"": {""Female"": 0.05, ""Male"": 0.05}, ""rho_positive"": {""Female"": 0.8, ""Male"": 0.8}}",accuracy,20,0.8408422664624808,0.003750836683583394,0.0008387125796992337,0.8391983898062704,0.8424861431186913
REALDATA,SEMISYNTHETIC REAL-DATA EXPERIMENT,adult,Male,gradient_boosting,group_threshold_calibrated,pre,moderate_second_group,f2d18f38dbf44f65,"{""alpha_negative"": {""Female"": 0.25, ""Male"": 0.25}, ""alpha_positive"": {""Female"": 0.35, ""Male"": 0.65}, ""contestation_scenario"": ""moderate_second_group"", ""rho_negative"": {""Female"": 0.05, ""Male"": 0.05}, ""rho_positive"": {""Female"": 0.8, ""Male"": 0.8}}",fnr,20,0.3501260080645161,0.013222942855017942,0.002956739908641526,0.34433079784357873,0.3559212182854535
REALDATA,SEMISYNTHETIC REAL-DATA EXPERIMENT,adult,Male,gradient_boosting,group_threshold_calibrated,pre,moderate_second_group,f2d18f38dbf44f65,"{""alpha_negative"": {""Female"": 0.25, ""Male"": 0.25}, ""alpha_positive"": {""Female"": 0.35, ""Male"": 0.65}, ""contestation_scenario"": ""moderate_second_group"", ""rho_negative"": {""Female"": 0.05, ""Male"": 0.05}, ""rho_positive"": {""Female"": 0.8, ""Male"": 0.8}}",fpr,20,0.07581390233172015,0.005567811859280148,0.0012450005803279903,0.07337370119427729,0.07825410346916302
REALDATA,SEMISYNTHETIC REAL-DATA EXPERIMENT,adult,Male,gradient_boosting,group_threshold_calibrated,pre,moderate_second_group,f2d18f38dbf44f65,"{""alpha_negative"": {""Female"": 0.25, ""Male"": 0.25}, ""alpha_positive"": {""Female"": 0.35, ""Male"": 0.65}, ""contestation_scenario"": ""moderate_second_group"", ""rho_negative"": {""Female"": 0.05, ""Male"": 0.05}, ""rho_positive"": {""Female"": 0.8, ""Male"": 0.8}}",n,20,6530.0,0.0,0.0,6530.0,6530.0
REALDATA,SEMISYNTHETIC REAL-DATA EXPERIMENT,adult,Male,gradient_boosting,group_threshold_calibrated,pre,moderate_second_group,f2d18f38dbf44f65,"{""alpha_negative"": {""Female"": 0.25, ""Male"": 0.25}, ""alpha_positive"": {""Female"": 0.35, ""Male"": 0.65}, ""contestation_scenario"": ""moderate_second_group"", ""rho_negative"": {""Female"": 0.05, ""Male"": 0.05}, ""rho_positive"": {""Female"": 0.8, ""Male"": 0.8}}",positive_rate,20,0.250229709035222,0.006947017564847766,0.001553400351588466,0.24718504434610863,0.2532743737243354
REALDATA,SEMISYNTHETIC REAL-DATA EXPERIMENT,adult,Male,gradient_boosting,group_threshold_calibrated,pre,moderate_second_group,f2d18f38dbf44f65,"{""alpha_negative"": {""Female"": 0.25, ""Male"": 0.25}, ""alpha_positive"": {""Female"": 0.35, ""Male"": 0.65}, ""contestation_scenario"": ""moderate_second_group"", ""rho_negative"": {""Female"": 0.05, ""Male"": 0.05}, ""rho_positive"": {""Female"": 0.8, ""Male"": 0.8}}",prevalence,20,0.3038284839203675,0.0,0.0,0.3038284839203675,0.3038284839203675
REALDATA,SEMISYNTHETIC REAL-DATA EXPERIMENT,adult,Male,gradient_boosting,group_threshold_calibrated,pre,moderate_second_group,f2d18f38dbf44f65,"{""alpha_negative"": {""Female"": 0.25, ""Male"": 0.25}, ""alpha_positive"": {""Female"": 0.35, ""Male"": 0.65}, ""contestation_scenario"": ""moderate_second_group"", ""rho_negative"": {""Female"": 0.05, ""Male"": 0.05}, ""rho_positive"": {""Female"": 0.8, ""Male"": 0.8}}",tnr,20,0.9241860976682797,0.005567811859280094,0.0012450005803279782,0.9217458965308369,0.9266262988057226
REALDATA,SEMISYNTHETIC REAL-DATA EXPERIMENT,adult,Male,gradient_boosting,group_threshold_calibrated,pre,moderate_second_group,f2d18f38dbf44f65,"{""alpha_negative"": {""Female"": 0.25, ""Male"": 0.25}, ""alpha_positive"": {""Female"": 0.35, ""Male"": 0.65}, ""contestation_scenario"": ""moderate_second_group"", ""rho_negative"": {""Female"": 0.05, ""Male"": 0.05}, ""rho_positive"": {""Female"": 0.8, ""Male"": 0.8}}",tpr,20,0.6498739919354839,0.013222942855017928,0.002956739908641523,0.6440787817145465,0.6556692021564213
REALDATA,SEMISYNTHETIC REAL-DATA EXPERIMENT,adult,Male,gradient_boosting,group_threshold_calibrated,pre,strong_first_group,80db5b8b411cb1ee,"{""alpha_negative"": {""Female"": 0.25, ""Male"": 0.25}, ""alpha_positive"": {""Female"": 0.75, ""Male"": 0.25}, ""contestation_scenario"": ""strong_first_group"", ""rho_negative"": {""Female"": 0.05, ""Male"": 0.05}, ""rho_positive"": {""Female"": 0.8, ""Male"": 0.8}}",accuracy,20,0.8408422664624808,0.003750836683583394,0.0008387125796992337,0.8391983898062704,0.8424861431186913
REALDATA,SEMISYNTHETIC REAL-DATA EXPERIMENT,adult,Male,gradient_boosting,group_threshold_calibrated,pre,strong_first_group,80db5b8b411cb1ee,"{""alpha_negative"": {""Female"": 0.25, ""Male"": 0.25}, ""alpha_positive"": {""Female"": 0.75, ""Male"": 0.25}, ""contestation_scenario"": ""strong_first_group"", ""rho_negative"": {""Female"": 0.05, ""Male"": 0.05}, ""rho_positive"": {""Female"": 0.8, ""Male"": 0.8}}",fnr,20,0.3501260080645161,0.013222942855017942,0.002956739908641526,0.34433079784357873,0.3559212182854535
REALDATA,SEMISYNTHETIC REAL-DATA EXPERIMENT,adult,Male,gradient_boosting,group_threshold_calibrated,pre,strong_first_group,80db5b8b411cb1ee,"{""alpha_negative"": {""Female"": 0.25, ""Male"": 0.25}, ""alpha_positive"": {""Female"": 0.75, ""Male"": 0.25}, ""contestation_scenario"": ""strong_first_group"", ""rho_negative"": {""Female"": 0.05, ""Male"": 0.05}, ""rho_positive"": {""Female"": 0.8, ""Male"": 0.8}}",fpr,20,0.07581390233172015,0.005567811859280148,0.0012450005803279903,0.07337370119427729,0.07825410346916302
REALDATA,SEMISYNTHETIC REAL-DATA EXPERIMENT,adult,Male,gradient_boosting,group_threshold_calibrated,pre,strong_first_group,80db5b8b411cb1ee,"{""alpha_negative"": {""Female"": 0.25, ""Male"": 0.25}, ""alpha_positive"": {""Female"": 0.75, ""Male"": 0.25}, ""contestation_scenario"": ""strong_first_group"", ""rho_negative"": {""Female"": 0.05, ""Male"": 0.05}, ""rho_positive"": {""Female"": 0.8, ""Male"": 0.8}}",n,20,6530.0,0.0,0.0,6530.0,6530.0
REALDATA,SEMISYNTHETIC REAL-DATA EXPERIMENT,adult,Male,gradient_boosting,group_threshold_calibrated,pre,strong_first_group,80db5b8b411cb1ee,"{""alpha_negative"": {""Female"": 0.25, ""Male"": 0.25}, ""alpha_positive"": {""Female"": 0.75, ""Male"": 0.25}, ""contestation_scenario"": ""strong_first_group"", ""rho_negative"": {""Female"": 0.05, ""Male"": 0.05}, ""rho_positive"": {""Female"": 0.8, ""Male"": 0.8}}",positive_rate,20,0.250229709035222,0.006947017564847766,0.001553400351588466,0.24718504434610863,0.2532743737243354
REALDATA,SEMISYNTHETIC REAL-DATA EXPERIMENT,adult,Male,gradient_boosting,group_threshold_calibrated,pre,strong_first_group,80db5b8b411cb1ee,"{""alpha_negative"": {""Female"": 0.25, ""Male"": 0.25}, ""alpha_positive"": {""Female"": 0.75, ""Male"": 0.25}, ""contestation_scenario"": ""strong_first_group"", ""rho_negative"": {""Female"": 0.05, ""Male"": 0.05}, ""rho_positive"": {""Female"": 0.8, ""Male"": 0.8}}",prevalence,20,0.3038284839203675,0.0,0.0,0.3038284839203675,0.3038284839203675
REALDATA,SEMISYNTHETIC REAL-DATA EXPERIMENT,adult,Male,gradient_boosting,group_threshold_calibrated,pre,strong_first_group,80db5b8b411cb1ee,"{""alpha_negative"": {""Female"": 0.25, ""Male"": 0.25}, ""alpha_positive"": {""Female"": 0.75, ""Male"": 0.25}, ""contestation_scenario"": ""strong_first_group"", ""rho_negative"": {""Female"": 0.05, ""Male"": 0.05}, ""rho_positive"": {""Female"": 0.8, ""Male"": 0.8}}",tnr,20,0.9241860976682797,0.005567811859280094,0.0012450005803279782,0.9217458965308369,0.9266262988057226
REALDATA,SEMISYNTHETIC REAL-DATA EXPERIMENT,adult,Male,gradient_boosting,group_threshold_calibrated,pre,strong_first_group,80db5b8b411cb1ee,"{""alpha_negative"": {""Female"": 0.25, ""Male"": 0.25}, ""alpha_positive"": {""Female"": 0.75, ""Male"": 0.25}, ""contestation_scenario"": ""strong_first_group"", ""rho_negative"": {""Female"": 0.05, ""Male"": 0.05}, ""rho_positive"": {""Female"": 0.8, ""Male"": 0.8}}",tpr,20,0.6498739919354839,0.013222942855017928,0.002956739908641523,0.6440787817145465,0.6556692021564213
REALDATA,SEMISYNTHETIC REAL-DATA EXPERIMENT,adult,Male,gradient_boosting,group_threshold_calibrated,pre,strong_second_group,1a6f52e99e976851,"{""alpha_negative"": {""Female"": 0.25, ""Male"": 0.25}, ""alpha_positive"": {""Female"": 0.25, ""Male"": 0.75}, ""contestation_scenario"": ""strong_second_group"", ""rho_negative"": {""Female"": 0.05, ""Male"": 0.05}, ""rho_positive"": {""Female"": 0.8, ""Male"": 0.8}}",accuracy,20,0.8408422664624808,0.003750836683583394,0.0008387125796992337,0.8391983898062704,0.8424861431186913
REALDATA,SEMISYNTHETIC REAL-DATA EXPERIMENT,adult,Male,gradient_boosting,group_threshold_calibrated,pre,strong_second_group,1a6f52e99e976851,"{""alpha_negative"": {""Female"": 0.25, ""Male"": 0.25}, ""alpha_positive"": {""Female"": 0.25, ""Male"": 0.75}, ""contestation_scenario"": ""strong_second_group"", ""rho_negative"": {""Female"": 0.05, ""Male"": 0.05}, ""rho_positive"": {""Female"": 0.8, ""Male"": 0.8}}",fnr,20,0.3501260080645161,0.013222942855017942,0.002956739908641526,0.34433079784357873,0.3559212182854535
REALDATA,SEMISYNTHETIC REAL-DATA EXPERIMENT,adult,Male,gradient_boosting,group_threshold_calibrated,pre,strong_second_group,1a6f52e99e976851,"{""alpha_negative"": {""Female"": 0.25, ""Male"": 0.25}, ""alpha_positive"": {""Female"": 0.25, ""Male"": 0.75}, ""contestation_scenario"": ""strong_second_group"", ""rho_negative"": {""Female"": 0.05, ""Male"": 0.05}, ""rho_positive"": {""Female"": 0.8, ""Male"": 0.8}}",fpr,20,0.07581390233172015,0.005567811859280148,0.0012450005803279903,0.07337370119427729,0.07825410346916302
REALDATA,SEMISYNTHETIC REAL-DATA EXPERIMENT,adult,Male,gradient_boosting,group_threshold_calibrated,pre,strong_second_group,1a6f52e99e976851,"{""alpha_negative"": {""Female"": 0.25, ""Male"": 0.25}, ""alpha_positive"": {""Female"": 0.25, ""Male"": 0.75}, ""contestation_scenario"": ""strong_second_group"", ""rho_negative"": {""Female"": 0.05, ""Male"": 0.05}, ""rho_positive"": {""Female"": 0.8, ""Male"": 0.8}}",n,20,6530.0,0.0,0.0,6530.0,6530.0
REALDATA,SEMISYNTHETIC REAL-DATA EXPERIMENT,adult,Male,gradient_boosting,group_threshold_calibrated,pre,strong_second_group,1a6f52e99e976851,"{""alpha_negative"": {""Female"": 0.25, ""Male"": 0.25}, ""alpha_positive"": {""Female"": 0.25, ""Male"": 0.75}, ""contestation_scenario"": ""strong_second_group"", ""rho_negative"": {""Female"": 0.05, ""Male"": 0.05}, ""rho_positive"": {""Female"": 0.8, ""Male"": 0.8}}",positive_rate,20,0.250229709035222,0.006947017564847766,0.001553400351588466,0.24718504434610863,0.2532743737243354
REALDATA,SEMISYNTHETIC REAL-DATA EXPERIMENT,adult,Male,gradient_boosting,group_threshold_calibrated,pre,strong_second_group,1a6f52e99e976851,"{""alpha_negative"": {""Female"": 0.25, ""Male"": 0.25}, ""alpha_positive"": {""Female"": 0.25, ""Male"": 0.75}, ""contestation_scenario"": ""strong_second_group"", ""rho_negative"": {""Female"": 0.05, ""Male"": 0.05}, ""rho_positive"": {""Female"": 0.8, ""Male"": 0.8}}",prevalence,20,0.3038284839203675,0.0,0.0,0.3038284839203675,0.3038284839203675
REALDATA,SEMISYNTHETIC REAL-DATA EXPERIMENT,adult,Male,gradient_boosting,group_threshold_calibrated,pre,strong_second_group,1a6f52e99e976851,"{""alpha_negative"": {""Female"": 0.25, ""Male"": 0.25}, ""alpha_positive"": {""Female"": 0.25, ""Male"": 0.75}, ""contestation_scenario"": ""strong_second_group"", ""rho_negative"": {""Female"": 0.05, ""Male"": 0.05}, ""rho_positive"": {""Female"": 0.8, ""Male"": 0.8}}",tnr,20,0.9241860976682797,0.005567811859280094,0.0012450005803279782,0.9217458965308369,0.9266262988057226
REALDATA,SEMISYNTHETIC REAL-DATA EXPERIMENT,adult,Male,gradient_boosting,group_threshold_calibrated,pre,strong_second_group,1a6f52e99e976851,"{""alpha_negative"": {""Female"": 0.25, ""Male"": 0.25}, ""alpha_positive"": {""Female"": 0.25, ""Male"": 0.75}, ""contestation_scenario"": ""strong_second_group"", ""rho_negative"": {""Female"": 0.05, ""Male"": 0.05}, ""rho_positive"": {""Female"": 0.8, ""Male"": 0.8}}",tpr,20,0.6498739919354839,0.013222942855017928,0.002956739908641523,0.6440787817145465,0.6556692021564213
REALDATA,SEMISYNTHETIC REAL-DATA EXPERIMENT,adult,Male,gradient_boosting,validation_selected_threshold,frozen_policy,equal_access,8b1b8b56ce23dea1,"{""alpha_negative"": {""Female"": 0.25, ""Male"": 0.25}, ""alpha_positive"": {""Female"": 0.5, ""Male"": 0.5}, ""contestation_scenario"": ""equal_access"", ""rho_negative"": {""Female"": 0.05, ""Male"": 0.05}, ""rho_positive"": {""Female"": 0.8, ""Male"": 0.8}}",decision_threshold,20,0.5145000000000001,0.006863327411532597,0.001534686664402456,0.5114920141377712,0.5175079858622289
REALDATA,SEMISYNTHETIC REAL-DATA EXPERIMENT,adult,Male,gradient_boosting,validation_selected_threshold,frozen_policy,moderate_first_group,58a445a909825bd5,"{""alpha_negative"": {""Female"": 0.25, ""Male"": 0.25}, ""alpha_positive"": {""Female"": 0.65, ""Male"": 0.35}, ""contestation_scenario"": ""moderate_first_group"", ""rho_negative"": {""Female"": 0.05, ""Male"": 0.05}, ""rho_positive"": {""Female"": 0.8, ""Male"": 0.8}}",decision_threshold,20,0.5145000000000001,0.006863327411532597,0.001534686664402456,0.5114920141377712,0.5175079858622289
REALDATA,SEMISYNTHETIC REAL-DATA EXPERIMENT,adult,Male,gradient_boosting,validation_selected_threshold,frozen_policy,moderate_second_group,f2d18f38dbf44f65,"{""alpha_negative"": {""Female"": 0.25, ""Male"": 0.25}, ""alpha_positive"": {""Female"": 0.35, ""Male"": 0.65}, ""contestation_scenario"": ""moderate_second_group"", ""rho_negative"": {""Female"": 0.05, ""Male"": 0.05}, ""rho_positive"": {""Female"": 0.8, ""Male"": 0.8}}",decision_threshold,20,0.5145000000000001,0.006863327411532597,0.001534686664402456,0.5114920141377712,0.5175079858622289
REALDATA,SEMISYNTHETIC REAL-DATA EXPERIMENT,adult,Male,gradient_boosting,validation_selected_threshold,frozen_policy,strong_first_group,80db5b8b411cb1ee,"{""alpha_negative"": {""Female"": 0.25, ""Male"": 0.25}, ""alpha_positive"": {""Female"": 0.75, ""Male"": 0.25}, ""contestation_scenario"": ""strong_first_group"", ""rho_negative"": {""Female"": 0.05, ""Male"": 0.05}, ""rho_positive"": {""Female"": 0.8, ""Male"": 0.8}}",decision_threshold,20,0.5145000000000001,0.006863327411532597,0.001534686664402456,0.5114920141377712,0.5175079858622289
REALDATA,SEMISYNTHETIC REAL-DATA EXPERIMENT,adult,Male,gradient_boosting,validation_selected_threshold,frozen_policy,strong_second_group,1a6f52e99e976851,"{""alpha_negative"": {""Female"": 0.25, ""Male"": 0.25}, ""alpha_positive"": {""Female"": 0.25, ""Male"": 0.75}, ""contestation_scenario"": ""strong_second_group"", ""rho_negative"": {""Female"": 0.05, ""Male"": 0.05}, ""rho_positive"": {""Female"": 0.8, ""Male"": 0.8}}",decision_threshold,20,0.5145000000000001,0.006863327411532597,0.001534686664402456,0.5114920141377712,0.5175079858622289
REALDATA,SEMISYNTHETIC REAL-DATA EXPERIMENT,adult,Male,logistic,group_threshold_calibrated,post,equal_access,8b1b8b56ce23dea1,"{""alpha_negative"": {""Female"": 0.25, ""Male"": 0.25}, ""alpha_positive"": {""Female"": 0.5, ""Male"": 0.5}, ""contestation_scenario"": ""equal_access"", ""rho_negative"": {""Female"": 0.05, ""Male"": 0.05}, ""rho_positive"": {""Female"": 0.8, ""Male"": 0.8}}",accuracy,20,0.8549464012251148,0.004807543812224831,0.0010749994768943206,0.8528394022504019,0.8570534001998277
REALDATA,SEMISYNTHETIC REAL-DATA EXPERIMENT,adult,Male,logistic,group_threshold_calibrated,post,equal_access,8b1b8b56ce23dea1,"{""alpha_negative"": {""Female"": 0.25, ""Male"": 0.25}, ""alpha_positive"": {""Female"": 0.5, ""Male"": 0.5}, ""contestation_scenario"": ""equal_access"", ""rho_negative"": {""Female"": 0.05, ""Male"": 0.05}, ""rho_positive"": {""Female"": 0.8, ""Male"": 0.8}}",fnr,20,0.24528729838709676,0.011683247092698435,0.0026124534697200487,0.24016688958644547,0.2504077071877481
REALDATA,SEMISYNTHETIC REAL-DATA EXPERIMENT,adult,Male,logistic,group_threshold_calibrated,post,equal_access,8b1b8b56ce23dea1,"{""alpha_negative"": {""Female"": 0.25, ""Male"": 0.25}, ""alpha_positive"": {""Female"": 0.5, ""Male"": 0.5}, ""contestation_scenario"": ""equal_access"", ""rho_negative"": {""Female"": 0.05, ""Male"": 0.05}, ""rho_positive"": {""Female"": 0.8, ""Male"": 0.8}}",fpr,20,0.1013088429388473,0.006518628377283727,0.0014576096171665558,0.09845192808920085,0.10416575778849375
REALDATA,SEMISYNTHETIC REAL-DATA EXPERIMENT,adult,Male,logistic,group_threshold_calibrated,post,equal_access,8b1b8b56ce23dea1,"{""alpha_negative"": {""Female"": 0.25, ""Male"": 0.25}, ""alpha_positive"": {""Female"": 0.5, ""Male"": 0.5}, ""contestation_scenario"": ""equal_access"", ""rho_negative"": {""Female"": 0.05, ""Male"": 0.05}, ""rho_positive"": {""Female"": 0.8, ""Male"": 0.8}}",n,20,6530.0,0.0,0.0,6530.0,6530.0
REALDATA,SEMISYNTHETIC REAL-DATA EXPERIMENT,adult,Male,logistic,group_threshold_calibrated,post,equal_access,8b1b8b56ce23dea1,"{""alpha_negative"": {""Female"": 0.25, ""Male"": 0.25}, ""alpha_positive"": {""Female"": 0.5, ""Male"": 0.5}, ""contestation_scenario"": ""equal_access"", ""rho_negative"": {""Female"": 0.05, ""Male"": 0.05}, ""rho_positive"": {""Female"": 0.8, ""Male"": 0.8}}",positive_rate,20,0.2998315467075038,0.006578503685032501,0.0014709981429965537,0.29694839034723053,0.30271470306777704
REALDATA,SEMISYNTHETIC REAL-DATA EXPERIMENT,adult,Male,logistic,group_threshold_calibrated,post,equal_access,8b1b8b56ce23dea1,"{""alpha_negative"": {""Female"": 0.25, ""Male"": 0.25}, ""alpha_positive"": {""Female"": 0.5, ""Male"": 0.5}, ""contestation_scenario"": ""equal_access"", ""rho_negative"": {""Female"": 0.05, ""Male"": 0.05}, ""rho_positive"": {""Female"": 0.8, ""Male"": 0.8}}",prevalence,20,0.3038284839203675,0.0,0.0,0.3038284839203675,0.3038284839203675
REALDATA,SEMISYNTHETIC REAL-DATA EXPERIMENT,adult,Male,logistic,group_threshold_calibrated,post,equal_access,8b1b8b56ce23dea1,"{""alpha_negative"": {""Female"": 0.25, ""Male"": 0.25}, ""alpha_positive"": {""Female"": 0.5, ""Male"": 0.5}, ""contestation_scenario"": ""equal_access"", ""rho_negative"": {""Female"": 0.05, ""Male"": 0.05}, ""rho_positive"": {""Female"": 0.8, ""Male"": 0.8}}",tnr,20,0.8986911570611527,0.006518628377283709,0.001457609617166552,0.8958342422115062,0.9015480719107991
REALDATA,SEMISYNTHETIC REAL-DATA EXPERIMENT,adult,Male,logistic,group_threshold_calibrated,post,equal_access,8b1b8b56ce23dea1,"{""alpha_negative"": {""Female"": 0.25, ""Male"": 0.25}, ""alpha_positive"": {""Female"": 0.5, ""Male"": 0.5}, ""contestation_scenario"": ""equal_access"", ""rho_negative"": {""Female"": 0.05, ""Male"": 0.05}, ""rho_positive"": {""Female"": 0.8, ""Male"": 0.8}}",tpr,20,0.7547127016129032,0.011683247092698386,0.002612453469720038,0.7495922928122519,0.7598331104135544
REALDATA,SEMISYNTHETIC REAL-DATA EXPERIMENT,adult,Male,logistic,group_threshold_calibrated,post,moderate_first_group,58a445a909825bd5,"{""alpha_negative"": {""Female"": 0.25, ""Male"": 0.25}, ""alpha_positive"": {""Female"": 0.65, ""Male"": 0.35}, ""contestation_scenario"": ""moderate_first_group"", ""rho_negative"": {""Female"": 0.05, ""Male"": 0.05}, ""rho_positive"": {""Female"": 0.8, ""Male"": 0.8}}",accuracy,20,0.8403522205206737,0.005036472858366061,0.0011261895678139182,0.8381448889677584,0.842559552073589
REALDATA,SEMISYNTHETIC REAL-DATA EXPERIMENT,adult,Male,logistic,group_threshold_calibrated,post,moderate_first_group,58a445a909825bd5,"{""alpha_negative"": {""Female"": 0.25, ""Male"": 0.25}, ""alpha_positive"": {""Female"": 0.65, ""Male"": 0.35}, ""contestation_scenario"": ""moderate_first_group"", ""rho_negative"": {""Female"": 0.05, ""Male"": 0.05}, ""rho_positive"": {""Female"": 0.8, ""Male"": 0.8}}",fnr,20,0.2932711693548387,0.012306380955353594,0.0027517904373179436,0.28787766009769555,0.29866467861198187
REALDATA,SEMISYNTHETIC REAL-DATA EXPERIMENT,adult,Male,logistic,group_threshold_calibrated,post,moderate_first_group,58a445a909825bd5,"{""alpha_negative"": {""Female"": 0.25, ""Male"": 0.25}, ""alpha_positive"": {""Female"": 0.65, ""Male"": 0.35}, ""contestation_scenario"": ""moderate_first_group"", ""rho_negative"": {""Female"": 0.05, ""Male"": 0.05}, ""rho_positive"": {""Female"": 0.8, ""Male"": 0.8}}",fpr,20,0.10133084029916403,0.0069752884923780425,0.0015597219231629326,0.09827378532976469,0.10438789526856337
REALDATA,SEMISYNTHETIC REAL-DATA EXPERIMENT,adult,Male,logistic,group_threshold_calibrated,post,moderate_first_group,58a445a909825bd5,"{""alpha_negative"": {""Female"": 0.25, ""Male"": 0.25}, ""alpha_positive"": {""Female"": 0.65, ""Male"": 0.35}, ""contestation_scenario"": ""moderate_first_group"", ""rho_negative"": {""Female"": 0.05, ""Male"": 0.05}, ""rho_positive"": {""Female"": 0.8, ""Male"": 0.8}}",n,20,6530.0,0.0,0.0,6530.0,6530.0
REALDATA,SEMISYNTHETIC REAL-DATA EXPERIMENT,adult,Male,logistic,group_threshold_calibrated,post,moderate_first_group,58a445a909825bd5,"{""alpha_negative"": {""Female"": 0.25, ""Male"": 0.25}, ""alpha_positive"": {""Female"": 0.65, ""Male"": 0.35}, ""contestation_scenario"": ""moderate_first_group"", ""rho_negative"": {""Female"": 0.05, ""Male"": 0.05}, ""rho_positive"": {""Female"": 0.8, ""Male"": 0.8}}",positive_rate,20,0.2852679938744257,0.007053795774085716,0.001577276685025641,0.2821765315717754,0.288359456177076
REALDATA,SEMISYNTHETIC REAL-DATA EXPERIMENT,adult,Male,logistic,group_threshold_calibrated,post,moderate_first_group,58a445a909825bd5,"{""alpha_negative"": {""Female"": 0.25, ""Male"": 0.25}, ""alpha_positive"": {""Female"": 0.65, ""Male"": 0.35}, ""contestation_scenario"": ""moderate_first_group"", ""rho_negative"": {""Female"": 0.05, ""Male"": 0.05}, ""rho_positive"": {""Female"": 0.8, ""Male"": 0.8}}",prevalence,20,0.3038284839203675,0.0,0.0,0.3038284839203675,0.3038284839203675
REALDATA,SEMISYNTHETIC REAL-DATA EXPERIMENT,adult,Male,logistic,group_threshold_calibrated,post,moderate_first_group,58a445a909825bd5,"{""alpha_negative"": {""Female"": 0.25, ""Male"": 0.25}, ""alpha_positive"": {""Female"": 0.65, ""Male"": 0.35}, ""contestation_scenario"": ""moderate_first_group"", ""rho_negative"": {""Female"": 0.05, ""Male"": 0.05}, ""rho_positive"": {""Female"": 0.8, ""Male"": 0.8}}",tnr,20,0.8986691597008359,0.0069752884923780425,0.0015597219231629326,0.8956121047314366,0.9017262146702353
REALDATA,SEMISYNTHETIC REAL-DATA EXPERIMENT,adult,Male,logistic,group_threshold_calibrated,post,moderate_first_group,58a445a909825bd5,"{""alpha_negative"": {""Female"": 0.25, ""Male"": 0.25}, ""alpha_positive"": {""Female"": 0.65, ""Male"": 0.35}, ""contestation_scenario"": ""moderate_first_group"", ""rho_negative"": {""Female"": 0.05, ""Male"": 0.05}, ""rho_positive"": {""Female"": 0.8, ""Male"": 0.8}}",tpr,20,0.7067288306451613,0.012306380955353576,0.00275179043731794,0.7013353213880181,0.7121223399023046
REALDATA,SEMISYNTHETIC REAL-DATA EXPERIMENT,adult,Male,logistic,group_threshold_calibrated,post,moderate_second_group,f2d18f38dbf44f65,"{""alpha_negative"": {""Female"": 0.25, ""Male"": 0.25}, ""alpha_positive"": {""Female"": 0.35, ""Male"": 0.65}, ""contestation_scenario"": ""moderate_second_group"", ""rho_negative"": {""Female"": 0.05, ""Male"": 0.05}, ""rho_positive"": {""Female"": 0.8, ""Male"": 0.8}}",accuracy,20,0.8701531393568146,0.0041408479082426725,0.0009259217407318427,0.8683383327449802,0.871967945968649
REALDATA,SEMISYNTHETIC REAL-DATA EXPERIMENT,adult,Male,logistic,group_threshold_calibrated,post,moderate_second_group,f2d18f38dbf44f65,"{""alpha_negative"": {""Female"": 0.25, ""Male"": 0.25}, ""alpha_positive"": {""Female"": 0.35, ""Male"": 0.65}, ""contestation_scenario"": ""moderate_second_group"", ""rho_negative"": {""Female"": 0.05, ""Male"": 0.05}, ""rho_positive"": {""Female"": 0.8, ""Male"": 0.8}}",fnr,20,0.194758064516129,0.006691540906239305,0.0014962740340571633,0.19182536740937697,0.19769076162288104
REALDATA,SEMISYNTHETIC REAL-DATA EXPERIMENT,adult,Male,logistic,group_threshold_calibrated,post,moderate_second_group,f2d18f38dbf44f65,"{""alpha_negative"": {""Female"": 0.25, ""Male"": 0.25}, ""alpha_positive"": {""Female"": 0.35, ""Male"": 0.65}, ""contestation_scenario"": ""moderate_second_group"", ""rho_negative"": {""Female"": 0.05, ""Male"": 0.05}, ""rho_positive"": {""Female"": 0.8, ""Male"": 0.8}}",fpr,20,0.10151781786185654,0.006752754030573926,0.0015099617047698991,0.09855829292050754,0.10447734280320554
REALDATA,SEMISYNTHETIC REAL-DATA EXPERIMENT,adult,Male,logistic,group_threshold_calibrated,post,moderate_second_group,f2d18f38dbf44f65,"{""alpha_negative"": {""Female"": 0.25, ""Male"": 0.25}, ""alpha_positive"": {""Female"": 0.35, ""Male"": 0.65}, ""contestation_scenario"": ""moderate_second_group"", ""rho_negative"": {""Female"": 0.05, ""Male"": 0.05}, ""rho_positive"": {""Female"": 0.8, ""Male"": 0.8}}",n,20,6530.0,0.0,0.0,6530.0,6530.0
REALDATA,SEMISYNTHETIC REAL-DATA EXPERIMENT,adult,Male,logistic,group_threshold_calibrated,post,moderate_second_group,f2d18f38dbf44f65,"{""alpha_negative"": {""Female"": 0.25, ""Male"": 0.25}, ""alpha_positive"": {""Female"": 0.35, ""Male"": 0.65}, ""contestation_scenario"": ""moderate_second_group"", ""rho_negative"": {""Female"": 0.05, ""Male"": 0.05}, ""rho_positive"": {""Female"": 0.8, ""Male"": 0.8}}",positive_rate,20,0.3153292496171516,0.005943098991310989,0.0013289173341581803,0.3127245716422016,0.3179339275921016
REALDATA,SEMISYNTHETIC REAL-DATA EXPERIMENT,adult,Male,logistic,group_threshold_calibrated,post,moderate_second_group,f2d18f38dbf44f65,"{""alpha_negative"": {""Female"": 0.25, ""Male"": 0.25}, ""alpha_positive"": {""Female"": 0.35, ""Male"": 0.65}, ""contestation_scenario"": ""moderate_second_group"", ""rho_negative"": {""Female"": 0.05, ""Male"": 0.05}, ""rho_positive"": {""Female"": 0.8, ""Male"": 0.8}}",prevalence,20,0.3038284839203675,0.0,0.0,0.3038284839203675,0.3038284839203675
REALDATA,SEMISYNTHETIC REAL-DATA EXPERIMENT,adult,Male,logistic,group_threshold_calibrated,post,moderate_second_group,f2d18f38dbf44f65,"{""alpha_negative"": {""Female"": 0.25, ""Male"": 0.25}, ""alpha_positive"": {""Female"": 0.35, ""Male"": 0.65}, ""contestation_scenario"": ""moderate_second_group"", ""rho_negative"": {""Female"": 0.05, ""Male"": 0.05}, ""rho_positive"": {""Female"": 0.8, ""Male"": 0.8}}",tnr,20,0.8984821821381435,0.0067527540305739615,0.0015099617047699071,0.8955226571967945,0.9014417070794924
REALDATA,SEMISYNTHETIC REAL-DATA EXPERIMENT,adult,Male,logistic,group_threshold_calibrated,post,moderate_second_group,f2d18f38dbf44f65,"{""alpha_negative"": {""Female"": 0.25, ""Male"": 0.25}, ""alpha_positive"": {""Female"": 0.35, ""Male"": 0.65}, ""contestation_scenario"": ""moderate_second_group"", ""rho_negative"": {""Female"": 0.05, ""Male"": 0.05}, ""rho_positive"": {""Female"": 0.8, ""Male"": 0.8}}",tpr,20,0.805241935483871,0.006691540906239351,0.0014962740340571734,0.802309238377119,0.808174632590623
REALDATA,SEMISYNTHETIC REAL-DATA EXPERIMENT,adult,Male,logistic,group_threshold_calibrated,post,strong_first_group,80db5b8b411cb1ee,"{""alpha_negative"": {""Female"": 0.25, ""Male"": 0.25}, ""alpha_positive"": {""Female"": 0.75, ""Male"": 0.25}, ""contestation_scenario"": ""strong_first_group"", ""rho_negative"": {""Female"": 0.05, ""Male"": 0.05}, ""rho_positive"": {""Female"": 0.8, ""Male"": 0.8}}",accuracy,20,0.8308575803981624,0.004264956048511922,0.0009536731645521548,0.8289883809956402,0.8327267798006845
REALDATA,SEMISYNTHETIC REAL-DATA EXPERIMENT,adult,Male,logistic,group_threshold_calibrated,post,strong_first_group,80db5b8b411cb1ee,"{""alpha_negative"": {""Female"": 0.25, ""Male"": 0.25}, ""alpha_positive"": {""Female"": 0.75, ""Male"": 0.25}, ""contestation_scenario"": ""strong_first_group"", ""rho_negative"": {""Female"": 0.05, ""Male"": 0.05}, ""rho_positive"": {""Female"": 0.8, ""Male"": 0.8}}",fnr,20,0.32469758064516124,0.010385871470189736,0.0023223514612919927,0.32014577178102893,0.32924938950929356
REALDATA,SEMISYNTHETIC REAL-DATA EXPERIMENT,adult,Male,logistic,group_threshold_calibrated,post,strong_first_group,80db5b8b411cb1ee,"{""alpha_negative"": {""Female"": 0.25, ""Male"": 0.25}, ""alpha_positive"": {""Female"": 0.75, ""Male"": 0.25}, ""contestation_scenario"": ""strong_first_group"", ""rho_negative"": {""Female"": 0.05, ""Male"": 0.05}, ""rho_positive"": {""Female"": 0.8, ""Male"": 0.8}}",fpr,20,0.10125384953805538,0.006740523505877866,0.001507226876307811,0.09829968486049208,0.10420801421561869
REALDATA,SEMISYNTHETIC REAL-DATA EXPERIMENT,adult,Male,logistic,group_threshold_calibrated,post,strong_first_group,80db5b8b411cb1ee,"{""alpha_negative"": {""Female"": 0.25, ""Male"": 0.25}, ""alpha_positive"": {""Female"": 0.75, ""Male"": 0.25}, ""contestation_scenario"": ""strong_first_group"", ""rho_negative"": {""Female"": 0.05, ""Male"": 0.05}, ""rho_positive"": {""Female"": 0.8, ""Male"": 0.8}}",n,20,6530.0,0.0,0.0,6530.0,6530.0
REALDATA,SEMISYNTHETIC REAL-DATA EXPERIMENT,adult,Male,logistic,group_threshold_calibrated,post,strong_first_group,80db5b8b411cb1ee,"{""alpha_negative"": {""Female"": 0.25, ""Male"": 0.25}, ""alpha_positive"": {""Female"": 0.75, ""Male"": 0.25}, ""contestation_scenario"": ""strong_first_group"", ""rho_negative"": {""Female"": 0.05, ""Male"": 0.05}, ""rho_positive"": {""Female"": 0.8, ""Male"": 0.8}}",positive_rate,20,0.27566615620214396,0.0067649874771684585,0.001512697186588348,0.2727012697164308,0.2786310426878571
REALDATA,SEMISYNTHETIC REAL-DATA EXPERIMENT,adult,Male,logistic,group_threshold_calibrated,post,strong_first_group,80db5b8b411cb1ee,"{""alpha_negative"": {""Female"": 0.25, ""Male"": 0.25}, ""alpha_positive"": {""Female"": 0.75, ""Male"": 0.25}, ""contestation_scenario"": ""strong_first_group"", ""rho_negative"": {""Female"": 0.05, ""Male"": 0.05}, ""rho_positive"": {""Female"": 0.8, ""Male"": 0.8}}",prevalence,20,0.3038284839203675,0.0,0.0,0.3038284839203675,0.3038284839203675
REALDATA,SEMISYNTHETIC REAL-DATA EXPERIMENT,adult,Male,logistic,group_threshold_calibrated,post,strong_first_group,80db5b8b411cb1ee,"{""alpha_negative"": {""Female"": 0.25, ""Male"": 0.25}, ""alpha_positive"": {""Female"": 0.75, ""Male"": 0.25}, ""contestation_scenario"": ""strong_first_group"", ""rho_negative"": {""Female"": 0.05, ""Male"": 0.05}, ""rho_positive"": {""Female"": 0.8, ""Male"": 0.8}}",tnr,20,0.8987461504619446,0.006740523505877845,0.0015072268763078064,0.8957919857843814,0.9017003151395079
REALDATA,SEMISYNTHETIC REAL-DATA EXPERIMENT,adult,Male,logistic,group_threshold_calibrated,post,strong_first_group,80db5b8b411cb1ee,"{""alpha_negative"": {""Female"": 0.25, ""Male"": 0.25}, ""alpha_positive"": {""Female"": 0.75, ""Male"": 0.25}, ""contestation_scenario"": ""strong_first_group"", ""rho_negative"": {""Female"": 0.05, ""Male"": 0.05}, ""rho_positive"": {""Female"": 0.8, ""Male"": 0.8}}",tpr,20,0.6753024193548387,0.010385871470189715,0.0023223514612919884,0.6707506104907064,0.679854228218971
REALDATA,SEMISYNTHETIC REAL-DATA EXPERIMENT,adult,Male,logistic,group_threshold_calibrated,post,strong_second_group,1a6f52e99e976851,"{""alpha_negative"": {""Female"": 0.25, ""Male"": 0.25}, ""alpha_positive"": {""Female"": 0.25, ""Male"": 0.75}, ""contestation_scenario"": ""strong_second_group"", ""rho_negative"": {""Female"": 0.05, ""Male"": 0.05}, ""rho_positive"": {""Female"": 0.8, ""Male"": 0.8}}",accuracy,20,0.8799310872894333,0.004949948334664104,0.0011068420961420813,0.8777616767809948,0.8821004977978717
REALDATA,SEMISYNTHETIC REAL-DATA EXPERIMENT,adult,Male,logistic,group_threshold_calibrated,post,strong_second_group,1a6f52e99e976851,"{""alpha_negative"": {""Female"": 0.25, ""Male"": 0.25}, ""alpha_positive"": {""Female"": 0.25, ""Male"": 0.75}, ""contestation_scenario"": ""strong_second_group"", ""rho_negative"": {""Female"": 0.05, ""Male"": 0.05}, ""rho_positive"": {""Female"": 0.8, ""Male"": 0.8}}",fnr,20,0.16376008064516126,0.008637555441525226,0.0019314161126673614,0.15997450506433322,0.1675456562259893
REALDATA,SEMISYNTHETIC REAL-DATA EXPERIMENT,adult,Male,logistic,group_threshold_calibrated,post,strong_second_group,1a6f52e99e976851,"{""alpha_negative"": {""Female"": 0.25, ""Male"": 0.25}, ""alpha_positive"": {""Female"": 0.25, ""Male"": 0.75}, ""contestation_scenario"": ""strong_second_group"", ""rho_negative"": {""Female"": 0.05, ""Male"": 0.05}, ""rho_positive"": {""Female"": 0.8, ""Male"": 0.8}}",fpr,20,0.10100087989441262,0.006507601617889246,0.0014551439588087964,0.09814879773514737,0.10385296205367786
REALDATA,SEMISYNTHETIC REAL-DATA EXPERIMENT,adult,Male,logistic,group_threshold_calibrated,post,strong_second_group,1a6f52e99e976851,"{""alpha_negative"": {""Female"": 0.25, ""Male"": 0.25}, ""alpha_positive"": {""Female"": 0.25, ""Male"": 0.75}, ""contestation_scenario"": ""strong_second_group"", ""rho_negative"": {""Female"": 0.05, ""Male"": 0.05}, ""rho_positive"": {""Female"": 0.8, ""Male"": 0.8}}",n,20,6530.0,0.0,0.0,6530.0,6530.0
REALDATA,SEMISYNTHETIC REAL-DATA EXPERIMENT,adult,Male,logistic,group_threshold_calibrated,post,strong_second_group,1a6f52e99e976851,"{""alpha_negative"": {""Female"": 0.25, ""Male"": 0.25}, ""alpha_positive"": {""Female"": 0.25, ""Male"": 0.75}, ""contestation_scenario"": ""strong_second_group"", ""rho_negative"": {""Female"": 0.05, ""Male"": 0.05}, ""rho_positive"": {""Female"": 0.8, ""Male"": 0.8}}",positive_rate,20,0.32438744257274116,0.005506492247931295,0.001231289098395,0.32197411593988695,0.32680076920559537
REALDATA,SEMISYNTHETIC REAL-DATA EXPERIMENT,adult,Male,logistic,group_threshold_calibrated,post,strong_second_group,1a6f52e99e976851,"{""alpha_negative"": {""Female"": 0.25, ""Male"": 0.25}, ""alpha_positive"": {""Female"": 0.25, ""Male"": 0.75}, ""contestation_scenario"": ""strong_second_group"", ""rho_negative"": {""Female"": 0.05, ""Male"": 0.05}, ""rho_positive"": {""Female"": 0.8, ""Male"": 0.8}}",prevalence,20,0.3038284839203675,0.0,0.0,0.3038284839203675,0.3038284839203675
REALDATA,SEMISYNTHETIC REAL-DATA EXPERIMENT,adult,Male,logistic,group_threshold_calibrated,post,strong_second_group,1a6f52e99e976851,"{""alpha_negative"": {""Female"": 0.25, ""Male"": 0.25}, ""alpha_positive"": {""Female"": 0.25, ""Male"": 0.75}, ""contestation_scenario"": ""strong_second_group"", ""rho_negative"": {""Female"": 0.05, ""Male"": 0.05}, ""rho_positive"": {""Female"": 0.8, ""Male"": 0.8}}",tnr,20,0.8989991201055874,0.006507601617889236,0.0014551439588087944,0.8961470379463221,0.9018512022648526
REALDATA,SEMISYNTHETIC REAL-DATA EXPERIMENT,adult,Male,logistic,group_threshold_calibrated,post,strong_second_group,1a6f52e99e976851,"{""alpha_negative"": {""Female"": 0.25, ""Male"": 0.25}, ""alpha_positive"": {""Female"": 0.25, ""Male"": 0.75}, ""contestation_scenario"": ""strong_second_group"", ""rho_negative"": {""Female"": 0.05, ""Male"": 0.05}, ""rho_positive"": {""Female"": 0.8, ""Male"": 0.8}}",tpr,20,0.8362399193548388,0.008637555441525231,0.0019314161126673627,0.8324543437740107,0.8400254949356668
REALDATA,SEMISYNTHETIC REAL-DATA EXPERIMENT,adult,Male,logistic,group_threshold_calibrated,pre,equal_access,8b1b8b56ce23dea1,"{""alpha_negative"": {""Female"": 0.25, ""Male"": 0.25}, ""alpha_positive"": {""Female"": 0.5, ""Male"": 0.5}, ""contestation_scenario"": ""equal_access"", ""rho_negative"": {""Female"": 0.05, ""Male"": 0.05}, ""rho_positive"": {""Female"": 0.8, ""Male"": 0.8}}",accuracy,20,0.8135987748851455,0.0034165777244263024,0.0007639700042228755,0.8121013936768687,0.8150961560934223
REALDATA,SEMISYNTHETIC REAL-DATA EXPERIMENT,adult,Male,logistic,group_threshold_calibrated,pre,equal_access,8b1b8b56ce23dea1,"{""alpha_negative"": {""Female"": 0.25, ""Male"": 0.25}, ""alpha_positive"": {""Female"": 0.5, ""Male"": 0.5}, ""contestation_scenario"": ""equal_access"", ""rho_negative"": {""Female"": 0.05, ""Male"": 0.05}, ""rho_positive"": {""Female"": 0.8, ""Male"": 0.8}}",fnr,20,0.4066028225806451,0.01164177274377116,0.0026031795233676554,0.4015005907148445,0.41170505444644573
REALDATA,SEMISYNTHETIC REAL-DATA EXPERIMENT,adult,Male,logistic,group_threshold_calibrated,pre,equal_access,8b1b8b56ce23dea1,"{""alpha_negative"": {""Female"": 0.25, ""Male"": 0.25}, ""alpha_positive"": {""Female"": 0.5, ""Male"": 0.5}, ""contestation_scenario"": ""equal_access"", ""rho_negative"": {""Female"": 0.05, ""Male"": 0.05}, ""rho_positive"": {""Female"": 0.8, ""Male"": 0.8}}",fpr,20,0.0902991641003079,0.006640564755460415,0.0014848754202198757,0.08738880827667694,0.09320951992393886
REALDATA,SEMISYNTHETIC REAL-DATA EXPERIMENT,adult,Male,logistic,group_threshold_calibrated,pre,equal_access,8b1b8b56ce23dea1,"{""alpha_negative"": {""Female"": 0.25, ""Male"": 0.25}, ""alpha_positive"": {""Female"": 0.5, ""Male"": 0.5}, ""contestation_scenario"": ""equal_access"", ""rho_negative"": {""Female"": 0.05, ""Male"": 0.05}, ""rho_positive"": {""Female"": 0.8, ""Male"": 0.8}}",n,20,6530.0,0.0,0.0,6530.0,6530.0
REALDATA,SEMISYNTHETIC REAL-DATA EXPERIMENT,adult,Male,logistic,group_threshold_calibrated,pre,equal_access,8b1b8b56ce23dea1,"{""alpha_negative"": {""Female"": 0.25, ""Male"": 0.25}, ""alpha_positive"": {""Female"": 0.5, ""Male"": 0.5}, ""contestation_scenario"": ""equal_access"", ""rho_negative"": {""Female"": 0.05, ""Male"": 0.05}, ""rho_positive"": {""Female"": 0.8, ""Male"": 0.8}}",positive_rate,20,0.24315467075038283,0.007489520740217944,0.0016747077494021865,0.23987224356155454,0.24643709793921112
REALDATA,SEMISYNTHETIC REAL-DATA EXPERIMENT,adult,Male,logistic,group_threshold_calibrated,pre,equal_access,8b1b8b56ce23dea1,"{""alpha_negative"": {""Female"": 0.25, ""Male"": 0.25}, ""alpha_positive"": {""Female"": 0.5, ""Male"": 0.5}, ""contestation_scenario"": ""equal_access"", ""rho_negative"": {""Female"": 0.05, ""Male"": 0.05}, ""rho_positive"": {""Female"": 0.8, ""Male"": 0.8}}",prevalence,20,0.3038284839203675,0.0,0.0,0.3038284839203675,0.3038284839203675
REALDATA,SEMISYNTHETIC REAL-DATA EXPERIMENT,adult,Male,logistic,group_threshold_calibrated,pre,equal_access,8b1b8b56ce23dea1,"{""alpha_negative"": {""Female"": 0.25, ""Male"": 0.25}, ""alpha_positive"": {""Female"": 0.5, ""Male"": 0.5}, ""contestation_scenario"": ""equal_access"", ""rho_negative"": {""Female"": 0.05, ""Male"": 0.05}, ""rho_positive"": {""Female"": 0.8, ""Male"": 0.8}}",tnr,20,0.909700835899692,0.006640564755460419,0.0014848754202198763,0.906790480076061,0.912611191723323
REALDATA,SEMISYNTHETIC REAL-DATA EXPERIMENT,adult,Male,logistic,group_threshold_calibrated,pre,equal_access,8b1b8b56ce23dea1,"{""alpha_negative"": {""Female"": 0.25, ""Male"": 0.25}, ""alpha_positive"": {""Female"": 0.5, ""Male"": 0.5}, ""contestation_scenario"": ""equal_access"", ""rho_negative"": {""Female"": 0.05, ""Male"": 0.05}, ""rho_positive"": {""Female"": 0.8, ""Male"": 0.8}}",tpr,20,0.5933971774193548,0.011641772743771164,0.0026031795233676562,0.5882949455535542,0.5984994092851554
REALDATA,SEMISYNTHETIC REAL-DATA EXPERIMENT,adult,Male,logistic,group_threshold_calibrated,pre,moderate_first_group,58a445a909825bd5,"{""alpha_negative"": {""Female"": 0.25, ""Male"": 0.25}, ""alpha_positive"": {""Female"": 0.65, ""Male"": 0.35}, ""contestation_scenario"": ""moderate_first_group"", ""rho_negative"": {""Female"": 0.05, ""Male"": 0.05}, ""rho_positive"": {""Female"": 0.8, ""Male"": 0.8}}",accuracy,20,0.8135987748851455,0.0034165777244263024,0.0007639700042228755,0.8121013936768687,0.8150961560934223
REALDATA,SEMISYNTHETIC REAL-DATA EXPERIMENT,adult,Male,logistic,group_threshold_calibrated,pre,moderate_first_group,58a445a909825bd5,"{""alpha_negative"": {""Female"": 0.25, ""Male"": 0.25}, ""alpha_positive"": {""Female"": 0.65, ""Male"": 0.35}, ""contestation_scenario"": ""moderate_first_group"", ""rho_negative"": {""Female"": 0.05, ""Male"": 0.05}, ""rho_positive"": {""Female"": 0.8, ""Male"": 0.8}}",fnr,20,0.4066028225806451,0.01164177274377116,0.0026031795233676554,0.4015005907148445,0.41170505444644573
REALDATA,SEMISYNTHETIC REAL-DATA EXPERIMENT,adult,Male,logistic,group_threshold_calibrated,pre,moderate_first_group,58a445a909825bd5,"{""alpha_negative"": {""Female"": 0.25, ""Male"": 0.25}, ""alpha_positive"": {""Female"": 0.65, ""Male"": 0.35}, ""contestation_scenario"": ""moderate_first_group"", ""rho_negative"": {""Female"": 0.05, ""Male"": 0.05}, ""rho_positive"": {""Female"": 0.8, ""Male"": 0.8}}",fpr,20,0.0902991641003079,0.006640564755460415,0.0014848754202198757,0.08738880827667694,0.09320951992393886
REALDATA,SEMISYNTHETIC REAL-DATA EXPERIMENT,adult,Male,logistic,group_threshold_calibrated,pre,moderate_first_group,58a445a909825bd5,"{""alpha_negative"": {""Female"": 0.25, ""Male"": 0.25}, ""alpha_positive"": {""Female"": 0.65, ""Male"": 0.35}, ""contestation_scenario"": ""moderate_first_group"", ""rho_negative"": {""Female"": 0.05, ""Male"": 0.05}, ""rho_positive"": {""Female"": 0.8, ""Male"": 0.8}}",n,20,6530.0,0.0,0.0,6530.0,6530.0
REALDATA,SEMISYNTHETIC REAL-DATA EXPERIMENT,adult,Male,logistic,group_threshold_calibrated,pre,moderate_first_group,58a445a909825bd5,"{""alpha_negative"": {""Female"": 0.25, ""Male"": 0.25}, ""alpha_positive"": {""Female"": 0.65, ""Male"": 0.35}, ""contestation_scenario"": ""moderate_first_group"", ""rho_negative"": {""Female"": 0.05, ""Male"": 0.05}, ""rho_positive"": {""Female"": 0.8, ""Male"": 0.8}}",positive_rate,20,0.24315467075038283,0.007489520740217944,0.0016747077494021865,0.23987224356155454,0.24643709793921112
REALDATA,SEMISYNTHETIC REAL-DATA EXPERIMENT,adult,Male,logistic,group_threshold_calibrated,pre,moderate_first_group,58a445a909825bd5,"{""alpha_negative"": {""Female"": 0.25, ""Male"": 0.25}, ""alpha_positive"": {""Female"": 0.65, ""Male"": 0.35}, ""contestation_scenario"": ""moderate_first_group"", ""rho_negative"": {""Female"": 0.05, ""Male"": 0.05}, ""rho_positive"": {""Female"": 0.8, ""Male"": 0.8}}",prevalence,20,0.3038284839203675,0.0,0.0,0.3038284839203675,0.3038284839203675
REALDATA,SEMISYNTHETIC REAL-DATA EXPERIMENT,adult,Male,logistic,group_threshold_calibrated,pre,moderate_first_group,58a445a909825bd5,"{""alpha_negative"": {""Female"": 0.25, ""Male"": 0.25}, ""alpha_positive"": {""Female"": 0.65, ""Male"": 0.35}, ""contestation_scenario"": ""moderate_first_group"", ""rho_negative"": {""Female"": 0.05, ""Male"": 0.05}, ""rho_positive"": {""Female"": 0.8, ""Male"": 0.8}}",tnr,20,0.909700835899692,0.006640564755460419,0.0014848754202198763,0.906790480076061,0.912611191723323
REALDATA,SEMISYNTHETIC REAL-DATA EXPERIMENT,adult,Male,logistic,group_threshold_calibrated,pre,moderate_first_group,58a445a909825bd5,"{""alpha_negative"": {""Female"": 0.25, ""Male"": 0.25}, ""alpha_positive"": {""Female"": 0.65, ""Male"": 0.35}, ""contestation_scenario"": ""moderate_first_group"", ""rho_negative"": {""Female"": 0.05, ""Male"": 0.05}, ""rho_positive"": {""Female"": 0.8, ""Male"": 0.8}}",tpr,20,0.5933971774193548,0.011641772743771164,0.0026031795233676562,0.5882949455535542,0.5984994092851554
REALDATA,SEMISYNTHETIC REAL-DATA EXPERIMENT,adult,Male,logistic,group_threshold_calibrated,pre,moderate_second_group,f2d18f38dbf44f65,"{""alpha_negative"": {""Female"": 0.25, ""Male"": 0.25}, ""alpha_positive"": {""Female"": 0.35, ""Male"": 0.65}, ""contestation_scenario"": ""moderate_second_group"", ""rho_negative"": {""Female"": 0.05, ""Male"": 0.05}, ""rho_positive"": {""Female"": 0.8, ""Male"": 0.8}}",accuracy,20,0.8135987748851455,0.0034165777244263024,0.0007639700042228755,0.8121013936768687,0.8150961560934223
REALDATA,SEMISYNTHETIC REAL-DATA EXPERIMENT,adult,Male,logistic,group_threshold_calibrated,pre,moderate_second_group,f2d18f38dbf44f65,"{""alpha_negative"": {""Female"": 0.25, ""Male"": 0.25}, ""alpha_positive"": {""Female"": 0.35, ""Male"": 0.65}, ""contestation_scenario"": ""moderate_second_group"", ""rho_negative"": {""Female"": 0.05, ""Male"": 0.05}, ""rho_positive"": {""Female"": 0.8, ""Male"": 0.8}}",fnr,20,0.4066028225806451,0.01164177274377116,0.0026031795233676554,0.4015005907148445,0.41170505444644573
REALDATA,SEMISYNTHETIC REAL-DATA EXPERIMENT,adult,Male,logistic,group_threshold_calibrated,pre,moderate_second_group,f2d18f38dbf44f65,"{""alpha_negative"": {""Female"": 0.25, ""Male"": 0.25}, ""alpha_positive"": {""Female"": 0.35, ""Male"": 0.65}, ""contestation_scenario"": ""moderate_second_group"", ""rho_negative"": {""Female"": 0.05, ""Male"": 0.05}, ""rho_positive"": {""Female"": 0.8, ""Male"": 0.8}}",fpr,20,0.0902991641003079,0.006640564755460415,0.0014848754202198757,0.08738880827667694,0.09320951992393886
REALDATA,SEMISYNTHETIC REAL-DATA EXPERIMENT,adult,Male,logistic,group_threshold_calibrated,pre,moderate_second_group,f2d18f38dbf44f65,"{""alpha_negative"": {""Female"": 0.25, ""Male"": 0.25}, ""alpha_positive"": {""Female"": 0.35, ""Male"": 0.65}, ""contestation_scenario"": ""moderate_second_group"", ""rho_negative"": {""Female"": 0.05, ""Male"": 0.05}, ""rho_positive"": {""Female"": 0.8, ""Male"": 0.8}}",n,20,6530.0,0.0,0.0,6530.0,6530.0
REALDATA,SEMISYNTHETIC REAL-DATA EXPERIMENT,adult,Male,logistic,group_threshold_calibrated,pre,moderate_second_group,f2d18f38dbf44f65,"{""alpha_negative"": {""Female"": 0.25, ""Male"": 0.25}, ""alpha_positive"": {""Female"": 0.35, ""Male"": 0.65}, ""contestation_scenario"": ""moderate_second_group"", ""rho_negative"": {""Female"": 0.05, ""Male"": 0.05}, ""rho_positive"": {""Female"": 0.8, ""Male"": 0.8}}",positive_rate,20,0.24315467075038283,0.007489520740217944,0.0016747077494021865,0.23987224356155454,0.24643709793921112
REALDATA,SEMISYNTHETIC REAL-DATA EXPERIMENT,adult,Male,logistic,group_threshold_calibrated,pre,moderate_second_group,f2d18f38dbf44f65,"{""alpha_negative"": {""Female"": 0.25, ""Male"": 0.25}, ""alpha_positive"": {""Female"": 0.35, ""Male"": 0.65}, ""contestation_scenario"": ""moderate_second_group"", ""rho_negative"": {""Female"": 0.05, ""Male"": 0.05}, ""rho_positive"": {""Female"": 0.8, ""Male"": 0.8}}",prevalence,20,0.3038284839203675,0.0,0.0,0.3038284839203675,0.3038284839203675
REALDATA,SEMISYNTHETIC REAL-DATA EXPERIMENT,adult,Male,logistic,group_threshold_calibrated,pre,moderate_second_group,f2d18f38dbf44f65,"{""alpha_negative"": {""Female"": 0.25, ""Male"": 0.25}, ""alpha_positive"": {""Female"": 0.35, ""Male"": 0.65}, ""contestation_scenario"": ""moderate_second_group"", ""rho_negative"": {""Female"": 0.05, ""Male"": 0.05}, ""rho_positive"": {""Female"": 0.8, ""Male"": 0.8}}",tnr,20,0.909700835899692,0.006640564755460419,0.0014848754202198763,0.906790480076061,0.912611191723323
REALDATA,SEMISYNTHETIC REAL-DATA EXPERIMENT,adult,Male,logistic,group_threshold_calibrated,pre,moderate_second_group,f2d18f38dbf44f65,"{""alpha_negative"": {""Female"": 0.25, ""Male"": 0.25}, ""alpha_positive"": {""Female"": 0.35, ""Male"": 0.65}, ""contestation_scenario"": ""moderate_second_group"", ""rho_negative"": {""Female"": 0.05, ""Male"": 0.05}, ""rho_positive"": {""Female"": 0.8, ""Male"": 0.8}}",tpr,20,0.5933971774193548,0.011641772743771164,0.0026031795233676562,0.5882949455535542,0.5984994092851554
REALDATA,SEMISYNTHETIC REAL-DATA EXPERIMENT,adult,Male,logistic,group_threshold_calibrated,pre,strong_first_group,80db5b8b411cb1ee,"{""alpha_negative"": {""Female"": 0.25, ""Male"": 0.25}, ""alpha_positive"": {""Female"": 0.75, ""Male"": 0.25}, ""contestation_scenario"": ""strong_first_group"", ""rho_negative"": {""Female"": 0.05, ""Male"": 0.05}, ""rho_positive"": {""Female"": 0.8, ""Male"": 0.8}}",accuracy,20,0.8135987748851455,0.0034165777244263024,0.0007639700042228755,0.8121013936768687,0.8150961560934223
REALDATA,SEMISYNTHETIC REAL-DATA EXPERIMENT,adult,Male,logistic,group_threshold_calibrated,pre,strong_first_group,80db5b8b411cb1ee,"{""alpha_negative"": {""Female"": 0.25, ""Male"": 0.25}, ""alpha_positive"": {""Female"": 0.75, ""Male"": 0.25}, ""contestation_scenario"": ""strong_first_group"", ""rho_negative"": {""Female"": 0.05, ""Male"": 0.05}, ""rho_positive"": {""Female"": 0.8, ""Male"": 0.8}}",fnr,20,0.4066028225806451,0.01164177274377116,0.0026031795233676554,0.4015005907148445,0.41170505444644573
REALDATA,SEMISYNTHETIC REAL-DATA EXPERIMENT,adult,Male,logistic,group_threshold_calibrated,pre,strong_first_group,80db5b8b411cb1ee,"{""alpha_negative"": {""Female"": 0.25, ""Male"": 0.25}, ""alpha_positive"": {""Female"": 0.75, ""Male"": 0.25}, ""contestation_scenario"": ""strong_first_group"", ""rho_negative"": {""Female"": 0.05, ""Male"": 0.05}, ""rho_positive"": {""Female"": 0.8, ""Male"": 0.8}}",fpr,20,0.0902991641003079,0.006640564755460415,0.0014848754202198757,0.08738880827667694,0.09320951992393886
REALDATA,SEMISYNTHETIC REAL-DATA EXPERIMENT,adult,Male,logistic,group_threshold_calibrated,pre,strong_first_group,80db5b8b411cb1ee,"{""alpha_negative"": {""Female"": 0.25, ""Male"": 0.25}, ""alpha_positive"": {""Female"": 0.75, ""Male"": 0.25}, ""contestation_scenario"": ""strong_first_group"", ""rho_negative"": {""Female"": 0.05, ""Male"": 0.05}, ""rho_positive"": {""Female"": 0.8, ""Male"": 0.8}}",n,20,6530.0,0.0,0.0,6530.0,6530.0
REALDATA,SEMISYNTHETIC REAL-DATA EXPERIMENT,adult,Male,logistic,group_threshold_calibrated,pre,strong_first_group,80db5b8b411cb1ee,"{""alpha_negative"": {""Female"": 0.25, ""Male"": 0.25}, ""alpha_positive"": {""Female"": 0.75, ""Male"": 0.25}, ""contestation_scenario"": ""strong_first_group"", ""rho_negative"": {""Female"": 0.05, ""Male"": 0.05}, ""rho_positive"": {""Female"": 0.8, ""Male"": 0.8}}",positive_rate,20,0.24315467075038283,0.007489520740217944,0.0016747077494021865,0.23987224356155454,0.24643709793921112
REALDATA,SEMISYNTHETIC REAL-DATA EXPERIMENT,adult,Male,logistic,group_threshold_calibrated,pre,strong_first_group,80db5b8b411cb1ee,"{""alpha_negative"": {""Female"": 0.25, ""Male"": 0.25}, ""alpha_positive"": {""Female"": 0.75, ""Male"": 0.25}, ""contestation_scenario"": ""strong_first_group"", ""rho_negative"": {""Female"": 0.05, ""Male"": 0.05}, ""rho_positive"": {""Female"": 0.8, ""Male"": 0.8}}",prevalence,20,0.3038284839203675,0.0,0.0,0.3038284839203675,0.3038284839203675
REALDATA,SEMISYNTHETIC REAL-DATA EXPERIMENT,adult,Male,logistic,group_threshold_calibrated,pre,strong_first_group,80db5b8b411cb1ee,"{""alpha_negative"": {""Female"": 0.25, ""Male"": 0.25}, ""alpha_positive"": {""Female"": 0.75, ""Male"": 0.25}, ""contestation_scenario"": ""strong_first_group"", ""rho_negative"": {""Female"": 0.05, ""Male"": 0.05}, ""rho_positive"": {""Female"": 0.8, ""Male"": 0.8}}",tnr,20,0.909700835899692,0.006640564755460419,0.0014848754202198763,0.906790480076061,0.912611191723323
REALDATA,SEMISYNTHETIC REAL-DATA EXPERIMENT,adult,Male,logistic,group_threshold_calibrated,pre,strong_first_group,80db5b8b411cb1ee,"{""alpha_negative"": {""Female"": 0.25, ""Male"": 0.25}, ""alpha_positive"": {""Female"": 0.75, ""Male"": 0.25}, ""contestation_scenario"": ""strong_first_group"", ""rho_negative"": {""Female"": 0.05, ""Male"": 0.05}, ""rho_positive"": {""Female"": 0.8, ""Male"": 0.8}}",tpr,20,0.5933971774193548,0.011641772743771164,0.0026031795233676562,0.5882949455535542,0.5984994092851554
REALDATA,SEMISYNTHETIC REAL-DATA EXPERIMENT,adult,Male,logistic,group_threshold_calibrated,pre,strong_second_group,1a6f52e99e976851,"{""alpha_negative"": {""Female"": 0.25, ""Male"": 0.25}, ""alpha_positive"": {""Female"": 0.25, ""Male"": 0.75}, ""contestation_scenario"": ""strong_second_group"", ""rho_negative"": {""Female"": 0.05, ""Male"": 0.05}, ""rho_positive"": {""Female"": 0.8, ""Male"": 0.8}}",accuracy,20,0.8135987748851455,0.0034165777244263024,0.0007639700042228755,0.8121013936768687,0.8150961560934223
REALDATA,SEMISYNTHETIC REAL-DATA EXPERIMENT,adult,Male,logistic,group_threshold_calibrated,pre,strong_second_group,1a6f52e99e976851,"{""alpha_negative"": {""Female"": 0.25, ""Male"": 0.25}, ""alpha_positive"": {""Female"": 0.25, ""Male"": 0.75}, ""contestation_scenario"": ""strong_second_group"", ""rho_negative"": {""Female"": 0.05, ""Male"": 0.05}, ""rho_positive"": {""Female"": 0.8, ""Male"": 0.8}}",fnr,20,0.4066028225806451,0.01164177274377116,0.0026031795233676554,0.4015005907148445,0.41170505444644573
REALDATA,SEMISYNTHETIC REAL-DATA EXPERIMENT,adult,Male,logistic,group_threshold_calibrated,pre,strong_second_group,1a6f52e99e976851,"{""alpha_negative"": {""Female"": 0.25, ""Male"": 0.25}, ""alpha_positive"": {""Female"": 0.25, ""Male"": 0.75}, ""contestation_scenario"": ""strong_second_group"", ""rho_negative"": {""Female"": 0.05, ""Male"": 0.05}, ""rho_positive"": {""Female"": 0.8, ""Male"": 0.8}}",fpr,20,0.0902991641003079,0.006640564755460415,0.0014848754202198757,0.08738880827667694,0.09320951992393886
REALDATA,SEMISYNTHETIC REAL-DATA EXPERIMENT,adult,Male,logistic,group_threshold_calibrated,pre,strong_second_group,1a6f52e99e976851,"{""alpha_negative"": {""Female"": 0.25, ""Male"": 0.25}, ""alpha_positive"": {""Female"": 0.25, ""Male"": 0.75}, ""contestation_scenario"": ""strong_second_group"", ""rho_negative"": {""Female"": 0.05, ""Male"": 0.05}, ""rho_positive"": {""Female"": 0.8, ""Male"": 0.8}}",n,20,6530.0,0.0,0.0,6530.0,6530.0
REALDATA,SEMISYNTHETIC REAL-DATA EXPERIMENT,adult,Male,logistic,group_threshold_calibrated,pre,strong_second_group,1a6f52e99e976851,"{""alpha_negative"": {""Female"": 0.25, ""Male"": 0.25}, ""alpha_positive"": {""Female"": 0.25, ""Male"": 0.75}, ""contestation_scenario"": ""strong_second_group"", ""rho_negative"": {""Female"": 0.05, ""Male"": 0.05}, ""rho_positive"": {""Female"": 0.8, ""Male"": 0.8}}",positive_rate,20,0.24315467075038283,0.007489520740217944,0.0016747077494021865,0.23987224356155454,0.24643709793921112
REALDATA,SEMISYNTHETIC REAL-DATA EXPERIMENT,adult,Male,logistic,group_threshold_calibrated,pre,strong_second_group,1a6f52e99e976851,"{""alpha_negative"": {""Female"": 0.25, ""Male"": 0.25}, ""alpha_positive"": {""Female"": 0.25, ""Male"": 0.75}, ""contestation_scenario"": ""strong_second_group"", ""rho_negative"": {""Female"": 0.05, ""Male"": 0.05}, ""rho_positive"": {""Female"": 0.8, ""Male"": 0.8}}",prevalence,20,0.3038284839203675,0.0,0.0,0.3038284839203675,0.3038284839203675
REALDATA,SEMISYNTHETIC REAL-DATA EXPERIMENT,adult,Male,logistic,group_threshold_calibrated,pre,strong_second_group,1a6f52e99e976851,"{""alpha_negative"": {""Female"": 0.25, ""Male"": 0.25}, ""alpha_positive"": {""Female"": 0.25, ""Male"": 0.75}, ""contestation_scenario"": ""strong_second_group"", ""rho_negative"": {""Female"": 0.05, ""Male"": 0.05}, ""rho_positive"": {""Female"": 0.8, ""Male"": 0.8}}",tnr,20,0.909700835899692,0.006640564755460419,0.0014848754202198763,0.906790480076061,0.912611191723323
REALDATA,SEMISYNTHETIC REAL-DATA EXPERIMENT,adult,Male,logistic,group_threshold_calibrated,pre,strong_second_group,1a6f52e99e976851,"{""alpha_negative"": {""Female"": 0.25, ""Male"": 0.25}, ""alpha_positive"": {""Female"": 0.25, ""Male"": 0.75}, ""contestation_scenario"": ""strong_second_group"", ""rho_negative"": {""Female"": 0.05, ""Male"": 0.05}, ""rho_positive"": {""Female"": 0.8, ""Male"": 0.8}}",tpr,20,0.5933971774193548,0.011641772743771164,0.0026031795233676562,0.5882949455535542,0.5984994092851554
REALDATA,SEMISYNTHETIC REAL-DATA EXPERIMENT,adult,Male,logistic,validation_selected_threshold,frozen_policy,equal_access,8b1b8b56ce23dea1,"{""alpha_negative"": {""Female"": 0.25, ""Male"": 0.25}, ""alpha_positive"": {""Female"": 0.5, ""Male"": 0.5}, ""contestation_scenario"": ""equal_access"", ""rho_negative"": {""Female"": 0.05, ""Male"": 0.05}, ""rho_positive"": {""Female"": 0.8, ""Male"": 0.8}}",decision_threshold,20,0.5125,0.007163503994113802,0.0016018081887929712,0.5093604559499657,0.5156395440500342
REALDATA,SEMISYNTHETIC REAL-DATA EXPERIMENT,adult,Male,logistic,validation_selected_threshold,frozen_policy,moderate_first_group,58a445a909825bd5,"{""alpha_negative"": {""Female"": 0.25, ""Male"": 0.25}, ""alpha_positive"": {""Female"": 0.65, ""Male"": 0.35}, ""contestation_scenario"": ""moderate_first_group"", ""rho_negative"": {""Female"": 0.05, ""Male"": 0.05}, ""rho_positive"": {""Female"": 0.8, ""Male"": 0.8}}",decision_threshold,20,0.5125,0.007163503994113802,0.0016018081887929712,0.5093604559499657,0.5156395440500342
REALDATA,SEMISYNTHETIC REAL-DATA EXPERIMENT,adult,Male,logistic,validation_selected_threshold,frozen_policy,moderate_second_group,f2d18f38dbf44f65,"{""alpha_negative"": {""Female"": 0.25, ""Male"": 0.25}, ""alpha_positive"": {""Female"": 0.35, ""Male"": 0.65}, ""contestation_scenario"": ""moderate_second_group"", ""rho_negative"": {""Female"": 0.05, ""Male"": 0.05}, ""rho_positive"": {""Female"": 0.8, ""Male"": 0.8}}",decision_threshold,20,0.5125,0.007163503994113802,0.0016018081887929712,0.5093604559499657,0.5156395440500342
REALDATA,SEMISYNTHETIC REAL-DATA EXPERIMENT,adult,Male,logistic,validation_selected_threshold,frozen_policy,strong_first_group,80db5b8b411cb1ee,"{""alpha_negative"": {""Female"": 0.25, ""Male"": 0.25}, ""alpha_positive"": {""Female"": 0.75, ""Male"": 0.25}, ""contestation_scenario"": ""strong_first_group"", ""rho_negative"": {""Female"": 0.05, ""Male"": 0.05}, ""rho_positive"": {""Female"": 0.8, ""Male"": 0.8}}",decision_threshold,20,0.5125,0.007163503994113802,0.0016018081887929712,0.5093604559499657,0.5156395440500342
REALDATA,SEMISYNTHETIC REAL-DATA EXPERIMENT,adult,Male,logistic,validation_selected_threshold,frozen_policy,strong_second_group,1a6f52e99e976851,"{""alpha_negative"": {""Female"": 0.25, ""Male"": 0.25}, ""alpha_positive"": {""Female"": 0.25, ""Male"": 0.75}, ""contestation_scenario"": ""strong_second_group"", ""rho_negative"": {""Female"": 0.05, ""Male"": 0.05}, ""rho_positive"": {""Female"": 0.8, ""Male"": 0.8}}",decision_threshold,20,0.5125,0.007163503994113802,0.0016018081887929712,0.5093604559499657,0.5156395440500342
REALDATA,SEMISYNTHETIC REAL-DATA EXPERIMENT,adult,Male,random_forest,group_threshold_calibrated,post,equal_access,8b1b8b56ce23dea1,"{""alpha_negative"": {""Female"": 0.25, ""Male"": 0.25}, ""alpha_positive"": {""Female"": 0.5, ""Male"": 0.5}, ""contestation_scenario"": ""equal_access"", ""rho_negative"": {""Female"": 0.05, ""Male"": 0.05}, ""rho_positive"": {""Female"": 0.8, ""Male"": 0.8}}",accuracy,20,0.8676493108728943,0.004504066371334406,0.0010071398581474541,0.8656753167509253,0.8696233049948633
REALDATA,SEMISYNTHETIC REAL-DATA EXPERIMENT,adult,Male,random_forest,group_threshold_calibrated,post,equal_access,8b1b8b56ce23dea1,"{""alpha_negative"": {""Female"": 0.25, ""Male"": 0.25}, ""alpha_positive"": {""Female"": 0.5, ""Male"": 0.5}, ""contestation_scenario"": ""equal_access"", ""rho_negative"": {""Female"": 0.05, ""Male"": 0.05}, ""rho_positive"": {""Female"": 0.8, ""Male"": 0.8}}",fnr,20,0.27361391129032253,0.010866142813664617,0.0024297433984574912,0.26885161422934584,0.2783762083512992
REALDATA,SEMISYNTHETIC REAL-DATA EXPERIMENT,adult,Male,random_forest,group_threshold_calibrated,post,equal_access,8b1b8b56ce23dea1,"{""alpha_negative"": {""Female"": 0.25, ""Male"": 0.25}, ""alpha_positive"": {""Female"": 0.5, ""Male"": 0.5}, ""contestation_scenario"": ""equal_access"", ""rho_negative"": {""Female"": 0.05, ""Male"": 0.05}, ""rho_positive"": {""Female"": 0.8, ""Male"": 0.8}}",fpr,20,0.07069951605807298,0.005698525355708158,0.0012742290066869609,0.06820202720496654,0.07319700491117942
REALDATA,SEMISYNTHETIC REAL-DATA EXPERIMENT,adult,Male,random_forest,group_threshold_calibrated,post,equal_access,8b1b8b56ce23dea1,"{""alpha_negative"": {""Female"": 0.25, ""Male"": 0.25}, ""alpha_positive"": {""Female"": 0.5, ""Male"": 0.5}, ""contestation_scenario"": ""equal_access"", ""rho_negative"": {""Female"": 0.05, ""Male"": 0.05}, ""rho_positive"": {""Female"": 0.8, ""Male"": 0.8}}",n,20,6530.0,0.0,0.0,6530.0,6530.0
REALDATA,SEMISYNTHETIC REAL-DATA EXPERIMENT,adult,Male,random_forest,group_threshold_calibrated,post,equal_access,8b1b8b56ce23dea1,"{""alpha_negative"": {""Female"": 0.25, ""Male"": 0.25}, ""alpha_positive"": {""Female"": 0.5, ""Male"": 0.5}, ""contestation_scenario"": ""equal_access"", ""rho_negative"": {""Female"": 0.05, ""Male"": 0.05}, ""rho_positive"": {""Female"": 0.8, ""Male"": 0.8}}",positive_rate,20,0.2699157733537519,0.005743607035915241,0.0012843095768352553,0.26739852658315477,0.272433020124349
REALDATA,SEMISYNTHETIC REAL-DATA EXPERIMENT,adult,Male,random_forest,group_threshold_calibrated,post,equal_access,8b1b8b56ce23dea1,"{""alpha_negative"": {""Female"": 0.25, ""Male"": 0.25}, ""alpha_positive"": {""Female"": 0.5, ""Male"": 0.5}, ""contestation_scenario"": ""equal_access"", ""rho_negative"": {""Female"": 0.05, ""Male"": 0.05}, ""rho_positive"": {""Female"": 0.8, ""Male"": 0.8}}",prevalence,20,0.3038284839203675,0.0,0.0,0.3038284839203675,0.3038284839203675
REALDATA,SEMISYNTHETIC REAL-DATA EXPERIMENT,adult,Male,random_forest,group_threshold_calibrated,post,equal_access,8b1b8b56ce23dea1,"{""alpha_negative"": {""Female"": 0.25, ""Male"": 0.25}, ""alpha_positive"": {""Female"": 0.5, ""Male"": 0.5}, ""contestation_scenario"": ""equal_access"", ""rho_negative"": {""Female"": 0.05, ""Male"": 0.05}, ""rho_positive"": {""Female"": 0.8, ""Male"": 0.8}}",tnr,20,0.929300483941927,0.005698525355708181,0.001274229006686966,0.9268029950888206,0.9317979727950334
REALDATA,SEMISYNTHETIC REAL-DATA EXPERIMENT,adult,Male,random_forest,group_threshold_calibrated,post,equal_access,8b1b8b56ce23dea1,"{""alpha_negative"": {""Female"": 0.25, ""Male"": 0.25}, ""alpha_positive"": {""Female"": 0.5, ""Male"": 0.5}, ""contestation_scenario"": ""equal_access"", ""rho_negative"": {""Female"": 0.05, ""Male"": 0.05}, ""rho_positive"": {""Female"": 0.8, ""Male"": 0.8}}",tpr,20,0.7263860887096774,0.010866142813664626,0.0024297433984574934,0.7216237916487007,0.731148385770654
REALDATA,SEMISYNTHETIC REAL-DATA EXPERIMENT,adult,Male,random_forest,group_threshold_calibrated,post,moderate_first_group,58a445a909825bd5,"{""alpha_negative"": {""Female"": 0.25, ""Male"": 0.25}, ""alpha_positive"": {""Female"": 0.65, ""Male"": 0.35}, ""contestation_scenario"": ""moderate_first_group"", ""rho_negative"": {""Female"": 0.05, ""Male"": 0.05}, ""rho_positive"": {""Female"": 0.8, ""Male"": 0.8}}",accuracy,20,0.8504287901990812,0.0049979966415242445,0.0011175860241763858,0.8482383215916955,0.8526192588064669
REALDATA,SEMISYNTHETIC REAL-DATA EXPERIMENT,adult,Male,random_forest,group_threshold_calibrated,post,moderate_first_group,58a445a909825bd5,"{""alpha_negative"": {""Female"": 0.25, ""Male"": 0.25}, ""alpha_positive"": {""Female"": 0.65, ""Male"": 0.35}, ""contestation_scenario"": ""moderate_first_group"", ""rho_negative"": {""Female"": 0.05, ""Male"": 0.05}, ""rho_positive"": {""Female"": 0.8, ""Male"": 0.8}}",fnr,20,0.32943548387096777,0.01008515391528774,0.002255108971813154,0.32501547028621397,0.3338554974557216
REALDATA,SEMISYNTHETIC REAL-DATA EXPERIMENT,adult,Male,random_forest,group_threshold_calibrated,post,moderate_first_group,58a445a909825bd5,"{""alpha_negative"": {""Female"": 0.25, ""Male"": 0.25}, ""alpha_positive"": {""Female"": 0.65, ""Male"": 0.35}, ""contestation_scenario"": ""moderate_first_group"", ""rho_negative"": {""Female"": 0.05, ""Male"": 0.05}, ""rho_positive"": {""Female"": 0.8, ""Male"": 0.8}}",fpr,20,0.07107347118345794,0.005571298497394568,0.0012457802163116688,0.06863174195948707,0.07351520040742882
REALDATA,SEMISYNTHETIC REAL-DATA EXPERIMENT,adult,Male,random_forest,group_threshold_calibrated,post,moderate_first_group,58a445a909825bd5,"{""alpha_negative"": {""Female"": 0.25, ""Male"": 0.25}, ""alpha_positive"": {""Female"": 0.65, ""Male"": 0.35}, ""contestation_scenario"": ""moderate_first_group"", ""rho_negative"": {""Female"": 0.05, ""Male"": 0.05}, ""rho_positive"": {""Female"": 0.8, ""Male"": 0.8}}",n,20,6530.0,0.0,0.0,6530.0,6530.0
REALDATA,SEMISYNTHETIC REAL-DATA EXPERIMENT,adult,Male,random_forest,group_threshold_calibrated,post,moderate_first_group,58a445a909825bd5,"{""alpha_negative"": {""Female"": 0.25, ""Male"": 0.25}, ""alpha_positive"": {""Female"": 0.65, ""Male"": 0.35}, ""contestation_scenario"": ""moderate_first_group"", ""rho_negative"": {""Female"": 0.05, ""Male"": 0.05}, ""rho_positive"": {""Female"": 0.8, ""Male"": 0.8}}",positive_rate,20,0.2532159264931087,0.004887218146840644,0.0010928151997206229,0.2510740087016563,0.2553578442845611
REALDATA,SEMISYNTHETIC REAL-DATA EXPERIMENT,adult,Male,random_forest,group_threshold_calibrated,post,moderate_first_group,58a445a909825bd5,"{""alpha_negative"": {""Female"": 0.25, ""Male"": 0.25}, ""alpha_positive"": {""Female"": 0.65, ""Male"": 0.35}, ""contestation_scenario"": ""moderate_first_group"", ""rho_negative"": {""Female"": 0.05, ""Male"": 0.05}, ""rho_positive"": {""Female"": 0.8, ""Male"": 0.8}}",prevalence,20,0.3038284839203675,0.0,0.0,0.3038284839203675,0.3038284839203675
REALDATA,SEMISYNTHETIC REAL-DATA EXPERIMENT,adult,Male,random_forest,group_threshold_calibrated,post,moderate_first_group,58a445a909825bd5,"{""alpha_negative"": {""Female"": 0.25, ""Male"": 0.25}, ""alpha_positive"": {""Female"": 0.65, ""Male"": 0.35}, ""contestation_scenario"": ""moderate_first_group"", ""rho_negative"": {""Female"": 0.05, ""Male"": 0.05}, ""rho_positive"": {""Female"": 0.8, ""Male"": 0.8}}",tnr,20,0.928926528816542,0.005571298497394594,0.0012457802163116747,0.9264847995925711,0.9313682580405129
REALDATA,SEMISYNTHETIC REAL-DATA EXPERIMENT,adult,Male,random_forest,group_threshold_calibrated,post,moderate_first_group,58a445a909825bd5,"{""alpha_negative"": {""Female"": 0.25, ""Male"": 0.25}, ""alpha_positive"": {""Female"": 0.65, ""Male"": 0.35}, ""contestation_scenario"": ""moderate_first_group"", ""rho_negative"": {""Female"": 0.05, ""Male"": 0.05}, ""rho_positive"": {""Female"": 0.8, ""Male"": 0.8}}",tpr,20,0.6705645161290322,0.01008515391528773,0.002255108971813152,0.6661445025442785,0.674984529713786
REALDATA,SEMISYNTHETIC REAL-DATA EXPERIMENT,adult,Male,random_forest,group_threshold_calibrated,post,moderate_second_group,f2d18f38dbf44f65,"{""alpha_negative"": {""Female"": 0.25, ""Male"": 0.25}, ""alpha_positive"": {""Female"": 0.35, ""Male"": 0.65}, ""contestation_scenario"": ""moderate_second_group"", ""rho_negative"": {""Female"": 0.05, ""Male"": 0.05}, ""rho_positive"": {""Female"": 0.8, ""Male"": 0.8}}",accuracy,20,0.883614088820827,0.0041655445900980635,0.0009314440866765766,0.881788458410941,0.8854397192307131
REALDATA,SEMISYNTHETIC REAL-DATA EXPERIMENT,adult,Male,random_forest,group_threshold_calibrated,post,moderate_second_group,f2d18f38dbf44f65,"{""alpha_negative"": {""Female"": 0.25, ""Male"": 0.25}, ""alpha_positive"": {""Female"": 0.35, ""Male"": 0.65}, ""contestation_scenario"": ""moderate_second_group"", ""rho_negative"": {""Female"": 0.05, ""Male"": 0.05}, ""rho_positive"": {""Female"": 0.8, ""Male"": 0.8}}",fnr,20,0.2201864919354838,0.006874618406106007,0.0015372114075424288,0.21717355757670065,0.22319942629426698
REALDATA,SEMISYNTHETIC REAL-DATA EXPERIMENT,adult,Male,random_forest,group_threshold_calibrated,post,moderate_second_group,f2d18f38dbf44f65,"{""alpha_negative"": {""Female"": 0.25, ""Male"": 0.25}, ""alpha_positive"": {""Female"": 0.35, ""Male"": 0.65}, ""contestation_scenario"": ""moderate_second_group"", ""rho_negative"": {""Female"": 0.05, ""Male"": 0.05}, ""rho_positive"": {""Female"": 0.8, ""Male"": 0.8}}",fpr,20,0.0710844698636163,0.005918142040990902,0.0013233367904155002,0.06849072975440192,0.07367820997283069
REALDATA,SEMISYNTHETIC REAL-DATA EXPERIMENT,adult,Male,random_forest,group_threshold_calibrated,post,moderate_second_group,f2d18f38dbf44f65,"{""alpha_negative"": {""Female"": 0.25, ""Male"": 0.25}, ""alpha_positive"": {""Female"": 0.35, ""Male"": 0.65}, ""contestation_scenario"": ""moderate_second_group"", ""rho_negative"": {""Female"": 0.05, ""Male"": 0.05}, ""rho_positive"": {""Female"": 0.8, ""Male"": 0.8}}",n,20,6530.0,0.0,0.0,6530.0,6530.0
REALDATA,SEMISYNTHETIC REAL-DATA EXPERIMENT,adult,Male,random_forest,group_threshold_calibrated,post,moderate_second_group,f2d18f38dbf44f65,"{""alpha_negative"": {""Female"": 0.25, ""Male"": 0.25}, ""alpha_positive"": {""Female"": 0.35, ""Male"": 0.65}, ""contestation_scenario"": ""moderate_second_group"", ""rho_negative"": {""Female"": 0.05, ""Male"": 0.05}, ""rho_positive"": {""Female"": 0.8, ""Male"": 0.8}}",positive_rate,20,0.286416539050536,0.005032206800355967,0.0011252356482432655,0.2842110771799792,0.2886220009210928
REALDATA,SEMISYNTHETIC REAL-DATA EXPERIMENT,adult,Male,random_forest,group_threshold_calibrated,post,moderate_second_group,f2d18f38dbf44f65,"{""alpha_negative"": {""Female"": 0.25, ""Male"": 0.25}, ""alpha_positive"": {""Female"": 0.35, ""Male"": 0.65}, ""contestation_scenario"": ""moderate_second_group"", ""rho_negative"": {""Female"": 0.05, ""Male"": 0.05}, ""rho_positive"": {""Female"": 0.8, ""Male"": 0.8}}",prevalence,20,0.3038284839203675,0.0,0.0,0.3038284839203675,0.3038284839203675
REALDATA,SEMISYNTHETIC REAL-DATA EXPERIMENT,adult,Male,random_forest,group_threshold_calibrated,post,moderate_second_group,f2d18f38dbf44f65,"{""alpha_negative"": {""Female"": 0.25, ""Male"": 0.25}, ""alpha_positive"": {""Female"": 0.35, ""Male"": 0.65}, ""contestation_scenario"": ""moderate_second_group"", ""rho_negative"": {""Female"": 0.05, ""Male"": 0.05}, ""rho_positive"": {""Female"": 0.8, ""Male"": 0.8}}",tnr,20,0.9289155301363836,0.005918142040990904,0.0013233367904155007,0.9263217900271692,0.931509270245598
REALDATA,SEMISYNTHETIC REAL-DATA EXPERIMENT,adult,Male,random_forest,group_threshold_calibrated,post,moderate_second_group,f2d18f38dbf44f65,"{""alpha_negative"": {""Female"": 0.25, ""Male"": 0.25}, ""alpha_positive"": {""Female"": 0.35, ""Male"": 0.65}, ""contestation_scenario"": ""moderate_second_group"", ""rho_negative"": {""Female"": 0.05, ""Male"": 0.05}, ""rho_positive"": {""Female"": 0.8, ""Male"": 0.8}}",tpr,20,0.7798135080645161,0.006874618406106015,0.0015372114075424305,0.776800573705733,0.7828264424232992
REALDATA,SEMISYNTHETIC REAL-DATA EXPERIMENT,adult,Male,random_forest,group_threshold_calibrated,post,strong_first_group,80db5b8b411cb1ee,"{""alpha_negative"": {""Female"": 0.25, ""Male"": 0.25}, ""alpha_positive"": {""Female"": 0.75, ""Male"": 0.25}, ""contestation_scenario"": ""strong_first_group"", ""rho_negative"": {""Female"": 0.05, ""Male"": 0.05}, ""rho_positive"": {""Female"": 0.8, ""Male"": 0.8}}",accuracy,20,0.8398621745788668,0.005066185955372168,0.0011328336182866883,0.8376418206870249,0.8420825284707087
REALDATA,SEMISYNTHETIC REAL-DATA EXPERIMENT,adult,Male,random_forest,group_threshold_calibrated,post,strong_first_group,80db5b8b411cb1ee,"{""alpha_negative"": {""Female"": 0.25, ""Male"": 0.25}, ""alpha_positive"": {""Female"": 0.75, ""Male"": 0.25}, ""contestation_scenario"": ""strong_first_group"", ""rho_negative"": {""Female"": 0.05, ""Male"": 0.05}, ""rho_positive"": {""Female"": 0.8, ""Male"": 0.8}}",fnr,20,0.3641633064516129,0.00975917271029823,0.00218221735843877,0.3598861604290729,0.36844045247415286
REALDATA,SEMISYNTHETIC REAL-DATA EXPERIMENT,adult,Male,random_forest,group_threshold_calibrated,post,strong_first_group,80db5b8b411cb1ee,"{""alpha_negative"": {""Female"": 0.25, ""Male"": 0.25}, ""alpha_positive"": {""Female"": 0.75, ""Male"": 0.25}, ""contestation_scenario"": ""strong_first_group"", ""rho_negative"": {""Female"": 0.05, ""Male"": 0.05}, ""rho_positive"": {""Female"": 0.8, ""Male"": 0.8}}",fpr,20,0.07109546854377471,0.0061221838027213805,0.0013689619153633167,0.06841230318966261,0.07377863389788682
REALDATA,SEMISYNTHETIC REAL-DATA EXPERIMENT,adult,Male,random_forest,group_threshold_calibrated,post,strong_first_group,80db5b8b411cb1ee,"{""alpha_negative"": {""Female"": 0.25, ""Male"": 0.25}, ""alpha_positive"": {""Female"": 0.75, ""Male"": 0.25}, ""contestation_scenario"": ""strong_first_group"", ""rho_negative"": {""Female"": 0.05, ""Male"": 0.05}, ""rho_positive"": {""Female"": 0.8, ""Male"": 0.8}}",n,20,6530.0,0.0,0.0,6530.0,6530.0
REALDATA,SEMISYNTHETIC REAL-DATA EXPERIMENT,adult,Male,random_forest,group_threshold_calibrated,post,strong_first_group,80db5b8b411cb1ee,"{""alpha_negative"": {""Female"": 0.25, ""Male"": 0.25}, ""alpha_positive"": {""Female"": 0.75, ""Male"": 0.25}, ""contestation_scenario"": ""strong_first_group"", ""rho_negative"": {""Female"": 0.05, ""Male"": 0.05}, ""rho_positive"": {""Female"": 0.8, ""Male"": 0.8}}",positive_rate,20,0.24267993874425722,0.0053149216002771026,0.0011884525993301567,0.2403505716495701,0.24500930583894434
REALDATA,SEMISYNTHETIC REAL-DATA EXPERIMENT,adult,Male,random_forest,group_threshold_calibrated,post,strong_first_group,80db5b8b411cb1ee,"{""alpha_negative"": {""Female"": 0.25, ""Male"": 0.25}, ""alpha_positive"": {""Female"": 0.75, ""Male"": 0.25}, ""contestation_scenario"": ""strong_first_group"", ""rho_negative"": {""Female"": 0.05, ""Male"": 0.05}, ""rho_positive"": {""Female"": 0.8, ""Male"": 0.8}}",prevalence,20,0.3038284839203675,0.0,0.0,0.3038284839203675,0.3038284839203675
REALDATA,SEMISYNTHETIC REAL-DATA EXPERIMENT,adult,Male,random_forest,group_threshold_calibrated,post,strong_first_group,80db5b8b411cb1ee,"{""alpha_negative"": {""Female"": 0.25, ""Male"": 0.25}, ""alpha_positive"": {""Female"": 0.75, ""Male"": 0.25}, ""contestation_scenario"": ""strong_first_group"", ""rho_negative"": {""Female"": 0.05, ""Male"": 0.05}, ""rho_positive"": {""Female"": 0.8, ""Male"": 0.8}}",tnr,20,0.9289045314562252,0.006122183802721337,0.0013689619153633072,0.9262213661021131,0.9315876968103373
REALDATA,SEMISYNTHETIC REAL-DATA EXPERIMENT,adult,Male,random_forest,group_threshold_calibrated,post,strong_first_group,80db5b8b411cb1ee,"{""alpha_negative"": {""Female"": 0.25, ""Male"": 0.25}, ""alpha_positive"": {""Female"": 0.75, ""Male"": 0.25}, ""contestation_scenario"": ""strong_first_group"", ""rho_negative"": {""Female"": 0.05, ""Male"": 0.05}, ""rho_positive"": {""Female"": 0.8, ""Male"": 0.8}}",tpr,20,0.6358366935483871,0.009759172710298256,0.0021822173584387762,0.6315595475258471,0.6401138395709272
REALDATA,SEMISYNTHETIC REAL-DATA EXPERIMENT,adult,Male,random_forest,group_threshold_calibrated,post,strong_second_group,1a6f52e99e976851,"{""alpha_negative"": {""Female"": 0.25, ""Male"": 0.25}, ""alpha_positive"": {""Female"": 0.25, ""Male"": 0.75}, ""contestation_scenario"": ""strong_second_group"", ""rho_negative"": {""Female"": 0.05, ""Male"": 0.05}, ""rho_positive"": {""Female"": 0.8, ""Male"": 0.8}}",accuracy,20,0.8955895865237367,0.003517681712314333,0.0007865775431942707,0.8940478945390758,0.8971312785083975
REALDATA,SEMISYNTHETIC REAL-DATA EXPERIMENT,adult,Male,random_forest,group_threshold_calibrated,post,strong_second_group,1a6f52e99e976851,"{""alpha_negative"": {""Female"": 0.25, ""Male"": 0.25}, ""alpha_positive"": {""Female"": 0.25, ""Male"": 0.75}, ""contestation_scenario"": ""strong_second_group"", ""rho_negative"": {""Female"": 0.05, ""Male"": 0.05}, ""rho_positive"": {""Female"": 0.8, ""Male"": 0.8}}",fnr,20,0.18026713709677417,0.007747018006072026,0.0017322858884491928,0.17687185675541375,0.18366241743813458
REALDATA,SEMISYNTHETIC REAL-DATA EXPERIMENT,adult,Male,random_forest,group_threshold_calibrated,post,strong_second_group,1a6f52e99e976851,"{""alpha_negative"": {""Female"": 0.25, ""Male"": 0.25}, ""alpha_positive"": {""Female"": 0.25, ""Male"": 0.75}, ""contestation_scenario"": ""strong_second_group"", ""rho_negative"": {""Female"": 0.05, ""Male"": 0.05}, ""rho_positive"": {""Female"": 0.8, ""Male"": 0.8}}",fpr,20,0.07130444346678395,0.005295393949209942,0.00118408608380745,0.06898363474252135,0.07362525219104656
REALDATA,SEMISYNTHETIC REAL-DATA EXPERIMENT,adult,Male,random_forest,group_threshold_calibrated,post,strong_second_group,1a6f52e99e976851,"{""alpha_negative"": {""Female"": 0.25, ""Male"": 0.25}, ""alpha_positive"": {""Female"": 0.25, ""Male"": 0.75}, ""contestation_scenario"": ""strong_second_group"", ""rho_negative"": {""Female"": 0.05, ""Male"": 0.05}, ""rho_positive"": {""Female"": 0.8, ""Male"": 0.8}}",n,20,6530.0,0.0,0.0,6530.0,6530.0
REALDATA,SEMISYNTHETIC REAL-DATA EXPERIMENT,adult,Male,random_forest,group_threshold_calibrated,post,strong_second_group,1a6f52e99e976851,"{""alpha_negative"": {""Female"": 0.25, ""Male"": 0.25}, ""alpha_positive"": {""Female"": 0.25, ""Male"": 0.75}, ""contestation_scenario"": ""strong_second_group"", ""rho_negative"": {""Female"": 0.05, ""Male"": 0.05}, ""rho_positive"": {""Female"": 0.8, ""Male"": 0.8}}",positive_rate,20,0.298698315467075,0.005087920264952001,0.0011376935576531415,0.2964684360940748,0.30092819484007516
REALDATA,SEMISYNTHETIC REAL-DATA EXPERIMENT,adult,Male,random_forest,group_threshold_calibrated,post,strong_second_group,1a6f52e99e976851,"{""alpha_negative"": {""Female"": 0.25, ""Male"": 0.25}, ""alpha_positive"": {""Female"": 0.25, ""Male"": 0.75}, ""contestation_scenario"": ""strong_second_group"", ""rho_negative"": {""Female"": 0.05, ""Male"": 0.05}, ""rho_positive"": {""Female"": 0.8, ""Male"": 0.8}}",prevalence,20,0.3038284839203675,0.0,0.0,0.3038284839203675,0.3038284839203675
REALDATA,SEMISYNTHETIC REAL-DATA EXPERIMENT,adult,Male,random_forest,group_threshold_calibrated,post,strong_second_group,1a6f52e99e976851,"{""alpha_negative"": {""Female"": 0.25, ""Male"": 0.25}, ""alpha_positive"": {""Female"": 0.25, ""Male"": 0.75}, ""contestation_scenario"": ""strong_second_group"", ""rho_negative"": {""Female"": 0.05, ""Male"": 0.05}, ""rho_positive"": {""Female"": 0.8, ""Male"": 0.8}}",tnr,20,0.928695556533216,0.005295393949209911,0.001184086083807443,0.9263747478089535,0.9310163652574786
REALDATA,SEMISYNTHETIC REAL-DATA EXPERIMENT,adult,Male,random_forest,group_threshold_calibrated,post,strong_second_group,1a6f52e99e976851,"{""alpha_negative"": {""Female"": 0.25, ""Male"": 0.25}, ""alpha_positive"": {""Female"": 0.25, ""Male"": 0.75}, ""contestation_scenario"": ""strong_second_group"", ""rho_negative"": {""Female"": 0.05, ""Male"": 0.05}, ""rho_positive"": {""Female"": 0.8, ""Male"": 0.8}}",tpr,20,0.8197328629032258,0.007747018006072024,0.0017322858884491923,0.8163375825618654,0.8231281432445862
REALDATA,SEMISYNTHETIC REAL-DATA EXPERIMENT,adult,Male,random_forest,group_threshold_calibrated,pre,equal_access,8b1b8b56ce23dea1,"{""alpha_negative"": {""Female"": 0.25, ""Male"": 0.25}, ""alpha_positive"": {""Female"": 0.5, ""Male"": 0.5}, ""contestation_scenario"": ""equal_access"", ""rho_negative"": {""Female"": 0.05, ""Male"": 0.05}, ""rho_positive"": {""Female"": 0.8, ""Male"": 0.8}}",accuracy,20,0.8200076569678407,0.003941516699583193,0.0008813499274718637,0.8182802111099958,0.8217351028256856
REALDATA,SEMISYNTHETIC REAL-DATA EXPERIMENT,adult,Male,random_forest,group_threshold_calibrated,pre,equal_access,8b1b8b56ce23dea1,"{""alpha_negative"": {""Female"": 0.25, ""Male"": 0.25}, ""alpha_positive"": {""Female"": 0.5, ""Male"": 0.5}, ""contestation_scenario"": ""equal_access"", ""rho_negative"": {""Female"": 0.05, ""Male"": 0.05}, ""rho_positive"": {""Female"": 0.8, ""Male"": 0.8}}",fnr,20,0.4555695564516129,0.009606967296786886,0.002148183193323287,0.45135911739269924,0.45977999551052656
REALDATA,SEMISYNTHETIC REAL-DATA EXPERIMENT,adult,Male,random_forest,group_threshold_calibrated,pre,equal_access,8b1b8b56ce23dea1,"{""alpha_negative"": {""Female"": 0.25, ""Male"": 0.25}, ""alpha_positive"": {""Female"": 0.5, ""Male"": 0.5}, ""contestation_scenario"": ""equal_access"", ""rho_negative"": {""Female"": 0.05, ""Male"": 0.05}, ""rho_positive"": {""Female"": 0.8, ""Male"": 0.8}}",fpr,20,0.05972283326000875,0.005800449023645075,0.001297019831689267,0.05718067438989778,0.06226499213011971
REALDATA,SEMISYNTHETIC REAL-DATA EXPERIMENT,adult,Male,random_forest,group_threshold_calibrated,pre,equal_access,8b1b8b56ce23dea1,"{""alpha_negative"": {""Female"": 0.25, ""Male"": 0.25}, ""alpha_positive"": {""Female"": 0.5, ""Male"": 0.5}, ""contestation_scenario"": ""equal_access"", ""rho_negative"": {""Female"": 0.05, ""Male"": 0.05}, ""rho_positive"": {""Female"": 0.8, ""Male"": 0.8}}",n,20,6530.0,0.0,0.0,6530.0,6530.0
REALDATA,SEMISYNTHETIC REAL-DATA EXPERIMENT,adult,Male,random_forest,group_threshold_calibrated,pre,equal_access,8b1b8b56ce23dea1,"{""alpha_negative"": {""Female"": 0.25, ""Male"": 0.25}, ""alpha_positive"": {""Female"": 0.5, ""Male"": 0.5}, ""contestation_scenario"": ""equal_access"", ""rho_negative"": {""Female"": 0.05, ""Male"": 0.05}, ""rho_positive"": {""Female"": 0.8, ""Male"": 0.8}}",positive_rate,20,0.2069908116385911,0.005840948250492879,0.0013060757341160547,0.20443090319972362,0.20955072007745856
REALDATA,SEMISYNTHETIC REAL-DATA EXPERIMENT,adult,Male,random_forest,group_threshold_calibrated,pre,equal_access,8b1b8b56ce23dea1,"{""alpha_negative"": {""Female"": 0.25, ""Male"": 0.25}, ""alpha_positive"": {""Female"": 0.5, ""Male"": 0.5}, ""contestation_scenario"": ""equal_access"", ""rho_negative"": {""Female"": 0.05, ""Male"": 0.05}, ""rho_positive"": {""Female"": 0.8, ""Male"": 0.8}}",prevalence,20,0.3038284839203675,0.0,0.0,0.3038284839203675,0.3038284839203675
REALDATA,SEMISYNTHETIC REAL-DATA EXPERIMENT,adult,Male,random_forest,group_threshold_calibrated,pre,equal_access,8b1b8b56ce23dea1,"{""alpha_negative"": {""Female"": 0.25, ""Male"": 0.25}, ""alpha_positive"": {""Female"": 0.5, ""Male"": 0.5}, ""contestation_scenario"": ""equal_access"", ""rho_negative"": {""Female"": 0.05, ""Male"": 0.05}, ""rho_positive"": {""Female"": 0.8, ""Male"": 0.8}}",tnr,20,0.9402771667399913,0.005800449023645087,0.00129701983168927,0.9377350078698803,0.9428193256101023
REALDATA,SEMISYNTHETIC REAL-DATA EXPERIMENT,adult,Male,random_forest,group_threshold_calibrated,pre,equal_access,8b1b8b56ce23dea1,"{""alpha_negative"": {""Female"": 0.25, ""Male"": 0.25}, ""alpha_positive"": {""Female"": 0.5, ""Male"": 0.5}, ""contestation_scenario"": ""equal_access"", ""rho_negative"": {""Female"": 0.05, ""Male"": 0.05}, ""rho_positive"": {""Female"": 0.8, ""Male"": 0.8}}",tpr,20,0.5444304435483871,0.009606967296786877,0.0021481831933232855,0.5402200044894735,0.5486408826073007
REALDATA,SEMISYNTHETIC REAL-DATA EXPERIMENT,adult,Male,random_forest,group_threshold_calibrated,pre,moderate_first_group,58a445a909825bd5,"{""alpha_negative"": {""Female"": 0.25, ""Male"": 0.25}, ""alpha_positive"": {""Female"": 0.65, ""Male"": 0.35}, ""contestation_scenario"": ""moderate_first_group"", ""rho_negative"": {""Female"": 0.05, ""Male"": 0.05}, ""rho_positive"": {""Female"": 0.8, ""Male"": 0.8}}",accuracy,20,0.8200076569678407,0.003941516699583193,0.0008813499274718637,0.8182802111099958,0.8217351028256856
REALDATA,SEMISYNTHETIC REAL-DATA EXPERIMENT,adult,Male,random_forest,group_threshold_calibrated,pre,moderate_first_group,58a445a909825bd5,"{""alpha_negative"": {""Female"": 0.25, ""Male"": 0.25}, ""alpha_positive"": {""Female"": 0.65, ""Male"": 0.35}, ""contestation_scenario"": ""moderate_first_group"", ""rho_negative"": {""Female"": 0.05, ""Male"": 0.05}, ""rho_positive"": {""Female"": 0.8, ""Male"": 0.8}}",fnr,20,0.4555695564516129,0.009606967296786886,0.002148183193323287,0.45135911739269924,0.45977999551052656
REALDATA,SEMISYNTHETIC REAL-DATA EXPERIMENT,adult,Male,random_forest,group_threshold_calibrated,pre,moderate_first_group,58a445a909825bd5,"{""alpha_negative"": {""Female"": 0.25, ""Male"": 0.25}, ""alpha_positive"": {""Female"": 0.65, ""Male"": 0.35}, ""contestation_scenario"": ""moderate_first_group"", ""rho_negative"": {""Female"": 0.05, ""Male"": 0.05}, ""rho_positive"": {""Female"": 0.8, ""Male"": 0.8}}",fpr,20,0.05972283326000875,0.005800449023645075,0.001297019831689267,0.05718067438989778,0.06226499213011971
REALDATA,SEMISYNTHETIC REAL-DATA EXPERIMENT,adult,Male,random_forest,group_threshold_calibrated,pre,moderate_first_group,58a445a909825bd5,"{""alpha_negative"": {""Female"": 0.25, ""Male"": 0.25}, ""alpha_positive"": {""Female"": 0.65, ""Male"": 0.35}, ""contestation_scenario"": ""moderate_first_group"", ""rho_negative"": {""Female"": 0.05, ""Male"": 0.05}, ""rho_positive"": {""Female"": 0.8, ""Male"": 0.8}}",n,20,6530.0,0.0,0.0,6530.0,6530.0
REALDATA,SEMISYNTHETIC REAL-DATA EXPERIMENT,adult,Male,random_forest,group_threshold_calibrated,pre,moderate_first_group,58a445a909825bd5,"{""alpha_negative"": {""Female"": 0.25, ""Male"": 0.25}, ""alpha_positive"": {""Female"": 0.65, ""Male"": 0.35}, ""contestation_scenario"": ""moderate_first_group"", ""rho_negative"": {""Female"": 0.05, ""Male"": 0.05}, ""rho_positive"": {""Female"": 0.8, ""Male"": 0.8}}",positive_rate,20,0.2069908116385911,0.005840948250492879,0.0013060757341160547,0.20443090319972362,0.20955072007745856
REALDATA,SEMISYNTHETIC REAL-DATA EXPERIMENT,adult,Male,random_forest,group_threshold_calibrated,pre,moderate_first_group,58a445a909825bd5,"{""alpha_negative"": {""Female"": 0.25, ""Male"": 0.25}, ""alpha_positive"": {""Female"": 0.65, ""Male"": 0.35}, ""contestation_scenario"": ""moderate_first_group"", ""rho_negative"": {""Female"": 0.05, ""Male"": 0.05}, ""rho_positive"": {""Female"": 0.8, ""Male"": 0.8}}",prevalence,20,0.3038284839203675,0.0,0.0,0.3038284839203675,0.3038284839203675
REALDATA,SEMISYNTHETIC REAL-DATA EXPERIMENT,adult,Male,random_forest,group_threshold_calibrated,pre,moderate_first_group,58a445a909825bd5,"{""alpha_negative"": {""Female"": 0.25, ""Male"": 0.25}, ""alpha_positive"": {""Female"": 0.65, ""Male"": 0.35}, ""contestation_scenario"": ""moderate_first_group"", ""rho_negative"": {""Female"": 0.05, ""Male"": 0.05}, ""rho_positive"": {""Female"": 0.8, ""Male"": 0.8}}",tnr,20,0.9402771667399913,0.005800449023645087,0.00129701983168927,0.9377350078698803,0.9428193256101023
REALDATA,SEMISYNTHETIC REAL-DATA EXPERIMENT,adult,Male,random_forest,group_threshold_calibrated,pre,moderate_first_group,58a445a909825bd5,"{""alpha_negative"": {""Female"": 0.25, ""Male"": 0.25}, ""alpha_positive"": {""Female"": 0.65, ""Male"": 0.35}, ""contestation_scenario"": ""moderate_first_group"", ""rho_negative"": {""Female"": 0.05, ""Male"": 0.05}, ""rho_positive"": {""Female"": 0.8, ""Male"": 0.8}}",tpr,20,0.5444304435483871,0.009606967296786877,0.0021481831933232855,0.5402200044894735,0.5486408826073007
REALDATA,SEMISYNTHETIC REAL-DATA EXPERIMENT,adult,Male,random_forest,group_threshold_calibrated,pre,moderate_second_group,f2d18f38dbf44f65,"{""alpha_negative"": {""Female"": 0.25, ""Male"": 0.25}, ""alpha_positive"": {""Female"": 0.35, ""Male"": 0.65}, ""contestation_scenario"": ""moderate_second_group"", ""rho_negative"": {""Female"": 0.05, ""Male"": 0.05}, ""rho_positive"": {""Female"": 0.8, ""Male"": 0.8}}",accuracy,20,0.8200076569678407,0.003941516699583193,0.0008813499274718637,0.8182802111099958,0.8217351028256856
REALDATA,SEMISYNTHETIC REAL-DATA EXPERIMENT,adult,Male,random_forest,group_threshold_calibrated,pre,moderate_second_group,f2d18f38dbf44f65,"{""alpha_negative"": {""Female"": 0.25, ""Male"": 0.25}, ""alpha_positive"": {""Female"": 0.35, ""Male"": 0.65}, ""contestation_scenario"": ""moderate_second_group"", ""rho_negative"": {""Female"": 0.05, ""Male"": 0.05}, ""rho_positive"": {""Female"": 0.8, ""Male"": 0.8}}",fnr,20,0.4555695564516129,0.009606967296786886,0.002148183193323287,0.45135911739269924,0.45977999551052656
REALDATA,SEMISYNTHETIC REAL-DATA EXPERIMENT,adult,Male,random_forest,group_threshold_calibrated,pre,moderate_second_group,f2d18f38dbf44f65,"{""alpha_negative"": {""Female"": 0.25, ""Male"": 0.25}, ""alpha_positive"": {""Female"": 0.35, ""Male"": 0.65}, ""contestation_scenario"": ""moderate_second_group"", ""rho_negative"": {""Female"": 0.05, ""Male"": 0.05}, ""rho_positive"": {""Female"": 0.8, ""Male"": 0.8}}",fpr,20,0.05972283326000875,0.005800449023645075,0.001297019831689267,0.05718067438989778,0.06226499213011971
REALDATA,SEMISYNTHETIC REAL-DATA EXPERIMENT,adult,Male,random_forest,group_threshold_calibrated,pre,moderate_second_group,f2d18f38dbf44f65,"{""alpha_negative"": {""Female"": 0.25, ""Male"": 0.25}, ""alpha_positive"": {""Female"": 0.35, ""Male"": 0.65}, ""contestation_scenario"": ""moderate_second_group"", ""rho_negative"": {""Female"": 0.05, ""Male"": 0.05}, ""rho_positive"": {""Female"": 0.8, ""Male"": 0.8}}",n,20,6530.0,0.0,0.0,6530.0,6530.0
REALDATA,SEMISYNTHETIC REAL-DATA EXPERIMENT,adult,Male,random_forest,group_threshold_calibrated,pre,moderate_second_group,f2d18f38dbf44f65,"{""alpha_negative"": {""Female"": 0.25, ""Male"": 0.25}, ""alpha_positive"": {""Female"": 0.35, ""Male"": 0.65}, ""contestation_scenario"": ""moderate_second_group"", ""rho_negative"": {""Female"": 0.05, ""Male"": 0.05}, ""rho_positive"": {""Female"": 0.8, ""Male"": 0.8}}",positive_rate,20,0.2069908116385911,0.005840948250492879,0.0013060757341160547,0.20443090319972362,0.20955072007745856
REALDATA,SEMISYNTHETIC REAL-DATA EXPERIMENT,adult,Male,random_forest,group_threshold_calibrated,pre,moderate_second_group,f2d18f38dbf44f65,"{""alpha_negative"": {""Female"": 0.25, ""Male"": 0.25}, ""alpha_positive"": {""Female"": 0.35, ""Male"": 0.65}, ""contestation_scenario"": ""moderate_second_group"", ""rho_negative"": {""Female"": 0.05, ""Male"": 0.05}, ""rho_positive"": {""Female"": 0.8, ""Male"": 0.8}}",prevalence,20,0.3038284839203675,0.0,0.0,0.3038284839203675,0.3038284839203675
REALDATA,SEMISYNTHETIC REAL-DATA EXPERIMENT,adult,Male,random_forest,group_threshold_calibrated,pre,moderate_second_group,f2d18f38dbf44f65,"{""alpha_negative"": {""Female"": 0.25, ""Male"": 0.25}, ""alpha_positive"": {""Female"": 0.35, ""Male"": 0.65}, ""contestation_scenario"": ""moderate_second_group"", ""rho_negative"": {""Female"": 0.05, ""Male"": 0.05}, ""rho_positive"": {""Female"": 0.8, ""Male"": 0.8}}",tnr,20,0.9402771667399913,0.005800449023645087,0.00129701983168927,0.9377350078698803,0.9428193256101023
REALDATA,SEMISYNTHETIC REAL-DATA EXPERIMENT,adult,Male,random_forest,group_threshold_calibrated,pre,moderate_second_group,f2d18f38dbf44f65,"{""alpha_negative"": {""Female"": 0.25, ""Male"": 0.25}, ""alpha_positive"": {""Female"": 0.35, ""Male"": 0.65}, ""contestation_scenario"": ""moderate_second_group"", ""rho_negative"": {""Female"": 0.05, ""Male"": 0.05}, ""rho_positive"": {""Female"": 0.8, ""Male"": 0.8}}",tpr,20,0.5444304435483871,0.009606967296786877,0.0021481831933232855,0.5402200044894735,0.5486408826073007
REALDATA,SEMISYNTHETIC REAL-DATA EXPERIMENT,adult,Male,random_forest,group_threshold_calibrated,pre,strong_first_group,80db5b8b411cb1ee,"{""alpha_negative"": {""Female"": 0.25, ""Male"": 0.25}, ""alpha_positive"": {""Female"": 0.75, ""Male"": 0.25}, ""contestation_scenario"": ""strong_first_group"", ""rho_negative"": {""Female"": 0.05, ""Male"": 0.05}, ""rho_positive"": {""Female"": 0.8, ""Male"": 0.8}}",accuracy,20,0.8200076569678407,0.003941516699583193,0.0008813499274718637,0.8182802111099958,0.8217351028256856
REALDATA,SEMISYNTHETIC REAL-DATA EXPERIMENT,adult,Male,random_forest,group_threshold_calibrated,pre,strong_first_group,80db5b8b411cb1ee,"{""alpha_negative"": {""Female"": 0.25, ""Male"": 0.25}, ""alpha_positive"": {""Female"": 0.75, ""Male"": 0.25}, ""contestation_scenario"": ""strong_first_group"", ""rho_negative"": {""Female"": 0.05, ""Male"": 0.05}, ""rho_positive"": {""Female"": 0.8, ""Male"": 0.8}}",fnr,20,0.4555695564516129,0.009606967296786886,0.002148183193323287,0.45135911739269924,0.45977999551052656
REALDATA,SEMISYNTHETIC REAL-DATA EXPERIMENT,adult,Male,random_forest,group_threshold_calibrated,pre,strong_first_group,80db5b8b411cb1ee,"{""alpha_negative"": {""Female"": 0.25, ""Male"": 0.25}, ""alpha_positive"": {""Female"": 0.75, ""Male"": 0.25}, ""contestation_scenario"": ""strong_first_group"", ""rho_negative"": {""Female"": 0.05, ""Male"": 0.05}, ""rho_positive"": {""Female"": 0.8, ""Male"": 0.8}}",fpr,20,0.05972283326000875,0.005800449023645075,0.001297019831689267,0.05718067438989778,0.06226499213011971
REALDATA,SEMISYNTHETIC REAL-DATA EXPERIMENT,adult,Male,random_forest,group_threshold_calibrated,pre,strong_first_group,80db5b8b411cb1ee,"{""alpha_negative"": {""Female"": 0.25, ""Male"": 0.25}, ""alpha_positive"": {""Female"": 0.75, ""Male"": 0.25}, ""contestation_scenario"": ""strong_first_group"", ""rho_negative"": {""Female"": 0.05, ""Male"": 0.05}, ""rho_positive"": {""Female"": 0.8, ""Male"": 0.8}}",n,20,6530.0,0.0,0.0,6530.0,6530.0
REALDATA,SEMISYNTHETIC REAL-DATA EXPERIMENT,adult,Male,random_forest,group_threshold_calibrated,pre,strong_first_group,80db5b8b411cb1ee,"{""alpha_negative"": {""Female"": 0.25, ""Male"": 0.25}, ""alpha_positive"": {""Female"": 0.75, ""Male"": 0.25}, ""contestation_scenario"": ""strong_first_group"", ""rho_negative"": {""Female"": 0.05, ""Male"": 0.05}, ""rho_positive"": {""Female"": 0.8, ""Male"": 0.8}}",positive_rate,20,0.2069908116385911,0.005840948250492879,0.0013060757341160547,0.20443090319972362,0.20955072007745856
REALDATA,SEMISYNTHETIC REAL-DATA EXPERIMENT,adult,Male,random_forest,group_threshold_calibrated,pre,strong_first_group,80db5b8b411cb1ee,"{""alpha_negative"": {""Female"": 0.25, ""Male"": 0.25}, ""alpha_positive"": {""Female"": 0.75, ""Male"": 0.25}, ""contestation_scenario"": ""strong_first_group"", ""rho_negative"": {""Female"": 0.05, ""Male"": 0.05}, ""rho_positive"": {""Female"": 0.8, ""Male"": 0.8}}",prevalence,20,0.3038284839203675,0.0,0.0,0.3038284839203675,0.3038284839203675
REALDATA,SEMISYNTHETIC REAL-DATA EXPERIMENT,adult,Male,random_forest,group_threshold_calibrated,pre,strong_first_group,80db5b8b411cb1ee,"{""alpha_negative"": {""Female"": 0.25, ""Male"": 0.25}, ""alpha_positive"": {""Female"": 0.75, ""Male"": 0.25}, ""contestation_scenario"": ""strong_first_group"", ""rho_negative"": {""Female"": 0.05, ""Male"": 0.05}, ""rho_positive"": {""Female"": 0.8, ""Male"": 0.8}}",tnr,20,0.9402771667399913,0.005800449023645087,0.00129701983168927,0.9377350078698803,0.9428193256101023
REALDATA,SEMISYNTHETIC REAL-DATA EXPERIMENT,adult,Male,random_forest,group_threshold_calibrated,pre,strong_first_group,80db5b8b411cb1ee,"{""alpha_negative"": {""Female"": 0.25, ""Male"": 0.25}, ""alpha_positive"": {""Female"": 0.75, ""Male"": 0.25}, ""contestation_scenario"": ""strong_first_group"", ""rho_negative"": {""Female"": 0.05, ""Male"": 0.05}, ""rho_positive"": {""Female"": 0.8, ""Male"": 0.8}}",tpr,20,0.5444304435483871,0.009606967296786877,0.0021481831933232855,0.5402200044894735,0.5486408826073007
REALDATA,SEMISYNTHETIC REAL-DATA EXPERIMENT,adult,Male,random_forest,group_threshold_calibrated,pre,strong_second_group,1a6f52e99e976851,"{""alpha_negative"": {""Female"": 0.25, ""Male"": 0.25}, ""alpha_positive"": {""Female"": 0.25, ""Male"": 0.75}, ""contestation_scenario"": ""strong_second_group"", ""rho_negative"": {""Female"": 0.05, ""Male"": 0.05}, ""rho_positive"": {""Female"": 0.8, ""Male"": 0.8}}",accuracy,20,0.8200076569678407,0.003941516699583193,0.0008813499274718637,0.8182802111099958,0.8217351028256856
REALDATA,SEMISYNTHETIC REAL-DATA EXPERIMENT,adult,Male,random_forest,group_threshold_calibrated,pre,strong_second_group,1a6f52e99e976851,"{""alpha_negative"": {""Female"": 0.25, ""Male"": 0.25}, ""alpha_positive"": {""Female"": 0.25, ""Male"": 0.75}, ""contestation_scenario"": ""strong_second_group"", ""rho_negative"": {""Female"": 0.05, ""Male"": 0.05}, ""rho_positive"": {""Female"": 0.8, ""Male"": 0.8}}",fnr,20,0.4555695564516129,0.009606967296786886,0.002148183193323287,0.45135911739269924,0.45977999551052656
REALDATA,SEMISYNTHETIC REAL-DATA EXPERIMENT,adult,Male,random_forest,group_threshold_calibrated,pre,strong_second_group,1a6f52e99e976851,"{""alpha_negative"": {""Female"": 0.25, ""Male"": 0.25}, ""alpha_positive"": {""Female"": 0.25, ""Male"": 0.75}, ""contestation_scenario"": ""strong_second_group"", ""rho_negative"": {""Female"": 0.05, ""Male"": 0.05}, ""rho_positive"": {""Female"": 0.8, ""Male"": 0.8}}",fpr,20,0.05972283326000875,0.005800449023645075,0.001297019831689267,0.05718067438989778,0.06226499213011971
REALDATA,SEMISYNTHETIC REAL-DATA EXPERIMENT,adult,Male,random_forest,group_threshold_calibrated,pre,strong_second_group,1a6f52e99e976851,"{""alpha_negative"": {""Female"": 0.25, ""Male"": 0.25}, ""alpha_positive"": {""Female"": 0.25, ""Male"": 0.75}, ""contestation_scenario"": ""strong_second_group"", ""rho_negative"": {""Female"": 0.05, ""Male"": 0.05}, ""rho_positive"": {""Female"": 0.8, ""Male"": 0.8}}",n,20,6530.0,0.0,0.0,6530.0,6530.0
REALDATA,SEMISYNTHETIC REAL-DATA EXPERIMENT,adult,Male,random_forest,group_threshold_calibrated,pre,strong_second_group,1a6f52e99e976851,"{""alpha_negative"": {""Female"": 0.25, ""Male"": 0.25}, ""alpha_positive"": {""Female"": 0.25, ""Male"": 0.75}, ""contestation_scenario"": ""strong_second_group"", ""rho_negative"": {""Female"": 0.05, ""Male"": 0.05}, ""rho_positive"": {""Female"": 0.8, ""Male"": 0.8}}",positive_rate,20,0.2069908116385911,0.005840948250492879,0.0013060757341160547,0.20443090319972362,0.20955072007745856
REALDATA,SEMISYNTHETIC REAL-DATA EXPERIMENT,adult,Male,random_forest,group_threshold_calibrated,pre,strong_second_group,1a6f52e99e976851,"{""alpha_negative"": {""Female"": 0.25, ""Male"": 0.25}, ""alpha_positive"": {""Female"": 0.25, ""Male"": 0.75}, ""contestation_scenario"": ""strong_second_group"", ""rho_negative"": {""Female"": 0.05, ""Male"": 0.05}, ""rho_positive"": {""Female"": 0.8, ""Male"": 0.8}}",prevalence,20,0.3038284839203675,0.0,0.0,0.3038284839203675,0.3038284839203675
REALDATA,SEMISYNTHETIC REAL-DATA EXPERIMENT,adult,Male,random_forest,group_threshold_calibrated,pre,strong_second_group,1a6f52e99e976851,"{""alpha_negative"": {""Female"": 0.25, ""Male"": 0.25}, ""alpha_positive"": {""Female"": 0.25, ""Male"": 0.75}, ""contestation_scenario"": ""strong_second_group"", ""rho_negative"": {""Female"": 0.05, ""Male"": 0.05}, ""rho_positive"": {""Female"": 0.8, ""Male"": 0.8}}",tnr,20,0.9402771667399913,0.005800449023645087,0.00129701983168927,0.9377350078698803,0.9428193256101023
REALDATA,SEMISYNTHETIC REAL-DATA EXPERIMENT,adult,Male,random_forest,group_threshold_calibrated,pre,strong_second_group,1a6f52e99e976851,"{""alpha_negative"": {""Female"": 0.25, ""Male"": 0.25}, ""alpha_positive"": {""Female"": 0.25, ""Male"": 0.75}, ""contestation_scenario"": ""strong_second_group"", ""rho_negative"": {""Female"": 0.05, ""Male"": 0.05}, ""rho_positive"": {""Female"": 0.8, ""Male"": 0.8}}",tpr,20,0.5444304435483871,0.009606967296786877,0.0021481831933232855,0.5402200044894735,0.5486408826073007
REALDATA,SEMISYNTHETIC REAL-DATA EXPERIMENT,adult,Male,random_forest,validation_selected_threshold,frozen_policy,equal_access,8b1b8b56ce23dea1,"{""alpha_negative"": {""Female"": 0.25, ""Male"": 0.25}, ""alpha_positive"": {""Female"": 0.5, ""Male"": 0.5}, ""contestation_scenario"": ""equal_access"", ""rho_negative"": {""Female"": 0.05, ""Male"": 0.05}, ""rho_positive"": {""Female"": 0.8, ""Male"": 0.8}}",decision_threshold,20,0.5225000000000001,0.005501196042201806,0.001230104830791604,0.5200889945316486,0.5249110054683516
REALDATA,SEMISYNTHETIC REAL-DATA EXPERIMENT,adult,Male,random_forest,validation_selected_threshold,frozen_policy,moderate_first_group,58a445a909825bd5,"{""alpha_negative"": {""Female"": 0.25, ""Male"": 0.25}, ""alpha_positive"": {""Female"": 0.65, ""Male"": 0.35}, ""contestation_scenario"": ""moderate_first_group"", ""rho_negative"": {""Female"": 0.05, ""Male"": 0.05}, ""rho_positive"": {""Female"": 0.8, ""Male"": 0.8}}",decision_threshold,20,0.5225000000000001,0.005501196042201806,0.001230104830791604,0.5200889945316486,0.5249110054683516
REALDATA,SEMISYNTHETIC REAL-DATA EXPERIMENT,adult,Male,random_forest,validation_selected_threshold,frozen_policy,moderate_second_group,f2d18f38dbf44f65,"{""alpha_negative"": {""Female"": 0.25, ""Male"": 0.25}, ""alpha_positive"": {""Female"": 0.35, ""Male"": 0.65}, ""contestation_scenario"": ""moderate_second_group"", ""rho_negative"": {""Female"": 0.05, ""Male"": 0.05}, ""rho_positive"": {""Female"": 0.8, ""Male"": 0.8}}",decision_threshold,20,0.5225000000000001,0.005501196042201806,0.001230104830791604,0.5200889945316486,0.5249110054683516
REALDATA,SEMISYNTHETIC REAL-DATA EXPERIMENT,adult,Male,random_forest,validation_selected_threshold,frozen_policy,strong_first_group,80db5b8b411cb1ee,"{""alpha_negative"": {""Female"": 0.25, ""Male"": 0.25}, ""alpha_positive"": {""Female"": 0.75, ""Male"": 0.25}, ""contestation_scenario"": ""strong_first_group"", ""rho_negative"": {""Female"": 0.05, ""Male"": 0.05}, ""rho_positive"": {""Female"": 0.8, ""Male"": 0.8}}",decision_threshold,20,0.5225000000000001,0.005501196042201806,0.001230104830791604,0.5200889945316486,0.5249110054683516
REALDATA,SEMISYNTHETIC REAL-DATA EXPERIMENT,adult,Male,random_forest,validation_selected_threshold,frozen_policy,strong_second_group,1a6f52e99e976851,"{""alpha_negative"": {""Female"": 0.25, ""Male"": 0.25}, ""alpha_positive"": {""Female"": 0.25, ""Male"": 0.75}, ""contestation_scenario"": ""strong_second_group"", ""rho_negative"": {""Female"": 0.05, ""Male"": 0.05}, ""rho_positive"": {""Female"": 0.8, ""Male"": 0.8}}",decision_threshold,20,0.5225000000000001,0.005501196042201806,0.001230104830791604,0.5200889945316486,0.5249110054683516
REALDATA,SEMISYNTHETIC REAL-DATA EXPERIMENT,german,ALL,gradient_boosting,group_threshold_calibrated,post,equal_access,8b1b8b56ce23dea1,"{""alpha_negative"": {""Female"": 0.25, ""Male"": 0.25}, ""alpha_positive"": {""Female"": 0.5, ""Male"": 0.5}, ""contestation_scenario"": ""equal_access"", ""rho_negative"": {""Female"": 0.05, ""Male"": 0.05}, ""rho_positive"": {""Female"": 0.8, ""Male"": 0.8}}",demographic_parity_gap,20,0.07020804114071992,0.04638257540504358,0.010371459157718728,0.04987998119159121,0.09053610108984864
REALDATA,SEMISYNTHETIC REAL-DATA EXPERIMENT,german,ALL,gradient_boosting,group_threshold_calibrated,post,equal_access,8b1b8b56ce23dea1,"{""alpha_negative"": {""Female"": 0.25, ""Male"": 0.25}, ""alpha_positive"": {""Female"": 0.5, ""Male"": 0.5}, ""contestation_scenario"": ""equal_access"", ""rho_negative"": {""Female"": 0.05, ""Male"": 0.05}, ""rho_positive"": {""Female"": 0.8, ""Male"": 0.8}}",equal_opportunity_gap,20,0.060249999999999936,0.033500785536744446,0.007491003375980235,0.045567633383078676,0.0749323666169212
REALDATA,SEMISYNTHETIC REAL-DATA EXPERIMENT,german,ALL,gradient_boosting,group_threshold_calibrated,post,equal_access,8b1b8b56ce23dea1,"{""alpha_negative"": {""Female"": 0.25, ""Male"": 0.25}, ""alpha_positive"": {""Female"": 0.5, ""Male"": 0.5}, ""contestation_scenario"": ""equal_access"", ""rho_negative"": {""Female"": 0.05, ""Male"": 0.05}, ""rho_positive"": {""Female"": 0.8, ""Male"": 0.8}}",equalized_odds_gap,20,0.14788038277511958,0.09172087565629597,0.02050941129232834,0.10768193664215603,0.18807882890808314
REALDATA,SEMISYNTHETIC REAL-DATA EXPERIMENT,german,ALL,gradient_boosting,group_threshold_calibrated,post,equal_access,8b1b8b56ce23dea1,"{""alpha_negative"": {""Female"": 0.25, ""Male"": 0.25}, ""alpha_positive"": {""Female"": 0.5, ""Male"": 0.5}, ""contestation_scenario"": ""equal_access"", ""rho_negative"": {""Female"": 0.05, ""Male"": 0.05}, ""rho_positive"": {""Female"": 0.8, ""Male"": 0.8}}",fpr_gap,20,0.13576555023923445,0.10184485138076335,0.022773201084575017,0.09113007611346742,0.1804010243650015
REALDATA,SEMISYNTHETIC REAL-DATA EXPERIMENT,german,ALL,gradient_boosting,group_threshold_calibrated,post,moderate_first_group,58a445a909825bd5,"{""alpha_negative"": {""Female"": 0.25, ""Male"": 0.25}, ""alpha_positive"": {""Female"": 0.65, ""Male"": 0.35}, ""contestation_scenario"": ""moderate_first_group"", ""rho_negative"": {""Female"": 0.05, ""Male"": 0.05}, ""rho_positive"": {""Female"": 0.8, ""Male"": 0.8}}",demographic_parity_gap,20,0.07235857877512851,0.04351683732357131,0.009730660642130545,0.05328648391655264,0.09143067363370438
REALDATA,SEMISYNTHETIC REAL-DATA EXPERIMENT,german,ALL,gradient_boosting,group_threshold_calibrated,post,moderate_first_group,58a445a909825bd5,"{""alpha_negative"": {""Female"": 0.25, ""Male"": 0.25}, ""alpha_positive"": {""Female"": 0.65, ""Male"": 0.35}, ""contestation_scenario"": ""moderate_first_group"", ""rho_negative"": {""Female"": 0.05, ""Male"": 0.05}, ""rho_positive"": {""Female"": 0.8, ""Male"": 0.8}}",equal_opportunity_gap,20,0.06924999999999995,0.04158931416399623,0.00929965336082904,0.05102267941277503,0.08747732058722488
REALDATA,SEMISYNTHETIC REAL-DATA EXPERIMENT,german,ALL,gradient_boosting,group_threshold_calibrated,post,moderate_first_group,58a445a909825bd5,"{""alpha_negative"": {""Female"": 0.25, ""Male"": 0.25}, ""alpha_positive"": {""Female"": 0.65, ""Male"": 0.35}, ""contestation_scenario"": ""moderate_first_group"", ""rho_negative"": {""Female"": 0.05, ""Male"": 0.05}, ""rho_positive"": {""Female"": 0.8, ""Male"": 0.8}}",equalized_odds_gap,20,0.1504868421052631,0.08742431451238299,0.01954867101360097,0.11217144691860521,0.18880223729192103
REALDATA,SEMISYNTHETIC REAL-DATA EXPERIMENT,german,ALL,gradient_boosting,group_threshold_calibrated,post,moderate_first_group,58a445a909825bd5,"{""alpha_negative"": {""Female"": 0.25, ""Male"": 0.25}, ""alpha_positive"": {""Female"": 0.65, ""Male"": 0.35}, ""contestation_scenario"": ""moderate_first_group"", ""rho_negative"": {""Female"": 0.05, ""Male"": 0.05}, ""rho_positive"": {""Female"": 0.8, ""Male"": 0.8}}",fpr_gap,20,0.13086124401913873,0.10411827888070038,0.023281554927752676,0.08522939636074349,0.17649309167753396
REALDATA,SEMISYNTHETIC REAL-DATA EXPERIMENT,german,ALL,gradient_boosting,group_threshold_calibrated,post,moderate_second_group,f2d18f38dbf44f65,"{""alpha_negative"": {""Female"": 0.25, ""Male"": 0.25}, ""alpha_positive"": {""Female"": 0.35, ""Male"": 0.65}, ""contestation_scenario"": ""moderate_second_group"", ""rho_negative"": {""Female"": 0.05, ""Male"": 0.05}, ""rho_positive"": {""Female"": 0.8, ""Male"": 0.8}}",demographic_parity_gap,20,0.07272089761570823,0.05716361840027705,0.012782173658287726,0.047667837245464285,0.09777395798595218
REALDATA,SEMISYNTHETIC REAL-DATA EXPERIMENT,german,ALL,gradient_boosting,group_threshold_calibrated,post,moderate_second_group,f2d18f38dbf44f65,"{""alpha_negative"": {""Female"": 0.25, ""Male"": 0.25}, ""alpha_positive"": {""Female"": 0.35, ""Male"": 0.65}, ""contestation_scenario"": ""moderate_second_group"", ""rho_negative"": {""Female"": 0.05, ""Male"": 0.05}, ""rho_positive"": {""Female"": 0.8, ""Male"": 0.8}}",equal_opportunity_gap,20,0.05699999999999994,0.04092354874769856,0.009150783688038037,0.03906446397144539,0.07493553602855449
REALDATA,SEMISYNTHETIC REAL-DATA EXPERIMENT,german,ALL,gradient_boosting,group_threshold_calibrated,post,moderate_second_group,f2d18f38dbf44f65,"{""alpha_negative"": {""Female"": 0.25, ""Male"": 0.25}, ""alpha_positive"": {""Female"": 0.35, ""Male"": 0.65}, ""contestation_scenario"": ""moderate_second_group"", ""rho_negative"": {""Female"": 0.05, ""Male"": 0.05}, ""rho_positive"": {""Female"": 0.8, ""Male"": 0.8}}",equalized_odds_gap,20,0.14971770334928225,0.09513022219606082,0.021271764354505132,0.10802504521445219,0.1914103614841123
REALDATA,SEMISYNTHETIC REAL-DATA EXPERIMENT,german,ALL,gradient_boosting,group_threshold_calibrated,post,moderate_second_group,f2d18f38dbf44f65,"{""alpha_negative"": {""Female"": 0.25, ""Male"": 0.25}, ""alpha_positive"": {""Female"": 0.35, ""Male"": 0.65}, ""contestation_scenario"": ""moderate_second_group"", ""rho_negative"": {""Female"": 0.05, ""Male"": 0.05}, ""rho_positive"": {""Female"": 0.8, ""Male"": 0.8}}",fpr_gap,20,0.13839712918660285,0.1029901417970809,0.023029295807061523,0.09325970940476228,0.18353454896844343
REALDATA,SEMISYNTHETIC REAL-DATA EXPERIMENT,german,ALL,gradient_boosting,group_threshold_calibrated,post,strong_first_group,80db5b8b411cb1ee,"{""alpha_negative"": {""Female"": 0.25, ""Male"": 0.25}, ""alpha_positive"": {""Female"": 0.75, ""Male"": 0.25}, ""contestation_scenario"": ""strong_first_group"", ""rho_negative"": {""Female"": 0.05, ""Male"": 0.05}, ""rho_positive"": {""Female"": 0.8, ""Male"": 0.8}}",demographic_parity_gap,20,0.07726741467975685,0.044747336610542816,0.010005808647323877,0.05765602973100206,0.09687879962851165
REALDATA,SEMISYNTHETIC REAL-DATA EXPERIMENT,german,ALL,gradient_boosting,group_threshold_calibrated,post,strong_first_group,80db5b8b411cb1ee,"{""alpha_negative"": {""Female"": 0.25, ""Male"": 0.25}, ""alpha_positive"": {""Female"": 0.75, ""Male"": 0.25}, ""contestation_scenario"": ""strong_first_group"", ""rho_negative"": {""Female"": 0.05, ""Male"": 0.05}, ""rho_positive"": {""Female"": 0.8, ""Male"": 0.8}}",equal_opportunity_gap,20,0.08624999999999997,0.04852766438358966,0.01085111563510019,0.06498181335520359,0.10751818664479634
REALDATA,SEMISYNTHETIC REAL-DATA EXPERIMENT,german,ALL,gradient_boosting,group_threshold_calibrated,post,strong_first_group,80db5b8b411cb1ee,"{""alpha_negative"": {""Female"": 0.25, ""Male"": 0.25}, ""alpha_positive"": {""Female"": 0.75, ""Male"": 0.25}, ""contestation_scenario"": ""strong_first_group"", ""rho_negative"": {""Female"": 0.05, ""Male"": 0.05}, ""rho_positive"": {""Female"": 0.8, ""Male"": 0.8}}",equalized_odds_gap,20,0.1591710526315789,0.07947519927242638,0.01777119480984872,0.12433951080427541,0.1940025944588824
REALDATA,SEMISYNTHETIC REAL-DATA EXPERIMENT,german,ALL,gradient_boosting,group_threshold_calibrated,post,strong_first_group,80db5b8b411cb1ee,"{""alpha_negative"": {""Female"": 0.25, ""Male"": 0.25}, ""alpha_positive"": {""Female"": 0.75, ""Male"": 0.25}, ""contestation_scenario"": ""strong_first_group"", ""rho_negative"": {""Female"": 0.05, ""Male"": 0.05}, ""rho_positive"": {""Female"": 0.8, ""Male"": 0.8}}",fpr_gap,20,0.13217703349282295,0.10057398237587051,0.022489026136031223,0.08809854226620176,0.17625552471944414
REALDATA,SEMISYNTHETIC REAL-DATA EXPERIMENT,german,ALL,gradient_boosting,group_threshold_calibrated,post,strong_second_group,1a6f52e99e976851,"{""alpha_negative"": {""Female"": 0.25, ""Male"": 0.25}, ""alpha_positive"": {""Female"": 0.25, ""Male"": 0.75}, ""contestation_scenario"": ""strong_second_group"", ""rho_negative"": {""Female"": 0.05, ""Male"": 0.05}, ""rho_positive"": {""Female"": 0.8, ""Male"": 0.8}}",demographic_parity_gap,20,0.07560776063581108,0.05447309667044575,0.012180554710003415,0.05173387340420439,0.09948164786741777
REALDATA,SEMISYNTHETIC REAL-DATA EXPERIMENT,german,ALL,gradient_boosting,group_threshold_calibrated,post,strong_second_group,1a6f52e99e976851,"{""alpha_negative"": {""Female"": 0.25, ""Male"": 0.25}, ""alpha_positive"": {""Female"": 0.25, ""Male"": 0.75}, ""contestation_scenario"": ""strong_second_group"", ""rho_negative"": {""Female"": 0.05, ""Male"": 0.05}, ""rho_positive"": {""Female"": 0.8, ""Male"": 0.8}}",equal_opportunity_gap,20,0.05224999999999995,0.04772384927343645,0.010671377112335786,0.031334100859821815,0.07316589914017808
REALDATA,SEMISYNTHETIC REAL-DATA EXPERIMENT,german,ALL,gradient_boosting,group_threshold_calibrated,post,strong_second_group,1a6f52e99e976851,"{""alpha_negative"": {""Female"": 0.25, ""Male"": 0.25}, ""alpha_positive"": {""Female"": 0.25, ""Male"": 0.75}, ""contestation_scenario"": ""strong_second_group"", ""rho_negative"": {""Female"": 0.05, ""Male"": 0.05}, ""rho_positive"": {""Female"": 0.8, ""Male"": 0.8}}",equalized_odds_gap,20,0.14808612440191385,0.0956688950267839,0.021392215261218036,0.1061573824899265,0.1900148663139012
REALDATA,SEMISYNTHETIC REAL-DATA EXPERIMENT,german,ALL,gradient_boosting,group_threshold_calibrated,post,strong_second_group,1a6f52e99e976851,"{""alpha_negative"": {""Female"": 0.25, ""Male"": 0.25}, ""alpha_positive"": {""Female"": 0.25, ""Male"": 0.75}, ""contestation_scenario"": ""strong_second_group"", ""rho_negative"": {""Female"": 0.05, ""Male"": 0.05}, ""rho_positive"": {""Female"": 0.8, ""Male"": 0.8}}",fpr_gap,20,0.13708133971291864,0.10140386418437337,0.022674593349741513,0.09263913674742527,0.181523542678412
REALDATA,SEMISYNTHETIC REAL-DATA EXPERIMENT,german,ALL,gradient_boosting,group_threshold_calibrated,pre,equal_access,8b1b8b56ce23dea1,"{""alpha_negative"": {""Female"": 0.25, ""Male"": 0.25}, ""alpha_positive"": {""Female"": 0.5, ""Male"": 0.5}, ""contestation_scenario"": ""equal_access"", ""rho_negative"": {""Female"": 0.05, ""Male"": 0.05}, ""rho_positive"": {""Female"": 0.8, ""Male"": 0.8}}",demographic_parity_gap,20,0.09589761570827485,0.052286380236973934,0.011691590050727528,0.07298209920884889,0.1188131322077008
REALDATA,SEMISYNTHETIC REAL-DATA EXPERIMENT,german,ALL,gradient_boosting,group_threshold_calibrated,pre,equal_access,8b1b8b56ce23dea1,"{""alpha_negative"": {""Female"": 0.25, ""Male"": 0.25}, ""alpha_positive"": {""Female"": 0.5, ""Male"": 0.5}, ""contestation_scenario"": ""equal_access"", ""rho_negative"": {""Female"": 0.05, ""Male"": 0.05}, ""rho_positive"": {""Female"": 0.8, ""Male"": 0.8}}",equal_opportunity_gap,20,0.09474999999999995,0.042098724821292954,0.009413561046646873,0.07629942034857207,0.11320057965142782
REALDATA,SEMISYNTHETIC REAL-DATA EXPERIMENT,german,ALL,gradient_boosting,group_threshold_calibrated,pre,equal_access,8b1b8b56ce23dea1,"{""alpha_negative"": {""Female"": 0.25, ""Male"": 0.25}, ""alpha_positive"": {""Female"": 0.5, ""Male"": 0.5}, ""contestation_scenario"": ""equal_access"", ""rho_negative"": {""Female"": 0.05, ""Male"": 0.05}, ""rho_positive"": {""Female"": 0.8, ""Male"": 0.8}}",equalized_odds_gap,20,0.1581351674641148,0.08444544518790298,0.018882575583038356,0.12112531932135961,0.19514501560686998
REALDATA,SEMISYNTHETIC REAL-DATA EXPERIMENT,german,ALL,gradient_boosting,group_threshold_calibrated,pre,equal_access,8b1b8b56ce23dea1,"{""alpha_negative"": {""Female"": 0.25, ""Male"": 0.25}, ""alpha_positive"": {""Female"": 0.5, ""Male"": 0.5}, ""contestation_scenario"": ""equal_access"", ""rho_negative"": {""Female"": 0.05, ""Male"": 0.05}, ""rho_positive"": {""Female"": 0.8, ""Male"": 0.8}}",fpr_gap,20,0.13504784688995214,0.10297317648142237,0.023025502247154304,0.0899178624855297,0.1801778312943746
REALDATA,SEMISYNTHETIC REAL-DATA EXPERIMENT,german,ALL,gradient_boosting,group_threshold_calibrated,pre,moderate_first_group,58a445a909825bd5,"{""alpha_negative"": {""Female"": 0.25, ""Male"": 0.25}, ""alpha_positive"": {""Female"": 0.65, ""Male"": 0.35}, ""contestation_scenario"": ""moderate_first_group"", ""rho_negative"": {""Female"": 0.05, ""Male"": 0.05}, ""rho_positive"": {""Female"": 0.8, ""Male"": 0.8}}",demographic_parity_gap,20,0.09589761570827485,0.052286380236973934,0.011691590050727528,0.07298209920884889,0.1188131322077008
REALDATA,SEMISYNTHETIC REAL-DATA EXPERIMENT,german,ALL,gradient_boosting,group_threshold_calibrated,pre,moderate_first_group,58a445a909825bd5,"{""alpha_negative"": {""Female"": 0.25, ""Male"": 0.25}, ""alpha_positive"": {""Female"": 0.65, ""Male"": 0.35}, ""contestation_scenario"": ""moderate_first_group"", ""rho_negative"": {""Female"": 0.05, ""Male"": 0.05}, ""rho_positive"": {""Female"": 0.8, ""Male"": 0.8}}",equal_opportunity_gap,20,0.09474999999999995,0.042098724821292954,0.009413561046646873,0.07629942034857207,0.11320057965142782
REALDATA,SEMISYNTHETIC REAL-DATA EXPERIMENT,german,ALL,gradient_boosting,group_threshold_calibrated,pre,moderate_first_group,58a445a909825bd5,"{""alpha_negative"": {""Female"": 0.25, ""Male"": 0.25}, ""alpha_positive"": {""Female"": 0.65, ""Male"": 0.35}, ""contestation_scenario"": ""moderate_first_group"", ""rho_negative"": {""Female"": 0.05, ""Male"": 0.05}, ""rho_positive"": {""Female"": 0.8, ""Male"": 0.8}}",equalized_odds_gap,20,0.1581351674641148,0.08444544518790298,0.018882575583038356,0.12112531932135961,0.19514501560686998
REALDATA,SEMISYNTHETIC REAL-DATA EXPERIMENT,german,ALL,gradient_boosting,group_threshold_calibrated,pre,moderate_first_group,58a445a909825bd5,"{""alpha_negative"": {""Female"": 0.25, ""Male"": 0.25}, ""alpha_positive"": {""Female"": 0.65, ""Male"": 0.35}, ""contestation_scenario"": ""moderate_first_group"", ""rho_negative"": {""Female"": 0.05, ""Male"": 0.05}, ""rho_positive"": {""Female"": 0.8, ""Male"": 0.8}}",fpr_gap,20,0.13504784688995214,0.10297317648142237,0.023025502247154304,0.0899178624855297,0.1801778312943746
REALDATA,SEMISYNTHETIC REAL-DATA EXPERIMENT,german,ALL,gradient_boosting,group_threshold_calibrated,pre,moderate_second_group,f2d18f38dbf44f65,"{""alpha_negative"": {""Female"": 0.25, ""Male"": 0.25}, ""alpha_positive"": {""Female"": 0.35, ""Male"": 0.65}, ""contestation_scenario"": ""moderate_second_group"", ""rho_negative"": {""Female"": 0.05, ""Male"": 0.05}, ""rho_positive"": {""Female"": 0.8, ""Male"": 0.8}}",demographic_parity_gap,20,0.09589761570827485,0.052286380236973934,0.011691590050727528,0.07298209920884889,0.1188131322077008
REALDATA,SEMISYNTHETIC REAL-DATA EXPERIMENT,german,ALL,gradient_boosting,group_threshold_calibrated,pre,moderate_second_group,f2d18f38dbf44f65,"{""alpha_negative"": {""Female"": 0.25, ""Male"": 0.25}, ""alpha_positive"": {""Female"": 0.35, ""Male"": 0.65}, ""contestation_scenario"": ""moderate_second_group"", ""rho_negative"": {""Female"": 0.05, ""Male"": 0.05}, ""rho_positive"": {""Female"": 0.8, ""Male"": 0.8}}",equal_opportunity_gap,20,0.09474999999999995,0.042098724821292954,0.009413561046646873,0.07629942034857207,0.11320057965142782
REALDATA,SEMISYNTHETIC REAL-DATA EXPERIMENT,german,ALL,gradient_boosting,group_threshold_calibrated,pre,moderate_second_group,f2d18f38dbf44f65,"{""alpha_negative"": {""Female"": 0.25, ""Male"": 0.25}, ""alpha_positive"": {""Female"": 0.35, ""Male"": 0.65}, ""contestation_scenario"": ""moderate_second_group"", ""rho_negative"": {""Female"": 0.05, ""Male"": 0.05}, ""rho_positive"": {""Female"": 0.8, ""Male"": 0.8}}",equalized_odds_gap,20,0.1581351674641148,0.08444544518790298,0.018882575583038356,0.12112531932135961,0.19514501560686998
REALDATA,SEMISYNTHETIC REAL-DATA EXPERIMENT,german,ALL,gradient_boosting,group_threshold_calibrated,pre,moderate_second_group,f2d18f38dbf44f65,"{""alpha_negative"": {""Female"": 0.25, ""Male"": 0.25}, ""alpha_positive"": {""Female"": 0.35, ""Male"": 0.65}, ""contestation_scenario"": ""moderate_second_group"", ""rho_negative"": {""Female"": 0.05, ""Male"": 0.05}, ""rho_positive"": {""Female"": 0.8, ""Male"": 0.8}}",fpr_gap,20,0.13504784688995214,0.10297317648142237,0.023025502247154304,0.0899178624855297,0.1801778312943746
REALDATA,SEMISYNTHETIC REAL-DATA EXPERIMENT,german,ALL,gradient_boosting,group_threshold_calibrated,pre,strong_first_group,80db5b8b411cb1ee,"{""alpha_negative"": {""Female"": 0.25, ""Male"": 0.25}, ""alpha_positive"": {""Female"": 0.75, ""Male"": 0.25}, ""contestation_scenario"": ""strong_first_group"", ""rho_negative"": {""Female"": 0.05, ""Male"": 0.05}, ""rho_positive"": {""Female"": 0.8, ""Male"": 0.8}}",demographic_parity_gap,20,0.09589761570827485,0.052286380236973934,0.011691590050727528,0.07298209920884889,0.1188131322077008
REALDATA,SEMISYNTHETIC REAL-DATA EXPERIMENT,german,ALL,gradient_boosting,group_threshold_calibrated,pre,strong_first_group,80db5b8b411cb1ee,"{""alpha_negative"": {""Female"": 0.25, ""Male"": 0.25}, ""alpha_positive"": {""Female"": 0.75, ""Male"": 0.25}, ""contestation_scenario"": ""strong_first_group"", ""rho_negative"": {""Female"": 0.05, ""Male"": 0.05}, ""rho_positive"": {""Female"": 0.8, ""Male"": 0.8}}",equal_opportunity_gap,20,0.09474999999999995,0.042098724821292954,0.009413561046646873,0.07629942034857207,0.11320057965142782
REALDATA,SEMISYNTHETIC REAL-DATA EXPERIMENT,german,ALL,gradient_boosting,group_threshold_calibrated,pre,strong_first_group,80db5b8b411cb1ee,"{""alpha_negative"": {""Female"": 0.25, ""Male"": 0.25}, ""alpha_positive"": {""Female"": 0.75, ""Male"": 0.25}, ""contestation_scenario"": ""strong_first_group"", ""rho_negative"": {""Female"": 0.05, ""Male"": 0.05}, ""rho_positive"": {""Female"": 0.8, ""Male"": 0.8}}",equalized_odds_gap,20,0.1581351674641148,0.08444544518790298,0.018882575583038356,0.12112531932135961,0.19514501560686998
REALDATA,SEMISYNTHETIC REAL-DATA EXPERIMENT,german,ALL,gradient_boosting,group_threshold_calibrated,pre,strong_first_group,80db5b8b411cb1ee,"{""alpha_negative"": {""Female"": 0.25, ""Male"": 0.25}, ""alpha_positive"": {""Female"": 0.75, ""Male"": 0.25}, ""contestation_scenario"": ""strong_first_group"", ""rho_negative"": {""Female"": 0.05, ""Male"": 0.05}, ""rho_positive"": {""Female"": 0.8, ""Male"": 0.8}}",fpr_gap,20,0.13504784688995214,0.10297317648142237,0.023025502247154304,0.0899178624855297,0.1801778312943746
REALDATA,SEMISYNTHETIC REAL-DATA EXPERIMENT,german,ALL,gradient_boosting,group_threshold_calibrated,pre,strong_second_group,1a6f52e99e976851,"{""alpha_negative"": {""Female"": 0.25, ""Male"": 0.25}, ""alpha_positive"": {""Female"": 0.25, ""Male"": 0.75}, ""contestation_scenario"": ""strong_second_group"", ""rho_negative"": {""Female"": 0.05, ""Male"": 0.05}, ""rho_positive"": {""Female"": 0.8, ""Male"": 0.8}}",demographic_parity_gap,20,0.09589761570827485,0.052286380236973934,0.011691590050727528,0.07298209920884889,0.1188131322077008
REALDATA,SEMISYNTHETIC REAL-DATA EXPERIMENT,german,ALL,gradient_boosting,group_threshold_calibrated,pre,strong_second_group,1a6f52e99e976851,"{""alpha_negative"": {""Female"": 0.25, ""Male"": 0.25}, ""alpha_positive"": {""Female"": 0.25, ""Male"": 0.75}, ""contestation_scenario"": ""strong_second_group"", ""rho_negative"": {""Female"": 0.05, ""Male"": 0.05}, ""rho_positive"": {""Female"": 0.8, ""Male"": 0.8}}",equal_opportunity_gap,20,0.09474999999999995,0.042098724821292954,0.009413561046646873,0.07629942034857207,0.11320057965142782
REALDATA,SEMISYNTHETIC REAL-DATA EXPERIMENT,german,ALL,gradient_boosting,group_threshold_calibrated,pre,strong_second_group,1a6f52e99e976851,"{""alpha_negative"": {""Female"": 0.25, ""Male"": 0.25}, ""alpha_positive"": {""Female"": 0.25, ""Male"": 0.75}, ""contestation_scenario"": ""strong_second_group"", ""rho_negative"": {""Female"": 0.05, ""Male"": 0.05}, ""rho_positive"": {""Female"": 0.8, ""Male"": 0.8}}",equalized_odds_gap,20,0.1581351674641148,0.08444544518790298,0.018882575583038356,0.12112531932135961,0.19514501560686998
REALDATA,SEMISYNTHETIC REAL-DATA EXPERIMENT,german,ALL,gradient_boosting,group_threshold_calibrated,pre,strong_second_group,1a6f52e99e976851,"{""alpha_negative"": {""Female"": 0.25, ""Male"": 0.25}, ""alpha_positive"": {""Female"": 0.25, ""Male"": 0.75}, ""contestation_scenario"": ""strong_second_group"", ""rho_negative"": {""Female"": 0.05, ""Male"": 0.05}, ""rho_positive"": {""Female"": 0.8, ""Male"": 0.8}}",fpr_gap,20,0.13504784688995214,0.10297317648142237,0.023025502247154304,0.0899178624855297,0.1801778312943746
REALDATA,SEMISYNTHETIC REAL-DATA EXPERIMENT,german,ALL,logistic,group_threshold_calibrated,post,equal_access,8b1b8b56ce23dea1,"{""alpha_negative"": {""Female"": 0.25, ""Male"": 0.25}, ""alpha_positive"": {""Female"": 0.5, ""Male"": 0.5}, ""contestation_scenario"": ""equal_access"", ""rho_negative"": {""Female"": 0.05, ""Male"": 0.05}, ""rho_positive"": {""Female"": 0.8, ""Male"": 0.8}}",demographic_parity_gap,20,0.09879616643291253,0.05448327436080242,0.01218283051075256,0.07491781863183751,0.12267451423398755
REALDATA,SEMISYNTHETIC REAL-DATA EXPERIMENT,german,ALL,logistic,group_threshold_calibrated,post,equal_access,8b1b8b56ce23dea1,"{""alpha_negative"": {""Female"": 0.25, ""Male"": 0.25}, ""alpha_positive"": {""Female"": 0.5, ""Male"": 0.5}, ""contestation_scenario"": ""equal_access"", ""rho_negative"": {""Female"": 0.05, ""Male"": 0.05}, ""rho_positive"": {""Female"": 0.8, ""Male"": 0.8}}",equal_opportunity_gap,20,0.05999999999999993,0.0367781399604081,0.008223842103747393,0.043881269476655035,0.07611873052334482
REALDATA,SEMISYNTHETIC REAL-DATA EXPERIMENT,german,ALL,logistic,group_threshold_calibrated,post,equal_access,8b1b8b56ce23dea1,"{""alpha_negative"": {""Female"": 0.25, ""Male"": 0.25}, ""alpha_positive"": {""Female"": 0.5, ""Male"": 0.5}, ""contestation_scenario"": ""equal_access"", ""rho_negative"": {""Female"": 0.05, ""Male"": 0.05}, ""rho_positive"": {""Female"": 0.8, ""Male"": 0.8}}",equalized_odds_gap,20,0.1999808612440191,0.10136312138850365,0.022665482983625702,0.15555651459611272,0.24440520789192546
REALDATA,SEMISYNTHETIC REAL-DATA EXPERIMENT,german,ALL,logistic,group_threshold_calibrated,post,equal_access,8b1b8b56ce23dea1,"{""alpha_negative"": {""Female"": 0.25, ""Male"": 0.25}, ""alpha_positive"": {""Female"": 0.5, ""Male"": 0.5}, ""contestation_scenario"": ""equal_access"", ""rho_negative"": {""Female"": 0.05, ""Male"": 0.05}, ""rho_positive"": {""Female"": 0.8, ""Male"": 0.8}}",fpr_gap,20,0.19066985645933013,0.11486951683551139,0.025685604818676,0.14032607101472516,0.2410136419039351
REALDATA,SEMISYNTHETIC REAL-DATA EXPERIMENT,german,ALL,logistic,group_threshold_calibrated,post,moderate_first_group,58a445a909825bd5,"{""alpha_negative"": {""Female"": 0.25, ""Male"": 0.25}, ""alpha_positive"": {""Female"": 0.65, ""Male"": 0.35}, ""contestation_scenario"": ""moderate_first_group"", ""rho_negative"": {""Female"": 0.05, ""Male"": 0.05}, ""rho_positive"": {""Female"": 0.8, ""Male"": 0.8}}",demographic_parity_gap,20,0.10556334735857872,0.05083925349781339,0.011368002674645468,0.0832820621162736,0.12784463260088386
REALDATA,SEMISYNTHETIC REAL-DATA EXPERIMENT,german,ALL,logistic,group_threshold_calibrated,post,moderate_first_group,58a445a909825bd5,"{""alpha_negative"": {""Female"": 0.25, ""Male"": 0.25}, ""alpha_positive"": {""Female"": 0.65, ""Male"": 0.35}, ""contestation_scenario"": ""moderate_first_group"", ""rho_negative"": {""Female"": 0.05, ""Male"": 0.05}, ""rho_positive"": {""Female"": 0.8, ""Male"": 0.8}}",equal_opportunity_gap,20,0.08074999999999992,0.04826666606087042,0.010792754635938826,0.05959620091355982,0.10190379908644001
REALDATA,SEMISYNTHETIC REAL-DATA EXPERIMENT,german,ALL,logistic,group_threshold_calibrated,post,moderate_first_group,58a445a909825bd5,"{""alpha_negative"": {""Female"": 0.25, ""Male"": 0.25}, ""alpha_positive"": {""Female"": 0.65, ""Male"": 0.35}, ""contestation_scenario"": ""moderate_first_group"", ""rho_negative"": {""Female"": 0.05, ""Male"": 0.05}, ""rho_positive"": {""Female"": 0.8, ""Male"": 0.8}}",equalized_odds_gap,20,0.20448086124401912,0.08988072314474144,0.020097940681848052,0.16508889750759695,0.2438728249804413
REALDATA,SEMISYNTHETIC REAL-DATA EXPERIMENT,german,ALL,logistic,group_threshold_calibrated,post,moderate_first_group,58a445a909825bd5,"{""alpha_negative"": {""Female"": 0.25, ""Male"": 0.25}, ""alpha_positive"": {""Female"": 0.65, ""Male"": 0.35}, ""contestation_scenario"": ""moderate_first_group"", ""rho_negative"": {""Female"": 0.05, ""Male"": 0.05}, ""rho_positive"": {""Female"": 0.8, ""Male"": 0.8}}",fpr_gap,20,0.1915071770334928,0.10703527371255525,0.023933814801156982,0.14459690002322512,0.23841745404376047
REALDATA,SEMISYNTHETIC REAL-DATA EXPERIMENT,german,ALL,logistic,group_threshold_calibrated,post,moderate_second_group,f2d18f38dbf44f65,"{""alpha_negative"": {""Female"": 0.25, ""Male"": 0.25}, ""alpha_positive"": {""Female"": 0.35, ""Male"": 0.65}, ""contestation_scenario"": ""moderate_second_group"", ""rho_negative"": {""Female"": 0.05, ""Male"": 0.05}, ""rho_positive"": {""Female"": 0.8, ""Male"": 0.8}}",demographic_parity_gap,20,0.08872136512388962,0.07207205330939453,0.016115801047779484,0.05713439507024183,0.1203083351775374
REALDATA,SEMISYNTHETIC REAL-DATA EXPERIMENT,german,ALL,logistic,group_threshold_calibrated,post,moderate_second_group,f2d18f38dbf44f65,"{""alpha_negative"": {""Female"": 0.25, ""Male"": 0.25}, ""alpha_positive"": {""Female"": 0.35, ""Male"": 0.65}, ""contestation_scenario"": ""moderate_second_group"", ""rho_negative"": {""Female"": 0.05, ""Male"": 0.05}, ""rho_positive"": {""Female"": 0.8, ""Male"": 0.8}}",equal_opportunity_gap,20,0.05599999999999995,0.04988407614290934,0.011154418525032078,0.03413733969093708,0.07786266030906283
REALDATA,SEMISYNTHETIC REAL-DATA EXPERIMENT,german,ALL,logistic,group_threshold_calibrated,post,moderate_second_group,f2d18f38dbf44f65,"{""alpha_negative"": {""Female"": 0.25, ""Male"": 0.25}, ""alpha_positive"": {""Female"": 0.35, ""Male"": 0.65}, ""contestation_scenario"": ""moderate_second_group"", ""rho_negative"": {""Female"": 0.05, ""Male"": 0.05}, ""rho_positive"": {""Female"": 0.8, ""Male"": 0.8}}",equalized_odds_gap,20,0.1944174641148325,0.10318943770907402,0.023073859727746966,0.14919269904844845,0.23964222918121653
REALDATA,SEMISYNTHETIC REAL-DATA EXPERIMENT,german,ALL,logistic,group_threshold_calibrated,post,moderate_second_group,f2d18f38dbf44f65,"{""alpha_negative"": {""Female"": 0.25, ""Male"": 0.25}, ""alpha_positive"": {""Female"": 0.35, ""Male"": 0.65}, ""contestation_scenario"": ""moderate_second_group"", ""rho_negative"": {""Female"": 0.05, ""Male"": 0.05}, ""rho_positive"": {""Female"": 0.8, ""Male"": 0.8}}",fpr_gap,20,0.18767942583732053,0.11226585444127478,0.025103408208278707,0.13847674574909427,0.2368821059255468
REALDATA,SEMISYNTHETIC REAL-DATA EXPERIMENT,german,ALL,logistic,group_threshold_calibrated,post,strong_first_group,80db5b8b411cb1ee,"{""alpha_negative"": {""Female"": 0.25, ""Male"": 0.25}, ""alpha_positive"": {""Female"": 0.75, ""Male"": 0.25}, ""contestation_scenario"": ""strong_first_group"", ""rho_negative"": {""Female"": 0.05, ""Male"": 0.05}, ""rho_positive"": {""Female"": 0.8, ""Male"": 0.8}}",demographic_parity_gap,20,0.10898784478728377,0.048971804986303484,0.010950428493023774,0.08752500494095716,0.13045068463361037
REALDATA,SEMISYNTHETIC REAL-DATA EXPERIMENT,german,ALL,logistic,group_threshold_calibrated,post,strong_first_group,80db5b8b411cb1ee,"{""alpha_negative"": {""Female"": 0.25, ""Male"": 0.25}, ""alpha_positive"": {""Female"": 0.75, ""Male"": 0.25}, ""contestation_scenario"": ""strong_first_group"", ""rho_negative"": {""Female"": 0.05, ""Male"": 0.05}, ""rho_positive"": {""Female"": 0.8, ""Male"": 0.8}}",equal_opportunity_gap,20,0.08824999999999993,0.05713039102743275,0.012774743791848368,0.06321150216797712,0.11328849783202273
REALDATA,SEMISYNTHETIC REAL-DATA EXPERIMENT,german,ALL,logistic,group_threshold_calibrated,post,strong_first_group,80db5b8b411cb1ee,"{""alpha_negative"": {""Female"": 0.25, ""Male"": 0.25}, ""alpha_positive"": {""Female"": 0.75, ""Male"": 0.25}, ""contestation_scenario"": ""strong_first_group"", ""rho_negative"": {""Female"": 0.05, ""Male"": 0.05}, ""rho_positive"": {""Female"": 0.8, ""Male"": 0.8}}",equalized_odds_gap,20,0.20841028708133966,0.08821721714500506,0.019725969432209122,0.16974738699420977,0.24707318716846954
REALDATA,SEMISYNTHETIC REAL-DATA EXPERIMENT,german,ALL,logistic,group_threshold_calibrated,post,strong_first_group,80db5b8b411cb1ee,"{""alpha_negative"": {""Female"": 0.25, ""Male"": 0.25}, ""alpha_positive"": {""Female"": 0.75, ""Male"": 0.25}, ""contestation_scenario"": ""strong_first_group"", ""rho_negative"": {""Female"": 0.05, ""Male"": 0.05}, ""rho_positive"": {""Female"": 0.8, ""Male"": 0.8}}",fpr_gap,20,0.19198564593301432,0.10795552641945717,0.02413958956206807,0.14467205039136088,0.23929924147466775
REALDATA,SEMISYNTHETIC REAL-DATA EXPERIMENT,german,ALL,logistic,group_threshold_calibrated,post,strong_second_group,1a6f52e99e976851,"{""alpha_negative"": {""Female"": 0.25, ""Male"": 0.25}, ""alpha_positive"": {""Female"": 0.25, ""Male"": 0.75}, ""contestation_scenario"": ""strong_second_group"", ""rho_negative"": {""Female"": 0.05, ""Male"": 0.05}, ""rho_positive"": {""Female"": 0.8, ""Male"": 0.8}}",demographic_parity_gap,20,0.09481065918653571,0.08328797559463895,0.018623757513795615,0.05830809445949631,0.1313132239135751
REALDATA,SEMISYNTHETIC REAL-DATA EXPERIMENT,german,ALL,logistic,group_threshold_calibrated,post,strong_second_group,1a6f52e99e976851,"{""alpha_negative"": {""Female"": 0.25, ""Male"": 0.25}, ""alpha_positive"": {""Female"": 0.25, ""Male"": 0.75}, ""contestation_scenario"": ""strong_second_group"", ""rho_negative"": {""Female"": 0.05, ""Male"": 0.05}, ""rho_positive"": {""Female"": 0.8, ""Male"": 0.8}}",equal_opportunity_gap,20,0.06999999999999995,0.057491418123879465,0.01285547190478579,0.0448032750666198,0.0951967249333801
REALDATA,SEMISYNTHETIC REAL-DATA EXPERIMENT,german,ALL,logistic,group_threshold_calibrated,post,strong_second_group,1a6f52e99e976851,"{""alpha_negative"": {""Female"": 0.25, ""Male"": 0.25}, ""alpha_positive"": {""Female"": 0.25, ""Male"": 0.75}, ""contestation_scenario"": ""strong_second_group"", ""rho_negative"": {""Female"": 0.05, ""Male"": 0.05}, ""rho_positive"": {""Female"": 0.8, ""Male"": 0.8}}",equalized_odds_gap,20,0.1960717703349282,0.10254358465886203,0.022929442595372006,0.15113006284799907,0.24101347782185734
REALDATA,SEMISYNTHETIC REAL-DATA EXPERIMENT,german,ALL,logistic,group_threshold_calibrated,post,strong_second_group,1a6f52e99e976851,"{""alpha_negative"": {""Female"": 0.25, ""Male"": 0.25}, ""alpha_positive"": {""Female"": 0.25, ""Male"": 0.75}, ""contestation_scenario"": ""strong_second_group"", ""rho_negative"": {""Female"": 0.05, ""Male"": 0.05}, ""rho_positive"": {""Female"": 0.8, ""Male"": 0.8}}",fpr_gap,20,0.19031100478468896,0.11095960696771698,0.024811322393647445,0.14168081289313997,0.23894119667623795
REALDATA,SEMISYNTHETIC REAL-DATA EXPERIMENT,german,ALL,logistic,group_threshold_calibrated,pre,equal_access,8b1b8b56ce23dea1,"{""alpha_negative"": {""Female"": 0.25, ""Male"": 0.25}, ""alpha_positive"": {""Female"": 0.5, ""Male"": 0.5}, ""contestation_scenario"": ""equal_access"", ""rho_negative"": {""Female"": 0.05, ""Male"": 0.05}, ""rho_positive"": {""Female"": 0.8, ""Male"": 0.8}}",demographic_parity_gap,20,0.11788218793828889,0.0622153516687902,0.013911775557546985,0.0906151078454968,0.14514926803108097
REALDATA,SEMISYNTHETIC REAL-DATA EXPERIMENT,german,ALL,logistic,group_threshold_calibrated,pre,equal_access,8b1b8b56ce23dea1,"{""alpha_negative"": {""Female"": 0.25, ""Male"": 0.25}, ""alpha_positive"": {""Female"": 0.5, ""Male"": 0.5}, ""contestation_scenario"": ""equal_access"", ""rho_negative"": {""Female"": 0.05, ""Male"": 0.05}, ""rho_positive"": {""Female"": 0.8, ""Male"": 0.8}}",equal_opportunity_gap,20,0.09449999999999995,0.055746135103228164,0.012465214757370542,0.07006817907555368,0.11893182092444621
REALDATA,SEMISYNTHETIC REAL-DATA EXPERIMENT,german,ALL,logistic,group_threshold_calibrated,pre,equal_access,8b1b8b56ce23dea1,"{""alpha_negative"": {""Female"": 0.25, ""Male"": 0.25}, ""alpha_positive"": {""Female"": 0.5, ""Male"": 0.5}, ""contestation_scenario"": ""equal_access"", ""rho_negative"": {""Female"": 0.05, ""Male"": 0.05}, ""rho_positive"": {""Female"": 0.8, ""Male"": 0.8}}",equalized_odds_gap,20,0.21108971291866027,0.09114163139824868,0.020379888338671326,0.17114513177486448,0.2510342940624561
REALDATA,SEMISYNTHETIC REAL-DATA EXPERIMENT,german,ALL,logistic,group_threshold_calibrated,pre,equal_access,8b1b8b56ce23dea1,"{""alpha_negative"": {""Female"": 0.25, ""Male"": 0.25}, ""alpha_positive"": {""Female"": 0.5, ""Male"": 0.5}, ""contestation_scenario"": ""equal_access"", ""rho_negative"": {""Female"": 0.05, ""Male"": 0.05}, ""rho_positive"": {""Female"": 0.8, ""Male"": 0.8}}",fpr_gap,20,0.19102870813397127,0.11373678448015521,0.025432318163987014,0.14118136453255672,0.24087605173538582
REALDATA,SEMISYNTHETIC REAL-DATA EXPERIMENT,german,ALL,logistic,group_threshold_calibrated,pre,moderate_first_group,58a445a909825bd5,"{""alpha_negative"": {""Female"": 0.25, ""Male"": 0.25}, ""alpha_positive"": {""Female"": 0.65, ""Male"": 0.35}, ""contestation_scenario"": ""moderate_first_group"", ""rho_negative"": {""Female"": 0.05, ""Male"": 0.05}, ""rho_positive"": {""Female"": 0.8, ""Male"": 0.8}}",demographic_parity_gap,20,0.11788218793828889,0.0622153516687902,0.013911775557546985,0.0906151078454968,0.14514926803108097
REALDATA,SEMISYNTHETIC REAL-DATA EXPERIMENT,german,ALL,logistic,group_threshold_calibrated,pre,moderate_first_group,58a445a909825bd5,"{""alpha_negative"": {""Female"": 0.25, ""Male"": 0.25}, ""alpha_positive"": {""Female"": 0.65, ""Male"": 0.35}, ""contestation_scenario"": ""moderate_first_group"", ""rho_negative"": {""Female"": 0.05, ""Male"": 0.05}, ""rho_positive"": {""Female"": 0.8, ""Male"": 0.8}}",equal_opportunity_gap,20,0.09449999999999995,0.055746135103228164,0.012465214757370542,0.07006817907555368,0.11893182092444621
REALDATA,SEMISYNTHETIC REAL-DATA EXPERIMENT,german,ALL,logistic,group_threshold_calibrated,pre,moderate_first_group,58a445a909825bd5,"{""alpha_negative"": {""Female"": 0.25, ""Male"": 0.25}, ""alpha_positive"": {""Female"": 0.65, ""Male"": 0.35}, ""contestation_scenario"": ""moderate_first_group"", ""rho_negative"": {""Female"": 0.05, ""Male"": 0.05}, ""rho_positive"": {""Female"": 0.8, ""Male"": 0.8}}",equalized_odds_gap,20,0.21108971291866027,0.09114163139824868,0.020379888338671326,0.17114513177486448,0.2510342940624561
REALDATA,SEMISYNTHETIC REAL-DATA EXPERIMENT,german,ALL,logistic,group_threshold_calibrated,pre,moderate_first_group,58a445a909825bd5,"{""alpha_negative"": {""Female"": 0.25, ""Male"": 0.25}, ""alpha_positive"": {""Female"": 0.65, ""Male"": 0.35}, ""contestation_scenario"": ""moderate_first_group"", ""rho_negative"": {""Female"": 0.05, ""Male"": 0.05}, ""rho_positive"": {""Female"": 0.8, ""Male"": 0.8}}",fpr_gap,20,0.19102870813397127,0.11373678448015521,0.025432318163987014,0.14118136453255672,0.24087605173538582
REALDATA,SEMISYNTHETIC REAL-DATA EXPERIMENT,german,ALL,logistic,group_threshold_calibrated,pre,moderate_second_group,f2d18f38dbf44f65,"{""alpha_negative"": {""Female"": 0.25, ""Male"": 0.25}, ""alpha_positive"": {""Female"": 0.35, ""Male"": 0.65}, ""contestation_scenario"": ""moderate_second_group"", ""rho_negative"": {""Female"": 0.05, ""Male"": 0.05}, ""rho_positive"": {""Female"": 0.8, ""Male"": 0.8}}",demographic_parity_gap,20,0.11788218793828889,0.0622153516687902,0.013911775557546985,0.0906151078454968,0.14514926803108097
REALDATA,SEMISYNTHETIC REAL-DATA EXPERIMENT,german,ALL,logistic,group_threshold_calibrated,pre,moderate_second_group,f2d18f38dbf44f65,"{""alpha_negative"": {""Female"": 0.25, ""Male"": 0.25}, ""alpha_positive"": {""Female"": 0.35, ""Male"": 0.65}, ""contestation_scenario"": ""moderate_second_group"", ""rho_negative"": {""Female"": 0.05, ""Male"": 0.05}, ""rho_positive"": {""Female"": 0.8, ""Male"": 0.8}}",equal_opportunity_gap,20,0.09449999999999995,0.055746135103228164,0.012465214757370542,0.07006817907555368,0.11893182092444621
REALDATA,SEMISYNTHETIC REAL-DATA EXPERIMENT,german,ALL,logistic,group_threshold_calibrated,pre,moderate_second_group,f2d18f38dbf44f65,"{""alpha_negative"": {""Female"": 0.25, ""Male"": 0.25}, ""alpha_positive"": {""Female"": 0.35, ""Male"": 0.65}, ""contestation_scenario"": ""moderate_second_group"", ""rho_negative"": {""Female"": 0.05, ""Male"": 0.05}, ""rho_positive"": {""Female"": 0.8, ""Male"": 0.8}}",equalized_odds_gap,20,0.21108971291866027,0.09114163139824868,0.020379888338671326,0.17114513177486448,0.2510342940624561
REALDATA,SEMISYNTHETIC REAL-DATA EXPERIMENT,german,ALL,logistic,group_threshold_calibrated,pre,moderate_second_group,f2d18f38dbf44f65,"{""alpha_negative"": {""Female"": 0.25, ""Male"": 0.25}, ""alpha_positive"": {""Female"": 0.35, ""Male"": 0.65}, ""contestation_scenario"": ""moderate_second_group"", ""rho_negative"": {""Female"": 0.05, ""Male"": 0.05}, ""rho_positive"": {""Female"": 0.8, ""Male"": 0.8}}",fpr_gap,20,0.19102870813397127,0.11373678448015521,0.025432318163987014,0.14118136453255672,0.24087605173538582
REALDATA,SEMISYNTHETIC REAL-DATA EXPERIMENT,german,ALL,logistic,group_threshold_calibrated,pre,strong_first_group,80db5b8b411cb1ee,"{""alpha_negative"": {""Female"": 0.25, ""Male"": 0.25}, ""alpha_positive"": {""Female"": 0.75, ""Male"": 0.25}, ""contestation_scenario"": ""strong_first_group"", ""rho_negative"": {""Female"": 0.05, ""Male"": 0.05}, ""rho_positive"": {""Female"": 0.8, ""Male"": 0.8}}",demographic_parity_gap,20,0.11788218793828889,0.0622153516687902,0.013911775557546985,0.0906151078454968,0.14514926803108097
REALDATA,SEMISYNTHETIC REAL-DATA EXPERIMENT,german,ALL,logistic,group_threshold_calibrated,pre,strong_first_group,80db5b8b411cb1ee,"{""alpha_negative"": {""Female"": 0.25, ""Male"": 0.25}, ""alpha_positive"": {""Female"": 0.75, ""Male"": 0.25}, ""contestation_scenario"": ""strong_first_group"", ""rho_negative"": {""Female"": 0.05, ""Male"": 0.05}, ""rho_positive"": {""Female"": 0.8, ""Male"": 0.8}}",equal_opportunity_gap,20,0.09449999999999995,0.055746135103228164,0.012465214757370542,0.07006817907555368,0.11893182092444621
REALDATA,SEMISYNTHETIC REAL-DATA EXPERIMENT,german,ALL,logistic,group_threshold_calibrated,pre,strong_first_group,80db5b8b411cb1ee,"{""alpha_negative"": {""Female"": 0.25, ""Male"": 0.25}, ""alpha_positive"": {""Female"": 0.75, ""Male"": 0.25}, ""contestation_scenario"": ""strong_first_group"", ""rho_negative"": {""Female"": 0.05, ""Male"": 0.05}, ""rho_positive"": {""Female"": 0.8, ""Male"": 0.8}}",equalized_odds_gap,20,0.21108971291866027,0.09114163139824868,0.020379888338671326,0.17114513177486448,0.2510342940624561
REALDATA,SEMISYNTHETIC REAL-DATA EXPERIMENT,german,ALL,logistic,group_threshold_calibrated,pre,strong_first_group,80db5b8b411cb1ee,"{""alpha_negative"": {""Female"": 0.25, ""Male"": 0.25}, ""alpha_positive"": {""Female"": 0.75, ""Male"": 0.25}, ""contestation_scenario"": ""strong_first_group"", ""rho_negative"": {""Female"": 0.05, ""Male"": 0.05}, ""rho_positive"": {""Female"": 0.8, ""Male"": 0.8}}",fpr_gap,20,0.19102870813397127,0.11373678448015521,0.025432318163987014,0.14118136453255672,0.24087605173538582
REALDATA,SEMISYNTHETIC REAL-DATA EXPERIMENT,german,ALL,logistic,group_threshold_calibrated,pre,strong_second_group,1a6f52e99e976851,"{""alpha_negative"": {""Female"": 0.25, ""Male"": 0.25}, ""alpha_positive"": {""Female"": 0.25, ""Male"": 0.75}, ""contestation_scenario"": ""strong_second_group"", ""rho_negative"": {""Female"": 0.05, ""Male"": 0.05}, ""rho_positive"": {""Female"": 0.8, ""Male"": 0.8}}",demographic_parity_gap,20,0.11788218793828889,0.0622153516687902,0.013911775557546985,0.0906151078454968,0.14514926803108097
REALDATA,SEMISYNTHETIC REAL-DATA EXPERIMENT,german,ALL,logistic,group_threshold_calibrated,pre,strong_second_group,1a6f52e99e976851,"{""alpha_negative"": {""Female"": 0.25, ""Male"": 0.25}, ""alpha_positive"": {""Female"": 0.25, ""Male"": 0.75}, ""contestation_scenario"": ""strong_second_group"", ""rho_negative"": {""Female"": 0.05, ""Male"": 0.05}, ""rho_positive"": {""Female"": 0.8, ""Male"": 0.8}}",equal_opportunity_gap,20,0.09449999999999995,0.055746135103228164,0.012465214757370542,0.07006817907555368,0.11893182092444621
REALDATA,SEMISYNTHETIC REAL-DATA EXPERIMENT,german,ALL,logistic,group_threshold_calibrated,pre,strong_second_group,1a6f52e99e976851,"{""alpha_negative"": {""Female"": 0.25, ""Male"": 0.25}, ""alpha_positive"": {""Female"": 0.25, ""Male"": 0.75}, ""contestation_scenario"": ""strong_second_group"", ""rho_negative"": {""Female"": 0.05, ""Male"": 0.05}, ""rho_positive"": {""Female"": 0.8, ""Male"": 0.8}}",equalized_odds_gap,20,0.21108971291866027,0.09114163139824868,0.020379888338671326,0.17114513177486448,0.2510342940624561
REALDATA,SEMISYNTHETIC REAL-DATA EXPERIMENT,german,ALL,logistic,group_threshold_calibrated,pre,strong_second_group,1a6f52e99e976851,"{""alpha_negative"": {""Female"": 0.25, ""Male"": 0.25}, ""alpha_positive"": {""Female"": 0.25, ""Male"": 0.75}, ""contestation_scenario"": ""strong_second_group"", ""rho_negative"": {""Female"": 0.05, ""Male"": 0.05}, ""rho_positive"": {""Female"": 0.8, ""Male"": 0.8}}",fpr_gap,20,0.19102870813397127,0.11373678448015521,0.025432318163987014,0.14118136453255672,0.24087605173538582
REALDATA,SEMISYNTHETIC REAL-DATA EXPERIMENT,german,ALL,random_forest,group_threshold_calibrated,post,equal_access,8b1b8b56ce23dea1,"{""alpha_negative"": {""Female"": 0.25, ""Male"": 0.25}, ""alpha_positive"": {""Female"": 0.5, ""Male"": 0.5}, ""contestation_scenario"": ""equal_access"", ""rho_negative"": {""Female"": 0.05, ""Male"": 0.05}, ""rho_positive"": {""Female"": 0.8, ""Male"": 0.8}}",demographic_parity_gap,20,0.0432094436652641,0.0313624361095036,0.007012853908084408,0.029464250005418663,0.05695463732510954
REALDATA,SEMISYNTHETIC REAL-DATA EXPERIMENT,german,ALL,random_forest,group_threshold_calibrated,post,equal_access,8b1b8b56ce23dea1,"{""alpha_negative"": {""Female"": 0.25, ""Male"": 0.25}, ""alpha_positive"": {""Female"": 0.5, ""Male"": 0.5}, ""contestation_scenario"": ""equal_access"", ""rho_negative"": {""Female"": 0.05, ""Male"": 0.05}, ""rho_positive"": {""Female"": 0.8, ""Male"": 0.8}}",equal_opportunity_gap,20,0.01999999999999999,0.016543403837370206,0.0036992175559590655,0.012749533590320222,0.027250466409679756
REALDATA,SEMISYNTHETIC REAL-DATA EXPERIMENT,german,ALL,random_forest,group_threshold_calibrated,post,equal_access,8b1b8b56ce23dea1,"{""alpha_negative"": {""Female"": 0.25, ""Male"": 0.25}, ""alpha_positive"": {""Female"": 0.5, ""Male"": 0.5}, ""contestation_scenario"": ""equal_access"", ""rho_negative"": {""Female"": 0.05, ""Male"": 0.05}, ""rho_positive"": {""Female"": 0.8, ""Male"": 0.8}}",equalized_odds_gap,20,0.11282894736842101,0.076950791666584,0.017206720108890614,0.0791037759549954,0.14655411878184663
REALDATA,SEMISYNTHETIC REAL-DATA EXPERIMENT,german,ALL,random_forest,group_threshold_calibrated,post,equal_access,8b1b8b56ce23dea1,"{""alpha_negative"": {""Female"": 0.25, ""Male"": 0.25}, ""alpha_positive"": {""Female"": 0.5, ""Male"": 0.5}, ""contestation_scenario"": ""equal_access"", ""rho_negative"": {""Female"": 0.05, ""Male"": 0.05}, ""rho_positive"": {""Female"": 0.8, ""Male"": 0.8}}",fpr_gap,20,0.10980861244019136,0.0799422972398275,0.01787564109057481,0.07477235590266473,0.14484486897771798
REALDATA,SEMISYNTHETIC REAL-DATA EXPERIMENT,german,ALL,random_forest,group_threshold_calibrated,post,moderate_first_group,58a445a909825bd5,"{""alpha_negative"": {""Female"": 0.25, ""Male"": 0.25}, ""alpha_positive"": {""Female"": 0.65, ""Male"": 0.35}, ""contestation_scenario"": ""moderate_first_group"", ""rho_negative"": {""Female"": 0.05, ""Male"": 0.05}, ""rho_positive"": {""Female"": 0.8, ""Male"": 0.8}}",demographic_parity_gap,20,0.043817204301075226,0.03650098972605786,0.00816186942734868,0.027819940223471815,0.05981446837867864
REALDATA,SEMISYNTHETIC REAL-DATA EXPERIMENT,german,ALL,random_forest,group_threshold_calibrated,post,moderate_first_group,58a445a909825bd5,"{""alpha_negative"": {""Female"": 0.25, ""Male"": 0.25}, ""alpha_positive"": {""Female"": 0.65, ""Male"": 0.35}, ""contestation_scenario"": ""moderate_first_group"", ""rho_negative"": {""Female"": 0.05, ""Male"": 0.05}, ""rho_positive"": {""Female"": 0.8, ""Male"": 0.8}}",equal_opportunity_gap,20,0.02224999999999999,0.017507517182477256,0.003914799853726473,0.014576992286696101,0.029923007713303876
REALDATA,SEMISYNTHETIC REAL-DATA EXPERIMENT,german,ALL,random_forest,group_threshold_calibrated,post,moderate_first_group,58a445a909825bd5,"{""alpha_negative"": {""Female"": 0.25, ""Male"": 0.25}, ""alpha_positive"": {""Female"": 0.65, ""Male"": 0.35}, ""contestation_scenario"": ""moderate_first_group"", ""rho_negative"": {""Female"": 0.05, ""Male"": 0.05}, ""rho_positive"": {""Female"": 0.8, ""Male"": 0.8}}",equalized_odds_gap,20,0.11195933014354065,0.07786050774300377,0.017410138807600513,0.07783545808064364,0.14608320220643767
REALDATA,SEMISYNTHETIC REAL-DATA EXPERIMENT,german,ALL,random_forest,group_threshold_calibrated,post,moderate_first_group,58a445a909825bd5,"{""alpha_negative"": {""Female"": 0.25, ""Male"": 0.25}, ""alpha_positive"": {""Female"": 0.65, ""Male"": 0.35}, ""contestation_scenario"": ""moderate_first_group"", ""rho_negative"": {""Female"": 0.05, ""Male"": 0.05}, ""rho_positive"": {""Female"": 0.8, ""Male"": 0.8}}",fpr_gap,20,0.11112440191387556,0.07874478942603945,0.017607870203053086,0.0766129763158915,0.1456358275118596
REALDATA,SEMISYNTHETIC REAL-DATA EXPERIMENT,german,ALL,random_forest,group_threshold_calibrated,post,moderate_second_group,f2d18f38dbf44f65,"{""alpha_negative"": {""Female"": 0.25, ""Male"": 0.25}, ""alpha_positive"": {""Female"": 0.35, ""Male"": 0.65}, ""contestation_scenario"": ""moderate_second_group"", ""rho_negative"": {""Female"": 0.05, ""Male"": 0.05}, ""rho_positive"": {""Female"": 0.8, ""Male"": 0.8}}",demographic_parity_gap,20,0.0429289387564282,0.038007889662257564,0.008498822496611944,0.02627124666306879,0.0595866308497876
REALDATA,SEMISYNTHETIC REAL-DATA EXPERIMENT,german,ALL,random_forest,group_threshold_calibrated,post,moderate_second_group,f2d18f38dbf44f65,"{""alpha_negative"": {""Female"": 0.25, ""Male"": 0.25}, ""alpha_positive"": {""Female"": 0.35, ""Male"": 0.65}, ""contestation_scenario"": ""moderate_second_group"", ""rho_negative"": {""Female"": 0.05, ""Male"": 0.05}, ""rho_positive"": {""Female"": 0.8, ""Male"": 0.8}}",equal_opportunity_gap,20,0.01874999999999999,0.02443439120756253,0.005463695972893298,0.008041155893129124,0.029458844106870854
REALDATA,SEMISYNTHETIC REAL-DATA EXPERIMENT,german,ALL,random_forest,group_threshold_calibrated,post,moderate_second_group,f2d18f38dbf44f65,"{""alpha_negative"": {""Female"": 0.25, ""Male"": 0.25}, ""alpha_positive"": {""Female"": 0.35, ""Male"": 0.65}, ""contestation_scenario"": ""moderate_second_group"", ""rho_negative"": {""Female"": 0.05, ""Male"": 0.05}, ""rho_positive"": {""Female"": 0.8, ""Male"": 0.8}}",equalized_odds_gap,20,0.11383014354066981,0.07618229186800404,0.017034878329858647,0.08044178201414687,0.14721850506719275
REALDATA,SEMISYNTHETIC REAL-DATA EXPERIMENT,german,ALL,random_forest,group_threshold_calibrated,post,moderate_second_group,f2d18f38dbf44f65,"{""alpha_negative"": {""Female"": 0.25, ""Male"": 0.25}, ""alpha_positive"": {""Female"": 0.35, ""Male"": 0.65}, ""contestation_scenario"": ""moderate_second_group"", ""rho_negative"": {""Female"": 0.05, ""Male"": 0.05}, ""rho_positive"": {""Female"": 0.8, ""Male"": 0.8}}",fpr_gap,20,0.11112440191387556,0.07874478942603945,0.017607870203053086,0.0766129763158915,0.1456358275118596
REALDATA,SEMISYNTHETIC REAL-DATA EXPERIMENT,german,ALL,random_forest,group_threshold_calibrated,post,strong_first_group,80db5b8b411cb1ee,"{""alpha_negative"": {""Female"": 0.25, ""Male"": 0.25}, ""alpha_positive"": {""Female"": 0.75, ""Male"": 0.25}, ""contestation_scenario"": ""strong_first_group"", ""rho_negative"": {""Female"": 0.05, ""Male"": 0.05}, ""rho_positive"": {""Female"": 0.8, ""Male"": 0.8}}",demographic_parity_gap,20,0.04384057971014488,0.0337455317204828,0.007545730286387497,0.029050948348825385,0.05863021107146437
REALDATA,SEMISYNTHETIC REAL-DATA EXPERIMENT,german,ALL,random_forest,group_threshold_calibrated,post,strong_first_group,80db5b8b411cb1ee,"{""alpha_negative"": {""Female"": 0.25, ""Male"": 0.25}, ""alpha_positive"": {""Female"": 0.75, ""Male"": 0.25}, ""contestation_scenario"": ""strong_first_group"", ""rho_negative"": {""Female"": 0.05, ""Male"": 0.05}, ""rho_positive"": {""Female"": 0.8, ""Male"": 0.8}}",equal_opportunity_gap,20,0.024999999999999984,0.017770466332772752,0.003973597071195127,0.017211749740457534,0.032788250259542434
REALDATA,SEMISYNTHETIC REAL-DATA EXPERIMENT,german,ALL,random_forest,group_threshold_calibrated,post,strong_first_group,80db5b8b411cb1ee,"{""alpha_negative"": {""Female"": 0.25, ""Male"": 0.25}, ""alpha_positive"": {""Female"": 0.75, ""Male"": 0.25}, ""contestation_scenario"": ""strong_first_group"", ""rho_negative"": {""Female"": 0.05, ""Male"": 0.05}, ""rho_positive"": {""Female"": 0.8, ""Male"": 0.8}}",equalized_odds_gap,20,0.1128827751196172,0.07683431940009482,0.017180676118354287,0.07920864992764279,0.1465569003115916
REALDATA,SEMISYNTHETIC REAL-DATA EXPERIMENT,german,ALL,random_forest,group_threshold_calibrated,post,strong_first_group,80db5b8b411cb1ee,"{""alpha_negative"": {""Female"": 0.25, ""Male"": 0.25}, ""alpha_positive"": {""Female"": 0.75, ""Male"": 0.25}, ""contestation_scenario"": ""strong_first_group"", ""rho_negative"": {""Female"": 0.05, ""Male"": 0.05}, ""rho_positive"": {""Female"": 0.8, ""Male"": 0.8}}",fpr_gap,20,0.11112440191387556,0.07874478942603945,0.017607870203053086,0.0766129763158915,0.1456358275118596
REALDATA,SEMISYNTHETIC REAL-DATA EXPERIMENT,german,ALL,random_forest,group_threshold_calibrated,post,strong_second_group,1a6f52e99e976851,"{""alpha_negative"": {""Female"": 0.25, ""Male"": 0.25}, ""alpha_positive"": {""Female"": 0.25, ""Male"": 0.75}, ""contestation_scenario"": ""strong_second_group"", ""rho_negative"": {""Female"": 0.05, ""Male"": 0.05}, ""rho_positive"": {""Female"": 0.8, ""Male"": 0.8}}",demographic_parity_gap,20,0.043735390369331426,0.04263210399384325,0.009532828255407378,0.025051046988732964,0.06241973374992989
REALDATA,SEMISYNTHETIC REAL-DATA EXPERIMENT,german,ALL,random_forest,group_threshold_calibrated,post,strong_second_group,1a6f52e99e976851,"{""alpha_negative"": {""Female"": 0.25, ""Male"": 0.25}, ""alpha_positive"": {""Female"": 0.25, ""Male"": 0.75}, ""contestation_scenario"": ""strong_second_group"", ""rho_negative"": {""Female"": 0.05, ""Male"": 0.05}, ""rho_positive"": {""Female"": 0.8, ""Male"": 0.8}}",equal_opportunity_gap,20,0.01999999999999999,0.025131234497501702,0.005619514869490157,0.008985750855799283,0.031014249144200697
REALDATA,SEMISYNTHETIC REAL-DATA EXPERIMENT,german,ALL,random_forest,group_threshold_calibrated,post,strong_second_group,1a6f52e99e976851,"{""alpha_negative"": {""Female"": 0.25, ""Male"": 0.25}, ""alpha_positive"": {""Female"": 0.25, ""Male"": 0.75}, ""contestation_scenario"": ""strong_second_group"", ""rho_negative"": {""Female"": 0.05, ""Male"": 0.05}, ""rho_positive"": {""Female"": 0.8, ""Male"": 0.8}}",equalized_odds_gap,20,0.111633971291866,0.07811998858482704,0.017468160487718085,0.07739637673593855,0.14587156584779346
REALDATA,SEMISYNTHETIC REAL-DATA EXPERIMENT,german,ALL,random_forest,group_threshold_calibrated,post,strong_second_group,1a6f52e99e976851,"{""alpha_negative"": {""Female"": 0.25, ""Male"": 0.25}, ""alpha_positive"": {""Female"": 0.25, ""Male"": 0.75}, ""contestation_scenario"": ""strong_second_group"", ""rho_negative"": {""Female"": 0.05, ""Male"": 0.05}, ""rho_positive"": {""Female"": 0.8, ""Male"": 0.8}}",fpr_gap,20,0.11112440191387556,0.07874478942603945,0.017607870203053086,0.0766129763158915,0.1456358275118596
REALDATA,SEMISYNTHETIC REAL-DATA EXPERIMENT,german,ALL,random_forest,group_threshold_calibrated,pre,equal_access,8b1b8b56ce23dea1,"{""alpha_negative"": {""Female"": 0.25, ""Male"": 0.25}, ""alpha_positive"": {""Female"": 0.5, ""Male"": 0.5}, ""contestation_scenario"": ""equal_access"", ""rho_negative"": {""Female"": 0.05, ""Male"": 0.05}, ""rho_positive"": {""Female"": 0.8, ""Male"": 0.8}}",demographic_parity_gap,20,0.0503740065451145,0.03999065121709844,0.00894218145859168,0.03284733088627481,0.06790068220395419
REALDATA,SEMISYNTHETIC REAL-DATA EXPERIMENT,german,ALL,random_forest,group_threshold_calibrated,pre,equal_access,8b1b8b56ce23dea1,"{""alpha_negative"": {""Female"": 0.25, ""Male"": 0.25}, ""alpha_positive"": {""Female"": 0.5, ""Male"": 0.5}, ""contestation_scenario"": ""equal_access"", ""rho_negative"": {""Female"": 0.05, ""Male"": 0.05}, ""rho_positive"": {""Female"": 0.8, ""Male"": 0.8}}",equal_opportunity_gap,20,0.02749999999999998,0.02403396719119353,0.0053741584408508415,0.01696664945593233,0.03803335054406763
REALDATA,SEMISYNTHETIC REAL-DATA EXPERIMENT,german,ALL,random_forest,group_threshold_calibrated,pre,equal_access,8b1b8b56ce23dea1,"{""alpha_negative"": {""Female"": 0.25, ""Male"": 0.25}, ""alpha_positive"": {""Female"": 0.5, ""Male"": 0.5}, ""contestation_scenario"": ""equal_access"", ""rho_negative"": {""Female"": 0.05, ""Male"": 0.05}, ""rho_positive"": {""Female"": 0.8, ""Male"": 0.8}}",equalized_odds_gap,20,0.11446052631578944,0.07885968531632903,0.01763356170515537,0.07989874537368491,0.14902230725789398
REALDATA,SEMISYNTHETIC REAL-DATA EXPERIMENT,german,ALL,random_forest,group_threshold_calibrated,pre,equal_access,8b1b8b56ce23dea1,"{""alpha_negative"": {""Female"": 0.25, ""Male"": 0.25}, ""alpha_positive"": {""Female"": 0.5, ""Male"": 0.5}, ""contestation_scenario"": ""equal_access"", ""rho_negative"": {""Female"": 0.05, ""Male"": 0.05}, ""rho_positive"": {""Female"": 0.8, ""Male"": 0.8}}",fpr_gap,20,0.11339712918660283,0.07994041319022119,0.01787521980427554,0.07836169837022278,0.14843256000298288
REALDATA,SEMISYNTHETIC REAL-DATA EXPERIMENT,german,ALL,random_forest,group_threshold_calibrated,pre,moderate_first_group,58a445a909825bd5,"{""alpha_negative"": {""Female"": 0.25, ""Male"": 0.25}, ""alpha_positive"": {""Female"": 0.65, ""Male"": 0.35}, ""contestation_scenario"": ""moderate_first_group"", ""rho_negative"": {""Female"": 0.05, ""Male"": 0.05}, ""rho_positive"": {""Female"": 0.8, ""Male"": 0.8}}",demographic_parity_gap,20,0.0503740065451145,0.03999065121709844,0.00894218145859168,0.03284733088627481,0.06790068220395419
REALDATA,SEMISYNTHETIC REAL-DATA EXPERIMENT,german,ALL,random_forest,group_threshold_calibrated,pre,moderate_first_group,58a445a909825bd5,"{""alpha_negative"": {""Female"": 0.25, ""Male"": 0.25}, ""alpha_positive"": {""Female"": 0.65, ""Male"": 0.35}, ""contestation_scenario"": ""moderate_first_group"", ""rho_negative"": {""Female"": 0.05, ""Male"": 0.05}, ""rho_positive"": {""Female"": 0.8, ""Male"": 0.8}}",equal_opportunity_gap,20,0.02749999999999998,0.02403396719119353,0.0053741584408508415,0.01696664945593233,0.03803335054406763
REALDATA,SEMISYNTHETIC REAL-DATA EXPERIMENT,german,ALL,random_forest,group_threshold_calibrated,pre,moderate_first_group,58a445a909825bd5,"{""alpha_negative"": {""Female"": 0.25, ""Male"": 0.25}, ""alpha_positive"": {""Female"": 0.65, ""Male"": 0.35}, ""contestation_scenario"": ""moderate_first_group"", ""rho_negative"": {""Female"": 0.05, ""Male"": 0.05}, ""rho_positive"": {""Female"": 0.8, ""Male"": 0.8}}",equalized_odds_gap,20,0.11446052631578944,0.07885968531632903,0.01763356170515537,0.07989874537368491,0.14902230725789398
REALDATA,SEMISYNTHETIC REAL-DATA EXPERIMENT,german,ALL,random_forest,group_threshold_calibrated,pre,moderate_first_group,58a445a909825bd5,"{""alpha_negative"": {""Female"": 0.25, ""Male"": 0.25}, ""alpha_positive"": {""Female"": 0.65, ""Male"": 0.35}, ""contestation_scenario"": ""moderate_first_group"", ""rho_negative"": {""Female"": 0.05, ""Male"": 0.05}, ""rho_positive"": {""Female"": 0.8, ""Male"": 0.8}}",fpr_gap,20,0.11339712918660283,0.07994041319022119,0.01787521980427554,0.07836169837022278,0.14843256000298288
REALDATA,SEMISYNTHETIC REAL-DATA EXPERIMENT,german,ALL,random_forest,group_threshold_calibrated,pre,moderate_second_group,f2d18f38dbf44f65,"{""alpha_negative"": {""Female"": 0.25, ""Male"": 0.25}, ""alpha_positive"": {""Female"": 0.35, ""Male"": 0.65}, ""contestation_scenario"": ""moderate_second_group"", ""rho_negative"": {""Female"": 0.05, ""Male"": 0.05}, ""rho_positive"": {""Female"": 0.8, ""Male"": 0.8}}",demographic_parity_gap,20,0.0503740065451145,0.03999065121709844,0.00894218145859168,0.03284733088627481,0.06790068220395419
REALDATA,SEMISYNTHETIC REAL-DATA EXPERIMENT,german,ALL,random_forest,group_threshold_calibrated,pre,moderate_second_group,f2d18f38dbf44f65,"{""alpha_negative"": {""Female"": 0.25, ""Male"": 0.25}, ""alpha_positive"": {""Female"": 0.35, ""Male"": 0.65}, ""contestation_scenario"": ""moderate_second_group"", ""rho_negative"": {""Female"": 0.05, ""Male"": 0.05}, ""rho_positive"": {""Female"": 0.8, ""Male"": 0.8}}",equal_opportunity_gap,20,0.02749999999999998,0.02403396719119353,0.0053741584408508415,0.01696664945593233,0.03803335054406763
REALDATA,SEMISYNTHETIC REAL-DATA EXPERIMENT,german,ALL,random_forest,group_threshold_calibrated,pre,moderate_second_group,f2d18f38dbf44f65,"{""alpha_negative"": {""Female"": 0.25, ""Male"": 0.25}, ""alpha_positive"": {""Female"": 0.35, ""Male"": 0.65}, ""contestation_scenario"": ""moderate_second_group"", ""rho_negative"": {""Female"": 0.05, ""Male"": 0.05}, ""rho_positive"": {""Female"": 0.8, ""Male"": 0.8}}",equalized_odds_gap,20,0.11446052631578944,0.07885968531632903,0.01763356170515537,0.07989874537368491,0.14902230725789398
REALDATA,SEMISYNTHETIC REAL-DATA EXPERIMENT,german,ALL,random_forest,group_threshold_calibrated,pre,moderate_second_group,f2d18f38dbf44f65,"{""alpha_negative"": {""Female"": 0.25, ""Male"": 0.25}, ""alpha_positive"": {""Female"": 0.35, ""Male"": 0.65}, ""contestation_scenario"": ""moderate_second_group"", ""rho_negative"": {""Female"": 0.05, ""Male"": 0.05}, ""rho_positive"": {""Female"": 0.8, ""Male"": 0.8}}",fpr_gap,20,0.11339712918660283,0.07994041319022119,0.01787521980427554,0.07836169837022278,0.14843256000298288
REALDATA,SEMISYNTHETIC REAL-DATA EXPERIMENT,german,ALL,random_forest,group_threshold_calibrated,pre,strong_first_group,80db5b8b411cb1ee,"{""alpha_negative"": {""Female"": 0.25, ""Male"": 0.25}, ""alpha_positive"": {""Female"": 0.75, ""Male"": 0.25}, ""contestation_scenario"": ""strong_first_group"", ""rho_negative"": {""Female"": 0.05, ""Male"": 0.05}, ""rho_positive"": {""Female"": 0.8, ""Male"": 0.8}}",demographic_parity_gap,20,0.0503740065451145,0.03999065121709844,0.00894218145859168,0.03284733088627481,0.06790068220395419
REALDATA,SEMISYNTHETIC REAL-DATA EXPERIMENT,german,ALL,random_forest,group_threshold_calibrated,pre,strong_first_group,80db5b8b411cb1ee,"{""alpha_negative"": {""Female"": 0.25, ""Male"": 0.25}, ""alpha_positive"": {""Female"": 0.75, ""Male"": 0.25}, ""contestation_scenario"": ""strong_first_group"", ""rho_negative"": {""Female"": 0.05, ""Male"": 0.05}, ""rho_positive"": {""Female"": 0.8, ""Male"": 0.8}}",equal_opportunity_gap,20,0.02749999999999998,0.02403396719119353,0.0053741584408508415,0.01696664945593233,0.03803335054406763
REALDATA,SEMISYNTHETIC REAL-DATA EXPERIMENT,german,ALL,random_forest,group_threshold_calibrated,pre,strong_first_group,80db5b8b411cb1ee,"{""alpha_negative"": {""Female"": 0.25, ""Male"": 0.25}, ""alpha_positive"": {""Female"": 0.75, ""Male"": 0.25}, ""contestation_scenario"": ""strong_first_group"", ""rho_negative"": {""Female"": 0.05, ""Male"": 0.05}, ""rho_positive"": {""Female"": 0.8, ""Male"": 0.8}}",equalized_odds_gap,20,0.11446052631578944,0.07885968531632903,0.01763356170515537,0.07989874537368491,0.14902230725789398
REALDATA,SEMISYNTHETIC REAL-DATA EXPERIMENT,german,ALL,random_forest,group_threshold_calibrated,pre,strong_first_group,80db5b8b411cb1ee,"{""alpha_negative"": {""Female"": 0.25, ""Male"": 0.25}, ""alpha_positive"": {""Female"": 0.75, ""Male"": 0.25}, ""contestation_scenario"": ""strong_first_group"", ""rho_negative"": {""Female"": 0.05, ""Male"": 0.05}, ""rho_positive"": {""Female"": 0.8, ""Male"": 0.8}}",fpr_gap,20,0.11339712918660283,0.07994041319022119,0.01787521980427554,0.07836169837022278,0.14843256000298288
REALDATA,SEMISYNTHETIC REAL-DATA EXPERIMENT,german,ALL,random_forest,group_threshold_calibrated,pre,strong_second_group,1a6f52e99e976851,"{""alpha_negative"": {""Female"": 0.25, ""Male"": 0.25}, ""alpha_positive"": {""Female"": 0.25, ""Male"": 0.75}, ""contestation_scenario"": ""strong_second_group"", ""rho_negative"": {""Female"": 0.05, ""Male"": 0.05}, ""rho_positive"": {""Female"": 0.8, ""Male"": 0.8}}",demographic_parity_gap,20,0.0503740065451145,0.03999065121709844,0.00894218145859168,0.03284733088627481,0.06790068220395419
REALDATA,SEMISYNTHETIC REAL-DATA EXPERIMENT,german,ALL,random_forest,group_threshold_calibrated,pre,strong_second_group,1a6f52e99e976851,"{""alpha_negative"": {""Female"": 0.25, ""Male"": 0.25}, ""alpha_positive"": {""Female"": 0.25, ""Male"": 0.75}, ""contestation_scenario"": ""strong_second_group"", ""rho_negative"": {""Female"": 0.05, ""Male"": 0.05}, ""rho_positive"": {""Female"": 0.8, ""Male"": 0.8}}",equal_opportunity_gap,20,0.02749999999999998,0.02403396719119353,0.0053741584408508415,0.01696664945593233,0.03803335054406763
REALDATA,SEMISYNTHETIC REAL-DATA EXPERIMENT,german,ALL,random_forest,group_threshold_calibrated,pre,strong_second_group,1a6f52e99e976851,"{""alpha_negative"": {""Female"": 0.25, ""Male"": 0.25}, ""alpha_positive"": {""Female"": 0.25, ""Male"": 0.75}, ""contestation_scenario"": ""strong_second_group"", ""rho_negative"": {""Female"": 0.05, ""Male"": 0.05}, ""rho_positive"": {""Female"": 0.8, ""Male"": 0.8}}",equalized_odds_gap,20,0.11446052631578944,0.07885968531632903,0.01763356170515537,0.07989874537368491,0.14902230725789398
REALDATA,SEMISYNTHETIC REAL-DATA EXPERIMENT,german,ALL,random_forest,group_threshold_calibrated,pre,strong_second_group,1a6f52e99e976851,"{""alpha_negative"": {""Female"": 0.25, ""Male"": 0.25}, ""alpha_positive"": {""Female"": 0.25, ""Male"": 0.75}, ""contestation_scenario"": ""strong_second_group"", ""rho_negative"": {""Female"": 0.05, ""Male"": 0.05}, ""rho_positive"": {""Female"": 0.8, ""Male"": 0.8}}",fpr_gap,20,0.11339712918660283,0.07994041319022119,0.01787521980427554,0.07836169837022278,0.14843256000298288
REALDATA,SEMISYNTHETIC REAL-DATA EXPERIMENT,german,Female,gradient_boosting,group_threshold_calibrated,post,equal_access,8b1b8b56ce23dea1,"{""alpha_negative"": {""Female"": 0.25, ""Male"": 0.25}, ""alpha_positive"": {""Female"": 0.5, ""Male"": 0.5}, ""contestation_scenario"": ""equal_access"", ""rho_negative"": {""Female"": 0.05, ""Male"": 0.05}, ""rho_positive"": {""Female"": 0.8, ""Male"": 0.8}}",accuracy,20,0.7556451612903226,0.033209648765480264,0.007425903214850584,0.7410903909892154,0.7701999315914297
REALDATA,SEMISYNTHETIC REAL-DATA EXPERIMENT,german,Female,gradient_boosting,group_threshold_calibrated,post,equal_access,8b1b8b56ce23dea1,"{""alpha_negative"": {""Female"": 0.25, ""Male"": 0.25}, ""alpha_positive"": {""Female"": 0.5, ""Male"": 0.5}, ""contestation_scenario"": ""equal_access"", ""rho_negative"": {""Female"": 0.05, ""Male"": 0.05}, ""rho_positive"": {""Female"": 0.8, ""Male"": 0.8}}",fnr,20,0.06624999999999996,0.046079879157370766,0.010303774219085677,0.046054602530592036,0.08644539746940788
REALDATA,SEMISYNTHETIC REAL-DATA EXPERIMENT,german,Female,gradient_boosting,group_threshold_calibrated,post,equal_access,8b1b8b56ce23dea1,"{""alpha_negative"": {""Female"": 0.25, ""Male"": 0.25}, ""alpha_positive"": {""Female"": 0.5, ""Male"": 0.5}, ""contestation_scenario"": ""equal_access"", ""rho_negative"": {""Female"": 0.05, ""Male"": 0.05}, ""rho_positive"": {""Female"": 0.8, ""Male"": 0.8}}",fpr,20,0.5681818181818181,0.10056387347839094,0.022486765717837035,0.5241077573748575,0.6122558789887788
REALDATA,SEMISYNTHETIC REAL-DATA EXPERIMENT,german,Female,gradient_boosting,group_threshold_calibrated,post,equal_access,8b1b8b56ce23dea1,"{""alpha_negative"": {""Female"": 0.25, ""Male"": 0.25}, ""alpha_positive"": {""Female"": 0.5, ""Male"": 0.5}, ""contestation_scenario"": ""equal_access"", ""rho_negative"": {""Female"": 0.05, ""Male"": 0.05}, ""rho_positive"": {""Female"": 0.8, ""Male"": 0.8}}",n,20,62.0,0.0,0.0,62.0,62.0
REALDATA,SEMISYNTHETIC REAL-DATA EXPERIMENT,german,Female,gradient_boosting,group_threshold_calibrated,post,equal_access,8b1b8b56ce23dea1,"{""alpha_negative"": {""Female"": 0.25, ""Male"": 0.25}, ""alpha_positive"": {""Female"": 0.5, ""Male"": 0.5}, ""contestation_scenario"": ""equal_access"", ""rho_negative"": {""Female"": 0.05, ""Male"": 0.05}, ""rho_positive"": {""Female"": 0.8, ""Male"": 0.8}}",positive_rate,20,0.8040322580645162,0.05666948014351307,0.012671680985046976,0.7791957633338241,0.8288687527952082
REALDATA,SEMISYNTHETIC REAL-DATA EXPERIMENT,german,Female,gradient_boosting,group_threshold_calibrated,post,equal_access,8b1b8b56ce23dea1,"{""alpha_negative"": {""Female"": 0.25, ""Male"": 0.25}, ""alpha_positive"": {""Female"": 0.5, ""Male"": 0.5}, ""contestation_scenario"": ""equal_access"", ""rho_negative"": {""Female"": 0.05, ""Male"": 0.05}, ""rho_positive"": {""Female"": 0.8, ""Male"": 0.8}}",prevalence,20,0.6451612903225806,0.0,0.0,0.6451612903225806,0.6451612903225806
REALDATA,SEMISYNTHETIC REAL-DATA EXPERIMENT,german,Female,gradient_boosting,group_threshold_calibrated,post,equal_access,8b1b8b56ce23dea1,"{""alpha_negative"": {""Female"": 0.25, ""Male"": 0.25}, ""alpha_positive"": {""Female"": 0.5, ""Male"": 0.5}, ""contestation_scenario"": ""equal_access"", ""rho_negative"": {""Female"": 0.05, ""Male"": 0.05}, ""rho_positive"": {""Female"": 0.8, ""Male"": 0.8}}",tnr,20,0.4318181818181818,0.10056387347839091,0.022486765717837028,0.38774412101122124,0.4758922426251424
REALDATA,SEMISYNTHETIC REAL-DATA EXPERIMENT,german,Female,gradient_boosting,group_threshold_calibrated,post,equal_access,8b1b8b56ce23dea1,"{""alpha_negative"": {""Female"": 0.25, ""Male"": 0.25}, ""alpha_positive"": {""Female"": 0.5, ""Male"": 0.5}, ""contestation_scenario"": ""equal_access"", ""rho_negative"": {""Female"": 0.05, ""Male"": 0.05}, ""rho_positive"": {""Female"": 0.8, ""Male"": 0.8}}",tpr,20,0.9337500000000001,0.04607987915737079,0.01030377421908568,0.9135546025305922,0.953945397469408
REALDATA,SEMISYNTHETIC REAL-DATA EXPERIMENT,german,Female,gradient_boosting,group_threshold_calibrated,post,moderate_first_group,58a445a909825bd5,"{""alpha_negative"": {""Female"": 0.25, ""Male"": 0.25}, ""alpha_positive"": {""Female"": 0.65, ""Male"": 0.35}, ""contestation_scenario"": ""moderate_first_group"", ""rho_negative"": {""Female"": 0.05, ""Male"": 0.05}, ""rho_positive"": {""Female"": 0.8, ""Male"": 0.8}}",accuracy,20,0.7661290322580645,0.03246959507454203,0.007260422178856833,0.7518986047875051,0.7803594597286239
REALDATA,SEMISYNTHETIC REAL-DATA EXPERIMENT,german,Female,gradient_boosting,group_threshold_calibrated,post,moderate_first_group,58a445a909825bd5,"{""alpha_negative"": {""Female"": 0.25, ""Male"": 0.25}, ""alpha_positive"": {""Female"": 0.65, ""Male"": 0.35}, ""contestation_scenario"": ""moderate_first_group"", ""rho_negative"": {""Female"": 0.05, ""Male"": 0.05}, ""rho_positive"": {""Female"": 0.8, ""Male"": 0.8}}",fnr,20,0.051249999999999976,0.035794552658190856,0.008003905296791054,0.03556234561828951,0.06693765438171044
REALDATA,SEMISYNTHETIC REAL-DATA EXPERIMENT,german,Female,gradient_boosting,group_threshold_calibrated,post,moderate_first_group,58a445a909825bd5,"{""alpha_negative"": {""Female"": 0.25, ""Male"": 0.25}, ""alpha_positive"": {""Female"": 0.65, ""Male"": 0.35}, ""contestation_scenario"": ""moderate_first_group"", ""rho_negative"": {""Female"": 0.05, ""Male"": 0.05}, ""rho_positive"": {""Female"": 0.8, ""Male"": 0.8}}",fpr,20,0.5659090909090909,0.09944933201873943,0.022237546671084775,0.5223234994337648,0.6094946823844171
REALDATA,SEMISYNTHETIC REAL-DATA EXPERIMENT,german,Female,gradient_boosting,group_threshold_calibrated,post,moderate_first_group,58a445a909825bd5,"{""alpha_negative"": {""Female"": 0.25, ""Male"": 0.25}, ""alpha_positive"": {""Female"": 0.65, ""Male"": 0.35}, ""contestation_scenario"": ""moderate_first_group"", ""rho_negative"": {""Female"": 0.05, ""Male"": 0.05}, ""rho_positive"": {""Female"": 0.8, ""Male"": 0.8}}",n,20,62.0,0.0,0.0,62.0,62.0
REALDATA,SEMISYNTHETIC REAL-DATA EXPERIMENT,german,Female,gradient_boosting,group_threshold_calibrated,post,moderate_first_group,58a445a909825bd5,"{""alpha_negative"": {""Female"": 0.25, ""Male"": 0.25}, ""alpha_positive"": {""Female"": 0.65, ""Male"": 0.35}, ""contestation_scenario"": ""moderate_first_group"", ""rho_negative"": {""Female"": 0.05, ""Male"": 0.05}, ""rho_positive"": {""Female"": 0.8, ""Male"": 0.8}}",positive_rate,20,0.8129032258064516,0.050028744681186794,0.011186767393611472,0.7909771617149731,0.83482928989793
REALDATA,SEMISYNTHETIC REAL-DATA EXPERIMENT,german,Female,gradient_boosting,group_threshold_calibrated,post,moderate_first_group,58a445a909825bd5,"{""alpha_negative"": {""Female"": 0.25, ""Male"": 0.25}, ""alpha_positive"": {""Female"": 0.65, ""Male"": 0.35}, ""contestation_scenario"": ""moderate_first_group"", ""rho_negative"": {""Female"": 0.05, ""Male"": 0.05}, ""rho_positive"": {""Female"": 0.8, ""Male"": 0.8}}",prevalence,20,0.6451612903225806,0.0,0.0,0.6451612903225806,0.6451612903225806
REALDATA,SEMISYNTHETIC REAL-DATA EXPERIMENT,german,Female,gradient_boosting,group_threshold_calibrated,post,moderate_first_group,58a445a909825bd5,"{""alpha_negative"": {""Female"": 0.25, ""Male"": 0.25}, ""alpha_positive"": {""Female"": 0.65, ""Male"": 0.35}, ""contestation_scenario"": ""moderate_first_group"", ""rho_negative"": {""Female"": 0.05, ""Male"": 0.05}, ""rho_positive"": {""Female"": 0.8, ""Male"": 0.8}}",tnr,20,0.4340909090909091,0.0994493320187394,0.022237546671084768,0.39050531761558294,0.47767650056623523
REALDATA,SEMISYNTHETIC REAL-DATA EXPERIMENT,german,Female,gradient_boosting,group_threshold_calibrated,post,moderate_first_group,58a445a909825bd5,"{""alpha_negative"": {""Female"": 0.25, ""Male"": 0.25}, ""alpha_positive"": {""Female"": 0.65, ""Male"": 0.35}, ""contestation_scenario"": ""moderate_first_group"", ""rho_negative"": {""Female"": 0.05, ""Male"": 0.05}, ""rho_positive"": {""Female"": 0.8, ""Male"": 0.8}}",tpr,20,0.9487500000000001,0.03579455265819085,0.008003905296791052,0.9330623456182896,0.9644376543817106
REALDATA,SEMISYNTHETIC REAL-DATA EXPERIMENT,german,Female,gradient_boosting,group_threshold_calibrated,post,moderate_second_group,f2d18f38dbf44f65,"{""alpha_negative"": {""Female"": 0.25, ""Male"": 0.25}, ""alpha_positive"": {""Female"": 0.35, ""Male"": 0.65}, ""contestation_scenario"": ""moderate_second_group"", ""rho_negative"": {""Female"": 0.05, ""Male"": 0.05}, ""rho_positive"": {""Female"": 0.8, ""Male"": 0.8}}",accuracy,20,0.7467741935483871,0.037039521775988696,0.008282288854519445,0.7305409073935291,0.7630074797032452
REALDATA,SEMISYNTHETIC REAL-DATA EXPERIMENT,german,Female,gradient_boosting,group_threshold_calibrated,post,moderate_second_group,f2d18f38dbf44f65,"{""alpha_negative"": {""Female"": 0.25, ""Male"": 0.25}, ""alpha_positive"": {""Female"": 0.35, ""Male"": 0.65}, ""contestation_scenario"": ""moderate_second_group"", ""rho_negative"": {""Female"": 0.05, ""Male"": 0.05}, ""rho_positive"": {""Female"": 0.8, ""Male"": 0.8}}",fnr,20,0.07999999999999997,0.057124057057747916,0.012773327473170096,0.05496427815258659,0.10503572184741336
REALDATA,SEMISYNTHETIC REAL-DATA EXPERIMENT,german,Female,gradient_boosting,group_threshold_calibrated,post,moderate_second_group,f2d18f38dbf44f65,"{""alpha_negative"": {""Female"": 0.25, ""Male"": 0.25}, ""alpha_positive"": {""Female"": 0.35, ""Male"": 0.65}, ""contestation_scenario"": ""moderate_second_group"", ""rho_negative"": {""Female"": 0.05, ""Male"": 0.05}, ""rho_positive"": {""Female"": 0.8, ""Male"": 0.8}}",fpr,20,0.5681818181818181,0.10056387347839094,0.022486765717837035,0.5241077573748575,0.6122558789887788
REALDATA,SEMISYNTHETIC REAL-DATA EXPERIMENT,german,Female,gradient_boosting,group_threshold_calibrated,post,moderate_second_group,f2d18f38dbf44f65,"{""alpha_negative"": {""Female"": 0.25, ""Male"": 0.25}, ""alpha_positive"": {""Female"": 0.35, ""Male"": 0.65}, ""contestation_scenario"": ""moderate_second_group"", ""rho_negative"": {""Female"": 0.05, ""Male"": 0.05}, ""rho_positive"": {""Female"": 0.8, ""Male"": 0.8}}",n,20,62.0,0.0,0.0,62.0,62.0
REALDATA,SEMISYNTHETIC REAL-DATA EXPERIMENT,german,Female,gradient_boosting,group_threshold_calibrated,post,moderate_second_group,f2d18f38dbf44f65,"{""alpha_negative"": {""Female"": 0.25, ""Male"": 0.25}, ""alpha_positive"": {""Female"": 0.35, ""Male"": 0.65}, ""contestation_scenario"": ""moderate_second_group"", ""rho_negative"": {""Female"": 0.05, ""Male"": 0.05}, ""rho_positive"": {""Female"": 0.8, ""Male"": 0.8}}",positive_rate,20,0.7951612903225806,0.062379738067283516,0.013948533473707728,0.7678221647141135,0.8225004159310478
REALDATA,SEMISYNTHETIC REAL-DATA EXPERIMENT,german,Female,gradient_boosting,group_threshold_calibrated,post,moderate_second_group,f2d18f38dbf44f65,"{""alpha_negative"": {""Female"": 0.25, ""Male"": 0.25}, ""alpha_positive"": {""Female"": 0.35, ""Male"": 0.65}, ""contestation_scenario"": ""moderate_second_group"", ""rho_negative"": {""Female"": 0.05, ""Male"": 0.05}, ""rho_positive"": {""Female"": 0.8, ""Male"": 0.8}}",prevalence,20,0.6451612903225806,0.0,0.0,0.6451612903225806,0.6451612903225806
REALDATA,SEMISYNTHETIC REAL-DATA EXPERIMENT,german,Female,gradient_boosting,group_threshold_calibrated,post,moderate_second_group,f2d18f38dbf44f65,"{""alpha_negative"": {""Female"": 0.25, ""Male"": 0.25}, ""alpha_positive"": {""Female"": 0.35, ""Male"": 0.65}, ""contestation_scenario"": ""moderate_second_group"", ""rho_negative"": {""Female"": 0.05, ""Male"": 0.05}, ""rho_positive"": {""Female"": 0.8, ""Male"": 0.8}}",tnr,20,0.4318181818181818,0.10056387347839091,0.022486765717837028,0.38774412101122124,0.4758922426251424
REALDATA,SEMISYNTHETIC REAL-DATA EXPERIMENT,german,Female,gradient_boosting,group_threshold_calibrated,post,moderate_second_group,f2d18f38dbf44f65,"{""alpha_negative"": {""Female"": 0.25, ""Male"": 0.25}, ""alpha_positive"": {""Female"": 0.35, ""Male"": 0.65}, ""contestation_scenario"": ""moderate_second_group"", ""rho_negative"": {""Female"": 0.05, ""Male"": 0.05}, ""rho_positive"": {""Female"": 0.8, ""Male"": 0.8}}",tpr,20,0.9199999999999999,0.05712405705774793,0.0127733274731701,0.8949642781525865,0.9450357218474134
REALDATA,SEMISYNTHETIC REAL-DATA EXPERIMENT,german,Female,gradient_boosting,group_threshold_calibrated,post,strong_first_group,80db5b8b411cb1ee,"{""alpha_negative"": {""Female"": 0.25, ""Male"": 0.25}, ""alpha_positive"": {""Female"": 0.75, ""Male"": 0.25}, ""contestation_scenario"": ""strong_first_group"", ""rho_negative"": {""Female"": 0.05, ""Male"": 0.05}, ""rho_positive"": {""Female"": 0.8, ""Male"": 0.8}}",accuracy,20,0.7709677419354839,0.03455331763637405,0.007726356708307474,0.7558240827872013,0.7861114010837665
REALDATA,SEMISYNTHETIC REAL-DATA EXPERIMENT,german,Female,gradient_boosting,group_threshold_calibrated,post,strong_first_group,80db5b8b411cb1ee,"{""alpha_negative"": {""Female"": 0.25, ""Male"": 0.25}, ""alpha_positive"": {""Female"": 0.75, ""Male"": 0.25}, ""contestation_scenario"": ""strong_first_group"", ""rho_negative"": {""Female"": 0.05, ""Male"": 0.05}, ""rho_positive"": {""Female"": 0.8, ""Male"": 0.8}}",fnr,20,0.04374999999999998,0.03429266455242668,0.007668072906882346,0.028720577102510587,0.05877942289748938
REALDATA,SEMISYNTHETIC REAL-DATA EXPERIMENT,german,Female,gradient_boosting,group_threshold_calibrated,post,strong_first_group,80db5b8b411cb1ee,"{""alpha_negative"": {""Female"": 0.25, ""Male"": 0.25}, ""alpha_positive"": {""Female"": 0.75, ""Male"": 0.25}, ""contestation_scenario"": ""strong_first_group"", ""rho_negative"": {""Female"": 0.05, ""Male"": 0.05}, ""rho_positive"": {""Female"": 0.8, ""Male"": 0.8}}",fpr,20,0.5659090909090909,0.09944933201873943,0.022237546671084775,0.5223234994337648,0.6094946823844171
REALDATA,SEMISYNTHETIC REAL-DATA EXPERIMENT,german,Female,gradient_boosting,group_threshold_calibrated,post,strong_first_group,80db5b8b411cb1ee,"{""alpha_negative"": {""Female"": 0.25, ""Male"": 0.25}, ""alpha_positive"": {""Female"": 0.75, ""Male"": 0.25}, ""contestation_scenario"": ""strong_first_group"", ""rho_negative"": {""Female"": 0.05, ""Male"": 0.05}, ""rho_positive"": {""Female"": 0.8, ""Male"": 0.8}}",n,20,62.0,0.0,0.0,62.0,62.0
REALDATA,SEMISYNTHETIC REAL-DATA EXPERIMENT,german,Female,gradient_boosting,group_threshold_calibrated,post,strong_first_group,80db5b8b411cb1ee,"{""alpha_negative"": {""Female"": 0.25, ""Male"": 0.25}, ""alpha_positive"": {""Female"": 0.75, ""Male"": 0.25}, ""contestation_scenario"": ""strong_first_group"", ""rho_negative"": {""Female"": 0.05, ""Male"": 0.05}, ""rho_positive"": {""Female"": 0.8, ""Male"": 0.8}}",positive_rate,20,0.817741935483871,0.04770314580759689,0.010666747676637073,0.7968351100376623,0.8386487609300797
REALDATA,SEMISYNTHETIC REAL-DATA EXPERIMENT,german,Female,gradient_boosting,group_threshold_calibrated,post,strong_first_group,80db5b8b411cb1ee,"{""alpha_negative"": {""Female"": 0.25, ""Male"": 0.25}, ""alpha_positive"": {""Female"": 0.75, ""Male"": 0.25}, ""contestation_scenario"": ""strong_first_group"", ""rho_negative"": {""Female"": 0.05, ""Male"": 0.05}, ""rho_positive"": {""Female"": 0.8, ""Male"": 0.8}}",prevalence,20,0.6451612903225806,0.0,0.0,0.6451612903225806,0.6451612903225806
REALDATA,SEMISYNTHETIC REAL-DATA EXPERIMENT,german,Female,gradient_boosting,group_threshold_calibrated,post,strong_first_group,80db5b8b411cb1ee,"{""alpha_negative"": {""Female"": 0.25, ""Male"": 0.25}, ""alpha_positive"": {""Female"": 0.75, ""Male"": 0.25}, ""contestation_scenario"": ""strong_first_group"", ""rho_negative"": {""Female"": 0.05, ""Male"": 0.05}, ""rho_positive"": {""Female"": 0.8, ""Male"": 0.8}}",tnr,20,0.4340909090909091,0.0994493320187394,0.022237546671084768,0.39050531761558294,0.47767650056623523
REALDATA,SEMISYNTHETIC REAL-DATA EXPERIMENT,german,Female,gradient_boosting,group_threshold_calibrated,post,strong_first_group,80db5b8b411cb1ee,"{""alpha_negative"": {""Female"": 0.25, ""Male"": 0.25}, ""alpha_positive"": {""Female"": 0.75, ""Male"": 0.25}, ""contestation_scenario"": ""strong_first_group"", ""rho_negative"": {""Female"": 0.05, ""Male"": 0.05}, ""rho_positive"": {""Female"": 0.8, ""Male"": 0.8}}",tpr,20,0.95625,0.034292664552426695,0.0076680729068823485,0.9412205771025106,0.9712794228974895
REALDATA,SEMISYNTHETIC REAL-DATA EXPERIMENT,german,Female,gradient_boosting,group_threshold_calibrated,post,strong_second_group,1a6f52e99e976851,"{""alpha_negative"": {""Female"": 0.25, ""Male"": 0.25}, ""alpha_positive"": {""Female"": 0.25, ""Male"": 0.75}, ""contestation_scenario"": ""strong_second_group"", ""rho_negative"": {""Female"": 0.05, ""Male"": 0.05}, ""rho_positive"": {""Female"": 0.8, ""Male"": 0.8}}",accuracy,20,0.742741935483871,0.03680776176190917,0.008230465739924633,0.7266102226336187,0.7588736483341233
REALDATA,SEMISYNTHETIC REAL-DATA EXPERIMENT,german,Female,gradient_boosting,group_threshold_calibrated,post,strong_second_group,1a6f52e99e976851,"{""alpha_negative"": {""Female"": 0.25, ""Male"": 0.25}, ""alpha_positive"": {""Female"": 0.25, ""Male"": 0.75}, ""contestation_scenario"": ""strong_second_group"", ""rho_negative"": {""Female"": 0.05, ""Male"": 0.05}, ""rho_positive"": {""Female"": 0.8, ""Male"": 0.8}}",fnr,20,0.08624999999999997,0.06202450704104151,0.013869101401468315,0.05906656125312207,0.11343343874687786
REALDATA,SEMISYNTHETIC REAL-DATA EXPERIMENT,german,Female,gradient_boosting,group_threshold_calibrated,post,strong_second_group,1a6f52e99e976851,"{""alpha_negative"": {""Female"": 0.25, ""Male"": 0.25}, ""alpha_positive"": {""Female"": 0.25, ""Male"": 0.75}, ""contestation_scenario"": ""strong_second_group"", ""rho_negative"": {""Female"": 0.05, ""Male"": 0.05}, ""rho_positive"": {""Female"": 0.8, ""Male"": 0.8}}",fpr,20,0.5681818181818181,0.10056387347839094,0.022486765717837035,0.5241077573748575,0.6122558789887788
REALDATA,SEMISYNTHETIC REAL-DATA EXPERIMENT,german,Female,gradient_boosting,group_threshold_calibrated,post,strong_second_group,1a6f52e99e976851,"{""alpha_negative"": {""Female"": 0.25, ""Male"": 0.25}, ""alpha_positive"": {""Female"": 0.25, ""Male"": 0.75}, ""contestation_scenario"": ""strong_second_group"", ""rho_negative"": {""Female"": 0.05, ""Male"": 0.05}, ""rho_positive"": {""Female"": 0.8, ""Male"": 0.8}}",n,20,62.0,0.0,0.0,62.0,62.0
REALDATA,SEMISYNTHETIC REAL-DATA EXPERIMENT,german,Female,gradient_boosting,group_threshold_calibrated,post,strong_second_group,1a6f52e99e976851,"{""alpha_negative"": {""Female"": 0.25, ""Male"": 0.25}, ""alpha_positive"": {""Female"": 0.25, ""Male"": 0.75}, ""contestation_scenario"": ""strong_second_group"", ""rho_negative"": {""Female"": 0.05, ""Male"": 0.05}, ""rho_positive"": {""Female"": 0.8, ""Male"": 0.8}}",positive_rate,20,0.7911290322580645,0.06629033290785162,0.014822969063304752,0.7620760128939872,0.8201820516221419
REALDATA,SEMISYNTHETIC REAL-DATA EXPERIMENT,german,Female,gradient_boosting,group_threshold_calibrated,post,strong_second_group,1a6f52e99e976851,"{""alpha_negative"": {""Female"": 0.25, ""Male"": 0.25}, ""alpha_positive"": {""Female"": 0.25, ""Male"": 0.75}, ""contestation_scenario"": ""strong_second_group"", ""rho_negative"": {""Female"": 0.05, ""Male"": 0.05}, ""rho_positive"": {""Female"": 0.8, ""Male"": 0.8}}",prevalence,20,0.6451612903225806,0.0,0.0,0.6451612903225806,0.6451612903225806
REALDATA,SEMISYNTHETIC REAL-DATA EXPERIMENT,german,Female,gradient_boosting,group_threshold_calibrated,post,strong_second_group,1a6f52e99e976851,"{""alpha_negative"": {""Female"": 0.25, ""Male"": 0.25}, ""alpha_positive"": {""Female"": 0.25, ""Male"": 0.75}, ""contestation_scenario"": ""strong_second_group"", ""rho_negative"": {""Female"": 0.05, ""Male"": 0.05}, ""rho_positive"": {""Female"": 0.8, ""Male"": 0.8}}",tnr,20,0.4318181818181818,0.10056387347839091,0.022486765717837028,0.38774412101122124,0.4758922426251424
REALDATA,SEMISYNTHETIC REAL-DATA EXPERIMENT,german,Female,gradient_boosting,group_threshold_calibrated,post,strong_second_group,1a6f52e99e976851,"{""alpha_negative"": {""Female"": 0.25, ""Male"": 0.25}, ""alpha_positive"": {""Female"": 0.25, ""Male"": 0.75}, ""contestation_scenario"": ""strong_second_group"", ""rho_negative"": {""Female"": 0.05, ""Male"": 0.05}, ""rho_positive"": {""Female"": 0.8, ""Male"": 0.8}}",tpr,20,0.91375,0.06202450704104152,0.013869101401468317,0.886566561253122,0.9409334387468778
REALDATA,SEMISYNTHETIC REAL-DATA EXPERIMENT,german,Female,gradient_boosting,group_threshold_calibrated,pre,equal_access,8b1b8b56ce23dea1,"{""alpha_negative"": {""Female"": 0.25, ""Male"": 0.25}, ""alpha_positive"": {""Female"": 0.5, ""Male"": 0.5}, ""contestation_scenario"": ""equal_access"", ""rho_negative"": {""Female"": 0.05, ""Male"": 0.05}, ""rho_positive"": {""Female"": 0.8, ""Male"": 0.8}}",accuracy,20,0.7298387096774194,0.03876446321160251,0.008667997485243302,0.7128494346063425,0.7468279847484962
REALDATA,SEMISYNTHETIC REAL-DATA EXPERIMENT,german,Female,gradient_boosting,group_threshold_calibrated,pre,equal_access,8b1b8b56ce23dea1,"{""alpha_negative"": {""Female"": 0.25, ""Male"": 0.25}, ""alpha_positive"": {""Female"": 0.5, ""Male"": 0.5}, ""contestation_scenario"": ""equal_access"", ""rho_negative"": {""Female"": 0.05, ""Male"": 0.05}, ""rho_positive"": {""Female"": 0.8, ""Male"": 0.8}}",fnr,20,0.10874999999999994,0.06847733009428818,0.015311996500852043,0.07873848685832993,0.13876151314166996
REALDATA,SEMISYNTHETIC REAL-DATA EXPERIMENT,german,Female,gradient_boosting,group_threshold_calibrated,pre,equal_access,8b1b8b56ce23dea1,"{""alpha_negative"": {""Female"": 0.25, ""Male"": 0.25}, ""alpha_positive"": {""Female"": 0.5, ""Male"": 0.5}, ""contestation_scenario"": ""equal_access"", ""rho_negative"": {""Female"": 0.05, ""Male"": 0.05}, ""rho_positive"": {""Female"": 0.8, ""Male"": 0.8}}",fpr,20,0.5636363636363637,0.10365231137264892,0.02317736142542175,0.5182087352425371,0.6090639920301903
REALDATA,SEMISYNTHETIC REAL-DATA EXPERIMENT,german,Female,gradient_boosting,group_threshold_calibrated,pre,equal_access,8b1b8b56ce23dea1,"{""alpha_negative"": {""Female"": 0.25, ""Male"": 0.25}, ""alpha_positive"": {""Female"": 0.5, ""Male"": 0.5}, ""contestation_scenario"": ""equal_access"", ""rho_negative"": {""Female"": 0.05, ""Male"": 0.05}, ""rho_positive"": {""Female"": 0.8, ""Male"": 0.8}}",n,20,62.0,0.0,0.0,62.0,62.0
REALDATA,SEMISYNTHETIC REAL-DATA EXPERIMENT,german,Female,gradient_boosting,group_threshold_calibrated,pre,equal_access,8b1b8b56ce23dea1,"{""alpha_negative"": {""Female"": 0.25, ""Male"": 0.25}, ""alpha_positive"": {""Female"": 0.5, ""Male"": 0.5}, ""contestation_scenario"": ""equal_access"", ""rho_negative"": {""Female"": 0.05, ""Male"": 0.05}, ""rho_positive"": {""Female"": 0.8, ""Male"": 0.8}}",positive_rate,20,0.775,0.07145898048453345,0.015978713796624765,0.7436817209586155,0.8063182790413845
REALDATA,SEMISYNTHETIC REAL-DATA EXPERIMENT,german,Female,gradient_boosting,group_threshold_calibrated,pre,equal_access,8b1b8b56ce23dea1,"{""alpha_negative"": {""Female"": 0.25, ""Male"": 0.25}, ""alpha_positive"": {""Female"": 0.5, ""Male"": 0.5}, ""contestation_scenario"": ""equal_access"", ""rho_negative"": {""Female"": 0.05, ""Male"": 0.05}, ""rho_positive"": {""Female"": 0.8, ""Male"": 0.8}}",prevalence,20,0.6451612903225806,0.0,0.0,0.6451612903225806,0.6451612903225806
REALDATA,SEMISYNTHETIC REAL-DATA EXPERIMENT,german,Female,gradient_boosting,group_threshold_calibrated,pre,equal_access,8b1b8b56ce23dea1,"{""alpha_negative"": {""Female"": 0.25, ""Male"": 0.25}, ""alpha_positive"": {""Female"": 0.5, ""Male"": 0.5}, ""contestation_scenario"": ""equal_access"", ""rho_negative"": {""Female"": 0.05, ""Male"": 0.05}, ""rho_positive"": {""Female"": 0.8, ""Male"": 0.8}}",tnr,20,0.43636363636363634,0.1036523113726489,0.023177361425421747,0.3909360079698097,0.481791264757463
REALDATA,SEMISYNTHETIC REAL-DATA EXPERIMENT,german,Female,gradient_boosting,group_threshold_calibrated,pre,equal_access,8b1b8b56ce23dea1,"{""alpha_negative"": {""Female"": 0.25, ""Male"": 0.25}, ""alpha_positive"": {""Female"": 0.5, ""Male"": 0.5}, ""contestation_scenario"": ""equal_access"", ""rho_negative"": {""Female"": 0.05, ""Male"": 0.05}, ""rho_positive"": {""Female"": 0.8, ""Male"": 0.8}}",tpr,20,0.89125,0.06847733009428819,0.015311996500852047,0.8612384868583299,0.92126151314167
REALDATA,SEMISYNTHETIC REAL-DATA EXPERIMENT,german,Female,gradient_boosting,group_threshold_calibrated,pre,moderate_first_group,58a445a909825bd5,"{""alpha_negative"": {""Female"": 0.25, ""Male"": 0.25}, ""alpha_positive"": {""Female"": 0.65, ""Male"": 0.35}, ""contestation_scenario"": ""moderate_first_group"", ""rho_negative"": {""Female"": 0.05, ""Male"": 0.05}, ""rho_positive"": {""Female"": 0.8, ""Male"": 0.8}}",accuracy,20,0.7298387096774194,0.03876446321160251,0.008667997485243302,0.7128494346063425,0.7468279847484962
REALDATA,SEMISYNTHETIC REAL-DATA EXPERIMENT,german,Female,gradient_boosting,group_threshold_calibrated,pre,moderate_first_group,58a445a909825bd5,"{""alpha_negative"": {""Female"": 0.25, ""Male"": 0.25}, ""alpha_positive"": {""Female"": 0.65, ""Male"": 0.35}, ""contestation_scenario"": ""moderate_first_group"", ""rho_negative"": {""Female"": 0.05, ""Male"": 0.05}, ""rho_positive"": {""Female"": 0.8, ""Male"": 0.8}}",fnr,20,0.10874999999999994,0.06847733009428818,0.015311996500852043,0.07873848685832993,0.13876151314166996
REALDATA,SEMISYNTHETIC REAL-DATA EXPERIMENT,german,Female,gradient_boosting,group_threshold_calibrated,pre,moderate_first_group,58a445a909825bd5,"{""alpha_negative"": {""Female"": 0.25, ""Male"": 0.25}, ""alpha_positive"": {""Female"": 0.65, ""Male"": 0.35}, ""contestation_scenario"": ""moderate_first_group"", ""rho_negative"": {""Female"": 0.05, ""Male"": 0.05}, ""rho_positive"": {""Female"": 0.8, ""Male"": 0.8}}",fpr,20,0.5636363636363637,0.10365231137264892,0.02317736142542175,0.5182087352425371,0.6090639920301903
REALDATA,SEMISYNTHETIC REAL-DATA EXPERIMENT,german,Female,gradient_boosting,group_threshold_calibrated,pre,moderate_first_group,58a445a909825bd5,"{""alpha_negative"": {""Female"": 0.25, ""Male"": 0.25}, ""alpha_positive"": {""Female"": 0.65, ""Male"": 0.35}, ""contestation_scenario"": ""moderate_first_group"", ""rho_negative"": {""Female"": 0.05, ""Male"": 0.05}, ""rho_positive"": {""Female"": 0.8, ""Male"": 0.8}}",n,20,62.0,0.0,0.0,62.0,62.0
REALDATA,SEMISYNTHETIC REAL-DATA EXPERIMENT,german,Female,gradient_boosting,group_threshold_calibrated,pre,moderate_first_group,58a445a909825bd5,"{""alpha_negative"": {""Female"": 0.25, ""Male"": 0.25}, ""alpha_positive"": {""Female"": 0.65, ""Male"": 0.35}, ""contestation_scenario"": ""moderate_first_group"", ""rho_negative"": {""Female"": 0.05, ""Male"": 0.05}, ""rho_positive"": {""Female"": 0.8, ""Male"": 0.8}}",positive_rate,20,0.775,0.07145898048453345,0.015978713796624765,0.7436817209586155,0.8063182790413845
REALDATA,SEMISYNTHETIC REAL-DATA EXPERIMENT,german,Female,gradient_boosting,group_threshold_calibrated,pre,moderate_first_group,58a445a909825bd5,"{""alpha_negative"": {""Female"": 0.25, ""Male"": 0.25}, ""alpha_positive"": {""Female"": 0.65, ""Male"": 0.35}, ""contestation_scenario"": ""moderate_first_group"", ""rho_negative"": {""Female"": 0.05, ""Male"": 0.05}, ""rho_positive"": {""Female"": 0.8, ""Male"": 0.8}}",prevalence,20,0.6451612903225806,0.0,0.0,0.6451612903225806,0.6451612903225806
REALDATA,SEMISYNTHETIC REAL-DATA EXPERIMENT,german,Female,gradient_boosting,group_threshold_calibrated,pre,moderate_first_group,58a445a909825bd5,"{""alpha_negative"": {""Female"": 0.25, ""Male"": 0.25}, ""alpha_positive"": {""Female"": 0.65, ""Male"": 0.35}, ""contestation_scenario"": ""moderate_first_group"", ""rho_negative"": {""Female"": 0.05, ""Male"": 0.05}, ""rho_positive"": {""Female"": 0.8, ""Male"": 0.8}}",tnr,20,0.43636363636363634,0.1036523113726489,0.023177361425421747,0.3909360079698097,0.481791264757463
REALDATA,SEMISYNTHETIC REAL-DATA EXPERIMENT,german,Female,gradient_boosting,group_threshold_calibrated,pre,moderate_first_group,58a445a909825bd5,"{""alpha_negative"": {""Female"": 0.25, ""Male"": 0.25}, ""alpha_positive"": {""Female"": 0.65, ""Male"": 0.35}, ""contestation_scenario"": ""moderate_first_group"", ""rho_negative"": {""Female"": 0.05, ""Male"": 0.05}, ""rho_positive"": {""Female"": 0.8, ""Male"": 0.8}}",tpr,20,0.89125,0.06847733009428819,0.015311996500852047,0.8612384868583299,0.92126151314167
REALDATA,SEMISYNTHETIC REAL-DATA EXPERIMENT,german,Female,gradient_boosting,group_threshold_calibrated,pre,moderate_second_group,f2d18f38dbf44f65,"{""alpha_negative"": {""Female"": 0.25, ""Male"": 0.25}, ""alpha_positive"": {""Female"": 0.35, ""Male"": 0.65}, ""contestation_scenario"": ""moderate_second_group"", ""rho_negative"": {""Female"": 0.05, ""Male"": 0.05}, ""rho_positive"": {""Female"": 0.8, ""Male"": 0.8}}",accuracy,20,0.7298387096774194,0.03876446321160251,0.008667997485243302,0.7128494346063425,0.7468279847484962
REALDATA,SEMISYNTHETIC REAL-DATA EXPERIMENT,german,Female,gradient_boosting,group_threshold_calibrated,pre,moderate_second_group,f2d18f38dbf44f65,"{""alpha_negative"": {""Female"": 0.25, ""Male"": 0.25}, ""alpha_positive"": {""Female"": 0.35, ""Male"": 0.65}, ""contestation_scenario"": ""moderate_second_group"", ""rho_negative"": {""Female"": 0.05, ""Male"": 0.05}, ""rho_positive"": {""Female"": 0.8, ""Male"": 0.8}}",fnr,20,0.10874999999999994,0.06847733009428818,0.015311996500852043,0.07873848685832993,0.13876151314166996
REALDATA,SEMISYNTHETIC REAL-DATA EXPERIMENT,german,Female,gradient_boosting,group_threshold_calibrated,pre,moderate_second_group,f2d18f38dbf44f65,"{""alpha_negative"": {""Female"": 0.25, ""Male"": 0.25}, ""alpha_positive"": {""Female"": 0.35, ""Male"": 0.65}, ""contestation_scenario"": ""moderate_second_group"", ""rho_negative"": {""Female"": 0.05, ""Male"": 0.05}, ""rho_positive"": {""Female"": 0.8, ""Male"": 0.8}}",fpr,20,0.5636363636363637,0.10365231137264892,0.02317736142542175,0.5182087352425371,0.6090639920301903
REALDATA,SEMISYNTHETIC REAL-DATA EXPERIMENT,german,Female,gradient_boosting,group_threshold_calibrated,pre,moderate_second_group,f2d18f38dbf44f65,"{""alpha_negative"": {""Female"": 0.25, ""Male"": 0.25}, ""alpha_positive"": {""Female"": 0.35, ""Male"": 0.65}, ""contestation_scenario"": ""moderate_second_group"", ""rho_negative"": {""Female"": 0.05, ""Male"": 0.05}, ""rho_positive"": {""Female"": 0.8, ""Male"": 0.8}}",n,20,62.0,0.0,0.0,62.0,62.0
REALDATA,SEMISYNTHETIC REAL-DATA EXPERIMENT,german,Female,gradient_boosting,group_threshold_calibrated,pre,moderate_second_group,f2d18f38dbf44f65,"{""alpha_negative"": {""Female"": 0.25, ""Male"": 0.25}, ""alpha_positive"": {""Female"": 0.35, ""Male"": 0.65}, ""contestation_scenario"": ""moderate_second_group"", ""rho_negative"": {""Female"": 0.05, ""Male"": 0.05}, ""rho_positive"": {""Female"": 0.8, ""Male"": 0.8}}",positive_rate,20,0.775,0.07145898048453345,0.015978713796624765,0.7436817209586155,0.8063182790413845
REALDATA,SEMISYNTHETIC REAL-DATA EXPERIMENT,german,Female,gradient_boosting,group_threshold_calibrated,pre,moderate_second_group,f2d18f38dbf44f65,"{""alpha_negative"": {""Female"": 0.25, ""Male"": 0.25}, ""alpha_positive"": {""Female"": 0.35, ""Male"": 0.65}, ""contestation_scenario"": ""moderate_second_group"", ""rho_negative"": {""Female"": 0.05, ""Male"": 0.05}, ""rho_positive"": {""Female"": 0.8, ""Male"": 0.8}}",prevalence,20,0.6451612903225806,0.0,0.0,0.6451612903225806,0.6451612903225806
REALDATA,SEMISYNTHETIC REAL-DATA EXPERIMENT,german,Female,gradient_boosting,group_threshold_calibrated,pre,moderate_second_group,f2d18f38dbf44f65,"{""alpha_negative"": {""Female"": 0.25, ""Male"": 0.25}, ""alpha_positive"": {""Female"": 0.35, ""Male"": 0.65}, ""contestation_scenario"": ""moderate_second_group"", ""rho_negative"": {""Female"": 0.05, ""Male"": 0.05}, ""rho_positive"": {""Female"": 0.8, ""Male"": 0.8}}",tnr,20,0.43636363636363634,0.1036523113726489,0.023177361425421747,0.3909360079698097,0.481791264757463
REALDATA,SEMISYNTHETIC REAL-DATA EXPERIMENT,german,Female,gradient_boosting,group_threshold_calibrated,pre,moderate_second_group,f2d18f38dbf44f65,"{""alpha_negative"": {""Female"": 0.25, ""Male"": 0.25}, ""alpha_positive"": {""Female"": 0.35, ""Male"": 0.65}, ""contestation_scenario"": ""moderate_second_group"", ""rho_negative"": {""Female"": 0.05, ""Male"": 0.05}, ""rho_positive"": {""Female"": 0.8, ""Male"": 0.8}}",tpr,20,0.89125,0.06847733009428819,0.015311996500852047,0.8612384868583299,0.92126151314167
REALDATA,SEMISYNTHETIC REAL-DATA EXPERIMENT,german,Female,gradient_boosting,group_threshold_calibrated,pre,strong_first_group,80db5b8b411cb1ee,"{""alpha_negative"": {""Female"": 0.25, ""Male"": 0.25}, ""alpha_positive"": {""Female"": 0.75, ""Male"": 0.25}, ""contestation_scenario"": ""strong_first_group"", ""rho_negative"": {""Female"": 0.05, ""Male"": 0.05}, ""rho_positive"": {""Female"": 0.8, ""Male"": 0.8}}",accuracy,20,0.7298387096774194,0.03876446321160251,0.008667997485243302,0.7128494346063425,0.7468279847484962
REALDATA,SEMISYNTHETIC REAL-DATA EXPERIMENT,german,Female,gradient_boosting,group_threshold_calibrated,pre,strong_first_group,80db5b8b411cb1ee,"{""alpha_negative"": {""Female"": 0.25, ""Male"": 0.25}, ""alpha_positive"": {""Female"": 0.75, ""Male"": 0.25}, ""contestation_scenario"": ""strong_first_group"", ""rho_negative"": {""Female"": 0.05, ""Male"": 0.05}, ""rho_positive"": {""Female"": 0.8, ""Male"": 0.8}}",fnr,20,0.10874999999999994,0.06847733009428818,0.015311996500852043,0.07873848685832993,0.13876151314166996
REALDATA,SEMISYNTHETIC REAL-DATA EXPERIMENT,german,Female,gradient_boosting,group_threshold_calibrated,pre,strong_first_group,80db5b8b411cb1ee,"{""alpha_negative"": {""Female"": 0.25, ""Male"": 0.25}, ""alpha_positive"": {""Female"": 0.75, ""Male"": 0.25}, ""contestation_scenario"": ""strong_first_group"", ""rho_negative"": {""Female"": 0.05, ""Male"": 0.05}, ""rho_positive"": {""Female"": 0.8, ""Male"": 0.8}}",fpr,20,0.5636363636363637,0.10365231137264892,0.02317736142542175,0.5182087352425371,0.6090639920301903
REALDATA,SEMISYNTHETIC REAL-DATA EXPERIMENT,german,Female,gradient_boosting,group_threshold_calibrated,pre,strong_first_group,80db5b8b411cb1ee,"{""alpha_negative"": {""Female"": 0.25, ""Male"": 0.25}, ""alpha_positive"": {""Female"": 0.75, ""Male"": 0.25}, ""contestation_scenario"": ""strong_first_group"", ""rho_negative"": {""Female"": 0.05, ""Male"": 0.05}, ""rho_positive"": {""Female"": 0.8, ""Male"": 0.8}}",n,20,62.0,0.0,0.0,62.0,62.0
REALDATA,SEMISYNTHETIC REAL-DATA EXPERIMENT,german,Female,gradient_boosting,group_threshold_calibrated,pre,strong_first_group,80db5b8b411cb1ee,"{""alpha_negative"": {""Female"": 0.25, ""Male"": 0.25}, ""alpha_positive"": {""Female"": 0.75, ""Male"": 0.25}, ""contestation_scenario"": ""strong_first_group"", ""rho_negative"": {""Female"": 0.05, ""Male"": 0.05}, ""rho_positive"": {""Female"": 0.8, ""Male"": 0.8}}",positive_rate,20,0.775,0.07145898048453345,0.015978713796624765,0.7436817209586155,0.8063182790413845
REALDATA,SEMISYNTHETIC REAL-DATA EXPERIMENT,german,Female,gradient_boosting,group_threshold_calibrated,pre,strong_first_group,80db5b8b411cb1ee,"{""alpha_negative"": {""Female"": 0.25, ""Male"": 0.25}, ""alpha_positive"": {""Female"": 0.75, ""Male"": 0.25}, ""contestation_scenario"": ""strong_first_group"", ""rho_negative"": {""Female"": 0.05, ""Male"": 0.05}, ""rho_positive"": {""Female"": 0.8, ""Male"": 0.8}}",prevalence,20,0.6451612903225806,0.0,0.0,0.6451612903225806,0.6451612903225806
REALDATA,SEMISYNTHETIC REAL-DATA EXPERIMENT,german,Female,gradient_boosting,group_threshold_calibrated,pre,strong_first_group,80db5b8b411cb1ee,"{""alpha_negative"": {""Female"": 0.25, ""Male"": 0.25}, ""alpha_positive"": {""Female"": 0.75, ""Male"": 0.25}, ""contestation_scenario"": ""strong_first_group"", ""rho_negative"": {""Female"": 0.05, ""Male"": 0.05}, ""rho_positive"": {""Female"": 0.8, ""Male"": 0.8}}",tnr,20,0.43636363636363634,0.1036523113726489,0.023177361425421747,0.3909360079698097,0.481791264757463
REALDATA,SEMISYNTHETIC REAL-DATA EXPERIMENT,german,Female,gradient_boosting,group_threshold_calibrated,pre,strong_first_group,80db5b8b411cb1ee,"{""alpha_negative"": {""Female"": 0.25, ""Male"": 0.25}, ""alpha_positive"": {""Female"": 0.75, ""Male"": 0.25}, ""contestation_scenario"": ""strong_first_group"", ""rho_negative"": {""Female"": 0.05, ""Male"": 0.05}, ""rho_positive"": {""Female"": 0.8, ""Male"": 0.8}}",tpr,20,0.89125,0.06847733009428819,0.015311996500852047,0.8612384868583299,0.92126151314167
REALDATA,SEMISYNTHETIC REAL-DATA EXPERIMENT,german,Female,gradient_boosting,group_threshold_calibrated,pre,strong_second_group,1a6f52e99e976851,"{""alpha_negative"": {""Female"": 0.25, ""Male"": 0.25}, ""alpha_positive"": {""Female"": 0.25, ""Male"": 0.75}, ""contestation_scenario"": ""strong_second_group"", ""rho_negative"": {""Female"": 0.05, ""Male"": 0.05}, ""rho_positive"": {""Female"": 0.8, ""Male"": 0.8}}",accuracy,20,0.7298387096774194,0.03876446321160251,0.008667997485243302,0.7128494346063425,0.7468279847484962
REALDATA,SEMISYNTHETIC REAL-DATA EXPERIMENT,german,Female,gradient_boosting,group_threshold_calibrated,pre,strong_second_group,1a6f52e99e976851,"{""alpha_negative"": {""Female"": 0.25, ""Male"": 0.25}, ""alpha_positive"": {""Female"": 0.25, ""Male"": 0.75}, ""contestation_scenario"": ""strong_second_group"", ""rho_negative"": {""Female"": 0.05, ""Male"": 0.05}, ""rho_positive"": {""Female"": 0.8, ""Male"": 0.8}}",fnr,20,0.10874999999999994,0.06847733009428818,0.015311996500852043,0.07873848685832993,0.13876151314166996
REALDATA,SEMISYNTHETIC REAL-DATA EXPERIMENT,german,Female,gradient_boosting,group_threshold_calibrated,pre,strong_second_group,1a6f52e99e976851,"{""alpha_negative"": {""Female"": 0.25, ""Male"": 0.25}, ""alpha_positive"": {""Female"": 0.25, ""Male"": 0.75}, ""contestation_scenario"": ""strong_second_group"", ""rho_negative"": {""Female"": 0.05, ""Male"": 0.05}, ""rho_positive"": {""Female"": 0.8, ""Male"": 0.8}}",fpr,20,0.5636363636363637,0.10365231137264892,0.02317736142542175,0.5182087352425371,0.6090639920301903
REALDATA,SEMISYNTHETIC REAL-DATA EXPERIMENT,german,Female,gradient_boosting,group_threshold_calibrated,pre,strong_second_group,1a6f52e99e976851,"{""alpha_negative"": {""Female"": 0.25, ""Male"": 0.25}, ""alpha_positive"": {""Female"": 0.25, ""Male"": 0.75}, ""contestation_scenario"": ""strong_second_group"", ""rho_negative"": {""Female"": 0.05, ""Male"": 0.05}, ""rho_positive"": {""Female"": 0.8, ""Male"": 0.8}}",n,20,62.0,0.0,0.0,62.0,62.0
REALDATA,SEMISYNTHETIC REAL-DATA EXPERIMENT,german,Female,gradient_boosting,group_threshold_calibrated,pre,strong_second_group,1a6f52e99e976851,"{""alpha_negative"": {""Female"": 0.25, ""Male"": 0.25}, ""alpha_positive"": {""Female"": 0.25, ""Male"": 0.75}, ""contestation_scenario"": ""strong_second_group"", ""rho_negative"": {""Female"": 0.05, ""Male"": 0.05}, ""rho_positive"": {""Female"": 0.8, ""Male"": 0.8}}",positive_rate,20,0.775,0.07145898048453345,0.015978713796624765,0.7436817209586155,0.8063182790413845
REALDATA,SEMISYNTHETIC REAL-DATA EXPERIMENT,german,Female,gradient_boosting,group_threshold_calibrated,pre,strong_second_group,1a6f52e99e976851,"{""alpha_negative"": {""Female"": 0.25, ""Male"": 0.25}, ""alpha_positive"": {""Female"": 0.25, ""Male"": 0.75}, ""contestation_scenario"": ""strong_second_group"", ""rho_negative"": {""Female"": 0.05, ""Male"": 0.05}, ""rho_positive"": {""Female"": 0.8, ""Male"": 0.8}}",prevalence,20,0.6451612903225806,0.0,0.0,0.6451612903225806,0.6451612903225806
REALDATA,SEMISYNTHETIC REAL-DATA EXPERIMENT,german,Female,gradient_boosting,group_threshold_calibrated,pre,strong_second_group,1a6f52e99e976851,"{""alpha_negative"": {""Female"": 0.25, ""Male"": 0.25}, ""alpha_positive"": {""Female"": 0.25, ""Male"": 0.75}, ""contestation_scenario"": ""strong_second_group"", ""rho_negative"": {""Female"": 0.05, ""Male"": 0.05}, ""rho_positive"": {""Female"": 0.8, ""Male"": 0.8}}",tnr,20,0.43636363636363634,0.1036523113726489,0.023177361425421747,0.3909360079698097,0.481791264757463
REALDATA,SEMISYNTHETIC REAL-DATA EXPERIMENT,german,Female,gradient_boosting,group_threshold_calibrated,pre,strong_second_group,1a6f52e99e976851,"{""alpha_negative"": {""Female"": 0.25, ""Male"": 0.25}, ""alpha_positive"": {""Female"": 0.25, ""Male"": 0.75}, ""contestation_scenario"": ""strong_second_group"", ""rho_negative"": {""Female"": 0.05, ""Male"": 0.05}, ""rho_positive"": {""Female"": 0.8, ""Male"": 0.8}}",tpr,20,0.89125,0.06847733009428819,0.015311996500852047,0.8612384868583299,0.92126151314167
REALDATA,SEMISYNTHETIC REAL-DATA EXPERIMENT,german,Female,gradient_boosting,validation_selected_threshold,frozen_policy,equal_access,8b1b8b56ce23dea1,"{""alpha_negative"": {""Female"": 0.25, ""Male"": 0.25}, ""alpha_positive"": {""Female"": 0.5, ""Male"": 0.5}, ""contestation_scenario"": ""equal_access"", ""rho_negative"": {""Female"": 0.05, ""Male"": 0.05}, ""rho_positive"": {""Female"": 0.8, ""Male"": 0.8}}",decision_threshold,20,0.4335,0.10712879606981694,0.0239547270359823,0.3865487350094747,0.4804512649905253
REALDATA,SEMISYNTHETIC REAL-DATA EXPERIMENT,german,Female,gradient_boosting,validation_selected_threshold,frozen_policy,moderate_first_group,58a445a909825bd5,"{""alpha_negative"": {""Female"": 0.25, ""Male"": 0.25}, ""alpha_positive"": {""Female"": 0.65, ""Male"": 0.35}, ""contestation_scenario"": ""moderate_first_group"", ""rho_negative"": {""Female"": 0.05, ""Male"": 0.05}, ""rho_positive"": {""Female"": 0.8, ""Male"": 0.8}}",decision_threshold,20,0.4335,0.10712879606981694,0.0239547270359823,0.3865487350094747,0.4804512649905253
REALDATA,SEMISYNTHETIC REAL-DATA EXPERIMENT,german,Female,gradient_boosting,validation_selected_threshold,frozen_policy,moderate_second_group,f2d18f38dbf44f65,"{""alpha_negative"": {""Female"": 0.25, ""Male"": 0.25}, ""alpha_positive"": {""Female"": 0.35, ""Male"": 0.65}, ""contestation_scenario"": ""moderate_second_group"", ""rho_negative"": {""Female"": 0.05, ""Male"": 0.05}, ""rho_positive"": {""Female"": 0.8, ""Male"": 0.8}}",decision_threshold,20,0.4335,0.10712879606981694,0.0239547270359823,0.3865487350094747,0.4804512649905253
REALDATA,SEMISYNTHETIC REAL-DATA EXPERIMENT,german,Female,gradient_boosting,validation_selected_threshold,frozen_policy,strong_first_group,80db5b8b411cb1ee,"{""alpha_negative"": {""Female"": 0.25, ""Male"": 0.25}, ""alpha_positive"": {""Female"": 0.75, ""Male"": 0.25}, ""contestation_scenario"": ""strong_first_group"", ""rho_negative"": {""Female"": 0.05, ""Male"": 0.05}, ""rho_positive"": {""Female"": 0.8, ""Male"": 0.8}}",decision_threshold,20,0.4335,0.10712879606981694,0.0239547270359823,0.3865487350094747,0.4804512649905253
REALDATA,SEMISYNTHETIC REAL-DATA EXPERIMENT,german,Female,gradient_boosting,validation_selected_threshold,frozen_policy,strong_second_group,1a6f52e99e976851,"{""alpha_negative"": {""Female"": 0.25, ""Male"": 0.25}, ""alpha_positive"": {""Female"": 0.25, ""Male"": 0.75}, ""contestation_scenario"": ""strong_second_group"", ""rho_negative"": {""Female"": 0.05, ""Male"": 0.05}, ""rho_positive"": {""Female"": 0.8, ""Male"": 0.8}}",decision_threshold,20,0.4335,0.10712879606981694,0.0239547270359823,0.3865487350094747,0.4804512649905253
REALDATA,SEMISYNTHETIC REAL-DATA EXPERIMENT,german,Female,logistic,group_threshold_calibrated,post,equal_access,8b1b8b56ce23dea1,"{""alpha_negative"": {""Female"": 0.25, ""Male"": 0.25}, ""alpha_positive"": {""Female"": 0.5, ""Male"": 0.5}, ""contestation_scenario"": ""equal_access"", ""rho_negative"": {""Female"": 0.05, ""Male"": 0.05}, ""rho_positive"": {""Female"": 0.8, ""Male"": 0.8}}",accuracy,20,0.7451612903225806,0.05143219638851139,0.011500588735683064,0.7226201364006418,0.7677024442445194
REALDATA,SEMISYNTHETIC REAL-DATA EXPERIMENT,german,Female,logistic,group_threshold_calibrated,post,equal_access,8b1b8b56ce23dea1,"{""alpha_negative"": {""Female"": 0.25, ""Male"": 0.25}, ""alpha_positive"": {""Female"": 0.5, ""Male"": 0.5}, ""contestation_scenario"": ""equal_access"", ""rho_negative"": {""Female"": 0.05, ""Male"": 0.05}, ""rho_positive"": {""Female"": 0.8, ""Male"": 0.8}}",fnr,20,0.07249999999999997,0.04435206041615082,0.009917422203269084,0.053061852481592564,0.09193814751840737
REALDATA,SEMISYNTHETIC REAL-DATA EXPERIMENT,german,Female,logistic,group_threshold_calibrated,post,equal_access,8b1b8b56ce23dea1,"{""alpha_negative"": {""Female"": 0.25, ""Male"": 0.25}, ""alpha_positive"": {""Female"": 0.5, ""Male"": 0.5}, ""contestation_scenario"": ""equal_access"", ""rho_negative"": {""Female"": 0.05, ""Male"": 0.05}, ""rho_positive"": {""Female"": 0.8, ""Male"": 0.8}}",fpr,20,0.5863636363636363,0.17874191824033095,0.039967907961408956,0.5080265367592748,0.6647007359679978
REALDATA,SEMISYNTHETIC REAL-DATA EXPERIMENT,german,Female,logistic,group_threshold_calibrated,post,equal_access,8b1b8b56ce23dea1,"{""alpha_negative"": {""Female"": 0.25, ""Male"": 0.25}, ""alpha_positive"": {""Female"": 0.5, ""Male"": 0.5}, ""contestation_scenario"": ""equal_access"", ""rho_negative"": {""Female"": 0.05, ""Male"": 0.05}, ""rho_positive"": {""Female"": 0.8, ""Male"": 0.8}}",n,20,62.0,0.0,0.0,62.0,62.0
REALDATA,SEMISYNTHETIC REAL-DATA EXPERIMENT,german,Female,logistic,group_threshold_calibrated,post,equal_access,8b1b8b56ce23dea1,"{""alpha_negative"": {""Female"": 0.25, ""Male"": 0.25}, ""alpha_positive"": {""Female"": 0.5, ""Male"": 0.5}, ""contestation_scenario"": ""equal_access"", ""rho_negative"": {""Female"": 0.05, ""Male"": 0.05}, ""rho_positive"": {""Female"": 0.8, ""Male"": 0.8}}",positive_rate,20,0.8064516129032258,0.08389055537236298,0.01875849844828138,0.7696849559445943,0.8432182698618572
REALDATA,SEMISYNTHETIC REAL-DATA EXPERIMENT,german,Female,logistic,group_threshold_calibrated,post,equal_access,8b1b8b56ce23dea1,"{""alpha_negative"": {""Female"": 0.25, ""Male"": 0.25}, ""alpha_positive"": {""Female"": 0.5, ""Male"": 0.5}, ""contestation_scenario"": ""equal_access"", ""rho_negative"": {""Female"": 0.05, ""Male"": 0.05}, ""rho_positive"": {""Female"": 0.8, ""Male"": 0.8}}",prevalence,20,0.6451612903225806,0.0,0.0,0.6451612903225806,0.6451612903225806
REALDATA,SEMISYNTHETIC REAL-DATA EXPERIMENT,german,Female,logistic,group_threshold_calibrated,post,equal_access,8b1b8b56ce23dea1,"{""alpha_negative"": {""Female"": 0.25, ""Male"": 0.25}, ""alpha_positive"": {""Female"": 0.5, ""Male"": 0.5}, ""contestation_scenario"": ""equal_access"", ""rho_negative"": {""Female"": 0.05, ""Male"": 0.05}, ""rho_positive"": {""Female"": 0.8, ""Male"": 0.8}}",tnr,20,0.4136363636363636,0.17874191824033095,0.039967907961408956,0.33529926403200205,0.4919734632407251
REALDATA,SEMISYNTHETIC REAL-DATA EXPERIMENT,german,Female,logistic,group_threshold_calibrated,post,equal_access,8b1b8b56ce23dea1,"{""alpha_negative"": {""Female"": 0.25, ""Male"": 0.25}, ""alpha_positive"": {""Female"": 0.5, ""Male"": 0.5}, ""contestation_scenario"": ""equal_access"", ""rho_negative"": {""Female"": 0.05, ""Male"": 0.05}, ""rho_positive"": {""Female"": 0.8, ""Male"": 0.8}}",tpr,20,0.9275,0.04435206041615084,0.00991742220326909,0.9080618524815925,0.9469381475184074
REALDATA,SEMISYNTHETIC REAL-DATA EXPERIMENT,german,Female,logistic,group_threshold_calibrated,post,moderate_first_group,58a445a909825bd5,"{""alpha_negative"": {""Female"": 0.25, ""Male"": 0.25}, ""alpha_positive"": {""Female"": 0.65, ""Male"": 0.35}, ""contestation_scenario"": ""moderate_first_group"", ""rho_negative"": {""Female"": 0.05, ""Male"": 0.05}, ""rho_positive"": {""Female"": 0.8, ""Male"": 0.8}}",accuracy,20,0.757258064516129,0.053230951029863034,0.011902802500973617,0.7339285716142206,0.7805875574180373
REALDATA,SEMISYNTHETIC REAL-DATA EXPERIMENT,german,Female,logistic,group_threshold_calibrated,post,moderate_first_group,58a445a909825bd5,"{""alpha_negative"": {""Female"": 0.25, ""Male"": 0.25}, ""alpha_positive"": {""Female"": 0.65, ""Male"": 0.35}, ""contestation_scenario"": ""moderate_first_group"", ""rho_negative"": {""Female"": 0.05, ""Male"": 0.05}, ""rho_positive"": {""Female"": 0.8, ""Male"": 0.8}}",fnr,20,0.05374999999999998,0.04536039891219744,0.010142893545418098,0.033869928650980506,0.07363007134901944
REALDATA,SEMISYNTHETIC REAL-DATA EXPERIMENT,german,Female,logistic,group_threshold_calibrated,post,moderate_first_group,58a445a909825bd5,"{""alpha_negative"": {""Female"": 0.25, ""Male"": 0.25}, ""alpha_positive"": {""Female"": 0.65, ""Male"": 0.35}, ""contestation_scenario"": ""moderate_first_group"", ""rho_negative"": {""Female"": 0.05, ""Male"": 0.05}, ""rho_positive"": {""Female"": 0.8, ""Male"": 0.8}}",fpr,20,0.5863636363636363,0.17874191824033095,0.039967907961408956,0.5080265367592748,0.6647007359679978
REALDATA,SEMISYNTHETIC REAL-DATA EXPERIMENT,german,Female,logistic,group_threshold_calibrated,post,moderate_first_group,58a445a909825bd5,"{""alpha_negative"": {""Female"": 0.25, ""Male"": 0.25}, ""alpha_positive"": {""Female"": 0.65, ""Male"": 0.35}, ""contestation_scenario"": ""moderate_first_group"", ""rho_negative"": {""Female"": 0.05, ""Male"": 0.05}, ""rho_positive"": {""Female"": 0.8, ""Male"": 0.8}}",n,20,62.0,0.0,0.0,62.0,62.0
REALDATA,SEMISYNTHETIC REAL-DATA EXPERIMENT,german,Female,logistic,group_threshold_calibrated,post,moderate_first_group,58a445a909825bd5,"{""alpha_negative"": {""Female"": 0.25, ""Male"": 0.25}, ""alpha_positive"": {""Female"": 0.65, ""Male"": 0.35}, ""contestation_scenario"": ""moderate_first_group"", ""rho_negative"": {""Female"": 0.05, ""Male"": 0.05}, ""rho_positive"": {""Female"": 0.8, ""Male"": 0.8}}",positive_rate,20,0.8185483870967742,0.08321458578497602,0.018607347053469406,0.7820779868719742,0.8550187873215743
REALDATA,SEMISYNTHETIC REAL-DATA EXPERIMENT,german,Female,logistic,group_threshold_calibrated,post,moderate_first_group,58a445a909825bd5,"{""alpha_negative"": {""Female"": 0.25, ""Male"": 0.25}, ""alpha_positive"": {""Female"": 0.65, ""Male"": 0.35}, ""contestation_scenario"": ""moderate_first_group"", ""rho_negative"": {""Female"": 0.05, ""Male"": 0.05}, ""rho_positive"": {""Female"": 0.8, ""Male"": 0.8}}",prevalence,20,0.6451612903225806,0.0,0.0,0.6451612903225806,0.6451612903225806
REALDATA,SEMISYNTHETIC REAL-DATA EXPERIMENT,german,Female,logistic,group_threshold_calibrated,post,moderate_first_group,58a445a909825bd5,"{""alpha_negative"": {""Female"": 0.25, ""Male"": 0.25}, ""alpha_positive"": {""Female"": 0.65, ""Male"": 0.35}, ""contestation_scenario"": ""moderate_first_group"", ""rho_negative"": {""Female"": 0.05, ""Male"": 0.05}, ""rho_positive"": {""Female"": 0.8, ""Male"": 0.8}}",tnr,20,0.4136363636363636,0.17874191824033095,0.039967907961408956,0.33529926403200205,0.4919734632407251
REALDATA,SEMISYNTHETIC REAL-DATA EXPERIMENT,german,Female,logistic,group_threshold_calibrated,post,moderate_first_group,58a445a909825bd5,"{""alpha_negative"": {""Female"": 0.25, ""Male"": 0.25}, ""alpha_positive"": {""Female"": 0.65, ""Male"": 0.35}, ""contestation_scenario"": ""moderate_first_group"", ""rho_negative"": {""Female"": 0.05, ""Male"": 0.05}, ""rho_positive"": {""Female"": 0.8, ""Male"": 0.8}}",tpr,20,0.94625,0.045360398912197446,0.0101428935454181,0.9263699286509806,0.9661300713490195
REALDATA,SEMISYNTHETIC REAL-DATA EXPERIMENT,german,Female,logistic,group_threshold_calibrated,post,moderate_second_group,f2d18f38dbf44f65,"{""alpha_negative"": {""Female"": 0.25, ""Male"": 0.25}, ""alpha_positive"": {""Female"": 0.35, ""Male"": 0.65}, ""contestation_scenario"": ""moderate_second_group"", ""rho_negative"": {""Female"": 0.05, ""Male"": 0.05}, ""rho_positive"": {""Female"": 0.8, ""Male"": 0.8}}",accuracy,20,0.7346774193548387,0.054501861686767274,0.012186986763190296,0.7107909252989857,0.7585639134106916
REALDATA,SEMISYNTHETIC REAL-DATA EXPERIMENT,german,Female,logistic,group_threshold_calibrated,post,moderate_second_group,f2d18f38dbf44f65,"{""alpha_negative"": {""Female"": 0.25, ""Male"": 0.25}, ""alpha_positive"": {""Female"": 0.35, ""Male"": 0.65}, ""contestation_scenario"": ""moderate_second_group"", ""rho_negative"": {""Female"": 0.05, ""Male"": 0.05}, ""rho_positive"": {""Female"": 0.8, ""Male"": 0.8}}",fnr,20,0.08749999999999994,0.04966996338993913,0.011106541457982977,0.0657311787423533,0.10926882125764657
REALDATA,SEMISYNTHETIC REAL-DATA EXPERIMENT,german,Female,logistic,group_threshold_calibrated,post,moderate_second_group,f2d18f38dbf44f65,"{""alpha_negative"": {""Female"": 0.25, ""Male"": 0.25}, ""alpha_positive"": {""Female"": 0.35, ""Male"": 0.65}, ""contestation_scenario"": ""moderate_second_group"", ""rho_negative"": {""Female"": 0.05, ""Male"": 0.05}, ""rho_positive"": {""Female"": 0.8, ""Male"": 0.8}}",fpr,20,0.5886363636363636,0.17909139484547829,0.04004605330597449,0.5101460991566537,0.6671266281160736
REALDATA,SEMISYNTHETIC REAL-DATA EXPERIMENT,german,Female,logistic,group_threshold_calibrated,post,moderate_second_group,f2d18f38dbf44f65,"{""alpha_negative"": {""Female"": 0.25, ""Male"": 0.25}, ""alpha_positive"": {""Female"": 0.35, ""Male"": 0.65}, ""contestation_scenario"": ""moderate_second_group"", ""rho_negative"": {""Female"": 0.05, ""Male"": 0.05}, ""rho_positive"": {""Female"": 0.8, ""Male"": 0.8}}",n,20,62.0,0.0,0.0,62.0,62.0
REALDATA,SEMISYNTHETIC REAL-DATA EXPERIMENT,german,Female,logistic,group_threshold_calibrated,post,moderate_second_group,f2d18f38dbf44f65,"{""alpha_negative"": {""Female"": 0.25, ""Male"": 0.25}, ""alpha_positive"": {""Female"": 0.35, ""Male"": 0.65}, ""contestation_scenario"": ""moderate_second_group"", ""rho_negative"": {""Female"": 0.05, ""Male"": 0.05}, ""rho_positive"": {""Female"": 0.8, ""Male"": 0.8}}",positive_rate,20,0.7975806451612903,0.08461777347925462,0.01892110936042922,0.7604952708148491,0.8346660195077316
REALDATA,SEMISYNTHETIC REAL-DATA EXPERIMENT,german,Female,logistic,group_threshold_calibrated,post,moderate_second_group,f2d18f38dbf44f65,"{""alpha_negative"": {""Female"": 0.25, ""Male"": 0.25}, ""alpha_positive"": {""Female"": 0.35, ""Male"": 0.65}, ""contestation_scenario"": ""moderate_second_group"", ""rho_negative"": {""Female"": 0.05, ""Male"": 0.05}, ""rho_positive"": {""Female"": 0.8, ""Male"": 0.8}}",prevalence,20,0.6451612903225806,0.0,0.0,0.6451612903225806,0.6451612903225806
REALDATA,SEMISYNTHETIC REAL-DATA EXPERIMENT,german,Female,logistic,group_threshold_calibrated,post,moderate_second_group,f2d18f38dbf44f65,"{""alpha_negative"": {""Female"": 0.25, ""Male"": 0.25}, ""alpha_positive"": {""Female"": 0.35, ""Male"": 0.65}, ""contestation_scenario"": ""moderate_second_group"", ""rho_negative"": {""Female"": 0.05, ""Male"": 0.05}, ""rho_positive"": {""Female"": 0.8, ""Male"": 0.8}}",tnr,20,0.4113636363636363,0.1790913948454783,0.040046053305974494,0.3328733718839263,0.48985390084334635
REALDATA,SEMISYNTHETIC REAL-DATA EXPERIMENT,german,Female,logistic,group_threshold_calibrated,post,moderate_second_group,f2d18f38dbf44f65,"{""alpha_negative"": {""Female"": 0.25, ""Male"": 0.25}, ""alpha_positive"": {""Female"": 0.35, ""Male"": 0.65}, ""contestation_scenario"": ""moderate_second_group"", ""rho_negative"": {""Female"": 0.05, ""Male"": 0.05}, ""rho_positive"": {""Female"": 0.8, ""Male"": 0.8}}",tpr,20,0.9125,0.049669963389939134,0.011106541457982979,0.8907311787423533,0.9342688212576467
REALDATA,SEMISYNTHETIC REAL-DATA EXPERIMENT,german,Female,logistic,group_threshold_calibrated,post,strong_first_group,80db5b8b411cb1ee,"{""alpha_negative"": {""Female"": 0.25, ""Male"": 0.25}, ""alpha_positive"": {""Female"": 0.75, ""Male"": 0.25}, ""contestation_scenario"": ""strong_first_group"", ""rho_negative"": {""Female"": 0.05, ""Male"": 0.05}, ""rho_positive"": {""Female"": 0.8, ""Male"": 0.8}}",accuracy,20,0.7620967741935484,0.05409841881047878,0.012096774193548385,0.7383870967741936,0.7858064516129032
REALDATA,SEMISYNTHETIC REAL-DATA EXPERIMENT,german,Female,logistic,group_threshold_calibrated,post,strong_first_group,80db5b8b411cb1ee,"{""alpha_negative"": {""Female"": 0.25, ""Male"": 0.25}, ""alpha_positive"": {""Female"": 0.75, ""Male"": 0.25}, ""contestation_scenario"": ""strong_first_group"", ""rho_negative"": {""Female"": 0.05, ""Male"": 0.05}, ""rho_positive"": {""Female"": 0.8, ""Male"": 0.8}}",fnr,20,0.046249999999999986,0.042360452012895726,0.009472085025845263,0.02768471334934327,0.0648152866506567
REALDATA,SEMISYNTHETIC REAL-DATA EXPERIMENT,german,Female,logistic,group_threshold_calibrated,post,strong_first_group,80db5b8b411cb1ee,"{""alpha_negative"": {""Female"": 0.25, ""Male"": 0.25}, ""alpha_positive"": {""Female"": 0.75, ""Male"": 0.25}, ""contestation_scenario"": ""strong_first_group"", ""rho_negative"": {""Female"": 0.05, ""Male"": 0.05}, ""rho_positive"": {""Female"": 0.8, ""Male"": 0.8}}",fpr,20,0.5863636363636363,0.17874191824033095,0.039967907961408956,0.5080265367592748,0.6647007359679978
REALDATA,SEMISYNTHETIC REAL-DATA EXPERIMENT,german,Female,logistic,group_threshold_calibrated,post,strong_first_group,80db5b8b411cb1ee,"{""alpha_negative"": {""Female"": 0.25, ""Male"": 0.25}, ""alpha_positive"": {""Female"": 0.75, ""Male"": 0.25}, ""contestation_scenario"": ""strong_first_group"", ""rho_negative"": {""Female"": 0.05, ""Male"": 0.05}, ""rho_positive"": {""Female"": 0.8, ""Male"": 0.8}}",n,20,62.0,0.0,0.0,62.0,62.0
REALDATA,SEMISYNTHETIC REAL-DATA EXPERIMENT,german,Female,logistic,group_threshold_calibrated,post,strong_first_group,80db5b8b411cb1ee,"{""alpha_negative"": {""Female"": 0.25, ""Male"": 0.25}, ""alpha_positive"": {""Female"": 0.75, ""Male"": 0.25}, ""contestation_scenario"": ""strong_first_group"", ""rho_negative"": {""Female"": 0.05, ""Male"": 0.05}, ""rho_positive"": {""Female"": 0.8, ""Male"": 0.8}}",positive_rate,20,0.8233870967741936,0.08131723353304092,0.018183086192210488,0.7877482478374611,0.8590259457109262
REALDATA,SEMISYNTHETIC REAL-DATA EXPERIMENT,german,Female,logistic,group_threshold_calibrated,post,strong_first_group,80db5b8b411cb1ee,"{""alpha_negative"": {""Female"": 0.25, ""Male"": 0.25}, ""alpha_positive"": {""Female"": 0.75, ""Male"": 0.25}, ""contestation_scenario"": ""strong_first_group"", ""rho_negative"": {""Female"": 0.05, ""Male"": 0.05}, ""rho_positive"": {""Female"": 0.8, ""Male"": 0.8}}",prevalence,20,0.6451612903225806,0.0,0.0,0.6451612903225806,0.6451612903225806
REALDATA,SEMISYNTHETIC REAL-DATA EXPERIMENT,german,Female,logistic,group_threshold_calibrated,post,strong_first_group,80db5b8b411cb1ee,"{""alpha_negative"": {""Female"": 0.25, ""Male"": 0.25}, ""alpha_positive"": {""Female"": 0.75, ""Male"": 0.25}, ""contestation_scenario"": ""strong_first_group"", ""rho_negative"": {""Female"": 0.05, ""Male"": 0.05}, ""rho_positive"": {""Female"": 0.8, ""Male"": 0.8}}",tnr,20,0.4136363636363636,0.17874191824033095,0.039967907961408956,0.33529926403200205,0.4919734632407251
REALDATA,SEMISYNTHETIC REAL-DATA EXPERIMENT,german,Female,logistic,group_threshold_calibrated,post,strong_first_group,80db5b8b411cb1ee,"{""alpha_negative"": {""Female"": 0.25, ""Male"": 0.25}, ""alpha_positive"": {""Female"": 0.75, ""Male"": 0.25}, ""contestation_scenario"": ""strong_first_group"", ""rho_negative"": {""Female"": 0.05, ""Male"": 0.05}, ""rho_positive"": {""Female"": 0.8, ""Male"": 0.8}}",tpr,20,0.95375,0.04236045201289573,0.009472085025845265,0.9351847133493433,0.9723152866506567
REALDATA,SEMISYNTHETIC REAL-DATA EXPERIMENT,german,Female,logistic,group_threshold_calibrated,post,strong_second_group,1a6f52e99e976851,"{""alpha_negative"": {""Female"": 0.25, ""Male"": 0.25}, ""alpha_positive"": {""Female"": 0.25, ""Male"": 0.75}, ""contestation_scenario"": ""strong_second_group"", ""rho_negative"": {""Female"": 0.05, ""Male"": 0.05}, ""rho_positive"": {""Female"": 0.8, ""Male"": 0.8}}",accuracy,20,0.728225806451613,0.052401394337217605,0.01171730798537911,0.7052598828002699,0.751191730102956
REALDATA,SEMISYNTHETIC REAL-DATA EXPERIMENT,german,Female,logistic,group_threshold_calibrated,post,strong_second_group,1a6f52e99e976851,"{""alpha_negative"": {""Female"": 0.25, ""Male"": 0.25}, ""alpha_positive"": {""Female"": 0.25, ""Male"": 0.75}, ""contestation_scenario"": ""strong_second_group"", ""rho_negative"": {""Female"": 0.05, ""Male"": 0.05}, ""rho_positive"": {""Female"": 0.8, ""Male"": 0.8}}",fnr,20,0.09749999999999998,0.05613658156205885,0.01255252123972249,0.0728970583701439,0.12210294162985605
REALDATA,SEMISYNTHETIC REAL-DATA EXPERIMENT,german,Female,logistic,group_threshold_calibrated,post,strong_second_group,1a6f52e99e976851,"{""alpha_negative"": {""Female"": 0.25, ""Male"": 0.25}, ""alpha_positive"": {""Female"": 0.25, ""Male"": 0.75}, ""contestation_scenario"": ""strong_second_group"", ""rho_negative"": {""Female"": 0.05, ""Male"": 0.05}, ""rho_positive"": {""Female"": 0.8, ""Male"": 0.8}}",fpr,20,0.5886363636363636,0.17909139484547829,0.04004605330597449,0.5101460991566537,0.6671266281160736
REALDATA,SEMISYNTHETIC REAL-DATA EXPERIMENT,german,Female,logistic,group_threshold_calibrated,post,strong_second_group,1a6f52e99e976851,"{""alpha_negative"": {""Female"": 0.25, ""Male"": 0.25}, ""alpha_positive"": {""Female"": 0.25, ""Male"": 0.75}, ""contestation_scenario"": ""strong_second_group"", ""rho_negative"": {""Female"": 0.05, ""Male"": 0.05}, ""rho_positive"": {""Female"": 0.8, ""Male"": 0.8}}",n,20,62.0,0.0,0.0,62.0,62.0
REALDATA,SEMISYNTHETIC REAL-DATA EXPERIMENT,german,Female,logistic,group_threshold_calibrated,post,strong_second_group,1a6f52e99e976851,"{""alpha_negative"": {""Female"": 0.25, ""Male"": 0.25}, ""alpha_positive"": {""Female"": 0.25, ""Male"": 0.75}, ""contestation_scenario"": ""strong_second_group"", ""rho_negative"": {""Female"": 0.05, ""Male"": 0.05}, ""rho_positive"": {""Female"": 0.8, ""Male"": 0.8}}",positive_rate,20,0.7911290322580645,0.08918686288523375,0.01994278881113357,0.7520411661882427,0.8302168983278864
REALDATA,SEMISYNTHETIC REAL-DATA EXPERIMENT,german,Female,logistic,group_threshold_calibrated,post,strong_second_group,1a6f52e99e976851,"{""alpha_negative"": {""Female"": 0.25, ""Male"": 0.25}, ""alpha_positive"": {""Female"": 0.25, ""Male"": 0.75}, ""contestation_scenario"": ""strong_second_group"", ""rho_negative"": {""Female"": 0.05, ""Male"": 0.05}, ""rho_positive"": {""Female"": 0.8, ""Male"": 0.8}}",prevalence,20,0.6451612903225806,0.0,0.0,0.6451612903225806,0.6451612903225806
REALDATA,SEMISYNTHETIC REAL-DATA EXPERIMENT,german,Female,logistic,group_threshold_calibrated,post,strong_second_group,1a6f52e99e976851,"{""alpha_negative"": {""Female"": 0.25, ""Male"": 0.25}, ""alpha_positive"": {""Female"": 0.25, ""Male"": 0.75}, ""contestation_scenario"": ""strong_second_group"", ""rho_negative"": {""Female"": 0.05, ""Male"": 0.05}, ""rho_positive"": {""Female"": 0.8, ""Male"": 0.8}}",tnr,20,0.4113636363636363,0.1790913948454783,0.040046053305974494,0.3328733718839263,0.48985390084334635
REALDATA,SEMISYNTHETIC REAL-DATA EXPERIMENT,german,Female,logistic,group_threshold_calibrated,post,strong_second_group,1a6f52e99e976851,"{""alpha_negative"": {""Female"": 0.25, ""Male"": 0.25}, ""alpha_positive"": {""Female"": 0.25, ""Male"": 0.75}, ""contestation_scenario"": ""strong_second_group"", ""rho_negative"": {""Female"": 0.05, ""Male"": 0.05}, ""rho_positive"": {""Female"": 0.8, ""Male"": 0.8}}",tpr,20,0.9025000000000001,0.05613658156205883,0.012552521239722485,0.877897058370144,0.9271029416298562
REALDATA,SEMISYNTHETIC REAL-DATA EXPERIMENT,german,Female,logistic,group_threshold_calibrated,pre,equal_access,8b1b8b56ce23dea1,"{""alpha_negative"": {""Female"": 0.25, ""Male"": 0.25}, ""alpha_positive"": {""Female"": 0.5, ""Male"": 0.5}, ""contestation_scenario"": ""equal_access"", ""rho_negative"": {""Female"": 0.05, ""Male"": 0.05}, ""rho_positive"": {""Female"": 0.8, ""Male"": 0.8}}",accuracy,20,0.7169354838709677,0.051664606954934585,0.011552557318204214,0.6942924715272875,0.739578496214648
REALDATA,SEMISYNTHETIC REAL-DATA EXPERIMENT,german,Female,logistic,group_threshold_calibrated,pre,equal_access,8b1b8b56ce23dea1,"{""alpha_negative"": {""Female"": 0.25, ""Male"": 0.25}, ""alpha_positive"": {""Female"": 0.5, ""Male"": 0.5}, ""contestation_scenario"": ""equal_access"", ""rho_negative"": {""Female"": 0.05, ""Male"": 0.05}, ""rho_positive"": {""Female"": 0.8, ""Male"": 0.8}}",fnr,20,0.11749999999999997,0.06887249852177268,0.01540035884749375,0.08731529665891222,0.14768470334108771
REALDATA,SEMISYNTHETIC REAL-DATA EXPERIMENT,german,Female,logistic,group_threshold_calibrated,pre,equal_access,8b1b8b56ce23dea1,"{""alpha_negative"": {""Female"": 0.25, ""Male"": 0.25}, ""alpha_positive"": {""Female"": 0.5, ""Male"": 0.5}, ""contestation_scenario"": ""equal_access"", ""rho_negative"": {""Female"": 0.05, ""Male"": 0.05}, ""rho_positive"": {""Female"": 0.8, ""Male"": 0.8}}",fpr,20,0.5840909090909091,0.17590565999398894,0.03933370133735245,0.5069968544696983,0.6611849637121199
REALDATA,SEMISYNTHETIC REAL-DATA EXPERIMENT,german,Female,logistic,group_threshold_calibrated,pre,equal_access,8b1b8b56ce23dea1,"{""alpha_negative"": {""Female"": 0.25, ""Male"": 0.25}, ""alpha_positive"": {""Female"": 0.5, ""Male"": 0.5}, ""contestation_scenario"": ""equal_access"", ""rho_negative"": {""Female"": 0.05, ""Male"": 0.05}, ""rho_positive"": {""Female"": 0.8, ""Male"": 0.8}}",n,20,62.0,0.0,0.0,62.0,62.0
REALDATA,SEMISYNTHETIC REAL-DATA EXPERIMENT,german,Female,logistic,group_threshold_calibrated,pre,equal_access,8b1b8b56ce23dea1,"{""alpha_negative"": {""Female"": 0.25, ""Male"": 0.25}, ""alpha_positive"": {""Female"": 0.5, ""Male"": 0.5}, ""contestation_scenario"": ""equal_access"", ""rho_negative"": {""Female"": 0.05, ""Male"": 0.05}, ""rho_positive"": {""Female"": 0.8, ""Male"": 0.8}}",positive_rate,20,0.7766129032258065,0.09524470459985131,0.021297363398215443,0.7348700709653042,0.8183557354863087
REALDATA,SEMISYNTHETIC REAL-DATA EXPERIMENT,german,Female,logistic,group_threshold_calibrated,pre,equal_access,8b1b8b56ce23dea1,"{""alpha_negative"": {""Female"": 0.25, ""Male"": 0.25}, ""alpha_positive"": {""Female"": 0.5, ""Male"": 0.5}, ""contestation_scenario"": ""equal_access"", ""rho_negative"": {""Female"": 0.05, ""Male"": 0.05}, ""rho_positive"": {""Female"": 0.8, ""Male"": 0.8}}",prevalence,20,0.6451612903225806,0.0,0.0,0.6451612903225806,0.6451612903225806
REALDATA,SEMISYNTHETIC REAL-DATA EXPERIMENT,german,Female,logistic,group_threshold_calibrated,pre,equal_access,8b1b8b56ce23dea1,"{""alpha_negative"": {""Female"": 0.25, ""Male"": 0.25}, ""alpha_positive"": {""Female"": 0.5, ""Male"": 0.5}, ""contestation_scenario"": ""equal_access"", ""rho_negative"": {""Female"": 0.05, ""Male"": 0.05}, ""rho_positive"": {""Female"": 0.8, ""Male"": 0.8}}",tnr,20,0.41590909090909084,0.17590565999398897,0.03933370133735246,0.33881503628788,0.49300314553030167
REALDATA,SEMISYNTHETIC REAL-DATA EXPERIMENT,german,Female,logistic,group_threshold_calibrated,pre,equal_access,8b1b8b56ce23dea1,"{""alpha_negative"": {""Female"": 0.25, ""Male"": 0.25}, ""alpha_positive"": {""Female"": 0.5, ""Male"": 0.5}, ""contestation_scenario"": ""equal_access"", ""rho_negative"": {""Female"": 0.05, ""Male"": 0.05}, ""rho_positive"": {""Female"": 0.8, ""Male"": 0.8}}",tpr,20,0.8825,0.06887249852177268,0.01540035884749375,0.8523152966589123,0.9126847033410876
REALDATA,SEMISYNTHETIC REAL-DATA EXPERIMENT,german,Female,logistic,group_threshold_calibrated,pre,moderate_first_group,58a445a909825bd5,"{""alpha_negative"": {""Female"": 0.25, ""Male"": 0.25}, ""alpha_positive"": {""Female"": 0.65, ""Male"": 0.35}, ""contestation_scenario"": ""moderate_first_group"", ""rho_negative"": {""Female"": 0.05, ""Male"": 0.05}, ""rho_positive"": {""Female"": 0.8, ""Male"": 0.8}}",accuracy,20,0.7169354838709677,0.051664606954934585,0.011552557318204214,0.6942924715272875,0.739578496214648
REALDATA,SEMISYNTHETIC REAL-DATA EXPERIMENT,german,Female,logistic,group_threshold_calibrated,pre,moderate_first_group,58a445a909825bd5,"{""alpha_negative"": {""Female"": 0.25, ""Male"": 0.25}, ""alpha_positive"": {""Female"": 0.65, ""Male"": 0.35}, ""contestation_scenario"": ""moderate_first_group"", ""rho_negative"": {""Female"": 0.05, ""Male"": 0.05}, ""rho_positive"": {""Female"": 0.8, ""Male"": 0.8}}",fnr,20,0.11749999999999997,0.06887249852177268,0.01540035884749375,0.08731529665891222,0.14768470334108771
REALDATA,SEMISYNTHETIC REAL-DATA EXPERIMENT,german,Female,logistic,group_threshold_calibrated,pre,moderate_first_group,58a445a909825bd5,"{""alpha_negative"": {""Female"": 0.25, ""Male"": 0.25}, ""alpha_positive"": {""Female"": 0.65, ""Male"": 0.35}, ""contestation_scenario"": ""moderate_first_group"", ""rho_negative"": {""Female"": 0.05, ""Male"": 0.05}, ""rho_positive"": {""Female"": 0.8, ""Male"": 0.8}}",fpr,20,0.5840909090909091,0.17590565999398894,0.03933370133735245,0.5069968544696983,0.6611849637121199
REALDATA,SEMISYNTHETIC REAL-DATA EXPERIMENT,german,Female,logistic,group_threshold_calibrated,pre,moderate_first_group,58a445a909825bd5,"{""alpha_negative"": {""Female"": 0.25, ""Male"": 0.25}, ""alpha_positive"": {""Female"": 0.65, ""Male"": 0.35}, ""contestation_scenario"": ""moderate_first_group"", ""rho_negative"": {""Female"": 0.05, ""Male"": 0.05}, ""rho_positive"": {""Female"": 0.8, ""Male"": 0.8}}",n,20,62.0,0.0,0.0,62.0,62.0
REALDATA,SEMISYNTHETIC REAL-DATA EXPERIMENT,german,Female,logistic,group_threshold_calibrated,pre,moderate_first_group,58a445a909825bd5,"{""alpha_negative"": {""Female"": 0.25, ""Male"": 0.25}, ""alpha_positive"": {""Female"": 0.65, ""Male"": 0.35}, ""contestation_scenario"": ""moderate_first_group"", ""rho_negative"": {""Female"": 0.05, ""Male"": 0.05}, ""rho_positive"": {""Female"": 0.8, ""Male"": 0.8}}",positive_rate,20,0.7766129032258065,0.09524470459985131,0.021297363398215443,0.7348700709653042,0.8183557354863087
REALDATA,SEMISYNTHETIC REAL-DATA EXPERIMENT,german,Female,logistic,group_threshold_calibrated,pre,moderate_first_group,58a445a909825bd5,"{""alpha_negative"": {""Female"": 0.25, ""Male"": 0.25}, ""alpha_positive"": {""Female"": 0.65, ""Male"": 0.35}, ""contestation_scenario"": ""moderate_first_group"", ""rho_negative"": {""Female"": 0.05, ""Male"": 0.05}, ""rho_positive"": {""Female"": 0.8, ""Male"": 0.8}}",prevalence,20,0.6451612903225806,0.0,0.0,0.6451612903225806,0.6451612903225806
REALDATA,SEMISYNTHETIC REAL-DATA EXPERIMENT,german,Female,logistic,group_threshold_calibrated,pre,moderate_first_group,58a445a909825bd5,"{""alpha_negative"": {""Female"": 0.25, ""Male"": 0.25}, ""alpha_positive"": {""Female"": 0.65, ""Male"": 0.35}, ""contestation_scenario"": ""moderate_first_group"", ""rho_negative"": {""Female"": 0.05, ""Male"": 0.05}, ""rho_positive"": {""Female"": 0.8, ""Male"": 0.8}}",tnr,20,0.41590909090909084,0.17590565999398897,0.03933370133735246,0.33881503628788,0.49300314553030167
REALDATA,SEMISYNTHETIC REAL-DATA EXPERIMENT,german,Female,logistic,group_threshold_calibrated,pre,moderate_first_group,58a445a909825bd5,"{""alpha_negative"": {""Female"": 0.25, ""Male"": 0.25}, ""alpha_positive"": {""Female"": 0.65, ""Male"": 0.35}, ""contestation_scenario"": ""moderate_first_group"", ""rho_negative"": {""Female"": 0.05, ""Male"": 0.05}, ""rho_positive"": {""Female"": 0.8, ""Male"": 0.8}}",tpr,20,0.8825,0.06887249852177268,0.01540035884749375,0.8523152966589123,0.9126847033410876
REALDATA,SEMISYNTHETIC REAL-DATA EXPERIMENT,german,Female,logistic,group_threshold_calibrated,pre,moderate_second_group,f2d18f38dbf44f65,"{""alpha_negative"": {""Female"": 0.25, ""Male"": 0.25}, ""alpha_positive"": {""Female"": 0.35, ""Male"": 0.65}, ""contestation_scenario"": ""moderate_second_group"", ""rho_negative"": {""Female"": 0.05, ""Male"": 0.05}, ""rho_positive"": {""Female"": 0.8, ""Male"": 0.8}}",accuracy,20,0.7169354838709677,0.051664606954934585,0.011552557318204214,0.6942924715272875,0.739578496214648
REALDATA,SEMISYNTHETIC REAL-DATA EXPERIMENT,german,Female,logistic,group_threshold_calibrated,pre,moderate_second_group,f2d18f38dbf44f65,"{""alpha_negative"": {""Female"": 0.25, ""Male"": 0.25}, ""alpha_positive"": {""Female"": 0.35, ""Male"": 0.65}, ""contestation_scenario"": ""moderate_second_group"", ""rho_negative"": {""Female"": 0.05, ""Male"": 0.05}, ""rho_positive"": {""Female"": 0.8, ""Male"": 0.8}}",fnr,20,0.11749999999999997,0.06887249852177268,0.01540035884749375,0.08731529665891222,0.14768470334108771
REALDATA,SEMISYNTHETIC REAL-DATA EXPERIMENT,german,Female,logistic,group_threshold_calibrated,pre,moderate_second_group,f2d18f38dbf44f65,"{""alpha_negative"": {""Female"": 0.25, ""Male"": 0.25}, ""alpha_positive"": {""Female"": 0.35, ""Male"": 0.65}, ""contestation_scenario"": ""moderate_second_group"", ""rho_negative"": {""Female"": 0.05, ""Male"": 0.05}, ""rho_positive"": {""Female"": 0.8, ""Male"": 0.8}}",fpr,20,0.5840909090909091,0.17590565999398894,0.03933370133735245,0.5069968544696983,0.6611849637121199
REALDATA,SEMISYNTHETIC REAL-DATA EXPERIMENT,german,Female,logistic,group_threshold_calibrated,pre,moderate_second_group,f2d18f38dbf44f65,"{""alpha_negative"": {""Female"": 0.25, ""Male"": 0.25}, ""alpha_positive"": {""Female"": 0.35, ""Male"": 0.65}, ""contestation_scenario"": ""moderate_second_group"", ""rho_negative"": {""Female"": 0.05, ""Male"": 0.05}, ""rho_positive"": {""Female"": 0.8, ""Male"": 0.8}}",n,20,62.0,0.0,0.0,62.0,62.0
REALDATA,SEMISYNTHETIC REAL-DATA EXPERIMENT,german,Female,logistic,group_threshold_calibrated,pre,moderate_second_group,f2d18f38dbf44f65,"{""alpha_negative"": {""Female"": 0.25, ""Male"": 0.25}, ""alpha_positive"": {""Female"": 0.35, ""Male"": 0.65}, ""contestation_scenario"": ""moderate_second_group"", ""rho_negative"": {""Female"": 0.05, ""Male"": 0.05}, ""rho_positive"": {""Female"": 0.8, ""Male"": 0.8}}",positive_rate,20,0.7766129032258065,0.09524470459985131,0.021297363398215443,0.7348700709653042,0.8183557354863087
REALDATA,SEMISYNTHETIC REAL-DATA EXPERIMENT,german,Female,logistic,group_threshold_calibrated,pre,moderate_second_group,f2d18f38dbf44f65,"{""alpha_negative"": {""Female"": 0.25, ""Male"": 0.25}, ""alpha_positive"": {""Female"": 0.35, ""Male"": 0.65}, ""contestation_scenario"": ""moderate_second_group"", ""rho_negative"": {""Female"": 0.05, ""Male"": 0.05}, ""rho_positive"": {""Female"": 0.8, ""Male"": 0.8}}",prevalence,20,0.6451612903225806,0.0,0.0,0.6451612903225806,0.6451612903225806
REALDATA,SEMISYNTHETIC REAL-DATA EXPERIMENT,german,Female,logistic,group_threshold_calibrated,pre,moderate_second_group,f2d18f38dbf44f65,"{""alpha_negative"": {""Female"": 0.25, ""Male"": 0.25}, ""alpha_positive"": {""Female"": 0.35, ""Male"": 0.65}, ""contestation_scenario"": ""moderate_second_group"", ""rho_negative"": {""Female"": 0.05, ""Male"": 0.05}, ""rho_positive"": {""Female"": 0.8, ""Male"": 0.8}}",tnr,20,0.41590909090909084,0.17590565999398897,0.03933370133735246,0.33881503628788,0.49300314553030167
REALDATA,SEMISYNTHETIC REAL-DATA EXPERIMENT,german,Female,logistic,group_threshold_calibrated,pre,moderate_second_group,f2d18f38dbf44f65,"{""alpha_negative"": {""Female"": 0.25, ""Male"": 0.25}, ""alpha_positive"": {""Female"": 0.35, ""Male"": 0.65}, ""contestation_scenario"": ""moderate_second_group"", ""rho_negative"": {""Female"": 0.05, ""Male"": 0.05}, ""rho_positive"": {""Female"": 0.8, ""Male"": 0.8}}",tpr,20,0.8825,0.06887249852177268,0.01540035884749375,0.8523152966589123,0.9126847033410876
REALDATA,SEMISYNTHETIC REAL-DATA EXPERIMENT,german,Female,logistic,group_threshold_calibrated,pre,strong_first_group,80db5b8b411cb1ee,"{""alpha_negative"": {""Female"": 0.25, ""Male"": 0.25}, ""alpha_positive"": {""Female"": 0.75, ""Male"": 0.25}, ""contestation_scenario"": ""strong_first_group"", ""rho_negative"": {""Female"": 0.05, ""Male"": 0.05}, ""rho_positive"": {""Female"": 0.8, ""Male"": 0.8}}",accuracy,20,0.7169354838709677,0.051664606954934585,0.011552557318204214,0.6942924715272875,0.739578496214648
REALDATA,SEMISYNTHETIC REAL-DATA EXPERIMENT,german,Female,logistic,group_threshold_calibrated,pre,strong_first_group,80db5b8b411cb1ee,"{""alpha_negative"": {""Female"": 0.25, ""Male"": 0.25}, ""alpha_positive"": {""Female"": 0.75, ""Male"": 0.25}, ""contestation_scenario"": ""strong_first_group"", ""rho_negative"": {""Female"": 0.05, ""Male"": 0.05}, ""rho_positive"": {""Female"": 0.8, ""Male"": 0.8}}",fnr,20,0.11749999999999997,0.06887249852177268,0.01540035884749375,0.08731529665891222,0.14768470334108771
REALDATA,SEMISYNTHETIC REAL-DATA EXPERIMENT,german,Female,logistic,group_threshold_calibrated,pre,strong_first_group,80db5b8b411cb1ee,"{""alpha_negative"": {""Female"": 0.25, ""Male"": 0.25}, ""alpha_positive"": {""Female"": 0.75, ""Male"": 0.25}, ""contestation_scenario"": ""strong_first_group"", ""rho_negative"": {""Female"": 0.05, ""Male"": 0.05}, ""rho_positive"": {""Female"": 0.8, ""Male"": 0.8}}",fpr,20,0.5840909090909091,0.17590565999398894,0.03933370133735245,0.5069968544696983,0.6611849637121199
REALDATA,SEMISYNTHETIC REAL-DATA EXPERIMENT,german,Female,logistic,group_threshold_calibrated,pre,strong_first_group,80db5b8b411cb1ee,"{""alpha_negative"": {""Female"": 0.25, ""Male"": 0.25}, ""alpha_positive"": {""Female"": 0.75, ""Male"": 0.25}, ""contestation_scenario"": ""strong_first_group"", ""rho_negative"": {""Female"": 0.05, ""Male"": 0.05}, ""rho_positive"": {""Female"": 0.8, ""Male"": 0.8}}",n,20,62.0,0.0,0.0,62.0,62.0
REALDATA,SEMISYNTHETIC REAL-DATA EXPERIMENT,german,Female,logistic,group_threshold_calibrated,pre,strong_first_group,80db5b8b411cb1ee,"{""alpha_negative"": {""Female"": 0.25, ""Male"": 0.25}, ""alpha_positive"": {""Female"": 0.75, ""Male"": 0.25}, ""contestation_scenario"": ""strong_first_group"", ""rho_negative"": {""Female"": 0.05, ""Male"": 0.05}, ""rho_positive"": {""Female"": 0.8, ""Male"": 0.8}}",positive_rate,20,0.7766129032258065,0.09524470459985131,0.021297363398215443,0.7348700709653042,0.8183557354863087
REALDATA,SEMISYNTHETIC REAL-DATA EXPERIMENT,german,Female,logistic,group_threshold_calibrated,pre,strong_first_group,80db5b8b411cb1ee,"{""alpha_negative"": {""Female"": 0.25, ""Male"": 0.25}, ""alpha_positive"": {""Female"": 0.75, ""Male"": 0.25}, ""contestation_scenario"": ""strong_first_group"", ""rho_negative"": {""Female"": 0.05, ""Male"": 0.05}, ""rho_positive"": {""Female"": 0.8, ""Male"": 0.8}}",prevalence,20,0.6451612903225806,0.0,0.0,0.6451612903225806,0.6451612903225806
REALDATA,SEMISYNTHETIC REAL-DATA EXPERIMENT,german,Female,logistic,group_threshold_calibrated,pre,strong_first_group,80db5b8b411cb1ee,"{""alpha_negative"": {""Female"": 0.25, ""Male"": 0.25}, ""alpha_positive"": {""Female"": 0.75, ""Male"": 0.25}, ""contestation_scenario"": ""strong_first_group"", ""rho_negative"": {""Female"": 0.05, ""Male"": 0.05}, ""rho_positive"": {""Female"": 0.8, ""Male"": 0.8}}",tnr,20,0.41590909090909084,0.17590565999398897,0.03933370133735246,0.33881503628788,0.49300314553030167
REALDATA,SEMISYNTHETIC REAL-DATA EXPERIMENT,german,Female,logistic,group_threshold_calibrated,pre,strong_first_group,80db5b8b411cb1ee,"{""alpha_negative"": {""Female"": 0.25, ""Male"": 0.25}, ""alpha_positive"": {""Female"": 0.75, ""Male"": 0.25}, ""contestation_scenario"": ""strong_first_group"", ""rho_negative"": {""Female"": 0.05, ""Male"": 0.05}, ""rho_positive"": {""Female"": 0.8, ""Male"": 0.8}}",tpr,20,0.8825,0.06887249852177268,0.01540035884749375,0.8523152966589123,0.9126847033410876
REALDATA,SEMISYNTHETIC REAL-DATA EXPERIMENT,german,Female,logistic,group_threshold_calibrated,pre,strong_second_group,1a6f52e99e976851,"{""alpha_negative"": {""Female"": 0.25, ""Male"": 0.25}, ""alpha_positive"": {""Female"": 0.25, ""Male"": 0.75}, ""contestation_scenario"": ""strong_second_group"", ""rho_negative"": {""Female"": 0.05, ""Male"": 0.05}, ""rho_positive"": {""Female"": 0.8, ""Male"": 0.8}}",accuracy,20,0.7169354838709677,0.051664606954934585,0.011552557318204214,0.6942924715272875,0.739578496214648
REALDATA,SEMISYNTHETIC REAL-DATA EXPERIMENT,german,Female,logistic,group_threshold_calibrated,pre,strong_second_group,1a6f52e99e976851,"{""alpha_negative"": {""Female"": 0.25, ""Male"": 0.25}, ""alpha_positive"": {""Female"": 0.25, ""Male"": 0.75}, ""contestation_scenario"": ""strong_second_group"", ""rho_negative"": {""Female"": 0.05, ""Male"": 0.05}, ""rho_positive"": {""Female"": 0.8, ""Male"": 0.8}}",fnr,20,0.11749999999999997,0.06887249852177268,0.01540035884749375,0.08731529665891222,0.14768470334108771
REALDATA,SEMISYNTHETIC REAL-DATA EXPERIMENT,german,Female,logistic,group_threshold_calibrated,pre,strong_second_group,1a6f52e99e976851,"{""alpha_negative"": {""Female"": 0.25, ""Male"": 0.25}, ""alpha_positive"": {""Female"": 0.25, ""Male"": 0.75}, ""contestation_scenario"": ""strong_second_group"", ""rho_negative"": {""Female"": 0.05, ""Male"": 0.05}, ""rho_positive"": {""Female"": 0.8, ""Male"": 0.8}}",fpr,20,0.5840909090909091,0.17590565999398894,0.03933370133735245,0.5069968544696983,0.6611849637121199
REALDATA,SEMISYNTHETIC REAL-DATA EXPERIMENT,german,Female,logistic,group_threshold_calibrated,pre,strong_second_group,1a6f52e99e976851,"{""alpha_negative"": {""Female"": 0.25, ""Male"": 0.25}, ""alpha_positive"": {""Female"": 0.25, ""Male"": 0.75}, ""contestation_scenario"": ""strong_second_group"", ""rho_negative"": {""Female"": 0.05, ""Male"": 0.05}, ""rho_positive"": {""Female"": 0.8, ""Male"": 0.8}}",n,20,62.0,0.0,0.0,62.0,62.0
REALDATA,SEMISYNTHETIC REAL-DATA EXPERIMENT,german,Female,logistic,group_threshold_calibrated,pre,strong_second_group,1a6f52e99e976851,"{""alpha_negative"": {""Female"": 0.25, ""Male"": 0.25}, ""alpha_positive"": {""Female"": 0.25, ""Male"": 0.75}, ""contestation_scenario"": ""strong_second_group"", ""rho_negative"": {""Female"": 0.05, ""Male"": 0.05}, ""rho_positive"": {""Female"": 0.8, ""Male"": 0.8}}",positive_rate,20,0.7766129032258065,0.09524470459985131,0.021297363398215443,0.7348700709653042,0.8183557354863087
REALDATA,SEMISYNTHETIC REAL-DATA EXPERIMENT,german,Female,logistic,group_threshold_calibrated,pre,strong_second_group,1a6f52e99e976851,"{""alpha_negative"": {""Female"": 0.25, ""Male"": 0.25}, ""alpha_positive"": {""Female"": 0.25, ""Male"": 0.75}, ""contestation_scenario"": ""strong_second_group"", ""rho_negative"": {""Female"": 0.05, ""Male"": 0.05}, ""rho_positive"": {""Female"": 0.8, ""Male"": 0.8}}",prevalence,20,0.6451612903225806,0.0,0.0,0.6451612903225806,0.6451612903225806
REALDATA,SEMISYNTHETIC REAL-DATA EXPERIMENT,german,Female,logistic,group_threshold_calibrated,pre,strong_second_group,1a6f52e99e976851,"{""alpha_negative"": {""Female"": 0.25, ""Male"": 0.25}, ""alpha_positive"": {""Female"": 0.25, ""Male"": 0.75}, ""contestation_scenario"": ""strong_second_group"", ""rho_negative"": {""Female"": 0.05, ""Male"": 0.05}, ""rho_positive"": {""Female"": 0.8, ""Male"": 0.8}}",tnr,20,0.41590909090909084,0.17590565999398897,0.03933370133735246,0.33881503628788,0.49300314553030167
REALDATA,SEMISYNTHETIC REAL-DATA EXPERIMENT,german,Female,logistic,group_threshold_calibrated,pre,strong_second_group,1a6f52e99e976851,"{""alpha_negative"": {""Female"": 0.25, ""Male"": 0.25}, ""alpha_positive"": {""Female"": 0.25, ""Male"": 0.75}, ""contestation_scenario"": ""strong_second_group"", ""rho_negative"": {""Female"": 0.05, ""Male"": 0.05}, ""rho_positive"": {""Female"": 0.8, ""Male"": 0.8}}",tpr,20,0.8825,0.06887249852177268,0.01540035884749375,0.8523152966589123,0.9126847033410876
REALDATA,SEMISYNTHETIC REAL-DATA EXPERIMENT,german,Female,logistic,validation_selected_threshold,frozen_policy,equal_access,8b1b8b56ce23dea1,"{""alpha_negative"": {""Female"": 0.25, ""Male"": 0.25}, ""alpha_positive"": {""Female"": 0.5, ""Male"": 0.5}, ""contestation_scenario"": ""equal_access"", ""rho_negative"": {""Female"": 0.05, ""Male"": 0.05}, ""rho_positive"": {""Female"": 0.8, ""Male"": 0.8}}",decision_threshold,20,0.46799999999999997,0.07668115805072326,0.017146428199482245,0.43439300072901477,0.5016069992709852
REALDATA,SEMISYNTHETIC REAL-DATA EXPERIMENT,german,Female,logistic,validation_selected_threshold,frozen_policy,moderate_first_group,58a445a909825bd5,"{""alpha_negative"": {""Female"": 0.25, ""Male"": 0.25}, ""alpha_positive"": {""Female"": 0.65, ""Male"": 0.35}, ""contestation_scenario"": ""moderate_first_group"", ""rho_negative"": {""Female"": 0.05, ""Male"": 0.05}, ""rho_positive"": {""Female"": 0.8, ""Male"": 0.8}}",decision_threshold,20,0.46799999999999997,0.07668115805072326,0.017146428199482245,0.43439300072901477,0.5016069992709852
REALDATA,SEMISYNTHETIC REAL-DATA EXPERIMENT,german,Female,logistic,validation_selected_threshold,frozen_policy,moderate_second_group,f2d18f38dbf44f65,"{""alpha_negative"": {""Female"": 0.25, ""Male"": 0.25}, ""alpha_positive"": {""Female"": 0.35, ""Male"": 0.65}, ""contestation_scenario"": ""moderate_second_group"", ""rho_negative"": {""Female"": 0.05, ""Male"": 0.05}, ""rho_positive"": {""Female"": 0.8, ""Male"": 0.8}}",decision_threshold,20,0.46799999999999997,0.07668115805072326,0.017146428199482245,0.43439300072901477,0.5016069992709852
REALDATA,SEMISYNTHETIC REAL-DATA EXPERIMENT,german,Female,logistic,validation_selected_threshold,frozen_policy,strong_first_group,80db5b8b411cb1ee,"{""alpha_negative"": {""Female"": 0.25, ""Male"": 0.25}, ""alpha_positive"": {""Female"": 0.75, ""Male"": 0.25}, ""contestation_scenario"": ""strong_first_group"", ""rho_negative"": {""Female"": 0.05, ""Male"": 0.05}, ""rho_positive"": {""Female"": 0.8, ""Male"": 0.8}}",decision_threshold,20,0.46799999999999997,0.07668115805072326,0.017146428199482245,0.43439300072901477,0.5016069992709852
REALDATA,SEMISYNTHETIC REAL-DATA EXPERIMENT,german,Female,logistic,validation_selected_threshold,frozen_policy,strong_second_group,1a6f52e99e976851,"{""alpha_negative"": {""Female"": 0.25, ""Male"": 0.25}, ""alpha_positive"": {""Female"": 0.25, ""Male"": 0.75}, ""contestation_scenario"": ""strong_second_group"", ""rho_negative"": {""Female"": 0.05, ""Male"": 0.05}, ""rho_positive"": {""Female"": 0.8, ""Male"": 0.8}}",decision_threshold,20,0.46799999999999997,0.07668115805072326,0.017146428199482245,0.43439300072901477,0.5016069992709852
REALDATA,SEMISYNTHETIC REAL-DATA EXPERIMENT,german,Female,random_forest,group_threshold_calibrated,post,equal_access,8b1b8b56ce23dea1,"{""alpha_negative"": {""Female"": 0.25, ""Male"": 0.25}, ""alpha_positive"": {""Female"": 0.5, ""Male"": 0.5}, ""contestation_scenario"": ""equal_access"", ""rho_negative"": {""Female"": 0.05, ""Male"": 0.05}, ""rho_positive"": {""Female"": 0.8, ""Male"": 0.8}}",accuracy,20,0.6838709677419355,0.03200238229809092,0.007155950226046724,0.6698453052988839,0.697896630184987
REALDATA,SEMISYNTHETIC REAL-DATA EXPERIMENT,german,Female,random_forest,group_threshold_calibrated,post,equal_access,8b1b8b56ce23dea1,"{""alpha_negative"": {""Female"": 0.25, ""Male"": 0.25}, ""alpha_positive"": {""Female"": 0.5, ""Male"": 0.5}, ""contestation_scenario"": ""equal_access"", ""rho_negative"": {""Female"": 0.05, ""Male"": 0.05}, ""rho_positive"": {""Female"": 0.8, ""Male"": 0.8}}",fnr,20,0.007499999999999995,0.01831737742662614,0.004095890109545621,-0.0005279446147094221,0.015527944614709414
REALDATA,SEMISYNTHETIC REAL-DATA EXPERIMENT,german,Female,random_forest,group_threshold_calibrated,post,equal_access,8b1b8b56ce23dea1,"{""alpha_negative"": {""Female"": 0.25, ""Male"": 0.25}, ""alpha_positive"": {""Female"": 0.5, ""Male"": 0.5}, ""contestation_scenario"": ""equal_access"", ""rho_negative"": {""Female"": 0.05, ""Male"": 0.05}, ""rho_positive"": {""Female"": 0.8, ""Male"": 0.8}}",fpr,20,0.8772727272727273,0.11527526297906865,0.02577633241453624,0.8267511157402363,0.9277943388052183
REALDATA,SEMISYNTHETIC REAL-DATA EXPERIMENT,german,Female,random_forest,group_threshold_calibrated,post,equal_access,8b1b8b56ce23dea1,"{""alpha_negative"": {""Female"": 0.25, ""Male"": 0.25}, ""alpha_positive"": {""Female"": 0.5, ""Male"": 0.5}, ""contestation_scenario"": ""equal_access"", ""rho_negative"": {""Female"": 0.05, ""Male"": 0.05}, ""rho_positive"": {""Female"": 0.8, ""Male"": 0.8}}",n,20,62.0,0.0,0.0,62.0,62.0
REALDATA,SEMISYNTHETIC REAL-DATA EXPERIMENT,german,Female,random_forest,group_threshold_calibrated,post,equal_access,8b1b8b56ce23dea1,"{""alpha_negative"": {""Female"": 0.25, ""Male"": 0.25}, ""alpha_positive"": {""Female"": 0.5, ""Male"": 0.5}, ""contestation_scenario"": ""equal_access"", ""rho_negative"": {""Female"": 0.05, ""Male"": 0.05}, ""rho_positive"": {""Female"": 0.8, ""Male"": 0.8}}",positive_rate,20,0.9516129032258064,0.051004478389812584,0.011404948083653995,0.9292592049818446,0.9739666014697682
REALDATA,SEMISYNTHETIC REAL-DATA EXPERIMENT,german,Female,random_forest,group_threshold_calibrated,post,equal_access,8b1b8b56ce23dea1,"{""alpha_negative"": {""Female"": 0.25, ""Male"": 0.25}, ""alpha_positive"": {""Female"": 0.5, ""Male"": 0.5}, ""contestation_scenario"": ""equal_access"", ""rho_negative"": {""Female"": 0.05, ""Male"": 0.05}, ""rho_positive"": {""Female"": 0.8, ""Male"": 0.8}}",prevalence,20,0.6451612903225806,0.0,0.0,0.6451612903225806,0.6451612903225806
REALDATA,SEMISYNTHETIC REAL-DATA EXPERIMENT,german,Female,random_forest,group_threshold_calibrated,post,equal_access,8b1b8b56ce23dea1,"{""alpha_negative"": {""Female"": 0.25, ""Male"": 0.25}, ""alpha_positive"": {""Female"": 0.5, ""Male"": 0.5}, ""contestation_scenario"": ""equal_access"", ""rho_negative"": {""Female"": 0.05, ""Male"": 0.05}, ""rho_positive"": {""Female"": 0.8, ""Male"": 0.8}}",tnr,20,0.12272727272727271,0.11527526297906864,0.025776332414536238,0.0722056611947817,0.17324888425976373
REALDATA,SEMISYNTHETIC REAL-DATA EXPERIMENT,german,Female,random_forest,group_threshold_calibrated,post,equal_access,8b1b8b56ce23dea1,"{""alpha_negative"": {""Female"": 0.25, ""Male"": 0.25}, ""alpha_positive"": {""Female"": 0.5, ""Male"": 0.5}, ""contestation_scenario"": ""equal_access"", ""rho_negative"": {""Female"": 0.05, ""Male"": 0.05}, ""rho_positive"": {""Female"": 0.8, ""Male"": 0.8}}",tpr,20,0.9925,0.018317377426626168,0.004095890109545627,0.9844720553852906,1.0005279446147095
REALDATA,SEMISYNTHETIC REAL-DATA EXPERIMENT,german,Female,random_forest,group_threshold_calibrated,post,moderate_first_group,58a445a909825bd5,"{""alpha_negative"": {""Female"": 0.25, ""Male"": 0.25}, ""alpha_positive"": {""Female"": 0.65, ""Male"": 0.35}, ""contestation_scenario"": ""moderate_first_group"", ""rho_negative"": {""Female"": 0.05, ""Male"": 0.05}, ""rho_positive"": {""Female"": 0.8, ""Male"": 0.8}}",accuracy,20,0.6782258064516129,0.03287816549568719,0.007351781302384461,0.6638163150989393,0.6926352978042865
REALDATA,SEMISYNTHETIC REAL-DATA EXPERIMENT,german,Female,random_forest,group_threshold_calibrated,post,moderate_first_group,58a445a909825bd5,"{""alpha_negative"": {""Female"": 0.25, ""Male"": 0.25}, ""alpha_positive"": {""Female"": 0.65, ""Male"": 0.35}, ""contestation_scenario"": ""moderate_first_group"", ""rho_negative"": {""Female"": 0.05, ""Male"": 0.05}, ""rho_positive"": {""Female"": 0.8, ""Male"": 0.8}}",fnr,20,0.016249999999999987,0.028417702044213258,0.006354391353519557,0.003795392947101654,0.028704607052898318
REALDATA,SEMISYNTHETIC REAL-DATA EXPERIMENT,german,Female,random_forest,group_threshold_calibrated,post,moderate_first_group,58a445a909825bd5,"{""alpha_negative"": {""Female"": 0.25, ""Male"": 0.25}, ""alpha_positive"": {""Female"": 0.65, ""Male"": 0.35}, ""contestation_scenario"": ""moderate_first_group"", ""rho_negative"": {""Female"": 0.05, ""Male"": 0.05}, ""rho_positive"": {""Female"": 0.8, ""Male"": 0.8}}",fpr,20,0.8772727272727273,0.11527526297906865,0.02577633241453624,0.8267511157402363,0.9277943388052183
REALDATA,SEMISYNTHETIC REAL-DATA EXPERIMENT,german,Female,random_forest,group_threshold_calibrated,post,moderate_first_group,58a445a909825bd5,"{""alpha_negative"": {""Female"": 0.25, ""Male"": 0.25}, ""alpha_positive"": {""Female"": 0.65, ""Male"": 0.35}, ""contestation_scenario"": ""moderate_first_group"", ""rho_negative"": {""Female"": 0.05, ""Male"": 0.05}, ""rho_positive"": {""Female"": 0.8, ""Male"": 0.8}}",n,20,62.0,0.0,0.0,62.0,62.0
REALDATA,SEMISYNTHETIC REAL-DATA EXPERIMENT,german,Female,random_forest,group_threshold_calibrated,post,moderate_first_group,58a445a909825bd5,"{""alpha_negative"": {""Female"": 0.25, ""Male"": 0.25}, ""alpha_positive"": {""Female"": 0.65, ""Male"": 0.35}, ""contestation_scenario"": ""moderate_first_group"", ""rho_negative"": {""Female"": 0.05, ""Male"": 0.05}, ""rho_positive"": {""Female"": 0.8, ""Male"": 0.8}}",positive_rate,20,0.9459677419354838,0.05419956106996027,0.012119390290308238,0.9222137369664797,0.969721746904488
REALDATA,SEMISYNTHETIC REAL-DATA EXPERIMENT,german,Female,random_forest,group_threshold_calibrated,post,moderate_first_group,58a445a909825bd5,"{""alpha_negative"": {""Female"": 0.25, ""Male"": 0.25}, ""alpha_positive"": {""Female"": 0.65, ""Male"": 0.35}, ""contestation_scenario"": ""moderate_first_group"", ""rho_negative"": {""Female"": 0.05, ""Male"": 0.05}, ""rho_positive"": {""Female"": 0.8, ""Male"": 0.8}}",prevalence,20,0.6451612903225806,0.0,0.0,0.6451612903225806,0.6451612903225806
REALDATA,SEMISYNTHETIC REAL-DATA EXPERIMENT,german,Female,random_forest,group_threshold_calibrated,post,moderate_first_group,58a445a909825bd5,"{""alpha_negative"": {""Female"": 0.25, ""Male"": 0.25}, ""alpha_positive"": {""Female"": 0.65, ""Male"": 0.35}, ""contestation_scenario"": ""moderate_first_group"", ""rho_negative"": {""Female"": 0.05, ""Male"": 0.05}, ""rho_positive"": {""Female"": 0.8, ""Male"": 0.8}}",tnr,20,0.12272727272727271,0.11527526297906864,0.025776332414536238,0.0722056611947817,0.17324888425976373
REALDATA,SEMISYNTHETIC REAL-DATA EXPERIMENT,german,Female,random_forest,group_threshold_calibrated,post,moderate_first_group,58a445a909825bd5,"{""alpha_negative"": {""Female"": 0.25, ""Male"": 0.25}, ""alpha_positive"": {""Female"": 0.65, ""Male"": 0.35}, ""contestation_scenario"": ""moderate_first_group"", ""rho_negative"": {""Female"": 0.05, ""Male"": 0.05}, ""rho_positive"": {""Female"": 0.8, ""Male"": 0.8}}",tpr,20,0.98375,0.02841770204421329,0.006354391353519564,0.9712953929471017,0.9962046070528984
REALDATA,SEMISYNTHETIC REAL-DATA EXPERIMENT,german,Female,random_forest,group_threshold_calibrated,post,moderate_second_group,f2d18f38dbf44f65,"{""alpha_negative"": {""Female"": 0.25, ""Male"": 0.25}, ""alpha_positive"": {""Female"": 0.35, ""Male"": 0.65}, ""contestation_scenario"": ""moderate_second_group"", ""rho_negative"": {""Female"": 0.05, ""Male"": 0.05}, ""rho_positive"": {""Female"": 0.8, ""Male"": 0.8}}",accuracy,20,0.6830645161290322,0.030185998069217467,0.006749794365144766,0.6698349191733485,0.6962941130847159
REALDATA,SEMISYNTHETIC REAL-DATA EXPERIMENT,german,Female,random_forest,group_threshold_calibrated,post,moderate_second_group,f2d18f38dbf44f65,"{""alpha_negative"": {""Female"": 0.25, ""Male"": 0.25}, ""alpha_positive"": {""Female"": 0.35, ""Male"": 0.65}, ""contestation_scenario"": ""moderate_second_group"", ""rho_negative"": {""Female"": 0.05, ""Male"": 0.05}, ""rho_positive"": {""Female"": 0.8, ""Male"": 0.8}}",fnr,20,0.008749999999999996,0.02333255011216822,0.005217316813922848,-0.0014759409552887858,0.018975940955288775
REALDATA,SEMISYNTHETIC REAL-DATA EXPERIMENT,german,Female,random_forest,group_threshold_calibrated,post,moderate_second_group,f2d18f38dbf44f65,"{""alpha_negative"": {""Female"": 0.25, ""Male"": 0.25}, ""alpha_positive"": {""Female"": 0.35, ""Male"": 0.65}, ""contestation_scenario"": ""moderate_second_group"", ""rho_negative"": {""Female"": 0.05, ""Male"": 0.05}, ""rho_positive"": {""Female"": 0.8, ""Male"": 0.8}}",fpr,20,0.8772727272727273,0.11527526297906865,0.02577633241453624,0.8267511157402363,0.9277943388052183
REALDATA,SEMISYNTHETIC REAL-DATA EXPERIMENT,german,Female,random_forest,group_threshold_calibrated,post,moderate_second_group,f2d18f38dbf44f65,"{""alpha_negative"": {""Female"": 0.25, ""Male"": 0.25}, ""alpha_positive"": {""Female"": 0.35, ""Male"": 0.65}, ""contestation_scenario"": ""moderate_second_group"", ""rho_negative"": {""Female"": 0.05, ""Male"": 0.05}, ""rho_positive"": {""Female"": 0.8, ""Male"": 0.8}}",n,20,62.0,0.0,0.0,62.0,62.0
REALDATA,SEMISYNTHETIC REAL-DATA EXPERIMENT,german,Female,random_forest,group_threshold_calibrated,post,moderate_second_group,f2d18f38dbf44f65,"{""alpha_negative"": {""Female"": 0.25, ""Male"": 0.25}, ""alpha_positive"": {""Female"": 0.35, ""Male"": 0.65}, ""contestation_scenario"": ""moderate_second_group"", ""rho_negative"": {""Female"": 0.05, ""Male"": 0.05}, ""rho_positive"": {""Female"": 0.8, ""Male"": 0.8}}",positive_rate,20,0.9508064516129032,0.053742921947504976,0.012017282678408651,0.9272525775632223,0.9743603256625841
REALDATA,SEMISYNTHETIC REAL-DATA EXPERIMENT,german,Female,random_forest,group_threshold_calibrated,post,moderate_second_group,f2d18f38dbf44f65,"{""alpha_negative"": {""Female"": 0.25, ""Male"": 0.25}, ""alpha_positive"": {""Female"": 0.35, ""Male"": 0.65}, ""contestation_scenario"": ""moderate_second_group"", ""rho_negative"": {""Female"": 0.05, ""Male"": 0.05}, ""rho_positive"": {""Female"": 0.8, ""Male"": 0.8}}",prevalence,20,0.6451612903225806,0.0,0.0,0.6451612903225806,0.6451612903225806
REALDATA,SEMISYNTHETIC REAL-DATA EXPERIMENT,german,Female,random_forest,group_threshold_calibrated,post,moderate_second_group,f2d18f38dbf44f65,"{""alpha_negative"": {""Female"": 0.25, ""Male"": 0.25}, ""alpha_positive"": {""Female"": 0.35, ""Male"": 0.65}, ""contestation_scenario"": ""moderate_second_group"", ""rho_negative"": {""Female"": 0.05, ""Male"": 0.05}, ""rho_positive"": {""Female"": 0.8, ""Male"": 0.8}}",tnr,20,0.12272727272727271,0.11527526297906864,0.025776332414536238,0.0722056611947817,0.17324888425976373
REALDATA,SEMISYNTHETIC REAL-DATA EXPERIMENT,german,Female,random_forest,group_threshold_calibrated,post,moderate_second_group,f2d18f38dbf44f65,"{""alpha_negative"": {""Female"": 0.25, ""Male"": 0.25}, ""alpha_positive"": {""Female"": 0.35, ""Male"": 0.65}, ""contestation_scenario"": ""moderate_second_group"", ""rho_negative"": {""Female"": 0.05, ""Male"": 0.05}, ""rho_positive"": {""Female"": 0.8, ""Male"": 0.8}}",tpr,20,0.99125,0.023332550112168234,0.0052173168139228515,0.9810240590447111,1.0014759409552887
REALDATA,SEMISYNTHETIC REAL-DATA EXPERIMENT,german,Female,random_forest,group_threshold_calibrated,post,strong_first_group,80db5b8b411cb1ee,"{""alpha_negative"": {""Female"": 0.25, ""Male"": 0.25}, ""alpha_positive"": {""Female"": 0.75, ""Male"": 0.25}, ""contestation_scenario"": ""strong_first_group"", ""rho_negative"": {""Female"": 0.05, ""Male"": 0.05}, ""rho_positive"": {""Female"": 0.8, ""Male"": 0.8}}",accuracy,20,0.6806451612903226,0.03533693919388171,0.007901579815429612,0.6651580648520805,0.6961322577285647
REALDATA,SEMISYNTHETIC REAL-DATA EXPERIMENT,german,Female,random_forest,group_threshold_calibrated,post,strong_first_group,80db5b8b411cb1ee,"{""alpha_negative"": {""Female"": 0.25, ""Male"": 0.25}, ""alpha_positive"": {""Female"": 0.75, ""Male"": 0.25}, ""contestation_scenario"": ""strong_first_group"", ""rho_negative"": {""Female"": 0.05, ""Male"": 0.05}, ""rho_positive"": {""Female"": 0.8, ""Male"": 0.8}}",fnr,20,0.01249999999999999,0.024999999999999974,0.005590169943749468,0.0015432669102510323,0.02345673308974895
REALDATA,SEMISYNTHETIC REAL-DATA EXPERIMENT,german,Female,random_forest,group_threshold_calibrated,post,strong_first_group,80db5b8b411cb1ee,"{""alpha_negative"": {""Female"": 0.25, ""Male"": 0.25}, ""alpha_positive"": {""Female"": 0.75, ""Male"": 0.25}, ""contestation_scenario"": ""strong_first_group"", ""rho_negative"": {""Female"": 0.05, ""Male"": 0.05}, ""rho_positive"": {""Female"": 0.8, ""Male"": 0.8}}",fpr,20,0.8772727272727273,0.11527526297906865,0.02577633241453624,0.8267511157402363,0.9277943388052183
REALDATA,SEMISYNTHETIC REAL-DATA EXPERIMENT,german,Female,random_forest,group_threshold_calibrated,post,strong_first_group,80db5b8b411cb1ee,"{""alpha_negative"": {""Female"": 0.25, ""Male"": 0.25}, ""alpha_positive"": {""Female"": 0.75, ""Male"": 0.25}, ""contestation_scenario"": ""strong_first_group"", ""rho_negative"": {""Female"": 0.05, ""Male"": 0.05}, ""rho_positive"": {""Female"": 0.8, ""Male"": 0.8}}",n,20,62.0,0.0,0.0,62.0,62.0
REALDATA,SEMISYNTHETIC REAL-DATA EXPERIMENT,german,Female,random_forest,group_threshold_calibrated,post,strong_first_group,80db5b8b411cb1ee,"{""alpha_negative"": {""Female"": 0.25, ""Male"": 0.25}, ""alpha_positive"": {""Female"": 0.75, ""Male"": 0.25}, ""contestation_scenario"": ""strong_first_group"", ""rho_negative"": {""Female"": 0.05, ""Male"": 0.05}, ""rho_positive"": {""Female"": 0.8, ""Male"": 0.8}}",positive_rate,20,0.9483870967741936,0.05116529164766326,0.011440907021277726,0.9259629190124893,0.970811274535898
REALDATA,SEMISYNTHETIC REAL-DATA EXPERIMENT,german,Female,random_forest,group_threshold_calibrated,post,strong_first_group,80db5b8b411cb1ee,"{""alpha_negative"": {""Female"": 0.25, ""Male"": 0.25}, ""alpha_positive"": {""Female"": 0.75, ""Male"": 0.25}, ""contestation_scenario"": ""strong_first_group"", ""rho_negative"": {""Female"": 0.05, ""Male"": 0.05}, ""rho_positive"": {""Female"": 0.8, ""Male"": 0.8}}",prevalence,20,0.6451612903225806,0.0,0.0,0.6451612903225806,0.6451612903225806
REALDATA,SEMISYNTHETIC REAL-DATA EXPERIMENT,german,Female,random_forest,group_threshold_calibrated,post,strong_first_group,80db5b8b411cb1ee,"{""alpha_negative"": {""Female"": 0.25, ""Male"": 0.25}, ""alpha_positive"": {""Female"": 0.75, ""Male"": 0.25}, ""contestation_scenario"": ""strong_first_group"", ""rho_negative"": {""Female"": 0.05, ""Male"": 0.05}, ""rho_positive"": {""Female"": 0.8, ""Male"": 0.8}}",tnr,20,0.12272727272727271,0.11527526297906864,0.025776332414536238,0.0722056611947817,0.17324888425976373
REALDATA,SEMISYNTHETIC REAL-DATA EXPERIMENT,german,Female,random_forest,group_threshold_calibrated,post,strong_first_group,80db5b8b411cb1ee,"{""alpha_negative"": {""Female"": 0.25, ""Male"": 0.25}, ""alpha_positive"": {""Female"": 0.75, ""Male"": 0.25}, ""contestation_scenario"": ""strong_first_group"", ""rho_negative"": {""Female"": 0.05, ""Male"": 0.05}, ""rho_positive"": {""Female"": 0.8, ""Male"": 0.8}}",tpr,20,0.9875,0.025000000000000005,0.005590169943749475,0.9765432669102511,0.998456733089749
REALDATA,SEMISYNTHETIC REAL-DATA EXPERIMENT,german,Female,random_forest,group_threshold_calibrated,post,strong_second_group,1a6f52e99e976851,"{""alpha_negative"": {""Female"": 0.25, ""Male"": 0.25}, ""alpha_positive"": {""Female"": 0.25, ""Male"": 0.75}, ""contestation_scenario"": ""strong_second_group"", ""rho_negative"": {""Female"": 0.05, ""Male"": 0.05}, ""rho_positive"": {""Female"": 0.8, ""Male"": 0.8}}",accuracy,20,0.6806451612903226,0.027491665362154562,0.006147323256445397,0.6685964077076896,0.6926939148729556
REALDATA,SEMISYNTHETIC REAL-DATA EXPERIMENT,german,Female,random_forest,group_threshold_calibrated,post,strong_second_group,1a6f52e99e976851,"{""alpha_negative"": {""Female"": 0.25, ""Male"": 0.25}, ""alpha_positive"": {""Female"": 0.25, ""Male"": 0.75}, ""contestation_scenario"": ""strong_second_group"", ""rho_negative"": {""Female"": 0.05, ""Male"": 0.05}, ""rho_positive"": {""Female"": 0.8, ""Male"": 0.8}}",fnr,20,0.012499999999999989,0.02750598021100901,0.006150524153958016,0.00044497265824227847,0.0245550273417577
REALDATA,SEMISYNTHETIC REAL-DATA EXPERIMENT,german,Female,random_forest,group_threshold_calibrated,post,strong_second_group,1a6f52e99e976851,"{""alpha_negative"": {""Female"": 0.25, ""Male"": 0.25}, ""alpha_positive"": {""Female"": 0.25, ""Male"": 0.75}, ""contestation_scenario"": ""strong_second_group"", ""rho_negative"": {""Female"": 0.05, ""Male"": 0.05}, ""rho_positive"": {""Female"": 0.8, ""Male"": 0.8}}",fpr,20,0.8772727272727273,0.11527526297906865,0.02577633241453624,0.8267511157402363,0.9277943388052183
REALDATA,SEMISYNTHETIC REAL-DATA EXPERIMENT,german,Female,random_forest,group_threshold_calibrated,post,strong_second_group,1a6f52e99e976851,"{""alpha_negative"": {""Female"": 0.25, ""Male"": 0.25}, ""alpha_positive"": {""Female"": 0.25, ""Male"": 0.75}, ""contestation_scenario"": ""strong_second_group"", ""rho_negative"": {""Female"": 0.05, ""Male"": 0.05}, ""rho_positive"": {""Female"": 0.8, ""Male"": 0.8}}",n,20,62.0,0.0,0.0,62.0,62.0
REALDATA,SEMISYNTHETIC REAL-DATA EXPERIMENT,german,Female,random_forest,group_threshold_calibrated,post,strong_second_group,1a6f52e99e976851,"{""alpha_negative"": {""Female"": 0.25, ""Male"": 0.25}, ""alpha_positive"": {""Female"": 0.25, ""Male"": 0.75}, ""contestation_scenario"": ""strong_second_group"", ""rho_negative"": {""Female"": 0.05, ""Male"": 0.05}, ""rho_positive"": {""Female"": 0.8, ""Male"": 0.8}}",positive_rate,20,0.9483870967741936,0.0567479488653265,0.01268922712465521,0.9235162116098694,0.9732579819385179
REALDATA,SEMISYNTHETIC REAL-DATA EXPERIMENT,german,Female,random_forest,group_threshold_calibrated,post,strong_second_group,1a6f52e99e976851,"{""alpha_negative"": {""Female"": 0.25, ""Male"": 0.25}, ""alpha_positive"": {""Female"": 0.25, ""Male"": 0.75}, ""contestation_scenario"": ""strong_second_group"", ""rho_negative"": {""Female"": 0.05, ""Male"": 0.05}, ""rho_positive"": {""Female"": 0.8, ""Male"": 0.8}}",prevalence,20,0.6451612903225806,0.0,0.0,0.6451612903225806,0.6451612903225806
REALDATA,SEMISYNTHETIC REAL-DATA EXPERIMENT,german,Female,random_forest,group_threshold_calibrated,post,strong_second_group,1a6f52e99e976851,"{""alpha_negative"": {""Female"": 0.25, ""Male"": 0.25}, ""alpha_positive"": {""Female"": 0.25, ""Male"": 0.75}, ""contestation_scenario"": ""strong_second_group"", ""rho_negative"": {""Female"": 0.05, ""Male"": 0.05}, ""rho_positive"": {""Female"": 0.8, ""Male"": 0.8}}",tnr,20,0.12272727272727271,0.11527526297906864,0.025776332414536238,0.0722056611947817,0.17324888425976373
REALDATA,SEMISYNTHETIC REAL-DATA EXPERIMENT,german,Female,random_forest,group_threshold_calibrated,post,strong_second_group,1a6f52e99e976851,"{""alpha_negative"": {""Female"": 0.25, ""Male"": 0.25}, ""alpha_positive"": {""Female"": 0.25, ""Male"": 0.75}, ""contestation_scenario"": ""strong_second_group"", ""rho_negative"": {""Female"": 0.05, ""Male"": 0.05}, ""rho_positive"": {""Female"": 0.8, ""Male"": 0.8}}",tpr,20,0.9875,0.02750598021100903,0.006150524153958019,0.9754449726582424,0.9995550273417577
REALDATA,SEMISYNTHETIC REAL-DATA EXPERIMENT,german,Female,random_forest,group_threshold_calibrated,pre,equal_access,8b1b8b56ce23dea1,"{""alpha_negative"": {""Female"": 0.25, ""Male"": 0.25}, ""alpha_positive"": {""Female"": 0.5, ""Male"": 0.5}, ""contestation_scenario"": ""equal_access"", ""rho_negative"": {""Female"": 0.05, ""Male"": 0.05}, ""rho_positive"": {""Female"": 0.8, ""Male"": 0.8}}",accuracy,20,0.675,0.027825809955057294,0.006222040258849848,0.6628048010926544,0.6871951989073457
REALDATA,SEMISYNTHETIC REAL-DATA EXPERIMENT,german,Female,random_forest,group_threshold_calibrated,pre,equal_access,8b1b8b56ce23dea1,"{""alpha_negative"": {""Female"": 0.25, ""Male"": 0.25}, ""alpha_positive"": {""Female"": 0.5, ""Male"": 0.5}, ""contestation_scenario"": ""equal_access"", ""rho_negative"": {""Female"": 0.05, ""Male"": 0.05}, ""rho_positive"": {""Female"": 0.8, ""Male"": 0.8}}",fnr,20,0.022499999999999985,0.03618301433429487,0.008090767968233263,0.00664209478226279,0.03835790521773718
REALDATA,SEMISYNTHETIC REAL-DATA EXPERIMENT,german,Female,random_forest,group_threshold_calibrated,pre,equal_access,8b1b8b56ce23dea1,"{""alpha_negative"": {""Female"": 0.25, ""Male"": 0.25}, ""alpha_positive"": {""Female"": 0.5, ""Male"": 0.5}, ""contestation_scenario"": ""equal_access"", ""rho_negative"": {""Female"": 0.05, ""Male"": 0.05}, ""rho_positive"": {""Female"": 0.8, ""Male"": 0.8}}",fpr,20,0.875,0.11693769136793299,0.02614806270305885,0.8237497971020047,0.9262502028979953
REALDATA,SEMISYNTHETIC REAL-DATA EXPERIMENT,german,Female,random_forest,group_threshold_calibrated,pre,equal_access,8b1b8b56ce23dea1,"{""alpha_negative"": {""Female"": 0.25, ""Male"": 0.25}, ""alpha_positive"": {""Female"": 0.5, ""Male"": 0.5}, ""contestation_scenario"": ""equal_access"", ""rho_negative"": {""Female"": 0.05, ""Male"": 0.05}, ""rho_positive"": {""Female"": 0.8, ""Male"": 0.8}}",n,20,62.0,0.0,0.0,62.0,62.0
REALDATA,SEMISYNTHETIC REAL-DATA EXPERIMENT,german,Female,random_forest,group_threshold_calibrated,pre,equal_access,8b1b8b56ce23dea1,"{""alpha_negative"": {""Female"": 0.25, ""Male"": 0.25}, ""alpha_positive"": {""Female"": 0.5, ""Male"": 0.5}, ""contestation_scenario"": ""equal_access"", ""rho_negative"": {""Female"": 0.05, ""Male"": 0.05}, ""rho_positive"": {""Female"": 0.8, ""Male"": 0.8}}",positive_rate,20,0.9411290322580644,0.06131154131854267,0.01370967741935485,0.9142580645161289,0.968
REALDATA,SEMISYNTHETIC REAL-DATA EXPERIMENT,german,Female,random_forest,group_threshold_calibrated,pre,equal_access,8b1b8b56ce23dea1,"{""alpha_negative"": {""Female"": 0.25, ""Male"": 0.25}, ""alpha_positive"": {""Female"": 0.5, ""Male"": 0.5}, ""contestation_scenario"": ""equal_access"", ""rho_negative"": {""Female"": 0.05, ""Male"": 0.05}, ""rho_positive"": {""Female"": 0.8, ""Male"": 0.8}}",prevalence,20,0.6451612903225806,0.0,0.0,0.6451612903225806,0.6451612903225806
REALDATA,SEMISYNTHETIC REAL-DATA EXPERIMENT,german,Female,random_forest,group_threshold_calibrated,pre,equal_access,8b1b8b56ce23dea1,"{""alpha_negative"": {""Female"": 0.25, ""Male"": 0.25}, ""alpha_positive"": {""Female"": 0.5, ""Male"": 0.5}, ""contestation_scenario"": ""equal_access"", ""rho_negative"": {""Female"": 0.05, ""Male"": 0.05}, ""rho_positive"": {""Female"": 0.8, ""Male"": 0.8}}",tnr,20,0.12499999999999997,0.11693769136793294,0.026148062703058843,0.07374979710200463,0.1762502028979953
REALDATA,SEMISYNTHETIC REAL-DATA EXPERIMENT,german,Female,random_forest,group_threshold_calibrated,pre,equal_access,8b1b8b56ce23dea1,"{""alpha_negative"": {""Female"": 0.25, ""Male"": 0.25}, ""alpha_positive"": {""Female"": 0.5, ""Male"": 0.5}, ""contestation_scenario"": ""equal_access"", ""rho_negative"": {""Female"": 0.05, ""Male"": 0.05}, ""rho_positive"": {""Female"": 0.8, ""Male"": 0.8}}",tpr,20,0.9775,0.03618301433429489,0.008090767968233267,0.9616420947822628,0.9933579052177373
REALDATA,SEMISYNTHETIC REAL-DATA EXPERIMENT,german,Female,random_forest,group_threshold_calibrated,pre,moderate_first_group,58a445a909825bd5,"{""alpha_negative"": {""Female"": 0.25, ""Male"": 0.25}, ""alpha_positive"": {""Female"": 0.65, ""Male"": 0.35}, ""contestation_scenario"": ""moderate_first_group"", ""rho_negative"": {""Female"": 0.05, ""Male"": 0.05}, ""rho_positive"": {""Female"": 0.8, ""Male"": 0.8}}",accuracy,20,0.675,0.027825809955057294,0.006222040258849848,0.6628048010926544,0.6871951989073457
REALDATA,SEMISYNTHETIC REAL-DATA EXPERIMENT,german,Female,random_forest,group_threshold_calibrated,pre,moderate_first_group,58a445a909825bd5,"{""alpha_negative"": {""Female"": 0.25, ""Male"": 0.25}, ""alpha_positive"": {""Female"": 0.65, ""Male"": 0.35}, ""contestation_scenario"": ""moderate_first_group"", ""rho_negative"": {""Female"": 0.05, ""Male"": 0.05}, ""rho_positive"": {""Female"": 0.8, ""Male"": 0.8}}",fnr,20,0.022499999999999985,0.03618301433429487,0.008090767968233263,0.00664209478226279,0.03835790521773718
REALDATA,SEMISYNTHETIC REAL-DATA EXPERIMENT,german,Female,random_forest,group_threshold_calibrated,pre,moderate_first_group,58a445a909825bd5,"{""alpha_negative"": {""Female"": 0.25, ""Male"": 0.25}, ""alpha_positive"": {""Female"": 0.65, ""Male"": 0.35}, ""contestation_scenario"": ""moderate_first_group"", ""rho_negative"": {""Female"": 0.05, ""Male"": 0.05}, ""rho_positive"": {""Female"": 0.8, ""Male"": 0.8}}",fpr,20,0.875,0.11693769136793299,0.02614806270305885,0.8237497971020047,0.9262502028979953
REALDATA,SEMISYNTHETIC REAL-DATA EXPERIMENT,german,Female,random_forest,group_threshold_calibrated,pre,moderate_first_group,58a445a909825bd5,"{""alpha_negative"": {""Female"": 0.25, ""Male"": 0.25}, ""alpha_positive"": {""Female"": 0.65, ""Male"": 0.35}, ""contestation_scenario"": ""moderate_first_group"", ""rho_negative"": {""Female"": 0.05, ""Male"": 0.05}, ""rho_positive"": {""Female"": 0.8, ""Male"": 0.8}}",n,20,62.0,0.0,0.0,62.0,62.0
REALDATA,SEMISYNTHETIC REAL-DATA EXPERIMENT,german,Female,random_forest,group_threshold_calibrated,pre,moderate_first_group,58a445a909825bd5,"{""alpha_negative"": {""Female"": 0.25, ""Male"": 0.25}, ""alpha_positive"": {""Female"": 0.65, ""Male"": 0.35}, ""contestation_scenario"": ""moderate_first_group"", ""rho_negative"": {""Female"": 0.05, ""Male"": 0.05}, ""rho_positive"": {""Female"": 0.8, ""Male"": 0.8}}",positive_rate,20,0.9411290322580644,0.06131154131854267,0.01370967741935485,0.9142580645161289,0.968
REALDATA,SEMISYNTHETIC REAL-DATA EXPERIMENT,german,Female,random_forest,group_threshold_calibrated,pre,moderate_first_group,58a445a909825bd5,"{""alpha_negative"": {""Female"": 0.25, ""Male"": 0.25}, ""alpha_positive"": {""Female"": 0.65, ""Male"": 0.35}, ""contestation_scenario"": ""moderate_first_group"", ""rho_negative"": {""Female"": 0.05, ""Male"": 0.05}, ""rho_positive"": {""Female"": 0.8, ""Male"": 0.8}}",prevalence,20,0.6451612903225806,0.0,0.0,0.6451612903225806,0.6451612903225806
REALDATA,SEMISYNTHETIC REAL-DATA EXPERIMENT,german,Female,random_forest,group_threshold_calibrated,pre,moderate_first_group,58a445a909825bd5,"{""alpha_negative"": {""Female"": 0.25, ""Male"": 0.25}, ""alpha_positive"": {""Female"": 0.65, ""Male"": 0.35}, ""contestation_scenario"": ""moderate_first_group"", ""rho_negative"": {""Female"": 0.05, ""Male"": 0.05}, ""rho_positive"": {""Female"": 0.8, ""Male"": 0.8}}",tnr,20,0.12499999999999997,0.11693769136793294,0.026148062703058843,0.07374979710200463,0.1762502028979953
REALDATA,SEMISYNTHETIC REAL-DATA EXPERIMENT,german,Female,random_forest,group_threshold_calibrated,pre,moderate_first_group,58a445a909825bd5,"{""alpha_negative"": {""Female"": 0.25, ""Male"": 0.25}, ""alpha_positive"": {""Female"": 0.65, ""Male"": 0.35}, ""contestation_scenario"": ""moderate_first_group"", ""rho_negative"": {""Female"": 0.05, ""Male"": 0.05}, ""rho_positive"": {""Female"": 0.8, ""Male"": 0.8}}",tpr,20,0.9775,0.03618301433429489,0.008090767968233267,0.9616420947822628,0.9933579052177373
REALDATA,SEMISYNTHETIC REAL-DATA EXPERIMENT,german,Female,random_forest,group_threshold_calibrated,pre,moderate_second_group,f2d18f38dbf44f65,"{""alpha_negative"": {""Female"": 0.25, ""Male"": 0.25}, ""alpha_positive"": {""Female"": 0.35, ""Male"": 0.65}, ""contestation_scenario"": ""moderate_second_group"", ""rho_negative"": {""Female"": 0.05, ""Male"": 0.05}, ""rho_positive"": {""Female"": 0.8, ""Male"": 0.8}}",accuracy,20,0.675,0.027825809955057294,0.006222040258849848,0.6628048010926544,0.6871951989073457
REALDATA,SEMISYNTHETIC REAL-DATA EXPERIMENT,german,Female,random_forest,group_threshold_calibrated,pre,moderate_second_group,f2d18f38dbf44f65,"{""alpha_negative"": {""Female"": 0.25, ""Male"": 0.25}, ""alpha_positive"": {""Female"": 0.35, ""Male"": 0.65}, ""contestation_scenario"": ""moderate_second_group"", ""rho_negative"": {""Female"": 0.05, ""Male"": 0.05}, ""rho_positive"": {""Female"": 0.8, ""Male"": 0.8}}",fnr,20,0.022499999999999985,0.03618301433429487,0.008090767968233263,0.00664209478226279,0.03835790521773718
REALDATA,SEMISYNTHETIC REAL-DATA EXPERIMENT,german,Female,random_forest,group_threshold_calibrated,pre,moderate_second_group,f2d18f38dbf44f65,"{""alpha_negative"": {""Female"": 0.25, ""Male"": 0.25}, ""alpha_positive"": {""Female"": 0.35, ""Male"": 0.65}, ""contestation_scenario"": ""moderate_second_group"", ""rho_negative"": {""Female"": 0.05, ""Male"": 0.05}, ""rho_positive"": {""Female"": 0.8, ""Male"": 0.8}}",fpr,20,0.875,0.11693769136793299,0.02614806270305885,0.8237497971020047,0.9262502028979953
REALDATA,SEMISYNTHETIC REAL-DATA EXPERIMENT,german,Female,random_forest,group_threshold_calibrated,pre,moderate_second_group,f2d18f38dbf44f65,"{""alpha_negative"": {""Female"": 0.25, ""Male"": 0.25}, ""alpha_positive"": {""Female"": 0.35, ""Male"": 0.65}, ""contestation_scenario"": ""moderate_second_group"", ""rho_negative"": {""Female"": 0.05, ""Male"": 0.05}, ""rho_positive"": {""Female"": 0.8, ""Male"": 0.8}}",n,20,62.0,0.0,0.0,62.0,62.0
REALDATA,SEMISYNTHETIC REAL-DATA EXPERIMENT,german,Female,random_forest,group_threshold_calibrated,pre,moderate_second_group,f2d18f38dbf44f65,"{""alpha_negative"": {""Female"": 0.25, ""Male"": 0.25}, ""alpha_positive"": {""Female"": 0.35, ""Male"": 0.65}, ""contestation_scenario"": ""moderate_second_group"", ""rho_negative"": {""Female"": 0.05, ""Male"": 0.05}, ""rho_positive"": {""Female"": 0.8, ""Male"": 0.8}}",positive_rate,20,0.9411290322580644,0.06131154131854267,0.01370967741935485,0.9142580645161289,0.968
REALDATA,SEMISYNTHETIC REAL-DATA EXPERIMENT,german,Female,random_forest,group_threshold_calibrated,pre,moderate_second_group,f2d18f38dbf44f65,"{""alpha_negative"": {""Female"": 0.25, ""Male"": 0.25}, ""alpha_positive"": {""Female"": 0.35, ""Male"": 0.65}, ""contestation_scenario"": ""moderate_second_group"", ""rho_negative"": {""Female"": 0.05, ""Male"": 0.05}, ""rho_positive"": {""Female"": 0.8, ""Male"": 0.8}}",prevalence,20,0.6451612903225806,0.0,0.0,0.6451612903225806,0.6451612903225806
REALDATA,SEMISYNTHETIC REAL-DATA EXPERIMENT,german,Female,random_forest,group_threshold_calibrated,pre,moderate_second_group,f2d18f38dbf44f65,"{""alpha_negative"": {""Female"": 0.25, ""Male"": 0.25}, ""alpha_positive"": {""Female"": 0.35, ""Male"": 0.65}, ""contestation_scenario"": ""moderate_second_group"", ""rho_negative"": {""Female"": 0.05, ""Male"": 0.05}, ""rho_positive"": {""Female"": 0.8, ""Male"": 0.8}}",tnr,20,0.12499999999999997,0.11693769136793294,0.026148062703058843,0.07374979710200463,0.1762502028979953
REALDATA,SEMISYNTHETIC REAL-DATA EXPERIMENT,german,Female,random_forest,group_threshold_calibrated,pre,moderate_second_group,f2d18f38dbf44f65,"{""alpha_negative"": {""Female"": 0.25, ""Male"": 0.25}, ""alpha_positive"": {""Female"": 0.35, ""Male"": 0.65}, ""contestation_scenario"": ""moderate_second_group"", ""rho_negative"": {""Female"": 0.05, ""Male"": 0.05}, ""rho_positive"": {""Female"": 0.8, ""Male"": 0.8}}",tpr,20,0.9775,0.03618301433429489,0.008090767968233267,0.9616420947822628,0.9933579052177373
REALDATA,SEMISYNTHETIC REAL-DATA EXPERIMENT,german,Female,random_forest,group_threshold_calibrated,pre,strong_first_group,80db5b8b411cb1ee,"{""alpha_negative"": {""Female"": 0.25, ""Male"": 0.25}, ""alpha_positive"": {""Female"": 0.75, ""Male"": 0.25}, ""contestation_scenario"": ""strong_first_group"", ""rho_negative"": {""Female"": 0.05, ""Male"": 0.05}, ""rho_positive"": {""Female"": 0.8, ""Male"": 0.8}}",accuracy,20,0.675,0.027825809955057294,0.006222040258849848,0.6628048010926544,0.6871951989073457
REALDATA,SEMISYNTHETIC REAL-DATA EXPERIMENT,german,Female,random_forest,group_threshold_calibrated,pre,strong_first_group,80db5b8b411cb1ee,"{""alpha_negative"": {""Female"": 0.25, ""Male"": 0.25}, ""alpha_positive"": {""Female"": 0.75, ""Male"": 0.25}, ""contestation_scenario"": ""strong_first_group"", ""rho_negative"": {""Female"": 0.05, ""Male"": 0.05}, ""rho_positive"": {""Female"": 0.8, ""Male"": 0.8}}",fnr,20,0.022499999999999985,0.03618301433429487,0.008090767968233263,0.00664209478226279,0.03835790521773718
REALDATA,SEMISYNTHETIC REAL-DATA EXPERIMENT,german,Female,random_forest,group_threshold_calibrated,pre,strong_first_group,80db5b8b411cb1ee,"{""alpha_negative"": {""Female"": 0.25, ""Male"": 0.25}, ""alpha_positive"": {""Female"": 0.75, ""Male"": 0.25}, ""contestation_scenario"": ""strong_first_group"", ""rho_negative"": {""Female"": 0.05, ""Male"": 0.05}, ""rho_positive"": {""Female"": 0.8, ""Male"": 0.8}}",fpr,20,0.875,0.11693769136793299,0.02614806270305885,0.8237497971020047,0.9262502028979953
REALDATA,SEMISYNTHETIC REAL-DATA EXPERIMENT,german,Female,random_forest,group_threshold_calibrated,pre,strong_first_group,80db5b8b411cb1ee,"{""alpha_negative"": {""Female"": 0.25, ""Male"": 0.25}, ""alpha_positive"": {""Female"": 0.75, ""Male"": 0.25}, ""contestation_scenario"": ""strong_first_group"", ""rho_negative"": {""Female"": 0.05, ""Male"": 0.05}, ""rho_positive"": {""Female"": 0.8, ""Male"": 0.8}}",n,20,62.0,0.0,0.0,62.0,62.0
REALDATA,SEMISYNTHETIC REAL-DATA EXPERIMENT,german,Female,random_forest,group_threshold_calibrated,pre,strong_first_group,80db5b8b411cb1ee,"{""alpha_negative"": {""Female"": 0.25, ""Male"": 0.25}, ""alpha_positive"": {""Female"": 0.75, ""Male"": 0.25}, ""contestation_scenario"": ""strong_first_group"", ""rho_negative"": {""Female"": 0.05, ""Male"": 0.05}, ""rho_positive"": {""Female"": 0.8, ""Male"": 0.8}}",positive_rate,20,0.9411290322580644,0.06131154131854267,0.01370967741935485,0.9142580645161289,0.968
REALDATA,SEMISYNTHETIC REAL-DATA EXPERIMENT,german,Female,random_forest,group_threshold_calibrated,pre,strong_first_group,80db5b8b411cb1ee,"{""alpha_negative"": {""Female"": 0.25, ""Male"": 0.25}, ""alpha_positive"": {""Female"": 0.75, ""Male"": 0.25}, ""contestation_scenario"": ""strong_first_group"", ""rho_negative"": {""Female"": 0.05, ""Male"": 0.05}, ""rho_positive"": {""Female"": 0.8, ""Male"": 0.8}}",prevalence,20,0.6451612903225806,0.0,0.0,0.6451612903225806,0.6451612903225806
REALDATA,SEMISYNTHETIC REAL-DATA EXPERIMENT,german,Female,random_forest,group_threshold_calibrated,pre,strong_first_group,80db5b8b411cb1ee,"{""alpha_negative"": {""Female"": 0.25, ""Male"": 0.25}, ""alpha_positive"": {""Female"": 0.75, ""Male"": 0.25}, ""contestation_scenario"": ""strong_first_group"", ""rho_negative"": {""Female"": 0.05, ""Male"": 0.05}, ""rho_positive"": {""Female"": 0.8, ""Male"": 0.8}}",tnr,20,0.12499999999999997,0.11693769136793294,0.026148062703058843,0.07374979710200463,0.1762502028979953
REALDATA,SEMISYNTHETIC REAL-DATA EXPERIMENT,german,Female,random_forest,group_threshold_calibrated,pre,strong_first_group,80db5b8b411cb1ee,"{""alpha_negative"": {""Female"": 0.25, ""Male"": 0.25}, ""alpha_positive"": {""Female"": 0.75, ""Male"": 0.25}, ""contestation_scenario"": ""strong_first_group"", ""rho_negative"": {""Female"": 0.05, ""Male"": 0.05}, ""rho_positive"": {""Female"": 0.8, ""Male"": 0.8}}",tpr,20,0.9775,0.03618301433429489,0.008090767968233267,0.9616420947822628,0.9933579052177373
REALDATA,SEMISYNTHETIC REAL-DATA EXPERIMENT,german,Female,random_forest,group_threshold_calibrated,pre,strong_second_group,1a6f52e99e976851,"{""alpha_negative"": {""Female"": 0.25, ""Male"": 0.25}, ""alpha_positive"": {""Female"": 0.25, ""Male"": 0.75}, ""contestation_scenario"": ""strong_second_group"", ""rho_negative"": {""Female"": 0.05, ""Male"": 0.05}, ""rho_positive"": {""Female"": 0.8, ""Male"": 0.8}}",accuracy,20,0.675,0.027825809955057294,0.006222040258849848,0.6628048010926544,0.6871951989073457
REALDATA,SEMISYNTHETIC REAL-DATA EXPERIMENT,german,Female,random_forest,group_threshold_calibrated,pre,strong_second_group,1a6f52e99e976851,"{""alpha_negative"": {""Female"": 0.25, ""Male"": 0.25}, ""alpha_positive"": {""Female"": 0.25, ""Male"": 0.75}, ""contestation_scenario"": ""strong_second_group"", ""rho_negative"": {""Female"": 0.05, ""Male"": 0.05}, ""rho_positive"": {""Female"": 0.8, ""Male"": 0.8}}",fnr,20,0.022499999999999985,0.03618301433429487,0.008090767968233263,0.00664209478226279,0.03835790521773718
REALDATA,SEMISYNTHETIC REAL-DATA EXPERIMENT,german,Female,random_forest,group_threshold_calibrated,pre,strong_second_group,1a6f52e99e976851,"{""alpha_negative"": {""Female"": 0.25, ""Male"": 0.25}, ""alpha_positive"": {""Female"": 0.25, ""Male"": 0.75}, ""contestation_scenario"": ""strong_second_group"", ""rho_negative"": {""Female"": 0.05, ""Male"": 0.05}, ""rho_positive"": {""Female"": 0.8, ""Male"": 0.8}}",fpr,20,0.875,0.11693769136793299,0.02614806270305885,0.8237497971020047,0.9262502028979953
REALDATA,SEMISYNTHETIC REAL-DATA EXPERIMENT,german,Female,random_forest,group_threshold_calibrated,pre,strong_second_group,1a6f52e99e976851,"{""alpha_negative"": {""Female"": 0.25, ""Male"": 0.25}, ""alpha_positive"": {""Female"": 0.25, ""Male"": 0.75}, ""contestation_scenario"": ""strong_second_group"", ""rho_negative"": {""Female"": 0.05, ""Male"": 0.05}, ""rho_positive"": {""Female"": 0.8, ""Male"": 0.8}}",n,20,62.0,0.0,0.0,62.0,62.0
REALDATA,SEMISYNTHETIC REAL-DATA EXPERIMENT,german,Female,random_forest,group_threshold_calibrated,pre,strong_second_group,1a6f52e99e976851,"{""alpha_negative"": {""Female"": 0.25, ""Male"": 0.25}, ""alpha_positive"": {""Female"": 0.25, ""Male"": 0.75}, ""contestation_scenario"": ""strong_second_group"", ""rho_negative"": {""Female"": 0.05, ""Male"": 0.05}, ""rho_positive"": {""Female"": 0.8, ""Male"": 0.8}}",positive_rate,20,0.9411290322580644,0.06131154131854267,0.01370967741935485,0.9142580645161289,0.968
REALDATA,SEMISYNTHETIC REAL-DATA EXPERIMENT,german,Female,random_forest,group_threshold_calibrated,pre,strong_second_group,1a6f52e99e976851,"{""alpha_negative"": {""Female"": 0.25, ""Male"": 0.25}, ""alpha_positive"": {""Female"": 0.25, ""Male"": 0.75}, ""contestation_scenario"": ""strong_second_group"", ""rho_negative"": {""Female"": 0.05, ""Male"": 0.05}, ""rho_positive"": {""Female"": 0.8, ""Male"": 0.8}}",prevalence,20,0.6451612903225806,0.0,0.0,0.6451612903225806,0.6451612903225806
REALDATA,SEMISYNTHETIC REAL-DATA EXPERIMENT,german,Female,random_forest,group_threshold_calibrated,pre,strong_second_group,1a6f52e99e976851,"{""alpha_negative"": {""Female"": 0.25, ""Male"": 0.25}, ""alpha_positive"": {""Female"": 0.25, ""Male"": 0.75}, ""contestation_scenario"": ""strong_second_group"", ""rho_negative"": {""Female"": 0.05, ""Male"": 0.05}, ""rho_positive"": {""Female"": 0.8, ""Male"": 0.8}}",tnr,20,0.12499999999999997,0.11693769136793294,0.026148062703058843,0.07374979710200463,0.1762502028979953
REALDATA,SEMISYNTHETIC REAL-DATA EXPERIMENT,german,Female,random_forest,group_threshold_calibrated,pre,strong_second_group,1a6f52e99e976851,"{""alpha_negative"": {""Female"": 0.25, ""Male"": 0.25}, ""alpha_positive"": {""Female"": 0.25, ""Male"": 0.75}, ""contestation_scenario"": ""strong_second_group"", ""rho_negative"": {""Female"": 0.05, ""Male"": 0.05}, ""rho_positive"": {""Female"": 0.8, ""Male"": 0.8}}",tpr,20,0.9775,0.03618301433429489,0.008090767968233267,0.9616420947822628,0.9933579052177373
REALDATA,SEMISYNTHETIC REAL-DATA EXPERIMENT,german,Female,random_forest,validation_selected_threshold,frozen_policy,equal_access,8b1b8b56ce23dea1,"{""alpha_negative"": {""Female"": 0.25, ""Male"": 0.25}, ""alpha_positive"": {""Female"": 0.5, ""Male"": 0.5}, ""contestation_scenario"": ""equal_access"", ""rho_negative"": {""Female"": 0.05, ""Male"": 0.05}, ""rho_positive"": {""Female"": 0.8, ""Male"": 0.8}}",decision_threshold,20,0.43899999999999995,0.14931069690590262,0.03338688680494658,0.37356170186230464,0.5044382981376953
REALDATA,SEMISYNTHETIC REAL-DATA EXPERIMENT,german,Female,random_forest,validation_selected_threshold,frozen_policy,moderate_first_group,58a445a909825bd5,"{""alpha_negative"": {""Female"": 0.25, ""Male"": 0.25}, ""alpha_positive"": {""Female"": 0.65, ""Male"": 0.35}, ""contestation_scenario"": ""moderate_first_group"", ""rho_negative"": {""Female"": 0.05, ""Male"": 0.05}, ""rho_positive"": {""Female"": 0.8, ""Male"": 0.8}}",decision_threshold,20,0.43899999999999995,0.14931069690590262,0.03338688680494658,0.37356170186230464,0.5044382981376953
REALDATA,SEMISYNTHETIC REAL-DATA EXPERIMENT,german,Female,random_forest,validation_selected_threshold,frozen_policy,moderate_second_group,f2d18f38dbf44f65,"{""alpha_negative"": {""Female"": 0.25, ""Male"": 0.25}, ""alpha_positive"": {""Female"": 0.35, ""Male"": 0.65}, ""contestation_scenario"": ""moderate_second_group"", ""rho_negative"": {""Female"": 0.05, ""Male"": 0.05}, ""rho_positive"": {""Female"": 0.8, ""Male"": 0.8}}",decision_threshold,20,0.43899999999999995,0.14931069690590262,0.03338688680494658,0.37356170186230464,0.5044382981376953
REALDATA,SEMISYNTHETIC REAL-DATA EXPERIMENT,german,Female,random_forest,validation_selected_threshold,frozen_policy,strong_first_group,80db5b8b411cb1ee,"{""alpha_negative"": {""Female"": 0.25, ""Male"": 0.25}, ""alpha_positive"": {""Female"": 0.75, ""Male"": 0.25}, ""contestation_scenario"": ""strong_first_group"", ""rho_negative"": {""Female"": 0.05, ""Male"": 0.05}, ""rho_positive"": {""Female"": 0.8, ""Male"": 0.8}}",decision_threshold,20,0.43899999999999995,0.14931069690590262,0.03338688680494658,0.37356170186230464,0.5044382981376953
REALDATA,SEMISYNTHETIC REAL-DATA EXPERIMENT,german,Female,random_forest,validation_selected_threshold,frozen_policy,strong_second_group,1a6f52e99e976851,"{""alpha_negative"": {""Female"": 0.25, ""Male"": 0.25}, ""alpha_positive"": {""Female"": 0.25, ""Male"": 0.75}, ""contestation_scenario"": ""strong_second_group"", ""rho_negative"": {""Female"": 0.05, ""Male"": 0.05}, ""rho_positive"": {""Female"": 0.8, ""Male"": 0.8}}",decision_threshold,20,0.43899999999999995,0.14931069690590262,0.03338688680494658,0.37356170186230464,0.5044382981376953
REALDATA,SEMISYNTHETIC REAL-DATA EXPERIMENT,german,Male,gradient_boosting,group_threshold_calibrated,post,equal_access,8b1b8b56ce23dea1,"{""alpha_negative"": {""Female"": 0.25, ""Male"": 0.25}, ""alpha_positive"": {""Female"": 0.5, ""Male"": 0.5}, ""contestation_scenario"": ""equal_access"", ""rho_negative"": {""Female"": 0.05, ""Male"": 0.05}, ""rho_positive"": {""Female"": 0.8, ""Male"": 0.8}}",accuracy,20,0.7891304347826087,0.024421359303166405,0.005460781950482697,0.7784273021596626,0.7998335674055548
REALDATA,SEMISYNTHETIC REAL-DATA EXPERIMENT,german,Male,gradient_boosting,group_threshold_calibrated,post,equal_access,8b1b8b56ce23dea1,"{""alpha_negative"": {""Female"": 0.25, ""Male"": 0.25}, ""alpha_positive"": {""Female"": 0.5, ""Male"": 0.5}, ""contestation_scenario"": ""equal_access"", ""rho_negative"": {""Female"": 0.05, ""Male"": 0.05}, ""rho_positive"": {""Female"": 0.8, ""Male"": 0.8}}",fnr,20,0.09549999999999995,0.03619755734707437,0.008094019884750524,0.07963572102588892,0.11136427897411097
REALDATA,SEMISYNTHETIC REAL-DATA EXPERIMENT,german,Male,gradient_boosting,group_threshold_calibrated,post,equal_access,8b1b8b56ce23dea1,"{""alpha_negative"": {""Female"": 0.25, ""Male"": 0.25}, ""alpha_positive"": {""Female"": 0.5, ""Male"": 0.5}, ""contestation_scenario"": ""equal_access"", ""rho_negative"": {""Female"": 0.05, ""Male"": 0.05}, ""rho_positive"": {""Female"": 0.8, ""Male"": 0.8}}",fpr,20,0.5144736842105263,0.08210446409157304,0.018359116296494782,0.4784898162693965,0.550457552151656
REALDATA,SEMISYNTHETIC REAL-DATA EXPERIMENT,german,Male,gradient_boosting,group_threshold_calibrated,post,equal_access,8b1b8b56ce23dea1,"{""alpha_negative"": {""Female"": 0.25, ""Male"": 0.25}, ""alpha_positive"": {""Female"": 0.5, ""Male"": 0.5}, ""contestation_scenario"": ""equal_access"", ""rho_negative"": {""Female"": 0.05, ""Male"": 0.05}, ""rho_positive"": {""Female"": 0.8, ""Male"": 0.8}}",n,20,138.0,0.0,0.0,138.0,138.0
REALDATA,SEMISYNTHETIC REAL-DATA EXPERIMENT,german,Male,gradient_boosting,group_threshold_calibrated,post,equal_access,8b1b8b56ce23dea1,"{""alpha_negative"": {""Female"": 0.25, ""Male"": 0.25}, ""alpha_positive"": {""Female"": 0.5, ""Male"": 0.5}, ""contestation_scenario"": ""equal_access"", ""rho_negative"": {""Female"": 0.05, ""Male"": 0.05}, ""rho_positive"": {""Female"": 0.8, ""Male"": 0.8}}",positive_rate,20,0.7971014492753623,0.04244904371617553,0.009491894732922876,0.7784973355988335,0.8157055629518911
REALDATA,SEMISYNTHETIC REAL-DATA EXPERIMENT,german,Male,gradient_boosting,group_threshold_calibrated,post,equal_access,8b1b8b56ce23dea1,"{""alpha_negative"": {""Female"": 0.25, ""Male"": 0.25}, ""alpha_positive"": {""Female"": 0.5, ""Male"": 0.5}, ""contestation_scenario"": ""equal_access"", ""rho_negative"": {""Female"": 0.05, ""Male"": 0.05}, ""rho_positive"": {""Female"": 0.8, ""Male"": 0.8}}",prevalence,20,0.7246376811594203,0.0,0.0,0.7246376811594203,0.7246376811594203
REALDATA,SEMISYNTHETIC REAL-DATA EXPERIMENT,german,Male,gradient_boosting,group_threshold_calibrated,post,equal_access,8b1b8b56ce23dea1,"{""alpha_negative"": {""Female"": 0.25, ""Male"": 0.25}, ""alpha_positive"": {""Female"": 0.5, ""Male"": 0.5}, ""contestation_scenario"": ""equal_access"", ""rho_negative"": {""Female"": 0.05, ""Male"": 0.05}, ""rho_positive"": {""Female"": 0.8, ""Male"": 0.8}}",tnr,20,0.48552631578947364,0.082104464091573,0.018359116296494775,0.44954244784834385,0.5215101837306034
REALDATA,SEMISYNTHETIC REAL-DATA EXPERIMENT,german,Male,gradient_boosting,group_threshold_calibrated,post,equal_access,8b1b8b56ce23dea1,"{""alpha_negative"": {""Female"": 0.25, ""Male"": 0.25}, ""alpha_positive"": {""Female"": 0.5, ""Male"": 0.5}, ""contestation_scenario"": ""equal_access"", ""rho_negative"": {""Female"": 0.05, ""Male"": 0.05}, ""rho_positive"": {""Female"": 0.8, ""Male"": 0.8}}",tpr,20,0.9045,0.03619755734707435,0.008094019884750519,0.888635721025889,0.920364278974111
REALDATA,SEMISYNTHETIC REAL-DATA EXPERIMENT,german,Male,gradient_boosting,group_threshold_calibrated,post,moderate_first_group,58a445a909825bd5,"{""alpha_negative"": {""Female"": 0.25, ""Male"": 0.25}, ""alpha_positive"": {""Female"": 0.65, ""Male"": 0.35}, ""contestation_scenario"": ""moderate_first_group"", ""rho_negative"": {""Female"": 0.05, ""Male"": 0.05}, ""rho_positive"": {""Female"": 0.8, ""Male"": 0.8}}",accuracy,20,0.7807971014492754,0.019081803754523292,0.004266821032842479,0.7724341322249041,0.7891600706736467
REALDATA,SEMISYNTHETIC REAL-DATA EXPERIMENT,german,Male,gradient_boosting,group_threshold_calibrated,post,moderate_first_group,58a445a909825bd5,"{""alpha_negative"": {""Female"": 0.25, ""Male"": 0.25}, ""alpha_positive"": {""Female"": 0.65, ""Male"": 0.35}, ""contestation_scenario"": ""moderate_first_group"", ""rho_negative"": {""Female"": 0.05, ""Male"": 0.05}, ""rho_positive"": {""Female"": 0.8, ""Male"": 0.8}}",fnr,20,0.10799999999999996,0.03707744384535246,0.00829076848701393,0.09175009376545265,0.12424990623454726
REALDATA,SEMISYNTHETIC REAL-DATA EXPERIMENT,german,Male,gradient_boosting,group_threshold_calibrated,post,moderate_first_group,58a445a909825bd5,"{""alpha_negative"": {""Female"": 0.25, ""Male"": 0.25}, ""alpha_positive"": {""Female"": 0.65, ""Male"": 0.35}, ""contestation_scenario"": ""moderate_first_group"", ""rho_negative"": {""Female"": 0.05, ""Male"": 0.05}, ""rho_positive"": {""Female"": 0.8, ""Male"": 0.8}}",fpr,20,0.5118421052631579,0.08030912357114307,0.01795766595185066,0.4766450799975306,0.5470391305287852
REALDATA,SEMISYNTHETIC REAL-DATA EXPERIMENT,german,Male,gradient_boosting,group_threshold_calibrated,post,moderate_first_group,58a445a909825bd5,"{""alpha_negative"": {""Female"": 0.25, ""Male"": 0.25}, ""alpha_positive"": {""Female"": 0.65, ""Male"": 0.35}, ""contestation_scenario"": ""moderate_first_group"", ""rho_negative"": {""Female"": 0.05, ""Male"": 0.05}, ""rho_positive"": {""Female"": 0.8, ""Male"": 0.8}}",n,20,138.0,0.0,0.0,138.0,138.0
REALDATA,SEMISYNTHETIC REAL-DATA EXPERIMENT,german,Male,gradient_boosting,group_threshold_calibrated,post,moderate_first_group,58a445a909825bd5,"{""alpha_negative"": {""Female"": 0.25, ""Male"": 0.25}, ""alpha_positive"": {""Female"": 0.65, ""Male"": 0.35}, ""contestation_scenario"": ""moderate_first_group"", ""rho_negative"": {""Female"": 0.05, ""Male"": 0.05}, ""rho_positive"": {""Female"": 0.8, ""Male"": 0.8}}",positive_rate,20,0.7873188405797101,0.04536188018104288,0.010143224767201234,0.7674381200359958,0.8071995611234245
REALDATA,SEMISYNTHETIC REAL-DATA EXPERIMENT,german,Male,gradient_boosting,group_threshold_calibrated,post,moderate_first_group,58a445a909825bd5,"{""alpha_negative"": {""Female"": 0.25, ""Male"": 0.25}, ""alpha_positive"": {""Female"": 0.65, ""Male"": 0.35}, ""contestation_scenario"": ""moderate_first_group"", ""rho_negative"": {""Female"": 0.05, ""Male"": 0.05}, ""rho_positive"": {""Female"": 0.8, ""Male"": 0.8}}",prevalence,20,0.7246376811594203,0.0,0.0,0.7246376811594203,0.7246376811594203
REALDATA,SEMISYNTHETIC REAL-DATA EXPERIMENT,german,Male,gradient_boosting,group_threshold_calibrated,post,moderate_first_group,58a445a909825bd5,"{""alpha_negative"": {""Female"": 0.25, ""Male"": 0.25}, ""alpha_positive"": {""Female"": 0.65, ""Male"": 0.35}, ""contestation_scenario"": ""moderate_first_group"", ""rho_negative"": {""Female"": 0.05, ""Male"": 0.05}, ""rho_positive"": {""Female"": 0.8, ""Male"": 0.8}}",tnr,20,0.4881578947368421,0.08030912357114309,0.017957665951850662,0.45296086947121483,0.5233549200024694
REALDATA,SEMISYNTHETIC REAL-DATA EXPERIMENT,german,Male,gradient_boosting,group_threshold_calibrated,post,moderate_first_group,58a445a909825bd5,"{""alpha_negative"": {""Female"": 0.25, ""Male"": 0.25}, ""alpha_positive"": {""Female"": 0.65, ""Male"": 0.35}, ""contestation_scenario"": ""moderate_first_group"", ""rho_negative"": {""Female"": 0.05, ""Male"": 0.05}, ""rho_positive"": {""Female"": 0.8, ""Male"": 0.8}}",tpr,20,0.892,0.03707744384535242,0.008290768487013921,0.8757500937654528,0.9082499062345473
REALDATA,SEMISYNTHETIC REAL-DATA EXPERIMENT,german,Male,gradient_boosting,group_threshold_calibrated,post,moderate_second_group,f2d18f38dbf44f65,"{""alpha_negative"": {""Female"": 0.25, ""Male"": 0.25}, ""alpha_positive"": {""Female"": 0.35, ""Male"": 0.65}, ""contestation_scenario"": ""moderate_second_group"", ""rho_negative"": {""Female"": 0.05, ""Male"": 0.05}, ""rho_positive"": {""Female"": 0.8, ""Male"": 0.8}}",accuracy,20,0.8072463768115942,0.01857168914542573,0.004152755938616691,0.7991069751719054,0.8153857784512829
REALDATA,SEMISYNTHETIC REAL-DATA EXPERIMENT,german,Male,gradient_boosting,group_threshold_calibrated,post,moderate_second_group,f2d18f38dbf44f65,"{""alpha_negative"": {""Female"": 0.25, ""Male"": 0.25}, ""alpha_positive"": {""Female"": 0.35, ""Male"": 0.65}, ""contestation_scenario"": ""moderate_second_group"", ""rho_negative"": {""Female"": 0.05, ""Male"": 0.05}, ""rho_positive"": {""Female"": 0.8, ""Male"": 0.8}}",fnr,20,0.07049999999999997,0.03899730085126673,0.008720061564244283,0.05340867933408117,0.08759132066591876
REALDATA,SEMISYNTHETIC REAL-DATA EXPERIMENT,german,Male,gradient_boosting,group_threshold_calibrated,post,moderate_second_group,f2d18f38dbf44f65,"{""alpha_negative"": {""Female"": 0.25, ""Male"": 0.25}, ""alpha_positive"": {""Female"": 0.35, ""Male"": 0.65}, ""contestation_scenario"": ""moderate_second_group"", ""rho_negative"": {""Female"": 0.05, ""Male"": 0.05}, ""rho_positive"": {""Female"": 0.8, ""Male"": 0.8}}",fpr,20,0.5144736842105263,0.08429488503173539,0.018848909308648985,0.4775298219655743,0.5514175464554784
REALDATA,SEMISYNTHETIC REAL-DATA EXPERIMENT,german,Male,gradient_boosting,group_threshold_calibrated,post,moderate_second_group,f2d18f38dbf44f65,"{""alpha_negative"": {""Female"": 0.25, ""Male"": 0.25}, ""alpha_positive"": {""Female"": 0.35, ""Male"": 0.65}, ""contestation_scenario"": ""moderate_second_group"", ""rho_negative"": {""Female"": 0.05, ""Male"": 0.05}, ""rho_positive"": {""Female"": 0.8, ""Male"": 0.8}}",n,20,138.0,0.0,0.0,138.0,138.0
REALDATA,SEMISYNTHETIC REAL-DATA EXPERIMENT,german,Male,gradient_boosting,group_threshold_calibrated,post,moderate_second_group,f2d18f38dbf44f65,"{""alpha_negative"": {""Female"": 0.25, ""Male"": 0.25}, ""alpha_positive"": {""Female"": 0.35, ""Male"": 0.65}, ""contestation_scenario"": ""moderate_second_group"", ""rho_negative"": {""Female"": 0.05, ""Male"": 0.05}, ""rho_positive"": {""Female"": 0.8, ""Male"": 0.8}}",positive_rate,20,0.8152173913043479,0.048267843999586134,0.010793018031042993,0.7940630759635037,0.8363717066451921
REALDATA,SEMISYNTHETIC REAL-DATA EXPERIMENT,german,Male,gradient_boosting,group_threshold_calibrated,post,moderate_second_group,f2d18f38dbf44f65,"{""alpha_negative"": {""Female"": 0.25, ""Male"": 0.25}, ""alpha_positive"": {""Female"": 0.35, ""Male"": 0.65}, ""contestation_scenario"": ""moderate_second_group"", ""rho_negative"": {""Female"": 0.05, ""Male"": 0.05}, ""rho_positive"": {""Female"": 0.8, ""Male"": 0.8}}",prevalence,20,0.7246376811594203,0.0,0.0,0.7246376811594203,0.7246376811594203
REALDATA,SEMISYNTHETIC REAL-DATA EXPERIMENT,german,Male,gradient_boosting,group_threshold_calibrated,post,moderate_second_group,f2d18f38dbf44f65,"{""alpha_negative"": {""Female"": 0.25, ""Male"": 0.25}, ""alpha_positive"": {""Female"": 0.35, ""Male"": 0.65}, ""contestation_scenario"": ""moderate_second_group"", ""rho_negative"": {""Female"": 0.05, ""Male"": 0.05}, ""rho_positive"": {""Female"": 0.8, ""Male"": 0.8}}",tnr,20,0.4855263157894737,0.0842948850317354,0.01884890930864899,0.4485824535445217,0.5224701780344257
REALDATA,SEMISYNTHETIC REAL-DATA EXPERIMENT,german,Male,gradient_boosting,group_threshold_calibrated,post,moderate_second_group,f2d18f38dbf44f65,"{""alpha_negative"": {""Female"": 0.25, ""Male"": 0.25}, ""alpha_positive"": {""Female"": 0.35, ""Male"": 0.65}, ""contestation_scenario"": ""moderate_second_group"", ""rho_negative"": {""Female"": 0.05, ""Male"": 0.05}, ""rho_positive"": {""Female"": 0.8, ""Male"": 0.8}}",tpr,20,0.9295,0.03899730085126671,0.008720061564244277,0.9124086793340812,0.9465913206659188
REALDATA,SEMISYNTHETIC REAL-DATA EXPERIMENT,german,Male,gradient_boosting,group_threshold_calibrated,post,strong_first_group,80db5b8b411cb1ee,"{""alpha_negative"": {""Female"": 0.25, ""Male"": 0.25}, ""alpha_positive"": {""Female"": 0.75, ""Male"": 0.25}, ""contestation_scenario"": ""strong_first_group"", ""rho_negative"": {""Female"": 0.05, ""Male"": 0.05}, ""rho_positive"": {""Female"": 0.8, ""Male"": 0.8}}",accuracy,20,0.7713768115942029,0.02186273024806779,0.004888655100842042,0.7617950475965525,0.7809585755918533
REALDATA,SEMISYNTHETIC REAL-DATA EXPERIMENT,german,Male,gradient_boosting,group_threshold_calibrated,post,strong_first_group,80db5b8b411cb1ee,"{""alpha_negative"": {""Female"": 0.25, ""Male"": 0.25}, ""alpha_positive"": {""Female"": 0.75, ""Male"": 0.25}, ""contestation_scenario"": ""strong_first_group"", ""rho_negative"": {""Female"": 0.05, ""Male"": 0.05}, ""rho_positive"": {""Female"": 0.8, ""Male"": 0.8}}",fnr,20,0.12049999999999997,0.04071402189599268,0.00910393205968545,0.10265629316301648,0.13834370683698344
REALDATA,SEMISYNTHETIC REAL-DATA EXPERIMENT,german,Male,gradient_boosting,group_threshold_calibrated,post,strong_first_group,80db5b8b411cb1ee,"{""alpha_negative"": {""Female"": 0.25, ""Male"": 0.25}, ""alpha_positive"": {""Female"": 0.75, ""Male"": 0.25}, ""contestation_scenario"": ""strong_first_group"", ""rho_negative"": {""Female"": 0.05, ""Male"": 0.05}, ""rho_positive"": {""Female"": 0.8, ""Male"": 0.8}}",fpr,20,0.5131578947368421,0.07940770683226683,0.01775610304143231,0.4783559327756348,0.5479598566980495
REALDATA,SEMISYNTHETIC REAL-DATA EXPERIMENT,german,Male,gradient_boosting,group_threshold_calibrated,post,strong_first_group,80db5b8b411cb1ee,"{""alpha_negative"": {""Female"": 0.25, ""Male"": 0.25}, ""alpha_positive"": {""Female"": 0.75, ""Male"": 0.25}, ""contestation_scenario"": ""strong_first_group"", ""rho_negative"": {""Female"": 0.05, ""Male"": 0.05}, ""rho_positive"": {""Female"": 0.8, ""Male"": 0.8}}",n,20,138.0,0.0,0.0,138.0,138.0
REALDATA,SEMISYNTHETIC REAL-DATA EXPERIMENT,german,Male,gradient_boosting,group_threshold_calibrated,post,strong_first_group,80db5b8b411cb1ee,"{""alpha_negative"": {""Female"": 0.25, ""Male"": 0.25}, ""alpha_positive"": {""Female"": 0.75, ""Male"": 0.25}, ""contestation_scenario"": ""strong_first_group"", ""rho_negative"": {""Female"": 0.05, ""Male"": 0.05}, ""rho_positive"": {""Female"": 0.8, ""Male"": 0.8}}",positive_rate,20,0.778623188405797,0.04710731642153303,0.010533516175613999,0.7579774967015936,0.7992688801100004
REALDATA,SEMISYNTHETIC REAL-DATA EXPERIMENT,german,Male,gradient_boosting,group_threshold_calibrated,post,strong_first_group,80db5b8b411cb1ee,"{""alpha_negative"": {""Female"": 0.25, ""Male"": 0.25}, ""alpha_positive"": {""Female"": 0.75, ""Male"": 0.25}, ""contestation_scenario"": ""strong_first_group"", ""rho_negative"": {""Female"": 0.05, ""Male"": 0.05}, ""rho_positive"": {""Female"": 0.8, ""Male"": 0.8}}",prevalence,20,0.7246376811594203,0.0,0.0,0.7246376811594203,0.7246376811594203
REALDATA,SEMISYNTHETIC REAL-DATA EXPERIMENT,german,Male,gradient_boosting,group_threshold_calibrated,post,strong_first_group,80db5b8b411cb1ee,"{""alpha_negative"": {""Female"": 0.25, ""Male"": 0.25}, ""alpha_positive"": {""Female"": 0.75, ""Male"": 0.25}, ""contestation_scenario"": ""strong_first_group"", ""rho_negative"": {""Female"": 0.05, ""Male"": 0.05}, ""rho_positive"": {""Female"": 0.8, ""Male"": 0.8}}",tnr,20,0.48684210526315785,0.07940770683226686,0.017756103041432318,0.4520401433019505,0.5216440672243652
REALDATA,SEMISYNTHETIC REAL-DATA EXPERIMENT,german,Male,gradient_boosting,group_threshold_calibrated,post,strong_first_group,80db5b8b411cb1ee,"{""alpha_negative"": {""Female"": 0.25, ""Male"": 0.25}, ""alpha_positive"": {""Female"": 0.75, ""Male"": 0.25}, ""contestation_scenario"": ""strong_first_group"", ""rho_negative"": {""Female"": 0.05, ""Male"": 0.05}, ""rho_positive"": {""Female"": 0.8, ""Male"": 0.8}}",tpr,20,0.8795,0.040714021895992665,0.009103932059685446,0.8616562931630165,0.8973437068369834
REALDATA,SEMISYNTHETIC REAL-DATA EXPERIMENT,german,Male,gradient_boosting,group_threshold_calibrated,post,strong_second_group,1a6f52e99e976851,"{""alpha_negative"": {""Female"": 0.25, ""Male"": 0.25}, ""alpha_positive"": {""Female"": 0.25, ""Male"": 0.75}, ""contestation_scenario"": ""strong_second_group"", ""rho_negative"": {""Female"": 0.05, ""Male"": 0.05}, ""rho_positive"": {""Female"": 0.8, ""Male"": 0.8}}",accuracy,20,0.8144927536231885,0.017340378017858503,0.003877426400347467,0.8068929978785074,0.8220925093678696
REALDATA,SEMISYNTHETIC REAL-DATA EXPERIMENT,german,Male,gradient_boosting,group_threshold_calibrated,post,strong_second_group,1a6f52e99e976851,"{""alpha_negative"": {""Female"": 0.25, ""Male"": 0.25}, ""alpha_positive"": {""Female"": 0.25, ""Male"": 0.75}, ""contestation_scenario"": ""strong_second_group"", ""rho_negative"": {""Female"": 0.05, ""Male"": 0.05}, ""rho_positive"": {""Female"": 0.8, ""Male"": 0.8}}",fnr,20,0.060999999999999964,0.03210181172129498,0.007178183320971511,0.0469307606908958,0.07506923930910413
REALDATA,SEMISYNTHETIC REAL-DATA EXPERIMENT,german,Male,gradient_boosting,group_threshold_calibrated,post,strong_second_group,1a6f52e99e976851,"{""alpha_negative"": {""Female"": 0.25, ""Male"": 0.25}, ""alpha_positive"": {""Female"": 0.25, ""Male"": 0.75}, ""contestation_scenario"": ""strong_second_group"", ""rho_negative"": {""Female"": 0.05, ""Male"": 0.05}, ""rho_positive"": {""Female"": 0.8, ""Male"": 0.8}}",fpr,20,0.5131578947368421,0.08255823623726448,0.018460582832900984,0.4769751523843562,0.5493406370893281
REALDATA,SEMISYNTHETIC REAL-DATA EXPERIMENT,german,Male,gradient_boosting,group_threshold_calibrated,post,strong_second_group,1a6f52e99e976851,"{""alpha_negative"": {""Female"": 0.25, ""Male"": 0.25}, ""alpha_positive"": {""Female"": 0.25, ""Male"": 0.75}, ""contestation_scenario"": ""strong_second_group"", ""rho_negative"": {""Female"": 0.05, ""Male"": 0.05}, ""rho_positive"": {""Female"": 0.8, ""Male"": 0.8}}",n,20,138.0,0.0,0.0,138.0,138.0
REALDATA,SEMISYNTHETIC REAL-DATA EXPERIMENT,german,Male,gradient_boosting,group_threshold_calibrated,post,strong_second_group,1a6f52e99e976851,"{""alpha_negative"": {""Female"": 0.25, ""Male"": 0.25}, ""alpha_positive"": {""Female"": 0.25, ""Male"": 0.75}, ""contestation_scenario"": ""strong_second_group"", ""rho_negative"": {""Female"": 0.05, ""Male"": 0.05}, ""rho_positive"": {""Female"": 0.8, ""Male"": 0.8}}",positive_rate,20,0.8217391304347826,0.0426050113342481,0.009526770152552776,0.8030666609357792,0.8404115999337861
REALDATA,SEMISYNTHETIC REAL-DATA EXPERIMENT,german,Male,gradient_boosting,group_threshold_calibrated,post,strong_second_group,1a6f52e99e976851,"{""alpha_negative"": {""Female"": 0.25, ""Male"": 0.25}, ""alpha_positive"": {""Female"": 0.25, ""Male"": 0.75}, ""contestation_scenario"": ""strong_second_group"", ""rho_negative"": {""Female"": 0.05, ""Male"": 0.05}, ""rho_positive"": {""Female"": 0.8, ""Male"": 0.8}}",prevalence,20,0.7246376811594203,0.0,0.0,0.7246376811594203,0.7246376811594203
REALDATA,SEMISYNTHETIC REAL-DATA EXPERIMENT,german,Male,gradient_boosting,group_threshold_calibrated,post,strong_second_group,1a6f52e99e976851,"{""alpha_negative"": {""Female"": 0.25, ""Male"": 0.25}, ""alpha_positive"": {""Female"": 0.25, ""Male"": 0.75}, ""contestation_scenario"": ""strong_second_group"", ""rho_negative"": {""Female"": 0.05, ""Male"": 0.05}, ""rho_positive"": {""Female"": 0.8, ""Male"": 0.8}}",tnr,20,0.48684210526315785,0.08255823623726445,0.018460582832900977,0.45065936291067193,0.5230248476156437
REALDATA,SEMISYNTHETIC REAL-DATA EXPERIMENT,german,Male,gradient_boosting,group_threshold_calibrated,post,strong_second_group,1a6f52e99e976851,"{""alpha_negative"": {""Female"": 0.25, ""Male"": 0.25}, ""alpha_positive"": {""Female"": 0.25, ""Male"": 0.75}, ""contestation_scenario"": ""strong_second_group"", ""rho_negative"": {""Female"": 0.05, ""Male"": 0.05}, ""rho_positive"": {""Female"": 0.8, ""Male"": 0.8}}",tpr,20,0.9390000000000001,0.03210181172129499,0.007178183320971513,0.9249307606908959,0.9530692393091043
REALDATA,SEMISYNTHETIC REAL-DATA EXPERIMENT,german,Male,gradient_boosting,group_threshold_calibrated,pre,equal_access,8b1b8b56ce23dea1,"{""alpha_negative"": {""Female"": 0.25, ""Male"": 0.25}, ""alpha_positive"": {""Female"": 0.5, ""Male"": 0.5}, ""contestation_scenario"": ""equal_access"", ""rho_negative"": {""Female"": 0.05, ""Male"": 0.05}, ""rho_positive"": {""Female"": 0.8, ""Male"": 0.8}}",accuracy,20,0.75,0.02941143956490933,0.006576597818326409,0.7371098682760803,0.7628901317239197
REALDATA,SEMISYNTHETIC REAL-DATA EXPERIMENT,german,Male,gradient_boosting,group_threshold_calibrated,pre,equal_access,8b1b8b56ce23dea1,"{""alpha_negative"": {""Female"": 0.25, ""Male"": 0.25}, ""alpha_positive"": {""Female"": 0.5, ""Male"": 0.5}, ""contestation_scenario"": ""equal_access"", ""rho_negative"": {""Female"": 0.05, ""Male"": 0.05}, ""rho_positive"": {""Female"": 0.8, ""Male"": 0.8}}",fnr,20,0.15249999999999994,0.056649894318663914,0.012667301461471164,0.12767208913551648,0.1773279108644834
REALDATA,SEMISYNTHETIC REAL-DATA EXPERIMENT,german,Male,gradient_boosting,group_threshold_calibrated,pre,equal_access,8b1b8b56ce23dea1,"{""alpha_negative"": {""Female"": 0.25, ""Male"": 0.25}, ""alpha_positive"": {""Female"": 0.5, ""Male"": 0.5}, ""contestation_scenario"": ""equal_access"", ""rho_negative"": {""Female"": 0.05, ""Male"": 0.05}, ""rho_positive"": {""Female"": 0.8, ""Male"": 0.8}}",fpr,20,0.506578947368421,0.0786582888401838,0.017588528084046408,0.47210543232369007,0.541052462413152
REALDATA,SEMISYNTHETIC REAL-DATA EXPERIMENT,german,Male,gradient_boosting,group_threshold_calibrated,pre,equal_access,8b1b8b56ce23dea1,"{""alpha_negative"": {""Female"": 0.25, ""Male"": 0.25}, ""alpha_positive"": {""Female"": 0.5, ""Male"": 0.5}, ""contestation_scenario"": ""equal_access"", ""rho_negative"": {""Female"": 0.05, ""Male"": 0.05}, ""rho_positive"": {""Female"": 0.8, ""Male"": 0.8}}",n,20,138.0,0.0,0.0,138.0,138.0
REALDATA,SEMISYNTHETIC REAL-DATA EXPERIMENT,german,Male,gradient_boosting,group_threshold_calibrated,pre,equal_access,8b1b8b56ce23dea1,"{""alpha_negative"": {""Female"": 0.25, ""Male"": 0.25}, ""alpha_positive"": {""Female"": 0.5, ""Male"": 0.5}, ""contestation_scenario"": ""equal_access"", ""rho_negative"": {""Female"": 0.05, ""Male"": 0.05}, ""rho_positive"": {""Female"": 0.8, ""Male"": 0.8}}",positive_rate,20,0.7536231884057971,0.05868176046399957,0.013121640543686263,0.7279047729401721,0.7793416038714222
REALDATA,SEMISYNTHETIC REAL-DATA EXPERIMENT,german,Male,gradient_boosting,group_threshold_calibrated,pre,equal_access,8b1b8b56ce23dea1,"{""alpha_negative"": {""Female"": 0.25, ""Male"": 0.25}, ""alpha_positive"": {""Female"": 0.5, ""Male"": 0.5}, ""contestation_scenario"": ""equal_access"", ""rho_negative"": {""Female"": 0.05, ""Male"": 0.05}, ""rho_positive"": {""Female"": 0.8, ""Male"": 0.8}}",prevalence,20,0.7246376811594203,0.0,0.0,0.7246376811594203,0.7246376811594203
REALDATA,SEMISYNTHETIC REAL-DATA EXPERIMENT,german,Male,gradient_boosting,group_threshold_calibrated,pre,equal_access,8b1b8b56ce23dea1,"{""alpha_negative"": {""Female"": 0.25, ""Male"": 0.25}, ""alpha_positive"": {""Female"": 0.5, ""Male"": 0.5}, ""contestation_scenario"": ""equal_access"", ""rho_negative"": {""Female"": 0.05, ""Male"": 0.05}, ""rho_positive"": {""Female"": 0.8, ""Male"": 0.8}}",tnr,20,0.4934210526315789,0.07865828884018383,0.017588528084046415,0.458947537586848,0.5278945676763099
REALDATA,SEMISYNTHETIC REAL-DATA EXPERIMENT,german,Male,gradient_boosting,group_threshold_calibrated,pre,equal_access,8b1b8b56ce23dea1,"{""alpha_negative"": {""Female"": 0.25, ""Male"": 0.25}, ""alpha_positive"": {""Female"": 0.5, ""Male"": 0.5}, ""contestation_scenario"": ""equal_access"", ""rho_negative"": {""Female"": 0.05, ""Male"": 0.05}, ""rho_positive"": {""Female"": 0.8, ""Male"": 0.8}}",tpr,20,0.8474999999999999,0.05664989431866387,0.012667301461471155,0.8226720891355165,0.8723279108644834
REALDATA,SEMISYNTHETIC REAL-DATA EXPERIMENT,german,Male,gradient_boosting,group_threshold_calibrated,pre,moderate_first_group,58a445a909825bd5,"{""alpha_negative"": {""Female"": 0.25, ""Male"": 0.25}, ""alpha_positive"": {""Female"": 0.65, ""Male"": 0.35}, ""contestation_scenario"": ""moderate_first_group"", ""rho_negative"": {""Female"": 0.05, ""Male"": 0.05}, ""rho_positive"": {""Female"": 0.8, ""Male"": 0.8}}",accuracy,20,0.75,0.02941143956490933,0.006576597818326409,0.7371098682760803,0.7628901317239197
REALDATA,SEMISYNTHETIC REAL-DATA EXPERIMENT,german,Male,gradient_boosting,group_threshold_calibrated,pre,moderate_first_group,58a445a909825bd5,"{""alpha_negative"": {""Female"": 0.25, ""Male"": 0.25}, ""alpha_positive"": {""Female"": 0.65, ""Male"": 0.35}, ""contestation_scenario"": ""moderate_first_group"", ""rho_negative"": {""Female"": 0.05, ""Male"": 0.05}, ""rho_positive"": {""Female"": 0.8, ""Male"": 0.8}}",fnr,20,0.15249999999999994,0.056649894318663914,0.012667301461471164,0.12767208913551648,0.1773279108644834
REALDATA,SEMISYNTHETIC REAL-DATA EXPERIMENT,german,Male,gradient_boosting,group_threshold_calibrated,pre,moderate_first_group,58a445a909825bd5,"{""alpha_negative"": {""Female"": 0.25, ""Male"": 0.25}, ""alpha_positive"": {""Female"": 0.65, ""Male"": 0.35}, ""contestation_scenario"": ""moderate_first_group"", ""rho_negative"": {""Female"": 0.05, ""Male"": 0.05}, ""rho_positive"": {""Female"": 0.8, ""Male"": 0.8}}",fpr,20,0.506578947368421,0.0786582888401838,0.017588528084046408,0.47210543232369007,0.541052462413152
REALDATA,SEMISYNTHETIC REAL-DATA EXPERIMENT,german,Male,gradient_boosting,group_threshold_calibrated,pre,moderate_first_group,58a445a909825bd5,"{""alpha_negative"": {""Female"": 0.25, ""Male"": 0.25}, ""alpha_positive"": {""Female"": 0.65, ""Male"": 0.35}, ""contestation_scenario"": ""moderate_first_group"", ""rho_negative"": {""Female"": 0.05, ""Male"": 0.05}, ""rho_positive"": {""Female"": 0.8, ""Male"": 0.8}}",n,20,138.0,0.0,0.0,138.0,138.0
REALDATA,SEMISYNTHETIC REAL-DATA EXPERIMENT,german,Male,gradient_boosting,group_threshold_calibrated,pre,moderate_first_group,58a445a909825bd5,"{""alpha_negative"": {""Female"": 0.25, ""Male"": 0.25}, ""alpha_positive"": {""Female"": 0.65, ""Male"": 0.35}, ""contestation_scenario"": ""moderate_first_group"", ""rho_negative"": {""Female"": 0.05, ""Male"": 0.05}, ""rho_positive"": {""Female"": 0.8, ""Male"": 0.8}}",positive_rate,20,0.7536231884057971,0.05868176046399957,0.013121640543686263,0.7279047729401721,0.7793416038714222
REALDATA,SEMISYNTHETIC REAL-DATA EXPERIMENT,german,Male,gradient_boosting,group_threshold_calibrated,pre,moderate_first_group,58a445a909825bd5,"{""alpha_negative"": {""Female"": 0.25, ""Male"": 0.25}, ""alpha_positive"": {""Female"": 0.65, ""Male"": 0.35}, ""contestation_scenario"": ""moderate_first_group"", ""rho_negative"": {""Female"": 0.05, ""Male"": 0.05}, ""rho_positive"": {""Female"": 0.8, ""Male"": 0.8}}",prevalence,20,0.7246376811594203,0.0,0.0,0.7246376811594203,0.7246376811594203
REALDATA,SEMISYNTHETIC REAL-DATA EXPERIMENT,german,Male,gradient_boosting,group_threshold_calibrated,pre,moderate_first_group,58a445a909825bd5,"{""alpha_negative"": {""Female"": 0.25, ""Male"": 0.25}, ""alpha_positive"": {""Female"": 0.65, ""Male"": 0.35}, ""contestation_scenario"": ""moderate_first_group"", ""rho_negative"": {""Female"": 0.05, ""Male"": 0.05}, ""rho_positive"": {""Female"": 0.8, ""Male"": 0.8}}",tnr,20,0.4934210526315789,0.07865828884018383,0.017588528084046415,0.458947537586848,0.5278945676763099
REALDATA,SEMISYNTHETIC REAL-DATA EXPERIMENT,german,Male,gradient_boosting,group_threshold_calibrated,pre,moderate_first_group,58a445a909825bd5,"{""alpha_negative"": {""Female"": 0.25, ""Male"": 0.25}, ""alpha_positive"": {""Female"": 0.65, ""Male"": 0.35}, ""contestation_scenario"": ""moderate_first_group"", ""rho_negative"": {""Female"": 0.05, ""Male"": 0.05}, ""rho_positive"": {""Female"": 0.8, ""Male"": 0.8}}",tpr,20,0.8474999999999999,0.05664989431866387,0.012667301461471155,0.8226720891355165,0.8723279108644834
REALDATA,SEMISYNTHETIC REAL-DATA EXPERIMENT,german,Male,gradient_boosting,group_threshold_calibrated,pre,moderate_second_group,f2d18f38dbf44f65,"{""alpha_negative"": {""Female"": 0.25, ""Male"": 0.25}, ""alpha_positive"": {""Female"": 0.35, ""Male"": 0.65}, ""contestation_scenario"": ""moderate_second_group"", ""rho_negative"": {""Female"": 0.05, ""Male"": 0.05}, ""rho_positive"": {""Female"": 0.8, ""Male"": 0.8}}",accuracy,20,0.75,0.02941143956490933,0.006576597818326409,0.7371098682760803,0.7628901317239197
REALDATA,SEMISYNTHETIC REAL-DATA EXPERIMENT,german,Male,gradient_boosting,group_threshold_calibrated,pre,moderate_second_group,f2d18f38dbf44f65,"{""alpha_negative"": {""Female"": 0.25, ""Male"": 0.25}, ""alpha_positive"": {""Female"": 0.35, ""Male"": 0.65}, ""contestation_scenario"": ""moderate_second_group"", ""rho_negative"": {""Female"": 0.05, ""Male"": 0.05}, ""rho_positive"": {""Female"": 0.8, ""Male"": 0.8}}",fnr,20,0.15249999999999994,0.056649894318663914,0.012667301461471164,0.12767208913551648,0.1773279108644834
REALDATA,SEMISYNTHETIC REAL-DATA EXPERIMENT,german,Male,gradient_boosting,group_threshold_calibrated,pre,moderate_second_group,f2d18f38dbf44f65,"{""alpha_negative"": {""Female"": 0.25, ""Male"": 0.25}, ""alpha_positive"": {""Female"": 0.35, ""Male"": 0.65}, ""contestation_scenario"": ""moderate_second_group"", ""rho_negative"": {""Female"": 0.05, ""Male"": 0.05}, ""rho_positive"": {""Female"": 0.8, ""Male"": 0.8}}",fpr,20,0.506578947368421,0.0786582888401838,0.017588528084046408,0.47210543232369007,0.541052462413152
REALDATA,SEMISYNTHETIC REAL-DATA EXPERIMENT,german,Male,gradient_boosting,group_threshold_calibrated,pre,moderate_second_group,f2d18f38dbf44f65,"{""alpha_negative"": {""Female"": 0.25, ""Male"": 0.25}, ""alpha_positive"": {""Female"": 0.35, ""Male"": 0.65}, ""contestation_scenario"": ""moderate_second_group"", ""rho_negative"": {""Female"": 0.05, ""Male"": 0.05}, ""rho_positive"": {""Female"": 0.8, ""Male"": 0.8}}",n,20,138.0,0.0,0.0,138.0,138.0
REALDATA,SEMISYNTHETIC REAL-DATA EXPERIMENT,german,Male,gradient_boosting,group_threshold_calibrated,pre,moderate_second_group,f2d18f38dbf44f65,"{""alpha_negative"": {""Female"": 0.25, ""Male"": 0.25}, ""alpha_positive"": {""Female"": 0.35, ""Male"": 0.65}, ""contestation_scenario"": ""moderate_second_group"", ""rho_negative"": {""Female"": 0.05, ""Male"": 0.05}, ""rho_positive"": {""Female"": 0.8, ""Male"": 0.8}}",positive_rate,20,0.7536231884057971,0.05868176046399957,0.013121640543686263,0.7279047729401721,0.7793416038714222
REALDATA,SEMISYNTHETIC REAL-DATA EXPERIMENT,german,Male,gradient_boosting,group_threshold_calibrated,pre,moderate_second_group,f2d18f38dbf44f65,"{""alpha_negative"": {""Female"": 0.25, ""Male"": 0.25}, ""alpha_positive"": {""Female"": 0.35, ""Male"": 0.65}, ""contestation_scenario"": ""moderate_second_group"", ""rho_negative"": {""Female"": 0.05, ""Male"": 0.05}, ""rho_positive"": {""Female"": 0.8, ""Male"": 0.8}}",prevalence,20,0.7246376811594203,0.0,0.0,0.7246376811594203,0.7246376811594203
REALDATA,SEMISYNTHETIC REAL-DATA EXPERIMENT,german,Male,gradient_boosting,group_threshold_calibrated,pre,moderate_second_group,f2d18f38dbf44f65,"{""alpha_negative"": {""Female"": 0.25, ""Male"": 0.25}, ""alpha_positive"": {""Female"": 0.35, ""Male"": 0.65}, ""contestation_scenario"": ""moderate_second_group"", ""rho_negative"": {""Female"": 0.05, ""Male"": 0.05}, ""rho_positive"": {""Female"": 0.8, ""Male"": 0.8}}",tnr,20,0.4934210526315789,0.07865828884018383,0.017588528084046415,0.458947537586848,0.5278945676763099
REALDATA,SEMISYNTHETIC REAL-DATA EXPERIMENT,german,Male,gradient_boosting,group_threshold_calibrated,pre,moderate_second_group,f2d18f38dbf44f65,"{""alpha_negative"": {""Female"": 0.25, ""Male"": 0.25}, ""alpha_positive"": {""Female"": 0.35, ""Male"": 0.65}, ""contestation_scenario"": ""moderate_second_group"", ""rho_negative"": {""Female"": 0.05, ""Male"": 0.05}, ""rho_positive"": {""Female"": 0.8, ""Male"": 0.8}}",tpr,20,0.8474999999999999,0.05664989431866387,0.012667301461471155,0.8226720891355165,0.8723279108644834
REALDATA,SEMISYNTHETIC REAL-DATA EXPERIMENT,german,Male,gradient_boosting,group_threshold_calibrated,pre,strong_first_group,80db5b8b411cb1ee,"{""alpha_negative"": {""Female"": 0.25, ""Male"": 0.25}, ""alpha_positive"": {""Female"": 0.75, ""Male"": 0.25}, ""contestation_scenario"": ""strong_first_group"", ""rho_negative"": {""Female"": 0.05, ""Male"": 0.05}, ""rho_positive"": {""Female"": 0.8, ""Male"": 0.8}}",accuracy,20,0.75,0.02941143956490933,0.006576597818326409,0.7371098682760803,0.7628901317239197
REALDATA,SEMISYNTHETIC REAL-DATA EXPERIMENT,german,Male,gradient_boosting,group_threshold_calibrated,pre,strong_first_group,80db5b8b411cb1ee,"{""alpha_negative"": {""Female"": 0.25, ""Male"": 0.25}, ""alpha_positive"": {""Female"": 0.75, ""Male"": 0.25}, ""contestation_scenario"": ""strong_first_group"", ""rho_negative"": {""Female"": 0.05, ""Male"": 0.05}, ""rho_positive"": {""Female"": 0.8, ""Male"": 0.8}}",fnr,20,0.15249999999999994,0.056649894318663914,0.012667301461471164,0.12767208913551648,0.1773279108644834
REALDATA,SEMISYNTHETIC REAL-DATA EXPERIMENT,german,Male,gradient_boosting,group_threshold_calibrated,pre,strong_first_group,80db5b8b411cb1ee,"{""alpha_negative"": {""Female"": 0.25, ""Male"": 0.25}, ""alpha_positive"": {""Female"": 0.75, ""Male"": 0.25}, ""contestation_scenario"": ""strong_first_group"", ""rho_negative"": {""Female"": 0.05, ""Male"": 0.05}, ""rho_positive"": {""Female"": 0.8, ""Male"": 0.8}}",fpr,20,0.506578947368421,0.0786582888401838,0.017588528084046408,0.47210543232369007,0.541052462413152
REALDATA,SEMISYNTHETIC REAL-DATA EXPERIMENT,german,Male,gradient_boosting,group_threshold_calibrated,pre,strong_first_group,80db5b8b411cb1ee,"{""alpha_negative"": {""Female"": 0.25, ""Male"": 0.25}, ""alpha_positive"": {""Female"": 0.75, ""Male"": 0.25}, ""contestation_scenario"": ""strong_first_group"", ""rho_negative"": {""Female"": 0.05, ""Male"": 0.05}, ""rho_positive"": {""Female"": 0.8, ""Male"": 0.8}}",n,20,138.0,0.0,0.0,138.0,138.0
REALDATA,SEMISYNTHETIC REAL-DATA EXPERIMENT,german,Male,gradient_boosting,group_threshold_calibrated,pre,strong_first_group,80db5b8b411cb1ee,"{""alpha_negative"": {""Female"": 0.25, ""Male"": 0.25}, ""alpha_positive"": {""Female"": 0.75, ""Male"": 0.25}, ""contestation_scenario"": ""strong_first_group"", ""rho_negative"": {""Female"": 0.05, ""Male"": 0.05}, ""rho_positive"": {""Female"": 0.8, ""Male"": 0.8}}",positive_rate,20,0.7536231884057971,0.05868176046399957,0.013121640543686263,0.7279047729401721,0.7793416038714222
REALDATA,SEMISYNTHETIC REAL-DATA EXPERIMENT,german,Male,gradient_boosting,group_threshold_calibrated,pre,strong_first_group,80db5b8b411cb1ee,"{""alpha_negative"": {""Female"": 0.25, ""Male"": 0.25}, ""alpha_positive"": {""Female"": 0.75, ""Male"": 0.25}, ""contestation_scenario"": ""strong_first_group"", ""rho_negative"": {""Female"": 0.05, ""Male"": 0.05}, ""rho_positive"": {""Female"": 0.8, ""Male"": 0.8}}",prevalence,20,0.7246376811594203,0.0,0.0,0.7246376811594203,0.7246376811594203
REALDATA,SEMISYNTHETIC REAL-DATA EXPERIMENT,german,Male,gradient_boosting,group_threshold_calibrated,pre,strong_first_group,80db5b8b411cb1ee,"{""alpha_negative"": {""Female"": 0.25, ""Male"": 0.25}, ""alpha_positive"": {""Female"": 0.75, ""Male"": 0.25}, ""contestation_scenario"": ""strong_first_group"", ""rho_negative"": {""Female"": 0.05, ""Male"": 0.05}, ""rho_positive"": {""Female"": 0.8, ""Male"": 0.8}}",tnr,20,0.4934210526315789,0.07865828884018383,0.017588528084046415,0.458947537586848,0.5278945676763099
REALDATA,SEMISYNTHETIC REAL-DATA EXPERIMENT,german,Male,gradient_boosting,group_threshold_calibrated,pre,strong_first_group,80db5b8b411cb1ee,"{""alpha_negative"": {""Female"": 0.25, ""Male"": 0.25}, ""alpha_positive"": {""Female"": 0.75, ""Male"": 0.25}, ""contestation_scenario"": ""strong_first_group"", ""rho_negative"": {""Female"": 0.05, ""Male"": 0.05}, ""rho_positive"": {""Female"": 0.8, ""Male"": 0.8}}",tpr,20,0.8474999999999999,0.05664989431866387,0.012667301461471155,0.8226720891355165,0.8723279108644834
REALDATA,SEMISYNTHETIC REAL-DATA EXPERIMENT,german,Male,gradient_boosting,group_threshold_calibrated,pre,strong_second_group,1a6f52e99e976851,"{""alpha_negative"": {""Female"": 0.25, ""Male"": 0.25}, ""alpha_positive"": {""Female"": 0.25, ""Male"": 0.75}, ""contestation_scenario"": ""strong_second_group"", ""rho_negative"": {""Female"": 0.05, ""Male"": 0.05}, ""rho_positive"": {""Female"": 0.8, ""Male"": 0.8}}",accuracy,20,0.75,0.02941143956490933,0.006576597818326409,0.7371098682760803,0.7628901317239197
REALDATA,SEMISYNTHETIC REAL-DATA EXPERIMENT,german,Male,gradient_boosting,group_threshold_calibrated,pre,strong_second_group,1a6f52e99e976851,"{""alpha_negative"": {""Female"": 0.25, ""Male"": 0.25}, ""alpha_positive"": {""Female"": 0.25, ""Male"": 0.75}, ""contestation_scenario"": ""strong_second_group"", ""rho_negative"": {""Female"": 0.05, ""Male"": 0.05}, ""rho_positive"": {""Female"": 0.8, ""Male"": 0.8}}",fnr,20,0.15249999999999994,0.056649894318663914,0.012667301461471164,0.12767208913551648,0.1773279108644834
REALDATA,SEMISYNTHETIC REAL-DATA EXPERIMENT,german,Male,gradient_boosting,group_threshold_calibrated,pre,strong_second_group,1a6f52e99e976851,"{""alpha_negative"": {""Female"": 0.25, ""Male"": 0.25}, ""alpha_positive"": {""Female"": 0.25, ""Male"": 0.75}, ""contestation_scenario"": ""strong_second_group"", ""rho_negative"": {""Female"": 0.05, ""Male"": 0.05}, ""rho_positive"": {""Female"": 0.8, ""Male"": 0.8}}",fpr,20,0.506578947368421,0.0786582888401838,0.017588528084046408,0.47210543232369007,0.541052462413152
REALDATA,SEMISYNTHETIC REAL-DATA EXPERIMENT,german,Male,gradient_boosting,group_threshold_calibrated,pre,strong_second_group,1a6f52e99e976851,"{""alpha_negative"": {""Female"": 0.25, ""Male"": 0.25}, ""alpha_positive"": {""Female"": 0.25, ""Male"": 0.75}, ""contestation_scenario"": ""strong_second_group"", ""rho_negative"": {""Female"": 0.05, ""Male"": 0.05}, ""rho_positive"": {""Female"": 0.8, ""Male"": 0.8}}",n,20,138.0,0.0,0.0,138.0,138.0
REALDATA,SEMISYNTHETIC REAL-DATA EXPERIMENT,german,Male,gradient_boosting,group_threshold_calibrated,pre,strong_second_group,1a6f52e99e976851,"{""alpha_negative"": {""Female"": 0.25, ""Male"": 0.25}, ""alpha_positive"": {""Female"": 0.25, ""Male"": 0.75}, ""contestation_scenario"": ""strong_second_group"", ""rho_negative"": {""Female"": 0.05, ""Male"": 0.05}, ""rho_positive"": {""Female"": 0.8, ""Male"": 0.8}}",positive_rate,20,0.7536231884057971,0.05868176046399957,0.013121640543686263,0.7279047729401721,0.7793416038714222
REALDATA,SEMISYNTHETIC REAL-DATA EXPERIMENT,german,Male,gradient_boosting,group_threshold_calibrated,pre,strong_second_group,1a6f52e99e976851,"{""alpha_negative"": {""Female"": 0.25, ""Male"": 0.25}, ""alpha_positive"": {""Female"": 0.25, ""Male"": 0.75}, ""contestation_scenario"": ""strong_second_group"", ""rho_negative"": {""Female"": 0.05, ""Male"": 0.05}, ""rho_positive"": {""Female"": 0.8, ""Male"": 0.8}}",prevalence,20,0.7246376811594203,0.0,0.0,0.7246376811594203,0.7246376811594203
REALDATA,SEMISYNTHETIC REAL-DATA EXPERIMENT,german,Male,gradient_boosting,group_threshold_calibrated,pre,strong_second_group,1a6f52e99e976851,"{""alpha_negative"": {""Female"": 0.25, ""Male"": 0.25}, ""alpha_positive"": {""Female"": 0.25, ""Male"": 0.75}, ""contestation_scenario"": ""strong_second_group"", ""rho_negative"": {""Female"": 0.05, ""Male"": 0.05}, ""rho_positive"": {""Female"": 0.8, ""Male"": 0.8}}",tnr,20,0.4934210526315789,0.07865828884018383,0.017588528084046415,0.458947537586848,0.5278945676763099
REALDATA,SEMISYNTHETIC REAL-DATA EXPERIMENT,german,Male,gradient_boosting,group_threshold_calibrated,pre,strong_second_group,1a6f52e99e976851,"{""alpha_negative"": {""Female"": 0.25, ""Male"": 0.25}, ""alpha_positive"": {""Female"": 0.25, ""Male"": 0.75}, ""contestation_scenario"": ""strong_second_group"", ""rho_negative"": {""Female"": 0.05, ""Male"": 0.05}, ""rho_positive"": {""Female"": 0.8, ""Male"": 0.8}}",tpr,20,0.8474999999999999,0.05664989431866387,0.012667301461471155,0.8226720891355165,0.8723279108644834
REALDATA,SEMISYNTHETIC REAL-DATA EXPERIMENT,german,Male,gradient_boosting,validation_selected_threshold,frozen_policy,equal_access,8b1b8b56ce23dea1,"{""alpha_negative"": {""Female"": 0.25, ""Male"": 0.25}, ""alpha_positive"": {""Female"": 0.5, ""Male"": 0.5}, ""contestation_scenario"": ""equal_access"", ""rho_negative"": {""Female"": 0.05, ""Male"": 0.05}, ""rho_positive"": {""Female"": 0.8, ""Male"": 0.8}}",decision_threshold,20,0.521,0.07362064927722385,0.01646207763315433,0.48873432783901755,0.5532656721609825
REALDATA,SEMISYNTHETIC REAL-DATA EXPERIMENT,german,Male,gradient_boosting,validation_selected_threshold,frozen_policy,moderate_first_group,58a445a909825bd5,"{""alpha_negative"": {""Female"": 0.25, ""Male"": 0.25}, ""alpha_positive"": {""Female"": 0.65, ""Male"": 0.35}, ""contestation_scenario"": ""moderate_first_group"", ""rho_negative"": {""Female"": 0.05, ""Male"": 0.05}, ""rho_positive"": {""Female"": 0.8, ""Male"": 0.8}}",decision_threshold,20,0.521,0.07362064927722385,0.01646207763315433,0.48873432783901755,0.5532656721609825
REALDATA,SEMISYNTHETIC REAL-DATA EXPERIMENT,german,Male,gradient_boosting,validation_selected_threshold,frozen_policy,moderate_second_group,f2d18f38dbf44f65,"{""alpha_negative"": {""Female"": 0.25, ""Male"": 0.25}, ""alpha_positive"": {""Female"": 0.35, ""Male"": 0.65}, ""contestation_scenario"": ""moderate_second_group"", ""rho_negative"": {""Female"": 0.05, ""Male"": 0.05}, ""rho_positive"": {""Female"": 0.8, ""Male"": 0.8}}",decision_threshold,20,0.521,0.07362064927722385,0.01646207763315433,0.48873432783901755,0.5532656721609825
REALDATA,SEMISYNTHETIC REAL-DATA EXPERIMENT,german,Male,gradient_boosting,validation_selected_threshold,frozen_policy,strong_first_group,80db5b8b411cb1ee,"{""alpha_negative"": {""Female"": 0.25, ""Male"": 0.25}, ""alpha_positive"": {""Female"": 0.75, ""Male"": 0.25}, ""contestation_scenario"": ""strong_first_group"", ""rho_negative"": {""Female"": 0.05, ""Male"": 0.05}, ""rho_positive"": {""Female"": 0.8, ""Male"": 0.8}}",decision_threshold,20,0.521,0.07362064927722385,0.01646207763315433,0.48873432783901755,0.5532656721609825
REALDATA,SEMISYNTHETIC REAL-DATA EXPERIMENT,german,Male,gradient_boosting,validation_selected_threshold,frozen_policy,strong_second_group,1a6f52e99e976851,"{""alpha_negative"": {""Female"": 0.25, ""Male"": 0.25}, ""alpha_positive"": {""Female"": 0.25, ""Male"": 0.75}, ""contestation_scenario"": ""strong_second_group"", ""rho_negative"": {""Female"": 0.05, ""Male"": 0.05}, ""rho_positive"": {""Female"": 0.8, ""Male"": 0.8}}",decision_threshold,20,0.521,0.07362064927722385,0.01646207763315433,0.48873432783901755,0.5532656721609825
REALDATA,SEMISYNTHETIC REAL-DATA EXPERIMENT,german,Male,logistic,group_threshold_calibrated,post,equal_access,8b1b8b56ce23dea1,"{""alpha_negative"": {""Female"": 0.25, ""Male"": 0.25}, ""alpha_positive"": {""Female"": 0.5, ""Male"": 0.5}, ""contestation_scenario"": ""equal_access"", ""rho_negative"": {""Female"": 0.05, ""Male"": 0.05}, ""rho_positive"": {""Female"": 0.8, ""Male"": 0.8}}",accuracy,20,0.7793478260869565,0.026440000254543173,0.005912163789427028,0.7677599850596796,0.7909356671142335
REALDATA,SEMISYNTHETIC REAL-DATA EXPERIMENT,german,Male,logistic,group_threshold_calibrated,post,equal_access,8b1b8b56ce23dea1,"{""alpha_negative"": {""Female"": 0.25, ""Male"": 0.25}, ""alpha_positive"": {""Female"": 0.5, ""Male"": 0.5}, ""contestation_scenario"": ""equal_access"", ""rho_negative"": {""Female"": 0.05, ""Male"": 0.05}, ""rho_positive"": {""Female"": 0.8, ""Male"": 0.8}}",fnr,20,0.08849999999999997,0.040428624564911024,0.00904011527639589,0.07078137405826403,0.10621862594173591
REALDATA,SEMISYNTHETIC REAL-DATA EXPERIMENT,german,Male,logistic,group_threshold_calibrated,post,equal_access,8b1b8b56ce23dea1,"{""alpha_negative"": {""Female"": 0.25, ""Male"": 0.25}, ""alpha_positive"": {""Female"": 0.5, ""Male"": 0.5}, ""contestation_scenario"": ""equal_access"", ""rho_negative"": {""Female"": 0.05, ""Male"": 0.05}, ""rho_positive"": {""Female"": 0.8, ""Male"": 0.8}}",fpr,20,0.5684210526315789,0.09011502264178656,0.02015033164209674,0.5289264026130693,0.6079157026500885
REALDATA,SEMISYNTHETIC REAL-DATA EXPERIMENT,german,Male,logistic,group_threshold_calibrated,post,equal_access,8b1b8b56ce23dea1,"{""alpha_negative"": {""Female"": 0.25, ""Male"": 0.25}, ""alpha_positive"": {""Female"": 0.5, ""Male"": 0.5}, ""contestation_scenario"": ""equal_access"", ""rho_negative"": {""Female"": 0.05, ""Male"": 0.05}, ""rho_positive"": {""Female"": 0.8, ""Male"": 0.8}}",n,20,138.0,0.0,0.0,138.0,138.0
REALDATA,SEMISYNTHETIC REAL-DATA EXPERIMENT,german,Male,logistic,group_threshold_calibrated,post,equal_access,8b1b8b56ce23dea1,"{""alpha_negative"": {""Female"": 0.25, ""Male"": 0.25}, ""alpha_positive"": {""Female"": 0.5, ""Male"": 0.5}, ""contestation_scenario"": ""equal_access"", ""rho_negative"": {""Female"": 0.05, ""Male"": 0.05}, ""rho_positive"": {""Female"": 0.8, ""Male"": 0.8}}",positive_rate,20,0.8170289855072465,0.04742306439675839,0.010604119569250182,0.7962449111515161,0.8378130598629768
REALDATA,SEMISYNTHETIC REAL-DATA EXPERIMENT,german,Male,logistic,group_threshold_calibrated,post,equal_access,8b1b8b56ce23dea1,"{""alpha_negative"": {""Female"": 0.25, ""Male"": 0.25}, ""alpha_positive"": {""Female"": 0.5, ""Male"": 0.5}, ""contestation_scenario"": ""equal_access"", ""rho_negative"": {""Female"": 0.05, ""Male"": 0.05}, ""rho_positive"": {""Female"": 0.8, ""Male"": 0.8}}",prevalence,20,0.7246376811594203,0.0,0.0,0.7246376811594203,0.7246376811594203
REALDATA,SEMISYNTHETIC REAL-DATA EXPERIMENT,german,Male,logistic,group_threshold_calibrated,post,equal_access,8b1b8b56ce23dea1,"{""alpha_negative"": {""Female"": 0.25, ""Male"": 0.25}, ""alpha_positive"": {""Female"": 0.5, ""Male"": 0.5}, ""contestation_scenario"": ""equal_access"", ""rho_negative"": {""Female"": 0.05, ""Male"": 0.05}, ""rho_positive"": {""Female"": 0.8, ""Male"": 0.8}}",tnr,20,0.43157894736842106,0.09011502264178656,0.02015033164209674,0.39208429734991146,0.47107359738693066
REALDATA,SEMISYNTHETIC REAL-DATA EXPERIMENT,german,Male,logistic,group_threshold_calibrated,post,equal_access,8b1b8b56ce23dea1,"{""alpha_negative"": {""Female"": 0.25, ""Male"": 0.25}, ""alpha_positive"": {""Female"": 0.5, ""Male"": 0.5}, ""contestation_scenario"": ""equal_access"", ""rho_negative"": {""Female"": 0.05, ""Male"": 0.05}, ""rho_positive"": {""Female"": 0.8, ""Male"": 0.8}}",tpr,20,0.9115,0.040428624564911,0.009040115276395885,0.8937813740582641,0.9292186259417359
REALDATA,SEMISYNTHETIC REAL-DATA EXPERIMENT,german,Male,logistic,group_threshold_calibrated,post,moderate_first_group,58a445a909825bd5,"{""alpha_negative"": {""Female"": 0.25, ""Male"": 0.25}, ""alpha_positive"": {""Female"": 0.65, ""Male"": 0.35}, ""contestation_scenario"": ""moderate_first_group"", ""rho_negative"": {""Female"": 0.05, ""Male"": 0.05}, ""rho_positive"": {""Female"": 0.8, ""Male"": 0.8}}",accuracy,20,0.7677536231884058,0.026854852027450974,0.006004927465907842,0.7559839653552264,0.7795232810215852
REALDATA,SEMISYNTHETIC REAL-DATA EXPERIMENT,german,Male,logistic,group_threshold_calibrated,post,moderate_first_group,58a445a909825bd5,"{""alpha_negative"": {""Female"": 0.25, ""Male"": 0.25}, ""alpha_positive"": {""Female"": 0.65, ""Male"": 0.35}, ""contestation_scenario"": ""moderate_first_group"", ""rho_negative"": {""Female"": 0.05, ""Male"": 0.05}, ""rho_positive"": {""Female"": 0.8, ""Male"": 0.8}}",fnr,20,0.10399999999999995,0.04892529213531908,0.01094002790336093,0.08255754530941253,0.12544245469058737
REALDATA,SEMISYNTHETIC REAL-DATA EXPERIMENT,german,Male,logistic,group_threshold_calibrated,post,moderate_first_group,58a445a909825bd5,"{""alpha_negative"": {""Female"": 0.25, ""Male"": 0.25}, ""alpha_positive"": {""Female"": 0.65, ""Male"": 0.35}, ""contestation_scenario"": ""moderate_first_group"", ""rho_negative"": {""Female"": 0.05, ""Male"": 0.05}, ""rho_positive"": {""Female"": 0.8, ""Male"": 0.8}}",fpr,20,0.5697368421052632,0.0896588437718843,0.020048326945796693,0.5304421212915017,0.6090315629190247
REALDATA,SEMISYNTHETIC REAL-DATA EXPERIMENT,german,Male,logistic,group_threshold_calibrated,post,moderate_first_group,58a445a909825bd5,"{""alpha_negative"": {""Female"": 0.25, ""Male"": 0.25}, ""alpha_positive"": {""Female"": 0.65, ""Male"": 0.35}, ""contestation_scenario"": ""moderate_first_group"", ""rho_negative"": {""Female"": 0.05, ""Male"": 0.05}, ""rho_positive"": {""Female"": 0.8, ""Male"": 0.8}}",n,20,138.0,0.0,0.0,138.0,138.0
REALDATA,SEMISYNTHETIC REAL-DATA EXPERIMENT,german,Male,logistic,group_threshold_calibrated,post,moderate_first_group,58a445a909825bd5,"{""alpha_negative"": {""Female"": 0.25, ""Male"": 0.25}, ""alpha_positive"": {""Female"": 0.65, ""Male"": 0.35}, ""contestation_scenario"": ""moderate_first_group"", ""rho_negative"": {""Female"": 0.05, ""Male"": 0.05}, ""rho_positive"": {""Female"": 0.8, ""Male"": 0.8}}",positive_rate,20,0.8061594202898551,0.05487917221736032,0.012271355962693554,0.7821075626029758,0.8302112779767344
REALDATA,SEMISYNTHETIC REAL-DATA EXPERIMENT,german,Male,logistic,group_threshold_calibrated,post,moderate_first_group,58a445a909825bd5,"{""alpha_negative"": {""Female"": 0.25, ""Male"": 0.25}, ""alpha_positive"": {""Female"": 0.65, ""Male"": 0.35}, ""contestation_scenario"": ""moderate_first_group"", ""rho_negative"": {""Female"": 0.05, ""Male"": 0.05}, ""rho_positive"": {""Female"": 0.8, ""Male"": 0.8}}",prevalence,20,0.7246376811594203,0.0,0.0,0.7246376811594203,0.7246376811594203
REALDATA,SEMISYNTHETIC REAL-DATA EXPERIMENT,german,Male,logistic,group_threshold_calibrated,post,moderate_first_group,58a445a909825bd5,"{""alpha_negative"": {""Female"": 0.25, ""Male"": 0.25}, ""alpha_positive"": {""Female"": 0.65, ""Male"": 0.35}, ""contestation_scenario"": ""moderate_first_group"", ""rho_negative"": {""Female"": 0.05, ""Male"": 0.05}, ""rho_positive"": {""Female"": 0.8, ""Male"": 0.8}}",tnr,20,0.4302631578947368,0.08965884377188431,0.020048326945796696,0.3909684370809753,0.4695578787084983
REALDATA,SEMISYNTHETIC REAL-DATA EXPERIMENT,german,Male,logistic,group_threshold_calibrated,post,moderate_first_group,58a445a909825bd5,"{""alpha_negative"": {""Female"": 0.25, ""Male"": 0.25}, ""alpha_positive"": {""Female"": 0.65, ""Male"": 0.35}, ""contestation_scenario"": ""moderate_first_group"", ""rho_negative"": {""Female"": 0.05, ""Male"": 0.05}, ""rho_positive"": {""Female"": 0.8, ""Male"": 0.8}}",tpr,20,0.8960000000000001,0.04892529213531907,0.010940027903360927,0.8745575453094128,0.9174424546905875
REALDATA,SEMISYNTHETIC REAL-DATA EXPERIMENT,german,Male,logistic,group_threshold_calibrated,post,moderate_second_group,f2d18f38dbf44f65,"{""alpha_negative"": {""Female"": 0.25, ""Male"": 0.25}, ""alpha_positive"": {""Female"": 0.35, ""Male"": 0.65}, ""contestation_scenario"": ""moderate_second_group"", ""rho_negative"": {""Female"": 0.05, ""Male"": 0.05}, ""rho_positive"": {""Female"": 0.8, ""Male"": 0.8}}",accuracy,20,0.8,0.027457835328029444,0.006139758630846907,0.78796607308354,0.81203392691646
REALDATA,SEMISYNTHETIC REAL-DATA EXPERIMENT,german,Male,logistic,group_threshold_calibrated,post,moderate_second_group,f2d18f38dbf44f65,"{""alpha_negative"": {""Female"": 0.25, ""Male"": 0.25}, ""alpha_positive"": {""Female"": 0.35, ""Male"": 0.65}, ""contestation_scenario"": ""moderate_second_group"", ""rho_negative"": {""Female"": 0.05, ""Male"": 0.05}, ""rho_positive"": {""Female"": 0.8, ""Male"": 0.8}}",fnr,20,0.059999999999999984,0.03906809170504344,0.008735890880367279,0.042877653874480115,0.07712234612551985
REALDATA,SEMISYNTHETIC REAL-DATA EXPERIMENT,german,Male,logistic,group_threshold_calibrated,post,moderate_second_group,f2d18f38dbf44f65,"{""alpha_negative"": {""Female"": 0.25, ""Male"": 0.25}, ""alpha_positive"": {""Female"": 0.35, ""Male"": 0.65}, ""contestation_scenario"": ""moderate_second_group"", ""rho_negative"": {""Female"": 0.05, ""Male"": 0.05}, ""rho_positive"": {""Female"": 0.8, ""Male"": 0.8}}",fpr,20,0.5684210526315789,0.08765463914266489,0.019600173166621257,0.5300047132250013,0.6068373920381566
REALDATA,SEMISYNTHETIC REAL-DATA EXPERIMENT,german,Male,logistic,group_threshold_calibrated,post,moderate_second_group,f2d18f38dbf44f65,"{""alpha_negative"": {""Female"": 0.25, ""Male"": 0.25}, ""alpha_positive"": {""Female"": 0.35, ""Male"": 0.65}, ""contestation_scenario"": ""moderate_second_group"", ""rho_negative"": {""Female"": 0.05, ""Male"": 0.05}, ""rho_positive"": {""Female"": 0.8, ""Male"": 0.8}}",n,20,138.0,0.0,0.0,138.0,138.0
REALDATA,SEMISYNTHETIC REAL-DATA EXPERIMENT,german,Male,logistic,group_threshold_calibrated,post,moderate_second_group,f2d18f38dbf44f65,"{""alpha_negative"": {""Female"": 0.25, ""Male"": 0.25}, ""alpha_positive"": {""Female"": 0.35, ""Male"": 0.65}, ""contestation_scenario"": ""moderate_second_group"", ""rho_negative"": {""Female"": 0.05, ""Male"": 0.05}, ""rho_positive"": {""Female"": 0.8, ""Male"": 0.8}}",positive_rate,20,0.8376811594202899,0.044879529480552974,0.010035367871672227,0.8180118383918124,0.8573504804487674
REALDATA,SEMISYNTHETIC REAL-DATA EXPERIMENT,german,Male,logistic,group_threshold_calibrated,post,moderate_second_group,f2d18f38dbf44f65,"{""alpha_negative"": {""Female"": 0.25, ""Male"": 0.25}, ""alpha_positive"": {""Female"": 0.35, ""Male"": 0.65}, ""contestation_scenario"": ""moderate_second_group"", ""rho_negative"": {""Female"": 0.05, ""Male"": 0.05}, ""rho_positive"": {""Female"": 0.8, ""Male"": 0.8}}",prevalence,20,0.7246376811594203,0.0,0.0,0.7246376811594203,0.7246376811594203
REALDATA,SEMISYNTHETIC REAL-DATA EXPERIMENT,german,Male,logistic,group_threshold_calibrated,post,moderate_second_group,f2d18f38dbf44f65,"{""alpha_negative"": {""Female"": 0.25, ""Male"": 0.25}, ""alpha_positive"": {""Female"": 0.35, ""Male"": 0.65}, ""contestation_scenario"": ""moderate_second_group"", ""rho_negative"": {""Female"": 0.05, ""Male"": 0.05}, ""rho_positive"": {""Female"": 0.8, ""Male"": 0.8}}",tnr,20,0.43157894736842106,0.08765463914266487,0.019600173166621254,0.39316260796184344,0.4699952867749987
REALDATA,SEMISYNTHETIC REAL-DATA EXPERIMENT,german,Male,logistic,group_threshold_calibrated,post,moderate_second_group,f2d18f38dbf44f65,"{""alpha_negative"": {""Female"": 0.25, ""Male"": 0.25}, ""alpha_positive"": {""Female"": 0.35, ""Male"": 0.65}, ""contestation_scenario"": ""moderate_second_group"", ""rho_negative"": {""Female"": 0.05, ""Male"": 0.05}, ""rho_positive"": {""Female"": 0.8, ""Male"": 0.8}}",tpr,20,0.9400000000000001,0.03906809170504341,0.008735890880367274,0.9228776538744802,0.9571223461255199
REALDATA,SEMISYNTHETIC REAL-DATA EXPERIMENT,german,Male,logistic,group_threshold_calibrated,post,strong_first_group,80db5b8b411cb1ee,"{""alpha_negative"": {""Female"": 0.25, ""Male"": 0.25}, ""alpha_positive"": {""Female"": 0.75, ""Male"": 0.25}, ""contestation_scenario"": ""strong_first_group"", ""rho_negative"": {""Female"": 0.05, ""Male"": 0.05}, ""rho_positive"": {""Female"": 0.8, ""Male"": 0.8}}",accuracy,20,0.7623188405797101,0.025818604498980928,0.005773215474390326,0.7510033382499051,0.7736343429095152
REALDATA,SEMISYNTHETIC REAL-DATA EXPERIMENT,german,Male,logistic,group_threshold_calibrated,post,strong_first_group,80db5b8b411cb1ee,"{""alpha_negative"": {""Female"": 0.25, ""Male"": 0.25}, ""alpha_positive"": {""Female"": 0.75, ""Male"": 0.25}, ""contestation_scenario"": ""strong_first_group"", ""rho_negative"": {""Female"": 0.05, ""Male"": 0.05}, ""rho_positive"": {""Female"": 0.8, ""Male"": 0.8}}",fnr,20,0.11249999999999996,0.050144527958796516,0.011212657321550778,0.09052319164976044,0.13447680835023948
REALDATA,SEMISYNTHETIC REAL-DATA EXPERIMENT,german,Male,logistic,group_threshold_calibrated,post,strong_first_group,80db5b8b411cb1ee,"{""alpha_negative"": {""Female"": 0.25, ""Male"": 0.25}, ""alpha_positive"": {""Female"": 0.75, ""Male"": 0.25}, ""contestation_scenario"": ""strong_first_group"", ""rho_negative"": {""Female"": 0.05, ""Male"": 0.05}, ""rho_positive"": {""Female"": 0.8, ""Male"": 0.8}}",fpr,20,0.5671052631578947,0.08974011171856834,0.020066499011114427,0.5277749250961103,0.606435601219679
REALDATA,SEMISYNTHETIC REAL-DATA EXPERIMENT,german,Male,logistic,group_threshold_calibrated,post,strong_first_group,80db5b8b411cb1ee,"{""alpha_negative"": {""Female"": 0.25, ""Male"": 0.25}, ""alpha_positive"": {""Female"": 0.75, ""Male"": 0.25}, ""contestation_scenario"": ""strong_first_group"", ""rho_negative"": {""Female"": 0.05, ""Male"": 0.05}, ""rho_positive"": {""Female"": 0.8, ""Male"": 0.8}}",n,20,138.0,0.0,0.0,138.0,138.0
REALDATA,SEMISYNTHETIC REAL-DATA EXPERIMENT,german,Male,logistic,group_threshold_calibrated,post,strong_first_group,80db5b8b411cb1ee,"{""alpha_negative"": {""Female"": 0.25, ""Male"": 0.25}, ""alpha_positive"": {""Female"": 0.75, ""Male"": 0.25}, ""contestation_scenario"": ""strong_first_group"", ""rho_negative"": {""Female"": 0.05, ""Male"": 0.05}, ""rho_positive"": {""Female"": 0.8, ""Male"": 0.8}}",positive_rate,20,0.7992753623188407,0.056527606337502055,0.012639957037600251,0.7745010465251442,0.8240496781125372
REALDATA,SEMISYNTHETIC REAL-DATA EXPERIMENT,german,Male,logistic,group_threshold_calibrated,post,strong_first_group,80db5b8b411cb1ee,"{""alpha_negative"": {""Female"": 0.25, ""Male"": 0.25}, ""alpha_positive"": {""Female"": 0.75, ""Male"": 0.25}, ""contestation_scenario"": ""strong_first_group"", ""rho_negative"": {""Female"": 0.05, ""Male"": 0.05}, ""rho_positive"": {""Female"": 0.8, ""Male"": 0.8}}",prevalence,20,0.7246376811594203,0.0,0.0,0.7246376811594203,0.7246376811594203
REALDATA,SEMISYNTHETIC REAL-DATA EXPERIMENT,german,Male,logistic,group_threshold_calibrated,post,strong_first_group,80db5b8b411cb1ee,"{""alpha_negative"": {""Female"": 0.25, ""Male"": 0.25}, ""alpha_positive"": {""Female"": 0.75, ""Male"": 0.25}, ""contestation_scenario"": ""strong_first_group"", ""rho_negative"": {""Female"": 0.05, ""Male"": 0.05}, ""rho_positive"": {""Female"": 0.8, ""Male"": 0.8}}",tnr,20,0.4328947368421052,0.0897401117185683,0.02006649901111442,0.39356439878032096,0.4722250749038895
REALDATA,SEMISYNTHETIC REAL-DATA EXPERIMENT,german,Male,logistic,group_threshold_calibrated,post,strong_first_group,80db5b8b411cb1ee,"{""alpha_negative"": {""Female"": 0.25, ""Male"": 0.25}, ""alpha_positive"": {""Female"": 0.75, ""Male"": 0.25}, ""contestation_scenario"": ""strong_first_group"", ""rho_negative"": {""Female"": 0.05, ""Male"": 0.05}, ""rho_positive"": {""Female"": 0.8, ""Male"": 0.8}}",tpr,20,0.8875,0.050144527958796516,0.011212657321550778,0.8655231916497604,0.9094768083502395
REALDATA,SEMISYNTHETIC REAL-DATA EXPERIMENT,german,Male,logistic,group_threshold_calibrated,post,strong_second_group,1a6f52e99e976851,"{""alpha_negative"": {""Female"": 0.25, ""Male"": 0.25}, ""alpha_positive"": {""Female"": 0.25, ""Male"": 0.75}, ""contestation_scenario"": ""strong_second_group"", ""rho_negative"": {""Female"": 0.05, ""Male"": 0.05}, ""rho_positive"": {""Female"": 0.8, ""Male"": 0.8}}",accuracy,20,0.8083333333333333,0.026335266231257867,0.005888744549864728,0.7967913940155985,0.8198752726510682
REALDATA,SEMISYNTHETIC REAL-DATA EXPERIMENT,german,Male,logistic,group_threshold_calibrated,post,strong_second_group,1a6f52e99e976851,"{""alpha_negative"": {""Female"": 0.25, ""Male"": 0.25}, ""alpha_positive"": {""Female"": 0.25, ""Male"": 0.75}, ""contestation_scenario"": ""strong_second_group"", ""rho_negative"": {""Female"": 0.05, ""Male"": 0.05}, ""rho_positive"": {""Female"": 0.8, ""Male"": 0.8}}",fnr,20,0.04949999999999998,0.03790222879156871,0.008475196007669734,0.0328886158249673,0.06611138417503266
REALDATA,SEMISYNTHETIC REAL-DATA EXPERIMENT,german,Male,logistic,group_threshold_calibrated,post,strong_second_group,1a6f52e99e976851,"{""alpha_negative"": {""Female"": 0.25, ""Male"": 0.25}, ""alpha_positive"": {""Female"": 0.25, ""Male"": 0.75}, ""contestation_scenario"": ""strong_second_group"", ""rho_negative"": {""Female"": 0.05, ""Male"": 0.05}, ""rho_positive"": {""Female"": 0.8, ""Male"": 0.8}}",fpr,20,0.5657894736842105,0.08975026503779736,0.020068769362313763,0.5264546857340755,0.6051242616343455
REALDATA,SEMISYNTHETIC REAL-DATA EXPERIMENT,german,Male,logistic,group_threshold_calibrated,post,strong_second_group,1a6f52e99e976851,"{""alpha_negative"": {""Female"": 0.25, ""Male"": 0.25}, ""alpha_positive"": {""Female"": 0.25, ""Male"": 0.75}, ""contestation_scenario"": ""strong_second_group"", ""rho_negative"": {""Female"": 0.05, ""Male"": 0.05}, ""rho_positive"": {""Female"": 0.8, ""Male"": 0.8}}",n,20,138.0,0.0,0.0,138.0,138.0
REALDATA,SEMISYNTHETIC REAL-DATA EXPERIMENT,german,Male,logistic,group_threshold_calibrated,post,strong_second_group,1a6f52e99e976851,"{""alpha_negative"": {""Female"": 0.25, ""Male"": 0.25}, ""alpha_positive"": {""Female"": 0.25, ""Male"": 0.75}, ""contestation_scenario"": ""strong_second_group"", ""rho_negative"": {""Female"": 0.05, ""Male"": 0.05}, ""rho_positive"": {""Female"": 0.8, ""Male"": 0.8}}",positive_rate,20,0.8445652173913043,0.04512977047139783,0.010091323458300827,0.8247862234130346,0.864344211369574
REALDATA,SEMISYNTHETIC REAL-DATA EXPERIMENT,german,Male,logistic,group_threshold_calibrated,post,strong_second_group,1a6f52e99e976851,"{""alpha_negative"": {""Female"": 0.25, ""Male"": 0.25}, ""alpha_positive"": {""Female"": 0.25, ""Male"": 0.75}, ""contestation_scenario"": ""strong_second_group"", ""rho_negative"": {""Female"": 0.05, ""Male"": 0.05}, ""rho_positive"": {""Female"": 0.8, ""Male"": 0.8}}",prevalence,20,0.7246376811594203,0.0,0.0,0.7246376811594203,0.7246376811594203
REALDATA,SEMISYNTHETIC REAL-DATA EXPERIMENT,german,Male,logistic,group_threshold_calibrated,post,strong_second_group,1a6f52e99e976851,"{""alpha_negative"": {""Female"": 0.25, ""Male"": 0.25}, ""alpha_positive"": {""Female"": 0.25, ""Male"": 0.75}, ""contestation_scenario"": ""strong_second_group"", ""rho_negative"": {""Female"": 0.05, ""Male"": 0.05}, ""rho_positive"": {""Female"": 0.8, ""Male"": 0.8}}",tnr,20,0.4342105263157895,0.08975026503779733,0.020068769362313756,0.39487573836565454,0.47354531426592444
REALDATA,SEMISYNTHETIC REAL-DATA EXPERIMENT,german,Male,logistic,group_threshold_calibrated,post,strong_second_group,1a6f52e99e976851,"{""alpha_negative"": {""Female"": 0.25, ""Male"": 0.25}, ""alpha_positive"": {""Female"": 0.25, ""Male"": 0.75}, ""contestation_scenario"": ""strong_second_group"", ""rho_negative"": {""Female"": 0.05, ""Male"": 0.05}, ""rho_positive"": {""Female"": 0.8, ""Male"": 0.8}}",tpr,20,0.9504999999999999,0.037902228791568716,0.008475196007669735,0.9338886158249672,0.9671113841750326
REALDATA,SEMISYNTHETIC REAL-DATA EXPERIMENT,german,Male,logistic,group_threshold_calibrated,pre,equal_access,8b1b8b56ce23dea1,"{""alpha_negative"": {""Female"": 0.25, ""Male"": 0.25}, ""alpha_positive"": {""Female"": 0.5, ""Male"": 0.5}, ""contestation_scenario"": ""equal_access"", ""rho_negative"": {""Female"": 0.05, ""Male"": 0.05}, ""rho_positive"": {""Female"": 0.8, ""Male"": 0.8}}",accuracy,20,0.7445652173913043,0.03397835444742426,0.007597791030802294,0.7296735469709318,0.7594568878116769
REALDATA,SEMISYNTHETIC REAL-DATA EXPERIMENT,german,Male,logistic,group_threshold_calibrated,pre,equal_access,8b1b8b56ce23dea1,"{""alpha_negative"": {""Female"": 0.25, ""Male"": 0.25}, ""alpha_positive"": {""Female"": 0.5, ""Male"": 0.5}, ""contestation_scenario"": ""equal_access"", ""rho_negative"": {""Female"": 0.05, ""Male"": 0.05}, ""rho_positive"": {""Female"": 0.8, ""Male"": 0.8}}",fnr,20,0.13949999999999996,0.06476475649773208,0.014481839807515013,0.11111559397727053,0.1678844060227294
REALDATA,SEMISYNTHETIC REAL-DATA EXPERIMENT,german,Male,logistic,group_threshold_calibrated,pre,equal_access,8b1b8b56ce23dea1,"{""alpha_negative"": {""Female"": 0.25, ""Male"": 0.25}, ""alpha_positive"": {""Female"": 0.5, ""Male"": 0.5}, ""contestation_scenario"": ""equal_access"", ""rho_negative"": {""Female"": 0.05, ""Male"": 0.05}, ""rho_positive"": {""Female"": 0.8, ""Male"": 0.8}}",fpr,20,0.5605263157894738,0.08999360104254499,0.020123180947112653,0.521084881133133,0.5999677504458145
REALDATA,SEMISYNTHETIC REAL-DATA EXPERIMENT,german,Male,logistic,group_threshold_calibrated,pre,equal_access,8b1b8b56ce23dea1,"{""alpha_negative"": {""Female"": 0.25, ""Male"": 0.25}, ""alpha_positive"": {""Female"": 0.5, ""Male"": 0.5}, ""contestation_scenario"": ""equal_access"", ""rho_negative"": {""Female"": 0.05, ""Male"": 0.05}, ""rho_positive"": {""Female"": 0.8, ""Male"": 0.8}}",n,20,138.0,0.0,0.0,138.0,138.0
REALDATA,SEMISYNTHETIC REAL-DATA EXPERIMENT,german,Male,logistic,group_threshold_calibrated,pre,equal_access,8b1b8b56ce23dea1,"{""alpha_negative"": {""Female"": 0.25, ""Male"": 0.25}, ""alpha_positive"": {""Female"": 0.5, ""Male"": 0.5}, ""contestation_scenario"": ""equal_access"", ""rho_negative"": {""Female"": 0.05, ""Male"": 0.05}, ""rho_positive"": {""Female"": 0.8, ""Male"": 0.8}}",positive_rate,20,0.7778985507246376,0.06692298914981586,0.014964435299646911,0.7485682575373297,0.8072288439119456
REALDATA,SEMISYNTHETIC REAL-DATA EXPERIMENT,german,Male,logistic,group_threshold_calibrated,pre,equal_access,8b1b8b56ce23dea1,"{""alpha_negative"": {""Female"": 0.25, ""Male"": 0.25}, ""alpha_positive"": {""Female"": 0.5, ""Male"": 0.5}, ""contestation_scenario"": ""equal_access"", ""rho_negative"": {""Female"": 0.05, ""Male"": 0.05}, ""rho_positive"": {""Female"": 0.8, ""Male"": 0.8}}",prevalence,20,0.7246376811594203,0.0,0.0,0.7246376811594203,0.7246376811594203
REALDATA,SEMISYNTHETIC REAL-DATA EXPERIMENT,german,Male,logistic,group_threshold_calibrated,pre,equal_access,8b1b8b56ce23dea1,"{""alpha_negative"": {""Female"": 0.25, ""Male"": 0.25}, ""alpha_positive"": {""Female"": 0.5, ""Male"": 0.5}, ""contestation_scenario"": ""equal_access"", ""rho_negative"": {""Female"": 0.05, ""Male"": 0.05}, ""rho_positive"": {""Female"": 0.8, ""Male"": 0.8}}",tnr,20,0.4394736842105263,0.089993601042545,0.020123180947112657,0.4000322495541855,0.4789151188668671
REALDATA,SEMISYNTHETIC REAL-DATA EXPERIMENT,german,Male,logistic,group_threshold_calibrated,pre,equal_access,8b1b8b56ce23dea1,"{""alpha_negative"": {""Female"": 0.25, ""Male"": 0.25}, ""alpha_positive"": {""Female"": 0.5, ""Male"": 0.5}, ""contestation_scenario"": ""equal_access"", ""rho_negative"": {""Female"": 0.05, ""Male"": 0.05}, ""rho_positive"": {""Female"": 0.8, ""Male"": 0.8}}",tpr,20,0.8605,0.06476475649773207,0.014481839807515011,0.8321155939772706,0.8888844060227294
REALDATA,SEMISYNTHETIC REAL-DATA EXPERIMENT,german,Male,logistic,group_threshold_calibrated,pre,moderate_first_group,58a445a909825bd5,"{""alpha_negative"": {""Female"": 0.25, ""Male"": 0.25}, ""alpha_positive"": {""Female"": 0.65, ""Male"": 0.35}, ""contestation_scenario"": ""moderate_first_group"", ""rho_negative"": {""Female"": 0.05, ""Male"": 0.05}, ""rho_positive"": {""Female"": 0.8, ""Male"": 0.8}}",accuracy,20,0.7445652173913043,0.03397835444742426,0.007597791030802294,0.7296735469709318,0.7594568878116769
REALDATA,SEMISYNTHETIC REAL-DATA EXPERIMENT,german,Male,logistic,group_threshold_calibrated,pre,moderate_first_group,58a445a909825bd5,"{""alpha_negative"": {""Female"": 0.25, ""Male"": 0.25}, ""alpha_positive"": {""Female"": 0.65, ""Male"": 0.35}, ""contestation_scenario"": ""moderate_first_group"", ""rho_negative"": {""Female"": 0.05, ""Male"": 0.05}, ""rho_positive"": {""Female"": 0.8, ""Male"": 0.8}}",fnr,20,0.13949999999999996,0.06476475649773208,0.014481839807515013,0.11111559397727053,0.1678844060227294
REALDATA,SEMISYNTHETIC REAL-DATA EXPERIMENT,german,Male,logistic,group_threshold_calibrated,pre,moderate_first_group,58a445a909825bd5,"{""alpha_negative"": {""Female"": 0.25, ""Male"": 0.25}, ""alpha_positive"": {""Female"": 0.65, ""Male"": 0.35}, ""contestation_scenario"": ""moderate_first_group"", ""rho_negative"": {""Female"": 0.05, ""Male"": 0.05}, ""rho_positive"": {""Female"": 0.8, ""Male"": 0.8}}",fpr,20,0.5605263157894738,0.08999360104254499,0.020123180947112653,0.521084881133133,0.5999677504458145
REALDATA,SEMISYNTHETIC REAL-DATA EXPERIMENT,german,Male,logistic,group_threshold_calibrated,pre,moderate_first_group,58a445a909825bd5,"{""alpha_negative"": {""Female"": 0.25, ""Male"": 0.25}, ""alpha_positive"": {""Female"": 0.65, ""Male"": 0.35}, ""contestation_scenario"": ""moderate_first_group"", ""rho_negative"": {""Female"": 0.05, ""Male"": 0.05}, ""rho_positive"": {""Female"": 0.8, ""Male"": 0.8}}",n,20,138.0,0.0,0.0,138.0,138.0
REALDATA,SEMISYNTHETIC REAL-DATA EXPERIMENT,german,Male,logistic,group_threshold_calibrated,pre,moderate_first_group,58a445a909825bd5,"{""alpha_negative"": {""Female"": 0.25, ""Male"": 0.25}, ""alpha_positive"": {""Female"": 0.65, ""Male"": 0.35}, ""contestation_scenario"": ""moderate_first_group"", ""rho_negative"": {""Female"": 0.05, ""Male"": 0.05}, ""rho_positive"": {""Female"": 0.8, ""Male"": 0.8}}",positive_rate,20,0.7778985507246376,0.06692298914981586,0.014964435299646911,0.7485682575373297,0.8072288439119456
REALDATA,SEMISYNTHETIC REAL-DATA EXPERIMENT,german,Male,logistic,group_threshold_calibrated,pre,moderate_first_group,58a445a909825bd5,"{""alpha_negative"": {""Female"": 0.25, ""Male"": 0.25}, ""alpha_positive"": {""Female"": 0.65, ""Male"": 0.35}, ""contestation_scenario"": ""moderate_first_group"", ""rho_negative"": {""Female"": 0.05, ""Male"": 0.05}, ""rho_positive"": {""Female"": 0.8, ""Male"": 0.8}}",prevalence,20,0.7246376811594203,0.0,0.0,0.7246376811594203,0.7246376811594203
REALDATA,SEMISYNTHETIC REAL-DATA EXPERIMENT,german,Male,logistic,group_threshold_calibrated,pre,moderate_first_group,58a445a909825bd5,"{""alpha_negative"": {""Female"": 0.25, ""Male"": 0.25}, ""alpha_positive"": {""Female"": 0.65, ""Male"": 0.35}, ""contestation_scenario"": ""moderate_first_group"", ""rho_negative"": {""Female"": 0.05, ""Male"": 0.05}, ""rho_positive"": {""Female"": 0.8, ""Male"": 0.8}}",tnr,20,0.4394736842105263,0.089993601042545,0.020123180947112657,0.4000322495541855,0.4789151188668671
REALDATA,SEMISYNTHETIC REAL-DATA EXPERIMENT,german,Male,logistic,group_threshold_calibrated,pre,moderate_first_group,58a445a909825bd5,"{""alpha_negative"": {""Female"": 0.25, ""Male"": 0.25}, ""alpha_positive"": {""Female"": 0.65, ""Male"": 0.35}, ""contestation_scenario"": ""moderate_first_group"", ""rho_negative"": {""Female"": 0.05, ""Male"": 0.05}, ""rho_positive"": {""Female"": 0.8, ""Male"": 0.8}}",tpr,20,0.8605,0.06476475649773207,0.014481839807515011,0.8321155939772706,0.8888844060227294
REALDATA,SEMISYNTHETIC REAL-DATA EXPERIMENT,german,Male,logistic,group_threshold_calibrated,pre,moderate_second_group,f2d18f38dbf44f65,"{""alpha_negative"": {""Female"": 0.25, ""Male"": 0.25}, ""alpha_positive"": {""Female"": 0.35, ""Male"": 0.65}, ""contestation_scenario"": ""moderate_second_group"", ""rho_negative"": {""Female"": 0.05, ""Male"": 0.05}, ""rho_positive"": {""Female"": 0.8, ""Male"": 0.8}}",accuracy,20,0.7445652173913043,0.03397835444742426,0.007597791030802294,0.7296735469709318,0.7594568878116769
REALDATA,SEMISYNTHETIC REAL-DATA EXPERIMENT,german,Male,logistic,group_threshold_calibrated,pre,moderate_second_group,f2d18f38dbf44f65,"{""alpha_negative"": {""Female"": 0.25, ""Male"": 0.25}, ""alpha_positive"": {""Female"": 0.35, ""Male"": 0.65}, ""contestation_scenario"": ""moderate_second_group"", ""rho_negative"": {""Female"": 0.05, ""Male"": 0.05}, ""rho_positive"": {""Female"": 0.8, ""Male"": 0.8}}",fnr,20,0.13949999999999996,0.06476475649773208,0.014481839807515013,0.11111559397727053,0.1678844060227294
REALDATA,SEMISYNTHETIC REAL-DATA EXPERIMENT,german,Male,logistic,group_threshold_calibrated,pre,moderate_second_group,f2d18f38dbf44f65,"{""alpha_negative"": {""Female"": 0.25, ""Male"": 0.25}, ""alpha_positive"": {""Female"": 0.35, ""Male"": 0.65}, ""contestation_scenario"": ""moderate_second_group"", ""rho_negative"": {""Female"": 0.05, ""Male"": 0.05}, ""rho_positive"": {""Female"": 0.8, ""Male"": 0.8}}",fpr,20,0.5605263157894738,0.08999360104254499,0.020123180947112653,0.521084881133133,0.5999677504458145
REALDATA,SEMISYNTHETIC REAL-DATA EXPERIMENT,german,Male,logistic,group_threshold_calibrated,pre,moderate_second_group,f2d18f38dbf44f65,"{""alpha_negative"": {""Female"": 0.25, ""Male"": 0.25}, ""alpha_positive"": {""Female"": 0.35, ""Male"": 0.65}, ""contestation_scenario"": ""moderate_second_group"", ""rho_negative"": {""Female"": 0.05, ""Male"": 0.05}, ""rho_positive"": {""Female"": 0.8, ""Male"": 0.8}}",n,20,138.0,0.0,0.0,138.0,138.0
REALDATA,SEMISYNTHETIC REAL-DATA EXPERIMENT,german,Male,logistic,group_threshold_calibrated,pre,moderate_second_group,f2d18f38dbf44f65,"{""alpha_negative"": {""Female"": 0.25, ""Male"": 0.25}, ""alpha_positive"": {""Female"": 0.35, ""Male"": 0.65}, ""contestation_scenario"": ""moderate_second_group"", ""rho_negative"": {""Female"": 0.05, ""Male"": 0.05}, ""rho_positive"": {""Female"": 0.8, ""Male"": 0.8}}",positive_rate,20,0.7778985507246376,0.06692298914981586,0.014964435299646911,0.7485682575373297,0.8072288439119456
REALDATA,SEMISYNTHETIC REAL-DATA EXPERIMENT,german,Male,logistic,group_threshold_calibrated,pre,moderate_second_group,f2d18f38dbf44f65,"{""alpha_negative"": {""Female"": 0.25, ""Male"": 0.25}, ""alpha_positive"": {""Female"": 0.35, ""Male"": 0.65}, ""contestation_scenario"": ""moderate_second_group"", ""rho_negative"": {""Female"": 0.05, ""Male"": 0.05}, ""rho_positive"": {""Female"": 0.8, ""Male"": 0.8}}",prevalence,20,0.7246376811594203,0.0,0.0,0.7246376811594203,0.7246376811594203
REALDATA,SEMISYNTHETIC REAL-DATA EXPERIMENT,german,Male,logistic,group_threshold_calibrated,pre,moderate_second_group,f2d18f38dbf44f65,"{""alpha_negative"": {""Female"": 0.25, ""Male"": 0.25}, ""alpha_positive"": {""Female"": 0.35, ""Male"": 0.65}, ""contestation_scenario"": ""moderate_second_group"", ""rho_negative"": {""Female"": 0.05, ""Male"": 0.05}, ""rho_positive"": {""Female"": 0.8, ""Male"": 0.8}}",tnr,20,0.4394736842105263,0.089993601042545,0.020123180947112657,0.4000322495541855,0.4789151188668671
REALDATA,SEMISYNTHETIC REAL-DATA EXPERIMENT,german,Male,logistic,group_threshold_calibrated,pre,moderate_second_group,f2d18f38dbf44f65,"{""alpha_negative"": {""Female"": 0.25, ""Male"": 0.25}, ""alpha_positive"": {""Female"": 0.35, ""Male"": 0.65}, ""contestation_scenario"": ""moderate_second_group"", ""rho_negative"": {""Female"": 0.05, ""Male"": 0.05}, ""rho_positive"": {""Female"": 0.8, ""Male"": 0.8}}",tpr,20,0.8605,0.06476475649773207,0.014481839807515011,0.8321155939772706,0.8888844060227294
REALDATA,SEMISYNTHETIC REAL-DATA EXPERIMENT,german,Male,logistic,group_threshold_calibrated,pre,strong_first_group,80db5b8b411cb1ee,"{""alpha_negative"": {""Female"": 0.25, ""Male"": 0.25}, ""alpha_positive"": {""Female"": 0.75, ""Male"": 0.25}, ""contestation_scenario"": ""strong_first_group"", ""rho_negative"": {""Female"": 0.05, ""Male"": 0.05}, ""rho_positive"": {""Female"": 0.8, ""Male"": 0.8}}",accuracy,20,0.7445652173913043,0.03397835444742426,0.007597791030802294,0.7296735469709318,0.7594568878116769
REALDATA,SEMISYNTHETIC REAL-DATA EXPERIMENT,german,Male,logistic,group_threshold_calibrated,pre,strong_first_group,80db5b8b411cb1ee,"{""alpha_negative"": {""Female"": 0.25, ""Male"": 0.25}, ""alpha_positive"": {""Female"": 0.75, ""Male"": 0.25}, ""contestation_scenario"": ""strong_first_group"", ""rho_negative"": {""Female"": 0.05, ""Male"": 0.05}, ""rho_positive"": {""Female"": 0.8, ""Male"": 0.8}}",fnr,20,0.13949999999999996,0.06476475649773208,0.014481839807515013,0.11111559397727053,0.1678844060227294
REALDATA,SEMISYNTHETIC REAL-DATA EXPERIMENT,german,Male,logistic,group_threshold_calibrated,pre,strong_first_group,80db5b8b411cb1ee,"{""alpha_negative"": {""Female"": 0.25, ""Male"": 0.25}, ""alpha_positive"": {""Female"": 0.75, ""Male"": 0.25}, ""contestation_scenario"": ""strong_first_group"", ""rho_negative"": {""Female"": 0.05, ""Male"": 0.05}, ""rho_positive"": {""Female"": 0.8, ""Male"": 0.8}}",fpr,20,0.5605263157894738,0.08999360104254499,0.020123180947112653,0.521084881133133,0.5999677504458145
REALDATA,SEMISYNTHETIC REAL-DATA EXPERIMENT,german,Male,logistic,group_threshold_calibrated,pre,strong_first_group,80db5b8b411cb1ee,"{""alpha_negative"": {""Female"": 0.25, ""Male"": 0.25}, ""alpha_positive"": {""Female"": 0.75, ""Male"": 0.25}, ""contestation_scenario"": ""strong_first_group"", ""rho_negative"": {""Female"": 0.05, ""Male"": 0.05}, ""rho_positive"": {""Female"": 0.8, ""Male"": 0.8}}",n,20,138.0,0.0,0.0,138.0,138.0
REALDATA,SEMISYNTHETIC REAL-DATA EXPERIMENT,german,Male,logistic,group_threshold_calibrated,pre,strong_first_group,80db5b8b411cb1ee,"{""alpha_negative"": {""Female"": 0.25, ""Male"": 0.25}, ""alpha_positive"": {""Female"": 0.75, ""Male"": 0.25}, ""contestation_scenario"": ""strong_first_group"", ""rho_negative"": {""Female"": 0.05, ""Male"": 0.05}, ""rho_positive"": {""Female"": 0.8, ""Male"": 0.8}}",positive_rate,20,0.7778985507246376,0.06692298914981586,0.014964435299646911,0.7485682575373297,0.8072288439119456
REALDATA,SEMISYNTHETIC REAL-DATA EXPERIMENT,german,Male,logistic,group_threshold_calibrated,pre,strong_first_group,80db5b8b411cb1ee,"{""alpha_negative"": {""Female"": 0.25, ""Male"": 0.25}, ""alpha_positive"": {""Female"": 0.75, ""Male"": 0.25}, ""contestation_scenario"": ""strong_first_group"", ""rho_negative"": {""Female"": 0.05, ""Male"": 0.05}, ""rho_positive"": {""Female"": 0.8, ""Male"": 0.8}}",prevalence,20,0.7246376811594203,0.0,0.0,0.7246376811594203,0.7246376811594203
REALDATA,SEMISYNTHETIC REAL-DATA EXPERIMENT,german,Male,logistic,group_threshold_calibrated,pre,strong_first_group,80db5b8b411cb1ee,"{""alpha_negative"": {""Female"": 0.25, ""Male"": 0.25}, ""alpha_positive"": {""Female"": 0.75, ""Male"": 0.25}, ""contestation_scenario"": ""strong_first_group"", ""rho_negative"": {""Female"": 0.05, ""Male"": 0.05}, ""rho_positive"": {""Female"": 0.8, ""Male"": 0.8}}",tnr,20,0.4394736842105263,0.089993601042545,0.020123180947112657,0.4000322495541855,0.4789151188668671
REALDATA,SEMISYNTHETIC REAL-DATA EXPERIMENT,german,Male,logistic,group_threshold_calibrated,pre,strong_first_group,80db5b8b411cb1ee,"{""alpha_negative"": {""Female"": 0.25, ""Male"": 0.25}, ""alpha_positive"": {""Female"": 0.75, ""Male"": 0.25}, ""contestation_scenario"": ""strong_first_group"", ""rho_negative"": {""Female"": 0.05, ""Male"": 0.05}, ""rho_positive"": {""Female"": 0.8, ""Male"": 0.8}}",tpr,20,0.8605,0.06476475649773207,0.014481839807515011,0.8321155939772706,0.8888844060227294
REALDATA,SEMISYNTHETIC REAL-DATA EXPERIMENT,german,Male,logistic,group_threshold_calibrated,pre,strong_second_group,1a6f52e99e976851,"{""alpha_negative"": {""Female"": 0.25, ""Male"": 0.25}, ""alpha_positive"": {""Female"": 0.25, ""Male"": 0.75}, ""contestation_scenario"": ""strong_second_group"", ""rho_negative"": {""Female"": 0.05, ""Male"": 0.05}, ""rho_positive"": {""Female"": 0.8, ""Male"": 0.8}}",accuracy,20,0.7445652173913043,0.03397835444742426,0.007597791030802294,0.7296735469709318,0.7594568878116769
REALDATA,SEMISYNTHETIC REAL-DATA EXPERIMENT,german,Male,logistic,group_threshold_calibrated,pre,strong_second_group,1a6f52e99e976851,"{""alpha_negative"": {""Female"": 0.25, ""Male"": 0.25}, ""alpha_positive"": {""Female"": 0.25, ""Male"": 0.75}, ""contestation_scenario"": ""strong_second_group"", ""rho_negative"": {""Female"": 0.05, ""Male"": 0.05}, ""rho_positive"": {""Female"": 0.8, ""Male"": 0.8}}",fnr,20,0.13949999999999996,0.06476475649773208,0.014481839807515013,0.11111559397727053,0.1678844060227294
REALDATA,SEMISYNTHETIC REAL-DATA EXPERIMENT,german,Male,logistic,group_threshold_calibrated,pre,strong_second_group,1a6f52e99e976851,"{""alpha_negative"": {""Female"": 0.25, ""Male"": 0.25}, ""alpha_positive"": {""Female"": 0.25, ""Male"": 0.75}, ""contestation_scenario"": ""strong_second_group"", ""rho_negative"": {""Female"": 0.05, ""Male"": 0.05}, ""rho_positive"": {""Female"": 0.8, ""Male"": 0.8}}",fpr,20,0.5605263157894738,0.08999360104254499,0.020123180947112653,0.521084881133133,0.5999677504458145
REALDATA,SEMISYNTHETIC REAL-DATA EXPERIMENT,german,Male,logistic,group_threshold_calibrated,pre,strong_second_group,1a6f52e99e976851,"{""alpha_negative"": {""Female"": 0.25, ""Male"": 0.25}, ""alpha_positive"": {""Female"": 0.25, ""Male"": 0.75}, ""contestation_scenario"": ""strong_second_group"", ""rho_negative"": {""Female"": 0.05, ""Male"": 0.05}, ""rho_positive"": {""Female"": 0.8, ""Male"": 0.8}}",n,20,138.0,0.0,0.0,138.0,138.0
REALDATA,SEMISYNTHETIC REAL-DATA EXPERIMENT,german,Male,logistic,group_threshold_calibrated,pre,strong_second_group,1a6f52e99e976851,"{""alpha_negative"": {""Female"": 0.25, ""Male"": 0.25}, ""alpha_positive"": {""Female"": 0.25, ""Male"": 0.75}, ""contestation_scenario"": ""strong_second_group"", ""rho_negative"": {""Female"": 0.05, ""Male"": 0.05}, ""rho_positive"": {""Female"": 0.8, ""Male"": 0.8}}",positive_rate,20,0.7778985507246376,0.06692298914981586,0.014964435299646911,0.7485682575373297,0.8072288439119456
REALDATA,SEMISYNTHETIC REAL-DATA EXPERIMENT,german,Male,logistic,group_threshold_calibrated,pre,strong_second_group,1a6f52e99e976851,"{""alpha_negative"": {""Female"": 0.25, ""Male"": 0.25}, ""alpha_positive"": {""Female"": 0.25, ""Male"": 0.75}, ""contestation_scenario"": ""strong_second_group"", ""rho_negative"": {""Female"": 0.05, ""Male"": 0.05}, ""rho_positive"": {""Female"": 0.8, ""Male"": 0.8}}",prevalence,20,0.7246376811594203,0.0,0.0,0.7246376811594203,0.7246376811594203
REALDATA,SEMISYNTHETIC REAL-DATA EXPERIMENT,german,Male,logistic,group_threshold_calibrated,pre,strong_second_group,1a6f52e99e976851,"{""alpha_negative"": {""Female"": 0.25, ""Male"": 0.25}, ""alpha_positive"": {""Female"": 0.25, ""Male"": 0.75}, ""contestation_scenario"": ""strong_second_group"", ""rho_negative"": {""Female"": 0.05, ""Male"": 0.05}, ""rho_positive"": {""Female"": 0.8, ""Male"": 0.8}}",tnr,20,0.4394736842105263,0.089993601042545,0.020123180947112657,0.4000322495541855,0.4789151188668671
REALDATA,SEMISYNTHETIC REAL-DATA EXPERIMENT,german,Male,logistic,group_threshold_calibrated,pre,strong_second_group,1a6f52e99e976851,"{""alpha_negative"": {""Female"": 0.25, ""Male"": 0.25}, ""alpha_positive"": {""Female"": 0.25, ""Male"": 0.75}, ""contestation_scenario"": ""strong_second_group"", ""rho_negative"": {""Female"": 0.05, ""Male"": 0.05}, ""rho_positive"": {""Female"": 0.8, ""Male"": 0.8}}",tpr,20,0.8605,0.06476475649773207,0.014481839807515011,0.8321155939772706,0.8888844060227294
REALDATA,SEMISYNTHETIC REAL-DATA EXPERIMENT,german,Male,logistic,validation_selected_threshold,frozen_policy,equal_access,8b1b8b56ce23dea1,"{""alpha_negative"": {""Female"": 0.25, ""Male"": 0.25}, ""alpha_positive"": {""Female"": 0.5, ""Male"": 0.5}, ""contestation_scenario"": ""equal_access"", ""rho_negative"": {""Female"": 0.05, ""Male"": 0.05}, ""rho_positive"": {""Female"": 0.8, ""Male"": 0.8}}",decision_threshold,20,0.4915,0.060286596223460207,0.013480492728773911,0.4650782342516031,0.5179217657483969
REALDATA,SEMISYNTHETIC REAL-DATA EXPERIMENT,german,Male,logistic,validation_selected_threshold,frozen_policy,moderate_first_group,58a445a909825bd5,"{""alpha_negative"": {""Female"": 0.25, ""Male"": 0.25}, ""alpha_positive"": {""Female"": 0.65, ""Male"": 0.35}, ""contestation_scenario"": ""moderate_first_group"", ""rho_negative"": {""Female"": 0.05, ""Male"": 0.05}, ""rho_positive"": {""Female"": 0.8, ""Male"": 0.8}}",decision_threshold,20,0.4915,0.060286596223460207,0.013480492728773911,0.4650782342516031,0.5179217657483969
REALDATA,SEMISYNTHETIC REAL-DATA EXPERIMENT,german,Male,logistic,validation_selected_threshold,frozen_policy,moderate_second_group,f2d18f38dbf44f65,"{""alpha_negative"": {""Female"": 0.25, ""Male"": 0.25}, ""alpha_positive"": {""Female"": 0.35, ""Male"": 0.65}, ""contestation_scenario"": ""moderate_second_group"", ""rho_negative"": {""Female"": 0.05, ""Male"": 0.05}, ""rho_positive"": {""Female"": 0.8, ""Male"": 0.8}}",decision_threshold,20,0.4915,0.060286596223460207,0.013480492728773911,0.4650782342516031,0.5179217657483969
REALDATA,SEMISYNTHETIC REAL-DATA EXPERIMENT,german,Male,logistic,validation_selected_threshold,frozen_policy,strong_first_group,80db5b8b411cb1ee,"{""alpha_negative"": {""Female"": 0.25, ""Male"": 0.25}, ""alpha_positive"": {""Female"": 0.75, ""Male"": 0.25}, ""contestation_scenario"": ""strong_first_group"", ""rho_negative"": {""Female"": 0.05, ""Male"": 0.05}, ""rho_positive"": {""Female"": 0.8, ""Male"": 0.8}}",decision_threshold,20,0.4915,0.060286596223460207,0.013480492728773911,0.4650782342516031,0.5179217657483969
REALDATA,SEMISYNTHETIC REAL-DATA EXPERIMENT,german,Male,logistic,validation_selected_threshold,frozen_policy,strong_second_group,1a6f52e99e976851,"{""alpha_negative"": {""Female"": 0.25, ""Male"": 0.25}, ""alpha_positive"": {""Female"": 0.25, ""Male"": 0.75}, ""contestation_scenario"": ""strong_second_group"", ""rho_negative"": {""Female"": 0.05, ""Male"": 0.05}, ""rho_positive"": {""Female"": 0.8, ""Male"": 0.8}}",decision_threshold,20,0.4915,0.060286596223460207,0.013480492728773911,0.4650782342516031,0.5179217657483969
REALDATA,SEMISYNTHETIC REAL-DATA EXPERIMENT,german,Male,random_forest,group_threshold_calibrated,post,equal_access,8b1b8b56ce23dea1,"{""alpha_negative"": {""Female"": 0.25, ""Male"": 0.25}, ""alpha_positive"": {""Female"": 0.5, ""Male"": 0.5}, ""contestation_scenario"": ""equal_access"", ""rho_negative"": {""Female"": 0.05, ""Male"": 0.05}, ""rho_positive"": {""Female"": 0.8, ""Male"": 0.8}}",accuracy,20,0.7539855072463768,0.018282982748596494,0.004088199225731771,0.7459726367639425,0.7619983777288111
REALDATA,SEMISYNTHETIC REAL-DATA EXPERIMENT,german,Male,random_forest,group_threshold_calibrated,post,equal_access,8b1b8b56ce23dea1,"{""alpha_negative"": {""Female"": 0.25, ""Male"": 0.25}, ""alpha_positive"": {""Female"": 0.5, ""Male"": 0.5}, ""contestation_scenario"": ""equal_access"", ""rho_negative"": {""Female"": 0.05, ""Male"": 0.05}, ""rho_positive"": {""Female"": 0.8, ""Male"": 0.8}}",fnr,20,0.021499999999999995,0.018431951662948302,0.00412150968763427,0.013421841012236826,0.029578158987763163
REALDATA,SEMISYNTHETIC REAL-DATA EXPERIMENT,german,Male,random_forest,group_threshold_calibrated,post,equal_access,8b1b8b56ce23dea1,"{""alpha_negative"": {""Female"": 0.25, ""Male"": 0.25}, ""alpha_positive"": {""Female"": 0.5, ""Male"": 0.5}, ""contestation_scenario"": ""equal_access"", ""rho_negative"": {""Female"": 0.05, ""Male"": 0.05}, ""rho_positive"": {""Female"": 0.8, ""Male"": 0.8}}",fpr,20,0.8368421052631578,0.06967736448616482,0.015580332348409423,0.8063046538602754,0.8673795566660403
REALDATA,SEMISYNTHETIC REAL-DATA EXPERIMENT,german,Male,random_forest,group_threshold_calibrated,post,equal_access,8b1b8b56ce23dea1,"{""alpha_negative"": {""Female"": 0.25, ""Male"": 0.25}, ""alpha_positive"": {""Female"": 0.5, ""Male"": 0.5}, ""contestation_scenario"": ""equal_access"", ""rho_negative"": {""Female"": 0.05, ""Male"": 0.05}, ""rho_positive"": {""Female"": 0.8, ""Male"": 0.8}}",n,20,138.0,0.0,0.0,138.0,138.0
REALDATA,SEMISYNTHETIC REAL-DATA EXPERIMENT,german,Male,random_forest,group_threshold_calibrated,post,equal_access,8b1b8b56ce23dea1,"{""alpha_negative"": {""Female"": 0.25, ""Male"": 0.25}, ""alpha_positive"": {""Female"": 0.5, ""Male"": 0.5}, ""contestation_scenario"": ""equal_access"", ""rho_negative"": {""Female"": 0.05, ""Male"": 0.05}, ""rho_positive"": {""Female"": 0.8, ""Male"": 0.8}}",positive_rate,20,0.9394927536231885,0.027545764940214785,0.006159420289855068,0.9274202898550726,0.9515652173913044
REALDATA,SEMISYNTHETIC REAL-DATA EXPERIMENT,german,Male,random_forest,group_threshold_calibrated,post,equal_access,8b1b8b56ce23dea1,"{""alpha_negative"": {""Female"": 0.25, ""Male"": 0.25}, ""alpha_positive"": {""Female"": 0.5, ""Male"": 0.5}, ""contestation_scenario"": ""equal_access"", ""rho_negative"": {""Female"": 0.05, ""Male"": 0.05}, ""rho_positive"": {""Female"": 0.8, ""Male"": 0.8}}",prevalence,20,0.7246376811594203,0.0,0.0,0.7246376811594203,0.7246376811594203
REALDATA,SEMISYNTHETIC REAL-DATA EXPERIMENT,german,Male,random_forest,group_threshold_calibrated,post,equal_access,8b1b8b56ce23dea1,"{""alpha_negative"": {""Female"": 0.25, ""Male"": 0.25}, ""alpha_positive"": {""Female"": 0.5, ""Male"": 0.5}, ""contestation_scenario"": ""equal_access"", ""rho_negative"": {""Female"": 0.05, ""Male"": 0.05}, ""rho_positive"": {""Female"": 0.8, ""Male"": 0.8}}",tnr,20,0.1631578947368421,0.06967736448616482,0.015580332348409423,0.13262044333395964,0.19369534613972458
REALDATA,SEMISYNTHETIC REAL-DATA EXPERIMENT,german,Male,random_forest,group_threshold_calibrated,post,equal_access,8b1b8b56ce23dea1,"{""alpha_negative"": {""Female"": 0.25, ""Male"": 0.25}, ""alpha_positive"": {""Female"": 0.5, ""Male"": 0.5}, ""contestation_scenario"": ""equal_access"", ""rho_negative"": {""Female"": 0.05, ""Male"": 0.05}, ""rho_positive"": {""Female"": 0.8, ""Male"": 0.8}}",tpr,20,0.9785,0.018431951662948302,0.00412150968763427,0.9704218410122368,0.9865781589877632
REALDATA,SEMISYNTHETIC REAL-DATA EXPERIMENT,german,Male,random_forest,group_threshold_calibrated,post,moderate_first_group,58a445a909825bd5,"{""alpha_negative"": {""Female"": 0.25, ""Male"": 0.25}, ""alpha_positive"": {""Female"": 0.65, ""Male"": 0.35}, ""contestation_scenario"": ""moderate_first_group"", ""rho_negative"": {""Female"": 0.05, ""Male"": 0.05}, ""rho_positive"": {""Female"": 0.8, ""Male"": 0.8}}",accuracy,20,0.7521739130434782,0.017997323327541795,0.004024323837342616,0.7442862383222867,0.7600615877646698
REALDATA,SEMISYNTHETIC REAL-DATA EXPERIMENT,german,Male,random_forest,group_threshold_calibrated,post,moderate_first_group,58a445a909825bd5,"{""alpha_negative"": {""Female"": 0.25, ""Male"": 0.25}, ""alpha_positive"": {""Female"": 0.65, ""Male"": 0.35}, ""contestation_scenario"": ""moderate_first_group"", ""rho_negative"": {""Female"": 0.05, ""Male"": 0.05}, ""rho_positive"": {""Female"": 0.8, ""Male"": 0.8}}",fnr,20,0.024499999999999994,0.017910596686995385,0.00400493117097042,0.016650334904897972,0.032349665095102016
REALDATA,SEMISYNTHETIC REAL-DATA EXPERIMENT,german,Male,random_forest,group_threshold_calibrated,post,moderate_first_group,58a445a909825bd5,"{""alpha_negative"": {""Female"": 0.25, ""Male"": 0.25}, ""alpha_positive"": {""Female"": 0.65, ""Male"": 0.35}, ""contestation_scenario"": ""moderate_first_group"", ""rho_negative"": {""Female"": 0.05, ""Male"": 0.05}, ""rho_positive"": {""Female"": 0.8, ""Male"": 0.8}}",fpr,20,0.8355263157894737,0.07085743167282242,0.015844203393147755,0.8044716771389041,0.8665809544400432
REALDATA,SEMISYNTHETIC REAL-DATA EXPERIMENT,german,Male,random_forest,group_threshold_calibrated,post,moderate_first_group,58a445a909825bd5,"{""alpha_negative"": {""Female"": 0.25, ""Male"": 0.25}, ""alpha_positive"": {""Female"": 0.65, ""Male"": 0.35}, ""contestation_scenario"": ""moderate_first_group"", ""rho_negative"": {""Female"": 0.05, ""Male"": 0.05}, ""rho_positive"": {""Female"": 0.8, ""Male"": 0.8}}",n,20,138.0,0.0,0.0,138.0,138.0
REALDATA,SEMISYNTHETIC REAL-DATA EXPERIMENT,german,Male,random_forest,group_threshold_calibrated,post,moderate_first_group,58a445a909825bd5,"{""alpha_negative"": {""Female"": 0.25, ""Male"": 0.25}, ""alpha_positive"": {""Female"": 0.65, ""Male"": 0.35}, ""contestation_scenario"": ""moderate_first_group"", ""rho_negative"": {""Female"": 0.05, ""Male"": 0.05}, ""rho_positive"": {""Female"": 0.8, ""Male"": 0.8}}",positive_rate,20,0.9369565217391305,0.027827755480105194,0.0062224752914757505,0.924760470167838,0.9491525733104229
REALDATA,SEMISYNTHETIC REAL-DATA EXPERIMENT,german,Male,random_forest,group_threshold_calibrated,post,moderate_first_group,58a445a909825bd5,"{""alpha_negative"": {""Female"": 0.25, ""Male"": 0.25}, ""alpha_positive"": {""Female"": 0.65, ""Male"": 0.35}, ""contestation_scenario"": ""moderate_first_group"", ""rho_negative"": {""Female"": 0.05, ""Male"": 0.05}, ""rho_positive"": {""Female"": 0.8, ""Male"": 0.8}}",prevalence,20,0.7246376811594203,0.0,0.0,0.7246376811594203,0.7246376811594203
REALDATA,SEMISYNTHETIC REAL-DATA EXPERIMENT,german,Male,random_forest,group_threshold_calibrated,post,moderate_first_group,58a445a909825bd5,"{""alpha_negative"": {""Female"": 0.25, ""Male"": 0.25}, ""alpha_positive"": {""Female"": 0.65, ""Male"": 0.35}, ""contestation_scenario"": ""moderate_first_group"", ""rho_negative"": {""Female"": 0.05, ""Male"": 0.05}, ""rho_positive"": {""Female"": 0.8, ""Male"": 0.8}}",tnr,20,0.1644736842105263,0.07085743167282242,0.015844203393147755,0.1334190455599567,0.1955283228610959
REALDATA,SEMISYNTHETIC REAL-DATA EXPERIMENT,german,Male,random_forest,group_threshold_calibrated,post,moderate_first_group,58a445a909825bd5,"{""alpha_negative"": {""Female"": 0.25, ""Male"": 0.25}, ""alpha_positive"": {""Female"": 0.65, ""Male"": 0.35}, ""contestation_scenario"": ""moderate_first_group"", ""rho_negative"": {""Female"": 0.05, ""Male"": 0.05}, ""rho_positive"": {""Female"": 0.8, ""Male"": 0.8}}",tpr,20,0.9754999999999999,0.017910596686995395,0.0040049311709704225,0.9676503349048979,0.9833496650951019
REALDATA,SEMISYNTHETIC REAL-DATA EXPERIMENT,german,Male,random_forest,group_threshold_calibrated,post,moderate_second_group,f2d18f38dbf44f65,"{""alpha_negative"": {""Female"": 0.25, ""Male"": 0.25}, ""alpha_positive"": {""Female"": 0.35, ""Male"": 0.65}, ""contestation_scenario"": ""moderate_second_group"", ""rho_negative"": {""Female"": 0.05, ""Male"": 0.05}, ""rho_positive"": {""Female"": 0.8, ""Male"": 0.8}}",accuracy,20,0.7586956521739131,0.02090967837463832,0.00467554622333486,0.7495315815761768,0.7678597227716494
REALDATA,SEMISYNTHETIC REAL-DATA EXPERIMENT,german,Male,random_forest,group_threshold_calibrated,post,moderate_second_group,f2d18f38dbf44f65,"{""alpha_negative"": {""Female"": 0.25, ""Male"": 0.25}, ""alpha_positive"": {""Female"": 0.35, ""Male"": 0.65}, ""contestation_scenario"": ""moderate_second_group"", ""rho_negative"": {""Female"": 0.05, ""Male"": 0.05}, ""rho_positive"": {""Female"": 0.8, ""Male"": 0.8}}",fnr,20,0.015499999999999995,0.017312909694943326,0.0038712842966208425,0.007912282778623145,0.023087717221376845
REALDATA,SEMISYNTHETIC REAL-DATA EXPERIMENT,german,Male,random_forest,group_threshold_calibrated,post,moderate_second_group,f2d18f38dbf44f65,"{""alpha_negative"": {""Female"": 0.25, ""Male"": 0.25}, ""alpha_positive"": {""Female"": 0.35, ""Male"": 0.65}, ""contestation_scenario"": ""moderate_second_group"", ""rho_negative"": {""Female"": 0.05, ""Male"": 0.05}, ""rho_positive"": {""Female"": 0.8, ""Male"": 0.8}}",fpr,20,0.8355263157894737,0.07085743167282242,0.015844203393147755,0.8044716771389041,0.8665809544400432
REALDATA,SEMISYNTHETIC REAL-DATA EXPERIMENT,german,Male,random_forest,group_threshold_calibrated,post,moderate_second_group,f2d18f38dbf44f65,"{""alpha_negative"": {""Female"": 0.25, ""Male"": 0.25}, ""alpha_positive"": {""Female"": 0.35, ""Male"": 0.65}, ""contestation_scenario"": ""moderate_second_group"", ""rho_negative"": {""Female"": 0.05, ""Male"": 0.05}, ""rho_positive"": {""Female"": 0.8, ""Male"": 0.8}}",n,20,138.0,0.0,0.0,138.0,138.0
REALDATA,SEMISYNTHETIC REAL-DATA EXPERIMENT,german,Male,random_forest,group_threshold_calibrated,post,moderate_second_group,f2d18f38dbf44f65,"{""alpha_negative"": {""Female"": 0.25, ""Male"": 0.25}, ""alpha_positive"": {""Female"": 0.35, ""Male"": 0.65}, ""contestation_scenario"": ""moderate_second_group"", ""rho_negative"": {""Female"": 0.05, ""Male"": 0.05}, ""rho_positive"": {""Female"": 0.8, ""Male"": 0.8}}",positive_rate,20,0.9434782608695652,0.02527772751514146,0.0056522717040573146,0.9323998083296129,0.9545567134095175
REALDATA,SEMISYNTHETIC REAL-DATA EXPERIMENT,german,Male,random_forest,group_threshold_calibrated,post,moderate_second_group,f2d18f38dbf44f65,"{""alpha_negative"": {""Female"": 0.25, ""Male"": 0.25}, ""alpha_positive"": {""Female"": 0.35, ""Male"": 0.65}, ""contestation_scenario"": ""moderate_second_group"", ""rho_negative"": {""Female"": 0.05, ""Male"": 0.05}, ""rho_positive"": {""Female"": 0.8, ""Male"": 0.8}}",prevalence,20,0.7246376811594203,0.0,0.0,0.7246376811594203,0.7246376811594203
REALDATA,SEMISYNTHETIC REAL-DATA EXPERIMENT,german,Male,random_forest,group_threshold_calibrated,post,moderate_second_group,f2d18f38dbf44f65,"{""alpha_negative"": {""Female"": 0.25, ""Male"": 0.25}, ""alpha_positive"": {""Female"": 0.35, ""Male"": 0.65}, ""contestation_scenario"": ""moderate_second_group"", ""rho_negative"": {""Female"": 0.05, ""Male"": 0.05}, ""rho_positive"": {""Female"": 0.8, ""Male"": 0.8}}",tnr,20,0.1644736842105263,0.07085743167282242,0.015844203393147755,0.1334190455599567,0.1955283228610959
REALDATA,SEMISYNTHETIC REAL-DATA EXPERIMENT,german,Male,random_forest,group_threshold_calibrated,post,moderate_second_group,f2d18f38dbf44f65,"{""alpha_negative"": {""Female"": 0.25, ""Male"": 0.25}, ""alpha_positive"": {""Female"": 0.35, ""Male"": 0.65}, ""contestation_scenario"": ""moderate_second_group"", ""rho_negative"": {""Female"": 0.05, ""Male"": 0.05}, ""rho_positive"": {""Female"": 0.8, ""Male"": 0.8}}",tpr,20,0.9845,0.017312909694943323,0.0038712842966208416,0.9769122827786232,0.9920877172213769
REALDATA,SEMISYNTHETIC REAL-DATA EXPERIMENT,german,Male,random_forest,group_threshold_calibrated,post,strong_first_group,80db5b8b411cb1ee,"{""alpha_negative"": {""Female"": 0.25, ""Male"": 0.25}, ""alpha_positive"": {""Female"": 0.75, ""Male"": 0.25}, ""contestation_scenario"": ""strong_first_group"", ""rho_negative"": {""Female"": 0.05, ""Male"": 0.05}, ""rho_positive"": {""Female"": 0.8, ""Male"": 0.8}}",accuracy,20,0.7510869565217392,0.01970877076019178,0.004407015117274903,0.7424492068918803,0.759724706151598
REALDATA,SEMISYNTHETIC REAL-DATA EXPERIMENT,german,Male,random_forest,group_threshold_calibrated,post,strong_first_group,80db5b8b411cb1ee,"{""alpha_negative"": {""Female"": 0.25, ""Male"": 0.25}, ""alpha_positive"": {""Female"": 0.75, ""Male"": 0.25}, ""contestation_scenario"": ""strong_first_group"", ""rho_negative"": {""Female"": 0.05, ""Male"": 0.05}, ""rho_positive"": {""Female"": 0.8, ""Male"": 0.8}}",fnr,20,0.025999999999999995,0.021126187291456155,0.004723959088908812,0.01674104018573872,0.03525895981426127
REALDATA,SEMISYNTHETIC REAL-DATA EXPERIMENT,german,Male,random_forest,group_threshold_calibrated,post,strong_first_group,80db5b8b411cb1ee,"{""alpha_negative"": {""Female"": 0.25, ""Male"": 0.25}, ""alpha_positive"": {""Female"": 0.75, ""Male"": 0.25}, ""contestation_scenario"": ""strong_first_group"", ""rho_negative"": {""Female"": 0.05, ""Male"": 0.05}, ""rho_positive"": {""Female"": 0.8, ""Male"": 0.8}}",fpr,20,0.8355263157894737,0.07085743167282242,0.015844203393147755,0.8044716771389041,0.8665809544400432
REALDATA,SEMISYNTHETIC REAL-DATA EXPERIMENT,german,Male,random_forest,group_threshold_calibrated,post,strong_first_group,80db5b8b411cb1ee,"{""alpha_negative"": {""Female"": 0.25, ""Male"": 0.25}, ""alpha_positive"": {""Female"": 0.75, ""Male"": 0.25}, ""contestation_scenario"": ""strong_first_group"", ""rho_negative"": {""Female"": 0.05, ""Male"": 0.05}, ""rho_positive"": {""Female"": 0.8, ""Male"": 0.8}}",n,20,138.0,0.0,0.0,138.0,138.0
REALDATA,SEMISYNTHETIC REAL-DATA EXPERIMENT,german,Male,random_forest,group_threshold_calibrated,post,strong_first_group,80db5b8b411cb1ee,"{""alpha_negative"": {""Female"": 0.25, ""Male"": 0.25}, ""alpha_positive"": {""Female"": 0.75, ""Male"": 0.25}, ""contestation_scenario"": ""strong_first_group"", ""rho_negative"": {""Female"": 0.05, ""Male"": 0.05}, ""rho_positive"": {""Female"": 0.8, ""Male"": 0.8}}",positive_rate,20,0.9358695652173912,0.029011715839928173,0.00648721687619868,0.9231546201400418,0.9485845102947406
REALDATA,SEMISYNTHETIC REAL-DATA EXPERIMENT,german,Male,random_forest,group_threshold_calibrated,post,strong_first_group,80db5b8b411cb1ee,"{""alpha_negative"": {""Female"": 0.25, ""Male"": 0.25}, ""alpha_positive"": {""Female"": 0.75, ""Male"": 0.25}, ""contestation_scenario"": ""strong_first_group"", ""rho_negative"": {""Female"": 0.05, ""Male"": 0.05}, ""rho_positive"": {""Female"": 0.8, ""Male"": 0.8}}",prevalence,20,0.7246376811594203,0.0,0.0,0.7246376811594203,0.7246376811594203
REALDATA,SEMISYNTHETIC REAL-DATA EXPERIMENT,german,Male,random_forest,group_threshold_calibrated,post,strong_first_group,80db5b8b411cb1ee,"{""alpha_negative"": {""Female"": 0.25, ""Male"": 0.25}, ""alpha_positive"": {""Female"": 0.75, ""Male"": 0.25}, ""contestation_scenario"": ""strong_first_group"", ""rho_negative"": {""Female"": 0.05, ""Male"": 0.05}, ""rho_positive"": {""Female"": 0.8, ""Male"": 0.8}}",tnr,20,0.1644736842105263,0.07085743167282242,0.015844203393147755,0.1334190455599567,0.1955283228610959
REALDATA,SEMISYNTHETIC REAL-DATA EXPERIMENT,german,Male,random_forest,group_threshold_calibrated,post,strong_first_group,80db5b8b411cb1ee,"{""alpha_negative"": {""Female"": 0.25, ""Male"": 0.25}, ""alpha_positive"": {""Female"": 0.75, ""Male"": 0.25}, ""contestation_scenario"": ""strong_first_group"", ""rho_negative"": {""Female"": 0.05, ""Male"": 0.05}, ""rho_positive"": {""Female"": 0.8, ""Male"": 0.8}}",tpr,20,0.974,0.02112618729145618,0.004723959088908818,0.9647410401857387,0.9832589598142613
REALDATA,SEMISYNTHETIC REAL-DATA EXPERIMENT,german,Male,random_forest,group_threshold_calibrated,post,strong_second_group,1a6f52e99e976851,"{""alpha_negative"": {""Female"": 0.25, ""Male"": 0.25}, ""alpha_positive"": {""Female"": 0.25, ""Male"": 0.75}, ""contestation_scenario"": ""strong_second_group"", ""rho_negative"": {""Female"": 0.05, ""Male"": 0.05}, ""rho_positive"": {""Female"": 0.8, ""Male"": 0.8}}",accuracy,20,0.7608695652173914,0.019387132001737348,0.0043350945044646275,0.7523727799886407,0.769366350446142
REALDATA,SEMISYNTHETIC REAL-DATA EXPERIMENT,german,Male,random_forest,group_threshold_calibrated,post,strong_second_group,1a6f52e99e976851,"{""alpha_negative"": {""Female"": 0.25, ""Male"": 0.25}, ""alpha_positive"": {""Female"": 0.25, ""Male"": 0.75}, ""contestation_scenario"": ""strong_second_group"", ""rho_negative"": {""Female"": 0.05, ""Male"": 0.05}, ""rho_positive"": {""Female"": 0.8, ""Male"": 0.8}}",fnr,20,0.0125,0.015174424466672099,0.0033931044626914803,0.0058495152531247,0.0191504847468753
REALDATA,SEMISYNTHETIC REAL-DATA EXPERIMENT,german,Male,random_forest,group_threshold_calibrated,post,strong_second_group,1a6f52e99e976851,"{""alpha_negative"": {""Female"": 0.25, ""Male"": 0.25}, ""alpha_positive"": {""Female"": 0.25, ""Male"": 0.75}, ""contestation_scenario"": ""strong_second_group"", ""rho_negative"": {""Female"": 0.05, ""Male"": 0.05}, ""rho_positive"": {""Female"": 0.8, ""Male"": 0.8}}",fpr,20,0.8355263157894737,0.07085743167282242,0.015844203393147755,0.8044716771389041,0.8665809544400432
REALDATA,SEMISYNTHETIC REAL-DATA EXPERIMENT,german,Male,random_forest,group_threshold_calibrated,post,strong_second_group,1a6f52e99e976851,"{""alpha_negative"": {""Female"": 0.25, ""Male"": 0.25}, ""alpha_positive"": {""Female"": 0.25, ""Male"": 0.75}, ""contestation_scenario"": ""strong_second_group"", ""rho_negative"": {""Female"": 0.05, ""Male"": 0.05}, ""rho_positive"": {""Female"": 0.8, ""Male"": 0.8}}",n,20,138.0,0.0,0.0,138.0,138.0
REALDATA,SEMISYNTHETIC REAL-DATA EXPERIMENT,german,Male,random_forest,group_threshold_calibrated,post,strong_second_group,1a6f52e99e976851,"{""alpha_negative"": {""Female"": 0.25, ""Male"": 0.25}, ""alpha_positive"": {""Female"": 0.25, ""Male"": 0.75}, ""contestation_scenario"": ""strong_second_group"", ""rho_negative"": {""Female"": 0.05, ""Male"": 0.05}, ""rho_positive"": {""Female"": 0.8, ""Male"": 0.8}}",positive_rate,20,0.9456521739130436,0.025047076471173543,0.005600696562717959,0.9346748086501163,0.9566295391759708
REALDATA,SEMISYNTHETIC REAL-DATA EXPERIMENT,german,Male,random_forest,group_threshold_calibrated,post,strong_second_group,1a6f52e99e976851,"{""alpha_negative"": {""Female"": 0.25, ""Male"": 0.25}, ""alpha_positive"": {""Female"": 0.25, ""Male"": 0.75}, ""contestation_scenario"": ""strong_second_group"", ""rho_negative"": {""Female"": 0.05, ""Male"": 0.05}, ""rho_positive"": {""Female"": 0.8, ""Male"": 0.8}}",prevalence,20,0.7246376811594203,0.0,0.0,0.7246376811594203,0.7246376811594203
REALDATA,SEMISYNTHETIC REAL-DATA EXPERIMENT,german,Male,random_forest,group_threshold_calibrated,post,strong_second_group,1a6f52e99e976851,"{""alpha_negative"": {""Female"": 0.25, ""Male"": 0.25}, ""alpha_positive"": {""Female"": 0.25, ""Male"": 0.75}, ""contestation_scenario"": ""strong_second_group"", ""rho_negative"": {""Female"": 0.05, ""Male"": 0.05}, ""rho_positive"": {""Female"": 0.8, ""Male"": 0.8}}",tnr,20,0.1644736842105263,0.07085743167282242,0.015844203393147755,0.1334190455599567,0.1955283228610959
REALDATA,SEMISYNTHETIC REAL-DATA EXPERIMENT,german,Male,random_forest,group_threshold_calibrated,post,strong_second_group,1a6f52e99e976851,"{""alpha_negative"": {""Female"": 0.25, ""Male"": 0.25}, ""alpha_positive"": {""Female"": 0.25, ""Male"": 0.75}, ""contestation_scenario"": ""strong_second_group"", ""rho_negative"": {""Female"": 0.05, ""Male"": 0.05}, ""rho_positive"": {""Female"": 0.8, ""Male"": 0.8}}",tpr,20,0.9875,0.015174424466672151,0.003393104462691492,0.9808495152531247,0.9941504847468754
REALDATA,SEMISYNTHETIC REAL-DATA EXPERIMENT,german,Male,random_forest,group_threshold_calibrated,pre,equal_access,8b1b8b56ce23dea1,"{""alpha_negative"": {""Female"": 0.25, ""Male"": 0.25}, ""alpha_positive"": {""Female"": 0.5, ""Male"": 0.5}, ""contestation_scenario"": ""equal_access"", ""rho_negative"": {""Female"": 0.05, ""Male"": 0.05}, ""rho_positive"": {""Female"": 0.8, ""Male"": 0.8}}",accuracy,20,0.747463768115942,0.020532896551920282,0.004591295246506479,0.7384648294327892,0.7564627067990947
REALDATA,SEMISYNTHETIC REAL-DATA EXPERIMENT,german,Male,random_forest,group_threshold_calibrated,pre,equal_access,8b1b8b56ce23dea1,"{""alpha_negative"": {""Female"": 0.25, ""Male"": 0.25}, ""alpha_positive"": {""Female"": 0.5, ""Male"": 0.5}, ""contestation_scenario"": ""equal_access"", ""rho_negative"": {""Female"": 0.05, ""Male"": 0.05}, ""rho_positive"": {""Female"": 0.8, ""Male"": 0.8}}",fnr,20,0.03099999999999999,0.02337339918526364,0.00522645094434877,0.020756156149076402,0.04124384385092358
REALDATA,SEMISYNTHETIC REAL-DATA EXPERIMENT,german,Male,random_forest,group_threshold_calibrated,pre,equal_access,8b1b8b56ce23dea1,"{""alpha_negative"": {""Female"": 0.25, ""Male"": 0.25}, ""alpha_positive"": {""Female"": 0.5, ""Male"": 0.5}, ""contestation_scenario"": ""equal_access"", ""rho_negative"": {""Female"": 0.05, ""Male"": 0.05}, ""rho_positive"": {""Female"": 0.8, ""Male"": 0.8}}",fpr,20,0.8355263157894737,0.07085743167282242,0.015844203393147755,0.8044716771389041,0.8665809544400432
REALDATA,SEMISYNTHETIC REAL-DATA EXPERIMENT,german,Male,random_forest,group_threshold_calibrated,pre,equal_access,8b1b8b56ce23dea1,"{""alpha_negative"": {""Female"": 0.25, ""Male"": 0.25}, ""alpha_positive"": {""Female"": 0.5, ""Male"": 0.5}, ""contestation_scenario"": ""equal_access"", ""rho_negative"": {""Female"": 0.05, ""Male"": 0.05}, ""rho_positive"": {""Female"": 0.8, ""Male"": 0.8}}",n,20,138.0,0.0,0.0,138.0,138.0
REALDATA,SEMISYNTHETIC REAL-DATA EXPERIMENT,german,Male,random_forest,group_threshold_calibrated,pre,equal_access,8b1b8b56ce23dea1,"{""alpha_negative"": {""Female"": 0.25, ""Male"": 0.25}, ""alpha_positive"": {""Female"": 0.5, ""Male"": 0.5}, ""contestation_scenario"": ""equal_access"", ""rho_negative"": {""Female"": 0.05, ""Male"": 0.05}, ""rho_positive"": {""Female"": 0.8, ""Male"": 0.8}}",positive_rate,20,0.9322463768115942,0.030224748366758838,0.00675845919508985,0.9189997967892181,0.9454929568339703
REALDATA,SEMISYNTHETIC REAL-DATA EXPERIMENT,german,Male,random_forest,group_threshold_calibrated,pre,equal_access,8b1b8b56ce23dea1,"{""alpha_negative"": {""Female"": 0.25, ""Male"": 0.25}, ""alpha_positive"": {""Female"": 0.5, ""Male"": 0.5}, ""contestation_scenario"": ""equal_access"", ""rho_negative"": {""Female"": 0.05, ""Male"": 0.05}, ""rho_positive"": {""Female"": 0.8, ""Male"": 0.8}}",prevalence,20,0.7246376811594203,0.0,0.0,0.7246376811594203,0.7246376811594203
REALDATA,SEMISYNTHETIC REAL-DATA EXPERIMENT,german,Male,random_forest,group_threshold_calibrated,pre,equal_access,8b1b8b56ce23dea1,"{""alpha_negative"": {""Female"": 0.25, ""Male"": 0.25}, ""alpha_positive"": {""Female"": 0.5, ""Male"": 0.5}, ""contestation_scenario"": ""equal_access"", ""rho_negative"": {""Female"": 0.05, ""Male"": 0.05}, ""rho_positive"": {""Female"": 0.8, ""Male"": 0.8}}",tnr,20,0.1644736842105263,0.07085743167282242,0.015844203393147755,0.1334190455599567,0.1955283228610959
REALDATA,SEMISYNTHETIC REAL-DATA EXPERIMENT,german,Male,random_forest,group_threshold_calibrated,pre,equal_access,8b1b8b56ce23dea1,"{""alpha_negative"": {""Female"": 0.25, ""Male"": 0.25}, ""alpha_positive"": {""Female"": 0.5, ""Male"": 0.5}, ""contestation_scenario"": ""equal_access"", ""rho_negative"": {""Female"": 0.05, ""Male"": 0.05}, ""rho_positive"": {""Female"": 0.8, ""Male"": 0.8}}",tpr,20,0.969,0.023373399185263617,0.005226450944348765,0.9587561561490764,0.9792438438509236
REALDATA,SEMISYNTHETIC REAL-DATA EXPERIMENT,german,Male,random_forest,group_threshold_calibrated,pre,moderate_first_group,58a445a909825bd5,"{""alpha_negative"": {""Female"": 0.25, ""Male"": 0.25}, ""alpha_positive"": {""Female"": 0.65, ""Male"": 0.35}, ""contestation_scenario"": ""moderate_first_group"", ""rho_negative"": {""Female"": 0.05, ""Male"": 0.05}, ""rho_positive"": {""Female"": 0.8, ""Male"": 0.8}}",accuracy,20,0.747463768115942,0.020532896551920282,0.004591295246506479,0.7384648294327892,0.7564627067990947
REALDATA,SEMISYNTHETIC REAL-DATA EXPERIMENT,german,Male,random_forest,group_threshold_calibrated,pre,moderate_first_group,58a445a909825bd5,"{""alpha_negative"": {""Female"": 0.25, ""Male"": 0.25}, ""alpha_positive"": {""Female"": 0.65, ""Male"": 0.35}, ""contestation_scenario"": ""moderate_first_group"", ""rho_negative"": {""Female"": 0.05, ""Male"": 0.05}, ""rho_positive"": {""Female"": 0.8, ""Male"": 0.8}}",fnr,20,0.03099999999999999,0.02337339918526364,0.00522645094434877,0.020756156149076402,0.04124384385092358
REALDATA,SEMISYNTHETIC REAL-DATA EXPERIMENT,german,Male,random_forest,group_threshold_calibrated,pre,moderate_first_group,58a445a909825bd5,"{""alpha_negative"": {""Female"": 0.25, ""Male"": 0.25}, ""alpha_positive"": {""Female"": 0.65, ""Male"": 0.35}, ""contestation_scenario"": ""moderate_first_group"", ""rho_negative"": {""Female"": 0.05, ""Male"": 0.05}, ""rho_positive"": {""Female"": 0.8, ""Male"": 0.8}}",fpr,20,0.8355263157894737,0.07085743167282242,0.015844203393147755,0.8044716771389041,0.8665809544400432
REALDATA,SEMISYNTHETIC REAL-DATA EXPERIMENT,german,Male,random_forest,group_threshold_calibrated,pre,moderate_first_group,58a445a909825bd5,"{""alpha_negative"": {""Female"": 0.25, ""Male"": 0.25}, ""alpha_positive"": {""Female"": 0.65, ""Male"": 0.35}, ""contestation_scenario"": ""moderate_first_group"", ""rho_negative"": {""Female"": 0.05, ""Male"": 0.05}, ""rho_positive"": {""Female"": 0.8, ""Male"": 0.8}}",n,20,138.0,0.0,0.0,138.0,138.0
REALDATA,SEMISYNTHETIC REAL-DATA EXPERIMENT,german,Male,random_forest,group_threshold_calibrated,pre,moderate_first_group,58a445a909825bd5,"{""alpha_negative"": {""Female"": 0.25, ""Male"": 0.25}, ""alpha_positive"": {""Female"": 0.65, ""Male"": 0.35}, ""contestation_scenario"": ""moderate_first_group"", ""rho_negative"": {""Female"": 0.05, ""Male"": 0.05}, ""rho_positive"": {""Female"": 0.8, ""Male"": 0.8}}",positive_rate,20,0.9322463768115942,0.030224748366758838,0.00675845919508985,0.9189997967892181,0.9454929568339703
REALDATA,SEMISYNTHETIC REAL-DATA EXPERIMENT,german,Male,random_forest,group_threshold_calibrated,pre,moderate_first_group,58a445a909825bd5,"{""alpha_negative"": {""Female"": 0.25, ""Male"": 0.25}, ""alpha_positive"": {""Female"": 0.65, ""Male"": 0.35}, ""contestation_scenario"": ""moderate_first_group"", ""rho_negative"": {""Female"": 0.05, ""Male"": 0.05}, ""rho_positive"": {""Female"": 0.8, ""Male"": 0.8}}",prevalence,20,0.7246376811594203,0.0,0.0,0.7246376811594203,0.7246376811594203
REALDATA,SEMISYNTHETIC REAL-DATA EXPERIMENT,german,Male,random_forest,group_threshold_calibrated,pre,moderate_first_group,58a445a909825bd5,"{""alpha_negative"": {""Female"": 0.25, ""Male"": 0.25}, ""alpha_positive"": {""Female"": 0.65, ""Male"": 0.35}, ""contestation_scenario"": ""moderate_first_group"", ""rho_negative"": {""Female"": 0.05, ""Male"": 0.05}, ""rho_positive"": {""Female"": 0.8, ""Male"": 0.8}}",tnr,20,0.1644736842105263,0.07085743167282242,0.015844203393147755,0.1334190455599567,0.1955283228610959
REALDATA,SEMISYNTHETIC REAL-DATA EXPERIMENT,german,Male,random_forest,group_threshold_calibrated,pre,moderate_first_group,58a445a909825bd5,"{""alpha_negative"": {""Female"": 0.25, ""Male"": 0.25}, ""alpha_positive"": {""Female"": 0.65, ""Male"": 0.35}, ""contestation_scenario"": ""moderate_first_group"", ""rho_negative"": {""Female"": 0.05, ""Male"": 0.05}, ""rho_positive"": {""Female"": 0.8, ""Male"": 0.8}}",tpr,20,0.969,0.023373399185263617,0.005226450944348765,0.9587561561490764,0.9792438438509236
REALDATA,SEMISYNTHETIC REAL-DATA EXPERIMENT,german,Male,random_forest,group_threshold_calibrated,pre,moderate_second_group,f2d18f38dbf44f65,"{""alpha_negative"": {""Female"": 0.25, ""Male"": 0.25}, ""alpha_positive"": {""Female"": 0.35, ""Male"": 0.65}, ""contestation_scenario"": ""moderate_second_group"", ""rho_negative"": {""Female"": 0.05, ""Male"": 0.05}, ""rho_positive"": {""Female"": 0.8, ""Male"": 0.8}}",accuracy,20,0.747463768115942,0.020532896551920282,0.004591295246506479,0.7384648294327892,0.7564627067990947
REALDATA,SEMISYNTHETIC REAL-DATA EXPERIMENT,german,Male,random_forest,group_threshold_calibrated,pre,moderate_second_group,f2d18f38dbf44f65,"{""alpha_negative"": {""Female"": 0.25, ""Male"": 0.25}, ""alpha_positive"": {""Female"": 0.35, ""Male"": 0.65}, ""contestation_scenario"": ""moderate_second_group"", ""rho_negative"": {""Female"": 0.05, ""Male"": 0.05}, ""rho_positive"": {""Female"": 0.8, ""Male"": 0.8}}",fnr,20,0.03099999999999999,0.02337339918526364,0.00522645094434877,0.020756156149076402,0.04124384385092358
REALDATA,SEMISYNTHETIC REAL-DATA EXPERIMENT,german,Male,random_forest,group_threshold_calibrated,pre,moderate_second_group,f2d18f38dbf44f65,"{""alpha_negative"": {""Female"": 0.25, ""Male"": 0.25}, ""alpha_positive"": {""Female"": 0.35, ""Male"": 0.65}, ""contestation_scenario"": ""moderate_second_group"", ""rho_negative"": {""Female"": 0.05, ""Male"": 0.05}, ""rho_positive"": {""Female"": 0.8, ""Male"": 0.8}}",fpr,20,0.8355263157894737,0.07085743167282242,0.015844203393147755,0.8044716771389041,0.8665809544400432
REALDATA,SEMISYNTHETIC REAL-DATA EXPERIMENT,german,Male,random_forest,group_threshold_calibrated,pre,moderate_second_group,f2d18f38dbf44f65,"{""alpha_negative"": {""Female"": 0.25, ""Male"": 0.25}, ""alpha_positive"": {""Female"": 0.35, ""Male"": 0.65}, ""contestation_scenario"": ""moderate_second_group"", ""rho_negative"": {""Female"": 0.05, ""Male"": 0.05}, ""rho_positive"": {""Female"": 0.8, ""Male"": 0.8}}",n,20,138.0,0.0,0.0,138.0,138.0
REALDATA,SEMISYNTHETIC REAL-DATA EXPERIMENT,german,Male,random_forest,group_threshold_calibrated,pre,moderate_second_group,f2d18f38dbf44f65,"{""alpha_negative"": {""Female"": 0.25, ""Male"": 0.25}, ""alpha_positive"": {""Female"": 0.35, ""Male"": 0.65}, ""contestation_scenario"": ""moderate_second_group"", ""rho_negative"": {""Female"": 0.05, ""Male"": 0.05}, ""rho_positive"": {""Female"": 0.8, ""Male"": 0.8}}",positive_rate,20,0.9322463768115942,0.030224748366758838,0.00675845919508985,0.9189997967892181,0.9454929568339703
REALDATA,SEMISYNTHETIC REAL-DATA EXPERIMENT,german,Male,random_forest,group_threshold_calibrated,pre,moderate_second_group,f2d18f38dbf44f65,"{""alpha_negative"": {""Female"": 0.25, ""Male"": 0.25}, ""alpha_positive"": {""Female"": 0.35, ""Male"": 0.65}, ""contestation_scenario"": ""moderate_second_group"", ""rho_negative"": {""Female"": 0.05, ""Male"": 0.05}, ""rho_positive"": {""Female"": 0.8, ""Male"": 0.8}}",prevalence,20,0.7246376811594203,0.0,0.0,0.7246376811594203,0.7246376811594203
REALDATA,SEMISYNTHETIC REAL-DATA EXPERIMENT,german,Male,random_forest,group_threshold_calibrated,pre,moderate_second_group,f2d18f38dbf44f65,"{""alpha_negative"": {""Female"": 0.25, ""Male"": 0.25}, ""alpha_positive"": {""Female"": 0.35, ""Male"": 0.65}, ""contestation_scenario"": ""moderate_second_group"", ""rho_negative"": {""Female"": 0.05, ""Male"": 0.05}, ""rho_positive"": {""Female"": 0.8, ""Male"": 0.8}}",tnr,20,0.1644736842105263,0.07085743167282242,0.015844203393147755,0.1334190455599567,0.1955283228610959
REALDATA,SEMISYNTHETIC REAL-DATA EXPERIMENT,german,Male,random_forest,group_threshold_calibrated,pre,moderate_second_group,f2d18f38dbf44f65,"{""alpha_negative"": {""Female"": 0.25, ""Male"": 0.25}, ""alpha_positive"": {""Female"": 0.35, ""Male"": 0.65}, ""contestation_scenario"": ""moderate_second_group"", ""rho_negative"": {""Female"": 0.05, ""Male"": 0.05}, ""rho_positive"": {""Female"": 0.8, ""Male"": 0.8}}",tpr,20,0.969,0.023373399185263617,0.005226450944348765,0.9587561561490764,0.9792438438509236
REALDATA,SEMISYNTHETIC REAL-DATA EXPERIMENT,german,Male,random_forest,group_threshold_calibrated,pre,strong_first_group,80db5b8b411cb1ee,"{""alpha_negative"": {""Female"": 0.25, ""Male"": 0.25}, ""alpha_positive"": {""Female"": 0.75, ""Male"": 0.25}, ""contestation_scenario"": ""strong_first_group"", ""rho_negative"": {""Female"": 0.05, ""Male"": 0.05}, ""rho_positive"": {""Female"": 0.8, ""Male"": 0.8}}",accuracy,20,0.747463768115942,0.020532896551920282,0.004591295246506479,0.7384648294327892,0.7564627067990947
REALDATA,SEMISYNTHETIC REAL-DATA EXPERIMENT,german,Male,random_forest,group_threshold_calibrated,pre,strong_first_group,80db5b8b411cb1ee,"{""alpha_negative"": {""Female"": 0.25, ""Male"": 0.25}, ""alpha_positive"": {""Female"": 0.75, ""Male"": 0.25}, ""contestation_scenario"": ""strong_first_group"", ""rho_negative"": {""Female"": 0.05, ""Male"": 0.05}, ""rho_positive"": {""Female"": 0.8, ""Male"": 0.8}}",fnr,20,0.03099999999999999,0.02337339918526364,0.00522645094434877,0.020756156149076402,0.04124384385092358
REALDATA,SEMISYNTHETIC REAL-DATA EXPERIMENT,german,Male,random_forest,group_threshold_calibrated,pre,strong_first_group,80db5b8b411cb1ee,"{""alpha_negative"": {""Female"": 0.25, ""Male"": 0.25}, ""alpha_positive"": {""Female"": 0.75, ""Male"": 0.25}, ""contestation_scenario"": ""strong_first_group"", ""rho_negative"": {""Female"": 0.05, ""Male"": 0.05}, ""rho_positive"": {""Female"": 0.8, ""Male"": 0.8}}",fpr,20,0.8355263157894737,0.07085743167282242,0.015844203393147755,0.8044716771389041,0.8665809544400432
REALDATA,SEMISYNTHETIC REAL-DATA EXPERIMENT,german,Male,random_forest,group_threshold_calibrated,pre,strong_first_group,80db5b8b411cb1ee,"{""alpha_negative"": {""Female"": 0.25, ""Male"": 0.25}, ""alpha_positive"": {""Female"": 0.75, ""Male"": 0.25}, ""contestation_scenario"": ""strong_first_group"", ""rho_negative"": {""Female"": 0.05, ""Male"": 0.05}, ""rho_positive"": {""Female"": 0.8, ""Male"": 0.8}}",n,20,138.0,0.0,0.0,138.0,138.0
REALDATA,SEMISYNTHETIC REAL-DATA EXPERIMENT,german,Male,random_forest,group_threshold_calibrated,pre,strong_first_group,80db5b8b411cb1ee,"{""alpha_negative"": {""Female"": 0.25, ""Male"": 0.25}, ""alpha_positive"": {""Female"": 0.75, ""Male"": 0.25}, ""contestation_scenario"": ""strong_first_group"", ""rho_negative"": {""Female"": 0.05, ""Male"": 0.05}, ""rho_positive"": {""Female"": 0.8, ""Male"": 0.8}}",positive_rate,20,0.9322463768115942,0.030224748366758838,0.00675845919508985,0.9189997967892181,0.9454929568339703
REALDATA,SEMISYNTHETIC REAL-DATA EXPERIMENT,german,Male,random_forest,group_threshold_calibrated,pre,strong_first_group,80db5b8b411cb1ee,"{""alpha_negative"": {""Female"": 0.25, ""Male"": 0.25}, ""alpha_positive"": {""Female"": 0.75, ""Male"": 0.25}, ""contestation_scenario"": ""strong_first_group"", ""rho_negative"": {""Female"": 0.05, ""Male"": 0.05}, ""rho_positive"": {""Female"": 0.8, ""Male"": 0.8}}",prevalence,20,0.7246376811594203,0.0,0.0,0.7246376811594203,0.7246376811594203
REALDATA,SEMISYNTHETIC REAL-DATA EXPERIMENT,german,Male,random_forest,group_threshold_calibrated,pre,strong_first_group,80db5b8b411cb1ee,"{""alpha_negative"": {""Female"": 0.25, ""Male"": 0.25}, ""alpha_positive"": {""Female"": 0.75, ""Male"": 0.25}, ""contestation_scenario"": ""strong_first_group"", ""rho_negative"": {""Female"": 0.05, ""Male"": 0.05}, ""rho_positive"": {""Female"": 0.8, ""Male"": 0.8}}",tnr,20,0.1644736842105263,0.07085743167282242,0.015844203393147755,0.1334190455599567,0.1955283228610959
REALDATA,SEMISYNTHETIC REAL-DATA EXPERIMENT,german,Male,random_forest,group_threshold_calibrated,pre,strong_first_group,80db5b8b411cb1ee,"{""alpha_negative"": {""Female"": 0.25, ""Male"": 0.25}, ""alpha_positive"": {""Female"": 0.75, ""Male"": 0.25}, ""contestation_scenario"": ""strong_first_group"", ""rho_negative"": {""Female"": 0.05, ""Male"": 0.05}, ""rho_positive"": {""Female"": 0.8, ""Male"": 0.8}}",tpr,20,0.969,0.023373399185263617,0.005226450944348765,0.9587561561490764,0.9792438438509236
REALDATA,SEMISYNTHETIC REAL-DATA EXPERIMENT,german,Male,random_forest,group_threshold_calibrated,pre,strong_second_group,1a6f52e99e976851,"{""alpha_negative"": {""Female"": 0.25, ""Male"": 0.25}, ""alpha_positive"": {""Female"": 0.25, ""Male"": 0.75}, ""contestation_scenario"": ""strong_second_group"", ""rho_negative"": {""Female"": 0.05, ""Male"": 0.05}, ""rho_positive"": {""Female"": 0.8, ""Male"": 0.8}}",accuracy,20,0.747463768115942,0.020532896551920282,0.004591295246506479,0.7384648294327892,0.7564627067990947
REALDATA,SEMISYNTHETIC REAL-DATA EXPERIMENT,german,Male,random_forest,group_threshold_calibrated,pre,strong_second_group,1a6f52e99e976851,"{""alpha_negative"": {""Female"": 0.25, ""Male"": 0.25}, ""alpha_positive"": {""Female"": 0.25, ""Male"": 0.75}, ""contestation_scenario"": ""strong_second_group"", ""rho_negative"": {""Female"": 0.05, ""Male"": 0.05}, ""rho_positive"": {""Female"": 0.8, ""Male"": 0.8}}",fnr,20,0.03099999999999999,0.02337339918526364,0.00522645094434877,0.020756156149076402,0.04124384385092358
REALDATA,SEMISYNTHETIC REAL-DATA EXPERIMENT,german,Male,random_forest,group_threshold_calibrated,pre,strong_second_group,1a6f52e99e976851,"{""alpha_negative"": {""Female"": 0.25, ""Male"": 0.25}, ""alpha_positive"": {""Female"": 0.25, ""Male"": 0.75}, ""contestation_scenario"": ""strong_second_group"", ""rho_negative"": {""Female"": 0.05, ""Male"": 0.05}, ""rho_positive"": {""Female"": 0.8, ""Male"": 0.8}}",fpr,20,0.8355263157894737,0.07085743167282242,0.015844203393147755,0.8044716771389041,0.8665809544400432
REALDATA,SEMISYNTHETIC REAL-DATA EXPERIMENT,german,Male,random_forest,group_threshold_calibrated,pre,strong_second_group,1a6f52e99e976851,"{""alpha_negative"": {""Female"": 0.25, ""Male"": 0.25}, ""alpha_positive"": {""Female"": 0.25, ""Male"": 0.75}, ""contestation_scenario"": ""strong_second_group"", ""rho_negative"": {""Female"": 0.05, ""Male"": 0.05}, ""rho_positive"": {""Female"": 0.8, ""Male"": 0.8}}",n,20,138.0,0.0,0.0,138.0,138.0
REALDATA,SEMISYNTHETIC REAL-DATA EXPERIMENT,german,Male,random_forest,group_threshold_calibrated,pre,strong_second_group,1a6f52e99e976851,"{""alpha_negative"": {""Female"": 0.25, ""Male"": 0.25}, ""alpha_positive"": {""Female"": 0.25, ""Male"": 0.75}, ""contestation_scenario"": ""strong_second_group"", ""rho_negative"": {""Female"": 0.05, ""Male"": 0.05}, ""rho_positive"": {""Female"": 0.8, ""Male"": 0.8}}",positive_rate,20,0.9322463768115942,0.030224748366758838,0.00675845919508985,0.9189997967892181,0.9454929568339703
REALDATA,SEMISYNTHETIC REAL-DATA EXPERIMENT,german,Male,random_forest,group_threshold_calibrated,pre,strong_second_group,1a6f52e99e976851,"{""alpha_negative"": {""Female"": 0.25, ""Male"": 0.25}, ""alpha_positive"": {""Female"": 0.25, ""Male"": 0.75}, ""contestation_scenario"": ""strong_second_group"", ""rho_negative"": {""Female"": 0.05, ""Male"": 0.05}, ""rho_positive"": {""Female"": 0.8, ""Male"": 0.8}}",prevalence,20,0.7246376811594203,0.0,0.0,0.7246376811594203,0.7246376811594203
REALDATA,SEMISYNTHETIC REAL-DATA EXPERIMENT,german,Male,random_forest,group_threshold_calibrated,pre,strong_second_group,1a6f52e99e976851,"{""alpha_negative"": {""Female"": 0.25, ""Male"": 0.25}, ""alpha_positive"": {""Female"": 0.25, ""Male"": 0.75}, ""contestation_scenario"": ""strong_second_group"", ""rho_negative"": {""Female"": 0.05, ""Male"": 0.05}, ""rho_positive"": {""Female"": 0.8, ""Male"": 0.8}}",tnr,20,0.1644736842105263,0.07085743167282242,0.015844203393147755,0.1334190455599567,0.1955283228610959
REALDATA,SEMISYNTHETIC REAL-DATA EXPERIMENT,german,Male,random_forest,group_threshold_calibrated,pre,strong_second_group,1a6f52e99e976851,"{""alpha_negative"": {""Female"": 0.25, ""Male"": 0.25}, ""alpha_positive"": {""Female"": 0.25, ""Male"": 0.75}, ""contestation_scenario"": ""strong_second_group"", ""rho_negative"": {""Female"": 0.05, ""Male"": 0.05}, ""rho_positive"": {""Female"": 0.8, ""Male"": 0.8}}",tpr,20,0.969,0.023373399185263617,0.005226450944348765,0.9587561561490764,0.9792438438509236
REALDATA,SEMISYNTHETIC REAL-DATA EXPERIMENT,german,Male,random_forest,validation_selected_threshold,frozen_policy,equal_access,8b1b8b56ce23dea1,"{""alpha_negative"": {""Female"": 0.25, ""Male"": 0.25}, ""alpha_positive"": {""Female"": 0.5, ""Male"": 0.5}, ""contestation_scenario"": ""equal_access"", ""rho_negative"": {""Female"": 0.05, ""Male"": 0.05}, ""rho_positive"": {""Female"": 0.8, ""Male"": 0.8}}",decision_threshold,20,0.49000000000000005,0.02615741818902987,0.005848976518656023,0.47853600602343427,0.5014639939765658
REALDATA,SEMISYNTHETIC REAL-DATA EXPERIMENT,german,Male,random_forest,validation_selected_threshold,frozen_policy,moderate_first_group,58a445a909825bd5,"{""alpha_negative"": {""Female"": 0.25, ""Male"": 0.25}, ""alpha_positive"": {""Female"": 0.65, ""Male"": 0.35}, ""contestation_scenario"": ""moderate_first_group"", ""rho_negative"": {""Female"": 0.05, ""Male"": 0.05}, ""rho_positive"": {""Female"": 0.8, ""Male"": 0.8}}",decision_threshold,20,0.49000000000000005,0.02615741818902987,0.005848976518656023,0.47853600602343427,0.5014639939765658
REALDATA,SEMISYNTHETIC REAL-DATA EXPERIMENT,german,Male,random_forest,validation_selected_threshold,frozen_policy,moderate_second_group,f2d18f38dbf44f65,"{""alpha_negative"": {""Female"": 0.25, ""Male"": 0.25}, ""alpha_positive"": {""Female"": 0.35, ""Male"": 0.65}, ""contestation_scenario"": ""moderate_second_group"", ""rho_negative"": {""Female"": 0.05, ""Male"": 0.05}, ""rho_positive"": {""Female"": 0.8, ""Male"": 0.8}}",decision_threshold,20,0.49000000000000005,0.02615741818902987,0.005848976518656023,0.47853600602343427,0.5014639939765658
REALDATA,SEMISYNTHETIC REAL-DATA EXPERIMENT,german,Male,random_forest,validation_selected_threshold,frozen_policy,strong_first_group,80db5b8b411cb1ee,"{""alpha_negative"": {""Female"": 0.25, ""Male"": 0.25}, ""alpha_positive"": {""Female"": 0.75, ""Male"": 0.25}, ""contestation_scenario"": ""strong_first_group"", ""rho_negative"": {""Female"": 0.05, ""Male"": 0.05}, ""rho_positive"": {""Female"": 0.8, ""Male"": 0.8}}",decision_threshold,20,0.49000000000000005,0.02615741818902987,0.005848976518656023,0.47853600602343427,0.5014639939765658
REALDATA,SEMISYNTHETIC REAL-DATA EXPERIMENT,german,Male,random_forest,validation_selected_threshold,frozen_policy,strong_second_group,1a6f52e99e976851,"{""alpha_negative"": {""Female"": 0.25, ""Male"": 0.25}, ""alpha_positive"": {""Female"": 0.25, ""Male"": 0.75}, ""contestation_scenario"": ""strong_second_group"", ""rho_negative"": {""Female"": 0.05, ""Male"": 0.05}, ""rho_positive"": {""Female"": 0.8, ""Male"": 0.8}}",decision_threshold,20,0.49000000000000005,0.02615741818902987,0.005848976518656023,0.47853600602343427,0.5014639939765658
