experiment_id,experiment_type,seed,configuration,config_hash,parameter_key,parameter_json,family_pair,subsidy,formal_policy_equal,n_per_group,metric,value,dataset,group,model,method
EXP-03,SYNTHETIC EXPERIMENT,1741,full,664a150484ed2af3,4338615956f6d866,"{""family_pair"": ""uniform_A_vs_B"", ""formal_policy_equal"": true, ""n_per_group"": 200000, ""subsidy"": 0.0}",uniform_A_vs_B,0.0,True,200000,appeal_rate_a,0.24686994648483737,synthetic,ALL,not_applicable,not_applicable
EXP-03,SYNTHETIC EXPERIMENT,1741,full,664a150484ed2af3,c68fa5448714f757,"{""family_pair"": ""uniform_A_vs_B"", ""formal_policy_equal"": true, ""n_per_group"": 200000, ""subsidy"": 0.1}",uniform_A_vs_B,0.1,True,200000,appeal_rate_a,0.30060684872128307,synthetic,ALL,not_applicable,not_applicable
EXP-03,SYNTHETIC EXPERIMENT,1741,full,664a150484ed2af3,e26808a1db4f8f6e,"{""family_pair"": ""uniform_A_vs_B"", ""formal_policy_equal"": true, ""n_per_group"": 200000, ""subsidy"": 0.2}",uniform_A_vs_B,0.2,True,200000,appeal_rate_a,0.3494923900178372,synthetic,ALL,not_applicable,not_applicable
EXP-03,SYNTHETIC EXPERIMENT,1741,full,664a150484ed2af3,e4cce325fbc99016,"{""family_pair"": ""uniform_A_vs_B"", ""formal_policy_equal"": true, ""n_per_group"": 200000, ""subsidy"": 0.3}",uniform_A_vs_B,0.3,True,200000,appeal_rate_a,0.3990498812351544,synthetic,ALL,not_applicable,not_applicable
EXP-03,SYNTHETIC EXPERIMENT,1741,full,664a150484ed2af3,847cb4ae861f1800,"{""family_pair"": ""uniform_A_vs_B"", ""formal_policy_equal"": true, ""n_per_group"": 200000, ""subsidy"": 0.4}",uniform_A_vs_B,0.4,True,200000,appeal_rate_a,0.4485300234597275,synthetic,ALL,not_applicable,not_applicable
EXP-03,SYNTHETIC EXPERIMENT,1741,full,664a150484ed2af3,5ff6f0304435b9b0,"{""family_pair"": ""uniform_A_vs_B"", ""formal_policy_equal"": true, ""n_per_group"": 200000, ""subsidy"": 0.5}",uniform_A_vs_B,0.5,True,200000,appeal_rate_a,0.5041414782405397,synthetic,ALL,not_applicable,not_applicable
EXP-03,SYNTHETIC EXPERIMENT,1741,full,664a150484ed2af3,aa550840ce409a36,"{""family_pair"": ""uniform_A_vs_B"", ""formal_policy_equal"": true, ""n_per_group"": 200000, ""subsidy"": 0.6}",uniform_A_vs_B,0.6,True,200000,appeal_rate_a,0.5482940813707352,synthetic,ALL,not_applicable,not_applicable
EXP-03,SYNTHETIC EXPERIMENT,1741,full,664a150484ed2af3,43bdd4beb9d65255,"{""family_pair"": ""uniform_A_vs_B"", ""formal_policy_equal"": true, ""n_per_group"": 200000, ""subsidy"": 0.7}",uniform_A_vs_B,0.7,True,200000,appeal_rate_a,0.5991100189287019,synthetic,ALL,not_applicable,not_applicable
EXP-03,SYNTHETIC EXPERIMENT,1741,full,664a150484ed2af3,8a79fbeab60bfcf3,"{""family_pair"": ""uniform_A_vs_B"", ""formal_policy_equal"": true, ""n_per_group"": 200000, ""subsidy"": 0.8}",uniform_A_vs_B,0.8,True,200000,appeal_rate_a,0.6495964514407684,synthetic,ALL,not_applicable,not_applicable
EXP-03,SYNTHETIC EXPERIMENT,1741,full,664a150484ed2af3,06c5dc32861055c3,"{""family_pair"": ""uniform_A_vs_B"", ""formal_policy_equal"": true, ""n_per_group"": 200000, ""subsidy"": 0.9}",uniform_A_vs_B,0.9,True,200000,appeal_rate_a,0.699720600291111,synthetic,ALL,not_applicable,not_applicable
EXP-03,SYNTHETIC EXPERIMENT,1741,full,664a150484ed2af3,d1602228ad1c5976,"{""family_pair"": ""uniform_A_vs_B"", ""formal_policy_equal"": true, ""n_per_group"": 200000, ""subsidy"": 1.0}",uniform_A_vs_B,1.0,True,200000,appeal_rate_a,0.7514777091334113,synthetic,ALL,not_applicable,not_applicable
EXP-03,SYNTHETIC EXPERIMENT,1741,full,664a150484ed2af3,c6279785591b770c,"{""family_pair"": ""uniform_A_vs_B"", ""formal_policy_equal"": true, ""n_per_group"": 200000, ""subsidy"": 1.25}",uniform_A_vs_B,1.25,True,200000,appeal_rate_a,0.8771573941671378,synthetic,ALL,not_applicable,not_applicable
EXP-03,SYNTHETIC EXPERIMENT,1741,full,664a150484ed2af3,64b11792c16678de,"{""family_pair"": ""uniform_A_vs_B"", ""formal_policy_equal"": true, ""n_per_group"": 200000, ""subsidy"": 1.5}",uniform_A_vs_B,1.5,True,200000,appeal_rate_a,1.0,synthetic,ALL,not_applicable,not_applicable
EXP-03,SYNTHETIC EXPERIMENT,1741,full,664a150484ed2af3,00e12b52dcc2fc30,"{""family_pair"": ""uniform_A_vs_B"", ""formal_policy_equal"": true, ""n_per_group"": 200000, ""subsidy"": 1.75}",uniform_A_vs_B,1.75,True,200000,appeal_rate_a,1.0,synthetic,ALL,not_applicable,not_applicable
EXP-03,SYNTHETIC EXPERIMENT,1741,full,664a150484ed2af3,4f951f13ca9cbe5d,"{""family_pair"": ""uniform_A_vs_B"", ""formal_policy_equal"": true, ""n_per_group"": 200000, ""subsidy"": 2.0}",uniform_A_vs_B,2.0,True,200000,appeal_rate_a,1.0,synthetic,ALL,not_applicable,not_applicable
EXP-03,SYNTHETIC EXPERIMENT,1741,full,664a150484ed2af3,0a557b754e3f722f,"{""family_pair"": ""exponential_A_vs_B"", ""formal_policy_equal"": true, ""n_per_group"": 200000, ""subsidy"": 0.0}",exponential_A_vs_B,0.0,True,200000,appeal_rate_a,0.22073980187452052,synthetic,ALL,not_applicable,not_applicable
EXP-03,SYNTHETIC EXPERIMENT,1741,full,664a150484ed2af3,0ac3541f9947d8b2,"{""family_pair"": ""exponential_A_vs_B"", ""formal_policy_equal"": true, ""n_per_group"": 200000, ""subsidy"": 0.1}",exponential_A_vs_B,0.1,True,200000,appeal_rate_a,0.2623727682296012,synthetic,ALL,not_applicable,not_applicable
EXP-03,SYNTHETIC EXPERIMENT,1741,full,664a150484ed2af3,592295b88e9fa031,"{""family_pair"": ""exponential_A_vs_B"", ""formal_policy_equal"": true, ""n_per_group"": 200000, ""subsidy"": 0.2}",exponential_A_vs_B,0.2,True,200000,appeal_rate_a,0.2934092002455168,synthetic,ALL,not_applicable,not_applicable
EXP-03,SYNTHETIC EXPERIMENT,1741,full,664a150484ed2af3,ab5f557f4f9bdef7,"{""family_pair"": ""exponential_A_vs_B"", ""formal_policy_equal"": true, ""n_per_group"": 200000, ""subsidy"": 0.3}",exponential_A_vs_B,0.3,True,200000,appeal_rate_a,0.329687030294933,synthetic,ALL,not_applicable,not_applicable
EXP-03,SYNTHETIC EXPERIMENT,1741,full,664a150484ed2af3,0b6afeb41c1f7f0a,"{""family_pair"": ""exponential_A_vs_B"", ""formal_policy_equal"": true, ""n_per_group"": 200000, ""subsidy"": 0.4}",exponential_A_vs_B,0.4,True,200000,appeal_rate_a,0.365689733001187,synthetic,ALL,not_applicable,not_applicable
EXP-03,SYNTHETIC EXPERIMENT,1741,full,664a150484ed2af3,887cb7d4f64085c6,"{""family_pair"": ""exponential_A_vs_B"", ""formal_policy_equal"": true, ""n_per_group"": 200000, ""subsidy"": 0.5}",exponential_A_vs_B,0.5,True,200000,appeal_rate_a,0.39350005839269925,synthetic,ALL,not_applicable,not_applicable
EXP-03,SYNTHETIC EXPERIMENT,1741,full,664a150484ed2af3,cb3673825243bba1,"{""family_pair"": ""exponential_A_vs_B"", ""formal_policy_equal"": true, ""n_per_group"": 200000, ""subsidy"": 0.6}",exponential_A_vs_B,0.6,True,200000,appeal_rate_a,0.42196329449417413,synthetic,ALL,not_applicable,not_applicable
EXP-03,SYNTHETIC EXPERIMENT,1741,full,664a150484ed2af3,195df8dece541350,"{""family_pair"": ""exponential_A_vs_B"", ""formal_policy_equal"": true, ""n_per_group"": 200000, ""subsidy"": 0.7}",exponential_A_vs_B,0.7,True,200000,appeal_rate_a,0.44867414456907617,synthetic,ALL,not_applicable,not_applicable
EXP-03,SYNTHETIC EXPERIMENT,1741,full,664a150484ed2af3,70618ecb00cab6b5,"{""family_pair"": ""exponential_A_vs_B"", ""formal_policy_equal"": true, ""n_per_group"": 200000, ""subsidy"": 0.8}",exponential_A_vs_B,0.8,True,200000,appeal_rate_a,0.47584419926446003,synthetic,ALL,not_applicable,not_applicable
EXP-03,SYNTHETIC EXPERIMENT,1741,full,664a150484ed2af3,1b7a341471ac317f,"{""family_pair"": ""exponential_A_vs_B"", ""formal_policy_equal"": true, ""n_per_group"": 200000, ""subsidy"": 0.9}",exponential_A_vs_B,0.9,True,200000,appeal_rate_a,0.5011118356155222,synthetic,ALL,not_applicable,not_applicable
EXP-03,SYNTHETIC EXPERIMENT,1741,full,664a150484ed2af3,80ad9ba96da3aa6f,"{""family_pair"": ""exponential_A_vs_B"", ""formal_policy_equal"": true, ""n_per_group"": 200000, ""subsidy"": 1.0}",exponential_A_vs_B,1.0,True,200000,appeal_rate_a,0.5265992929090788,synthetic,ALL,not_applicable,not_applicable
EXP-03,SYNTHETIC EXPERIMENT,1741,full,664a150484ed2af3,ffaef5c2ab07acd8,"{""family_pair"": ""exponential_A_vs_B"", ""formal_policy_equal"": true, ""n_per_group"": 200000, ""subsidy"": 1.25}",exponential_A_vs_B,1.25,True,200000,appeal_rate_a,0.5800160836349015,synthetic,ALL,not_applicable,not_applicable
EXP-03,SYNTHETIC EXPERIMENT,1741,full,664a150484ed2af3,26ecb4ddd3649de0,"{""family_pair"": ""exponential_A_vs_B"", ""formal_policy_equal"": true, ""n_per_group"": 200000, ""subsidy"": 1.5}",exponential_A_vs_B,1.5,True,200000,appeal_rate_a,0.6315076737887451,synthetic,ALL,not_applicable,not_applicable
EXP-03,SYNTHETIC EXPERIMENT,1741,full,664a150484ed2af3,673569926a45a05a,"{""family_pair"": ""exponential_A_vs_B"", ""formal_policy_equal"": true, ""n_per_group"": 200000, ""subsidy"": 1.75}",exponential_A_vs_B,1.75,True,200000,appeal_rate_a,0.6735179972350384,synthetic,ALL,not_applicable,not_applicable
EXP-03,SYNTHETIC EXPERIMENT,1741,full,664a150484ed2af3,f0e6e0c672c2d0e5,"{""family_pair"": ""exponential_A_vs_B"", ""formal_policy_equal"": true, ""n_per_group"": 200000, ""subsidy"": 2.0}",exponential_A_vs_B,2.0,True,200000,appeal_rate_a,0.714431626006731,synthetic,ALL,not_applicable,not_applicable
EXP-03,SYNTHETIC EXPERIMENT,1741,full,664a150484ed2af3,b276b578d51daa1c,"{""family_pair"": ""logistic_A_vs_B"", ""formal_policy_equal"": true, ""n_per_group"": 200000, ""subsidy"": 0.0}",logistic_A_vs_B,0.0,True,200000,appeal_rate_a,0.2696056229345948,synthetic,ALL,not_applicable,not_applicable
EXP-03,SYNTHETIC EXPERIMENT,1741,full,664a150484ed2af3,ffa52f5cb4396c03,"{""family_pair"": ""logistic_A_vs_B"", ""formal_policy_equal"": true, ""n_per_group"": 200000, ""subsidy"": 0.1}",logistic_A_vs_B,0.1,True,200000,appeal_rate_a,0.31177126128973237,synthetic,ALL,not_applicable,not_applicable
EXP-03,SYNTHETIC EXPERIMENT,1741,full,664a150484ed2af3,b2d4133387a20256,"{""family_pair"": ""logistic_A_vs_B"", ""formal_policy_equal"": true, ""n_per_group"": 200000, ""subsidy"": 0.2}",logistic_A_vs_B,0.2,True,200000,appeal_rate_a,0.3510502070479453,synthetic,ALL,not_applicable,not_applicable
EXP-03,SYNTHETIC EXPERIMENT,1741,full,664a150484ed2af3,9106292078060093,"{""family_pair"": ""logistic_A_vs_B"", ""formal_policy_equal"": true, ""n_per_group"": 200000, ""subsidy"": 0.3}",logistic_A_vs_B,0.3,True,200000,appeal_rate_a,0.40124843945068667,synthetic,ALL,not_applicable,not_applicable
EXP-03,SYNTHETIC EXPERIMENT,1741,full,664a150484ed2af3,fe4afdbba7764cd6,"{""family_pair"": ""logistic_A_vs_B"", ""formal_policy_equal"": true, ""n_per_group"": 200000, ""subsidy"": 0.4}",logistic_A_vs_B,0.4,True,200000,appeal_rate_a,0.4513545150501672,synthetic,ALL,not_applicable,not_applicable
EXP-03,SYNTHETIC EXPERIMENT,1741,full,664a150484ed2af3,19bceb8670eb268e,"{""family_pair"": ""logistic_A_vs_B"", ""formal_policy_equal"": true, ""n_per_group"": 200000, ""subsidy"": 0.5}",logistic_A_vs_B,0.5,True,200000,appeal_rate_a,0.5015420521797116,synthetic,ALL,not_applicable,not_applicable
EXP-03,SYNTHETIC EXPERIMENT,1741,full,664a150484ed2af3,1ebb499b884bfebb,"{""family_pair"": ""logistic_A_vs_B"", ""formal_policy_equal"": true, ""n_per_group"": 200000, ""subsidy"": 0.6}",logistic_A_vs_B,0.6,True,200000,appeal_rate_a,0.5489990863028491,synthetic,ALL,not_applicable,not_applicable
EXP-03,SYNTHETIC EXPERIMENT,1741,full,664a150484ed2af3,2d4a553f782b84ee,"{""family_pair"": ""logistic_A_vs_B"", ""formal_policy_equal"": true, ""n_per_group"": 200000, ""subsidy"": 0.7}",logistic_A_vs_B,0.7,True,200000,appeal_rate_a,0.594861890411415,synthetic,ALL,not_applicable,not_applicable
EXP-03,SYNTHETIC EXPERIMENT,1741,full,664a150484ed2af3,18f7de4d27d375fd,"{""family_pair"": ""logistic_A_vs_B"", ""formal_policy_equal"": true, ""n_per_group"": 200000, ""subsidy"": 0.8}",logistic_A_vs_B,0.8,True,200000,appeal_rate_a,0.6457853062042698,synthetic,ALL,not_applicable,not_applicable
EXP-03,SYNTHETIC EXPERIMENT,1741,full,664a150484ed2af3,224922c21ee56a16,"{""family_pair"": ""logistic_A_vs_B"", ""formal_policy_equal"": true, ""n_per_group"": 200000, ""subsidy"": 0.9}",logistic_A_vs_B,0.9,True,200000,appeal_rate_a,0.6913059366798445,synthetic,ALL,not_applicable,not_applicable
EXP-03,SYNTHETIC EXPERIMENT,1741,full,664a150484ed2af3,83e869194360d0b0,"{""family_pair"": ""logistic_A_vs_B"", ""formal_policy_equal"": true, ""n_per_group"": 200000, ""subsidy"": 1.0}",logistic_A_vs_B,1.0,True,200000,appeal_rate_a,0.7301436046608824,synthetic,ALL,not_applicable,not_applicable
EXP-03,SYNTHETIC EXPERIMENT,1741,full,664a150484ed2af3,b6ef94d4c8fb9136,"{""family_pair"": ""logistic_A_vs_B"", ""formal_policy_equal"": true, ""n_per_group"": 200000, ""subsidy"": 1.25}",logistic_A_vs_B,1.25,True,200000,appeal_rate_a,0.818197017320939,synthetic,ALL,not_applicable,not_applicable
EXP-03,SYNTHETIC EXPERIMENT,1741,full,664a150484ed2af3,178605d93be8e7ac,"{""family_pair"": ""logistic_A_vs_B"", ""formal_policy_equal"": true, ""n_per_group"": 200000, ""subsidy"": 1.5}",logistic_A_vs_B,1.5,True,200000,appeal_rate_a,0.88028215657703,synthetic,ALL,not_applicable,not_applicable
EXP-03,SYNTHETIC EXPERIMENT,1741,full,664a150484ed2af3,ac1324cdc88202bb,"{""family_pair"": ""logistic_A_vs_B"", ""formal_policy_equal"": true, ""n_per_group"": 200000, ""subsidy"": 1.75}",logistic_A_vs_B,1.75,True,200000,appeal_rate_a,0.9229056079304744,synthetic,ALL,not_applicable,not_applicable
EXP-03,SYNTHETIC EXPERIMENT,1741,full,664a150484ed2af3,0f8bee11addd1cd2,"{""family_pair"": ""logistic_A_vs_B"", ""formal_policy_equal"": true, ""n_per_group"": 200000, ""subsidy"": 2.0}",logistic_A_vs_B,2.0,True,200000,appeal_rate_a,0.9508754377188594,synthetic,ALL,not_applicable,not_applicable
EXP-03,SYNTHETIC EXPERIMENT,1741,full,664a150484ed2af3,e15565211775e638,"{""family_pair"": ""pareto_A_vs_B"", ""formal_policy_equal"": true, ""n_per_group"": 200000, ""subsidy"": 0.0}",pareto_A_vs_B,0.0,True,200000,appeal_rate_a,0.0,synthetic,ALL,not_applicable,not_applicable
EXP-03,SYNTHETIC EXPERIMENT,1741,full,664a150484ed2af3,14c4fa8917b3b1a6,"{""family_pair"": ""pareto_A_vs_B"", ""formal_policy_equal"": true, ""n_per_group"": 200000, ""subsidy"": 0.1}",pareto_A_vs_B,0.1,True,200000,appeal_rate_a,0.0,synthetic,ALL,not_applicable,not_applicable
EXP-03,SYNTHETIC EXPERIMENT,1741,full,664a150484ed2af3,baca0f123f4f68f8,"{""family_pair"": ""pareto_A_vs_B"", ""formal_policy_equal"": true, ""n_per_group"": 200000, ""subsidy"": 0.2}",pareto_A_vs_B,0.2,True,200000,appeal_rate_a,0.0,synthetic,ALL,not_applicable,not_applicable
EXP-03,SYNTHETIC EXPERIMENT,1741,full,664a150484ed2af3,84c05c52a6fcc86a,"{""family_pair"": ""pareto_A_vs_B"", ""formal_policy_equal"": true, ""n_per_group"": 200000, ""subsidy"": 0.3}",pareto_A_vs_B,0.3,True,200000,appeal_rate_a,0.0,synthetic,ALL,not_applicable,not_applicable
EXP-03,SYNTHETIC EXPERIMENT,1741,full,664a150484ed2af3,edf772fa32bff4ac,"{""family_pair"": ""pareto_A_vs_B"", ""formal_policy_equal"": true, ""n_per_group"": 200000, ""subsidy"": 0.4}",pareto_A_vs_B,0.4,True,200000,appeal_rate_a,0.0,synthetic,ALL,not_applicable,not_applicable
EXP-03,SYNTHETIC EXPERIMENT,1741,full,664a150484ed2af3,6beb74afdc0b0ebb,"{""family_pair"": ""pareto_A_vs_B"", ""formal_policy_equal"": true, ""n_per_group"": 200000, ""subsidy"": 0.5}",pareto_A_vs_B,0.5,True,200000,appeal_rate_a,0.0,synthetic,ALL,not_applicable,not_applicable
EXP-03,SYNTHETIC EXPERIMENT,1741,full,664a150484ed2af3,2768d4652bbfd10c,"{""family_pair"": ""pareto_A_vs_B"", ""formal_policy_equal"": true, ""n_per_group"": 200000, ""subsidy"": 0.6}",pareto_A_vs_B,0.6,True,200000,appeal_rate_a,0.13522529167225425,synthetic,ALL,not_applicable,not_applicable
EXP-03,SYNTHETIC EXPERIMENT,1741,full,664a150484ed2af3,6720a925d5fe19b4,"{""family_pair"": ""pareto_A_vs_B"", ""formal_policy_equal"": true, ""n_per_group"": 200000, ""subsidy"": 0.7}",pareto_A_vs_B,0.7,True,200000,appeal_rate_a,0.23844399687068263,synthetic,ALL,not_applicable,not_applicable
EXP-03,SYNTHETIC EXPERIMENT,1741,full,664a150484ed2af3,c312a5d530ac706c,"{""family_pair"": ""pareto_A_vs_B"", ""formal_policy_equal"": true, ""n_per_group"": 200000, ""subsidy"": 0.8}",pareto_A_vs_B,0.8,True,200000,appeal_rate_a,0.3275112819655691,synthetic,ALL,not_applicable,not_applicable
EXP-03,SYNTHETIC EXPERIMENT,1741,full,664a150484ed2af3,2b0d5215ce435e30,"{""family_pair"": ""pareto_A_vs_B"", ""formal_policy_equal"": true, ""n_per_group"": 200000, ""subsidy"": 0.9}",pareto_A_vs_B,0.9,True,200000,appeal_rate_a,0.39574610059220955,synthetic,ALL,not_applicable,not_applicable
EXP-03,SYNTHETIC EXPERIMENT,1741,full,664a150484ed2af3,46e19ce62c8603c7,"{""family_pair"": ""pareto_A_vs_B"", ""formal_policy_equal"": true, ""n_per_group"": 200000, ""subsidy"": 1.0}",pareto_A_vs_B,1.0,True,200000,appeal_rate_a,0.4541268447816077,synthetic,ALL,not_applicable,not_applicable
EXP-03,SYNTHETIC EXPERIMENT,1741,full,664a150484ed2af3,8d8ead1dbd0a19ff,"{""family_pair"": ""pareto_A_vs_B"", ""formal_policy_equal"": true, ""n_per_group"": 200000, ""subsidy"": 1.25}",pareto_A_vs_B,1.25,True,200000,appeal_rate_a,0.5659364403962502,synthetic,ALL,not_applicable,not_applicable
EXP-03,SYNTHETIC EXPERIMENT,1741,full,664a150484ed2af3,d454106141e4205b,"{""family_pair"": ""pareto_A_vs_B"", ""formal_policy_equal"": true, ""n_per_group"": 200000, ""subsidy"": 1.5}",pareto_A_vs_B,1.5,True,200000,appeal_rate_a,0.6474454735584105,synthetic,ALL,not_applicable,not_applicable
EXP-03,SYNTHETIC EXPERIMENT,1741,full,664a150484ed2af3,3b091711aeda72ba,"{""family_pair"": ""pareto_A_vs_B"", ""formal_policy_equal"": true, ""n_per_group"": 200000, ""subsidy"": 1.75}",pareto_A_vs_B,1.75,True,200000,appeal_rate_a,0.7028894786919726,synthetic,ALL,not_applicable,not_applicable
EXP-03,SYNTHETIC EXPERIMENT,1741,full,664a150484ed2af3,e1438ef1c7c46db3,"{""family_pair"": ""pareto_A_vs_B"", ""formal_policy_equal"": true, ""n_per_group"": 200000, ""subsidy"": 2.0}",pareto_A_vs_B,2.0,True,200000,appeal_rate_a,0.7463878832165277,synthetic,ALL,not_applicable,not_applicable
EXP-03,SYNTHETIC EXPERIMENT,1741,full,664a150484ed2af3,4338615956f6d866,"{""family_pair"": ""uniform_A_vs_B"", ""formal_policy_equal"": true, ""n_per_group"": 200000, ""subsidy"": 0.0}",uniform_A_vs_B,0.0,True,200000,appeal_rate_b,0.4988822901374616,synthetic,ALL,not_applicable,not_applicable
EXP-03,SYNTHETIC EXPERIMENT,1741,full,664a150484ed2af3,c68fa5448714f757,"{""family_pair"": ""uniform_A_vs_B"", ""formal_policy_equal"": true, ""n_per_group"": 200000, ""subsidy"": 0.1}",uniform_A_vs_B,0.1,True,200000,appeal_rate_b,0.5996401259559154,synthetic,ALL,not_applicable,not_applicable
EXP-03,SYNTHETIC EXPERIMENT,1741,full,664a150484ed2af3,e26808a1db4f8f6e,"{""family_pair"": ""uniform_A_vs_B"", ""formal_policy_equal"": true, ""n_per_group"": 200000, ""subsidy"": 0.2}",uniform_A_vs_B,0.2,True,200000,appeal_rate_b,0.7005410294634931,synthetic,ALL,not_applicable,not_applicable
EXP-03,SYNTHETIC EXPERIMENT,1741,full,664a150484ed2af3,e4cce325fbc99016,"{""family_pair"": ""uniform_A_vs_B"", ""formal_policy_equal"": true, ""n_per_group"": 200000, ""subsidy"": 0.3}",uniform_A_vs_B,0.3,True,200000,appeal_rate_b,0.8021569542605681,synthetic,ALL,not_applicable,not_applicable
EXP-03,SYNTHETIC EXPERIMENT,1741,full,664a150484ed2af3,847cb4ae861f1800,"{""family_pair"": ""uniform_A_vs_B"", ""formal_policy_equal"": true, ""n_per_group"": 200000, ""subsidy"": 0.4}",uniform_A_vs_B,0.4,True,200000,appeal_rate_b,0.9009935477450282,synthetic,ALL,not_applicable,not_applicable
EXP-03,SYNTHETIC EXPERIMENT,1741,full,664a150484ed2af3,5ff6f0304435b9b0,"{""family_pair"": ""uniform_A_vs_B"", ""formal_policy_equal"": true, ""n_per_group"": 200000, ""subsidy"": 0.5}",uniform_A_vs_B,0.5,True,200000,appeal_rate_b,1.0,synthetic,ALL,not_applicable,not_applicable
EXP-03,SYNTHETIC EXPERIMENT,1741,full,664a150484ed2af3,aa550840ce409a36,"{""family_pair"": ""uniform_A_vs_B"", ""formal_policy_equal"": true, ""n_per_group"": 200000, ""subsidy"": 0.6}",uniform_A_vs_B,0.6,True,200000,appeal_rate_b,1.0,synthetic,ALL,not_applicable,not_applicable
EXP-03,SYNTHETIC EXPERIMENT,1741,full,664a150484ed2af3,43bdd4beb9d65255,"{""family_pair"": ""uniform_A_vs_B"", ""formal_policy_equal"": true, ""n_per_group"": 200000, ""subsidy"": 0.7}",uniform_A_vs_B,0.7,True,200000,appeal_rate_b,1.0,synthetic,ALL,not_applicable,not_applicable
EXP-03,SYNTHETIC EXPERIMENT,1741,full,664a150484ed2af3,8a79fbeab60bfcf3,"{""family_pair"": ""uniform_A_vs_B"", ""formal_policy_equal"": true, ""n_per_group"": 200000, ""subsidy"": 0.8}",uniform_A_vs_B,0.8,True,200000,appeal_rate_b,1.0,synthetic,ALL,not_applicable,not_applicable
EXP-03,SYNTHETIC EXPERIMENT,1741,full,664a150484ed2af3,06c5dc32861055c3,"{""family_pair"": ""uniform_A_vs_B"", ""formal_policy_equal"": true, ""n_per_group"": 200000, ""subsidy"": 0.9}",uniform_A_vs_B,0.9,True,200000,appeal_rate_b,1.0,synthetic,ALL,not_applicable,not_applicable
EXP-03,SYNTHETIC EXPERIMENT,1741,full,664a150484ed2af3,d1602228ad1c5976,"{""family_pair"": ""uniform_A_vs_B"", ""formal_policy_equal"": true, ""n_per_group"": 200000, ""subsidy"": 1.0}",uniform_A_vs_B,1.0,True,200000,appeal_rate_b,1.0,synthetic,ALL,not_applicable,not_applicable
EXP-03,SYNTHETIC EXPERIMENT,1741,full,664a150484ed2af3,c6279785591b770c,"{""family_pair"": ""uniform_A_vs_B"", ""formal_policy_equal"": true, ""n_per_group"": 200000, ""subsidy"": 1.25}",uniform_A_vs_B,1.25,True,200000,appeal_rate_b,1.0,synthetic,ALL,not_applicable,not_applicable
EXP-03,SYNTHETIC EXPERIMENT,1741,full,664a150484ed2af3,64b11792c16678de,"{""family_pair"": ""uniform_A_vs_B"", ""formal_policy_equal"": true, ""n_per_group"": 200000, ""subsidy"": 1.5}",uniform_A_vs_B,1.5,True,200000,appeal_rate_b,1.0,synthetic,ALL,not_applicable,not_applicable
EXP-03,SYNTHETIC EXPERIMENT,1741,full,664a150484ed2af3,00e12b52dcc2fc30,"{""family_pair"": ""uniform_A_vs_B"", ""formal_policy_equal"": true, ""n_per_group"": 200000, ""subsidy"": 1.75}",uniform_A_vs_B,1.75,True,200000,appeal_rate_b,1.0,synthetic,ALL,not_applicable,not_applicable
EXP-03,SYNTHETIC EXPERIMENT,1741,full,664a150484ed2af3,4f951f13ca9cbe5d,"{""family_pair"": ""uniform_A_vs_B"", ""formal_policy_equal"": true, ""n_per_group"": 200000, ""subsidy"": 2.0}",uniform_A_vs_B,2.0,True,200000,appeal_rate_b,1.0,synthetic,ALL,not_applicable,not_applicable
EXP-03,SYNTHETIC EXPERIMENT,1741,full,664a150484ed2af3,0a557b754e3f722f,"{""family_pair"": ""exponential_A_vs_B"", ""formal_policy_equal"": true, ""n_per_group"": 200000, ""subsidy"": 0.0}",exponential_A_vs_B,0.0,True,200000,appeal_rate_b,0.3943257197279821,synthetic,ALL,not_applicable,not_applicable
EXP-03,SYNTHETIC EXPERIMENT,1741,full,664a150484ed2af3,0ac3541f9947d8b2,"{""family_pair"": ""exponential_A_vs_B"", ""formal_policy_equal"": true, ""n_per_group"": 200000, ""subsidy"": 0.1}",exponential_A_vs_B,0.1,True,200000,appeal_rate_b,0.451873294185758,synthetic,ALL,not_applicable,not_applicable
EXP-03,SYNTHETIC EXPERIMENT,1741,full,664a150484ed2af3,592295b88e9fa031,"{""family_pair"": ""exponential_A_vs_B"", ""formal_policy_equal"": true, ""n_per_group"": 200000, ""subsidy"": 0.2}",exponential_A_vs_B,0.2,True,200000,appeal_rate_b,0.5049880287310455,synthetic,ALL,not_applicable,not_applicable
EXP-03,SYNTHETIC EXPERIMENT,1741,full,664a150484ed2af3,ab5f557f4f9bdef7,"{""family_pair"": ""exponential_A_vs_B"", ""formal_policy_equal"": true, ""n_per_group"": 200000, ""subsidy"": 0.3}",exponential_A_vs_B,0.3,True,200000,appeal_rate_b,0.5504654377112788,synthetic,ALL,not_applicable,not_applicable
EXP-03,SYNTHETIC EXPERIMENT,1741,full,664a150484ed2af3,0b6afeb41c1f7f0a,"{""family_pair"": ""exponential_A_vs_B"", ""formal_policy_equal"": true, ""n_per_group"": 200000, ""subsidy"": 0.4}",exponential_A_vs_B,0.4,True,200000,appeal_rate_b,0.5963822217768202,synthetic,ALL,not_applicable,not_applicable
EXP-03,SYNTHETIC EXPERIMENT,1741,full,664a150484ed2af3,887cb7d4f64085c6,"{""family_pair"": ""exponential_A_vs_B"", ""formal_policy_equal"": true, ""n_per_group"": 200000, ""subsidy"": 0.5}",exponential_A_vs_B,0.5,True,200000,appeal_rate_b,0.6354185604495496,synthetic,ALL,not_applicable,not_applicable
EXP-03,SYNTHETIC EXPERIMENT,1741,full,664a150484ed2af3,cb3673825243bba1,"{""family_pair"": ""exponential_A_vs_B"", ""formal_policy_equal"": true, ""n_per_group"": 200000, ""subsidy"": 0.6}",exponential_A_vs_B,0.6,True,200000,appeal_rate_b,0.6669818205944799,synthetic,ALL,not_applicable,not_applicable
EXP-03,SYNTHETIC EXPERIMENT,1741,full,664a150484ed2af3,195df8dece541350,"{""family_pair"": ""exponential_A_vs_B"", ""formal_policy_equal"": true, ""n_per_group"": 200000, ""subsidy"": 0.7}",exponential_A_vs_B,0.7,True,200000,appeal_rate_b,0.6987421173801341,synthetic,ALL,not_applicable,not_applicable
EXP-03,SYNTHETIC EXPERIMENT,1741,full,664a150484ed2af3,70618ecb00cab6b5,"{""family_pair"": ""exponential_A_vs_B"", ""formal_policy_equal"": true, ""n_per_group"": 200000, ""subsidy"": 0.8}",exponential_A_vs_B,0.8,True,200000,appeal_rate_b,0.7277466724779562,synthetic,ALL,not_applicable,not_applicable
EXP-03,SYNTHETIC EXPERIMENT,1741,full,664a150484ed2af3,1b7a341471ac317f,"{""family_pair"": ""exponential_A_vs_B"", ""formal_policy_equal"": true, ""n_per_group"": 200000, ""subsidy"": 0.9}",exponential_A_vs_B,0.9,True,200000,appeal_rate_b,0.7518726747968836,synthetic,ALL,not_applicable,not_applicable
EXP-03,SYNTHETIC EXPERIMENT,1741,full,664a150484ed2af3,80ad9ba96da3aa6f,"{""family_pair"": ""exponential_A_vs_B"", ""formal_policy_equal"": true, ""n_per_group"": 200000, ""subsidy"": 1.0}",exponential_A_vs_B,1.0,True,200000,appeal_rate_b,0.7770172370721958,synthetic,ALL,not_applicable,not_applicable
EXP-03,SYNTHETIC EXPERIMENT,1741,full,664a150484ed2af3,ffaef5c2ab07acd8,"{""family_pair"": ""exponential_A_vs_B"", ""formal_policy_equal"": true, ""n_per_group"": 200000, ""subsidy"": 1.25}",exponential_A_vs_B,1.25,True,200000,appeal_rate_b,0.825485042770812,synthetic,ALL,not_applicable,not_applicable
EXP-03,SYNTHETIC EXPERIMENT,1741,full,664a150484ed2af3,26ecb4ddd3649de0,"{""family_pair"": ""exponential_A_vs_B"", ""formal_policy_equal"": true, ""n_per_group"": 200000, ""subsidy"": 1.5}",exponential_A_vs_B,1.5,True,200000,appeal_rate_b,0.8645467410305503,synthetic,ALL,not_applicable,not_applicable
EXP-03,SYNTHETIC EXPERIMENT,1741,full,664a150484ed2af3,673569926a45a05a,"{""family_pair"": ""exponential_A_vs_B"", ""formal_policy_equal"": true, ""n_per_group"": 200000, ""subsidy"": 1.75}",exponential_A_vs_B,1.75,True,200000,appeal_rate_b,0.8937632047379015,synthetic,ALL,not_applicable,not_applicable
EXP-03,SYNTHETIC EXPERIMENT,1741,full,664a150484ed2af3,f0e6e0c672c2d0e5,"{""family_pair"": ""exponential_A_vs_B"", ""formal_policy_equal"": true, ""n_per_group"": 200000, ""subsidy"": 2.0}",exponential_A_vs_B,2.0,True,200000,appeal_rate_b,0.9177713991803687,synthetic,ALL,not_applicable,not_applicable
EXP-03,SYNTHETIC EXPERIMENT,1741,full,664a150484ed2af3,b276b578d51daa1c,"{""family_pair"": ""logistic_A_vs_B"", ""formal_policy_equal"": true, ""n_per_group"": 200000, ""subsidy"": 0.0}",logistic_A_vs_B,0.0,True,200000,appeal_rate_b,0.4984436639645788,synthetic,ALL,not_applicable,not_applicable
EXP-03,SYNTHETIC EXPERIMENT,1741,full,664a150484ed2af3,ffa52f5cb4396c03,"{""family_pair"": ""logistic_A_vs_B"", ""formal_policy_equal"": true, ""n_per_group"": 200000, ""subsidy"": 0.1}",logistic_A_vs_B,0.1,True,200000,appeal_rate_b,0.5505246826045611,synthetic,ALL,not_applicable,not_applicable
EXP-03,SYNTHETIC EXPERIMENT,1741,full,664a150484ed2af3,b2d4133387a20256,"{""family_pair"": ""logistic_A_vs_B"", ""formal_policy_equal"": true, ""n_per_group"": 200000, ""subsidy"": 0.2}",logistic_A_vs_B,0.2,True,200000,appeal_rate_b,0.5972032173013383,synthetic,ALL,not_applicable,not_applicable
EXP-03,SYNTHETIC EXPERIMENT,1741,full,664a150484ed2af3,9106292078060093,"{""family_pair"": ""logistic_A_vs_B"", ""formal_policy_equal"": true, ""n_per_group"": 200000, ""subsidy"": 0.3}",logistic_A_vs_B,0.3,True,200000,appeal_rate_b,0.6468210582115761,synthetic,ALL,not_applicable,not_applicable
EXP-03,SYNTHETIC EXPERIMENT,1741,full,664a150484ed2af3,fe4afdbba7764cd6,"{""family_pair"": ""logistic_A_vs_B"", ""formal_policy_equal"": true, ""n_per_group"": 200000, ""subsidy"": 0.4}",logistic_A_vs_B,0.4,True,200000,appeal_rate_b,0.6884025233003698,synthetic,ALL,not_applicable,not_applicable
EXP-03,SYNTHETIC EXPERIMENT,1741,full,664a150484ed2af3,19bceb8670eb268e,"{""family_pair"": ""logistic_A_vs_B"", ""formal_policy_equal"": true, ""n_per_group"": 200000, ""subsidy"": 0.5}",logistic_A_vs_B,0.5,True,200000,appeal_rate_b,0.729036891063645,synthetic,ALL,not_applicable,not_applicable
EXP-03,SYNTHETIC EXPERIMENT,1741,full,664a150484ed2af3,1ebb499b884bfebb,"{""family_pair"": ""logistic_A_vs_B"", ""formal_policy_equal"": true, ""n_per_group"": 200000, ""subsidy"": 0.6}",logistic_A_vs_B,0.6,True,200000,appeal_rate_b,0.768237691228539,synthetic,ALL,not_applicable,not_applicable
EXP-03,SYNTHETIC EXPERIMENT,1741,full,664a150484ed2af3,2d4a553f782b84ee,"{""family_pair"": ""logistic_A_vs_B"", ""formal_policy_equal"": true, ""n_per_group"": 200000, ""subsidy"": 0.7}",logistic_A_vs_B,0.7,True,200000,appeal_rate_b,0.8030194225020458,synthetic,ALL,not_applicable,not_applicable
EXP-03,SYNTHETIC EXPERIMENT,1741,full,664a150484ed2af3,18f7de4d27d375fd,"{""family_pair"": ""logistic_A_vs_B"", ""formal_policy_equal"": true, ""n_per_group"": 200000, ""subsidy"": 0.8}",logistic_A_vs_B,0.8,True,200000,appeal_rate_b,0.8340966243109564,synthetic,ALL,not_applicable,not_applicable
EXP-03,SYNTHETIC EXPERIMENT,1741,full,664a150484ed2af3,224922c21ee56a16,"{""family_pair"": ""logistic_A_vs_B"", ""formal_policy_equal"": true, ""n_per_group"": 200000, ""subsidy"": 0.9}",logistic_A_vs_B,0.9,True,200000,appeal_rate_b,0.8588913363917918,synthetic,ALL,not_applicable,not_applicable
EXP-03,SYNTHETIC EXPERIMENT,1741,full,664a150484ed2af3,83e869194360d0b0,"{""family_pair"": ""logistic_A_vs_B"", ""formal_policy_equal"": true, ""n_per_group"": 200000, ""subsidy"": 1.0}",logistic_A_vs_B,1.0,True,200000,appeal_rate_b,0.8812468744790799,synthetic,ALL,not_applicable,not_applicable
EXP-03,SYNTHETIC EXPERIMENT,1741,full,664a150484ed2af3,b6ef94d4c8fb9136,"{""family_pair"": ""logistic_A_vs_B"", ""formal_policy_equal"": true, ""n_per_group"": 200000, ""subsidy"": 1.25}",logistic_A_vs_B,1.25,True,200000,appeal_rate_b,0.9237084501401682,synthetic,ALL,not_applicable,not_applicable
EXP-03,SYNTHETIC EXPERIMENT,1741,full,664a150484ed2af3,178605d93be8e7ac,"{""family_pair"": ""logistic_A_vs_B"", ""formal_policy_equal"": true, ""n_per_group"": 200000, ""subsidy"": 1.5}",logistic_A_vs_B,1.5,True,200000,appeal_rate_b,0.9518144456831001,synthetic,ALL,not_applicable,not_applicable
EXP-03,SYNTHETIC EXPERIMENT,1741,full,664a150484ed2af3,ac1324cdc88202bb,"{""family_pair"": ""logistic_A_vs_B"", ""formal_policy_equal"": true, ""n_per_group"": 200000, ""subsidy"": 1.75}",logistic_A_vs_B,1.75,True,200000,appeal_rate_b,0.969787560959316,synthetic,ALL,not_applicable,not_applicable
EXP-03,SYNTHETIC EXPERIMENT,1741,full,664a150484ed2af3,0f8bee11addd1cd2,"{""family_pair"": ""logistic_A_vs_B"", ""formal_policy_equal"": true, ""n_per_group"": 200000, ""subsidy"": 2.0}",logistic_A_vs_B,2.0,True,200000,appeal_rate_b,0.9818821927362705,synthetic,ALL,not_applicable,not_applicable
EXP-03,SYNTHETIC EXPERIMENT,1741,full,664a150484ed2af3,e15565211775e638,"{""family_pair"": ""pareto_A_vs_B"", ""formal_policy_equal"": true, ""n_per_group"": 200000, ""subsidy"": 0.0}",pareto_A_vs_B,0.0,True,200000,appeal_rate_b,0.0,synthetic,ALL,not_applicable,not_applicable
EXP-03,SYNTHETIC EXPERIMENT,1741,full,664a150484ed2af3,14c4fa8917b3b1a6,"{""family_pair"": ""pareto_A_vs_B"", ""formal_policy_equal"": true, ""n_per_group"": 200000, ""subsidy"": 0.1}",pareto_A_vs_B,0.1,True,200000,appeal_rate_b,0.0,synthetic,ALL,not_applicable,not_applicable
EXP-03,SYNTHETIC EXPERIMENT,1741,full,664a150484ed2af3,baca0f123f4f68f8,"{""family_pair"": ""pareto_A_vs_B"", ""formal_policy_equal"": true, ""n_per_group"": 200000, ""subsidy"": 0.2}",pareto_A_vs_B,0.2,True,200000,appeal_rate_b,0.0,synthetic,ALL,not_applicable,not_applicable
EXP-03,SYNTHETIC EXPERIMENT,1741,full,664a150484ed2af3,84c05c52a6fcc86a,"{""family_pair"": ""pareto_A_vs_B"", ""formal_policy_equal"": true, ""n_per_group"": 200000, ""subsidy"": 0.3}",pareto_A_vs_B,0.3,True,200000,appeal_rate_b,0.0,synthetic,ALL,not_applicable,not_applicable
EXP-03,SYNTHETIC EXPERIMENT,1741,full,664a150484ed2af3,edf772fa32bff4ac,"{""family_pair"": ""pareto_A_vs_B"", ""formal_policy_equal"": true, ""n_per_group"": 200000, ""subsidy"": 0.4}",pareto_A_vs_B,0.4,True,200000,appeal_rate_b,0.0,synthetic,ALL,not_applicable,not_applicable
EXP-03,SYNTHETIC EXPERIMENT,1741,full,664a150484ed2af3,6beb74afdc0b0ebb,"{""family_pair"": ""pareto_A_vs_B"", ""formal_policy_equal"": true, ""n_per_group"": 200000, ""subsidy"": 0.5}",pareto_A_vs_B,0.5,True,200000,appeal_rate_b,0.0,synthetic,ALL,not_applicable,not_applicable
EXP-03,SYNTHETIC EXPERIMENT,1741,full,664a150484ed2af3,2768d4652bbfd10c,"{""family_pair"": ""pareto_A_vs_B"", ""formal_policy_equal"": true, ""n_per_group"": 200000, ""subsidy"": 0.6}",pareto_A_vs_B,0.6,True,200000,appeal_rate_b,0.24638212126763143,synthetic,ALL,not_applicable,not_applicable
EXP-03,SYNTHETIC EXPERIMENT,1741,full,664a150484ed2af3,6720a925d5fe19b4,"{""family_pair"": ""pareto_A_vs_B"", ""formal_policy_equal"": true, ""n_per_group"": 200000, ""subsidy"": 0.7}",pareto_A_vs_B,0.7,True,200000,appeal_rate_b,0.41963093966898024,synthetic,ALL,not_applicable,not_applicable
EXP-03,SYNTHETIC EXPERIMENT,1741,full,664a150484ed2af3,c312a5d530ac706c,"{""family_pair"": ""pareto_A_vs_B"", ""formal_policy_equal"": true, ""n_per_group"": 200000, ""subsidy"": 0.8}",pareto_A_vs_B,0.8,True,200000,appeal_rate_b,0.5425519485938413,synthetic,ALL,not_applicable,not_applicable
EXP-03,SYNTHETIC EXPERIMENT,1741,full,664a150484ed2af3,2b0d5215ce435e30,"{""family_pair"": ""pareto_A_vs_B"", ""formal_policy_equal"": true, ""n_per_group"": 200000, ""subsidy"": 0.9}",pareto_A_vs_B,0.9,True,200000,appeal_rate_b,0.6385196725115184,synthetic,ALL,not_applicable,not_applicable
EXP-03,SYNTHETIC EXPERIMENT,1741,full,664a150484ed2af3,46e19ce62c8603c7,"{""family_pair"": ""pareto_A_vs_B"", ""formal_policy_equal"": true, ""n_per_group"": 200000, ""subsidy"": 1.0}",pareto_A_vs_B,1.0,True,200000,appeal_rate_b,0.7066860174156742,synthetic,ALL,not_applicable,not_applicable
EXP-03,SYNTHETIC EXPERIMENT,1741,full,664a150484ed2af3,8d8ead1dbd0a19ff,"{""family_pair"": ""pareto_A_vs_B"", ""formal_policy_equal"": true, ""n_per_group"": 200000, ""subsidy"": 1.25}",pareto_A_vs_B,1.25,True,200000,appeal_rate_b,0.8146799920577139,synthetic,ALL,not_applicable,not_applicable
EXP-03,SYNTHETIC EXPERIMENT,1741,full,664a150484ed2af3,d454106141e4205b,"{""family_pair"": ""pareto_A_vs_B"", ""formal_policy_equal"": true, ""n_per_group"": 200000, ""subsidy"": 1.5}",pareto_A_vs_B,1.5,True,200000,appeal_rate_b,0.8770556121341636,synthetic,ALL,not_applicable,not_applicable
EXP-03,SYNTHETIC EXPERIMENT,1741,full,664a150484ed2af3,3b091711aeda72ba,"{""family_pair"": ""pareto_A_vs_B"", ""formal_policy_equal"": true, ""n_per_group"": 200000, ""subsidy"": 1.75}",pareto_A_vs_B,1.75,True,200000,appeal_rate_b,0.9108421667640431,synthetic,ALL,not_applicable,not_applicable
EXP-03,SYNTHETIC EXPERIMENT,1741,full,664a150484ed2af3,e1438ef1c7c46db3,"{""family_pair"": ""pareto_A_vs_B"", ""formal_policy_equal"": true, ""n_per_group"": 200000, ""subsidy"": 2.0}",pareto_A_vs_B,2.0,True,200000,appeal_rate_b,0.9350947922566888,synthetic,ALL,not_applicable,not_applicable
EXP-03,SYNTHETIC EXPERIMENT,1741,full,664a150484ed2af3,4338615956f6d866,"{""family_pair"": ""uniform_A_vs_B"", ""formal_policy_equal"": true, ""n_per_group"": 200000, ""subsidy"": 0.0}",uniform_A_vs_B,0.0,True,200000,effective_correction_a,0.197706016704733,synthetic,ALL,not_applicable,not_applicable
EXP-03,SYNTHETIC EXPERIMENT,1741,full,664a150484ed2af3,c68fa5448714f757,"{""family_pair"": ""uniform_A_vs_B"", ""formal_policy_equal"": true, ""n_per_group"": 200000, ""subsidy"": 0.1}",uniform_A_vs_B,0.1,True,200000,effective_correction_a,0.23910506485278918,synthetic,ALL,not_applicable,not_applicable
EXP-03,SYNTHETIC EXPERIMENT,1741,full,664a150484ed2af3,e26808a1db4f8f6e,"{""family_pair"": ""uniform_A_vs_B"", ""formal_policy_equal"": true, ""n_per_group"": 200000, ""subsidy"": 0.2}",uniform_A_vs_B,0.2,True,200000,effective_correction_a,0.27882707920049343,synthetic,ALL,not_applicable,not_applicable
EXP-03,SYNTHETIC EXPERIMENT,1741,full,664a150484ed2af3,e4cce325fbc99016,"{""family_pair"": ""uniform_A_vs_B"", ""formal_policy_equal"": true, ""n_per_group"": 200000, ""subsidy"": 0.3}",uniform_A_vs_B,0.3,True,200000,effective_correction_a,0.31955218178496086,synthetic,ALL,not_applicable,not_applicable
EXP-03,SYNTHETIC EXPERIMENT,1741,full,664a150484ed2af3,847cb4ae861f1800,"{""family_pair"": ""uniform_A_vs_B"", ""formal_policy_equal"": true, ""n_per_group"": 200000, ""subsidy"": 0.4}",uniform_A_vs_B,0.4,True,200000,effective_correction_a,0.3579688201920037,synthetic,ALL,not_applicable,not_applicable
EXP-03,SYNTHETIC EXPERIMENT,1741,full,664a150484ed2af3,5ff6f0304435b9b0,"{""family_pair"": ""uniform_A_vs_B"", ""formal_policy_equal"": true, ""n_per_group"": 200000, ""subsidy"": 0.5}",uniform_A_vs_B,0.5,True,200000,effective_correction_a,0.40341003974483153,synthetic,ALL,not_applicable,not_applicable
EXP-03,SYNTHETIC EXPERIMENT,1741,full,664a150484ed2af3,aa550840ce409a36,"{""family_pair"": ""uniform_A_vs_B"", ""formal_policy_equal"": true, ""n_per_group"": 200000, ""subsidy"": 0.6}",uniform_A_vs_B,0.6,True,200000,effective_correction_a,0.4415387436038469,synthetic,ALL,not_applicable,not_applicable
EXP-03,SYNTHETIC EXPERIMENT,1741,full,664a150484ed2af3,43bdd4beb9d65255,"{""family_pair"": ""uniform_A_vs_B"", ""formal_policy_equal"": true, ""n_per_group"": 200000, ""subsidy"": 0.7}",uniform_A_vs_B,0.7,True,200000,effective_correction_a,0.4802410918872248,synthetic,ALL,not_applicable,not_applicable
EXP-03,SYNTHETIC EXPERIMENT,1741,full,664a150484ed2af3,8a79fbeab60bfcf3,"{""family_pair"": ""uniform_A_vs_B"", ""formal_policy_equal"": true, ""n_per_group"": 200000, ""subsidy"": 0.8}",uniform_A_vs_B,0.8,True,200000,effective_correction_a,0.5181596851654215,synthetic,ALL,not_applicable,not_applicable
EXP-03,SYNTHETIC EXPERIMENT,1741,full,664a150484ed2af3,06c5dc32861055c3,"{""family_pair"": ""uniform_A_vs_B"", ""formal_policy_equal"": true, ""n_per_group"": 200000, ""subsidy"": 0.9}",uniform_A_vs_B,0.9,True,200000,effective_correction_a,0.5624132104197688,synthetic,ALL,not_applicable,not_applicable
EXP-03,SYNTHETIC EXPERIMENT,1741,full,664a150484ed2af3,d1602228ad1c5976,"{""family_pair"": ""uniform_A_vs_B"", ""formal_policy_equal"": true, ""n_per_group"": 200000, ""subsidy"": 1.0}",uniform_A_vs_B,1.0,True,200000,effective_correction_a,0.5994656870930039,synthetic,ALL,not_applicable,not_applicable
EXP-03,SYNTHETIC EXPERIMENT,1741,full,664a150484ed2af3,c6279785591b770c,"{""family_pair"": ""uniform_A_vs_B"", ""formal_policy_equal"": true, ""n_per_group"": 200000, ""subsidy"": 1.25}",uniform_A_vs_B,1.25,True,200000,effective_correction_a,0.7013401616175052,synthetic,ALL,not_applicable,not_applicable
EXP-03,SYNTHETIC EXPERIMENT,1741,full,664a150484ed2af3,64b11792c16678de,"{""family_pair"": ""uniform_A_vs_B"", ""formal_policy_equal"": true, ""n_per_group"": 200000, ""subsidy"": 1.5}",uniform_A_vs_B,1.5,True,200000,effective_correction_a,0.7981226952732149,synthetic,ALL,not_applicable,not_applicable
EXP-03,SYNTHETIC EXPERIMENT,1741,full,664a150484ed2af3,00e12b52dcc2fc30,"{""family_pair"": ""uniform_A_vs_B"", ""formal_policy_equal"": true, ""n_per_group"": 200000, ""subsidy"": 1.75}",uniform_A_vs_B,1.75,True,200000,effective_correction_a,0.7988563684741113,synthetic,ALL,not_applicable,not_applicable
EXP-03,SYNTHETIC EXPERIMENT,1741,full,664a150484ed2af3,4f951f13ca9cbe5d,"{""family_pair"": ""uniform_A_vs_B"", ""formal_policy_equal"": true, ""n_per_group"": 200000, ""subsidy"": 2.0}",uniform_A_vs_B,2.0,True,200000,effective_correction_a,0.8006291715907389,synthetic,ALL,not_applicable,not_applicable
EXP-03,SYNTHETIC EXPERIMENT,1741,full,664a150484ed2af3,0a557b754e3f722f,"{""family_pair"": ""exponential_A_vs_B"", ""formal_policy_equal"": true, ""n_per_group"": 200000, ""subsidy"": 0.0}",exponential_A_vs_B,0.0,True,200000,effective_correction_a,0.17724558887295286,synthetic,ALL,not_applicable,not_applicable
EXP-03,SYNTHETIC EXPERIMENT,1741,full,664a150484ed2af3,0ac3541f9947d8b2,"{""family_pair"": ""exponential_A_vs_B"", ""formal_policy_equal"": true, ""n_per_group"": 200000, ""subsidy"": 0.1}",exponential_A_vs_B,0.1,True,200000,effective_correction_a,0.2082262639746371,synthetic,ALL,not_applicable,not_applicable
EXP-03,SYNTHETIC EXPERIMENT,1741,full,664a150484ed2af3,592295b88e9fa031,"{""family_pair"": ""exponential_A_vs_B"", ""formal_policy_equal"": true, ""n_per_group"": 200000, ""subsidy"": 0.2}",exponential_A_vs_B,0.2,True,200000,effective_correction_a,0.23626018148338615,synthetic,ALL,not_applicable,not_applicable
EXP-03,SYNTHETIC EXPERIMENT,1741,full,664a150484ed2af3,ab5f557f4f9bdef7,"{""family_pair"": ""exponential_A_vs_B"", ""formal_policy_equal"": true, ""n_per_group"": 200000, ""subsidy"": 0.3}",exponential_A_vs_B,0.3,True,200000,effective_correction_a,0.26255051938942514,synthetic,ALL,not_applicable,not_applicable
EXP-03,SYNTHETIC EXPERIMENT,1741,full,664a150484ed2af3,0b6afeb41c1f7f0a,"{""family_pair"": ""exponential_A_vs_B"", ""formal_policy_equal"": true, ""n_per_group"": 200000, ""subsidy"": 0.4}",exponential_A_vs_B,0.4,True,200000,effective_correction_a,0.2893852506980088,synthetic,ALL,not_applicable,not_applicable
EXP-03,SYNTHETIC EXPERIMENT,1741,full,664a150484ed2af3,887cb7d4f64085c6,"{""family_pair"": ""exponential_A_vs_B"", ""formal_policy_equal"": true, ""n_per_group"": 200000, ""subsidy"": 0.5}",exponential_A_vs_B,0.5,True,200000,effective_correction_a,0.31435292547423216,synthetic,ALL,not_applicable,not_applicable
EXP-03,SYNTHETIC EXPERIMENT,1741,full,664a150484ed2af3,cb3673825243bba1,"{""family_pair"": ""exponential_A_vs_B"", ""formal_policy_equal"": true, ""n_per_group"": 200000, ""subsidy"": 0.6}",exponential_A_vs_B,0.6,True,200000,effective_correction_a,0.3366671667416779,synthetic,ALL,not_applicable,not_applicable
EXP-03,SYNTHETIC EXPERIMENT,1741,full,664a150484ed2af3,195df8dece541350,"{""family_pair"": ""exponential_A_vs_B"", ""formal_policy_equal"": true, ""n_per_group"": 200000, ""subsidy"": 0.7}",exponential_A_vs_B,0.7,True,200000,effective_correction_a,0.3586059767662794,synthetic,ALL,not_applicable,not_applicable
EXP-03,SYNTHETIC EXPERIMENT,1741,full,664a150484ed2af3,70618ecb00cab6b5,"{""family_pair"": ""exponential_A_vs_B"", ""formal_policy_equal"": true, ""n_per_group"": 200000, ""subsidy"": 0.8}",exponential_A_vs_B,0.8,True,200000,effective_correction_a,0.3804747576061518,synthetic,ALL,not_applicable,not_applicable
EXP-03,SYNTHETIC EXPERIMENT,1741,full,664a150484ed2af3,1b7a341471ac317f,"{""family_pair"": ""exponential_A_vs_B"", ""formal_policy_equal"": true, ""n_per_group"": 200000, ""subsidy"": 0.9}",exponential_A_vs_B,0.9,True,200000,effective_correction_a,0.4017154035210914,synthetic,ALL,not_applicable,not_applicable
EXP-03,SYNTHETIC EXPERIMENT,1741,full,664a150484ed2af3,80ad9ba96da3aa6f,"{""family_pair"": ""exponential_A_vs_B"", ""formal_policy_equal"": true, ""n_per_group"": 200000, ""subsidy"": 1.0}",exponential_A_vs_B,1.0,True,200000,effective_correction_a,0.4212027216329798,synthetic,ALL,not_applicable,not_applicable
EXP-03,SYNTHETIC EXPERIMENT,1741,full,664a150484ed2af3,ffaef5c2ab07acd8,"{""family_pair"": ""exponential_A_vs_B"", ""formal_policy_equal"": true, ""n_per_group"": 200000, ""subsidy"": 1.25}",exponential_A_vs_B,1.25,True,200000,effective_correction_a,0.4626893177858196,synthetic,ALL,not_applicable,not_applicable
EXP-03,SYNTHETIC EXPERIMENT,1741,full,664a150484ed2af3,26ecb4ddd3649de0,"{""family_pair"": ""exponential_A_vs_B"", ""formal_policy_equal"": true, ""n_per_group"": 200000, ""subsidy"": 1.5}",exponential_A_vs_B,1.5,True,200000,effective_correction_a,0.5051325776574046,synthetic,ALL,not_applicable,not_applicable
EXP-03,SYNTHETIC EXPERIMENT,1741,full,664a150484ed2af3,673569926a45a05a,"{""family_pair"": ""exponential_A_vs_B"", ""formal_policy_equal"": true, ""n_per_group"": 200000, ""subsidy"": 1.75}",exponential_A_vs_B,1.75,True,200000,effective_correction_a,0.5396005796425538,synthetic,ALL,not_applicable,not_applicable
EXP-03,SYNTHETIC EXPERIMENT,1741,full,664a150484ed2af3,f0e6e0c672c2d0e5,"{""family_pair"": ""exponential_A_vs_B"", ""formal_policy_equal"": true, ""n_per_group"": 200000, ""subsidy"": 2.0}",exponential_A_vs_B,2.0,True,200000,effective_correction_a,0.5679888820052577,synthetic,ALL,not_applicable,not_applicable
EXP-03,SYNTHETIC EXPERIMENT,1741,full,664a150484ed2af3,b276b578d51daa1c,"{""family_pair"": ""logistic_A_vs_B"", ""formal_policy_equal"": true, ""n_per_group"": 200000, ""subsidy"": 0.0}",logistic_A_vs_B,0.0,True,200000,effective_correction_a,0.21416469562008286,synthetic,ALL,not_applicable,not_applicable
EXP-03,SYNTHETIC EXPERIMENT,1741,full,664a150484ed2af3,ffa52f5cb4396c03,"{""family_pair"": ""logistic_A_vs_B"", ""formal_policy_equal"": true, ""n_per_group"": 200000, ""subsidy"": 0.1}",logistic_A_vs_B,0.1,True,200000,effective_correction_a,0.25034513730643204,synthetic,ALL,not_applicable,not_applicable
EXP-03,SYNTHETIC EXPERIMENT,1741,full,664a150484ed2af3,b2d4133387a20256,"{""family_pair"": ""logistic_A_vs_B"", ""formal_policy_equal"": true, ""n_per_group"": 200000, ""subsidy"": 0.2}",logistic_A_vs_B,0.2,True,200000,effective_correction_a,0.28080357885283797,synthetic,ALL,not_applicable,not_applicable
EXP-03,SYNTHETIC EXPERIMENT,1741,full,664a150484ed2af3,9106292078060093,"{""family_pair"": ""logistic_A_vs_B"", ""formal_policy_equal"": true, ""n_per_group"": 200000, ""subsidy"": 0.3}",logistic_A_vs_B,0.3,True,200000,effective_correction_a,0.32098210570120683,synthetic,ALL,not_applicable,not_applicable
EXP-03,SYNTHETIC EXPERIMENT,1741,full,664a150484ed2af3,fe4afdbba7764cd6,"{""family_pair"": ""logistic_A_vs_B"", ""formal_policy_equal"": true, ""n_per_group"": 200000, ""subsidy"": 0.4}",logistic_A_vs_B,0.4,True,200000,effective_correction_a,0.36075250836120404,synthetic,ALL,not_applicable,not_applicable
EXP-03,SYNTHETIC EXPERIMENT,1741,full,664a150484ed2af3,19bceb8670eb268e,"{""family_pair"": ""logistic_A_vs_B"", ""formal_policy_equal"": true, ""n_per_group"": 200000, ""subsidy"": 0.5}",logistic_A_vs_B,0.5,True,200000,effective_correction_a,0.40125031257814453,synthetic,ALL,not_applicable,not_applicable
EXP-03,SYNTHETIC EXPERIMENT,1741,full,664a150484ed2af3,1ebb499b884bfebb,"{""family_pair"": ""logistic_A_vs_B"", ""formal_policy_equal"": true, ""n_per_group"": 200000, ""subsidy"": 0.6}",logistic_A_vs_B,0.6,True,200000,effective_correction_a,0.43787690007475705,synthetic,ALL,not_applicable,not_applicable
EXP-03,SYNTHETIC EXPERIMENT,1741,full,664a150484ed2af3,2d4a553f782b84ee,"{""family_pair"": ""logistic_A_vs_B"", ""formal_policy_equal"": true, ""n_per_group"": 200000, ""subsidy"": 0.7}",logistic_A_vs_B,0.7,True,200000,effective_correction_a,0.476965085496412,synthetic,ALL,not_applicable,not_applicable
EXP-03,SYNTHETIC EXPERIMENT,1741,full,664a150484ed2af3,18f7de4d27d375fd,"{""family_pair"": ""logistic_A_vs_B"", ""formal_policy_equal"": true, ""n_per_group"": 200000, ""subsidy"": 0.8}",logistic_A_vs_B,0.8,True,200000,effective_correction_a,0.5187264040626774,synthetic,ALL,not_applicable,not_applicable
EXP-03,SYNTHETIC EXPERIMENT,1741,full,664a150484ed2af3,224922c21ee56a16,"{""family_pair"": ""logistic_A_vs_B"", ""formal_policy_equal"": true, ""n_per_group"": 200000, ""subsidy"": 0.9}",logistic_A_vs_B,0.9,True,200000,effective_correction_a,0.5534201521544134,synthetic,ALL,not_applicable,not_applicable
EXP-03,SYNTHETIC EXPERIMENT,1741,full,664a150484ed2af3,83e869194360d0b0,"{""family_pair"": ""logistic_A_vs_B"", ""formal_policy_equal"": true, ""n_per_group"": 200000, ""subsidy"": 1.0}",logistic_A_vs_B,1.0,True,200000,effective_correction_a,0.5843656485614458,synthetic,ALL,not_applicable,not_applicable
EXP-03,SYNTHETIC EXPERIMENT,1741,full,664a150484ed2af3,b6ef94d4c8fb9136,"{""family_pair"": ""logistic_A_vs_B"", ""formal_policy_equal"": true, ""n_per_group"": 200000, ""subsidy"": 1.25}",logistic_A_vs_B,1.25,True,200000,effective_correction_a,0.6535812211596335,synthetic,ALL,not_applicable,not_applicable
EXP-03,SYNTHETIC EXPERIMENT,1741,full,664a150484ed2af3,178605d93be8e7ac,"{""family_pair"": ""logistic_A_vs_B"", ""formal_policy_equal"": true, ""n_per_group"": 200000, ""subsidy"": 1.5}",logistic_A_vs_B,1.5,True,200000,effective_correction_a,0.7048118956153133,synthetic,ALL,not_applicable,not_applicable
EXP-03,SYNTHETIC EXPERIMENT,1741,full,664a150484ed2af3,ac1324cdc88202bb,"{""family_pair"": ""logistic_A_vs_B"", ""formal_policy_equal"": true, ""n_per_group"": 200000, ""subsidy"": 1.75}",logistic_A_vs_B,1.75,True,200000,effective_correction_a,0.7386426430449271,synthetic,ALL,not_applicable,not_applicable
EXP-03,SYNTHETIC EXPERIMENT,1741,full,664a150484ed2af3,0f8bee11addd1cd2,"{""family_pair"": ""logistic_A_vs_B"", ""formal_policy_equal"": true, ""n_per_group"": 200000, ""subsidy"": 2.0}",logistic_A_vs_B,2.0,True,200000,effective_correction_a,0.7605469401367351,synthetic,ALL,not_applicable,not_applicable
EXP-03,SYNTHETIC EXPERIMENT,1741,full,664a150484ed2af3,e15565211775e638,"{""family_pair"": ""pareto_A_vs_B"", ""formal_policy_equal"": true, ""n_per_group"": 200000, ""subsidy"": 0.0}",pareto_A_vs_B,0.0,True,200000,effective_correction_a,0.0,synthetic,ALL,not_applicable,not_applicable
EXP-03,SYNTHETIC EXPERIMENT,1741,full,664a150484ed2af3,14c4fa8917b3b1a6,"{""family_pair"": ""pareto_A_vs_B"", ""formal_policy_equal"": true, ""n_per_group"": 200000, ""subsidy"": 0.1}",pareto_A_vs_B,0.1,True,200000,effective_correction_a,0.0,synthetic,ALL,not_applicable,not_applicable
EXP-03,SYNTHETIC EXPERIMENT,1741,full,664a150484ed2af3,baca0f123f4f68f8,"{""family_pair"": ""pareto_A_vs_B"", ""formal_policy_equal"": true, ""n_per_group"": 200000, ""subsidy"": 0.2}",pareto_A_vs_B,0.2,True,200000,effective_correction_a,0.0,synthetic,ALL,not_applicable,not_applicable
EXP-03,SYNTHETIC EXPERIMENT,1741,full,664a150484ed2af3,84c05c52a6fcc86a,"{""family_pair"": ""pareto_A_vs_B"", ""formal_policy_equal"": true, ""n_per_group"": 200000, ""subsidy"": 0.3}",pareto_A_vs_B,0.3,True,200000,effective_correction_a,0.0,synthetic,ALL,not_applicable,not_applicable
EXP-03,SYNTHETIC EXPERIMENT,1741,full,664a150484ed2af3,edf772fa32bff4ac,"{""family_pair"": ""pareto_A_vs_B"", ""formal_policy_equal"": true, ""n_per_group"": 200000, ""subsidy"": 0.4}",pareto_A_vs_B,0.4,True,200000,effective_correction_a,0.0,synthetic,ALL,not_applicable,not_applicable
EXP-03,SYNTHETIC EXPERIMENT,1741,full,664a150484ed2af3,6beb74afdc0b0ebb,"{""family_pair"": ""pareto_A_vs_B"", ""formal_policy_equal"": true, ""n_per_group"": 200000, ""subsidy"": 0.5}",pareto_A_vs_B,0.5,True,200000,effective_correction_a,0.0,synthetic,ALL,not_applicable,not_applicable
EXP-03,SYNTHETIC EXPERIMENT,1741,full,664a150484ed2af3,2768d4652bbfd10c,"{""family_pair"": ""pareto_A_vs_B"", ""formal_policy_equal"": true, ""n_per_group"": 200000, ""subsidy"": 0.6}",pareto_A_vs_B,0.6,True,200000,effective_correction_a,0.10785168298243261,synthetic,ALL,not_applicable,not_applicable
EXP-03,SYNTHETIC EXPERIMENT,1741,full,664a150484ed2af3,6720a925d5fe19b4,"{""family_pair"": ""pareto_A_vs_B"", ""formal_policy_equal"": true, ""n_per_group"": 200000, ""subsidy"": 0.7}",pareto_A_vs_B,0.7,True,200000,effective_correction_a,0.1912212660419129,synthetic,ALL,not_applicable,not_applicable
EXP-03,SYNTHETIC EXPERIMENT,1741,full,664a150484ed2af3,c312a5d530ac706c,"{""family_pair"": ""pareto_A_vs_B"", ""formal_policy_equal"": true, ""n_per_group"": 200000, ""subsidy"": 0.8}",pareto_A_vs_B,0.8,True,200000,effective_correction_a,0.26257730235667726,synthetic,ALL,not_applicable,not_applicable
EXP-03,SYNTHETIC EXPERIMENT,1741,full,664a150484ed2af3,2b0d5215ce435e30,"{""family_pair"": ""pareto_A_vs_B"", ""formal_policy_equal"": true, ""n_per_group"": 200000, ""subsidy"": 0.9}",pareto_A_vs_B,0.9,True,200000,effective_correction_a,0.3170072566519309,synthetic,ALL,not_applicable,not_applicable
EXP-03,SYNTHETIC EXPERIMENT,1741,full,664a150484ed2af3,46e19ce62c8603c7,"{""family_pair"": ""pareto_A_vs_B"", ""formal_policy_equal"": true, ""n_per_group"": 200000, ""subsidy"": 1.0}",pareto_A_vs_B,1.0,True,200000,effective_correction_a,0.3624633528232819,synthetic,ALL,not_applicable,not_applicable
EXP-03,SYNTHETIC EXPERIMENT,1741,full,664a150484ed2af3,8d8ead1dbd0a19ff,"{""family_pair"": ""pareto_A_vs_B"", ""formal_policy_equal"": true, ""n_per_group"": 200000, ""subsidy"": 1.25}",pareto_A_vs_B,1.25,True,200000,effective_correction_a,0.4526128581876205,synthetic,ALL,not_applicable,not_applicable
EXP-03,SYNTHETIC EXPERIMENT,1741,full,664a150484ed2af3,d454106141e4205b,"{""family_pair"": ""pareto_A_vs_B"", ""formal_policy_equal"": true, ""n_per_group"": 200000, ""subsidy"": 1.5}",pareto_A_vs_B,1.5,True,200000,effective_correction_a,0.5152707233675264,synthetic,ALL,not_applicable,not_applicable
EXP-03,SYNTHETIC EXPERIMENT,1741,full,664a150484ed2af3,3b091711aeda72ba,"{""family_pair"": ""pareto_A_vs_B"", ""formal_policy_equal"": true, ""n_per_group"": 200000, ""subsidy"": 1.75}",pareto_A_vs_B,1.75,True,200000,effective_correction_a,0.5621713656167059,synthetic,ALL,not_applicable,not_applicable
EXP-03,SYNTHETIC EXPERIMENT,1741,full,664a150484ed2af3,e1438ef1c7c46db3,"{""family_pair"": ""pareto_A_vs_B"", ""formal_policy_equal"": true, ""n_per_group"": 200000, ""subsidy"": 2.0}",pareto_A_vs_B,2.0,True,200000,effective_correction_a,0.5985983326136779,synthetic,ALL,not_applicable,not_applicable
EXP-03,SYNTHETIC EXPERIMENT,1741,full,664a150484ed2af3,4338615956f6d866,"{""family_pair"": ""uniform_A_vs_B"", ""formal_policy_equal"": true, ""n_per_group"": 200000, ""subsidy"": 0.0}",uniform_A_vs_B,0.0,True,200000,effective_correction_b,0.4002235419725077,synthetic,ALL,not_applicable,not_applicable
EXP-03,SYNTHETIC EXPERIMENT,1741,full,664a150484ed2af3,c68fa5448714f757,"{""family_pair"": ""uniform_A_vs_B"", ""formal_policy_equal"": true, ""n_per_group"": 200000, ""subsidy"": 0.1}",uniform_A_vs_B,0.1,True,200000,effective_correction_b,0.48024857966378437,synthetic,ALL,not_applicable,not_applicable
EXP-03,SYNTHETIC EXPERIMENT,1741,full,664a150484ed2af3,e26808a1db4f8f6e,"{""family_pair"": ""uniform_A_vs_B"", ""formal_policy_equal"": true, ""n_per_group"": 200000, ""subsidy"": 0.2}",uniform_A_vs_B,0.2,True,200000,effective_correction_b,0.5613138808395169,synthetic,ALL,not_applicable,not_applicable
EXP-03,SYNTHETIC EXPERIMENT,1741,full,664a150484ed2af3,e4cce325fbc99016,"{""family_pair"": ""uniform_A_vs_B"", ""formal_policy_equal"": true, ""n_per_group"": 200000, ""subsidy"": 0.3}",uniform_A_vs_B,0.3,True,200000,effective_correction_b,0.6401853580477397,synthetic,ALL,not_applicable,not_applicable
EXP-03,SYNTHETIC EXPERIMENT,1741,full,664a150484ed2af3,847cb4ae861f1800,"{""family_pair"": ""uniform_A_vs_B"", ""formal_policy_equal"": true, ""n_per_group"": 200000, ""subsidy"": 0.4}",uniform_A_vs_B,0.4,True,200000,effective_correction_b,0.719550830168024,synthetic,ALL,not_applicable,not_applicable
EXP-03,SYNTHETIC EXPERIMENT,1741,full,664a150484ed2af3,5ff6f0304435b9b0,"{""family_pair"": ""uniform_A_vs_B"", ""formal_policy_equal"": true, ""n_per_group"": 200000, ""subsidy"": 0.5}",uniform_A_vs_B,0.5,True,200000,effective_correction_b,0.7990804674014075,synthetic,ALL,not_applicable,not_applicable
EXP-03,SYNTHETIC EXPERIMENT,1741,full,664a150484ed2af3,aa550840ce409a36,"{""family_pair"": ""uniform_A_vs_B"", ""formal_policy_equal"": true, ""n_per_group"": 200000, ""subsidy"": 0.6}",uniform_A_vs_B,0.6,True,200000,effective_correction_b,0.7972613800760354,synthetic,ALL,not_applicable,not_applicable
EXP-03,SYNTHETIC EXPERIMENT,1741,full,664a150484ed2af3,43bdd4beb9d65255,"{""family_pair"": ""uniform_A_vs_B"", ""formal_policy_equal"": true, ""n_per_group"": 200000, ""subsidy"": 0.7}",uniform_A_vs_B,0.7,True,200000,effective_correction_b,0.7995137491616365,synthetic,ALL,not_applicable,not_applicable
EXP-03,SYNTHETIC EXPERIMENT,1741,full,664a150484ed2af3,8a79fbeab60bfcf3,"{""family_pair"": ""uniform_A_vs_B"", ""formal_policy_equal"": true, ""n_per_group"": 200000, ""subsidy"": 0.8}",uniform_A_vs_B,0.8,True,200000,effective_correction_b,0.7991701521387745,synthetic,ALL,not_applicable,not_applicable
EXP-03,SYNTHETIC EXPERIMENT,1741,full,664a150484ed2af3,06c5dc32861055c3,"{""family_pair"": ""uniform_A_vs_B"", ""formal_policy_equal"": true, ""n_per_group"": 200000, ""subsidy"": 0.9}",uniform_A_vs_B,0.9,True,200000,effective_correction_b,0.7997325309261116,synthetic,ALL,not_applicable,not_applicable
EXP-03,SYNTHETIC EXPERIMENT,1741,full,664a150484ed2af3,d1602228ad1c5976,"{""family_pair"": ""uniform_A_vs_B"", ""formal_policy_equal"": true, ""n_per_group"": 200000, ""subsidy"": 1.0}",uniform_A_vs_B,1.0,True,200000,effective_correction_b,0.8003636727612439,synthetic,ALL,not_applicable,not_applicable
EXP-03,SYNTHETIC EXPERIMENT,1741,full,664a150484ed2af3,c6279785591b770c,"{""family_pair"": ""uniform_A_vs_B"", ""formal_policy_equal"": true, ""n_per_group"": 200000, ""subsidy"": 1.25}",uniform_A_vs_B,1.25,True,200000,effective_correction_b,0.7980389871984818,synthetic,ALL,not_applicable,not_applicable
EXP-03,SYNTHETIC EXPERIMENT,1741,full,664a150484ed2af3,64b11792c16678de,"{""family_pair"": ""uniform_A_vs_B"", ""formal_policy_equal"": true, ""n_per_group"": 200000, ""subsidy"": 1.5}",uniform_A_vs_B,1.5,True,200000,effective_correction_b,0.7971839872482441,synthetic,ALL,not_applicable,not_applicable
EXP-03,SYNTHETIC EXPERIMENT,1741,full,664a150484ed2af3,00e12b52dcc2fc30,"{""family_pair"": ""uniform_A_vs_B"", ""formal_policy_equal"": true, ""n_per_group"": 200000, ""subsidy"": 1.75}",uniform_A_vs_B,1.75,True,200000,effective_correction_b,0.7991246679919148,synthetic,ALL,not_applicable,not_applicable
EXP-03,SYNTHETIC EXPERIMENT,1741,full,664a150484ed2af3,4f951f13ca9cbe5d,"{""family_pair"": ""uniform_A_vs_B"", ""formal_policy_equal"": true, ""n_per_group"": 200000, ""subsidy"": 2.0}",uniform_A_vs_B,2.0,True,200000,effective_correction_b,0.801289331284655,synthetic,ALL,not_applicable,not_applicable
EXP-03,SYNTHETIC EXPERIMENT,1741,full,664a150484ed2af3,0a557b754e3f722f,"{""family_pair"": ""exponential_A_vs_B"", ""formal_policy_equal"": true, ""n_per_group"": 200000, ""subsidy"": 0.0}",exponential_A_vs_B,0.0,True,200000,effective_correction_b,0.31666360340189476,synthetic,ALL,not_applicable,not_applicable
EXP-03,SYNTHETIC EXPERIMENT,1741,full,664a150484ed2af3,0ac3541f9947d8b2,"{""family_pair"": ""exponential_A_vs_B"", ""formal_policy_equal"": true, ""n_per_group"": 200000, ""subsidy"": 0.1}",exponential_A_vs_B,0.1,True,200000,effective_correction_b,0.3598048134976429,synthetic,ALL,not_applicable,not_applicable
EXP-03,SYNTHETIC EXPERIMENT,1741,full,664a150484ed2af3,592295b88e9fa031,"{""family_pair"": ""exponential_A_vs_B"", ""formal_policy_equal"": true, ""n_per_group"": 200000, ""subsidy"": 0.2}",exponential_A_vs_B,0.2,True,200000,effective_correction_b,0.40132016493748335,synthetic,ALL,not_applicable,not_applicable
EXP-03,SYNTHETIC EXPERIMENT,1741,full,664a150484ed2af3,ab5f557f4f9bdef7,"{""family_pair"": ""exponential_A_vs_B"", ""formal_policy_equal"": true, ""n_per_group"": 200000, ""subsidy"": 0.3}",exponential_A_vs_B,0.3,True,200000,effective_correction_b,0.43934322492548,synthetic,ALL,not_applicable,not_applicable
EXP-03,SYNTHETIC EXPERIMENT,1741,full,664a150484ed2af3,0b6afeb41c1f7f0a,"{""family_pair"": ""exponential_A_vs_B"", ""formal_policy_equal"": true, ""n_per_group"": 200000, ""subsidy"": 0.4}",exponential_A_vs_B,0.4,True,200000,effective_correction_b,0.47662474319787546,synthetic,ALL,not_applicable,not_applicable
EXP-03,SYNTHETIC EXPERIMENT,1741,full,664a150484ed2af3,887cb7d4f64085c6,"{""family_pair"": ""exponential_A_vs_B"", ""formal_policy_equal"": true, ""n_per_group"": 200000, ""subsidy"": 0.5}",exponential_A_vs_B,0.5,True,200000,effective_correction_b,0.5104371539542186,synthetic,ALL,not_applicable,not_applicable
EXP-03,SYNTHETIC EXPERIMENT,1741,full,664a150484ed2af3,cb3673825243bba1,"{""family_pair"": ""exponential_A_vs_B"", ""formal_policy_equal"": true, ""n_per_group"": 200000, ""subsidy"": 0.6}",exponential_A_vs_B,0.6,True,200000,effective_correction_b,0.5328257696390658,synthetic,ALL,not_applicable,not_applicable
EXP-03,SYNTHETIC EXPERIMENT,1741,full,664a150484ed2af3,195df8dece541350,"{""family_pair"": ""exponential_A_vs_B"", ""formal_policy_equal"": true, ""n_per_group"": 200000, ""subsidy"": 0.7}",exponential_A_vs_B,0.7,True,200000,effective_correction_b,0.5582229488505556,synthetic,ALL,not_applicable,not_applicable
EXP-03,SYNTHETIC EXPERIMENT,1741,full,664a150484ed2af3,70618ecb00cab6b5,"{""family_pair"": ""exponential_A_vs_B"", ""formal_policy_equal"": true, ""n_per_group"": 200000, ""subsidy"": 0.8}",exponential_A_vs_B,0.8,True,200000,effective_correction_b,0.587018473195427,synthetic,ALL,not_applicable,not_applicable
EXP-03,SYNTHETIC EXPERIMENT,1741,full,664a150484ed2af3,1b7a341471ac317f,"{""family_pair"": ""exponential_A_vs_B"", ""formal_policy_equal"": true, ""n_per_group"": 200000, ""subsidy"": 0.9}",exponential_A_vs_B,0.9,True,200000,effective_correction_b,0.6028928446305534,synthetic,ALL,not_applicable,not_applicable
EXP-03,SYNTHETIC EXPERIMENT,1741,full,664a150484ed2af3,80ad9ba96da3aa6f,"{""family_pair"": ""exponential_A_vs_B"", ""formal_policy_equal"": true, ""n_per_group"": 200000, ""subsidy"": 1.0}",exponential_A_vs_B,1.0,True,200000,effective_correction_b,0.6188358730951786,synthetic,ALL,not_applicable,not_applicable
EXP-03,SYNTHETIC EXPERIMENT,1741,full,664a150484ed2af3,ffaef5c2ab07acd8,"{""family_pair"": ""exponential_A_vs_B"", ""formal_policy_equal"": true, ""n_per_group"": 200000, ""subsidy"": 1.25}",exponential_A_vs_B,1.25,True,200000,effective_correction_b,0.6592731472956459,synthetic,ALL,not_applicable,not_applicable
EXP-03,SYNTHETIC EXPERIMENT,1741,full,664a150484ed2af3,26ecb4ddd3649de0,"{""family_pair"": ""exponential_A_vs_B"", ""formal_policy_equal"": true, ""n_per_group"": 200000, ""subsidy"": 1.5}",exponential_A_vs_B,1.5,True,200000,effective_correction_b,0.6887538499958379,synthetic,ALL,not_applicable,not_applicable
EXP-03,SYNTHETIC EXPERIMENT,1741,full,664a150484ed2af3,673569926a45a05a,"{""family_pair"": ""exponential_A_vs_B"", ""formal_policy_equal"": true, ""n_per_group"": 200000, ""subsidy"": 1.75}",exponential_A_vs_B,1.75,True,200000,effective_correction_b,0.7168904193907937,synthetic,ALL,not_applicable,not_applicable
EXP-03,SYNTHETIC EXPERIMENT,1741,full,664a150484ed2af3,f0e6e0c672c2d0e5,"{""family_pair"": ""exponential_A_vs_B"", ""formal_policy_equal"": true, ""n_per_group"": 200000, ""subsidy"": 2.0}",exponential_A_vs_B,2.0,True,200000,effective_correction_b,0.734714871165237,synthetic,ALL,not_applicable,not_applicable
EXP-03,SYNTHETIC EXPERIMENT,1741,full,664a150484ed2af3,b276b578d51daa1c,"{""family_pair"": ""logistic_A_vs_B"", ""formal_policy_equal"": true, ""n_per_group"": 200000, ""subsidy"": 0.0}",logistic_A_vs_B,0.0,True,200000,effective_correction_b,0.398655059340513,synthetic,ALL,not_applicable,not_applicable
EXP-03,SYNTHETIC EXPERIMENT,1741,full,664a150484ed2af3,ffa52f5cb4396c03,"{""family_pair"": ""logistic_A_vs_B"", ""formal_policy_equal"": true, ""n_per_group"": 200000, ""subsidy"": 0.1}",logistic_A_vs_B,0.1,True,200000,effective_correction_b,0.4397657696735123,synthetic,ALL,not_applicable,not_applicable
EXP-03,SYNTHETIC EXPERIMENT,1741,full,664a150484ed2af3,b2d4133387a20256,"{""family_pair"": ""logistic_A_vs_B"", ""formal_policy_equal"": true, ""n_per_group"": 200000, ""subsidy"": 0.2}",logistic_A_vs_B,0.2,True,200000,effective_correction_b,0.4778893969228715,synthetic,ALL,not_applicable,not_applicable
EXP-03,SYNTHETIC EXPERIMENT,1741,full,664a150484ed2af3,9106292078060093,"{""family_pair"": ""logistic_A_vs_B"", ""formal_policy_equal"": true, ""n_per_group"": 200000, ""subsidy"": 0.3}",logistic_A_vs_B,0.3,True,200000,effective_correction_b,0.5181393499652122,synthetic,ALL,not_applicable,not_applicable
EXP-03,SYNTHETIC EXPERIMENT,1741,full,664a150484ed2af3,fe4afdbba7764cd6,"{""family_pair"": ""logistic_A_vs_B"", ""formal_policy_equal"": true, ""n_per_group"": 200000, ""subsidy"": 0.4}",logistic_A_vs_B,0.4,True,200000,effective_correction_b,0.5501397185549588,synthetic,ALL,not_applicable,not_applicable
EXP-03,SYNTHETIC EXPERIMENT,1741,full,664a150484ed2af3,19bceb8670eb268e,"{""family_pair"": ""logistic_A_vs_B"", ""formal_policy_equal"": true, ""n_per_group"": 200000, ""subsidy"": 0.5}",logistic_A_vs_B,0.5,True,200000,effective_correction_b,0.5828587651764392,synthetic,ALL,not_applicable,not_applicable
EXP-03,SYNTHETIC EXPERIMENT,1741,full,664a150484ed2af3,1ebb499b884bfebb,"{""family_pair"": ""logistic_A_vs_B"", ""formal_policy_equal"": true, ""n_per_group"": 200000, ""subsidy"": 0.6}",logistic_A_vs_B,0.6,True,200000,effective_correction_b,0.6133676264279511,synthetic,ALL,not_applicable,not_applicable
EXP-03,SYNTHETIC EXPERIMENT,1741,full,664a150484ed2af3,2d4a553f782b84ee,"{""family_pair"": ""logistic_A_vs_B"", ""formal_policy_equal"": true, ""n_per_group"": 200000, ""subsidy"": 0.7}",logistic_A_vs_B,0.7,True,200000,effective_correction_b,0.6448671487499791,synthetic,ALL,not_applicable,not_applicable
EXP-03,SYNTHETIC EXPERIMENT,1741,full,664a150484ed2af3,18f7de4d27d375fd,"{""family_pair"": ""logistic_A_vs_B"", ""formal_policy_equal"": true, ""n_per_group"": 200000, ""subsidy"": 0.8}",logistic_A_vs_B,0.8,True,200000,effective_correction_b,0.6677935617099938,synthetic,ALL,not_applicable,not_applicable
EXP-03,SYNTHETIC EXPERIMENT,1741,full,664a150484ed2af3,224922c21ee56a16,"{""family_pair"": ""logistic_A_vs_B"", ""formal_policy_equal"": true, ""n_per_group"": 200000, ""subsidy"": 0.9}",logistic_A_vs_B,0.9,True,200000,effective_correction_b,0.6877888007419798,synthetic,ALL,not_applicable,not_applicable
EXP-03,SYNTHETIC EXPERIMENT,1741,full,664a150484ed2af3,83e869194360d0b0,"{""family_pair"": ""logistic_A_vs_B"", ""formal_policy_equal"": true, ""n_per_group"": 200000, ""subsidy"": 1.0}",logistic_A_vs_B,1.0,True,200000,effective_correction_b,0.702267044507418,synthetic,ALL,not_applicable,not_applicable
EXP-03,SYNTHETIC EXPERIMENT,1741,full,664a150484ed2af3,b6ef94d4c8fb9136,"{""family_pair"": ""logistic_A_vs_B"", ""formal_policy_equal"": true, ""n_per_group"": 200000, ""subsidy"": 1.25}",logistic_A_vs_B,1.25,True,200000,effective_correction_b,0.7401047924175678,synthetic,ALL,not_applicable,not_applicable
EXP-03,SYNTHETIC EXPERIMENT,1741,full,664a150484ed2af3,178605d93be8e7ac,"{""family_pair"": ""logistic_A_vs_B"", ""formal_policy_equal"": true, ""n_per_group"": 200000, ""subsidy"": 1.5}",logistic_A_vs_B,1.5,True,200000,effective_correction_b,0.7609024808239464,synthetic,ALL,not_applicable,not_applicable
EXP-03,SYNTHETIC EXPERIMENT,1741,full,664a150484ed2af3,ac1324cdc88202bb,"{""family_pair"": ""logistic_A_vs_B"", ""formal_policy_equal"": true, ""n_per_group"": 200000, ""subsidy"": 1.75}",logistic_A_vs_B,1.75,True,200000,effective_correction_b,0.775669717415993,synthetic,ALL,not_applicable,not_applicable
EXP-03,SYNTHETIC EXPERIMENT,1741,full,664a150484ed2af3,0f8bee11addd1cd2,"{""family_pair"": ""logistic_A_vs_B"", ""formal_policy_equal"": true, ""n_per_group"": 200000, ""subsidy"": 2.0}",logistic_A_vs_B,2.0,True,200000,effective_correction_b,0.7838152016872312,synthetic,ALL,not_applicable,not_applicable
EXP-03,SYNTHETIC EXPERIMENT,1741,full,664a150484ed2af3,e15565211775e638,"{""family_pair"": ""pareto_A_vs_B"", ""formal_policy_equal"": true, ""n_per_group"": 200000, ""subsidy"": 0.0}",pareto_A_vs_B,0.0,True,200000,effective_correction_b,0.0,synthetic,ALL,not_applicable,not_applicable
EXP-03,SYNTHETIC EXPERIMENT,1741,full,664a150484ed2af3,14c4fa8917b3b1a6,"{""family_pair"": ""pareto_A_vs_B"", ""formal_policy_equal"": true, ""n_per_group"": 200000, ""subsidy"": 0.1}",pareto_A_vs_B,0.1,True,200000,effective_correction_b,0.0,synthetic,ALL,not_applicable,not_applicable
EXP-03,SYNTHETIC EXPERIMENT,1741,full,664a150484ed2af3,baca0f123f4f68f8,"{""family_pair"": ""pareto_A_vs_B"", ""formal_policy_equal"": true, ""n_per_group"": 200000, ""subsidy"": 0.2}",pareto_A_vs_B,0.2,True,200000,effective_correction_b,0.0,synthetic,ALL,not_applicable,not_applicable
EXP-03,SYNTHETIC EXPERIMENT,1741,full,664a150484ed2af3,84c05c52a6fcc86a,"{""family_pair"": ""pareto_A_vs_B"", ""formal_policy_equal"": true, ""n_per_group"": 200000, ""subsidy"": 0.3}",pareto_A_vs_B,0.3,True,200000,effective_correction_b,0.0,synthetic,ALL,not_applicable,not_applicable
EXP-03,SYNTHETIC EXPERIMENT,1741,full,664a150484ed2af3,edf772fa32bff4ac,"{""family_pair"": ""pareto_A_vs_B"", ""formal_policy_equal"": true, ""n_per_group"": 200000, ""subsidy"": 0.4}",pareto_A_vs_B,0.4,True,200000,effective_correction_b,0.0,synthetic,ALL,not_applicable,not_applicable
EXP-03,SYNTHETIC EXPERIMENT,1741,full,664a150484ed2af3,6beb74afdc0b0ebb,"{""family_pair"": ""pareto_A_vs_B"", ""formal_policy_equal"": true, ""n_per_group"": 200000, ""subsidy"": 0.5}",pareto_A_vs_B,0.5,True,200000,effective_correction_b,0.0,synthetic,ALL,not_applicable,not_applicable
EXP-03,SYNTHETIC EXPERIMENT,1741,full,664a150484ed2af3,2768d4652bbfd10c,"{""family_pair"": ""pareto_A_vs_B"", ""formal_policy_equal"": true, ""n_per_group"": 200000, ""subsidy"": 0.6}",pareto_A_vs_B,0.6,True,200000,effective_correction_b,0.19612316608103383,synthetic,ALL,not_applicable,not_applicable
EXP-03,SYNTHETIC EXPERIMENT,1741,full,664a150484ed2af3,6720a925d5fe19b4,"{""family_pair"": ""pareto_A_vs_B"", ""formal_policy_equal"": true, ""n_per_group"": 200000, ""subsidy"": 0.7}",pareto_A_vs_B,0.7,True,200000,effective_correction_b,0.33589161772557397,synthetic,ALL,not_applicable,not_applicable
EXP-03,SYNTHETIC EXPERIMENT,1741,full,664a150484ed2af3,c312a5d530ac706c,"{""family_pair"": ""pareto_A_vs_B"", ""formal_policy_equal"": true, ""n_per_group"": 200000, ""subsidy"": 0.8}",pareto_A_vs_B,0.8,True,200000,effective_correction_b,0.4339480931319369,synthetic,ALL,not_applicable,not_applicable
EXP-03,SYNTHETIC EXPERIMENT,1741,full,664a150484ed2af3,2b0d5215ce435e30,"{""family_pair"": ""pareto_A_vs_B"", ""formal_policy_equal"": true, ""n_per_group"": 200000, ""subsidy"": 0.9}",pareto_A_vs_B,0.9,True,200000,effective_correction_b,0.5102257283966986,synthetic,ALL,not_applicable,not_applicable
EXP-03,SYNTHETIC EXPERIMENT,1741,full,664a150484ed2af3,46e19ce62c8603c7,"{""family_pair"": ""pareto_A_vs_B"", ""formal_policy_equal"": true, ""n_per_group"": 200000, ""subsidy"": 1.0}",pareto_A_vs_B,1.0,True,200000,effective_correction_b,0.5660427718279785,synthetic,ALL,not_applicable,not_applicable
EXP-03,SYNTHETIC EXPERIMENT,1741,full,664a150484ed2af3,8d8ead1dbd0a19ff,"{""family_pair"": ""pareto_A_vs_B"", ""formal_policy_equal"": true, ""n_per_group"": 200000, ""subsidy"": 1.25}",pareto_A_vs_B,1.25,True,200000,effective_correction_b,0.6543285458997948,synthetic,ALL,not_applicable,not_applicable
EXP-03,SYNTHETIC EXPERIMENT,1741,full,664a150484ed2af3,d454106141e4205b,"{""family_pair"": ""pareto_A_vs_B"", ""formal_policy_equal"": true, ""n_per_group"": 200000, ""subsidy"": 1.5}",pareto_A_vs_B,1.5,True,200000,effective_correction_b,0.7039250713725228,synthetic,ALL,not_applicable,not_applicable
EXP-03,SYNTHETIC EXPERIMENT,1741,full,664a150484ed2af3,3b091711aeda72ba,"{""family_pair"": ""pareto_A_vs_B"", ""formal_policy_equal"": true, ""n_per_group"": 200000, ""subsidy"": 1.75}",pareto_A_vs_B,1.75,True,200000,effective_correction_b,0.7272014022201819,synthetic,ALL,not_applicable,not_applicable
EXP-03,SYNTHETIC EXPERIMENT,1741,full,664a150484ed2af3,e1438ef1c7c46db3,"{""family_pair"": ""pareto_A_vs_B"", ""formal_policy_equal"": true, ""n_per_group"": 200000, ""subsidy"": 2.0}",pareto_A_vs_B,2.0,True,200000,effective_correction_b,0.7498417352480592,synthetic,ALL,not_applicable,not_applicable
EXP-03,SYNTHETIC EXPERIMENT,1741,full,664a150484ed2af3,4338615956f6d866,"{""family_pair"": ""uniform_A_vs_B"", ""formal_policy_equal"": true, ""n_per_group"": 200000, ""subsidy"": 0.0}",uniform_A_vs_B,0.0,True,200000,post_fnr_a,0.24062,synthetic,ALL,not_applicable,not_applicable
EXP-03,SYNTHETIC EXPERIMENT,1741,full,664a150484ed2af3,c68fa5448714f757,"{""family_pair"": ""uniform_A_vs_B"", ""formal_policy_equal"": true, ""n_per_group"": 200000, ""subsidy"": 0.1}",uniform_A_vs_B,0.1,True,200000,post_fnr_a,0.2282,synthetic,ALL,not_applicable,not_applicable
EXP-03,SYNTHETIC EXPERIMENT,1741,full,664a150484ed2af3,e26808a1db4f8f6e,"{""family_pair"": ""uniform_A_vs_B"", ""formal_policy_equal"": true, ""n_per_group"": 200000, ""subsidy"": 0.2}",uniform_A_vs_B,0.2,True,200000,post_fnr_a,0.216305,synthetic,ALL,not_applicable,not_applicable
EXP-03,SYNTHETIC EXPERIMENT,1741,full,664a150484ed2af3,e4cce325fbc99016,"{""family_pair"": ""uniform_A_vs_B"", ""formal_policy_equal"": true, ""n_per_group"": 200000, ""subsidy"": 0.3}",uniform_A_vs_B,0.3,True,200000,post_fnr_a,0.204825,synthetic,ALL,not_applicable,not_applicable
EXP-03,SYNTHETIC EXPERIMENT,1741,full,664a150484ed2af3,847cb4ae861f1800,"{""family_pair"": ""uniform_A_vs_B"", ""formal_policy_equal"": true, ""n_per_group"": 200000, ""subsidy"": 0.4}",uniform_A_vs_B,0.4,True,200000,post_fnr_a,0.19294,synthetic,ALL,not_applicable,not_applicable
EXP-03,SYNTHETIC EXPERIMENT,1741,full,664a150484ed2af3,5ff6f0304435b9b0,"{""family_pair"": ""uniform_A_vs_B"", ""formal_policy_equal"": true, ""n_per_group"": 200000, ""subsidy"": 0.5}",uniform_A_vs_B,0.5,True,200000,post_fnr_a,0.178625,synthetic,ALL,not_applicable,not_applicable
EXP-03,SYNTHETIC EXPERIMENT,1741,full,664a150484ed2af3,aa550840ce409a36,"{""family_pair"": ""uniform_A_vs_B"", ""formal_policy_equal"": true, ""n_per_group"": 200000, ""subsidy"": 0.6}",uniform_A_vs_B,0.6,True,200000,post_fnr_a,0.16753,synthetic,ALL,not_applicable,not_applicable
EXP-03,SYNTHETIC EXPERIMENT,1741,full,664a150484ed2af3,43bdd4beb9d65255,"{""family_pair"": ""uniform_A_vs_B"", ""formal_policy_equal"": true, ""n_per_group"": 200000, ""subsidy"": 0.7}",uniform_A_vs_B,0.7,True,200000,post_fnr_a,0.156515,synthetic,ALL,not_applicable,not_applicable
EXP-03,SYNTHETIC EXPERIMENT,1741,full,664a150484ed2af3,8a79fbeab60bfcf3,"{""family_pair"": ""uniform_A_vs_B"", ""formal_policy_equal"": true, ""n_per_group"": 200000, ""subsidy"": 0.8}",uniform_A_vs_B,0.8,True,200000,post_fnr_a,0.144475,synthetic,ALL,not_applicable,not_applicable
EXP-03,SYNTHETIC EXPERIMENT,1741,full,664a150484ed2af3,06c5dc32861055c3,"{""family_pair"": ""uniform_A_vs_B"", ""formal_policy_equal"": true, ""n_per_group"": 200000, ""subsidy"": 0.9}",uniform_A_vs_B,0.9,True,200000,post_fnr_a,0.130775,synthetic,ALL,not_applicable,not_applicable
EXP-03,SYNTHETIC EXPERIMENT,1741,full,664a150484ed2af3,d1602228ad1c5976,"{""family_pair"": ""uniform_A_vs_B"", ""formal_policy_equal"": true, ""n_per_group"": 200000, ""subsidy"": 1.0}",uniform_A_vs_B,1.0,True,200000,post_fnr_a,0.11994,synthetic,ALL,not_applicable,not_applicable
EXP-03,SYNTHETIC EXPERIMENT,1741,full,664a150484ed2af3,c6279785591b770c,"{""family_pair"": ""uniform_A_vs_B"", ""formal_policy_equal"": true, ""n_per_group"": 200000, ""subsidy"": 1.25}",uniform_A_vs_B,1.25,True,200000,post_fnr_a,0.08981,synthetic,ALL,not_applicable,not_applicable
EXP-03,SYNTHETIC EXPERIMENT,1741,full,664a150484ed2af3,64b11792c16678de,"{""family_pair"": ""uniform_A_vs_B"", ""formal_policy_equal"": true, ""n_per_group"": 200000, ""subsidy"": 1.5}",uniform_A_vs_B,1.5,True,200000,post_fnr_a,0.06022,synthetic,ALL,not_applicable,not_applicable
EXP-03,SYNTHETIC EXPERIMENT,1741,full,664a150484ed2af3,00e12b52dcc2fc30,"{""family_pair"": ""uniform_A_vs_B"", ""formal_policy_equal"": true, ""n_per_group"": 200000, ""subsidy"": 1.75}",uniform_A_vs_B,1.75,True,200000,post_fnr_a,0.060855,synthetic,ALL,not_applicable,not_applicable
EXP-03,SYNTHETIC EXPERIMENT,1741,full,664a150484ed2af3,4f951f13ca9cbe5d,"{""family_pair"": ""uniform_A_vs_B"", ""formal_policy_equal"": true, ""n_per_group"": 200000, ""subsidy"": 2.0}",uniform_A_vs_B,2.0,True,200000,post_fnr_a,0.05989,synthetic,ALL,not_applicable,not_applicable
EXP-03,SYNTHETIC EXPERIMENT,1741,full,664a150484ed2af3,0a557b754e3f722f,"{""family_pair"": ""exponential_A_vs_B"", ""formal_policy_equal"": true, ""n_per_group"": 200000, ""subsidy"": 0.0}",exponential_A_vs_B,0.0,True,200000,post_fnr_a,0.24667,synthetic,ALL,not_applicable,not_applicable
EXP-03,SYNTHETIC EXPERIMENT,1741,full,664a150484ed2af3,0ac3541f9947d8b2,"{""family_pair"": ""exponential_A_vs_B"", ""formal_policy_equal"": true, ""n_per_group"": 200000, ""subsidy"": 0.1}",exponential_A_vs_B,0.1,True,200000,post_fnr_a,0.237255,synthetic,ALL,not_applicable,not_applicable
EXP-03,SYNTHETIC EXPERIMENT,1741,full,664a150484ed2af3,592295b88e9fa031,"{""family_pair"": ""exponential_A_vs_B"", ""formal_policy_equal"": true, ""n_per_group"": 200000, ""subsidy"": 0.2}",exponential_A_vs_B,0.2,True,200000,post_fnr_a,0.230195,synthetic,ALL,not_applicable,not_applicable
EXP-03,SYNTHETIC EXPERIMENT,1741,full,664a150484ed2af3,ab5f557f4f9bdef7,"{""family_pair"": ""exponential_A_vs_B"", ""formal_policy_equal"": true, ""n_per_group"": 200000, ""subsidy"": 0.3}",exponential_A_vs_B,0.3,True,200000,post_fnr_a,0.220785,synthetic,ALL,not_applicable,not_applicable
EXP-03,SYNTHETIC EXPERIMENT,1741,full,664a150484ed2af3,0b6afeb41c1f7f0a,"{""family_pair"": ""exponential_A_vs_B"", ""formal_policy_equal"": true, ""n_per_group"": 200000, ""subsidy"": 0.4}",exponential_A_vs_B,0.4,True,200000,post_fnr_a,0.21252,synthetic,ALL,not_applicable,not_applicable
EXP-03,SYNTHETIC EXPERIMENT,1741,full,664a150484ed2af3,887cb7d4f64085c6,"{""family_pair"": ""exponential_A_vs_B"", ""formal_policy_equal"": true, ""n_per_group"": 200000, ""subsidy"": 0.5}",exponential_A_vs_B,0.5,True,200000,post_fnr_a,0.205485,synthetic,ALL,not_applicable,not_applicable
EXP-03,SYNTHETIC EXPERIMENT,1741,full,664a150484ed2af3,cb3673825243bba1,"{""family_pair"": ""exponential_A_vs_B"", ""formal_policy_equal"": true, ""n_per_group"": 200000, ""subsidy"": 0.6}",exponential_A_vs_B,0.6,True,200000,post_fnr_a,0.19897,synthetic,ALL,not_applicable,not_applicable
EXP-03,SYNTHETIC EXPERIMENT,1741,full,664a150484ed2af3,195df8dece541350,"{""family_pair"": ""exponential_A_vs_B"", ""formal_policy_equal"": true, ""n_per_group"": 200000, ""subsidy"": 0.7}",exponential_A_vs_B,0.7,True,200000,post_fnr_a,0.192415,synthetic,ALL,not_applicable,not_applicable
EXP-03,SYNTHETIC EXPERIMENT,1741,full,664a150484ed2af3,70618ecb00cab6b5,"{""family_pair"": ""exponential_A_vs_B"", ""formal_policy_equal"": true, ""n_per_group"": 200000, ""subsidy"": 0.8}",exponential_A_vs_B,0.8,True,200000,post_fnr_a,0.1853,synthetic,ALL,not_applicable,not_applicable
EXP-03,SYNTHETIC EXPERIMENT,1741,full,664a150484ed2af3,1b7a341471ac317f,"{""family_pair"": ""exponential_A_vs_B"", ""formal_policy_equal"": true, ""n_per_group"": 200000, ""subsidy"": 0.9}",exponential_A_vs_B,0.9,True,200000,post_fnr_a,0.17892,synthetic,ALL,not_applicable,not_applicable
EXP-03,SYNTHETIC EXPERIMENT,1741,full,664a150484ed2af3,80ad9ba96da3aa6f,"{""family_pair"": ""exponential_A_vs_B"", ""formal_policy_equal"": true, ""n_per_group"": 200000, ""subsidy"": 1.0}",exponential_A_vs_B,1.0,True,200000,post_fnr_a,0.173535,synthetic,ALL,not_applicable,not_applicable
EXP-03,SYNTHETIC EXPERIMENT,1741,full,664a150484ed2af3,ffaef5c2ab07acd8,"{""family_pair"": ""exponential_A_vs_B"", ""formal_policy_equal"": true, ""n_per_group"": 200000, ""subsidy"": 1.25}",exponential_A_vs_B,1.25,True,200000,post_fnr_a,0.160355,synthetic,ALL,not_applicable,not_applicable
EXP-03,SYNTHETIC EXPERIMENT,1741,full,664a150484ed2af3,26ecb4ddd3649de0,"{""family_pair"": ""exponential_A_vs_B"", ""formal_policy_equal"": true, ""n_per_group"": 200000, ""subsidy"": 1.5}",exponential_A_vs_B,1.5,True,200000,post_fnr_a,0.148,synthetic,ALL,not_applicable,not_applicable
EXP-03,SYNTHETIC EXPERIMENT,1741,full,664a150484ed2af3,673569926a45a05a,"{""family_pair"": ""exponential_A_vs_B"", ""formal_policy_equal"": true, ""n_per_group"": 200000, ""subsidy"": 1.75}",exponential_A_vs_B,1.75,True,200000,post_fnr_a,0.138205,synthetic,ALL,not_applicable,not_applicable
EXP-03,SYNTHETIC EXPERIMENT,1741,full,664a150484ed2af3,f0e6e0c672c2d0e5,"{""family_pair"": ""exponential_A_vs_B"", ""formal_policy_equal"": true, ""n_per_group"": 200000, ""subsidy"": 2.0}",exponential_A_vs_B,2.0,True,200000,post_fnr_a,0.129005,synthetic,ALL,not_applicable,not_applicable
EXP-03,SYNTHETIC EXPERIMENT,1741,full,664a150484ed2af3,b276b578d51daa1c,"{""family_pair"": ""logistic_A_vs_B"", ""formal_policy_equal"": true, ""n_per_group"": 200000, ""subsidy"": 0.0}",logistic_A_vs_B,0.0,True,200000,post_fnr_a,0.23423,synthetic,ALL,not_applicable,not_applicable
EXP-03,SYNTHETIC EXPERIMENT,1741,full,664a150484ed2af3,ffa52f5cb4396c03,"{""family_pair"": ""logistic_A_vs_B"", ""formal_policy_equal"": true, ""n_per_group"": 200000, ""subsidy"": 0.1}",logistic_A_vs_B,0.1,True,200000,post_fnr_a,0.22535,synthetic,ALL,not_applicable,not_applicable
EXP-03,SYNTHETIC EXPERIMENT,1741,full,664a150484ed2af3,b2d4133387a20256,"{""family_pair"": ""logistic_A_vs_B"", ""formal_policy_equal"": true, ""n_per_group"": 200000, ""subsidy"": 0.2}",logistic_A_vs_B,0.2,True,200000,post_fnr_a,0.21623,synthetic,ALL,not_applicable,not_applicable
EXP-03,SYNTHETIC EXPERIMENT,1741,full,664a150484ed2af3,9106292078060093,"{""family_pair"": ""logistic_A_vs_B"", ""formal_policy_equal"": true, ""n_per_group"": 200000, ""subsidy"": 0.3}",logistic_A_vs_B,0.3,True,200000,post_fnr_a,0.20396,synthetic,ALL,not_applicable,not_applicable
EXP-03,SYNTHETIC EXPERIMENT,1741,full,664a150484ed2af3,fe4afdbba7764cd6,"{""family_pair"": ""logistic_A_vs_B"", ""formal_policy_equal"": true, ""n_per_group"": 200000, ""subsidy"": 0.4}",logistic_A_vs_B,0.4,True,200000,post_fnr_a,0.191135,synthetic,ALL,not_applicable,not_applicable
EXP-03,SYNTHETIC EXPERIMENT,1741,full,664a150484ed2af3,19bceb8670eb268e,"{""family_pair"": ""logistic_A_vs_B"", ""formal_policy_equal"": true, ""n_per_group"": 200000, ""subsidy"": 0.5}",logistic_A_vs_B,0.5,True,200000,post_fnr_a,0.17958,synthetic,ALL,not_applicable,not_applicable
EXP-03,SYNTHETIC EXPERIMENT,1741,full,664a150484ed2af3,1ebb499b884bfebb,"{""family_pair"": ""logistic_A_vs_B"", ""formal_policy_equal"": true, ""n_per_group"": 200000, ""subsidy"": 0.6}",logistic_A_vs_B,0.6,True,200000,post_fnr_a,0.169185,synthetic,ALL,not_applicable,not_applicable
EXP-03,SYNTHETIC EXPERIMENT,1741,full,664a150484ed2af3,2d4a553f782b84ee,"{""family_pair"": ""logistic_A_vs_B"", ""formal_policy_equal"": true, ""n_per_group"": 200000, ""subsidy"": 0.7}",logistic_A_vs_B,0.7,True,200000,post_fnr_a,0.15707,synthetic,ALL,not_applicable,not_applicable
EXP-03,SYNTHETIC EXPERIMENT,1741,full,664a150484ed2af3,18f7de4d27d375fd,"{""family_pair"": ""logistic_A_vs_B"", ""formal_policy_equal"": true, ""n_per_group"": 200000, ""subsidy"": 0.8}",logistic_A_vs_B,0.8,True,200000,post_fnr_a,0.14405,synthetic,ALL,not_applicable,not_applicable
EXP-03,SYNTHETIC EXPERIMENT,1741,full,664a150484ed2af3,224922c21ee56a16,"{""family_pair"": ""logistic_A_vs_B"", ""formal_policy_equal"": true, ""n_per_group"": 200000, ""subsidy"": 0.9}",logistic_A_vs_B,0.9,True,200000,post_fnr_a,0.134425,synthetic,ALL,not_applicable,not_applicable
EXP-03,SYNTHETIC EXPERIMENT,1741,full,664a150484ed2af3,83e869194360d0b0,"{""family_pair"": ""logistic_A_vs_B"", ""formal_policy_equal"": true, ""n_per_group"": 200000, ""subsidy"": 1.0}",logistic_A_vs_B,1.0,True,200000,post_fnr_a,0.12431,synthetic,ALL,not_applicable,not_applicable
EXP-03,SYNTHETIC EXPERIMENT,1741,full,664a150484ed2af3,b6ef94d4c8fb9136,"{""family_pair"": ""logistic_A_vs_B"", ""formal_policy_equal"": true, ""n_per_group"": 200000, ""subsidy"": 1.25}",logistic_A_vs_B,1.25,True,200000,post_fnr_a,0.1036,synthetic,ALL,not_applicable,not_applicable
EXP-03,SYNTHETIC EXPERIMENT,1741,full,664a150484ed2af3,178605d93be8e7ac,"{""family_pair"": ""logistic_A_vs_B"", ""formal_policy_equal"": true, ""n_per_group"": 200000, ""subsidy"": 1.5}",logistic_A_vs_B,1.5,True,200000,post_fnr_a,0.089135,synthetic,ALL,not_applicable,not_applicable
EXP-03,SYNTHETIC EXPERIMENT,1741,full,664a150484ed2af3,ac1324cdc88202bb,"{""family_pair"": ""logistic_A_vs_B"", ""formal_policy_equal"": true, ""n_per_group"": 200000, ""subsidy"": 1.75}",logistic_A_vs_B,1.75,True,200000,post_fnr_a,0.07804,synthetic,ALL,not_applicable,not_applicable
EXP-03,SYNTHETIC EXPERIMENT,1741,full,664a150484ed2af3,0f8bee11addd1cd2,"{""family_pair"": ""logistic_A_vs_B"", ""formal_policy_equal"": true, ""n_per_group"": 200000, ""subsidy"": 2.0}",logistic_A_vs_B,2.0,True,200000,post_fnr_a,0.0718,synthetic,ALL,not_applicable,not_applicable
EXP-03,SYNTHETIC EXPERIMENT,1741,full,664a150484ed2af3,e15565211775e638,"{""family_pair"": ""pareto_A_vs_B"", ""formal_policy_equal"": true, ""n_per_group"": 200000, ""subsidy"": 0.0}",pareto_A_vs_B,0.0,True,200000,post_fnr_a,0.298635,synthetic,ALL,not_applicable,not_applicable
EXP-03,SYNTHETIC EXPERIMENT,1741,full,664a150484ed2af3,14c4fa8917b3b1a6,"{""family_pair"": ""pareto_A_vs_B"", ""formal_policy_equal"": true, ""n_per_group"": 200000, ""subsidy"": 0.1}",pareto_A_vs_B,0.1,True,200000,post_fnr_a,0.30061,synthetic,ALL,not_applicable,not_applicable
EXP-03,SYNTHETIC EXPERIMENT,1741,full,664a150484ed2af3,baca0f123f4f68f8,"{""family_pair"": ""pareto_A_vs_B"", ""formal_policy_equal"": true, ""n_per_group"": 200000, ""subsidy"": 0.2}",pareto_A_vs_B,0.2,True,200000,post_fnr_a,0.2995,synthetic,ALL,not_applicable,not_applicable
EXP-03,SYNTHETIC EXPERIMENT,1741,full,664a150484ed2af3,84c05c52a6fcc86a,"{""family_pair"": ""pareto_A_vs_B"", ""formal_policy_equal"": true, ""n_per_group"": 200000, ""subsidy"": 0.3}",pareto_A_vs_B,0.3,True,200000,post_fnr_a,0.298965,synthetic,ALL,not_applicable,not_applicable
EXP-03,SYNTHETIC EXPERIMENT,1741,full,664a150484ed2af3,edf772fa32bff4ac,"{""family_pair"": ""pareto_A_vs_B"", ""formal_policy_equal"": true, ""n_per_group"": 200000, ""subsidy"": 0.4}",pareto_A_vs_B,0.4,True,200000,post_fnr_a,0.299215,synthetic,ALL,not_applicable,not_applicable
EXP-03,SYNTHETIC EXPERIMENT,1741,full,664a150484ed2af3,6beb74afdc0b0ebb,"{""family_pair"": ""pareto_A_vs_B"", ""formal_policy_equal"": true, ""n_per_group"": 200000, ""subsidy"": 0.5}",pareto_A_vs_B,0.5,True,200000,post_fnr_a,0.300285,synthetic,ALL,not_applicable,not_applicable
EXP-03,SYNTHETIC EXPERIMENT,1741,full,664a150484ed2af3,2768d4652bbfd10c,"{""family_pair"": ""pareto_A_vs_B"", ""formal_policy_equal"": true, ""n_per_group"": 200000, ""subsidy"": 0.6}",pareto_A_vs_B,0.6,True,200000,post_fnr_a,0.26611,synthetic,ALL,not_applicable,not_applicable
EXP-03,SYNTHETIC EXPERIMENT,1741,full,664a150484ed2af3,6720a925d5fe19b4,"{""family_pair"": ""pareto_A_vs_B"", ""formal_policy_equal"": true, ""n_per_group"": 200000, ""subsidy"": 0.7}",pareto_A_vs_B,0.7,True,200000,post_fnr_a,0.242945,synthetic,ALL,not_applicable,not_applicable
EXP-03,SYNTHETIC EXPERIMENT,1741,full,664a150484ed2af3,c312a5d530ac706c,"{""family_pair"": ""pareto_A_vs_B"", ""formal_policy_equal"": true, ""n_per_group"": 200000, ""subsidy"": 0.8}",pareto_A_vs_B,0.8,True,200000,post_fnr_a,0.2206,synthetic,ALL,not_applicable,not_applicable
EXP-03,SYNTHETIC EXPERIMENT,1741,full,664a150484ed2af3,2b0d5215ce435e30,"{""family_pair"": ""pareto_A_vs_B"", ""formal_policy_equal"": true, ""n_per_group"": 200000, ""subsidy"": 0.9}",pareto_A_vs_B,0.9,True,200000,post_fnr_a,0.20471,synthetic,ALL,not_applicable,not_applicable
EXP-03,SYNTHETIC EXPERIMENT,1741,full,664a150484ed2af3,46e19ce62c8603c7,"{""family_pair"": ""pareto_A_vs_B"", ""formal_policy_equal"": true, ""n_per_group"": 200000, ""subsidy"": 1.0}",pareto_A_vs_B,1.0,True,200000,post_fnr_a,0.19245,synthetic,ALL,not_applicable,not_applicable
EXP-03,SYNTHETIC EXPERIMENT,1741,full,664a150484ed2af3,8d8ead1dbd0a19ff,"{""family_pair"": ""pareto_A_vs_B"", ""formal_policy_equal"": true, ""n_per_group"": 200000, ""subsidy"": 1.25}",pareto_A_vs_B,1.25,True,200000,post_fnr_a,0.164665,synthetic,ALL,not_applicable,not_applicable
EXP-03,SYNTHETIC EXPERIMENT,1741,full,664a150484ed2af3,d454106141e4205b,"{""family_pair"": ""pareto_A_vs_B"", ""formal_policy_equal"": true, ""n_per_group"": 200000, ""subsidy"": 1.5}",pareto_A_vs_B,1.5,True,200000,post_fnr_a,0.146015,synthetic,ALL,not_applicable,not_applicable
EXP-03,SYNTHETIC EXPERIMENT,1741,full,664a150484ed2af3,3b091711aeda72ba,"{""family_pair"": ""pareto_A_vs_B"", ""formal_policy_equal"": true, ""n_per_group"": 200000, ""subsidy"": 1.75}",pareto_A_vs_B,1.75,True,200000,post_fnr_a,0.131145,synthetic,ALL,not_applicable,not_applicable
EXP-03,SYNTHETIC EXPERIMENT,1741,full,664a150484ed2af3,e1438ef1c7c46db3,"{""family_pair"": ""pareto_A_vs_B"", ""formal_policy_equal"": true, ""n_per_group"": 200000, ""subsidy"": 2.0}",pareto_A_vs_B,2.0,True,200000,post_fnr_a,0.12085,synthetic,ALL,not_applicable,not_applicable
EXP-03,SYNTHETIC EXPERIMENT,1741,full,664a150484ed2af3,4338615956f6d866,"{""family_pair"": ""uniform_A_vs_B"", ""formal_policy_equal"": true, ""n_per_group"": 200000, ""subsidy"": 0.0}",uniform_A_vs_B,0.0,True,200000,post_fnr_b,0.179765,synthetic,ALL,not_applicable,not_applicable
EXP-03,SYNTHETIC EXPERIMENT,1741,full,664a150484ed2af3,c68fa5448714f757,"{""family_pair"": ""uniform_A_vs_B"", ""formal_policy_equal"": true, ""n_per_group"": 200000, ""subsidy"": 0.1}",uniform_A_vs_B,0.1,True,200000,post_fnr_b,0.15598,synthetic,ALL,not_applicable,not_applicable
EXP-03,SYNTHETIC EXPERIMENT,1741,full,664a150484ed2af3,e26808a1db4f8f6e,"{""family_pair"": ""uniform_A_vs_B"", ""formal_policy_equal"": true, ""n_per_group"": 200000, ""subsidy"": 0.2}",uniform_A_vs_B,0.2,True,200000,post_fnr_b,0.13095,synthetic,ALL,not_applicable,not_applicable
EXP-03,SYNTHETIC EXPERIMENT,1741,full,664a150484ed2af3,e4cce325fbc99016,"{""family_pair"": ""uniform_A_vs_B"", ""formal_policy_equal"": true, ""n_per_group"": 200000, ""subsidy"": 0.3}",uniform_A_vs_B,0.3,True,200000,post_fnr_b,0.10793,synthetic,ALL,not_applicable,not_applicable
EXP-03,SYNTHETIC EXPERIMENT,1741,full,664a150484ed2af3,847cb4ae861f1800,"{""family_pair"": ""uniform_A_vs_B"", ""formal_policy_equal"": true, ""n_per_group"": 200000, ""subsidy"": 0.4}",uniform_A_vs_B,0.4,True,200000,post_fnr_b,0.08454,synthetic,ALL,not_applicable,not_applicable
EXP-03,SYNTHETIC EXPERIMENT,1741,full,664a150484ed2af3,5ff6f0304435b9b0,"{""family_pair"": ""uniform_A_vs_B"", ""formal_policy_equal"": true, ""n_per_group"": 200000, ""subsidy"": 0.5}",uniform_A_vs_B,0.5,True,200000,post_fnr_b,0.060525,synthetic,ALL,not_applicable,not_applicable
EXP-03,SYNTHETIC EXPERIMENT,1741,full,664a150484ed2af3,aa550840ce409a36,"{""family_pair"": ""uniform_A_vs_B"", ""formal_policy_equal"": true, ""n_per_group"": 200000, ""subsidy"": 0.6}",uniform_A_vs_B,0.6,True,200000,post_fnr_b,0.06026,synthetic,ALL,not_applicable,not_applicable
EXP-03,SYNTHETIC EXPERIMENT,1741,full,664a150484ed2af3,43bdd4beb9d65255,"{""family_pair"": ""uniform_A_vs_B"", ""formal_policy_equal"": true, ""n_per_group"": 200000, ""subsidy"": 0.7}",uniform_A_vs_B,0.7,True,200000,post_fnr_b,0.059785,synthetic,ALL,not_applicable,not_applicable
EXP-03,SYNTHETIC EXPERIMENT,1741,full,664a150484ed2af3,8a79fbeab60bfcf3,"{""family_pair"": ""uniform_A_vs_B"", ""formal_policy_equal"": true, ""n_per_group"": 200000, ""subsidy"": 0.8}",uniform_A_vs_B,0.8,True,200000,post_fnr_b,0.06026,synthetic,ALL,not_applicable,not_applicable
EXP-03,SYNTHETIC EXPERIMENT,1741,full,664a150484ed2af3,06c5dc32861055c3,"{""family_pair"": ""uniform_A_vs_B"", ""formal_policy_equal"": true, ""n_per_group"": 200000, ""subsidy"": 0.9}",uniform_A_vs_B,0.9,True,200000,post_fnr_b,0.0599,synthetic,ALL,not_applicable,not_applicable
EXP-03,SYNTHETIC EXPERIMENT,1741,full,664a150484ed2af3,d1602228ad1c5976,"{""family_pair"": ""uniform_A_vs_B"", ""formal_policy_equal"": true, ""n_per_group"": 200000, ""subsidy"": 1.0}",uniform_A_vs_B,1.0,True,200000,post_fnr_b,0.059835,synthetic,ALL,not_applicable,not_applicable
EXP-03,SYNTHETIC EXPERIMENT,1741,full,664a150484ed2af3,c6279785591b770c,"{""family_pair"": ""uniform_A_vs_B"", ""formal_policy_equal"": true, ""n_per_group"": 200000, ""subsidy"": 1.25}",uniform_A_vs_B,1.25,True,200000,post_fnr_b,0.06066,synthetic,ALL,not_applicable,not_applicable
EXP-03,SYNTHETIC EXPERIMENT,1741,full,664a150484ed2af3,64b11792c16678de,"{""family_pair"": ""uniform_A_vs_B"", ""formal_policy_equal"": true, ""n_per_group"": 200000, ""subsidy"": 1.5}",uniform_A_vs_B,1.5,True,200000,post_fnr_b,0.061075,synthetic,ALL,not_applicable,not_applicable
EXP-03,SYNTHETIC EXPERIMENT,1741,full,664a150484ed2af3,00e12b52dcc2fc30,"{""family_pair"": ""uniform_A_vs_B"", ""formal_policy_equal"": true, ""n_per_group"": 200000, ""subsidy"": 1.75}",uniform_A_vs_B,1.75,True,200000,post_fnr_b,0.060125,synthetic,ALL,not_applicable,not_applicable
EXP-03,SYNTHETIC EXPERIMENT,1741,full,664a150484ed2af3,4f951f13ca9cbe5d,"{""family_pair"": ""uniform_A_vs_B"", ""formal_policy_equal"": true, ""n_per_group"": 200000, ""subsidy"": 2.0}",uniform_A_vs_B,2.0,True,200000,post_fnr_b,0.05949,synthetic,ALL,not_applicable,not_applicable
EXP-03,SYNTHETIC EXPERIMENT,1741,full,664a150484ed2af3,0a557b754e3f722f,"{""family_pair"": ""exponential_A_vs_B"", ""formal_policy_equal"": true, ""n_per_group"": 200000, ""subsidy"": 0.0}",exponential_A_vs_B,0.0,True,200000,post_fnr_b,0.204485,synthetic,ALL,not_applicable,not_applicable
EXP-03,SYNTHETIC EXPERIMENT,1741,full,664a150484ed2af3,0ac3541f9947d8b2,"{""family_pair"": ""exponential_A_vs_B"", ""formal_policy_equal"": true, ""n_per_group"": 200000, ""subsidy"": 0.1}",exponential_A_vs_B,0.1,True,200000,post_fnr_b,0.193515,synthetic,ALL,not_applicable,not_applicable
EXP-03,SYNTHETIC EXPERIMENT,1741,full,664a150484ed2af3,592295b88e9fa031,"{""family_pair"": ""exponential_A_vs_B"", ""formal_policy_equal"": true, ""n_per_group"": 200000, ""subsidy"": 0.2}",exponential_A_vs_B,0.2,True,200000,post_fnr_b,0.180035,synthetic,ALL,not_applicable,not_applicable
EXP-03,SYNTHETIC EXPERIMENT,1741,full,664a150484ed2af3,ab5f557f4f9bdef7,"{""family_pair"": ""exponential_A_vs_B"", ""formal_policy_equal"": true, ""n_per_group"": 200000, ""subsidy"": 0.3}",exponential_A_vs_B,0.3,True,200000,post_fnr_b,0.16834,synthetic,ALL,not_applicable,not_applicable
EXP-03,SYNTHETIC EXPERIMENT,1741,full,664a150484ed2af3,0b6afeb41c1f7f0a,"{""family_pair"": ""exponential_A_vs_B"", ""formal_policy_equal"": true, ""n_per_group"": 200000, ""subsidy"": 0.4}",exponential_A_vs_B,0.4,True,200000,post_fnr_b,0.156675,synthetic,ALL,not_applicable,not_applicable
EXP-03,SYNTHETIC EXPERIMENT,1741,full,664a150484ed2af3,887cb7d4f64085c6,"{""family_pair"": ""exponential_A_vs_B"", ""formal_policy_equal"": true, ""n_per_group"": 200000, ""subsidy"": 0.5}",exponential_A_vs_B,0.5,True,200000,post_fnr_b,0.148105,synthetic,ALL,not_applicable,not_applicable
EXP-03,SYNTHETIC EXPERIMENT,1741,full,664a150484ed2af3,cb3673825243bba1,"{""family_pair"": ""exponential_A_vs_B"", ""formal_policy_equal"": true, ""n_per_group"": 200000, ""subsidy"": 0.6}",exponential_A_vs_B,0.6,True,200000,post_fnr_b,0.140825,synthetic,ALL,not_applicable,not_applicable
EXP-03,SYNTHETIC EXPERIMENT,1741,full,664a150484ed2af3,195df8dece541350,"{""family_pair"": ""exponential_A_vs_B"", ""formal_policy_equal"": true, ""n_per_group"": 200000, ""subsidy"": 0.7}",exponential_A_vs_B,0.7,True,200000,post_fnr_b,0.132405,synthetic,ALL,not_applicable,not_applicable
EXP-03,SYNTHETIC EXPERIMENT,1741,full,664a150484ed2af3,70618ecb00cab6b5,"{""family_pair"": ""exponential_A_vs_B"", ""formal_policy_equal"": true, ""n_per_group"": 200000, ""subsidy"": 0.8}",exponential_A_vs_B,0.8,True,200000,post_fnr_b,0.12318,synthetic,ALL,not_applicable,not_applicable
EXP-03,SYNTHETIC EXPERIMENT,1741,full,664a150484ed2af3,1b7a341471ac317f,"{""family_pair"": ""exponential_A_vs_B"", ""formal_policy_equal"": true, ""n_per_group"": 200000, ""subsidy"": 0.9}",exponential_A_vs_B,0.9,True,200000,post_fnr_b,0.119015,synthetic,ALL,not_applicable,not_applicable
EXP-03,SYNTHETIC EXPERIMENT,1741,full,664a150484ed2af3,80ad9ba96da3aa6f,"{""family_pair"": ""exponential_A_vs_B"", ""formal_policy_equal"": true, ""n_per_group"": 200000, ""subsidy"": 1.0}",exponential_A_vs_B,1.0,True,200000,post_fnr_b,0.114435,synthetic,ALL,not_applicable,not_applicable
EXP-03,SYNTHETIC EXPERIMENT,1741,full,664a150484ed2af3,ffaef5c2ab07acd8,"{""family_pair"": ""exponential_A_vs_B"", ""formal_policy_equal"": true, ""n_per_group"": 200000, ""subsidy"": 1.25}",exponential_A_vs_B,1.25,True,200000,post_fnr_b,0.10177,synthetic,ALL,not_applicable,not_applicable
EXP-03,SYNTHETIC EXPERIMENT,1741,full,664a150484ed2af3,26ecb4ddd3649de0,"{""family_pair"": ""exponential_A_vs_B"", ""formal_policy_equal"": true, ""n_per_group"": 200000, ""subsidy"": 1.5}",exponential_A_vs_B,1.5,True,200000,post_fnr_b,0.093475,synthetic,ALL,not_applicable,not_applicable
EXP-03,SYNTHETIC EXPERIMENT,1741,full,664a150484ed2af3,673569926a45a05a,"{""family_pair"": ""exponential_A_vs_B"", ""formal_policy_equal"": true, ""n_per_group"": 200000, ""subsidy"": 1.75}",exponential_A_vs_B,1.75,True,200000,post_fnr_b,0.08509,synthetic,ALL,not_applicable,not_applicable
EXP-03,SYNTHETIC EXPERIMENT,1741,full,664a150484ed2af3,f0e6e0c672c2d0e5,"{""family_pair"": ""exponential_A_vs_B"", ""formal_policy_equal"": true, ""n_per_group"": 200000, ""subsidy"": 2.0}",exponential_A_vs_B,2.0,True,200000,post_fnr_b,0.079945,synthetic,ALL,not_applicable,not_applicable
EXP-03,SYNTHETIC EXPERIMENT,1741,full,664a150484ed2af3,b276b578d51daa1c,"{""family_pair"": ""logistic_A_vs_B"", ""formal_policy_equal"": true, ""n_per_group"": 200000, ""subsidy"": 0.0}",logistic_A_vs_B,0.0,True,200000,post_fnr_b,0.180635,synthetic,ALL,not_applicable,not_applicable
EXP-03,SYNTHETIC EXPERIMENT,1741,full,664a150484ed2af3,ffa52f5cb4396c03,"{""family_pair"": ""logistic_A_vs_B"", ""formal_policy_equal"": true, ""n_per_group"": 200000, ""subsidy"": 0.1}",logistic_A_vs_B,0.1,True,200000,post_fnr_b,0.167905,synthetic,ALL,not_applicable,not_applicable
EXP-03,SYNTHETIC EXPERIMENT,1741,full,664a150484ed2af3,b2d4133387a20256,"{""family_pair"": ""logistic_A_vs_B"", ""formal_policy_equal"": true, ""n_per_group"": 200000, ""subsidy"": 0.2}",logistic_A_vs_B,0.2,True,200000,post_fnr_b,0.15644,synthetic,ALL,not_applicable,not_applicable
EXP-03,SYNTHETIC EXPERIMENT,1741,full,664a150484ed2af3,9106292078060093,"{""family_pair"": ""logistic_A_vs_B"", ""formal_policy_equal"": true, ""n_per_group"": 200000, ""subsidy"": 0.3}",logistic_A_vs_B,0.3,True,200000,post_fnr_b,0.14544,synthetic,ALL,not_applicable,not_applicable
EXP-03,SYNTHETIC EXPERIMENT,1741,full,664a150484ed2af3,fe4afdbba7764cd6,"{""family_pair"": ""logistic_A_vs_B"", ""formal_policy_equal"": true, ""n_per_group"": 200000, ""subsidy"": 0.4}",logistic_A_vs_B,0.4,True,200000,post_fnr_b,0.134425,synthetic,ALL,not_applicable,not_applicable
EXP-03,SYNTHETIC EXPERIMENT,1741,full,664a150484ed2af3,19bceb8670eb268e,"{""family_pair"": ""logistic_A_vs_B"", ""formal_policy_equal"": true, ""n_per_group"": 200000, ""subsidy"": 0.5}",logistic_A_vs_B,0.5,True,200000,post_fnr_b,0.12489,synthetic,ALL,not_applicable,not_applicable
EXP-03,SYNTHETIC EXPERIMENT,1741,full,664a150484ed2af3,1ebb499b884bfebb,"{""family_pair"": ""logistic_A_vs_B"", ""formal_policy_equal"": true, ""n_per_group"": 200000, ""subsidy"": 0.6}",logistic_A_vs_B,0.6,True,200000,post_fnr_b,0.11575,synthetic,ALL,not_applicable,not_applicable
EXP-03,SYNTHETIC EXPERIMENT,1741,full,664a150484ed2af3,2d4a553f782b84ee,"{""family_pair"": ""logistic_A_vs_B"", ""formal_policy_equal"": true, ""n_per_group"": 200000, ""subsidy"": 0.7}",logistic_A_vs_B,0.7,True,200000,post_fnr_b,0.106325,synthetic,ALL,not_applicable,not_applicable
EXP-03,SYNTHETIC EXPERIMENT,1741,full,664a150484ed2af3,18f7de4d27d375fd,"{""family_pair"": ""logistic_A_vs_B"", ""formal_policy_equal"": true, ""n_per_group"": 200000, ""subsidy"": 0.8}",logistic_A_vs_B,0.8,True,200000,post_fnr_b,0.09974,synthetic,ALL,not_applicable,not_applicable
EXP-03,SYNTHETIC EXPERIMENT,1741,full,664a150484ed2af3,224922c21ee56a16,"{""family_pair"": ""logistic_A_vs_B"", ""formal_policy_equal"": true, ""n_per_group"": 200000, ""subsidy"": 0.9}",logistic_A_vs_B,0.9,True,200000,post_fnr_b,0.094255,synthetic,ALL,not_applicable,not_applicable
EXP-03,SYNTHETIC EXPERIMENT,1741,full,664a150484ed2af3,83e869194360d0b0,"{""family_pair"": ""logistic_A_vs_B"", ""formal_policy_equal"": true, ""n_per_group"": 200000, ""subsidy"": 1.0}",logistic_A_vs_B,1.0,True,200000,post_fnr_b,0.089305,synthetic,ALL,not_applicable,not_applicable
EXP-03,SYNTHETIC EXPERIMENT,1741,full,664a150484ed2af3,b6ef94d4c8fb9136,"{""family_pair"": ""logistic_A_vs_B"", ""formal_policy_equal"": true, ""n_per_group"": 200000, ""subsidy"": 1.25}",logistic_A_vs_B,1.25,True,200000,post_fnr_b,0.077875,synthetic,ALL,not_applicable,not_applicable
EXP-03,SYNTHETIC EXPERIMENT,1741,full,664a150484ed2af3,178605d93be8e7ac,"{""family_pair"": ""logistic_A_vs_B"", ""formal_policy_equal"": true, ""n_per_group"": 200000, ""subsidy"": 1.5}",logistic_A_vs_B,1.5,True,200000,post_fnr_b,0.07185,synthetic,ALL,not_applicable,not_applicable
EXP-03,SYNTHETIC EXPERIMENT,1741,full,664a150484ed2af3,ac1324cdc88202bb,"{""family_pair"": ""logistic_A_vs_B"", ""formal_policy_equal"": true, ""n_per_group"": 200000, ""subsidy"": 1.75}",logistic_A_vs_B,1.75,True,200000,post_fnr_b,0.06716,synthetic,ALL,not_applicable,not_applicable
EXP-03,SYNTHETIC EXPERIMENT,1741,full,664a150484ed2af3,0f8bee11addd1cd2,"{""family_pair"": ""logistic_A_vs_B"", ""formal_policy_equal"": true, ""n_per_group"": 200000, ""subsidy"": 2.0}",logistic_A_vs_B,2.0,True,200000,post_fnr_b,0.06509,synthetic,ALL,not_applicable,not_applicable
EXP-03,SYNTHETIC EXPERIMENT,1741,full,664a150484ed2af3,e15565211775e638,"{""family_pair"": ""pareto_A_vs_B"", ""formal_policy_equal"": true, ""n_per_group"": 200000, ""subsidy"": 0.0}",pareto_A_vs_B,0.0,True,200000,post_fnr_b,0.30163,synthetic,ALL,not_applicable,not_applicable
EXP-03,SYNTHETIC EXPERIMENT,1741,full,664a150484ed2af3,14c4fa8917b3b1a6,"{""family_pair"": ""pareto_A_vs_B"", ""formal_policy_equal"": true, ""n_per_group"": 200000, ""subsidy"": 0.1}",pareto_A_vs_B,0.1,True,200000,post_fnr_b,0.298535,synthetic,ALL,not_applicable,not_applicable
EXP-03,SYNTHETIC EXPERIMENT,1741,full,664a150484ed2af3,baca0f123f4f68f8,"{""family_pair"": ""pareto_A_vs_B"", ""formal_policy_equal"": true, ""n_per_group"": 200000, ""subsidy"": 0.2}",pareto_A_vs_B,0.2,True,200000,post_fnr_b,0.300795,synthetic,ALL,not_applicable,not_applicable
EXP-03,SYNTHETIC EXPERIMENT,1741,full,664a150484ed2af3,84c05c52a6fcc86a,"{""family_pair"": ""pareto_A_vs_B"", ""formal_policy_equal"": true, ""n_per_group"": 200000, ""subsidy"": 0.3}",pareto_A_vs_B,0.3,True,200000,post_fnr_b,0.30044,synthetic,ALL,not_applicable,not_applicable
EXP-03,SYNTHETIC EXPERIMENT,1741,full,664a150484ed2af3,edf772fa32bff4ac,"{""family_pair"": ""pareto_A_vs_B"", ""formal_policy_equal"": true, ""n_per_group"": 200000, ""subsidy"": 0.4}",pareto_A_vs_B,0.4,True,200000,post_fnr_b,0.298695,synthetic,ALL,not_applicable,not_applicable
EXP-03,SYNTHETIC EXPERIMENT,1741,full,664a150484ed2af3,6beb74afdc0b0ebb,"{""family_pair"": ""pareto_A_vs_B"", ""formal_policy_equal"": true, ""n_per_group"": 200000, ""subsidy"": 0.5}",pareto_A_vs_B,0.5,True,200000,post_fnr_b,0.30068,synthetic,ALL,not_applicable,not_applicable
EXP-03,SYNTHETIC EXPERIMENT,1741,full,664a150484ed2af3,2768d4652bbfd10c,"{""family_pair"": ""pareto_A_vs_B"", ""formal_policy_equal"": true, ""n_per_group"": 200000, ""subsidy"": 0.6}",pareto_A_vs_B,0.6,True,200000,post_fnr_b,0.24136,synthetic,ALL,not_applicable,not_applicable
EXP-03,SYNTHETIC EXPERIMENT,1741,full,664a150484ed2af3,6720a925d5fe19b4,"{""family_pair"": ""pareto_A_vs_B"", ""formal_policy_equal"": true, ""n_per_group"": 200000, ""subsidy"": 0.7}",pareto_A_vs_B,0.7,True,200000,post_fnr_b,0.19902,synthetic,ALL,not_applicable,not_applicable
EXP-03,SYNTHETIC EXPERIMENT,1741,full,664a150484ed2af3,c312a5d530ac706c,"{""family_pair"": ""pareto_A_vs_B"", ""formal_policy_equal"": true, ""n_per_group"": 200000, ""subsidy"": 0.8}",pareto_A_vs_B,0.8,True,200000,post_fnr_b,0.169575,synthetic,ALL,not_applicable,not_applicable
EXP-03,SYNTHETIC EXPERIMENT,1741,full,664a150484ed2af3,2b0d5215ce435e30,"{""family_pair"": ""pareto_A_vs_B"", ""formal_policy_equal"": true, ""n_per_group"": 200000, ""subsidy"": 0.9}",pareto_A_vs_B,0.9,True,200000,post_fnr_b,0.14776,synthetic,ALL,not_applicable,not_applicable
EXP-03,SYNTHETIC EXPERIMENT,1741,full,664a150484ed2af3,46e19ce62c8603c7,"{""family_pair"": ""pareto_A_vs_B"", ""formal_policy_equal"": true, ""n_per_group"": 200000, ""subsidy"": 1.0}",pareto_A_vs_B,1.0,True,200000,post_fnr_b,0.13007,synthetic,ALL,not_applicable,not_applicable
EXP-03,SYNTHETIC EXPERIMENT,1741,full,664a150484ed2af3,8d8ead1dbd0a19ff,"{""family_pair"": ""pareto_A_vs_B"", ""formal_policy_equal"": true, ""n_per_group"": 200000, ""subsidy"": 1.25}",pareto_A_vs_B,1.25,True,200000,post_fnr_b,0.104455,synthetic,ALL,not_applicable,not_applicable
EXP-03,SYNTHETIC EXPERIMENT,1741,full,664a150484ed2af3,d454106141e4205b,"{""family_pair"": ""pareto_A_vs_B"", ""formal_policy_equal"": true, ""n_per_group"": 200000, ""subsidy"": 1.5}",pareto_A_vs_B,1.5,True,200000,post_fnr_b,0.08867,synthetic,ALL,not_applicable,not_applicable
EXP-03,SYNTHETIC EXPERIMENT,1741,full,664a150484ed2af3,3b091711aeda72ba,"{""family_pair"": ""pareto_A_vs_B"", ""formal_policy_equal"": true, ""n_per_group"": 200000, ""subsidy"": 1.75}",pareto_A_vs_B,1.75,True,200000,post_fnr_b,0.08171,synthetic,ALL,not_applicable,not_applicable
EXP-03,SYNTHETIC EXPERIMENT,1741,full,664a150484ed2af3,e1438ef1c7c46db3,"{""family_pair"": ""pareto_A_vs_B"", ""formal_policy_equal"": true, ""n_per_group"": 200000, ""subsidy"": 2.0}",pareto_A_vs_B,2.0,True,200000,post_fnr_b,0.07508,synthetic,ALL,not_applicable,not_applicable
EXP-03,SYNTHETIC EXPERIMENT,1741,full,664a150484ed2af3,4338615956f6d866,"{""family_pair"": ""uniform_A_vs_B"", ""formal_policy_equal"": true, ""n_per_group"": 200000, ""subsidy"": 0.0}",uniform_A_vs_B,0.0,True,200000,theoretical_signed_tpr_gap,-0.06000000000000001,synthetic,ALL,not_applicable,not_applicable
EXP-03,SYNTHETIC EXPERIMENT,1741,full,664a150484ed2af3,c68fa5448714f757,"{""family_pair"": ""uniform_A_vs_B"", ""formal_policy_equal"": true, ""n_per_group"": 200000, ""subsidy"": 0.1}",uniform_A_vs_B,0.1,True,200000,theoretical_signed_tpr_gap,-0.07200000000000001,synthetic,ALL,not_applicable,not_applicable
EXP-03,SYNTHETIC EXPERIMENT,1741,full,664a150484ed2af3,e26808a1db4f8f6e,"{""family_pair"": ""uniform_A_vs_B"", ""formal_policy_equal"": true, ""n_per_group"": 200000, ""subsidy"": 0.2}",uniform_A_vs_B,0.2,True,200000,theoretical_signed_tpr_gap,-0.084,synthetic,ALL,not_applicable,not_applicable
EXP-03,SYNTHETIC EXPERIMENT,1741,full,664a150484ed2af3,e4cce325fbc99016,"{""family_pair"": ""uniform_A_vs_B"", ""formal_policy_equal"": true, ""n_per_group"": 200000, ""subsidy"": 0.3}",uniform_A_vs_B,0.3,True,200000,theoretical_signed_tpr_gap,-0.09600000000000003,synthetic,ALL,not_applicable,not_applicable
EXP-03,SYNTHETIC EXPERIMENT,1741,full,664a150484ed2af3,847cb4ae861f1800,"{""family_pair"": ""uniform_A_vs_B"", ""formal_policy_equal"": true, ""n_per_group"": 200000, ""subsidy"": 0.4}",uniform_A_vs_B,0.4,True,200000,theoretical_signed_tpr_gap,-0.10800000000000003,synthetic,ALL,not_applicable,not_applicable
EXP-03,SYNTHETIC EXPERIMENT,1741,full,664a150484ed2af3,5ff6f0304435b9b0,"{""family_pair"": ""uniform_A_vs_B"", ""formal_policy_equal"": true, ""n_per_group"": 200000, ""subsidy"": 0.5}",uniform_A_vs_B,0.5,True,200000,theoretical_signed_tpr_gap,-0.12000000000000002,synthetic,ALL,not_applicable,not_applicable
EXP-03,SYNTHETIC EXPERIMENT,1741,full,664a150484ed2af3,aa550840ce409a36,"{""family_pair"": ""uniform_A_vs_B"", ""formal_policy_equal"": true, ""n_per_group"": 200000, ""subsidy"": 0.6}",uniform_A_vs_B,0.6,True,200000,theoretical_signed_tpr_gap,-0.10800000000000001,synthetic,ALL,not_applicable,not_applicable
EXP-03,SYNTHETIC EXPERIMENT,1741,full,664a150484ed2af3,43bdd4beb9d65255,"{""family_pair"": ""uniform_A_vs_B"", ""formal_policy_equal"": true, ""n_per_group"": 200000, ""subsidy"": 0.7}",uniform_A_vs_B,0.7,True,200000,theoretical_signed_tpr_gap,-0.09600000000000003,synthetic,ALL,not_applicable,not_applicable
EXP-03,SYNTHETIC EXPERIMENT,1741,full,664a150484ed2af3,8a79fbeab60bfcf3,"{""family_pair"": ""uniform_A_vs_B"", ""formal_policy_equal"": true, ""n_per_group"": 200000, ""subsidy"": 0.8}",uniform_A_vs_B,0.8,True,200000,theoretical_signed_tpr_gap,-0.084,synthetic,ALL,not_applicable,not_applicable
EXP-03,SYNTHETIC EXPERIMENT,1741,full,664a150484ed2af3,06c5dc32861055c3,"{""family_pair"": ""uniform_A_vs_B"", ""formal_policy_equal"": true, ""n_per_group"": 200000, ""subsidy"": 0.9}",uniform_A_vs_B,0.9,True,200000,theoretical_signed_tpr_gap,-0.07200000000000002,synthetic,ALL,not_applicable,not_applicable
EXP-03,SYNTHETIC EXPERIMENT,1741,full,664a150484ed2af3,d1602228ad1c5976,"{""family_pair"": ""uniform_A_vs_B"", ""formal_policy_equal"": true, ""n_per_group"": 200000, ""subsidy"": 1.0}",uniform_A_vs_B,1.0,True,200000,theoretical_signed_tpr_gap,-0.06000000000000001,synthetic,ALL,not_applicable,not_applicable
EXP-03,SYNTHETIC EXPERIMENT,1741,full,664a150484ed2af3,c6279785591b770c,"{""family_pair"": ""uniform_A_vs_B"", ""formal_policy_equal"": true, ""n_per_group"": 200000, ""subsidy"": 1.25}",uniform_A_vs_B,1.25,True,200000,theoretical_signed_tpr_gap,-0.030000000000000006,synthetic,ALL,not_applicable,not_applicable
EXP-03,SYNTHETIC EXPERIMENT,1741,full,664a150484ed2af3,64b11792c16678de,"{""family_pair"": ""uniform_A_vs_B"", ""formal_policy_equal"": true, ""n_per_group"": 200000, ""subsidy"": 1.5}",uniform_A_vs_B,1.5,True,200000,theoretical_signed_tpr_gap,0.0,synthetic,ALL,not_applicable,not_applicable
EXP-03,SYNTHETIC EXPERIMENT,1741,full,664a150484ed2af3,00e12b52dcc2fc30,"{""family_pair"": ""uniform_A_vs_B"", ""formal_policy_equal"": true, ""n_per_group"": 200000, ""subsidy"": 1.75}",uniform_A_vs_B,1.75,True,200000,theoretical_signed_tpr_gap,0.0,synthetic,ALL,not_applicable,not_applicable
EXP-03,SYNTHETIC EXPERIMENT,1741,full,664a150484ed2af3,4f951f13ca9cbe5d,"{""family_pair"": ""uniform_A_vs_B"", ""formal_policy_equal"": true, ""n_per_group"": 200000, ""subsidy"": 2.0}",uniform_A_vs_B,2.0,True,200000,theoretical_signed_tpr_gap,0.0,synthetic,ALL,not_applicable,not_applicable
EXP-03,SYNTHETIC EXPERIMENT,1741,full,664a150484ed2af3,0a557b754e3f722f,"{""family_pair"": ""exponential_A_vs_B"", ""formal_policy_equal"": true, ""n_per_group"": 200000, ""subsidy"": 0.0}",exponential_A_vs_B,0.0,True,200000,theoretical_signed_tpr_gap,-0.04134482960610516,synthetic,ALL,not_applicable,not_applicable
EXP-03,SYNTHETIC EXPERIMENT,1741,full,664a150484ed2af3,0ac3541f9947d8b2,"{""family_pair"": ""exponential_A_vs_B"", ""formal_policy_equal"": true, ""n_per_group"": 200000, ""subsidy"": 0.1}",exponential_A_vs_B,0.1,True,200000,theoretical_signed_tpr_gap,-0.04608158030104595,synthetic,ALL,not_applicable,not_applicable
EXP-03,SYNTHETIC EXPERIMENT,1741,full,664a150484ed2af3,592295b88e9fa031,"{""family_pair"": ""exponential_A_vs_B"", ""formal_policy_equal"": true, ""n_per_group"": 200000, ""subsidy"": 0.2}",exponential_A_vs_B,0.2,True,200000,theoretical_signed_tpr_gap,-0.04994466862255295,synthetic,ALL,not_applicable,not_applicable
EXP-03,SYNTHETIC EXPERIMENT,1741,full,664a150484ed2af3,ab5f557f4f9bdef7,"{""family_pair"": ""exponential_A_vs_B"", ""formal_policy_equal"": true, ""n_per_group"": 200000, ""subsidy"": 0.3}",exponential_A_vs_B,0.3,True,200000,theoretical_signed_tpr_gap,-0.05303785966042026,synthetic,ALL,not_applicable,not_applicable
EXP-03,SYNTHETIC EXPERIMENT,1741,full,664a150484ed2af3,0b6afeb41c1f7f0a,"{""family_pair"": ""exponential_A_vs_B"", ""formal_policy_equal"": true, ""n_per_group"": 200000, ""subsidy"": 0.4}",exponential_A_vs_B,0.4,True,200000,theoretical_signed_tpr_gap,-0.05545403805148181,synthetic,ALL,not_applicable,not_applicable
EXP-03,SYNTHETIC EXPERIMENT,1741,full,664a150484ed2af3,887cb7d4f64085c6,"{""family_pair"": ""exponential_A_vs_B"", ""formal_policy_equal"": true, ""n_per_group"": 200000, ""subsidy"": 0.5}",exponential_A_vs_B,0.5,True,200000,theoretical_signed_tpr_gap,-0.05727629244988587,synthetic,ALL,not_applicable,not_applicable
EXP-03,SYNTHETIC EXPERIMENT,1741,full,664a150484ed2af3,cb3673825243bba1,"{""family_pair"": ""exponential_A_vs_B"", ""formal_policy_equal"": true, ""n_per_group"": 200000, ""subsidy"": 0.6}",exponential_A_vs_B,0.6,True,200000,theoretical_signed_tpr_gap,-0.058578894403777726,synthetic,ALL,not_applicable,not_applicable
EXP-03,SYNTHETIC EXPERIMENT,1741,full,664a150484ed2af3,195df8dece541350,"{""family_pair"": ""exponential_A_vs_B"", ""formal_policy_equal"": true, ""n_per_group"": 200000, ""subsidy"": 0.7}",exponential_A_vs_B,0.7,True,200000,theoretical_signed_tpr_gap,-0.05942818180363786,synthetic,ALL,not_applicable,not_applicable
EXP-03,SYNTHETIC EXPERIMENT,1741,full,664a150484ed2af3,70618ecb00cab6b5,"{""family_pair"": ""exponential_A_vs_B"", ""formal_policy_equal"": true, ""n_per_group"": 200000, ""subsidy"": 0.8}",exponential_A_vs_B,0.8,True,200000,theoretical_signed_tpr_gap,-0.05988335609448085,synthetic,ALL,not_applicable,not_applicable
EXP-03,SYNTHETIC EXPERIMENT,1741,full,664a150484ed2af3,1b7a341471ac317f,"{""family_pair"": ""exponential_A_vs_B"", ""formal_policy_equal"": true, ""n_per_group"": 200000, ""subsidy"": 0.9}",exponential_A_vs_B,0.9,True,200000,theoretical_signed_tpr_gap,-0.059997201563952746,synthetic,ALL,not_applicable,not_applicable
EXP-03,SYNTHETIC EXPERIMENT,1741,full,664a150484ed2af3,80ad9ba96da3aa6f,"{""family_pair"": ""exponential_A_vs_B"", ""formal_policy_equal"": true, ""n_per_group"": 200000, ""subsidy"": 1.0}",exponential_A_vs_B,1.0,True,200000,theoretical_signed_tpr_gap,-0.059816734222220384,synthetic,ALL,not_applicable,not_applicable
EXP-03,SYNTHETIC EXPERIMENT,1741,full,664a150484ed2af3,ffaef5c2ab07acd8,"{""family_pair"": ""exponential_A_vs_B"", ""formal_policy_equal"": true, ""n_per_group"": 200000, ""subsidy"": 1.25}",exponential_A_vs_B,1.25,True,200000,theoretical_signed_tpr_gap,-0.05834113829473522,synthetic,ALL,not_applicable,not_applicable
EXP-03,SYNTHETIC EXPERIMENT,1741,full,664a150484ed2af3,26ecb4ddd3649de0,"{""family_pair"": ""exponential_A_vs_B"", ""formal_policy_equal"": true, ""n_per_group"": 200000, ""subsidy"": 1.5}",exponential_A_vs_B,1.5,True,200000,theoretical_signed_tpr_gap,-0.055810597904359126,synthetic,ALL,not_applicable,not_applicable
EXP-03,SYNTHETIC EXPERIMENT,1741,full,664a150484ed2af3,673569926a45a05a,"{""family_pair"": ""exponential_A_vs_B"", ""formal_policy_equal"": true, ""n_per_group"": 200000, ""subsidy"": 1.75}",exponential_A_vs_B,1.75,True,200000,theoretical_signed_tpr_gap,-0.05262077827115651,synthetic,ALL,not_applicable,not_applicable
EXP-03,SYNTHETIC EXPERIMENT,1741,full,664a150484ed2af3,f0e6e0c672c2d0e5,"{""family_pair"": ""exponential_A_vs_B"", ""formal_policy_equal"": true, ""n_per_group"": 200000, ""subsidy"": 2.0}",exponential_A_vs_B,2.0,True,200000,theoretical_signed_tpr_gap,-0.04906075157670995,synthetic,ALL,not_applicable,not_applicable
EXP-03,SYNTHETIC EXPERIMENT,1741,full,664a150484ed2af3,b276b578d51daa1c,"{""family_pair"": ""logistic_A_vs_B"", ""formal_policy_equal"": true, ""n_per_group"": 200000, ""subsidy"": 0.0}",logistic_A_vs_B,0.0,True,200000,theoretical_signed_tpr_gap,-0.05545405887120119,synthetic,ALL,not_applicable,not_applicable
EXP-03,SYNTHETIC EXPERIMENT,1741,full,664a150484ed2af3,ffa52f5cb4396c03,"{""family_pair"": ""logistic_A_vs_B"", ""formal_policy_equal"": true, ""n_per_group"": 200000, ""subsidy"": 0.1}",logistic_A_vs_B,0.1,True,200000,theoretical_signed_tpr_gap,-0.05755403482562168,synthetic,ALL,not_applicable,not_applicable
EXP-03,SYNTHETIC EXPERIMENT,1741,full,664a150484ed2af3,b2d4133387a20256,"{""family_pair"": ""logistic_A_vs_B"", ""formal_policy_equal"": true, ""n_per_group"": 200000, ""subsidy"": 0.2}",logistic_A_vs_B,0.2,True,200000,theoretical_signed_tpr_gap,-0.0586425519211794,synthetic,ALL,not_applicable,not_applicable
EXP-03,SYNTHETIC EXPERIMENT,1741,full,664a150484ed2af3,9106292078060093,"{""family_pair"": ""logistic_A_vs_B"", ""formal_policy_equal"": true, ""n_per_group"": 200000, ""subsidy"": 0.3}",logistic_A_vs_B,0.3,True,200000,theoretical_signed_tpr_gap,-0.058642551921179384,synthetic,ALL,not_applicable,not_applicable
EXP-03,SYNTHETIC EXPERIMENT,1741,full,664a150484ed2af3,fe4afdbba7764cd6,"{""family_pair"": ""logistic_A_vs_B"", ""formal_policy_equal"": true, ""n_per_group"": 200000, ""subsidy"": 0.4}",logistic_A_vs_B,0.4,True,200000,theoretical_signed_tpr_gap,-0.05755403482562169,synthetic,ALL,not_applicable,not_applicable
EXP-03,SYNTHETIC EXPERIMENT,1741,full,664a150484ed2af3,19bceb8670eb268e,"{""family_pair"": ""logistic_A_vs_B"", ""formal_policy_equal"": true, ""n_per_group"": 200000, ""subsidy"": 0.5}",logistic_A_vs_B,0.5,True,200000,theoretical_signed_tpr_gap,-0.05545405887120119,synthetic,ALL,not_applicable,not_applicable
EXP-03,SYNTHETIC EXPERIMENT,1741,full,664a150484ed2af3,1ebb499b884bfebb,"{""family_pair"": ""logistic_A_vs_B"", ""formal_policy_equal"": true, ""n_per_group"": 200000, ""subsidy"": 0.6}",logistic_A_vs_B,0.6,True,200000,theoretical_signed_tpr_gap,-0.052485788684769566,synthetic,ALL,not_applicable,not_applicable
EXP-03,SYNTHETIC EXPERIMENT,1741,full,664a150484ed2af3,2d4a553f782b84ee,"{""family_pair"": ""logistic_A_vs_B"", ""formal_policy_equal"": true, ""n_per_group"": 200000, ""subsidy"": 0.7}",logistic_A_vs_B,0.7,True,200000,theoretical_signed_tpr_gap,-0.04883909482707113,synthetic,ALL,not_applicable,not_applicable
EXP-03,SYNTHETIC EXPERIMENT,1741,full,664a150484ed2af3,18f7de4d27d375fd,"{""family_pair"": ""logistic_A_vs_B"", ""formal_policy_equal"": true, ""n_per_group"": 200000, ""subsidy"": 0.8}",logistic_A_vs_B,0.8,True,200000,theoretical_signed_tpr_gap,-0.04472689893795098,synthetic,ALL,not_applicable,not_applicable
EXP-03,SYNTHETIC EXPERIMENT,1741,full,664a150484ed2af3,224922c21ee56a16,"{""family_pair"": ""logistic_A_vs_B"", ""formal_policy_equal"": true, ""n_per_group"": 200000, ""subsidy"": 0.9}",logistic_A_vs_B,0.9,True,200000,theoretical_signed_tpr_gap,-0.040361868953255955,synthetic,ALL,not_applicable,not_applicable
EXP-03,SYNTHETIC EXPERIMENT,1741,full,664a150484ed2af3,83e869194360d0b0,"{""family_pair"": ""logistic_A_vs_B"", ""formal_policy_equal"": true, ""n_per_group"": 200000, ""subsidy"": 1.0}",logistic_A_vs_B,1.0,True,200000,theoretical_signed_tpr_gap,-0.035937239843490586,synthetic,ALL,not_applicable,not_applicable
EXP-03,SYNTHETIC EXPERIMENT,1741,full,664a150484ed2af3,b6ef94d4c8fb9136,"{""family_pair"": ""logistic_A_vs_B"", ""formal_policy_equal"": true, ""n_per_group"": 200000, ""subsidy"": 1.25}",logistic_A_vs_B,1.25,True,200000,theoretical_signed_tpr_gap,-0.025576162508427102,synthetic,ALL,not_applicable,not_applicable
EXP-03,SYNTHETIC EXPERIMENT,1741,full,664a150484ed2af3,178605d93be8e7ac,"{""family_pair"": ""logistic_A_vs_B"", ""formal_policy_equal"": true, ""n_per_group"": 200000, ""subsidy"": 1.5}",logistic_A_vs_B,1.5,True,200000,theoretical_signed_tpr_gap,-0.017226491722692257,synthetic,ALL,not_applicable,not_applicable
EXP-03,SYNTHETIC EXPERIMENT,1741,full,664a150484ed2af3,ac1324cdc88202bb,"{""family_pair"": ""logistic_A_vs_B"", ""formal_policy_equal"": true, ""n_per_group"": 200000, ""subsidy"": 1.75}",logistic_A_vs_B,1.75,True,200000,theoretical_signed_tpr_gap,-0.011171027824772903,synthetic,ALL,not_applicable,not_applicable
EXP-03,SYNTHETIC EXPERIMENT,1741,full,664a150484ed2af3,0f8bee11addd1cd2,"{""family_pair"": ""logistic_A_vs_B"", ""formal_policy_equal"": true, ""n_per_group"": 200000, ""subsidy"": 2.0}",logistic_A_vs_B,2.0,True,200000,theoretical_signed_tpr_gap,-0.0070655191717140225,synthetic,ALL,not_applicable,not_applicable
EXP-03,SYNTHETIC EXPERIMENT,1741,full,664a150484ed2af3,e15565211775e638,"{""family_pair"": ""pareto_A_vs_B"", ""formal_policy_equal"": true, ""n_per_group"": 200000, ""subsidy"": 0.0}",pareto_A_vs_B,0.0,True,200000,theoretical_signed_tpr_gap,0.0,synthetic,ALL,not_applicable,not_applicable
EXP-03,SYNTHETIC EXPERIMENT,1741,full,664a150484ed2af3,14c4fa8917b3b1a6,"{""family_pair"": ""pareto_A_vs_B"", ""formal_policy_equal"": true, ""n_per_group"": 200000, ""subsidy"": 0.1}",pareto_A_vs_B,0.1,True,200000,theoretical_signed_tpr_gap,0.0,synthetic,ALL,not_applicable,not_applicable
EXP-03,SYNTHETIC EXPERIMENT,1741,full,664a150484ed2af3,baca0f123f4f68f8,"{""family_pair"": ""pareto_A_vs_B"", ""formal_policy_equal"": true, ""n_per_group"": 200000, ""subsidy"": 0.2}",pareto_A_vs_B,0.2,True,200000,theoretical_signed_tpr_gap,0.0,synthetic,ALL,not_applicable,not_applicable
EXP-03,SYNTHETIC EXPERIMENT,1741,full,664a150484ed2af3,84c05c52a6fcc86a,"{""family_pair"": ""pareto_A_vs_B"", ""formal_policy_equal"": true, ""n_per_group"": 200000, ""subsidy"": 0.3}",pareto_A_vs_B,0.3,True,200000,theoretical_signed_tpr_gap,0.0,synthetic,ALL,not_applicable,not_applicable
EXP-03,SYNTHETIC EXPERIMENT,1741,full,664a150484ed2af3,edf772fa32bff4ac,"{""family_pair"": ""pareto_A_vs_B"", ""formal_policy_equal"": true, ""n_per_group"": 200000, ""subsidy"": 0.4}",pareto_A_vs_B,0.4,True,200000,theoretical_signed_tpr_gap,0.0,synthetic,ALL,not_applicable,not_applicable
EXP-03,SYNTHETIC EXPERIMENT,1741,full,664a150484ed2af3,6beb74afdc0b0ebb,"{""family_pair"": ""pareto_A_vs_B"", ""formal_policy_equal"": true, ""n_per_group"": 200000, ""subsidy"": 0.5}",pareto_A_vs_B,0.5,True,200000,theoretical_signed_tpr_gap,0.0,synthetic,ALL,not_applicable,not_applicable
EXP-03,SYNTHETIC EXPERIMENT,1741,full,664a150484ed2af3,2768d4652bbfd10c,"{""family_pair"": ""pareto_A_vs_B"", ""formal_policy_equal"": true, ""n_per_group"": 200000, ""subsidy"": 0.6}",pareto_A_vs_B,0.6,True,200000,theoretical_signed_tpr_gap,-0.02771264907356878,synthetic,ALL,not_applicable,not_applicable
EXP-03,SYNTHETIC EXPERIMENT,1741,full,664a150484ed2af3,6720a925d5fe19b4,"{""family_pair"": ""pareto_A_vs_B"", ""formal_policy_equal"": true, ""n_per_group"": 200000, ""subsidy"": 0.7}",pareto_A_vs_B,0.7,True,200000,theoretical_signed_tpr_gap,-0.043685296946166484,synthetic,ALL,not_applicable,not_applicable
EXP-03,SYNTHETIC EXPERIMENT,1741,full,664a150484ed2af3,c312a5d530ac706c,"{""family_pair"": ""pareto_A_vs_B"", ""formal_policy_equal"": true, ""n_per_group"": 200000, ""subsidy"": 0.8}",pareto_A_vs_B,0.8,True,200000,theoretical_signed_tpr_gap,-0.05267853101089262,synthetic,ALL,not_applicable,not_applicable
EXP-03,SYNTHETIC EXPERIMENT,1741,full,664a150484ed2af3,2b0d5215ce435e30,"{""family_pair"": ""pareto_A_vs_B"", ""formal_policy_equal"": true, ""n_per_group"": 200000, ""subsidy"": 0.9}",pareto_A_vs_B,0.9,True,200000,theoretical_signed_tpr_gap,-0.05742002967357659,synthetic,ALL,not_applicable,not_applicable
EXP-03,SYNTHETIC EXPERIMENT,1741,full,664a150484ed2af3,46e19ce62c8603c7,"{""family_pair"": ""pareto_A_vs_B"", ""formal_policy_equal"": true, ""n_per_group"": 200000, ""subsidy"": 1.0}",pareto_A_vs_B,1.0,True,200000,theoretical_signed_tpr_gap,-0.05952834183732507,synthetic,ALL,not_applicable,not_applicable
EXP-03,SYNTHETIC EXPERIMENT,1741,full,664a150484ed2af3,8d8ead1dbd0a19ff,"{""family_pair"": ""pareto_A_vs_B"", ""formal_policy_equal"": true, ""n_per_group"": 200000, ""subsidy"": 1.25}",pareto_A_vs_B,1.25,True,200000,theoretical_signed_tpr_gap,-0.05888891434608775,synthetic,ALL,not_applicable,not_applicable
EXP-03,SYNTHETIC EXPERIMENT,1741,full,664a150484ed2af3,d454106141e4205b,"{""family_pair"": ""pareto_A_vs_B"", ""formal_policy_equal"": true, ""n_per_group"": 200000, ""subsidy"": 1.5}",pareto_A_vs_B,1.5,True,200000,theoretical_signed_tpr_gap,-0.05485281374238571,synthetic,ALL,not_applicable,not_applicable
EXP-03,SYNTHETIC EXPERIMENT,1741,full,664a150484ed2af3,3b091711aeda72ba,"{""family_pair"": ""pareto_A_vs_B"", ""formal_policy_equal"": true, ""n_per_group"": 200000, ""subsidy"": 1.75}",pareto_A_vs_B,1.75,True,200000,theoretical_signed_tpr_gap,-0.05004115226337449,synthetic,ALL,not_applicable,not_applicable
EXP-03,SYNTHETIC EXPERIMENT,1741,full,664a150484ed2af3,e1438ef1c7c46db3,"{""family_pair"": ""pareto_A_vs_B"", ""formal_policy_equal"": true, ""n_per_group"": 200000, ""subsidy"": 2.0}",pareto_A_vs_B,2.0,True,200000,theoretical_signed_tpr_gap,-0.0453557310752329,synthetic,ALL,not_applicable,not_applicable
EXP-03,SYNTHETIC EXPERIMENT,1741,full,664a150484ed2af3,4338615956f6d866,"{""family_pair"": ""uniform_A_vs_B"", ""formal_policy_equal"": true, ""n_per_group"": 200000, ""subsidy"": 0.0}",uniform_A_vs_B,0.0,True,200000,empirical_signed_tpr_gap,-0.06085499999999999,synthetic,ALL,not_applicable,not_applicable
EXP-03,SYNTHETIC EXPERIMENT,1741,full,664a150484ed2af3,c68fa5448714f757,"{""family_pair"": ""uniform_A_vs_B"", ""formal_policy_equal"": true, ""n_per_group"": 200000, ""subsidy"": 0.1}",uniform_A_vs_B,0.1,True,200000,empirical_signed_tpr_gap,-0.07221999999999998,synthetic,ALL,not_applicable,not_applicable
EXP-03,SYNTHETIC EXPERIMENT,1741,full,664a150484ed2af3,e26808a1db4f8f6e,"{""family_pair"": ""uniform_A_vs_B"", ""formal_policy_equal"": true, ""n_per_group"": 200000, ""subsidy"": 0.2}",uniform_A_vs_B,0.2,True,200000,empirical_signed_tpr_gap,-0.08535499999999999,synthetic,ALL,not_applicable,not_applicable
EXP-03,SYNTHETIC EXPERIMENT,1741,full,664a150484ed2af3,e4cce325fbc99016,"{""family_pair"": ""uniform_A_vs_B"", ""formal_policy_equal"": true, ""n_per_group"": 200000, ""subsidy"": 0.3}",uniform_A_vs_B,0.3,True,200000,empirical_signed_tpr_gap,-0.09689500000000001,synthetic,ALL,not_applicable,not_applicable
EXP-03,SYNTHETIC EXPERIMENT,1741,full,664a150484ed2af3,847cb4ae861f1800,"{""family_pair"": ""uniform_A_vs_B"", ""formal_policy_equal"": true, ""n_per_group"": 200000, ""subsidy"": 0.4}",uniform_A_vs_B,0.4,True,200000,empirical_signed_tpr_gap,-0.1084,synthetic,ALL,not_applicable,not_applicable
EXP-03,SYNTHETIC EXPERIMENT,1741,full,664a150484ed2af3,5ff6f0304435b9b0,"{""family_pair"": ""uniform_A_vs_B"", ""formal_policy_equal"": true, ""n_per_group"": 200000, ""subsidy"": 0.5}",uniform_A_vs_B,0.5,True,200000,empirical_signed_tpr_gap,-0.11810000000000001,synthetic,ALL,not_applicable,not_applicable
EXP-03,SYNTHETIC EXPERIMENT,1741,full,664a150484ed2af3,aa550840ce409a36,"{""family_pair"": ""uniform_A_vs_B"", ""formal_policy_equal"": true, ""n_per_group"": 200000, ""subsidy"": 0.6}",uniform_A_vs_B,0.6,True,200000,empirical_signed_tpr_gap,-0.10727,synthetic,ALL,not_applicable,not_applicable
EXP-03,SYNTHETIC EXPERIMENT,1741,full,664a150484ed2af3,43bdd4beb9d65255,"{""family_pair"": ""uniform_A_vs_B"", ""formal_policy_equal"": true, ""n_per_group"": 200000, ""subsidy"": 0.7}",uniform_A_vs_B,0.7,True,200000,empirical_signed_tpr_gap,-0.09672999999999998,synthetic,ALL,not_applicable,not_applicable
EXP-03,SYNTHETIC EXPERIMENT,1741,full,664a150484ed2af3,8a79fbeab60bfcf3,"{""family_pair"": ""uniform_A_vs_B"", ""formal_policy_equal"": true, ""n_per_group"": 200000, ""subsidy"": 0.8}",uniform_A_vs_B,0.8,True,200000,empirical_signed_tpr_gap,-0.08421499999999998,synthetic,ALL,not_applicable,not_applicable
EXP-03,SYNTHETIC EXPERIMENT,1741,full,664a150484ed2af3,06c5dc32861055c3,"{""family_pair"": ""uniform_A_vs_B"", ""formal_policy_equal"": true, ""n_per_group"": 200000, ""subsidy"": 0.9}",uniform_A_vs_B,0.9,True,200000,empirical_signed_tpr_gap,-0.070875,synthetic,ALL,not_applicable,not_applicable
EXP-03,SYNTHETIC EXPERIMENT,1741,full,664a150484ed2af3,d1602228ad1c5976,"{""family_pair"": ""uniform_A_vs_B"", ""formal_policy_equal"": true, ""n_per_group"": 200000, ""subsidy"": 1.0}",uniform_A_vs_B,1.0,True,200000,empirical_signed_tpr_gap,-0.060105000000000006,synthetic,ALL,not_applicable,not_applicable
EXP-03,SYNTHETIC EXPERIMENT,1741,full,664a150484ed2af3,c6279785591b770c,"{""family_pair"": ""uniform_A_vs_B"", ""formal_policy_equal"": true, ""n_per_group"": 200000, ""subsidy"": 1.25}",uniform_A_vs_B,1.25,True,200000,empirical_signed_tpr_gap,-0.029150000000000002,synthetic,ALL,not_applicable,not_applicable
EXP-03,SYNTHETIC EXPERIMENT,1741,full,664a150484ed2af3,64b11792c16678de,"{""family_pair"": ""uniform_A_vs_B"", ""formal_policy_equal"": true, ""n_per_group"": 200000, ""subsidy"": 1.5}",uniform_A_vs_B,1.5,True,200000,empirical_signed_tpr_gap,0.0008549999999999947,synthetic,ALL,not_applicable,not_applicable
EXP-03,SYNTHETIC EXPERIMENT,1741,full,664a150484ed2af3,00e12b52dcc2fc30,"{""family_pair"": ""uniform_A_vs_B"", ""formal_policy_equal"": true, ""n_per_group"": 200000, ""subsidy"": 1.75}",uniform_A_vs_B,1.75,True,200000,empirical_signed_tpr_gap,-0.0007300000000000015,synthetic,ALL,not_applicable,not_applicable
EXP-03,SYNTHETIC EXPERIMENT,1741,full,664a150484ed2af3,4f951f13ca9cbe5d,"{""family_pair"": ""uniform_A_vs_B"", ""formal_policy_equal"": true, ""n_per_group"": 200000, ""subsidy"": 2.0}",uniform_A_vs_B,2.0,True,200000,empirical_signed_tpr_gap,-0.0003999999999999976,synthetic,ALL,not_applicable,not_applicable
EXP-03,SYNTHETIC EXPERIMENT,1741,full,664a150484ed2af3,0a557b754e3f722f,"{""family_pair"": ""exponential_A_vs_B"", ""formal_policy_equal"": true, ""n_per_group"": 200000, ""subsidy"": 0.0}",exponential_A_vs_B,0.0,True,200000,empirical_signed_tpr_gap,-0.042185,synthetic,ALL,not_applicable,not_applicable
EXP-03,SYNTHETIC EXPERIMENT,1741,full,664a150484ed2af3,0ac3541f9947d8b2,"{""family_pair"": ""exponential_A_vs_B"", ""formal_policy_equal"": true, ""n_per_group"": 200000, ""subsidy"": 0.1}",exponential_A_vs_B,0.1,True,200000,empirical_signed_tpr_gap,-0.04374,synthetic,ALL,not_applicable,not_applicable
EXP-03,SYNTHETIC EXPERIMENT,1741,full,664a150484ed2af3,592295b88e9fa031,"{""family_pair"": ""exponential_A_vs_B"", ""formal_policy_equal"": true, ""n_per_group"": 200000, ""subsidy"": 0.2}",exponential_A_vs_B,0.2,True,200000,empirical_signed_tpr_gap,-0.05016000000000001,synthetic,ALL,not_applicable,not_applicable
EXP-03,SYNTHETIC EXPERIMENT,1741,full,664a150484ed2af3,ab5f557f4f9bdef7,"{""family_pair"": ""exponential_A_vs_B"", ""formal_policy_equal"": true, ""n_per_group"": 200000, ""subsidy"": 0.3}",exponential_A_vs_B,0.3,True,200000,empirical_signed_tpr_gap,-0.05244500000000002,synthetic,ALL,not_applicable,not_applicable
EXP-03,SYNTHETIC EXPERIMENT,1741,full,664a150484ed2af3,0b6afeb41c1f7f0a,"{""family_pair"": ""exponential_A_vs_B"", ""formal_policy_equal"": true, ""n_per_group"": 200000, ""subsidy"": 0.4}",exponential_A_vs_B,0.4,True,200000,empirical_signed_tpr_gap,-0.05584499999999998,synthetic,ALL,not_applicable,not_applicable
EXP-03,SYNTHETIC EXPERIMENT,1741,full,664a150484ed2af3,887cb7d4f64085c6,"{""family_pair"": ""exponential_A_vs_B"", ""formal_policy_equal"": true, ""n_per_group"": 200000, ""subsidy"": 0.5}",exponential_A_vs_B,0.5,True,200000,empirical_signed_tpr_gap,-0.057380000000000014,synthetic,ALL,not_applicable,not_applicable
EXP-03,SYNTHETIC EXPERIMENT,1741,full,664a150484ed2af3,cb3673825243bba1,"{""family_pair"": ""exponential_A_vs_B"", ""formal_policy_equal"": true, ""n_per_group"": 200000, ""subsidy"": 0.6}",exponential_A_vs_B,0.6,True,200000,empirical_signed_tpr_gap,-0.058145,synthetic,ALL,not_applicable,not_applicable
EXP-03,SYNTHETIC EXPERIMENT,1741,full,664a150484ed2af3,195df8dece541350,"{""family_pair"": ""exponential_A_vs_B"", ""formal_policy_equal"": true, ""n_per_group"": 200000, ""subsidy"": 0.7}",exponential_A_vs_B,0.7,True,200000,empirical_signed_tpr_gap,-0.06001000000000001,synthetic,ALL,not_applicable,not_applicable
EXP-03,SYNTHETIC EXPERIMENT,1741,full,664a150484ed2af3,70618ecb00cab6b5,"{""family_pair"": ""exponential_A_vs_B"", ""formal_policy_equal"": true, ""n_per_group"": 200000, ""subsidy"": 0.8}",exponential_A_vs_B,0.8,True,200000,empirical_signed_tpr_gap,-0.062119999999999995,synthetic,ALL,not_applicable,not_applicable
EXP-03,SYNTHETIC EXPERIMENT,1741,full,664a150484ed2af3,1b7a341471ac317f,"{""family_pair"": ""exponential_A_vs_B"", ""formal_policy_equal"": true, ""n_per_group"": 200000, ""subsidy"": 0.9}",exponential_A_vs_B,0.9,True,200000,empirical_signed_tpr_gap,-0.059905,synthetic,ALL,not_applicable,not_applicable
EXP-03,SYNTHETIC EXPERIMENT,1741,full,664a150484ed2af3,80ad9ba96da3aa6f,"{""family_pair"": ""exponential_A_vs_B"", ""formal_policy_equal"": true, ""n_per_group"": 200000, ""subsidy"": 1.0}",exponential_A_vs_B,1.0,True,200000,empirical_signed_tpr_gap,-0.0591,synthetic,ALL,not_applicable,not_applicable
EXP-03,SYNTHETIC EXPERIMENT,1741,full,664a150484ed2af3,ffaef5c2ab07acd8,"{""family_pair"": ""exponential_A_vs_B"", ""formal_policy_equal"": true, ""n_per_group"": 200000, ""subsidy"": 1.25}",exponential_A_vs_B,1.25,True,200000,empirical_signed_tpr_gap,-0.058585,synthetic,ALL,not_applicable,not_applicable
EXP-03,SYNTHETIC EXPERIMENT,1741,full,664a150484ed2af3,26ecb4ddd3649de0,"{""family_pair"": ""exponential_A_vs_B"", ""formal_policy_equal"": true, ""n_per_group"": 200000, ""subsidy"": 1.5}",exponential_A_vs_B,1.5,True,200000,empirical_signed_tpr_gap,-0.05452499999999999,synthetic,ALL,not_applicable,not_applicable
EXP-03,SYNTHETIC EXPERIMENT,1741,full,664a150484ed2af3,673569926a45a05a,"{""family_pair"": ""exponential_A_vs_B"", ""formal_policy_equal"": true, ""n_per_group"": 200000, ""subsidy"": 1.75}",exponential_A_vs_B,1.75,True,200000,empirical_signed_tpr_gap,-0.053114999999999996,synthetic,ALL,not_applicable,not_applicable
EXP-03,SYNTHETIC EXPERIMENT,1741,full,664a150484ed2af3,f0e6e0c672c2d0e5,"{""family_pair"": ""exponential_A_vs_B"", ""formal_policy_equal"": true, ""n_per_group"": 200000, ""subsidy"": 2.0}",exponential_A_vs_B,2.0,True,200000,empirical_signed_tpr_gap,-0.049060000000000006,synthetic,ALL,not_applicable,not_applicable
EXP-03,SYNTHETIC EXPERIMENT,1741,full,664a150484ed2af3,b276b578d51daa1c,"{""family_pair"": ""logistic_A_vs_B"", ""formal_policy_equal"": true, ""n_per_group"": 200000, ""subsidy"": 0.0}",logistic_A_vs_B,0.0,True,200000,empirical_signed_tpr_gap,-0.053595000000000004,synthetic,ALL,not_applicable,not_applicable
EXP-03,SYNTHETIC EXPERIMENT,1741,full,664a150484ed2af3,ffa52f5cb4396c03,"{""family_pair"": ""logistic_A_vs_B"", ""formal_policy_equal"": true, ""n_per_group"": 200000, ""subsidy"": 0.1}",logistic_A_vs_B,0.1,True,200000,empirical_signed_tpr_gap,-0.057444999999999996,synthetic,ALL,not_applicable,not_applicable
EXP-03,SYNTHETIC EXPERIMENT,1741,full,664a150484ed2af3,b2d4133387a20256,"{""family_pair"": ""logistic_A_vs_B"", ""formal_policy_equal"": true, ""n_per_group"": 200000, ""subsidy"": 0.2}",logistic_A_vs_B,0.2,True,200000,empirical_signed_tpr_gap,-0.05979000000000001,synthetic,ALL,not_applicable,not_applicable
EXP-03,SYNTHETIC EXPERIMENT,1741,full,664a150484ed2af3,9106292078060093,"{""family_pair"": ""logistic_A_vs_B"", ""formal_policy_equal"": true, ""n_per_group"": 200000, ""subsidy"": 0.3}",logistic_A_vs_B,0.3,True,200000,empirical_signed_tpr_gap,-0.05851999999999999,synthetic,ALL,not_applicable,not_applicable
EXP-03,SYNTHETIC EXPERIMENT,1741,full,664a150484ed2af3,fe4afdbba7764cd6,"{""family_pair"": ""logistic_A_vs_B"", ""formal_policy_equal"": true, ""n_per_group"": 200000, ""subsidy"": 0.4}",logistic_A_vs_B,0.4,True,200000,empirical_signed_tpr_gap,-0.05671000000000001,synthetic,ALL,not_applicable,not_applicable
EXP-03,SYNTHETIC EXPERIMENT,1741,full,664a150484ed2af3,19bceb8670eb268e,"{""family_pair"": ""logistic_A_vs_B"", ""formal_policy_equal"": true, ""n_per_group"": 200000, ""subsidy"": 0.5}",logistic_A_vs_B,0.5,True,200000,empirical_signed_tpr_gap,-0.05468999999999999,synthetic,ALL,not_applicable,not_applicable
EXP-03,SYNTHETIC EXPERIMENT,1741,full,664a150484ed2af3,1ebb499b884bfebb,"{""family_pair"": ""logistic_A_vs_B"", ""formal_policy_equal"": true, ""n_per_group"": 200000, ""subsidy"": 0.6}",logistic_A_vs_B,0.6,True,200000,empirical_signed_tpr_gap,-0.053434999999999996,synthetic,ALL,not_applicable,not_applicable
EXP-03,SYNTHETIC EXPERIMENT,1741,full,664a150484ed2af3,2d4a553f782b84ee,"{""family_pair"": ""logistic_A_vs_B"", ""formal_policy_equal"": true, ""n_per_group"": 200000, ""subsidy"": 0.7}",logistic_A_vs_B,0.7,True,200000,empirical_signed_tpr_gap,-0.050744999999999985,synthetic,ALL,not_applicable,not_applicable
EXP-03,SYNTHETIC EXPERIMENT,1741,full,664a150484ed2af3,18f7de4d27d375fd,"{""family_pair"": ""logistic_A_vs_B"", ""formal_policy_equal"": true, ""n_per_group"": 200000, ""subsidy"": 0.8}",logistic_A_vs_B,0.8,True,200000,empirical_signed_tpr_gap,-0.044310000000000016,synthetic,ALL,not_applicable,not_applicable
EXP-03,SYNTHETIC EXPERIMENT,1741,full,664a150484ed2af3,224922c21ee56a16,"{""family_pair"": ""logistic_A_vs_B"", ""formal_policy_equal"": true, ""n_per_group"": 200000, ""subsidy"": 0.9}",logistic_A_vs_B,0.9,True,200000,empirical_signed_tpr_gap,-0.040169999999999983,synthetic,ALL,not_applicable,not_applicable
EXP-03,SYNTHETIC EXPERIMENT,1741,full,664a150484ed2af3,83e869194360d0b0,"{""family_pair"": ""logistic_A_vs_B"", ""formal_policy_equal"": true, ""n_per_group"": 200000, ""subsidy"": 1.0}",logistic_A_vs_B,1.0,True,200000,empirical_signed_tpr_gap,-0.03500500000000001,synthetic,ALL,not_applicable,not_applicable
EXP-03,SYNTHETIC EXPERIMENT,1741,full,664a150484ed2af3,b6ef94d4c8fb9136,"{""family_pair"": ""logistic_A_vs_B"", ""formal_policy_equal"": true, ""n_per_group"": 200000, ""subsidy"": 1.25}",logistic_A_vs_B,1.25,True,200000,empirical_signed_tpr_gap,-0.025724999999999998,synthetic,ALL,not_applicable,not_applicable
EXP-03,SYNTHETIC EXPERIMENT,1741,full,664a150484ed2af3,178605d93be8e7ac,"{""family_pair"": ""logistic_A_vs_B"", ""formal_policy_equal"": true, ""n_per_group"": 200000, ""subsidy"": 1.5}",logistic_A_vs_B,1.5,True,200000,empirical_signed_tpr_gap,-0.01728500000000001,synthetic,ALL,not_applicable,not_applicable
EXP-03,SYNTHETIC EXPERIMENT,1741,full,664a150484ed2af3,ac1324cdc88202bb,"{""family_pair"": ""logistic_A_vs_B"", ""formal_policy_equal"": true, ""n_per_group"": 200000, ""subsidy"": 1.75}",logistic_A_vs_B,1.75,True,200000,empirical_signed_tpr_gap,-0.01088,synthetic,ALL,not_applicable,not_applicable
EXP-03,SYNTHETIC EXPERIMENT,1741,full,664a150484ed2af3,0f8bee11addd1cd2,"{""family_pair"": ""logistic_A_vs_B"", ""formal_policy_equal"": true, ""n_per_group"": 200000, ""subsidy"": 2.0}",logistic_A_vs_B,2.0,True,200000,empirical_signed_tpr_gap,-0.006710000000000008,synthetic,ALL,not_applicable,not_applicable
EXP-03,SYNTHETIC EXPERIMENT,1741,full,664a150484ed2af3,e15565211775e638,"{""family_pair"": ""pareto_A_vs_B"", ""formal_policy_equal"": true, ""n_per_group"": 200000, ""subsidy"": 0.0}",pareto_A_vs_B,0.0,True,200000,empirical_signed_tpr_gap,0.0029950000000000254,synthetic,ALL,not_applicable,not_applicable
EXP-03,SYNTHETIC EXPERIMENT,1741,full,664a150484ed2af3,14c4fa8917b3b1a6,"{""family_pair"": ""pareto_A_vs_B"", ""formal_policy_equal"": true, ""n_per_group"": 200000, ""subsidy"": 0.1}",pareto_A_vs_B,0.1,True,200000,empirical_signed_tpr_gap,-0.0020749999999999935,synthetic,ALL,not_applicable,not_applicable
EXP-03,SYNTHETIC EXPERIMENT,1741,full,664a150484ed2af3,baca0f123f4f68f8,"{""family_pair"": ""pareto_A_vs_B"", ""formal_policy_equal"": true, ""n_per_group"": 200000, ""subsidy"": 0.2}",pareto_A_vs_B,0.2,True,200000,empirical_signed_tpr_gap,0.0012949999999999906,synthetic,ALL,not_applicable,not_applicable
EXP-03,SYNTHETIC EXPERIMENT,1741,full,664a150484ed2af3,84c05c52a6fcc86a,"{""family_pair"": ""pareto_A_vs_B"", ""formal_policy_equal"": true, ""n_per_group"": 200000, ""subsidy"": 0.3}",pareto_A_vs_B,0.3,True,200000,empirical_signed_tpr_gap,0.001475000000000004,synthetic,ALL,not_applicable,not_applicable
EXP-03,SYNTHETIC EXPERIMENT,1741,full,664a150484ed2af3,edf772fa32bff4ac,"{""family_pair"": ""pareto_A_vs_B"", ""formal_policy_equal"": true, ""n_per_group"": 200000, ""subsidy"": 0.4}",pareto_A_vs_B,0.4,True,200000,empirical_signed_tpr_gap,-0.0005200000000000204,synthetic,ALL,not_applicable,not_applicable
EXP-03,SYNTHETIC EXPERIMENT,1741,full,664a150484ed2af3,6beb74afdc0b0ebb,"{""family_pair"": ""pareto_A_vs_B"", ""formal_policy_equal"": true, ""n_per_group"": 200000, ""subsidy"": 0.5}",pareto_A_vs_B,0.5,True,200000,empirical_signed_tpr_gap,0.0003949999999999787,synthetic,ALL,not_applicable,not_applicable
EXP-03,SYNTHETIC EXPERIMENT,1741,full,664a150484ed2af3,2768d4652bbfd10c,"{""family_pair"": ""pareto_A_vs_B"", ""formal_policy_equal"": true, ""n_per_group"": 200000, ""subsidy"": 0.6}",pareto_A_vs_B,0.6,True,200000,empirical_signed_tpr_gap,-0.024750000000000022,synthetic,ALL,not_applicable,not_applicable
EXP-03,SYNTHETIC EXPERIMENT,1741,full,664a150484ed2af3,6720a925d5fe19b4,"{""family_pair"": ""pareto_A_vs_B"", ""formal_policy_equal"": true, ""n_per_group"": 200000, ""subsidy"": 0.7}",pareto_A_vs_B,0.7,True,200000,empirical_signed_tpr_gap,-0.04392499999999999,synthetic,ALL,not_applicable,not_applicable
EXP-03,SYNTHETIC EXPERIMENT,1741,full,664a150484ed2af3,c312a5d530ac706c,"{""family_pair"": ""pareto_A_vs_B"", ""formal_policy_equal"": true, ""n_per_group"": 200000, ""subsidy"": 0.8}",pareto_A_vs_B,0.8,True,200000,empirical_signed_tpr_gap,-0.05102499999999999,synthetic,ALL,not_applicable,not_applicable
EXP-03,SYNTHETIC EXPERIMENT,1741,full,664a150484ed2af3,2b0d5215ce435e30,"{""family_pair"": ""pareto_A_vs_B"", ""formal_policy_equal"": true, ""n_per_group"": 200000, ""subsidy"": 0.9}",pareto_A_vs_B,0.9,True,200000,empirical_signed_tpr_gap,-0.05695,synthetic,ALL,not_applicable,not_applicable
EXP-03,SYNTHETIC EXPERIMENT,1741,full,664a150484ed2af3,46e19ce62c8603c7,"{""family_pair"": ""pareto_A_vs_B"", ""formal_policy_equal"": true, ""n_per_group"": 200000, ""subsidy"": 1.0}",pareto_A_vs_B,1.0,True,200000,empirical_signed_tpr_gap,-0.06238000000000002,synthetic,ALL,not_applicable,not_applicable
EXP-03,SYNTHETIC EXPERIMENT,1741,full,664a150484ed2af3,8d8ead1dbd0a19ff,"{""family_pair"": ""pareto_A_vs_B"", ""formal_policy_equal"": true, ""n_per_group"": 200000, ""subsidy"": 1.25}",pareto_A_vs_B,1.25,True,200000,empirical_signed_tpr_gap,-0.06021,synthetic,ALL,not_applicable,not_applicable
EXP-03,SYNTHETIC EXPERIMENT,1741,full,664a150484ed2af3,d454106141e4205b,"{""family_pair"": ""pareto_A_vs_B"", ""formal_policy_equal"": true, ""n_per_group"": 200000, ""subsidy"": 1.5}",pareto_A_vs_B,1.5,True,200000,empirical_signed_tpr_gap,-0.05734500000000001,synthetic,ALL,not_applicable,not_applicable
EXP-03,SYNTHETIC EXPERIMENT,1741,full,664a150484ed2af3,3b091711aeda72ba,"{""family_pair"": ""pareto_A_vs_B"", ""formal_policy_equal"": true, ""n_per_group"": 200000, ""subsidy"": 1.75}",pareto_A_vs_B,1.75,True,200000,empirical_signed_tpr_gap,-0.04943500000000001,synthetic,ALL,not_applicable,not_applicable
EXP-03,SYNTHETIC EXPERIMENT,1741,full,664a150484ed2af3,e1438ef1c7c46db3,"{""family_pair"": ""pareto_A_vs_B"", ""formal_policy_equal"": true, ""n_per_group"": 200000, ""subsidy"": 2.0}",pareto_A_vs_B,2.0,True,200000,empirical_signed_tpr_gap,-0.045770000000000005,synthetic,ALL,not_applicable,not_applicable
EXP-03,SYNTHETIC EXPERIMENT,1741,full,664a150484ed2af3,4338615956f6d866,"{""family_pair"": ""uniform_A_vs_B"", ""formal_policy_equal"": true, ""n_per_group"": 200000, ""subsidy"": 0.0}",uniform_A_vs_B,0.0,True,200000,absolute_error,0.0008549999999999808,synthetic,ALL,not_applicable,not_applicable
EXP-03,SYNTHETIC EXPERIMENT,1741,full,664a150484ed2af3,c68fa5448714f757,"{""family_pair"": ""uniform_A_vs_B"", ""formal_policy_equal"": true, ""n_per_group"": 200000, ""subsidy"": 0.1}",uniform_A_vs_B,0.1,True,200000,absolute_error,0.00021999999999997022,synthetic,ALL,not_applicable,not_applicable
EXP-03,SYNTHETIC EXPERIMENT,1741,full,664a150484ed2af3,e26808a1db4f8f6e,"{""family_pair"": ""uniform_A_vs_B"", ""formal_policy_equal"": true, ""n_per_group"": 200000, ""subsidy"": 0.2}",uniform_A_vs_B,0.2,True,200000,absolute_error,0.0013549999999999812,synthetic,ALL,not_applicable,not_applicable
EXP-03,SYNTHETIC EXPERIMENT,1741,full,664a150484ed2af3,e4cce325fbc99016,"{""family_pair"": ""uniform_A_vs_B"", ""formal_policy_equal"": true, ""n_per_group"": 200000, ""subsidy"": 0.3}",uniform_A_vs_B,0.3,True,200000,absolute_error,0.0008949999999999791,synthetic,ALL,not_applicable,not_applicable
EXP-03,SYNTHETIC EXPERIMENT,1741,full,664a150484ed2af3,847cb4ae861f1800,"{""family_pair"": ""uniform_A_vs_B"", ""formal_policy_equal"": true, ""n_per_group"": 200000, ""subsidy"": 0.4}",uniform_A_vs_B,0.4,True,200000,absolute_error,0.0003999999999999698,synthetic,ALL,not_applicable,not_applicable
EXP-03,SYNTHETIC EXPERIMENT,1741,full,664a150484ed2af3,5ff6f0304435b9b0,"{""family_pair"": ""uniform_A_vs_B"", ""formal_policy_equal"": true, ""n_per_group"": 200000, ""subsidy"": 0.5}",uniform_A_vs_B,0.5,True,200000,absolute_error,0.0019000000000000128,synthetic,ALL,not_applicable,not_applicable
EXP-03,SYNTHETIC EXPERIMENT,1741,full,664a150484ed2af3,aa550840ce409a36,"{""family_pair"": ""uniform_A_vs_B"", ""formal_policy_equal"": true, ""n_per_group"": 200000, ""subsidy"": 0.6}",uniform_A_vs_B,0.6,True,200000,absolute_error,0.0007300000000000084,synthetic,ALL,not_applicable,not_applicable
EXP-03,SYNTHETIC EXPERIMENT,1741,full,664a150484ed2af3,43bdd4beb9d65255,"{""family_pair"": ""uniform_A_vs_B"", ""formal_policy_equal"": true, ""n_per_group"": 200000, ""subsidy"": 0.7}",uniform_A_vs_B,0.7,True,200000,absolute_error,0.0007299999999999529,synthetic,ALL,not_applicable,not_applicable
EXP-03,SYNTHETIC EXPERIMENT,1741,full,664a150484ed2af3,8a79fbeab60bfcf3,"{""family_pair"": ""uniform_A_vs_B"", ""formal_policy_equal"": true, ""n_per_group"": 200000, ""subsidy"": 0.8}",uniform_A_vs_B,0.8,True,200000,absolute_error,0.0002149999999999791,synthetic,ALL,not_applicable,not_applicable
EXP-03,SYNTHETIC EXPERIMENT,1741,full,664a150484ed2af3,06c5dc32861055c3,"{""family_pair"": ""uniform_A_vs_B"", ""formal_policy_equal"": true, ""n_per_group"": 200000, ""subsidy"": 0.9}",uniform_A_vs_B,0.9,True,200000,absolute_error,0.0011250000000000288,synthetic,ALL,not_applicable,not_applicable
EXP-03,SYNTHETIC EXPERIMENT,1741,full,664a150484ed2af3,d1602228ad1c5976,"{""family_pair"": ""uniform_A_vs_B"", ""formal_policy_equal"": true, ""n_per_group"": 200000, ""subsidy"": 1.0}",uniform_A_vs_B,1.0,True,200000,absolute_error,0.00010499999999999399,synthetic,ALL,not_applicable,not_applicable
EXP-03,SYNTHETIC EXPERIMENT,1741,full,664a150484ed2af3,c6279785591b770c,"{""family_pair"": ""uniform_A_vs_B"", ""formal_policy_equal"": true, ""n_per_group"": 200000, ""subsidy"": 1.25}",uniform_A_vs_B,1.25,True,200000,absolute_error,0.0008500000000000035,synthetic,ALL,not_applicable,not_applicable
EXP-03,SYNTHETIC EXPERIMENT,1741,full,664a150484ed2af3,64b11792c16678de,"{""family_pair"": ""uniform_A_vs_B"", ""formal_policy_equal"": true, ""n_per_group"": 200000, ""subsidy"": 1.5}",uniform_A_vs_B,1.5,True,200000,absolute_error,0.0008549999999999947,synthetic,ALL,not_applicable,not_applicable
EXP-03,SYNTHETIC EXPERIMENT,1741,full,664a150484ed2af3,00e12b52dcc2fc30,"{""family_pair"": ""uniform_A_vs_B"", ""formal_policy_equal"": true, ""n_per_group"": 200000, ""subsidy"": 1.75}",uniform_A_vs_B,1.75,True,200000,absolute_error,0.0007300000000000015,synthetic,ALL,not_applicable,not_applicable
EXP-03,SYNTHETIC EXPERIMENT,1741,full,664a150484ed2af3,4f951f13ca9cbe5d,"{""family_pair"": ""uniform_A_vs_B"", ""formal_policy_equal"": true, ""n_per_group"": 200000, ""subsidy"": 2.0}",uniform_A_vs_B,2.0,True,200000,absolute_error,0.0003999999999999976,synthetic,ALL,not_applicable,not_applicable
EXP-03,SYNTHETIC EXPERIMENT,1741,full,664a150484ed2af3,0a557b754e3f722f,"{""family_pair"": ""exponential_A_vs_B"", ""formal_policy_equal"": true, ""n_per_group"": 200000, ""subsidy"": 0.0}",exponential_A_vs_B,0.0,True,200000,absolute_error,0.0008401703938948415,synthetic,ALL,not_applicable,not_applicable
EXP-03,SYNTHETIC EXPERIMENT,1741,full,664a150484ed2af3,0ac3541f9947d8b2,"{""family_pair"": ""exponential_A_vs_B"", ""formal_policy_equal"": true, ""n_per_group"": 200000, ""subsidy"": 0.1}",exponential_A_vs_B,0.1,True,200000,absolute_error,0.002341580301045948,synthetic,ALL,not_applicable,not_applicable
EXP-03,SYNTHETIC EXPERIMENT,1741,full,664a150484ed2af3,592295b88e9fa031,"{""family_pair"": ""exponential_A_vs_B"", ""formal_policy_equal"": true, ""n_per_group"": 200000, ""subsidy"": 0.2}",exponential_A_vs_B,0.2,True,200000,absolute_error,0.00021533137744705888,synthetic,ALL,not_applicable,not_applicable
EXP-03,SYNTHETIC EXPERIMENT,1741,full,664a150484ed2af3,ab5f557f4f9bdef7,"{""family_pair"": ""exponential_A_vs_B"", ""formal_policy_equal"": true, ""n_per_group"": 200000, ""subsidy"": 0.3}",exponential_A_vs_B,0.3,True,200000,absolute_error,0.0005928596604202405,synthetic,ALL,not_applicable,not_applicable
EXP-03,SYNTHETIC EXPERIMENT,1741,full,664a150484ed2af3,0b6afeb41c1f7f0a,"{""family_pair"": ""exponential_A_vs_B"", ""formal_policy_equal"": true, ""n_per_group"": 200000, ""subsidy"": 0.4}",exponential_A_vs_B,0.4,True,200000,absolute_error,0.00039096194851816896,synthetic,ALL,not_applicable,not_applicable
EXP-03,SYNTHETIC EXPERIMENT,1741,full,664a150484ed2af3,887cb7d4f64085c6,"{""family_pair"": ""exponential_A_vs_B"", ""formal_policy_equal"": true, ""n_per_group"": 200000, ""subsidy"": 0.5}",exponential_A_vs_B,0.5,True,200000,absolute_error,0.00010370755011414323,synthetic,ALL,not_applicable,not_applicable
EXP-03,SYNTHETIC EXPERIMENT,1741,full,664a150484ed2af3,cb3673825243bba1,"{""family_pair"": ""exponential_A_vs_B"", ""formal_policy_equal"": true, ""n_per_group"": 200000, ""subsidy"": 0.6}",exponential_A_vs_B,0.6,True,200000,absolute_error,0.0004338944037777237,synthetic,ALL,not_applicable,not_applicable
EXP-03,SYNTHETIC EXPERIMENT,1741,full,664a150484ed2af3,195df8dece541350,"{""family_pair"": ""exponential_A_vs_B"", ""formal_policy_equal"": true, ""n_per_group"": 200000, ""subsidy"": 0.7}",exponential_A_vs_B,0.7,True,200000,absolute_error,0.0005818181963621466,synthetic,ALL,not_applicable,not_applicable
EXP-03,SYNTHETIC EXPERIMENT,1741,full,664a150484ed2af3,70618ecb00cab6b5,"{""family_pair"": ""exponential_A_vs_B"", ""formal_policy_equal"": true, ""n_per_group"": 200000, ""subsidy"": 0.8}",exponential_A_vs_B,0.8,True,200000,absolute_error,0.0022366439055191423,synthetic,ALL,not_applicable,not_applicable
EXP-03,SYNTHETIC EXPERIMENT,1741,full,664a150484ed2af3,1b7a341471ac317f,"{""family_pair"": ""exponential_A_vs_B"", ""formal_policy_equal"": true, ""n_per_group"": 200000, ""subsidy"": 0.9}",exponential_A_vs_B,0.9,True,200000,absolute_error,9.22015639527457e-05,synthetic,ALL,not_applicable,not_applicable
EXP-03,SYNTHETIC EXPERIMENT,1741,full,664a150484ed2af3,80ad9ba96da3aa6f,"{""family_pair"": ""exponential_A_vs_B"", ""formal_policy_equal"": true, ""n_per_group"": 200000, ""subsidy"": 1.0}",exponential_A_vs_B,1.0,True,200000,absolute_error,0.0007167342222203846,synthetic,ALL,not_applicable,not_applicable
EXP-03,SYNTHETIC EXPERIMENT,1741,full,664a150484ed2af3,ffaef5c2ab07acd8,"{""family_pair"": ""exponential_A_vs_B"", ""formal_policy_equal"": true, ""n_per_group"": 200000, ""subsidy"": 1.25}",exponential_A_vs_B,1.25,True,200000,absolute_error,0.00024386170526477513,synthetic,ALL,not_applicable,not_applicable
EXP-03,SYNTHETIC EXPERIMENT,1741,full,664a150484ed2af3,26ecb4ddd3649de0,"{""family_pair"": ""exponential_A_vs_B"", ""formal_policy_equal"": true, ""n_per_group"": 200000, ""subsidy"": 1.5}",exponential_A_vs_B,1.5,True,200000,absolute_error,0.0012855979043591356,synthetic,ALL,not_applicable,not_applicable
EXP-03,SYNTHETIC EXPERIMENT,1741,full,664a150484ed2af3,673569926a45a05a,"{""family_pair"": ""exponential_A_vs_B"", ""formal_policy_equal"": true, ""n_per_group"": 200000, ""subsidy"": 1.75}",exponential_A_vs_B,1.75,True,200000,absolute_error,0.0004942217288434886,synthetic,ALL,not_applicable,not_applicable
EXP-03,SYNTHETIC EXPERIMENT,1741,full,664a150484ed2af3,f0e6e0c672c2d0e5,"{""family_pair"": ""exponential_A_vs_B"", ""formal_policy_equal"": true, ""n_per_group"": 200000, ""subsidy"": 2.0}",exponential_A_vs_B,2.0,True,200000,absolute_error,7.51576709943913e-07,synthetic,ALL,not_applicable,not_applicable
EXP-03,SYNTHETIC EXPERIMENT,1741,full,664a150484ed2af3,b276b578d51daa1c,"{""family_pair"": ""logistic_A_vs_B"", ""formal_policy_equal"": true, ""n_per_group"": 200000, ""subsidy"": 0.0}",logistic_A_vs_B,0.0,True,200000,absolute_error,0.0018590588712011843,synthetic,ALL,not_applicable,not_applicable
EXP-03,SYNTHETIC EXPERIMENT,1741,full,664a150484ed2af3,ffa52f5cb4396c03,"{""family_pair"": ""logistic_A_vs_B"", ""formal_policy_equal"": true, ""n_per_group"": 200000, ""subsidy"": 0.1}",logistic_A_vs_B,0.1,True,200000,absolute_error,0.00010903482562168304,synthetic,ALL,not_applicable,not_applicable
EXP-03,SYNTHETIC EXPERIMENT,1741,full,664a150484ed2af3,b2d4133387a20256,"{""family_pair"": ""logistic_A_vs_B"", ""formal_policy_equal"": true, ""n_per_group"": 200000, ""subsidy"": 0.2}",logistic_A_vs_B,0.2,True,200000,absolute_error,0.001147448078820612,synthetic,ALL,not_applicable,not_applicable
EXP-03,SYNTHETIC EXPERIMENT,1741,full,664a150484ed2af3,9106292078060093,"{""family_pair"": ""logistic_A_vs_B"", ""formal_policy_equal"": true, ""n_per_group"": 200000, ""subsidy"": 0.3}",logistic_A_vs_B,0.3,True,200000,absolute_error,0.00012255192117939517,synthetic,ALL,not_applicable,not_applicable
EXP-03,SYNTHETIC EXPERIMENT,1741,full,664a150484ed2af3,fe4afdbba7764cd6,"{""family_pair"": ""logistic_A_vs_B"", ""formal_policy_equal"": true, ""n_per_group"": 200000, ""subsidy"": 0.4}",logistic_A_vs_B,0.4,True,200000,absolute_error,0.0008440348256216826,synthetic,ALL,not_applicable,not_applicable
EXP-03,SYNTHETIC EXPERIMENT,1741,full,664a150484ed2af3,19bceb8670eb268e,"{""family_pair"": ""logistic_A_vs_B"", ""formal_policy_equal"": true, ""n_per_group"": 200000, ""subsidy"": 0.5}",logistic_A_vs_B,0.5,True,200000,absolute_error,0.0007640588712011995,synthetic,ALL,not_applicable,not_applicable
EXP-03,SYNTHETIC EXPERIMENT,1741,full,664a150484ed2af3,1ebb499b884bfebb,"{""family_pair"": ""logistic_A_vs_B"", ""formal_policy_equal"": true, ""n_per_group"": 200000, ""subsidy"": 0.6}",logistic_A_vs_B,0.6,True,200000,absolute_error,0.0009492113152304305,synthetic,ALL,not_applicable,not_applicable
EXP-03,SYNTHETIC EXPERIMENT,1741,full,664a150484ed2af3,2d4a553f782b84ee,"{""family_pair"": ""logistic_A_vs_B"", ""formal_policy_equal"": true, ""n_per_group"": 200000, ""subsidy"": 0.7}",logistic_A_vs_B,0.7,True,200000,absolute_error,0.0019059051729288512,synthetic,ALL,not_applicable,not_applicable
EXP-03,SYNTHETIC EXPERIMENT,1741,full,664a150484ed2af3,18f7de4d27d375fd,"{""family_pair"": ""logistic_A_vs_B"", ""formal_policy_equal"": true, ""n_per_group"": 200000, ""subsidy"": 0.8}",logistic_A_vs_B,0.8,True,200000,absolute_error,0.0004168989379509658,synthetic,ALL,not_applicable,not_applicable
EXP-03,SYNTHETIC EXPERIMENT,1741,full,664a150484ed2af3,224922c21ee56a16,"{""family_pair"": ""logistic_A_vs_B"", ""formal_policy_equal"": true, ""n_per_group"": 200000, ""subsidy"": 0.9}",logistic_A_vs_B,0.9,True,200000,absolute_error,0.00019186895325597197,synthetic,ALL,not_applicable,not_applicable
EXP-03,SYNTHETIC EXPERIMENT,1741,full,664a150484ed2af3,83e869194360d0b0,"{""family_pair"": ""logistic_A_vs_B"", ""formal_policy_equal"": true, ""n_per_group"": 200000, ""subsidy"": 1.0}",logistic_A_vs_B,1.0,True,200000,absolute_error,0.0009322398434905774,synthetic,ALL,not_applicable,not_applicable
EXP-03,SYNTHETIC EXPERIMENT,1741,full,664a150484ed2af3,b6ef94d4c8fb9136,"{""family_pair"": ""logistic_A_vs_B"", ""formal_policy_equal"": true, ""n_per_group"": 200000, ""subsidy"": 1.25}",logistic_A_vs_B,1.25,True,200000,absolute_error,0.00014883749157289586,synthetic,ALL,not_applicable,not_applicable
EXP-03,SYNTHETIC EXPERIMENT,1741,full,664a150484ed2af3,178605d93be8e7ac,"{""family_pair"": ""logistic_A_vs_B"", ""formal_policy_equal"": true, ""n_per_group"": 200000, ""subsidy"": 1.5}",logistic_A_vs_B,1.5,True,200000,absolute_error,5.850827730775193e-05,synthetic,ALL,not_applicable,not_applicable
EXP-03,SYNTHETIC EXPERIMENT,1741,full,664a150484ed2af3,ac1324cdc88202bb,"{""family_pair"": ""logistic_A_vs_B"", ""formal_policy_equal"": true, ""n_per_group"": 200000, ""subsidy"": 1.75}",logistic_A_vs_B,1.75,True,200000,absolute_error,0.000291027824772902,synthetic,ALL,not_applicable,not_applicable
EXP-03,SYNTHETIC EXPERIMENT,1741,full,664a150484ed2af3,0f8bee11addd1cd2,"{""family_pair"": ""logistic_A_vs_B"", ""formal_policy_equal"": true, ""n_per_group"": 200000, ""subsidy"": 2.0}",logistic_A_vs_B,2.0,True,200000,absolute_error,0.00035551917171401486,synthetic,ALL,not_applicable,not_applicable
EXP-03,SYNTHETIC EXPERIMENT,1741,full,664a150484ed2af3,e15565211775e638,"{""family_pair"": ""pareto_A_vs_B"", ""formal_policy_equal"": true, ""n_per_group"": 200000, ""subsidy"": 0.0}",pareto_A_vs_B,0.0,True,200000,absolute_error,0.0029950000000000254,synthetic,ALL,not_applicable,not_applicable
EXP-03,SYNTHETIC EXPERIMENT,1741,full,664a150484ed2af3,14c4fa8917b3b1a6,"{""family_pair"": ""pareto_A_vs_B"", ""formal_policy_equal"": true, ""n_per_group"": 200000, ""subsidy"": 0.1}",pareto_A_vs_B,0.1,True,200000,absolute_error,0.0020749999999999935,synthetic,ALL,not_applicable,not_applicable
EXP-03,SYNTHETIC EXPERIMENT,1741,full,664a150484ed2af3,baca0f123f4f68f8,"{""family_pair"": ""pareto_A_vs_B"", ""formal_policy_equal"": true, ""n_per_group"": 200000, ""subsidy"": 0.2}",pareto_A_vs_B,0.2,True,200000,absolute_error,0.0012949999999999906,synthetic,ALL,not_applicable,not_applicable
EXP-03,SYNTHETIC EXPERIMENT,1741,full,664a150484ed2af3,84c05c52a6fcc86a,"{""family_pair"": ""pareto_A_vs_B"", ""formal_policy_equal"": true, ""n_per_group"": 200000, ""subsidy"": 0.3}",pareto_A_vs_B,0.3,True,200000,absolute_error,0.001475000000000004,synthetic,ALL,not_applicable,not_applicable
EXP-03,SYNTHETIC EXPERIMENT,1741,full,664a150484ed2af3,edf772fa32bff4ac,"{""family_pair"": ""pareto_A_vs_B"", ""formal_policy_equal"": true, ""n_per_group"": 200000, ""subsidy"": 0.4}",pareto_A_vs_B,0.4,True,200000,absolute_error,0.0005200000000000204,synthetic,ALL,not_applicable,not_applicable
EXP-03,SYNTHETIC EXPERIMENT,1741,full,664a150484ed2af3,6beb74afdc0b0ebb,"{""family_pair"": ""pareto_A_vs_B"", ""formal_policy_equal"": true, ""n_per_group"": 200000, ""subsidy"": 0.5}",pareto_A_vs_B,0.5,True,200000,absolute_error,0.0003949999999999787,synthetic,ALL,not_applicable,not_applicable
EXP-03,SYNTHETIC EXPERIMENT,1741,full,664a150484ed2af3,2768d4652bbfd10c,"{""family_pair"": ""pareto_A_vs_B"", ""formal_policy_equal"": true, ""n_per_group"": 200000, ""subsidy"": 0.6}",pareto_A_vs_B,0.6,True,200000,absolute_error,0.0029626490735687565,synthetic,ALL,not_applicable,not_applicable
EXP-03,SYNTHETIC EXPERIMENT,1741,full,664a150484ed2af3,6720a925d5fe19b4,"{""family_pair"": ""pareto_A_vs_B"", ""formal_policy_equal"": true, ""n_per_group"": 200000, ""subsidy"": 0.7}",pareto_A_vs_B,0.7,True,200000,absolute_error,0.00023970305383350793,synthetic,ALL,not_applicable,not_applicable
EXP-03,SYNTHETIC EXPERIMENT,1741,full,664a150484ed2af3,c312a5d530ac706c,"{""family_pair"": ""pareto_A_vs_B"", ""formal_policy_equal"": true, ""n_per_group"": 200000, ""subsidy"": 0.8}",pareto_A_vs_B,0.8,True,200000,absolute_error,0.0016535310108926338,synthetic,ALL,not_applicable,not_applicable
EXP-03,SYNTHETIC EXPERIMENT,1741,full,664a150484ed2af3,2b0d5215ce435e30,"{""family_pair"": ""pareto_A_vs_B"", ""formal_policy_equal"": true, ""n_per_group"": 200000, ""subsidy"": 0.9}",pareto_A_vs_B,0.9,True,200000,absolute_error,0.00047002967357658715,synthetic,ALL,not_applicable,not_applicable
EXP-03,SYNTHETIC EXPERIMENT,1741,full,664a150484ed2af3,46e19ce62c8603c7,"{""family_pair"": ""pareto_A_vs_B"", ""formal_policy_equal"": true, ""n_per_group"": 200000, ""subsidy"": 1.0}",pareto_A_vs_B,1.0,True,200000,absolute_error,0.00285165816267495,synthetic,ALL,not_applicable,not_applicable
EXP-03,SYNTHETIC EXPERIMENT,1741,full,664a150484ed2af3,8d8ead1dbd0a19ff,"{""family_pair"": ""pareto_A_vs_B"", ""formal_policy_equal"": true, ""n_per_group"": 200000, ""subsidy"": 1.25}",pareto_A_vs_B,1.25,True,200000,absolute_error,0.0013210856539122504,synthetic,ALL,not_applicable,not_applicable
EXP-03,SYNTHETIC EXPERIMENT,1741,full,664a150484ed2af3,d454106141e4205b,"{""family_pair"": ""pareto_A_vs_B"", ""formal_policy_equal"": true, ""n_per_group"": 200000, ""subsidy"": 1.5}",pareto_A_vs_B,1.5,True,200000,absolute_error,0.0024921862576142984,synthetic,ALL,not_applicable,not_applicable
EXP-03,SYNTHETIC EXPERIMENT,1741,full,664a150484ed2af3,3b091711aeda72ba,"{""family_pair"": ""pareto_A_vs_B"", ""formal_policy_equal"": true, ""n_per_group"": 200000, ""subsidy"": 1.75}",pareto_A_vs_B,1.75,True,200000,absolute_error,0.0006061522633744806,synthetic,ALL,not_applicable,not_applicable
EXP-03,SYNTHETIC EXPERIMENT,1741,full,664a150484ed2af3,e1438ef1c7c46db3,"{""family_pair"": ""pareto_A_vs_B"", ""formal_policy_equal"": true, ""n_per_group"": 200000, ""subsidy"": 2.0}",pareto_A_vs_B,2.0,True,200000,absolute_error,0.00041426892476710553,synthetic,ALL,not_applicable,not_applicable
EXP-03,SYNTHETIC EXPERIMENT,1741,full,664a150484ed2af3,4338615956f6d866,"{""family_pair"": ""uniform_A_vs_B"", ""formal_policy_equal"": true, ""n_per_group"": 200000, ""subsidy"": 0.0}",uniform_A_vs_B,0.0,True,200000,institutional_cost,0.0,synthetic,ALL,not_applicable,not_applicable
EXP-03,SYNTHETIC EXPERIMENT,1741,full,664a150484ed2af3,c68fa5448714f757,"{""family_pair"": ""uniform_A_vs_B"", ""formal_policy_equal"": true, ""n_per_group"": 200000, ""subsidy"": 0.1}",uniform_A_vs_B,0.1,True,200000,institutional_cost,5402.200000000001,synthetic,ALL,not_applicable,not_applicable
EXP-03,SYNTHETIC EXPERIMENT,1741,full,664a150484ed2af3,e26808a1db4f8f6e,"{""family_pair"": ""uniform_A_vs_B"", ""formal_policy_equal"": true, ""n_per_group"": 200000, ""subsidy"": 0.2}",uniform_A_vs_B,0.2,True,200000,institutional_cost,12557.6,synthetic,ALL,not_applicable,not_applicable
EXP-03,SYNTHETIC EXPERIMENT,1741,full,664a150484ed2af3,e4cce325fbc99016,"{""family_pair"": ""uniform_A_vs_B"", ""formal_policy_equal"": true, ""n_per_group"": 200000, ""subsidy"": 0.3}",uniform_A_vs_B,0.3,True,200000,institutional_cost,21644.1,synthetic,ALL,not_applicable,not_applicable
EXP-03,SYNTHETIC EXPERIMENT,1741,full,664a150484ed2af3,847cb4ae861f1800,"{""family_pair"": ""uniform_A_vs_B"", ""formal_policy_equal"": true, ""n_per_group"": 200000, ""subsidy"": 0.4}",uniform_A_vs_B,0.4,True,200000,institutional_cost,32511.2,synthetic,ALL,not_applicable,not_applicable
EXP-03,SYNTHETIC EXPERIMENT,1741,full,664a150484ed2af3,5ff6f0304435b9b0,"{""family_pair"": ""uniform_A_vs_B"", ""formal_policy_equal"": true, ""n_per_group"": 200000, ""subsidy"": 0.5}",uniform_A_vs_B,0.5,True,200000,institutional_cost,45218.5,synthetic,ALL,not_applicable,not_applicable
EXP-03,SYNTHETIC EXPERIMENT,1741,full,664a150484ed2af3,aa550840ce409a36,"{""family_pair"": ""uniform_A_vs_B"", ""formal_policy_equal"": true, ""n_per_group"": 200000, ""subsidy"": 0.6}",uniform_A_vs_B,0.6,True,200000,institutional_cost,55405.2,synthetic,ALL,not_applicable,not_applicable
EXP-03,SYNTHETIC EXPERIMENT,1741,full,664a150484ed2af3,43bdd4beb9d65255,"{""family_pair"": ""uniform_A_vs_B"", ""formal_policy_equal"": true, ""n_per_group"": 200000, ""subsidy"": 0.7}",uniform_A_vs_B,0.7,True,200000,institutional_cost,67005.4,synthetic,ALL,not_applicable,not_applicable
EXP-03,SYNTHETIC EXPERIMENT,1741,full,664a150484ed2af3,8a79fbeab60bfcf3,"{""family_pair"": ""uniform_A_vs_B"", ""formal_policy_equal"": true, ""n_per_group"": 200000, ""subsidy"": 0.8}",uniform_A_vs_B,0.8,True,200000,institutional_cost,79172.8,synthetic,ALL,not_applicable,not_applicable
EXP-03,SYNTHETIC EXPERIMENT,1741,full,664a150484ed2af3,06c5dc32861055c3,"{""family_pair"": ""uniform_A_vs_B"", ""formal_policy_equal"": true, ""n_per_group"": 200000, ""subsidy"": 0.9}",uniform_A_vs_B,0.9,True,200000,institutional_cost,91478.7,synthetic,ALL,not_applicable,not_applicable
EXP-03,SYNTHETIC EXPERIMENT,1741,full,664a150484ed2af3,d1602228ad1c5976,"{""family_pair"": ""uniform_A_vs_B"", ""formal_policy_equal"": true, ""n_per_group"": 200000, ""subsidy"": 1.0}",uniform_A_vs_B,1.0,True,200000,institutional_cost,104950.0,synthetic,ALL,not_applicable,not_applicable
EXP-03,SYNTHETIC EXPERIMENT,1741,full,664a150484ed2af3,c6279785591b770c,"{""family_pair"": ""uniform_A_vs_B"", ""formal_policy_equal"": true, ""n_per_group"": 200000, ""subsidy"": 1.25}",uniform_A_vs_B,1.25,True,200000,institutional_cost,141031.25,synthetic,ALL,not_applicable,not_applicable
EXP-03,SYNTHETIC EXPERIMENT,1741,full,664a150484ed2af3,64b11792c16678de,"{""family_pair"": ""uniform_A_vs_B"", ""formal_policy_equal"": true, ""n_per_group"": 200000, ""subsidy"": 1.5}",uniform_A_vs_B,1.5,True,200000,institutional_cost,179830.5,synthetic,ALL,not_applicable,not_applicable
EXP-03,SYNTHETIC EXPERIMENT,1741,full,664a150484ed2af3,00e12b52dcc2fc30,"{""family_pair"": ""uniform_A_vs_B"", ""formal_policy_equal"": true, ""n_per_group"": 200000, ""subsidy"": 1.75}",uniform_A_vs_B,1.75,True,200000,institutional_cost,210651.0,synthetic,ALL,not_applicable,not_applicable
EXP-03,SYNTHETIC EXPERIMENT,1741,full,664a150484ed2af3,4f951f13ca9cbe5d,"{""family_pair"": ""uniform_A_vs_B"", ""formal_policy_equal"": true, ""n_per_group"": 200000, ""subsidy"": 2.0}",uniform_A_vs_B,2.0,True,200000,institutional_cost,239910.0,synthetic,ALL,not_applicable,not_applicable
EXP-03,SYNTHETIC EXPERIMENT,1741,full,664a150484ed2af3,0a557b754e3f722f,"{""family_pair"": ""exponential_A_vs_B"", ""formal_policy_equal"": true, ""n_per_group"": 200000, ""subsidy"": 0.0}",exponential_A_vs_B,0.0,True,200000,institutional_cost,0.0,synthetic,ALL,not_applicable,not_applicable
EXP-03,SYNTHETIC EXPERIMENT,1741,full,664a150484ed2af3,0ac3541f9947d8b2,"{""family_pair"": ""exponential_A_vs_B"", ""formal_policy_equal"": true, ""n_per_group"": 200000, ""subsidy"": 0.1}",exponential_A_vs_B,0.1,True,200000,institutional_cost,4304.2,synthetic,ALL,not_applicable,not_applicable
EXP-03,SYNTHETIC EXPERIMENT,1741,full,664a150484ed2af3,592295b88e9fa031,"{""family_pair"": ""exponential_A_vs_B"", ""formal_policy_equal"": true, ""n_per_group"": 200000, ""subsidy"": 0.2}",exponential_A_vs_B,0.2,True,200000,institutional_cost,9611.800000000001,synthetic,ALL,not_applicable,not_applicable
EXP-03,SYNTHETIC EXPERIMENT,1741,full,664a150484ed2af3,ab5f557f4f9bdef7,"{""family_pair"": ""exponential_A_vs_B"", ""formal_policy_equal"": true, ""n_per_group"": 200000, ""subsidy"": 0.3}",exponential_A_vs_B,0.3,True,200000,institutional_cost,15839.099999999999,synthetic,ALL,not_applicable,not_applicable
EXP-03,SYNTHETIC EXPERIMENT,1741,full,664a150484ed2af3,0b6afeb41c1f7f0a,"{""family_pair"": ""exponential_A_vs_B"", ""formal_policy_equal"": true, ""n_per_group"": 200000, ""subsidy"": 0.4}",exponential_A_vs_B,0.4,True,200000,institutional_cost,23031.600000000002,synthetic,ALL,not_applicable,not_applicable
EXP-03,SYNTHETIC EXPERIMENT,1741,full,664a150484ed2af3,887cb7d4f64085c6,"{""family_pair"": ""exponential_A_vs_B"", ""formal_policy_equal"": true, ""n_per_group"": 200000, ""subsidy"": 0.5}",exponential_A_vs_B,0.5,True,200000,institutional_cost,31016.0,synthetic,ALL,not_applicable,not_applicable
EXP-03,SYNTHETIC EXPERIMENT,1741,full,664a150484ed2af3,cb3673825243bba1,"{""family_pair"": ""exponential_A_vs_B"", ""formal_policy_equal"": true, ""n_per_group"": 200000, ""subsidy"": 0.6}",exponential_A_vs_B,0.6,True,200000,institutional_cost,39315.0,synthetic,ALL,not_applicable,not_applicable
EXP-03,SYNTHETIC EXPERIMENT,1741,full,664a150484ed2af3,195df8dece541350,"{""family_pair"": ""exponential_A_vs_B"", ""formal_policy_equal"": true, ""n_per_group"": 200000, ""subsidy"": 0.7}",exponential_A_vs_B,0.7,True,200000,institutional_cost,48162.799999999996,synthetic,ALL,not_applicable,not_applicable
EXP-03,SYNTHETIC EXPERIMENT,1741,full,664a150484ed2af3,70618ecb00cab6b5,"{""family_pair"": ""exponential_A_vs_B"", ""formal_policy_equal"": true, ""n_per_group"": 200000, ""subsidy"": 0.8}",exponential_A_vs_B,0.8,True,200000,institutional_cost,57502.4,synthetic,ALL,not_applicable,not_applicable
EXP-03,SYNTHETIC EXPERIMENT,1741,full,664a150484ed2af3,1b7a341471ac317f,"{""family_pair"": ""exponential_A_vs_B"", ""formal_policy_equal"": true, ""n_per_group"": 200000, ""subsidy"": 0.9}",exponential_A_vs_B,0.9,True,200000,institutional_cost,67536.0,synthetic,ALL,not_applicable,not_applicable
EXP-03,SYNTHETIC EXPERIMENT,1741,full,664a150484ed2af3,80ad9ba96da3aa6f,"{""family_pair"": ""exponential_A_vs_B"", ""formal_policy_equal"": true, ""n_per_group"": 200000, ""subsidy"": 1.0}",exponential_A_vs_B,1.0,True,200000,institutional_cost,78233.0,synthetic,ALL,not_applicable,not_applicable
EXP-03,SYNTHETIC EXPERIMENT,1741,full,664a150484ed2af3,ffaef5c2ab07acd8,"{""family_pair"": ""exponential_A_vs_B"", ""formal_policy_equal"": true, ""n_per_group"": 200000, ""subsidy"": 1.25}",exponential_A_vs_B,1.25,True,200000,institutional_cost,104915.0,synthetic,ALL,not_applicable,not_applicable
EXP-03,SYNTHETIC EXPERIMENT,1741,full,664a150484ed2af3,26ecb4ddd3649de0,"{""family_pair"": ""exponential_A_vs_B"", ""formal_policy_equal"": true, ""n_per_group"": 200000, ""subsidy"": 1.5}",exponential_A_vs_B,1.5,True,200000,institutional_cost,134553.0,synthetic,ALL,not_applicable,not_applicable
EXP-03,SYNTHETIC EXPERIMENT,1741,full,664a150484ed2af3,673569926a45a05a,"{""family_pair"": ""exponential_A_vs_B"", ""formal_policy_equal"": true, ""n_per_group"": 200000, ""subsidy"": 1.75}",exponential_A_vs_B,1.75,True,200000,institutional_cost,164781.75,synthetic,ALL,not_applicable,not_applicable
EXP-03,SYNTHETIC EXPERIMENT,1741,full,664a150484ed2af3,f0e6e0c672c2d0e5,"{""family_pair"": ""exponential_A_vs_B"", ""formal_policy_equal"": true, ""n_per_group"": 200000, ""subsidy"": 2.0}",exponential_A_vs_B,2.0,True,200000,institutional_cost,195966.0,synthetic,ALL,not_applicable,not_applicable
EXP-03,SYNTHETIC EXPERIMENT,1741,full,664a150484ed2af3,b276b578d51daa1c,"{""family_pair"": ""logistic_A_vs_B"", ""formal_policy_equal"": true, ""n_per_group"": 200000, ""subsidy"": 0.0}",logistic_A_vs_B,0.0,True,200000,institutional_cost,0.0,synthetic,ALL,not_applicable,not_applicable
EXP-03,SYNTHETIC EXPERIMENT,1741,full,664a150484ed2af3,ffa52f5cb4396c03,"{""family_pair"": ""logistic_A_vs_B"", ""formal_policy_equal"": true, ""n_per_group"": 200000, ""subsidy"": 0.1}",logistic_A_vs_B,0.1,True,200000,institutional_cost,5174.3,synthetic,ALL,not_applicable,not_applicable
EXP-03,SYNTHETIC EXPERIMENT,1741,full,664a150484ed2af3,b2d4133387a20256,"{""family_pair"": ""logistic_A_vs_B"", ""formal_policy_equal"": true, ""n_per_group"": 200000, ""subsidy"": 0.2}",logistic_A_vs_B,0.2,True,200000,institutional_cost,11379.400000000001,synthetic,ALL,not_applicable,not_applicable
EXP-03,SYNTHETIC EXPERIMENT,1741,full,664a150484ed2af3,9106292078060093,"{""family_pair"": ""logistic_A_vs_B"", ""formal_policy_equal"": true, ""n_per_group"": 200000, ""subsidy"": 0.3}",logistic_A_vs_B,0.3,True,200000,institutional_cost,18945.3,synthetic,ALL,not_applicable,not_applicable
EXP-03,SYNTHETIC EXPERIMENT,1741,full,664a150484ed2af3,fe4afdbba7764cd6,"{""family_pair"": ""logistic_A_vs_B"", ""formal_policy_equal"": true, ""n_per_group"": 200000, ""subsidy"": 0.4}",logistic_A_vs_B,0.4,True,200000,institutional_cost,27252.800000000003,synthetic,ALL,not_applicable,not_applicable
EXP-03,SYNTHETIC EXPERIMENT,1741,full,664a150484ed2af3,19bceb8670eb268e,"{""family_pair"": ""logistic_A_vs_B"", ""formal_policy_equal"": true, ""n_per_group"": 200000, ""subsidy"": 0.5}",logistic_A_vs_B,0.5,True,200000,institutional_cost,36869.5,synthetic,ALL,not_applicable,not_applicable
EXP-03,SYNTHETIC EXPERIMENT,1741,full,664a150484ed2af3,1ebb499b884bfebb,"{""family_pair"": ""logistic_A_vs_B"", ""formal_policy_equal"": true, ""n_per_group"": 200000, ""subsidy"": 0.6}",logistic_A_vs_B,0.6,True,200000,institutional_cost,47427.6,synthetic,ALL,not_applicable,not_applicable
EXP-03,SYNTHETIC EXPERIMENT,1741,full,664a150484ed2af3,2d4a553f782b84ee,"{""family_pair"": ""logistic_A_vs_B"", ""formal_policy_equal"": true, ""n_per_group"": 200000, ""subsidy"": 0.7}",logistic_A_vs_B,0.7,True,200000,institutional_cost,58668.399999999994,synthetic,ALL,not_applicable,not_applicable
EXP-03,SYNTHETIC EXPERIMENT,1741,full,664a150484ed2af3,18f7de4d27d375fd,"{""family_pair"": ""logistic_A_vs_B"", ""formal_policy_equal"": true, ""n_per_group"": 200000, ""subsidy"": 0.8}",logistic_A_vs_B,0.8,True,200000,institutional_cost,70994.40000000001,synthetic,ALL,not_applicable,not_applicable
EXP-03,SYNTHETIC EXPERIMENT,1741,full,664a150484ed2af3,224922c21ee56a16,"{""family_pair"": ""logistic_A_vs_B"", ""formal_policy_equal"": true, ""n_per_group"": 200000, ""subsidy"": 0.9}",logistic_A_vs_B,0.9,True,200000,institutional_cost,84129.3,synthetic,ALL,not_applicable,not_applicable
EXP-03,SYNTHETIC EXPERIMENT,1741,full,664a150484ed2af3,83e869194360d0b0,"{""family_pair"": ""logistic_A_vs_B"", ""formal_policy_equal"": true, ""n_per_group"": 200000, ""subsidy"": 1.0}",logistic_A_vs_B,1.0,True,200000,institutional_cost,96541.0,synthetic,ALL,not_applicable,not_applicable
EXP-03,SYNTHETIC EXPERIMENT,1741,full,664a150484ed2af3,b6ef94d4c8fb9136,"{""family_pair"": ""logistic_A_vs_B"", ""formal_policy_equal"": true, ""n_per_group"": 200000, ""subsidy"": 1.25}",logistic_A_vs_B,1.25,True,200000,institutional_cost,130367.5,synthetic,ALL,not_applicable,not_applicable
EXP-03,SYNTHETIC EXPERIMENT,1741,full,664a150484ed2af3,178605d93be8e7ac,"{""family_pair"": ""logistic_A_vs_B"", ""formal_policy_equal"": true, ""n_per_group"": 200000, ""subsidy"": 1.5}",logistic_A_vs_B,1.5,True,200000,institutional_cost,165550.5,synthetic,ALL,not_applicable,not_applicable
EXP-03,SYNTHETIC EXPERIMENT,1741,full,664a150484ed2af3,ac1324cdc88202bb,"{""family_pair"": ""logistic_A_vs_B"", ""formal_policy_equal"": true, ""n_per_group"": 200000, ""subsidy"": 1.75}",logistic_A_vs_B,1.75,True,200000,institutional_cost,198068.5,synthetic,ALL,not_applicable,not_applicable
EXP-03,SYNTHETIC EXPERIMENT,1741,full,664a150484ed2af3,0f8bee11addd1cd2,"{""family_pair"": ""logistic_A_vs_B"", ""formal_policy_equal"": true, ""n_per_group"": 200000, ""subsidy"": 2.0}",logistic_A_vs_B,2.0,True,200000,institutional_cost,232300.0,synthetic,ALL,not_applicable,not_applicable
EXP-03,SYNTHETIC EXPERIMENT,1741,full,664a150484ed2af3,e15565211775e638,"{""family_pair"": ""pareto_A_vs_B"", ""formal_policy_equal"": true, ""n_per_group"": 200000, ""subsidy"": 0.0}",pareto_A_vs_B,0.0,True,200000,institutional_cost,0.0,synthetic,ALL,not_applicable,not_applicable
EXP-03,SYNTHETIC EXPERIMENT,1741,full,664a150484ed2af3,14c4fa8917b3b1a6,"{""family_pair"": ""pareto_A_vs_B"", ""formal_policy_equal"": true, ""n_per_group"": 200000, ""subsidy"": 0.1}",pareto_A_vs_B,0.1,True,200000,institutional_cost,0.0,synthetic,ALL,not_applicable,not_applicable
EXP-03,SYNTHETIC EXPERIMENT,1741,full,664a150484ed2af3,baca0f123f4f68f8,"{""family_pair"": ""pareto_A_vs_B"", ""formal_policy_equal"": true, ""n_per_group"": 200000, ""subsidy"": 0.2}",pareto_A_vs_B,0.2,True,200000,institutional_cost,0.0,synthetic,ALL,not_applicable,not_applicable
EXP-03,SYNTHETIC EXPERIMENT,1741,full,664a150484ed2af3,84c05c52a6fcc86a,"{""family_pair"": ""pareto_A_vs_B"", ""formal_policy_equal"": true, ""n_per_group"": 200000, ""subsidy"": 0.3}",pareto_A_vs_B,0.3,True,200000,institutional_cost,0.0,synthetic,ALL,not_applicable,not_applicable
EXP-03,SYNTHETIC EXPERIMENT,1741,full,664a150484ed2af3,edf772fa32bff4ac,"{""family_pair"": ""pareto_A_vs_B"", ""formal_policy_equal"": true, ""n_per_group"": 200000, ""subsidy"": 0.4}",pareto_A_vs_B,0.4,True,200000,institutional_cost,0.0,synthetic,ALL,not_applicable,not_applicable
EXP-03,SYNTHETIC EXPERIMENT,1741,full,664a150484ed2af3,6beb74afdc0b0ebb,"{""family_pair"": ""pareto_A_vs_B"", ""formal_policy_equal"": true, ""n_per_group"": 200000, ""subsidy"": 0.5}",pareto_A_vs_B,0.5,True,200000,institutional_cost,0.0,synthetic,ALL,not_applicable,not_applicable
EXP-03,SYNTHETIC EXPERIMENT,1741,full,664a150484ed2af3,2768d4652bbfd10c,"{""family_pair"": ""pareto_A_vs_B"", ""formal_policy_equal"": true, ""n_per_group"": 200000, ""subsidy"": 0.6}",pareto_A_vs_B,0.6,True,200000,institutional_cost,13717.199999999999,synthetic,ALL,not_applicable,not_applicable
EXP-03,SYNTHETIC EXPERIMENT,1741,full,664a150484ed2af3,6720a925d5fe19b4,"{""family_pair"": ""pareto_A_vs_B"", ""formal_policy_equal"": true, ""n_per_group"": 200000, ""subsidy"": 0.7}",pareto_A_vs_B,0.7,True,200000,institutional_cost,27633.199999999997,synthetic,ALL,not_applicable,not_applicable
EXP-03,SYNTHETIC EXPERIMENT,1741,full,664a150484ed2af3,c312a5d530ac706c,"{""family_pair"": ""pareto_A_vs_B"", ""formal_policy_equal"": true, ""n_per_group"": 200000, ""subsidy"": 0.8}",pareto_A_vs_B,0.8,True,200000,institutional_cost,41681.600000000006,synthetic,ALL,not_applicable,not_applicable
EXP-03,SYNTHETIC EXPERIMENT,1741,full,664a150484ed2af3,2b0d5215ce435e30,"{""family_pair"": ""pareto_A_vs_B"", ""formal_policy_equal"": true, ""n_per_group"": 200000, ""subsidy"": 0.9}",pareto_A_vs_B,0.9,True,200000,institutional_cost,56025.0,synthetic,ALL,not_applicable,not_applicable
EXP-03,SYNTHETIC EXPERIMENT,1741,full,664a150484ed2af3,46e19ce62c8603c7,"{""family_pair"": ""pareto_A_vs_B"", ""formal_policy_equal"": true, ""n_per_group"": 200000, ""subsidy"": 1.0}",pareto_A_vs_B,1.0,True,200000,institutional_cost,69780.0,synthetic,ALL,not_applicable,not_applicable
EXP-03,SYNTHETIC EXPERIMENT,1741,full,664a150484ed2af3,8d8ead1dbd0a19ff,"{""family_pair"": ""pareto_A_vs_B"", ""formal_policy_equal"": true, ""n_per_group"": 200000, ""subsidy"": 1.25}",pareto_A_vs_B,1.25,True,200000,institutional_cost,104106.25,synthetic,ALL,not_applicable,not_applicable
EXP-03,SYNTHETIC EXPERIMENT,1741,full,664a150484ed2af3,d454106141e4205b,"{""family_pair"": ""pareto_A_vs_B"", ""formal_policy_equal"": true, ""n_per_group"": 200000, ""subsidy"": 1.5}",pareto_A_vs_B,1.5,True,200000,institutional_cost,137308.5,synthetic,ALL,not_applicable,not_applicable
EXP-03,SYNTHETIC EXPERIMENT,1741,full,664a150484ed2af3,3b091711aeda72ba,"{""family_pair"": ""pareto_A_vs_B"", ""formal_policy_equal"": true, ""n_per_group"": 200000, ""subsidy"": 1.75}",pareto_A_vs_B,1.75,True,200000,institutional_cost,169176.0,synthetic,ALL,not_applicable,not_applicable
EXP-03,SYNTHETIC EXPERIMENT,1741,full,664a150484ed2af3,e1438ef1c7c46db3,"{""family_pair"": ""pareto_A_vs_B"", ""formal_policy_equal"": true, ""n_per_group"": 200000, ""subsidy"": 2.0}",pareto_A_vs_B,2.0,True,200000,institutional_cost,202146.0,synthetic,ALL,not_applicable,not_applicable
