experiment_id,experiment_type,seed,configuration,config_hash,parameter_key,parameter_json,family_pair,subsidy,formal_policy_equal,n_per_group,metric,value,dataset,group,model,method
EXP-03,SYNTHETIC EXPERIMENT,1734,full,664a150484ed2af3,4338615956f6d866,"{""family_pair"": ""uniform_A_vs_B"", ""formal_policy_equal"": true, ""n_per_group"": 200000, ""subsidy"": 0.0}",uniform_A_vs_B,0.0,True,200000,appeal_rate_a,0.2512800053195026,synthetic,ALL,not_applicable,not_applicable
EXP-03,SYNTHETIC EXPERIMENT,1734,full,664a150484ed2af3,c68fa5448714f757,"{""family_pair"": ""uniform_A_vs_B"", ""formal_policy_equal"": true, ""n_per_group"": 200000, ""subsidy"": 0.1}",uniform_A_vs_B,0.1,True,200000,appeal_rate_a,0.3011456899839172,synthetic,ALL,not_applicable,not_applicable
EXP-03,SYNTHETIC EXPERIMENT,1734,full,664a150484ed2af3,e26808a1db4f8f6e,"{""family_pair"": ""uniform_A_vs_B"", ""formal_policy_equal"": true, ""n_per_group"": 200000, ""subsidy"": 0.2}",uniform_A_vs_B,0.2,True,200000,appeal_rate_a,0.34685721002871583,synthetic,ALL,not_applicable,not_applicable
EXP-03,SYNTHETIC EXPERIMENT,1734,full,664a150484ed2af3,e4cce325fbc99016,"{""family_pair"": ""uniform_A_vs_B"", ""formal_policy_equal"": true, ""n_per_group"": 200000, ""subsidy"": 0.3}",uniform_A_vs_B,0.3,True,200000,appeal_rate_a,0.39793587541891057,synthetic,ALL,not_applicable,not_applicable
EXP-03,SYNTHETIC EXPERIMENT,1734,full,664a150484ed2af3,847cb4ae861f1800,"{""family_pair"": ""uniform_A_vs_B"", ""formal_policy_equal"": true, ""n_per_group"": 200000, ""subsidy"": 0.4}",uniform_A_vs_B,0.4,True,200000,appeal_rate_a,0.450337190908334,synthetic,ALL,not_applicable,not_applicable
EXP-03,SYNTHETIC EXPERIMENT,1734,full,664a150484ed2af3,5ff6f0304435b9b0,"{""family_pair"": ""uniform_A_vs_B"", ""formal_policy_equal"": true, ""n_per_group"": 200000, ""subsidy"": 0.5}",uniform_A_vs_B,0.5,True,200000,appeal_rate_a,0.49935654237628063,synthetic,ALL,not_applicable,not_applicable
EXP-03,SYNTHETIC EXPERIMENT,1734,full,664a150484ed2af3,aa550840ce409a36,"{""family_pair"": ""uniform_A_vs_B"", ""formal_policy_equal"": true, ""n_per_group"": 200000, ""subsidy"": 0.6}",uniform_A_vs_B,0.6,True,200000,appeal_rate_a,0.5500712227117633,synthetic,ALL,not_applicable,not_applicable
EXP-03,SYNTHETIC EXPERIMENT,1734,full,664a150484ed2af3,43bdd4beb9d65255,"{""family_pair"": ""uniform_A_vs_B"", ""formal_policy_equal"": true, ""n_per_group"": 200000, ""subsidy"": 0.7}",uniform_A_vs_B,0.7,True,200000,appeal_rate_a,0.5972941372974778,synthetic,ALL,not_applicable,not_applicable
EXP-03,SYNTHETIC EXPERIMENT,1734,full,664a150484ed2af3,8a79fbeab60bfcf3,"{""family_pair"": ""uniform_A_vs_B"", ""formal_policy_equal"": true, ""n_per_group"": 200000, ""subsidy"": 0.8}",uniform_A_vs_B,0.8,True,200000,appeal_rate_a,0.6502650014211433,synthetic,ALL,not_applicable,not_applicable
EXP-03,SYNTHETIC EXPERIMENT,1734,full,664a150484ed2af3,06c5dc32861055c3,"{""family_pair"": ""uniform_A_vs_B"", ""formal_policy_equal"": true, ""n_per_group"": 200000, ""subsidy"": 0.9}",uniform_A_vs_B,0.9,True,200000,appeal_rate_a,0.7009986162746111,synthetic,ALL,not_applicable,not_applicable
EXP-03,SYNTHETIC EXPERIMENT,1734,full,664a150484ed2af3,d1602228ad1c5976,"{""family_pair"": ""uniform_A_vs_B"", ""formal_policy_equal"": true, ""n_per_group"": 200000, ""subsidy"": 1.0}",uniform_A_vs_B,1.0,True,200000,appeal_rate_a,0.7520029193690182,synthetic,ALL,not_applicable,not_applicable
EXP-03,SYNTHETIC EXPERIMENT,1734,full,664a150484ed2af3,c6279785591b770c,"{""family_pair"": ""uniform_A_vs_B"", ""formal_policy_equal"": true, ""n_per_group"": 200000, ""subsidy"": 1.25}",uniform_A_vs_B,1.25,True,200000,appeal_rate_a,0.8758687034549103,synthetic,ALL,not_applicable,not_applicable
EXP-03,SYNTHETIC EXPERIMENT,1734,full,664a150484ed2af3,64b11792c16678de,"{""family_pair"": ""uniform_A_vs_B"", ""formal_policy_equal"": true, ""n_per_group"": 200000, ""subsidy"": 1.5}",uniform_A_vs_B,1.5,True,200000,appeal_rate_a,1.0,synthetic,ALL,not_applicable,not_applicable
EXP-03,SYNTHETIC EXPERIMENT,1734,full,664a150484ed2af3,00e12b52dcc2fc30,"{""family_pair"": ""uniform_A_vs_B"", ""formal_policy_equal"": true, ""n_per_group"": 200000, ""subsidy"": 1.75}",uniform_A_vs_B,1.75,True,200000,appeal_rate_a,1.0,synthetic,ALL,not_applicable,not_applicable
EXP-03,SYNTHETIC EXPERIMENT,1734,full,664a150484ed2af3,4f951f13ca9cbe5d,"{""family_pair"": ""uniform_A_vs_B"", ""formal_policy_equal"": true, ""n_per_group"": 200000, ""subsidy"": 2.0}",uniform_A_vs_B,2.0,True,200000,appeal_rate_a,1.0,synthetic,ALL,not_applicable,not_applicable
EXP-03,SYNTHETIC EXPERIMENT,1734,full,664a150484ed2af3,0a557b754e3f722f,"{""family_pair"": ""exponential_A_vs_B"", ""formal_policy_equal"": true, ""n_per_group"": 200000, ""subsidy"": 0.0}",exponential_A_vs_B,0.0,True,200000,appeal_rate_a,0.22170793027089125,synthetic,ALL,not_applicable,not_applicable
EXP-03,SYNTHETIC EXPERIMENT,1734,full,664a150484ed2af3,0ac3541f9947d8b2,"{""family_pair"": ""exponential_A_vs_B"", ""formal_policy_equal"": true, ""n_per_group"": 200000, ""subsidy"": 0.1}",exponential_A_vs_B,0.1,True,200000,appeal_rate_a,0.2589112227805695,synthetic,ALL,not_applicable,not_applicable
EXP-03,SYNTHETIC EXPERIMENT,1734,full,664a150484ed2af3,592295b88e9fa031,"{""family_pair"": ""exponential_A_vs_B"", ""formal_policy_equal"": true, ""n_per_group"": 200000, ""subsidy"": 0.2}",exponential_A_vs_B,0.2,True,200000,appeal_rate_a,0.2982631097814344,synthetic,ALL,not_applicable,not_applicable
EXP-03,SYNTHETIC EXPERIMENT,1734,full,664a150484ed2af3,ab5f557f4f9bdef7,"{""family_pair"": ""exponential_A_vs_B"", ""formal_policy_equal"": true, ""n_per_group"": 200000, ""subsidy"": 0.3}",exponential_A_vs_B,0.3,True,200000,appeal_rate_a,0.32931780366056573,synthetic,ALL,not_applicable,not_applicable
EXP-03,SYNTHETIC EXPERIMENT,1734,full,664a150484ed2af3,0b6afeb41c1f7f0a,"{""family_pair"": ""exponential_A_vs_B"", ""formal_policy_equal"": true, ""n_per_group"": 200000, ""subsidy"": 0.4}",exponential_A_vs_B,0.4,True,200000,appeal_rate_a,0.36073044282270583,synthetic,ALL,not_applicable,not_applicable
EXP-03,SYNTHETIC EXPERIMENT,1734,full,664a150484ed2af3,887cb7d4f64085c6,"{""family_pair"": ""exponential_A_vs_B"", ""formal_policy_equal"": true, ""n_per_group"": 200000, ""subsidy"": 0.5}",exponential_A_vs_B,0.5,True,200000,appeal_rate_a,0.39205601996884054,synthetic,ALL,not_applicable,not_applicable
EXP-03,SYNTHETIC EXPERIMENT,1734,full,664a150484ed2af3,cb3673825243bba1,"{""family_pair"": ""exponential_A_vs_B"", ""formal_policy_equal"": true, ""n_per_group"": 200000, ""subsidy"": 0.6}",exponential_A_vs_B,0.6,True,200000,appeal_rate_a,0.42398183245111626,synthetic,ALL,not_applicable,not_applicable
EXP-03,SYNTHETIC EXPERIMENT,1734,full,664a150484ed2af3,195df8dece541350,"{""family_pair"": ""exponential_A_vs_B"", ""formal_policy_equal"": true, ""n_per_group"": 200000, ""subsidy"": 0.7}",exponential_A_vs_B,0.7,True,200000,appeal_rate_a,0.44893365126477797,synthetic,ALL,not_applicable,not_applicable
EXP-03,SYNTHETIC EXPERIMENT,1734,full,664a150484ed2af3,70618ecb00cab6b5,"{""family_pair"": ""exponential_A_vs_B"", ""formal_policy_equal"": true, ""n_per_group"": 200000, ""subsidy"": 0.8}",exponential_A_vs_B,0.8,True,200000,appeal_rate_a,0.47733035297257626,synthetic,ALL,not_applicable,not_applicable
EXP-03,SYNTHETIC EXPERIMENT,1734,full,664a150484ed2af3,1b7a341471ac317f,"{""family_pair"": ""exponential_A_vs_B"", ""formal_policy_equal"": true, ""n_per_group"": 200000, ""subsidy"": 0.9}",exponential_A_vs_B,0.9,True,200000,appeal_rate_a,0.5047258664088417,synthetic,ALL,not_applicable,not_applicable
EXP-03,SYNTHETIC EXPERIMENT,1734,full,664a150484ed2af3,80ad9ba96da3aa6f,"{""family_pair"": ""exponential_A_vs_B"", ""formal_policy_equal"": true, ""n_per_group"": 200000, ""subsidy"": 1.0}",exponential_A_vs_B,1.0,True,200000,appeal_rate_a,0.5295502747115112,synthetic,ALL,not_applicable,not_applicable
EXP-03,SYNTHETIC EXPERIMENT,1734,full,664a150484ed2af3,ffaef5c2ab07acd8,"{""family_pair"": ""exponential_A_vs_B"", ""formal_policy_equal"": true, ""n_per_group"": 200000, ""subsidy"": 1.25}",exponential_A_vs_B,1.25,True,200000,appeal_rate_a,0.5846166652792808,synthetic,ALL,not_applicable,not_applicable
EXP-03,SYNTHETIC EXPERIMENT,1734,full,664a150484ed2af3,26ecb4ddd3649de0,"{""family_pair"": ""exponential_A_vs_B"", ""formal_policy_equal"": true, ""n_per_group"": 200000, ""subsidy"": 1.5}",exponential_A_vs_B,1.5,True,200000,appeal_rate_a,0.6306115647392101,synthetic,ALL,not_applicable,not_applicable
EXP-03,SYNTHETIC EXPERIMENT,1734,full,664a150484ed2af3,673569926a45a05a,"{""family_pair"": ""exponential_A_vs_B"", ""formal_policy_equal"": true, ""n_per_group"": 200000, ""subsidy"": 1.75}",exponential_A_vs_B,1.75,True,200000,appeal_rate_a,0.6707542303788623,synthetic,ALL,not_applicable,not_applicable
EXP-03,SYNTHETIC EXPERIMENT,1734,full,664a150484ed2af3,f0e6e0c672c2d0e5,"{""family_pair"": ""exponential_A_vs_B"", ""formal_policy_equal"": true, ""n_per_group"": 200000, ""subsidy"": 2.0}",exponential_A_vs_B,2.0,True,200000,appeal_rate_a,0.713775886334696,synthetic,ALL,not_applicable,not_applicable
EXP-03,SYNTHETIC EXPERIMENT,1734,full,664a150484ed2af3,b276b578d51daa1c,"{""family_pair"": ""logistic_A_vs_B"", ""formal_policy_equal"": true, ""n_per_group"": 200000, ""subsidy"": 0.0}",logistic_A_vs_B,0.0,True,200000,appeal_rate_a,0.2671136675249975,synthetic,ALL,not_applicable,not_applicable
EXP-03,SYNTHETIC EXPERIMENT,1734,full,664a150484ed2af3,ffa52f5cb4396c03,"{""family_pair"": ""logistic_A_vs_B"", ""formal_policy_equal"": true, ""n_per_group"": 200000, ""subsidy"": 0.1}",logistic_A_vs_B,0.1,True,200000,appeal_rate_a,0.30617448545954506,synthetic,ALL,not_applicable,not_applicable
EXP-03,SYNTHETIC EXPERIMENT,1734,full,664a150484ed2af3,b2d4133387a20256,"{""family_pair"": ""logistic_A_vs_B"", ""formal_policy_equal"": true, ""n_per_group"": 200000, ""subsidy"": 0.2}",logistic_A_vs_B,0.2,True,200000,appeal_rate_a,0.35296075071127897,synthetic,ALL,not_applicable,not_applicable
EXP-03,SYNTHETIC EXPERIMENT,1734,full,664a150484ed2af3,9106292078060093,"{""family_pair"": ""logistic_A_vs_B"", ""formal_policy_equal"": true, ""n_per_group"": 200000, ""subsidy"": 0.3}",logistic_A_vs_B,0.3,True,200000,appeal_rate_a,0.3997805595730886,synthetic,ALL,not_applicable,not_applicable
EXP-03,SYNTHETIC EXPERIMENT,1734,full,664a150484ed2af3,fe4afdbba7764cd6,"{""family_pair"": ""logistic_A_vs_B"", ""formal_policy_equal"": true, ""n_per_group"": 200000, ""subsidy"": 0.4}",logistic_A_vs_B,0.4,True,200000,appeal_rate_a,0.4461576929488248,synthetic,ALL,not_applicable,not_applicable
EXP-03,SYNTHETIC EXPERIMENT,1734,full,664a150484ed2af3,19bceb8670eb268e,"{""family_pair"": ""logistic_A_vs_B"", ""formal_policy_equal"": true, ""n_per_group"": 200000, ""subsidy"": 0.5}",logistic_A_vs_B,0.5,True,200000,appeal_rate_a,0.49998332277108837,synthetic,ALL,not_applicable,not_applicable
EXP-03,SYNTHETIC EXPERIMENT,1734,full,664a150484ed2af3,1ebb499b884bfebb,"{""family_pair"": ""logistic_A_vs_B"", ""formal_policy_equal"": true, ""n_per_group"": 200000, ""subsidy"": 0.6}",logistic_A_vs_B,0.6,True,200000,appeal_rate_a,0.545683375285469,synthetic,ALL,not_applicable,not_applicable
EXP-03,SYNTHETIC EXPERIMENT,1734,full,664a150484ed2af3,2d4a553f782b84ee,"{""family_pair"": ""logistic_A_vs_B"", ""formal_policy_equal"": true, ""n_per_group"": 200000, ""subsidy"": 0.7}",logistic_A_vs_B,0.7,True,200000,appeal_rate_a,0.5988990886715891,synthetic,ALL,not_applicable,not_applicable
EXP-03,SYNTHETIC EXPERIMENT,1734,full,664a150484ed2af3,18f7de4d27d375fd,"{""family_pair"": ""logistic_A_vs_B"", ""formal_policy_equal"": true, ""n_per_group"": 200000, ""subsidy"": 0.8}",logistic_A_vs_B,0.8,True,200000,appeal_rate_a,0.6456819881971574,synthetic,ALL,not_applicable,not_applicable
EXP-03,SYNTHETIC EXPERIMENT,1734,full,664a150484ed2af3,224922c21ee56a16,"{""family_pair"": ""logistic_A_vs_B"", ""formal_policy_equal"": true, ""n_per_group"": 200000, ""subsidy"": 0.9}",logistic_A_vs_B,0.9,True,200000,appeal_rate_a,0.691131141805095,synthetic,ALL,not_applicable,not_applicable
EXP-03,SYNTHETIC EXPERIMENT,1734,full,664a150484ed2af3,83e869194360d0b0,"{""family_pair"": ""logistic_A_vs_B"", ""formal_policy_equal"": true, ""n_per_group"": 200000, ""subsidy"": 1.0}",logistic_A_vs_B,1.0,True,200000,appeal_rate_a,0.7336373926359944,synthetic,ALL,not_applicable,not_applicable
EXP-03,SYNTHETIC EXPERIMENT,1734,full,664a150484ed2af3,b6ef94d4c8fb9136,"{""family_pair"": ""logistic_A_vs_B"", ""formal_policy_equal"": true, ""n_per_group"": 200000, ""subsidy"": 1.25}",logistic_A_vs_B,1.25,True,200000,appeal_rate_a,0.8191860368102254,synthetic,ALL,not_applicable,not_applicable
EXP-03,SYNTHETIC EXPERIMENT,1734,full,664a150484ed2af3,178605d93be8e7ac,"{""family_pair"": ""logistic_A_vs_B"", ""formal_policy_equal"": true, ""n_per_group"": 200000, ""subsidy"": 1.5}",logistic_A_vs_B,1.5,True,200000,appeal_rate_a,0.8778191769981535,synthetic,ALL,not_applicable,not_applicable
EXP-03,SYNTHETIC EXPERIMENT,1734,full,664a150484ed2af3,ac1324cdc88202bb,"{""family_pair"": ""logistic_A_vs_B"", ""formal_policy_equal"": true, ""n_per_group"": 200000, ""subsidy"": 1.75}",logistic_A_vs_B,1.75,True,200000,appeal_rate_a,0.9247283063032937,synthetic,ALL,not_applicable,not_applicable
EXP-03,SYNTHETIC EXPERIMENT,1734,full,664a150484ed2af3,0f8bee11addd1cd2,"{""family_pair"": ""logistic_A_vs_B"", ""formal_policy_equal"": true, ""n_per_group"": 200000, ""subsidy"": 2.0}",logistic_A_vs_B,2.0,True,200000,appeal_rate_a,0.9528182604644972,synthetic,ALL,not_applicable,not_applicable
EXP-03,SYNTHETIC EXPERIMENT,1734,full,664a150484ed2af3,e15565211775e638,"{""family_pair"": ""pareto_A_vs_B"", ""formal_policy_equal"": true, ""n_per_group"": 200000, ""subsidy"": 0.0}",pareto_A_vs_B,0.0,True,200000,appeal_rate_a,0.0,synthetic,ALL,not_applicable,not_applicable
EXP-03,SYNTHETIC EXPERIMENT,1734,full,664a150484ed2af3,14c4fa8917b3b1a6,"{""family_pair"": ""pareto_A_vs_B"", ""formal_policy_equal"": true, ""n_per_group"": 200000, ""subsidy"": 0.1}",pareto_A_vs_B,0.1,True,200000,appeal_rate_a,0.0,synthetic,ALL,not_applicable,not_applicable
EXP-03,SYNTHETIC EXPERIMENT,1734,full,664a150484ed2af3,baca0f123f4f68f8,"{""family_pair"": ""pareto_A_vs_B"", ""formal_policy_equal"": true, ""n_per_group"": 200000, ""subsidy"": 0.2}",pareto_A_vs_B,0.2,True,200000,appeal_rate_a,0.0,synthetic,ALL,not_applicable,not_applicable
EXP-03,SYNTHETIC EXPERIMENT,1734,full,664a150484ed2af3,84c05c52a6fcc86a,"{""family_pair"": ""pareto_A_vs_B"", ""formal_policy_equal"": true, ""n_per_group"": 200000, ""subsidy"": 0.3}",pareto_A_vs_B,0.3,True,200000,appeal_rate_a,0.0,synthetic,ALL,not_applicable,not_applicable
EXP-03,SYNTHETIC EXPERIMENT,1734,full,664a150484ed2af3,edf772fa32bff4ac,"{""family_pair"": ""pareto_A_vs_B"", ""formal_policy_equal"": true, ""n_per_group"": 200000, ""subsidy"": 0.4}",pareto_A_vs_B,0.4,True,200000,appeal_rate_a,0.0,synthetic,ALL,not_applicable,not_applicable
EXP-03,SYNTHETIC EXPERIMENT,1734,full,664a150484ed2af3,6beb74afdc0b0ebb,"{""family_pair"": ""pareto_A_vs_B"", ""formal_policy_equal"": true, ""n_per_group"": 200000, ""subsidy"": 0.5}",pareto_A_vs_B,0.5,True,200000,appeal_rate_a,0.0,synthetic,ALL,not_applicable,not_applicable
EXP-03,SYNTHETIC EXPERIMENT,1734,full,664a150484ed2af3,2768d4652bbfd10c,"{""family_pair"": ""pareto_A_vs_B"", ""formal_policy_equal"": true, ""n_per_group"": 200000, ""subsidy"": 0.6}",pareto_A_vs_B,0.6,True,200000,appeal_rate_a,0.13388619673277713,synthetic,ALL,not_applicable,not_applicable
EXP-03,SYNTHETIC EXPERIMENT,1734,full,664a150484ed2af3,6720a925d5fe19b4,"{""family_pair"": ""pareto_A_vs_B"", ""formal_policy_equal"": true, ""n_per_group"": 200000, ""subsidy"": 0.7}",pareto_A_vs_B,0.7,True,200000,appeal_rate_a,0.24135107129725575,synthetic,ALL,not_applicable,not_applicable
EXP-03,SYNTHETIC EXPERIMENT,1734,full,664a150484ed2af3,c312a5d530ac706c,"{""family_pair"": ""pareto_A_vs_B"", ""formal_policy_equal"": true, ""n_per_group"": 200000, ""subsidy"": 0.8}",pareto_A_vs_B,0.8,True,200000,appeal_rate_a,0.3261898787118361,synthetic,ALL,not_applicable,not_applicable
EXP-03,SYNTHETIC EXPERIMENT,1734,full,664a150484ed2af3,2b0d5215ce435e30,"{""family_pair"": ""pareto_A_vs_B"", ""formal_policy_equal"": true, ""n_per_group"": 200000, ""subsidy"": 0.9}",pareto_A_vs_B,0.9,True,200000,appeal_rate_a,0.39923138350968257,synthetic,ALL,not_applicable,not_applicable
EXP-03,SYNTHETIC EXPERIMENT,1734,full,664a150484ed2af3,46e19ce62c8603c7,"{""family_pair"": ""pareto_A_vs_B"", ""formal_policy_equal"": true, ""n_per_group"": 200000, ""subsidy"": 1.0}",pareto_A_vs_B,1.0,True,200000,appeal_rate_a,0.45417358212208087,synthetic,ALL,not_applicable,not_applicable
EXP-03,SYNTHETIC EXPERIMENT,1734,full,664a150484ed2af3,8d8ead1dbd0a19ff,"{""family_pair"": ""pareto_A_vs_B"", ""formal_policy_equal"": true, ""n_per_group"": 200000, ""subsidy"": 1.25}",pareto_A_vs_B,1.25,True,200000,appeal_rate_a,0.5699986587083361,synthetic,ALL,not_applicable,not_applicable
EXP-03,SYNTHETIC EXPERIMENT,1734,full,664a150484ed2af3,d454106141e4205b,"{""family_pair"": ""pareto_A_vs_B"", ""formal_policy_equal"": true, ""n_per_group"": 200000, ""subsidy"": 1.5}",pareto_A_vs_B,1.5,True,200000,appeal_rate_a,0.6485672947398181,synthetic,ALL,not_applicable,not_applicable
EXP-03,SYNTHETIC EXPERIMENT,1734,full,664a150484ed2af3,3b091711aeda72ba,"{""family_pair"": ""pareto_A_vs_B"", ""formal_policy_equal"": true, ""n_per_group"": 200000, ""subsidy"": 1.75}",pareto_A_vs_B,1.75,True,200000,appeal_rate_a,0.7047079410049163,synthetic,ALL,not_applicable,not_applicable
EXP-03,SYNTHETIC EXPERIMENT,1734,full,664a150484ed2af3,e1438ef1c7c46db3,"{""family_pair"": ""pareto_A_vs_B"", ""formal_policy_equal"": true, ""n_per_group"": 200000, ""subsidy"": 2.0}",pareto_A_vs_B,2.0,True,200000,appeal_rate_a,0.7461200487813028,synthetic,ALL,not_applicable,not_applicable
EXP-03,SYNTHETIC EXPERIMENT,1734,full,664a150484ed2af3,4338615956f6d866,"{""family_pair"": ""uniform_A_vs_B"", ""formal_policy_equal"": true, ""n_per_group"": 200000, ""subsidy"": 0.0}",uniform_A_vs_B,0.0,True,200000,appeal_rate_b,0.4971280155836372,synthetic,ALL,not_applicable,not_applicable
EXP-03,SYNTHETIC EXPERIMENT,1734,full,664a150484ed2af3,c68fa5448714f757,"{""family_pair"": ""uniform_A_vs_B"", ""formal_policy_equal"": true, ""n_per_group"": 200000, ""subsidy"": 0.1}",uniform_A_vs_B,0.1,True,200000,appeal_rate_b,0.5986617620133491,synthetic,ALL,not_applicable,not_applicable
EXP-03,SYNTHETIC EXPERIMENT,1734,full,664a150484ed2af3,e26808a1db4f8f6e,"{""family_pair"": ""uniform_A_vs_B"", ""formal_policy_equal"": true, ""n_per_group"": 200000, ""subsidy"": 0.2}",uniform_A_vs_B,0.2,True,200000,appeal_rate_b,0.6992028550463611,synthetic,ALL,not_applicable,not_applicable
EXP-03,SYNTHETIC EXPERIMENT,1734,full,664a150484ed2af3,e4cce325fbc99016,"{""family_pair"": ""uniform_A_vs_B"", ""formal_policy_equal"": true, ""n_per_group"": 200000, ""subsidy"": 0.3}",uniform_A_vs_B,0.3,True,200000,appeal_rate_b,0.8013205381941557,synthetic,ALL,not_applicable,not_applicable
EXP-03,SYNTHETIC EXPERIMENT,1734,full,664a150484ed2af3,847cb4ae861f1800,"{""family_pair"": ""uniform_A_vs_B"", ""formal_policy_equal"": true, ""n_per_group"": 200000, ""subsidy"": 0.4}",uniform_A_vs_B,0.4,True,200000,appeal_rate_b,0.9018746777117953,synthetic,ALL,not_applicable,not_applicable
EXP-03,SYNTHETIC EXPERIMENT,1734,full,664a150484ed2af3,5ff6f0304435b9b0,"{""family_pair"": ""uniform_A_vs_B"", ""formal_policy_equal"": true, ""n_per_group"": 200000, ""subsidy"": 0.5}",uniform_A_vs_B,0.5,True,200000,appeal_rate_b,1.0,synthetic,ALL,not_applicable,not_applicable
EXP-03,SYNTHETIC EXPERIMENT,1734,full,664a150484ed2af3,aa550840ce409a36,"{""family_pair"": ""uniform_A_vs_B"", ""formal_policy_equal"": true, ""n_per_group"": 200000, ""subsidy"": 0.6}",uniform_A_vs_B,0.6,True,200000,appeal_rate_b,1.0,synthetic,ALL,not_applicable,not_applicable
EXP-03,SYNTHETIC EXPERIMENT,1734,full,664a150484ed2af3,43bdd4beb9d65255,"{""family_pair"": ""uniform_A_vs_B"", ""formal_policy_equal"": true, ""n_per_group"": 200000, ""subsidy"": 0.7}",uniform_A_vs_B,0.7,True,200000,appeal_rate_b,1.0,synthetic,ALL,not_applicable,not_applicable
EXP-03,SYNTHETIC EXPERIMENT,1734,full,664a150484ed2af3,8a79fbeab60bfcf3,"{""family_pair"": ""uniform_A_vs_B"", ""formal_policy_equal"": true, ""n_per_group"": 200000, ""subsidy"": 0.8}",uniform_A_vs_B,0.8,True,200000,appeal_rate_b,1.0,synthetic,ALL,not_applicable,not_applicable
EXP-03,SYNTHETIC EXPERIMENT,1734,full,664a150484ed2af3,06c5dc32861055c3,"{""family_pair"": ""uniform_A_vs_B"", ""formal_policy_equal"": true, ""n_per_group"": 200000, ""subsidy"": 0.9}",uniform_A_vs_B,0.9,True,200000,appeal_rate_b,1.0,synthetic,ALL,not_applicable,not_applicable
EXP-03,SYNTHETIC EXPERIMENT,1734,full,664a150484ed2af3,d1602228ad1c5976,"{""family_pair"": ""uniform_A_vs_B"", ""formal_policy_equal"": true, ""n_per_group"": 200000, ""subsidy"": 1.0}",uniform_A_vs_B,1.0,True,200000,appeal_rate_b,1.0,synthetic,ALL,not_applicable,not_applicable
EXP-03,SYNTHETIC EXPERIMENT,1734,full,664a150484ed2af3,c6279785591b770c,"{""family_pair"": ""uniform_A_vs_B"", ""formal_policy_equal"": true, ""n_per_group"": 200000, ""subsidy"": 1.25}",uniform_A_vs_B,1.25,True,200000,appeal_rate_b,1.0,synthetic,ALL,not_applicable,not_applicable
EXP-03,SYNTHETIC EXPERIMENT,1734,full,664a150484ed2af3,64b11792c16678de,"{""family_pair"": ""uniform_A_vs_B"", ""formal_policy_equal"": true, ""n_per_group"": 200000, ""subsidy"": 1.5}",uniform_A_vs_B,1.5,True,200000,appeal_rate_b,1.0,synthetic,ALL,not_applicable,not_applicable
EXP-03,SYNTHETIC EXPERIMENT,1734,full,664a150484ed2af3,00e12b52dcc2fc30,"{""family_pair"": ""uniform_A_vs_B"", ""formal_policy_equal"": true, ""n_per_group"": 200000, ""subsidy"": 1.75}",uniform_A_vs_B,1.75,True,200000,appeal_rate_b,1.0,synthetic,ALL,not_applicable,not_applicable
EXP-03,SYNTHETIC EXPERIMENT,1734,full,664a150484ed2af3,4f951f13ca9cbe5d,"{""family_pair"": ""uniform_A_vs_B"", ""formal_policy_equal"": true, ""n_per_group"": 200000, ""subsidy"": 2.0}",uniform_A_vs_B,2.0,True,200000,appeal_rate_b,1.0,synthetic,ALL,not_applicable,not_applicable
EXP-03,SYNTHETIC EXPERIMENT,1734,full,664a150484ed2af3,0a557b754e3f722f,"{""family_pair"": ""exponential_A_vs_B"", ""formal_policy_equal"": true, ""n_per_group"": 200000, ""subsidy"": 0.0}",exponential_A_vs_B,0.0,True,200000,appeal_rate_b,0.389948065002513,synthetic,ALL,not_applicable,not_applicable
EXP-03,SYNTHETIC EXPERIMENT,1734,full,664a150484ed2af3,0ac3541f9947d8b2,"{""family_pair"": ""exponential_A_vs_B"", ""formal_policy_equal"": true, ""n_per_group"": 200000, ""subsidy"": 0.1}",exponential_A_vs_B,0.1,True,200000,appeal_rate_b,0.4506585545229658,synthetic,ALL,not_applicable,not_applicable
EXP-03,SYNTHETIC EXPERIMENT,1734,full,664a150484ed2af3,592295b88e9fa031,"{""family_pair"": ""exponential_A_vs_B"", ""formal_policy_equal"": true, ""n_per_group"": 200000, ""subsidy"": 0.2}",exponential_A_vs_B,0.2,True,200000,appeal_rate_b,0.500257650559351,synthetic,ALL,not_applicable,not_applicable
EXP-03,SYNTHETIC EXPERIMENT,1734,full,664a150484ed2af3,ab5f557f4f9bdef7,"{""family_pair"": ""exponential_A_vs_B"", ""formal_policy_equal"": true, ""n_per_group"": 200000, ""subsidy"": 0.3}",exponential_A_vs_B,0.3,True,200000,appeal_rate_b,0.5512254452756628,synthetic,ALL,not_applicable,not_applicable
EXP-03,SYNTHETIC EXPERIMENT,1734,full,664a150484ed2af3,0b6afeb41c1f7f0a,"{""family_pair"": ""exponential_A_vs_B"", ""formal_policy_equal"": true, ""n_per_group"": 200000, ""subsidy"": 0.4}",exponential_A_vs_B,0.4,True,200000,appeal_rate_b,0.595134910751349,synthetic,ALL,not_applicable,not_applicable
EXP-03,SYNTHETIC EXPERIMENT,1734,full,664a150484ed2af3,887cb7d4f64085c6,"{""family_pair"": ""exponential_A_vs_B"", ""formal_policy_equal"": true, ""n_per_group"": 200000, ""subsidy"": 0.5}",exponential_A_vs_B,0.5,True,200000,appeal_rate_b,0.6297200764183072,synthetic,ALL,not_applicable,not_applicable
EXP-03,SYNTHETIC EXPERIMENT,1734,full,664a150484ed2af3,cb3673825243bba1,"{""family_pair"": ""exponential_A_vs_B"", ""formal_policy_equal"": true, ""n_per_group"": 200000, ""subsidy"": 0.6}",exponential_A_vs_B,0.6,True,200000,appeal_rate_b,0.6643615337188182,synthetic,ALL,not_applicable,not_applicable
EXP-03,SYNTHETIC EXPERIMENT,1734,full,664a150484ed2af3,195df8dece541350,"{""family_pair"": ""exponential_A_vs_B"", ""formal_policy_equal"": true, ""n_per_group"": 200000, ""subsidy"": 0.7}",exponential_A_vs_B,0.7,True,200000,appeal_rate_b,0.6978448419439726,synthetic,ALL,not_applicable,not_applicable
EXP-03,SYNTHETIC EXPERIMENT,1734,full,664a150484ed2af3,70618ecb00cab6b5,"{""family_pair"": ""exponential_A_vs_B"", ""formal_policy_equal"": true, ""n_per_group"": 200000, ""subsidy"": 0.8}",exponential_A_vs_B,0.8,True,200000,appeal_rate_b,0.7258010680907877,synthetic,ALL,not_applicable,not_applicable
EXP-03,SYNTHETIC EXPERIMENT,1734,full,664a150484ed2af3,1b7a341471ac317f,"{""family_pair"": ""exponential_A_vs_B"", ""formal_policy_equal"": true, ""n_per_group"": 200000, ""subsidy"": 0.9}",exponential_A_vs_B,0.9,True,200000,appeal_rate_b,0.7546814293575228,synthetic,ALL,not_applicable,not_applicable
EXP-03,SYNTHETIC EXPERIMENT,1734,full,664a150484ed2af3,80ad9ba96da3aa6f,"{""family_pair"": ""exponential_A_vs_B"", ""formal_policy_equal"": true, ""n_per_group"": 200000, ""subsidy"": 1.0}",exponential_A_vs_B,1.0,True,200000,appeal_rate_b,0.777713271517906,synthetic,ALL,not_applicable,not_applicable
EXP-03,SYNTHETIC EXPERIMENT,1734,full,664a150484ed2af3,ffaef5c2ab07acd8,"{""family_pair"": ""exponential_A_vs_B"", ""formal_policy_equal"": true, ""n_per_group"": 200000, ""subsidy"": 1.25}",exponential_A_vs_B,1.25,True,200000,appeal_rate_b,0.8265690655639298,synthetic,ALL,not_applicable,not_applicable
EXP-03,SYNTHETIC EXPERIMENT,1734,full,664a150484ed2af3,26ecb4ddd3649de0,"{""family_pair"": ""exponential_A_vs_B"", ""formal_policy_equal"": true, ""n_per_group"": 200000, ""subsidy"": 1.5}",exponential_A_vs_B,1.5,True,200000,appeal_rate_b,0.8626731186384115,synthetic,ALL,not_applicable,not_applicable
EXP-03,SYNTHETIC EXPERIMENT,1734,full,664a150484ed2af3,673569926a45a05a,"{""family_pair"": ""exponential_A_vs_B"", ""formal_policy_equal"": true, ""n_per_group"": 200000, ""subsidy"": 1.75}",exponential_A_vs_B,1.75,True,200000,appeal_rate_b,0.8937293839336288,synthetic,ALL,not_applicable,not_applicable
EXP-03,SYNTHETIC EXPERIMENT,1734,full,664a150484ed2af3,f0e6e0c672c2d0e5,"{""family_pair"": ""exponential_A_vs_B"", ""formal_policy_equal"": true, ""n_per_group"": 200000, ""subsidy"": 2.0}",exponential_A_vs_B,2.0,True,200000,appeal_rate_b,0.9199906265169141,synthetic,ALL,not_applicable,not_applicable
EXP-03,SYNTHETIC EXPERIMENT,1734,full,664a150484ed2af3,b276b578d51daa1c,"{""family_pair"": ""logistic_A_vs_B"", ""formal_policy_equal"": true, ""n_per_group"": 200000, ""subsidy"": 0.0}",logistic_A_vs_B,0.0,True,200000,appeal_rate_b,0.49930603167171117,synthetic,ALL,not_applicable,not_applicable
EXP-03,SYNTHETIC EXPERIMENT,1734,full,664a150484ed2af3,ffa52f5cb4396c03,"{""family_pair"": ""logistic_A_vs_B"", ""formal_policy_equal"": true, ""n_per_group"": 200000, ""subsidy"": 0.1}",logistic_A_vs_B,0.1,True,200000,appeal_rate_b,0.5504920767306088,synthetic,ALL,not_applicable,not_applicable
EXP-03,SYNTHETIC EXPERIMENT,1734,full,664a150484ed2af3,b2d4133387a20256,"{""family_pair"": ""logistic_A_vs_B"", ""formal_policy_equal"": true, ""n_per_group"": 200000, ""subsidy"": 0.2}",logistic_A_vs_B,0.2,True,200000,appeal_rate_b,0.5983998939888358,synthetic,ALL,not_applicable,not_applicable
EXP-03,SYNTHETIC EXPERIMENT,1734,full,664a150484ed2af3,9106292078060093,"{""family_pair"": ""logistic_A_vs_B"", ""formal_policy_equal"": true, ""n_per_group"": 200000, ""subsidy"": 0.3}",logistic_A_vs_B,0.3,True,200000,appeal_rate_b,0.6437640280057619,synthetic,ALL,not_applicable,not_applicable
EXP-03,SYNTHETIC EXPERIMENT,1734,full,664a150484ed2af3,fe4afdbba7764cd6,"{""family_pair"": ""logistic_A_vs_B"", ""formal_policy_equal"": true, ""n_per_group"": 200000, ""subsidy"": 0.4}",logistic_A_vs_B,0.4,True,200000,appeal_rate_b,0.6939072051307746,synthetic,ALL,not_applicable,not_applicable
EXP-03,SYNTHETIC EXPERIMENT,1734,full,664a150484ed2af3,19bceb8670eb268e,"{""family_pair"": ""logistic_A_vs_B"", ""formal_policy_equal"": true, ""n_per_group"": 200000, ""subsidy"": 0.5}",logistic_A_vs_B,0.5,True,200000,appeal_rate_b,0.7278435443631431,synthetic,ALL,not_applicable,not_applicable
EXP-03,SYNTHETIC EXPERIMENT,1734,full,664a150484ed2af3,1ebb499b884bfebb,"{""family_pair"": ""logistic_A_vs_B"", ""formal_policy_equal"": true, ""n_per_group"": 200000, ""subsidy"": 0.6}",logistic_A_vs_B,0.6,True,200000,appeal_rate_b,0.7651385591180035,synthetic,ALL,not_applicable,not_applicable
EXP-03,SYNTHETIC EXPERIMENT,1734,full,664a150484ed2af3,2d4a553f782b84ee,"{""family_pair"": ""logistic_A_vs_B"", ""formal_policy_equal"": true, ""n_per_group"": 200000, ""subsidy"": 0.7}",logistic_A_vs_B,0.7,True,200000,appeal_rate_b,0.8010568075743433,synthetic,ALL,not_applicable,not_applicable
EXP-03,SYNTHETIC EXPERIMENT,1734,full,664a150484ed2af3,18f7de4d27d375fd,"{""family_pair"": ""logistic_A_vs_B"", ""formal_policy_equal"": true, ""n_per_group"": 200000, ""subsidy"": 0.8}",logistic_A_vs_B,0.8,True,200000,appeal_rate_b,0.8323828580957146,synthetic,ALL,not_applicable,not_applicable
EXP-03,SYNTHETIC EXPERIMENT,1734,full,664a150484ed2af3,224922c21ee56a16,"{""family_pair"": ""logistic_A_vs_B"", ""formal_policy_equal"": true, ""n_per_group"": 200000, ""subsidy"": 0.9}",logistic_A_vs_B,0.9,True,200000,appeal_rate_b,0.8583284235333726,synthetic,ALL,not_applicable,not_applicable
EXP-03,SYNTHETIC EXPERIMENT,1734,full,664a150484ed2af3,83e869194360d0b0,"{""family_pair"": ""logistic_A_vs_B"", ""formal_policy_equal"": true, ""n_per_group"": 200000, ""subsidy"": 1.0}",logistic_A_vs_B,1.0,True,200000,appeal_rate_b,0.8793266911728015,synthetic,ALL,not_applicable,not_applicable
EXP-03,SYNTHETIC EXPERIMENT,1734,full,664a150484ed2af3,b6ef94d4c8fb9136,"{""family_pair"": ""logistic_A_vs_B"", ""formal_policy_equal"": true, ""n_per_group"": 200000, ""subsidy"": 1.25}",logistic_A_vs_B,1.25,True,200000,appeal_rate_b,0.9222989270564751,synthetic,ALL,not_applicable,not_applicable
EXP-03,SYNTHETIC EXPERIMENT,1734,full,664a150484ed2af3,178605d93be8e7ac,"{""family_pair"": ""logistic_A_vs_B"", ""formal_policy_equal"": true, ""n_per_group"": 200000, ""subsidy"": 1.5}",logistic_A_vs_B,1.5,True,200000,appeal_rate_b,0.9520263854879816,synthetic,ALL,not_applicable,not_applicable
EXP-03,SYNTHETIC EXPERIMENT,1734,full,664a150484ed2af3,ac1324cdc88202bb,"{""family_pair"": ""logistic_A_vs_B"", ""formal_policy_equal"": true, ""n_per_group"": 200000, ""subsidy"": 1.75}",logistic_A_vs_B,1.75,True,200000,appeal_rate_b,0.9707103861740966,synthetic,ALL,not_applicable,not_applicable
EXP-03,SYNTHETIC EXPERIMENT,1734,full,664a150484ed2af3,0f8bee11addd1cd2,"{""family_pair"": ""logistic_A_vs_B"", ""formal_policy_equal"": true, ""n_per_group"": 200000, ""subsidy"": 2.0}",logistic_A_vs_B,2.0,True,200000,appeal_rate_b,0.9822188120298243,synthetic,ALL,not_applicable,not_applicable
EXP-03,SYNTHETIC EXPERIMENT,1734,full,664a150484ed2af3,e15565211775e638,"{""family_pair"": ""pareto_A_vs_B"", ""formal_policy_equal"": true, ""n_per_group"": 200000, ""subsidy"": 0.0}",pareto_A_vs_B,0.0,True,200000,appeal_rate_b,0.0,synthetic,ALL,not_applicable,not_applicable
EXP-03,SYNTHETIC EXPERIMENT,1734,full,664a150484ed2af3,14c4fa8917b3b1a6,"{""family_pair"": ""pareto_A_vs_B"", ""formal_policy_equal"": true, ""n_per_group"": 200000, ""subsidy"": 0.1}",pareto_A_vs_B,0.1,True,200000,appeal_rate_b,0.0,synthetic,ALL,not_applicable,not_applicable
EXP-03,SYNTHETIC EXPERIMENT,1734,full,664a150484ed2af3,baca0f123f4f68f8,"{""family_pair"": ""pareto_A_vs_B"", ""formal_policy_equal"": true, ""n_per_group"": 200000, ""subsidy"": 0.2}",pareto_A_vs_B,0.2,True,200000,appeal_rate_b,0.0,synthetic,ALL,not_applicable,not_applicable
EXP-03,SYNTHETIC EXPERIMENT,1734,full,664a150484ed2af3,84c05c52a6fcc86a,"{""family_pair"": ""pareto_A_vs_B"", ""formal_policy_equal"": true, ""n_per_group"": 200000, ""subsidy"": 0.3}",pareto_A_vs_B,0.3,True,200000,appeal_rate_b,0.0,synthetic,ALL,not_applicable,not_applicable
EXP-03,SYNTHETIC EXPERIMENT,1734,full,664a150484ed2af3,edf772fa32bff4ac,"{""family_pair"": ""pareto_A_vs_B"", ""formal_policy_equal"": true, ""n_per_group"": 200000, ""subsidy"": 0.4}",pareto_A_vs_B,0.4,True,200000,appeal_rate_b,0.0,synthetic,ALL,not_applicable,not_applicable
EXP-03,SYNTHETIC EXPERIMENT,1734,full,664a150484ed2af3,6beb74afdc0b0ebb,"{""family_pair"": ""pareto_A_vs_B"", ""formal_policy_equal"": true, ""n_per_group"": 200000, ""subsidy"": 0.5}",pareto_A_vs_B,0.5,True,200000,appeal_rate_b,0.0,synthetic,ALL,not_applicable,not_applicable
EXP-03,SYNTHETIC EXPERIMENT,1734,full,664a150484ed2af3,2768d4652bbfd10c,"{""family_pair"": ""pareto_A_vs_B"", ""formal_policy_equal"": true, ""n_per_group"": 200000, ""subsidy"": 0.6}",pareto_A_vs_B,0.6,True,200000,appeal_rate_b,0.24902872322762742,synthetic,ALL,not_applicable,not_applicable
EXP-03,SYNTHETIC EXPERIMENT,1734,full,664a150484ed2af3,6720a925d5fe19b4,"{""family_pair"": ""pareto_A_vs_B"", ""formal_policy_equal"": true, ""n_per_group"": 200000, ""subsidy"": 0.7}",pareto_A_vs_B,0.7,True,200000,appeal_rate_b,0.42045302686088465,synthetic,ALL,not_applicable,not_applicable
EXP-03,SYNTHETIC EXPERIMENT,1734,full,664a150484ed2af3,c312a5d530ac706c,"{""family_pair"": ""pareto_A_vs_B"", ""formal_policy_equal"": true, ""n_per_group"": 200000, ""subsidy"": 0.8}",pareto_A_vs_B,0.8,True,200000,appeal_rate_b,0.5457635063869682,synthetic,ALL,not_applicable,not_applicable
EXP-03,SYNTHETIC EXPERIMENT,1734,full,664a150484ed2af3,2b0d5215ce435e30,"{""family_pair"": ""pareto_A_vs_B"", ""formal_policy_equal"": true, ""n_per_group"": 200000, ""subsidy"": 0.9}",pareto_A_vs_B,0.9,True,200000,appeal_rate_b,0.6348138253464686,synthetic,ALL,not_applicable,not_applicable
EXP-03,SYNTHETIC EXPERIMENT,1734,full,664a150484ed2af3,46e19ce62c8603c7,"{""family_pair"": ""pareto_A_vs_B"", ""formal_policy_equal"": true, ""n_per_group"": 200000, ""subsidy"": 1.0}",pareto_A_vs_B,1.0,True,200000,appeal_rate_b,0.7033966435534117,synthetic,ALL,not_applicable,not_applicable
EXP-03,SYNTHETIC EXPERIMENT,1734,full,664a150484ed2af3,8d8ead1dbd0a19ff,"{""family_pair"": ""pareto_A_vs_B"", ""formal_policy_equal"": true, ""n_per_group"": 200000, ""subsidy"": 1.25}",pareto_A_vs_B,1.25,True,200000,appeal_rate_b,0.8115786652372018,synthetic,ALL,not_applicable,not_applicable
EXP-03,SYNTHETIC EXPERIMENT,1734,full,664a150484ed2af3,d454106141e4205b,"{""family_pair"": ""pareto_A_vs_B"", ""formal_policy_equal"": true, ""n_per_group"": 200000, ""subsidy"": 1.5}",pareto_A_vs_B,1.5,True,200000,appeal_rate_b,0.8756100800159368,synthetic,ALL,not_applicable,not_applicable
EXP-03,SYNTHETIC EXPERIMENT,1734,full,664a150484ed2af3,3b091711aeda72ba,"{""family_pair"": ""pareto_A_vs_B"", ""formal_policy_equal"": true, ""n_per_group"": 200000, ""subsidy"": 1.75}",pareto_A_vs_B,1.75,True,200000,appeal_rate_b,0.9120410188554416,synthetic,ALL,not_applicable,not_applicable
EXP-03,SYNTHETIC EXPERIMENT,1734,full,664a150484ed2af3,e1438ef1c7c46db3,"{""family_pair"": ""pareto_A_vs_B"", ""formal_policy_equal"": true, ""n_per_group"": 200000, ""subsidy"": 2.0}",pareto_A_vs_B,2.0,True,200000,appeal_rate_b,0.9366835510530526,synthetic,ALL,not_applicable,not_applicable
EXP-03,SYNTHETIC EXPERIMENT,1734,full,664a150484ed2af3,4338615956f6d866,"{""family_pair"": ""uniform_A_vs_B"", ""formal_policy_equal"": true, ""n_per_group"": 200000, ""subsidy"": 0.0}",uniform_A_vs_B,0.0,True,200000,effective_correction_a,0.20089434137908105,synthetic,ALL,not_applicable,not_applicable
EXP-03,SYNTHETIC EXPERIMENT,1734,full,664a150484ed2af3,c68fa5448714f757,"{""family_pair"": ""uniform_A_vs_B"", ""formal_policy_equal"": true, ""n_per_group"": 200000, ""subsidy"": 0.1}",uniform_A_vs_B,0.1,True,200000,effective_correction_a,0.24094308026461958,synthetic,ALL,not_applicable,not_applicable
EXP-03,SYNTHETIC EXPERIMENT,1734,full,664a150484ed2af3,e26808a1db4f8f6e,"{""family_pair"": ""uniform_A_vs_B"", ""formal_policy_equal"": true, ""n_per_group"": 200000, ""subsidy"": 0.2}",uniform_A_vs_B,0.2,True,200000,effective_correction_a,0.2787284421232934,synthetic,ALL,not_applicable,not_applicable
EXP-03,SYNTHETIC EXPERIMENT,1734,full,664a150484ed2af3,e4cce325fbc99016,"{""family_pair"": ""uniform_A_vs_B"", ""formal_policy_equal"": true, ""n_per_group"": 200000, ""subsidy"": 0.3}",uniform_A_vs_B,0.3,True,200000,effective_correction_a,0.32007269453290427,synthetic,ALL,not_applicable,not_applicable
EXP-03,SYNTHETIC EXPERIMENT,1734,full,664a150484ed2af3,847cb4ae861f1800,"{""family_pair"": ""uniform_A_vs_B"", ""formal_policy_equal"": true, ""n_per_group"": 200000, ""subsidy"": 0.4}",uniform_A_vs_B,0.4,True,200000,effective_correction_a,0.35953709099991676,synthetic,ALL,not_applicable,not_applicable
EXP-03,SYNTHETIC EXPERIMENT,1734,full,664a150484ed2af3,5ff6f0304435b9b0,"{""family_pair"": ""uniform_A_vs_B"", ""formal_policy_equal"": true, ""n_per_group"": 200000, ""subsidy"": 0.5}",uniform_A_vs_B,0.5,True,200000,effective_correction_a,0.39795764878912976,synthetic,ALL,not_applicable,not_applicable
EXP-03,SYNTHETIC EXPERIMENT,1734,full,664a150484ed2af3,aa550840ce409a36,"{""family_pair"": ""uniform_A_vs_B"", ""formal_policy_equal"": true, ""n_per_group"": 200000, ""subsidy"": 0.6}",uniform_A_vs_B,0.6,True,200000,effective_correction_a,0.4402226123828138,synthetic,ALL,not_applicable,not_applicable
EXP-03,SYNTHETIC EXPERIMENT,1734,full,664a150484ed2af3,43bdd4beb9d65255,"{""family_pair"": ""uniform_A_vs_B"", ""formal_policy_equal"": true, ""n_per_group"": 200000, ""subsidy"": 0.7}",uniform_A_vs_B,0.7,True,200000,effective_correction_a,0.4798396525805913,synthetic,ALL,not_applicable,not_applicable
EXP-03,SYNTHETIC EXPERIMENT,1734,full,664a150484ed2af3,8a79fbeab60bfcf3,"{""family_pair"": ""uniform_A_vs_B"", ""formal_policy_equal"": true, ""n_per_group"": 200000, ""subsidy"": 0.8}",uniform_A_vs_B,0.8,True,200000,effective_correction_a,0.5198374880874755,synthetic,ALL,not_applicable,not_applicable
EXP-03,SYNTHETIC EXPERIMENT,1734,full,664a150484ed2af3,06c5dc32861055c3,"{""family_pair"": ""uniform_A_vs_B"", ""formal_policy_equal"": true, ""n_per_group"": 200000, ""subsidy"": 0.9}",uniform_A_vs_B,0.9,True,200000,effective_correction_a,0.5595085274161012,synthetic,ALL,not_applicable,not_applicable
EXP-03,SYNTHETIC EXPERIMENT,1734,full,664a150484ed2af3,d1602228ad1c5976,"{""family_pair"": ""uniform_A_vs_B"", ""formal_policy_equal"": true, ""n_per_group"": 200000, ""subsidy"": 1.0}",uniform_A_vs_B,1.0,True,200000,effective_correction_a,0.6031648614129083,synthetic,ALL,not_applicable,not_applicable
EXP-03,SYNTHETIC EXPERIMENT,1734,full,664a150484ed2af3,c6279785591b770c,"{""family_pair"": ""uniform_A_vs_B"", ""formal_policy_equal"": true, ""n_per_group"": 200000, ""subsidy"": 1.25}",uniform_A_vs_B,1.25,True,200000,effective_correction_a,0.6989932162345955,synthetic,ALL,not_applicable,not_applicable
EXP-03,SYNTHETIC EXPERIMENT,1734,full,664a150484ed2af3,64b11792c16678de,"{""family_pair"": ""uniform_A_vs_B"", ""formal_policy_equal"": true, ""n_per_group"": 200000, ""subsidy"": 1.5}",uniform_A_vs_B,1.5,True,200000,effective_correction_a,0.8021507169056352,synthetic,ALL,not_applicable,not_applicable
EXP-03,SYNTHETIC EXPERIMENT,1734,full,664a150484ed2af3,00e12b52dcc2fc30,"{""family_pair"": ""uniform_A_vs_B"", ""formal_policy_equal"": true, ""n_per_group"": 200000, ""subsidy"": 1.75}",uniform_A_vs_B,1.75,True,200000,effective_correction_a,0.8018695659457558,synthetic,ALL,not_applicable,not_applicable
EXP-03,SYNTHETIC EXPERIMENT,1734,full,664a150484ed2af3,4f951f13ca9cbe5d,"{""family_pair"": ""uniform_A_vs_B"", ""formal_policy_equal"": true, ""n_per_group"": 200000, ""subsidy"": 2.0}",uniform_A_vs_B,2.0,True,200000,effective_correction_a,0.8005037867414005,synthetic,ALL,not_applicable,not_applicable
EXP-03,SYNTHETIC EXPERIMENT,1734,full,664a150484ed2af3,0a557b754e3f722f,"{""family_pair"": ""exponential_A_vs_B"", ""formal_policy_equal"": true, ""n_per_group"": 200000, ""subsidy"": 0.0}",exponential_A_vs_B,0.0,True,200000,effective_correction_a,0.17823546061504136,synthetic,ALL,not_applicable,not_applicable
EXP-03,SYNTHETIC EXPERIMENT,1734,full,664a150484ed2af3,0ac3541f9947d8b2,"{""family_pair"": ""exponential_A_vs_B"", ""formal_policy_equal"": true, ""n_per_group"": 200000, ""subsidy"": 0.1}",exponential_A_vs_B,0.1,True,200000,effective_correction_a,0.20802345058626465,synthetic,ALL,not_applicable,not_applicable
EXP-03,SYNTHETIC EXPERIMENT,1734,full,664a150484ed2af3,592295b88e9fa031,"{""family_pair"": ""exponential_A_vs_B"", ""formal_policy_equal"": true, ""n_per_group"": 200000, ""subsidy"": 0.2}",exponential_A_vs_B,0.2,True,200000,effective_correction_a,0.23831131056261945,synthetic,ALL,not_applicable,not_applicable
EXP-03,SYNTHETIC EXPERIMENT,1734,full,664a150484ed2af3,ab5f557f4f9bdef7,"{""family_pair"": ""exponential_A_vs_B"", ""formal_policy_equal"": true, ""n_per_group"": 200000, ""subsidy"": 0.3}",exponential_A_vs_B,0.3,True,200000,effective_correction_a,0.2627953410981697,synthetic,ALL,not_applicable,not_applicable
EXP-03,SYNTHETIC EXPERIMENT,1734,full,664a150484ed2af3,0b6afeb41c1f7f0a,"{""family_pair"": ""exponential_A_vs_B"", ""formal_policy_equal"": true, ""n_per_group"": 200000, ""subsidy"": 0.4}",exponential_A_vs_B,0.4,True,200000,effective_correction_a,0.2888749463395304,synthetic,ALL,not_applicable,not_applicable
EXP-03,SYNTHETIC EXPERIMENT,1734,full,664a150484ed2af3,887cb7d4f64085c6,"{""family_pair"": ""exponential_A_vs_B"", ""formal_policy_equal"": true, ""n_per_group"": 200000, ""subsidy"": 0.5}",exponential_A_vs_B,0.5,True,200000,effective_correction_a,0.3138056388521267,synthetic,ALL,not_applicable,not_applicable
EXP-03,SYNTHETIC EXPERIMENT,1734,full,664a150484ed2af3,cb3673825243bba1,"{""family_pair"": ""exponential_A_vs_B"", ""formal_policy_equal"": true, ""n_per_group"": 200000, ""subsidy"": 0.6}",exponential_A_vs_B,0.6,True,200000,effective_correction_a,0.34079182460300234,synthetic,ALL,not_applicable,not_applicable
EXP-03,SYNTHETIC EXPERIMENT,1734,full,664a150484ed2af3,195df8dece541350,"{""family_pair"": ""exponential_A_vs_B"", ""formal_policy_equal"": true, ""n_per_group"": 200000, ""subsidy"": 0.7}",exponential_A_vs_B,0.7,True,200000,effective_correction_a,0.35858998515949375,synthetic,ALL,not_applicable,not_applicable
EXP-03,SYNTHETIC EXPERIMENT,1734,full,664a150484ed2af3,70618ecb00cab6b5,"{""family_pair"": ""exponential_A_vs_B"", ""formal_policy_equal"": true, ""n_per_group"": 200000, ""subsidy"": 0.8}",exponential_A_vs_B,0.8,True,200000,effective_correction_a,0.3839661039567625,synthetic,ALL,not_applicable,not_applicable
EXP-03,SYNTHETIC EXPERIMENT,1734,full,664a150484ed2af3,1b7a341471ac317f,"{""family_pair"": ""exponential_A_vs_B"", ""formal_policy_equal"": true, ""n_per_group"": 200000, ""subsidy"": 0.9}",exponential_A_vs_B,0.9,True,200000,effective_correction_a,0.4018570071179716,synthetic,ALL,not_applicable,not_applicable
EXP-03,SYNTHETIC EXPERIMENT,1734,full,664a150484ed2af3,80ad9ba96da3aa6f,"{""family_pair"": ""exponential_A_vs_B"", ""formal_policy_equal"": true, ""n_per_group"": 200000, ""subsidy"": 1.0}",exponential_A_vs_B,1.0,True,200000,effective_correction_a,0.42302232761643926,synthetic,ALL,not_applicable,not_applicable
EXP-03,SYNTHETIC EXPERIMENT,1734,full,664a150484ed2af3,ffaef5c2ab07acd8,"{""family_pair"": ""exponential_A_vs_B"", ""formal_policy_equal"": true, ""n_per_group"": 200000, ""subsidy"": 1.25}",exponential_A_vs_B,1.25,True,200000,effective_correction_a,0.4683093315574794,synthetic,ALL,not_applicable,not_applicable
EXP-03,SYNTHETIC EXPERIMENT,1734,full,664a150484ed2af3,26ecb4ddd3649de0,"{""family_pair"": ""exponential_A_vs_B"", ""formal_policy_equal"": true, ""n_per_group"": 200000, ""subsidy"": 1.5}",exponential_A_vs_B,1.5,True,200000,effective_correction_a,0.5051991334777537,synthetic,ALL,not_applicable,not_applicable
EXP-03,SYNTHETIC EXPERIMENT,1734,full,664a150484ed2af3,673569926a45a05a,"{""family_pair"": ""exponential_A_vs_B"", ""formal_policy_equal"": true, ""n_per_group"": 200000, ""subsidy"": 1.75}",exponential_A_vs_B,1.75,True,200000,effective_correction_a,0.5372456365118717,synthetic,ALL,not_applicable,not_applicable
EXP-03,SYNTHETIC EXPERIMENT,1734,full,664a150484ed2af3,f0e6e0c672c2d0e5,"{""family_pair"": ""exponential_A_vs_B"", ""formal_policy_equal"": true, ""n_per_group"": 200000, ""subsidy"": 2.0}",exponential_A_vs_B,2.0,True,200000,effective_correction_a,0.5706554520474499,synthetic,ALL,not_applicable,not_applicable
EXP-03,SYNTHETIC EXPERIMENT,1734,full,664a150484ed2af3,b276b578d51daa1c,"{""family_pair"": ""logistic_A_vs_B"", ""formal_policy_equal"": true, ""n_per_group"": 200000, ""subsidy"": 0.0}",logistic_A_vs_B,0.0,True,200000,effective_correction_a,0.21516235829181019,synthetic,ALL,not_applicable,not_applicable
EXP-03,SYNTHETIC EXPERIMENT,1734,full,664a150484ed2af3,ffa52f5cb4396c03,"{""family_pair"": ""logistic_A_vs_B"", ""formal_policy_equal"": true, ""n_per_group"": 200000, ""subsidy"": 0.1}",logistic_A_vs_B,0.1,True,200000,effective_correction_a,0.24421298225147905,synthetic,ALL,not_applicable,not_applicable
EXP-03,SYNTHETIC EXPERIMENT,1734,full,664a150484ed2af3,b2d4133387a20256,"{""family_pair"": ""logistic_A_vs_B"", ""formal_policy_equal"": true, ""n_per_group"": 200000, ""subsidy"": 0.2}",logistic_A_vs_B,0.2,True,200000,effective_correction_a,0.28136698667287824,synthetic,ALL,not_applicable,not_applicable
EXP-03,SYNTHETIC EXPERIMENT,1734,full,664a150484ed2af3,9106292078060093,"{""family_pair"": ""logistic_A_vs_B"", ""formal_policy_equal"": true, ""n_per_group"": 200000, ""subsidy"": 0.3}",logistic_A_vs_B,0.3,True,200000,effective_correction_a,0.32098149718218544,synthetic,ALL,not_applicable,not_applicable
EXP-03,SYNTHETIC EXPERIMENT,1734,full,664a150484ed2af3,fe4afdbba7764cd6,"{""family_pair"": ""logistic_A_vs_B"", ""formal_policy_equal"": true, ""n_per_group"": 200000, ""subsidy"": 0.4}",logistic_A_vs_B,0.4,True,200000,effective_correction_a,0.3574262377062844,synthetic,ALL,not_applicable,not_applicable
EXP-03,SYNTHETIC EXPERIMENT,1734,full,664a150484ed2af3,19bceb8670eb268e,"{""family_pair"": ""logistic_A_vs_B"", ""formal_policy_equal"": true, ""n_per_group"": 200000, ""subsidy"": 0.5}",logistic_A_vs_B,0.5,True,200000,effective_correction_a,0.4003702344818385,synthetic,ALL,not_applicable,not_applicable
EXP-03,SYNTHETIC EXPERIMENT,1734,full,664a150484ed2af3,1ebb499b884bfebb,"{""family_pair"": ""logistic_A_vs_B"", ""formal_policy_equal"": true, ""n_per_group"": 200000, ""subsidy"": 0.6}",logistic_A_vs_B,0.6,True,200000,effective_correction_a,0.4377469202687159,synthetic,ALL,not_applicable,not_applicable
EXP-03,SYNTHETIC EXPERIMENT,1734,full,664a150484ed2af3,2d4a553f782b84ee,"{""family_pair"": ""logistic_A_vs_B"", ""formal_policy_equal"": true, ""n_per_group"": 200000, ""subsidy"": 0.7}",logistic_A_vs_B,0.7,True,200000,effective_correction_a,0.4790793587440963,synthetic,ALL,not_applicable,not_applicable
EXP-03,SYNTHETIC EXPERIMENT,1734,full,664a150484ed2af3,18f7de4d27d375fd,"{""family_pair"": ""logistic_A_vs_B"", ""formal_policy_equal"": true, ""n_per_group"": 200000, ""subsidy"": 0.8}",logistic_A_vs_B,0.8,True,200000,effective_correction_a,0.5189261075554816,synthetic,ALL,not_applicable,not_applicable
EXP-03,SYNTHETIC EXPERIMENT,1734,full,664a150484ed2af3,224922c21ee56a16,"{""family_pair"": ""logistic_A_vs_B"", ""formal_policy_equal"": true, ""n_per_group"": 200000, ""subsidy"": 0.9}",logistic_A_vs_B,0.9,True,200000,effective_correction_a,0.550675619387194,synthetic,ALL,not_applicable,not_applicable
EXP-03,SYNTHETIC EXPERIMENT,1734,full,664a150484ed2af3,83e869194360d0b0,"{""family_pair"": ""logistic_A_vs_B"", ""formal_policy_equal"": true, ""n_per_group"": 200000, ""subsidy"": 1.0}",logistic_A_vs_B,1.0,True,200000,effective_correction_a,0.5862241161195819,synthetic,ALL,not_applicable,not_applicable
EXP-03,SYNTHETIC EXPERIMENT,1734,full,664a150484ed2af3,b6ef94d4c8fb9136,"{""family_pair"": ""logistic_A_vs_B"", ""formal_policy_equal"": true, ""n_per_group"": 200000, ""subsidy"": 1.25}",logistic_A_vs_B,1.25,True,200000,effective_correction_a,0.6577950574846902,synthetic,ALL,not_applicable,not_applicable
EXP-03,SYNTHETIC EXPERIMENT,1734,full,664a150484ed2af3,178605d93be8e7ac,"{""family_pair"": ""logistic_A_vs_B"", ""formal_policy_equal"": true, ""n_per_group"": 200000, ""subsidy"": 1.5}",logistic_A_vs_B,1.5,True,200000,effective_correction_a,0.7014145344236349,synthetic,ALL,not_applicable,not_applicable
EXP-03,SYNTHETIC EXPERIMENT,1734,full,664a150484ed2af3,ac1324cdc88202bb,"{""family_pair"": ""logistic_A_vs_B"", ""formal_policy_equal"": true, ""n_per_group"": 200000, ""subsidy"": 1.75}",logistic_A_vs_B,1.75,True,200000,effective_correction_a,0.7374519311151981,synthetic,ALL,not_applicable,not_applicable
EXP-03,SYNTHETIC EXPERIMENT,1734,full,664a150484ed2af3,0f8bee11addd1cd2,"{""family_pair"": ""logistic_A_vs_B"", ""formal_policy_equal"": true, ""n_per_group"": 200000, ""subsidy"": 2.0}",logistic_A_vs_B,2.0,True,200000,effective_correction_a,0.7627603646769149,synthetic,ALL,not_applicable,not_applicable
EXP-03,SYNTHETIC EXPERIMENT,1734,full,664a150484ed2af3,e15565211775e638,"{""family_pair"": ""pareto_A_vs_B"", ""formal_policy_equal"": true, ""n_per_group"": 200000, ""subsidy"": 0.0}",pareto_A_vs_B,0.0,True,200000,effective_correction_a,0.0,synthetic,ALL,not_applicable,not_applicable
EXP-03,SYNTHETIC EXPERIMENT,1734,full,664a150484ed2af3,14c4fa8917b3b1a6,"{""family_pair"": ""pareto_A_vs_B"", ""formal_policy_equal"": true, ""n_per_group"": 200000, ""subsidy"": 0.1}",pareto_A_vs_B,0.1,True,200000,effective_correction_a,0.0,synthetic,ALL,not_applicable,not_applicable
EXP-03,SYNTHETIC EXPERIMENT,1734,full,664a150484ed2af3,baca0f123f4f68f8,"{""family_pair"": ""pareto_A_vs_B"", ""formal_policy_equal"": true, ""n_per_group"": 200000, ""subsidy"": 0.2}",pareto_A_vs_B,0.2,True,200000,effective_correction_a,0.0,synthetic,ALL,not_applicable,not_applicable
EXP-03,SYNTHETIC EXPERIMENT,1734,full,664a150484ed2af3,84c05c52a6fcc86a,"{""family_pair"": ""pareto_A_vs_B"", ""formal_policy_equal"": true, ""n_per_group"": 200000, ""subsidy"": 0.3}",pareto_A_vs_B,0.3,True,200000,effective_correction_a,0.0,synthetic,ALL,not_applicable,not_applicable
EXP-03,SYNTHETIC EXPERIMENT,1734,full,664a150484ed2af3,edf772fa32bff4ac,"{""family_pair"": ""pareto_A_vs_B"", ""formal_policy_equal"": true, ""n_per_group"": 200000, ""subsidy"": 0.4}",pareto_A_vs_B,0.4,True,200000,effective_correction_a,0.0,synthetic,ALL,not_applicable,not_applicable
EXP-03,SYNTHETIC EXPERIMENT,1734,full,664a150484ed2af3,6beb74afdc0b0ebb,"{""family_pair"": ""pareto_A_vs_B"", ""formal_policy_equal"": true, ""n_per_group"": 200000, ""subsidy"": 0.5}",pareto_A_vs_B,0.5,True,200000,effective_correction_a,0.0,synthetic,ALL,not_applicable,not_applicable
EXP-03,SYNTHETIC EXPERIMENT,1734,full,664a150484ed2af3,2768d4652bbfd10c,"{""family_pair"": ""pareto_A_vs_B"", ""formal_policy_equal"": true, ""n_per_group"": 200000, ""subsidy"": 0.6}",pareto_A_vs_B,0.6,True,200000,effective_correction_a,0.10709230487419027,synthetic,ALL,not_applicable,not_applicable
EXP-03,SYNTHETIC EXPERIMENT,1734,full,664a150484ed2af3,6720a925d5fe19b4,"{""family_pair"": ""pareto_A_vs_B"", ""formal_policy_equal"": true, ""n_per_group"": 200000, ""subsidy"": 0.7}",pareto_A_vs_B,0.7,True,200000,effective_correction_a,0.19376942875288297,synthetic,ALL,not_applicable,not_applicable
EXP-03,SYNTHETIC EXPERIMENT,1734,full,664a150484ed2af3,c312a5d530ac706c,"{""family_pair"": ""pareto_A_vs_B"", ""formal_policy_equal"": true, ""n_per_group"": 200000, ""subsidy"": 0.8}",pareto_A_vs_B,0.8,True,200000,effective_correction_a,0.26265161020493516,synthetic,ALL,not_applicable,not_applicable
EXP-03,SYNTHETIC EXPERIMENT,1734,full,664a150484ed2af3,2b0d5215ce435e30,"{""family_pair"": ""pareto_A_vs_B"", ""formal_policy_equal"": true, ""n_per_group"": 200000, ""subsidy"": 0.9}",pareto_A_vs_B,0.9,True,200000,effective_correction_a,0.3181772808943901,synthetic,ALL,not_applicable,not_applicable
EXP-03,SYNTHETIC EXPERIMENT,1734,full,664a150484ed2af3,46e19ce62c8603c7,"{""family_pair"": ""pareto_A_vs_B"", ""formal_policy_equal"": true, ""n_per_group"": 200000, ""subsidy"": 1.0}",pareto_A_vs_B,1.0,True,200000,effective_correction_a,0.36475045683917584,synthetic,ALL,not_applicable,not_applicable
EXP-03,SYNTHETIC EXPERIMENT,1734,full,664a150484ed2af3,8d8ead1dbd0a19ff,"{""family_pair"": ""pareto_A_vs_B"", ""formal_policy_equal"": true, ""n_per_group"": 200000, ""subsidy"": 1.25}",pareto_A_vs_B,1.25,True,200000,effective_correction_a,0.45677687613171486,synthetic,ALL,not_applicable,not_applicable
EXP-03,SYNTHETIC EXPERIMENT,1734,full,664a150484ed2af3,d454106141e4205b,"{""family_pair"": ""pareto_A_vs_B"", ""formal_policy_equal"": true, ""n_per_group"": 200000, ""subsidy"": 1.5}",pareto_A_vs_B,1.5,True,200000,effective_correction_a,0.5188006186492824,synthetic,ALL,not_applicable,not_applicable
EXP-03,SYNTHETIC EXPERIMENT,1734,full,664a150484ed2af3,3b091711aeda72ba,"{""family_pair"": ""pareto_A_vs_B"", ""formal_policy_equal"": true, ""n_per_group"": 200000, ""subsidy"": 1.75}",pareto_A_vs_B,1.75,True,200000,effective_correction_a,0.5635363719690026,synthetic,ALL,not_applicable,not_applicable
EXP-03,SYNTHETIC EXPERIMENT,1734,full,664a150484ed2af3,e1438ef1c7c46db3,"{""family_pair"": ""pareto_A_vs_B"", ""formal_policy_equal"": true, ""n_per_group"": 200000, ""subsidy"": 2.0}",pareto_A_vs_B,2.0,True,200000,effective_correction_a,0.5971700162047479,synthetic,ALL,not_applicable,not_applicable
EXP-03,SYNTHETIC EXPERIMENT,1734,full,664a150484ed2af3,4338615956f6d866,"{""family_pair"": ""uniform_A_vs_B"", ""formal_policy_equal"": true, ""n_per_group"": 200000, ""subsidy"": 0.0}",uniform_A_vs_B,0.0,True,200000,effective_correction_b,0.3971496595241663,synthetic,ALL,not_applicable,not_applicable
EXP-03,SYNTHETIC EXPERIMENT,1734,full,664a150484ed2af3,c68fa5448714f757,"{""family_pair"": ""uniform_A_vs_B"", ""formal_policy_equal"": true, ""n_per_group"": 200000, ""subsidy"": 0.1}",uniform_A_vs_B,0.1,True,200000,effective_correction_b,0.48151600392816124,synthetic,ALL,not_applicable,not_applicable
EXP-03,SYNTHETIC EXPERIMENT,1734,full,664a150484ed2af3,e26808a1db4f8f6e,"{""family_pair"": ""uniform_A_vs_B"", ""formal_policy_equal"": true, ""n_per_group"": 200000, ""subsidy"": 0.2}",uniform_A_vs_B,0.2,True,200000,effective_correction_b,0.5566506570609032,synthetic,ALL,not_applicable,not_applicable
EXP-03,SYNTHETIC EXPERIMENT,1734,full,664a150484ed2af3,e4cce325fbc99016,"{""family_pair"": ""uniform_A_vs_B"", ""formal_policy_equal"": true, ""n_per_group"": 200000, ""subsidy"": 0.3}",uniform_A_vs_B,0.3,True,200000,effective_correction_b,0.6415254378232741,synthetic,ALL,not_applicable,not_applicable
EXP-03,SYNTHETIC EXPERIMENT,1734,full,664a150484ed2af3,847cb4ae861f1800,"{""family_pair"": ""uniform_A_vs_B"", ""formal_policy_equal"": true, ""n_per_group"": 200000, ""subsidy"": 0.4}",uniform_A_vs_B,0.4,True,200000,effective_correction_b,0.7236721725967696,synthetic,ALL,not_applicable,not_applicable
EXP-03,SYNTHETIC EXPERIMENT,1734,full,664a150484ed2af3,5ff6f0304435b9b0,"{""family_pair"": ""uniform_A_vs_B"", ""formal_policy_equal"": true, ""n_per_group"": 200000, ""subsidy"": 0.5}",uniform_A_vs_B,0.5,True,200000,effective_correction_b,0.7995241818756551,synthetic,ALL,not_applicable,not_applicable
EXP-03,SYNTHETIC EXPERIMENT,1734,full,664a150484ed2af3,aa550840ce409a36,"{""family_pair"": ""uniform_A_vs_B"", ""formal_policy_equal"": true, ""n_per_group"": 200000, ""subsidy"": 0.6}",uniform_A_vs_B,0.6,True,200000,effective_correction_b,0.8005370157268892,synthetic,ALL,not_applicable,not_applicable
EXP-03,SYNTHETIC EXPERIMENT,1734,full,664a150484ed2af3,43bdd4beb9d65255,"{""family_pair"": ""uniform_A_vs_B"", ""formal_policy_equal"": true, ""n_per_group"": 200000, ""subsidy"": 0.7}",uniform_A_vs_B,0.7,True,200000,effective_correction_b,0.7963188546064378,synthetic,ALL,not_applicable,not_applicable
EXP-03,SYNTHETIC EXPERIMENT,1734,full,664a150484ed2af3,8a79fbeab60bfcf3,"{""family_pair"": ""uniform_A_vs_B"", ""formal_policy_equal"": true, ""n_per_group"": 200000, ""subsidy"": 0.8}",uniform_A_vs_B,0.8,True,200000,effective_correction_b,0.8008535324909145,synthetic,ALL,not_applicable,not_applicable
EXP-03,SYNTHETIC EXPERIMENT,1734,full,664a150484ed2af3,06c5dc32861055c3,"{""family_pair"": ""uniform_A_vs_B"", ""formal_policy_equal"": true, ""n_per_group"": 200000, ""subsidy"": 0.9}",uniform_A_vs_B,0.9,True,200000,effective_correction_b,0.7963700604989917,synthetic,ALL,not_applicable,not_applicable
EXP-03,SYNTHETIC EXPERIMENT,1734,full,664a150484ed2af3,d1602228ad1c5976,"{""family_pair"": ""uniform_A_vs_B"", ""formal_policy_equal"": true, ""n_per_group"": 200000, ""subsidy"": 1.0}",uniform_A_vs_B,1.0,True,200000,effective_correction_b,0.8017238510432959,synthetic,ALL,not_applicable,not_applicable
EXP-03,SYNTHETIC EXPERIMENT,1734,full,664a150484ed2af3,c6279785591b770c,"{""family_pair"": ""uniform_A_vs_B"", ""formal_policy_equal"": true, ""n_per_group"": 200000, ""subsidy"": 1.25}",uniform_A_vs_B,1.25,True,200000,effective_correction_b,0.8003220611916264,synthetic,ALL,not_applicable,not_applicable
EXP-03,SYNTHETIC EXPERIMENT,1734,full,664a150484ed2af3,64b11792c16678de,"{""family_pair"": ""uniform_A_vs_B"", ""formal_policy_equal"": true, ""n_per_group"": 200000, ""subsidy"": 1.5}",uniform_A_vs_B,1.5,True,200000,effective_correction_b,0.8010314423556812,synthetic,ALL,not_applicable,not_applicable
EXP-03,SYNTHETIC EXPERIMENT,1734,full,664a150484ed2af3,00e12b52dcc2fc30,"{""family_pair"": ""uniform_A_vs_B"", ""formal_policy_equal"": true, ""n_per_group"": 200000, ""subsidy"": 1.75}",uniform_A_vs_B,1.75,True,200000,effective_correction_b,0.7998871013265594,synthetic,ALL,not_applicable,not_applicable
EXP-03,SYNTHETIC EXPERIMENT,1734,full,664a150484ed2af3,4f951f13ca9cbe5d,"{""family_pair"": ""uniform_A_vs_B"", ""formal_policy_equal"": true, ""n_per_group"": 200000, ""subsidy"": 2.0}",uniform_A_vs_B,2.0,True,200000,effective_correction_b,0.7979196628649787,synthetic,ALL,not_applicable,not_applicable
EXP-03,SYNTHETIC EXPERIMENT,1734,full,664a150484ed2af3,0a557b754e3f722f,"{""family_pair"": ""exponential_A_vs_B"", ""formal_policy_equal"": true, ""n_per_group"": 200000, ""subsidy"": 0.0}",exponential_A_vs_B,0.0,True,200000,effective_correction_b,0.31279946389680013,synthetic,ALL,not_applicable,not_applicable
EXP-03,SYNTHETIC EXPERIMENT,1734,full,664a150484ed2af3,0ac3541f9947d8b2,"{""family_pair"": ""exponential_A_vs_B"", ""formal_policy_equal"": true, ""n_per_group"": 200000, ""subsidy"": 0.1}",exponential_A_vs_B,0.1,True,200000,effective_correction_b,0.35861135254395937,synthetic,ALL,not_applicable,not_applicable
EXP-03,SYNTHETIC EXPERIMENT,1734,full,664a150484ed2af3,592295b88e9fa031,"{""family_pair"": ""exponential_A_vs_B"", ""formal_policy_equal"": true, ""n_per_group"": 200000, ""subsidy"": 0.2}",exponential_A_vs_B,0.2,True,200000,effective_correction_b,0.4021675892218953,synthetic,ALL,not_applicable,not_applicable
EXP-03,SYNTHETIC EXPERIMENT,1734,full,664a150484ed2af3,ab5f557f4f9bdef7,"{""family_pair"": ""exponential_A_vs_B"", ""formal_policy_equal"": true, ""n_per_group"": 200000, ""subsidy"": 0.3}",exponential_A_vs_B,0.3,True,200000,effective_correction_b,0.43947749879204917,synthetic,ALL,not_applicable,not_applicable
EXP-03,SYNTHETIC EXPERIMENT,1734,full,664a150484ed2af3,0b6afeb41c1f7f0a,"{""family_pair"": ""exponential_A_vs_B"", ""formal_policy_equal"": true, ""n_per_group"": 200000, ""subsidy"": 0.4}",exponential_A_vs_B,0.4,True,200000,effective_correction_b,0.4740722291407223,synthetic,ALL,not_applicable,not_applicable
EXP-03,SYNTHETIC EXPERIMENT,1734,full,664a150484ed2af3,887cb7d4f64085c6,"{""family_pair"": ""exponential_A_vs_B"", ""formal_policy_equal"": true, ""n_per_group"": 200000, ""subsidy"": 0.5}",exponential_A_vs_B,0.5,True,200000,effective_correction_b,0.5054904892432927,synthetic,ALL,not_applicable,not_applicable
EXP-03,SYNTHETIC EXPERIMENT,1734,full,664a150484ed2af3,cb3673825243bba1,"{""family_pair"": ""exponential_A_vs_B"", ""formal_policy_equal"": true, ""n_per_group"": 200000, ""subsidy"": 0.6}",exponential_A_vs_B,0.6,True,200000,effective_correction_b,0.5319858026028561,synthetic,ALL,not_applicable,not_applicable
EXP-03,SYNTHETIC EXPERIMENT,1734,full,664a150484ed2af3,195df8dece541350,"{""family_pair"": ""exponential_A_vs_B"", ""formal_policy_equal"": true, ""n_per_group"": 200000, ""subsidy"": 0.7}",exponential_A_vs_B,0.7,True,200000,effective_correction_b,0.5584923886612705,synthetic,ALL,not_applicable,not_applicable
EXP-03,SYNTHETIC EXPERIMENT,1734,full,664a150484ed2af3,70618ecb00cab6b5,"{""family_pair"": ""exponential_A_vs_B"", ""formal_policy_equal"": true, ""n_per_group"": 200000, ""subsidy"": 0.8}",exponential_A_vs_B,0.8,True,200000,effective_correction_b,0.5795060080106809,synthetic,ALL,not_applicable,not_applicable
EXP-03,SYNTHETIC EXPERIMENT,1734,full,664a150484ed2af3,1b7a341471ac317f,"{""family_pair"": ""exponential_A_vs_B"", ""formal_policy_equal"": true, ""n_per_group"": 200000, ""subsidy"": 0.9}",exponential_A_vs_B,0.9,True,200000,effective_correction_b,0.6053092327958514,synthetic,ALL,not_applicable,not_applicable
EXP-03,SYNTHETIC EXPERIMENT,1734,full,664a150484ed2af3,80ad9ba96da3aa6f,"{""family_pair"": ""exponential_A_vs_B"", ""formal_policy_equal"": true, ""n_per_group"": 200000, ""subsidy"": 1.0}",exponential_A_vs_B,1.0,True,200000,effective_correction_b,0.6231857614411067,synthetic,ALL,not_applicable,not_applicable
EXP-03,SYNTHETIC EXPERIMENT,1734,full,664a150484ed2af3,ffaef5c2ab07acd8,"{""family_pair"": ""exponential_A_vs_B"", ""formal_policy_equal"": true, ""n_per_group"": 200000, ""subsidy"": 1.25}",exponential_A_vs_B,1.25,True,200000,effective_correction_b,0.6593577002601214,synthetic,ALL,not_applicable,not_applicable
EXP-03,SYNTHETIC EXPERIMENT,1734,full,664a150484ed2af3,26ecb4ddd3649de0,"{""family_pair"": ""exponential_A_vs_B"", ""formal_policy_equal"": true, ""n_per_group"": 200000, ""subsidy"": 1.5}",exponential_A_vs_B,1.5,True,200000,effective_correction_b,0.6922409477724011,synthetic,ALL,not_applicable,not_applicable
EXP-03,SYNTHETIC EXPERIMENT,1734,full,664a150484ed2af3,673569926a45a05a,"{""family_pair"": ""exponential_A_vs_B"", ""formal_policy_equal"": true, ""n_per_group"": 200000, ""subsidy"": 1.75}",exponential_A_vs_B,1.75,True,200000,effective_correction_b,0.7140739013094326,synthetic,ALL,not_applicable,not_applicable
EXP-03,SYNTHETIC EXPERIMENT,1734,full,664a150484ed2af3,f0e6e0c672c2d0e5,"{""family_pair"": ""exponential_A_vs_B"", ""formal_policy_equal"": true, ""n_per_group"": 200000, ""subsidy"": 2.0}",exponential_A_vs_B,2.0,True,200000,effective_correction_b,0.7362536196709238,synthetic,ALL,not_applicable,not_applicable
EXP-03,SYNTHETIC EXPERIMENT,1734,full,664a150484ed2af3,b276b578d51daa1c,"{""family_pair"": ""logistic_A_vs_B"", ""formal_policy_equal"": true, ""n_per_group"": 200000, ""subsidy"": 0.0}",logistic_A_vs_B,0.0,True,200000,effective_correction_b,0.3982542097958228,synthetic,ALL,not_applicable,not_applicable
EXP-03,SYNTHETIC EXPERIMENT,1734,full,664a150484ed2af3,ffa52f5cb4396c03,"{""family_pair"": ""logistic_A_vs_B"", ""formal_policy_equal"": true, ""n_per_group"": 200000, ""subsidy"": 0.1}",logistic_A_vs_B,0.1,True,200000,effective_correction_b,0.44050041701417847,synthetic,ALL,not_applicable,not_applicable
EXP-03,SYNTHETIC EXPERIMENT,1734,full,664a150484ed2af3,b2d4133387a20256,"{""family_pair"": ""logistic_A_vs_B"", ""formal_policy_equal"": true, ""n_per_group"": 200000, ""subsidy"": 0.2}",logistic_A_vs_B,0.2,True,200000,effective_correction_b,0.4801808815490881,synthetic,ALL,not_applicable,not_applicable
EXP-03,SYNTHETIC EXPERIMENT,1734,full,664a150484ed2af3,9106292078060093,"{""family_pair"": ""logistic_A_vs_B"", ""formal_policy_equal"": true, ""n_per_group"": 200000, ""subsidy"": 0.3}",logistic_A_vs_B,0.3,True,200000,effective_correction_b,0.5158956148872734,synthetic,ALL,not_applicable,not_applicable
EXP-03,SYNTHETIC EXPERIMENT,1734,full,664a150484ed2af3,fe4afdbba7764cd6,"{""family_pair"": ""logistic_A_vs_B"", ""formal_policy_equal"": true, ""n_per_group"": 200000, ""subsidy"": 0.4}",logistic_A_vs_B,0.4,True,200000,effective_correction_b,0.5576878110699135,synthetic,ALL,not_applicable,not_applicable
EXP-03,SYNTHETIC EXPERIMENT,1734,full,664a150484ed2af3,19bceb8670eb268e,"{""family_pair"": ""logistic_A_vs_B"", ""formal_policy_equal"": true, ""n_per_group"": 200000, ""subsidy"": 0.5}",logistic_A_vs_B,0.5,True,200000,effective_correction_b,0.5823552065368451,synthetic,ALL,not_applicable,not_applicable
EXP-03,SYNTHETIC EXPERIMENT,1734,full,664a150484ed2af3,1ebb499b884bfebb,"{""family_pair"": ""logistic_A_vs_B"", ""formal_policy_equal"": true, ""n_per_group"": 200000, ""subsidy"": 0.6}",logistic_A_vs_B,0.6,True,200000,effective_correction_b,0.610440500107925,synthetic,ALL,not_applicable,not_applicable
EXP-03,SYNTHETIC EXPERIMENT,1734,full,664a150484ed2af3,2d4a553f782b84ee,"{""family_pair"": ""logistic_A_vs_B"", ""formal_policy_equal"": true, ""n_per_group"": 200000, ""subsidy"": 0.7}",logistic_A_vs_B,0.7,True,200000,effective_correction_b,0.6384851313508467,synthetic,ALL,not_applicable,not_applicable
EXP-03,SYNTHETIC EXPERIMENT,1734,full,664a150484ed2af3,18f7de4d27d375fd,"{""family_pair"": ""logistic_A_vs_B"", ""formal_policy_equal"": true, ""n_per_group"": 200000, ""subsidy"": 0.8}",logistic_A_vs_B,0.8,True,200000,effective_correction_b,0.6667166916791729,synthetic,ALL,not_applicable,not_applicable
EXP-03,SYNTHETIC EXPERIMENT,1734,full,664a150484ed2af3,224922c21ee56a16,"{""family_pair"": ""logistic_A_vs_B"", ""formal_policy_equal"": true, ""n_per_group"": 200000, ""subsidy"": 0.9}",logistic_A_vs_B,0.9,True,200000,effective_correction_b,0.6885784024913728,synthetic,ALL,not_applicable,not_applicable
EXP-03,SYNTHETIC EXPERIMENT,1734,full,664a150484ed2af3,83e869194360d0b0,"{""family_pair"": ""logistic_A_vs_B"", ""formal_policy_equal"": true, ""n_per_group"": 200000, ""subsidy"": 1.0}",logistic_A_vs_B,1.0,True,200000,effective_correction_b,0.7052111574990436,synthetic,ALL,not_applicable,not_applicable
EXP-03,SYNTHETIC EXPERIMENT,1734,full,664a150484ed2af3,b6ef94d4c8fb9136,"{""family_pair"": ""logistic_A_vs_B"", ""formal_policy_equal"": true, ""n_per_group"": 200000, ""subsidy"": 1.25}",logistic_A_vs_B,1.25,True,200000,effective_correction_b,0.7350411710887466,synthetic,ALL,not_applicable,not_applicable
EXP-03,SYNTHETIC EXPERIMENT,1734,full,664a150484ed2af3,178605d93be8e7ac,"{""family_pair"": ""logistic_A_vs_B"", ""formal_policy_equal"": true, ""n_per_group"": 200000, ""subsidy"": 1.5}",logistic_A_vs_B,1.5,True,200000,effective_correction_b,0.7581996568553963,synthetic,ALL,not_applicable,not_applicable
EXP-03,SYNTHETIC EXPERIMENT,1734,full,664a150484ed2af3,ac1324cdc88202bb,"{""family_pair"": ""logistic_A_vs_B"", ""formal_policy_equal"": true, ""n_per_group"": 200000, ""subsidy"": 1.75}",logistic_A_vs_B,1.75,True,200000,effective_correction_b,0.7780754931841779,synthetic,ALL,not_applicable,not_applicable
EXP-03,SYNTHETIC EXPERIMENT,1734,full,664a150484ed2af3,0f8bee11addd1cd2,"{""family_pair"": ""logistic_A_vs_B"", ""formal_policy_equal"": true, ""n_per_group"": 200000, ""subsidy"": 2.0}",logistic_A_vs_B,2.0,True,200000,effective_correction_b,0.7858250904905673,synthetic,ALL,not_applicable,not_applicable
EXP-03,SYNTHETIC EXPERIMENT,1734,full,664a150484ed2af3,e15565211775e638,"{""family_pair"": ""pareto_A_vs_B"", ""formal_policy_equal"": true, ""n_per_group"": 200000, ""subsidy"": 0.0}",pareto_A_vs_B,0.0,True,200000,effective_correction_b,0.0,synthetic,ALL,not_applicable,not_applicable
EXP-03,SYNTHETIC EXPERIMENT,1734,full,664a150484ed2af3,14c4fa8917b3b1a6,"{""family_pair"": ""pareto_A_vs_B"", ""formal_policy_equal"": true, ""n_per_group"": 200000, ""subsidy"": 0.1}",pareto_A_vs_B,0.1,True,200000,effective_correction_b,0.0,synthetic,ALL,not_applicable,not_applicable
EXP-03,SYNTHETIC EXPERIMENT,1734,full,664a150484ed2af3,baca0f123f4f68f8,"{""family_pair"": ""pareto_A_vs_B"", ""formal_policy_equal"": true, ""n_per_group"": 200000, ""subsidy"": 0.2}",pareto_A_vs_B,0.2,True,200000,effective_correction_b,0.0,synthetic,ALL,not_applicable,not_applicable
EXP-03,SYNTHETIC EXPERIMENT,1734,full,664a150484ed2af3,84c05c52a6fcc86a,"{""family_pair"": ""pareto_A_vs_B"", ""formal_policy_equal"": true, ""n_per_group"": 200000, ""subsidy"": 0.3}",pareto_A_vs_B,0.3,True,200000,effective_correction_b,0.0,synthetic,ALL,not_applicable,not_applicable
EXP-03,SYNTHETIC EXPERIMENT,1734,full,664a150484ed2af3,edf772fa32bff4ac,"{""family_pair"": ""pareto_A_vs_B"", ""formal_policy_equal"": true, ""n_per_group"": 200000, ""subsidy"": 0.4}",pareto_A_vs_B,0.4,True,200000,effective_correction_b,0.0,synthetic,ALL,not_applicable,not_applicable
EXP-03,SYNTHETIC EXPERIMENT,1734,full,664a150484ed2af3,6beb74afdc0b0ebb,"{""family_pair"": ""pareto_A_vs_B"", ""formal_policy_equal"": true, ""n_per_group"": 200000, ""subsidy"": 0.5}",pareto_A_vs_B,0.5,True,200000,effective_correction_b,0.0,synthetic,ALL,not_applicable,not_applicable
EXP-03,SYNTHETIC EXPERIMENT,1734,full,664a150484ed2af3,2768d4652bbfd10c,"{""family_pair"": ""pareto_A_vs_B"", ""formal_policy_equal"": true, ""n_per_group"": 200000, ""subsidy"": 0.6}",pareto_A_vs_B,0.6,True,200000,effective_correction_b,0.199601527478001,synthetic,ALL,not_applicable,not_applicable
EXP-03,SYNTHETIC EXPERIMENT,1734,full,664a150484ed2af3,6720a925d5fe19b4,"{""family_pair"": ""pareto_A_vs_B"", ""formal_policy_equal"": true, ""n_per_group"": 200000, ""subsidy"": 0.7}",pareto_A_vs_B,0.7,True,200000,effective_correction_b,0.3359448082319925,synthetic,ALL,not_applicable,not_applicable
EXP-03,SYNTHETIC EXPERIMENT,1734,full,664a150484ed2af3,c312a5d530ac706c,"{""family_pair"": ""pareto_A_vs_B"", ""formal_policy_equal"": true, ""n_per_group"": 200000, ""subsidy"": 0.8}",pareto_A_vs_B,0.8,True,200000,effective_correction_b,0.4365739733136897,synthetic,ALL,not_applicable,not_applicable
EXP-03,SYNTHETIC EXPERIMENT,1734,full,664a150484ed2af3,2b0d5215ce435e30,"{""family_pair"": ""pareto_A_vs_B"", ""formal_policy_equal"": true, ""n_per_group"": 200000, ""subsidy"": 0.9}",pareto_A_vs_B,0.9,True,200000,effective_correction_b,0.5075137752546335,synthetic,ALL,not_applicable,not_applicable
EXP-03,SYNTHETIC EXPERIMENT,1734,full,664a150484ed2af3,46e19ce62c8603c7,"{""family_pair"": ""pareto_A_vs_B"", ""formal_policy_equal"": true, ""n_per_group"": 200000, ""subsidy"": 1.0}",pareto_A_vs_B,1.0,True,200000,effective_correction_b,0.5631259839882089,synthetic,ALL,not_applicable,not_applicable
EXP-03,SYNTHETIC EXPERIMENT,1734,full,664a150484ed2af3,8d8ead1dbd0a19ff,"{""family_pair"": ""pareto_A_vs_B"", ""formal_policy_equal"": true, ""n_per_group"": 200000, ""subsidy"": 1.25}",pareto_A_vs_B,1.25,True,200000,effective_correction_b,0.6486364245510587,synthetic,ALL,not_applicable,not_applicable
EXP-03,SYNTHETIC EXPERIMENT,1734,full,664a150484ed2af3,d454106141e4205b,"{""family_pair"": ""pareto_A_vs_B"", ""formal_policy_equal"": true, ""n_per_group"": 200000, ""subsidy"": 1.5}",pareto_A_vs_B,1.5,True,200000,effective_correction_b,0.700454862379229,synthetic,ALL,not_applicable,not_applicable
EXP-03,SYNTHETIC EXPERIMENT,1734,full,664a150484ed2af3,3b091711aeda72ba,"{""family_pair"": ""pareto_A_vs_B"", ""formal_policy_equal"": true, ""n_per_group"": 200000, ""subsidy"": 1.75}",pareto_A_vs_B,1.75,True,200000,effective_correction_b,0.7317069136619252,synthetic,ALL,not_applicable,not_applicable
EXP-03,SYNTHETIC EXPERIMENT,1734,full,664a150484ed2af3,e1438ef1c7c46db3,"{""family_pair"": ""pareto_A_vs_B"", ""formal_policy_equal"": true, ""n_per_group"": 200000, ""subsidy"": 2.0}",pareto_A_vs_B,2.0,True,200000,effective_correction_b,0.7499000266595575,synthetic,ALL,not_applicable,not_applicable
EXP-03,SYNTHETIC EXPERIMENT,1734,full,664a150484ed2af3,4338615956f6d866,"{""family_pair"": ""uniform_A_vs_B"", ""formal_policy_equal"": true, ""n_per_group"": 200000, ""subsidy"": 0.0}",uniform_A_vs_B,0.0,True,200000,post_fnr_a,0.240355,synthetic,ALL,not_applicable,not_applicable
EXP-03,SYNTHETIC EXPERIMENT,1734,full,664a150484ed2af3,c68fa5448714f757,"{""family_pair"": ""uniform_A_vs_B"", ""formal_policy_equal"": true, ""n_per_group"": 200000, ""subsidy"": 0.1}",uniform_A_vs_B,0.1,True,200000,post_fnr_a,0.228905,synthetic,ALL,not_applicable,not_applicable
EXP-03,SYNTHETIC EXPERIMENT,1734,full,664a150484ed2af3,e26808a1db4f8f6e,"{""family_pair"": ""uniform_A_vs_B"", ""formal_policy_equal"": true, ""n_per_group"": 200000, ""subsidy"": 0.2}",uniform_A_vs_B,0.2,True,200000,post_fnr_a,0.214755,synthetic,ALL,not_applicable,not_applicable
EXP-03,SYNTHETIC EXPERIMENT,1734,full,664a150484ed2af3,e4cce325fbc99016,"{""family_pair"": ""uniform_A_vs_B"", ""formal_policy_equal"": true, ""n_per_group"": 200000, ""subsidy"": 0.3}",uniform_A_vs_B,0.3,True,200000,post_fnr_a,0.2039,synthetic,ALL,not_applicable,not_applicable
EXP-03,SYNTHETIC EXPERIMENT,1734,full,664a150484ed2af3,847cb4ae861f1800,"{""family_pair"": ""uniform_A_vs_B"", ""formal_policy_equal"": true, ""n_per_group"": 200000, ""subsidy"": 0.4}",uniform_A_vs_B,0.4,True,200000,post_fnr_a,0.192315,synthetic,ALL,not_applicable,not_applicable
EXP-03,SYNTHETIC EXPERIMENT,1734,full,664a150484ed2af3,5ff6f0304435b9b0,"{""family_pair"": ""uniform_A_vs_B"", ""formal_policy_equal"": true, ""n_per_group"": 200000, ""subsidy"": 0.5}",uniform_A_vs_B,0.5,True,200000,post_fnr_a,0.18011,synthetic,ALL,not_applicable,not_applicable
EXP-03,SYNTHETIC EXPERIMENT,1734,full,664a150484ed2af3,aa550840ce409a36,"{""family_pair"": ""uniform_A_vs_B"", ""formal_policy_equal"": true, ""n_per_group"": 200000, ""subsidy"": 0.6}",uniform_A_vs_B,0.6,True,200000,post_fnr_a,0.16898,synthetic,ALL,not_applicable,not_applicable
EXP-03,SYNTHETIC EXPERIMENT,1734,full,664a150484ed2af3,43bdd4beb9d65255,"{""family_pair"": ""uniform_A_vs_B"", ""formal_policy_equal"": true, ""n_per_group"": 200000, ""subsidy"": 0.7}",uniform_A_vs_B,0.7,True,200000,post_fnr_a,0.15571,synthetic,ALL,not_applicable,not_applicable
EXP-03,SYNTHETIC EXPERIMENT,1734,full,664a150484ed2af3,8a79fbeab60bfcf3,"{""family_pair"": ""uniform_A_vs_B"", ""formal_policy_equal"": true, ""n_per_group"": 200000, ""subsidy"": 0.8}",uniform_A_vs_B,0.8,True,200000,post_fnr_a,0.143595,synthetic,ALL,not_applicable,not_applicable
EXP-03,SYNTHETIC EXPERIMENT,1734,full,664a150484ed2af3,06c5dc32861055c3,"{""family_pair"": ""uniform_A_vs_B"", ""formal_policy_equal"": true, ""n_per_group"": 200000, ""subsidy"": 0.9}",uniform_A_vs_B,0.9,True,200000,post_fnr_a,0.13211,synthetic,ALL,not_applicable,not_applicable
EXP-03,SYNTHETIC EXPERIMENT,1734,full,664a150484ed2af3,d1602228ad1c5976,"{""family_pair"": ""uniform_A_vs_B"", ""formal_policy_equal"": true, ""n_per_group"": 200000, ""subsidy"": 1.0}",uniform_A_vs_B,1.0,True,200000,post_fnr_a,0.11962,synthetic,ALL,not_applicable,not_applicable
EXP-03,SYNTHETIC EXPERIMENT,1734,full,664a150484ed2af3,c6279785591b770c,"{""family_pair"": ""uniform_A_vs_B"", ""formal_policy_equal"": true, ""n_per_group"": 200000, ""subsidy"": 1.25}",uniform_A_vs_B,1.25,True,200000,post_fnr_a,0.09074,synthetic,ALL,not_applicable,not_applicable
EXP-03,SYNTHETIC EXPERIMENT,1734,full,664a150484ed2af3,64b11792c16678de,"{""family_pair"": ""uniform_A_vs_B"", ""formal_policy_equal"": true, ""n_per_group"": 200000, ""subsidy"": 1.5}",uniform_A_vs_B,1.5,True,200000,post_fnr_a,0.059335,synthetic,ALL,not_applicable,not_applicable
EXP-03,SYNTHETIC EXPERIMENT,1734,full,664a150484ed2af3,00e12b52dcc2fc30,"{""family_pair"": ""uniform_A_vs_B"", ""formal_policy_equal"": true, ""n_per_group"": 200000, ""subsidy"": 1.75}",uniform_A_vs_B,1.75,True,200000,post_fnr_a,0.059135,synthetic,ALL,not_applicable,not_applicable
EXP-03,SYNTHETIC EXPERIMENT,1734,full,664a150484ed2af3,4f951f13ca9cbe5d,"{""family_pair"": ""uniform_A_vs_B"", ""formal_policy_equal"": true, ""n_per_group"": 200000, ""subsidy"": 2.0}",uniform_A_vs_B,2.0,True,200000,post_fnr_a,0.059795,synthetic,ALL,not_applicable,not_applicable
EXP-03,SYNTHETIC EXPERIMENT,1734,full,664a150484ed2af3,0a557b754e3f722f,"{""family_pair"": ""exponential_A_vs_B"", ""formal_policy_equal"": true, ""n_per_group"": 200000, ""subsidy"": 0.0}",exponential_A_vs_B,0.0,True,200000,post_fnr_a,0.24678,synthetic,ALL,not_applicable,not_applicable
EXP-03,SYNTHETIC EXPERIMENT,1734,full,664a150484ed2af3,0ac3541f9947d8b2,"{""family_pair"": ""exponential_A_vs_B"", ""formal_policy_equal"": true, ""n_per_group"": 200000, ""subsidy"": 0.1}",exponential_A_vs_B,0.1,True,200000,post_fnr_a,0.236405,synthetic,ALL,not_applicable,not_applicable
EXP-03,SYNTHETIC EXPERIMENT,1734,full,664a150484ed2af3,592295b88e9fa031,"{""family_pair"": ""exponential_A_vs_B"", ""formal_policy_equal"": true, ""n_per_group"": 200000, ""subsidy"": 0.2}",exponential_A_vs_B,0.2,True,200000,post_fnr_a,0.229135,synthetic,ALL,not_applicable,not_applicable
EXP-03,SYNTHETIC EXPERIMENT,1734,full,664a150484ed2af3,ab5f557f4f9bdef7,"{""family_pair"": ""exponential_A_vs_B"", ""formal_policy_equal"": true, ""n_per_group"": 200000, ""subsidy"": 0.3}",exponential_A_vs_B,0.3,True,200000,post_fnr_a,0.22153,synthetic,ALL,not_applicable,not_applicable
EXP-03,SYNTHETIC EXPERIMENT,1734,full,664a150484ed2af3,0b6afeb41c1f7f0a,"{""family_pair"": ""exponential_A_vs_B"", ""formal_policy_equal"": true, ""n_per_group"": 200000, ""subsidy"": 0.4}",exponential_A_vs_B,0.4,True,200000,post_fnr_a,0.21535,synthetic,ALL,not_applicable,not_applicable
EXP-03,SYNTHETIC EXPERIMENT,1734,full,664a150484ed2af3,887cb7d4f64085c6,"{""family_pair"": ""exponential_A_vs_B"", ""formal_policy_equal"": true, ""n_per_group"": 200000, ""subsidy"": 0.5}",exponential_A_vs_B,0.5,True,200000,post_fnr_a,0.204805,synthetic,ALL,not_applicable,not_applicable
EXP-03,SYNTHETIC EXPERIMENT,1734,full,664a150484ed2af3,cb3673825243bba1,"{""family_pair"": ""exponential_A_vs_B"", ""formal_policy_equal"": true, ""n_per_group"": 200000, ""subsidy"": 0.6}",exponential_A_vs_B,0.6,True,200000,post_fnr_a,0.19739,synthetic,ALL,not_applicable,not_applicable
EXP-03,SYNTHETIC EXPERIMENT,1734,full,664a150484ed2af3,195df8dece541350,"{""family_pair"": ""exponential_A_vs_B"", ""formal_policy_equal"": true, ""n_per_group"": 200000, ""subsidy"": 0.7}",exponential_A_vs_B,0.7,True,200000,post_fnr_a,0.19233,synthetic,ALL,not_applicable,not_applicable
EXP-03,SYNTHETIC EXPERIMENT,1734,full,664a150484ed2af3,70618ecb00cab6b5,"{""family_pair"": ""exponential_A_vs_B"", ""formal_policy_equal"": true, ""n_per_group"": 200000, ""subsidy"": 0.8}",exponential_A_vs_B,0.8,True,200000,post_fnr_a,0.18465,synthetic,ALL,not_applicable,not_applicable
EXP-03,SYNTHETIC EXPERIMENT,1734,full,664a150484ed2af3,1b7a341471ac317f,"{""family_pair"": ""exponential_A_vs_B"", ""formal_policy_equal"": true, ""n_per_group"": 200000, ""subsidy"": 0.9}",exponential_A_vs_B,0.9,True,200000,post_fnr_a,0.17941,synthetic,ALL,not_applicable,not_applicable
EXP-03,SYNTHETIC EXPERIMENT,1734,full,664a150484ed2af3,80ad9ba96da3aa6f,"{""family_pair"": ""exponential_A_vs_B"", ""formal_policy_equal"": true, ""n_per_group"": 200000, ""subsidy"": 1.0}",exponential_A_vs_B,1.0,True,200000,post_fnr_a,0.17275,synthetic,ALL,not_applicable,not_applicable
EXP-03,SYNTHETIC EXPERIMENT,1734,full,664a150484ed2af3,ffaef5c2ab07acd8,"{""family_pair"": ""exponential_A_vs_B"", ""formal_policy_equal"": true, ""n_per_group"": 200000, ""subsidy"": 1.25}",exponential_A_vs_B,1.25,True,200000,post_fnr_a,0.15968,synthetic,ALL,not_applicable,not_applicable
EXP-03,SYNTHETIC EXPERIMENT,1734,full,664a150484ed2af3,26ecb4ddd3649de0,"{""family_pair"": ""exponential_A_vs_B"", ""formal_policy_equal"": true, ""n_per_group"": 200000, ""subsidy"": 1.5}",exponential_A_vs_B,1.5,True,200000,post_fnr_a,0.148465,synthetic,ALL,not_applicable,not_applicable
EXP-03,SYNTHETIC EXPERIMENT,1734,full,664a150484ed2af3,673569926a45a05a,"{""family_pair"": ""exponential_A_vs_B"", ""formal_policy_equal"": true, ""n_per_group"": 200000, ""subsidy"": 1.75}",exponential_A_vs_B,1.75,True,200000,post_fnr_a,0.13906,synthetic,ALL,not_applicable,not_applicable
EXP-03,SYNTHETIC EXPERIMENT,1734,full,664a150484ed2af3,f0e6e0c672c2d0e5,"{""family_pair"": ""exponential_A_vs_B"", ""formal_policy_equal"": true, ""n_per_group"": 200000, ""subsidy"": 2.0}",exponential_A_vs_B,2.0,True,200000,post_fnr_a,0.128125,synthetic,ALL,not_applicable,not_applicable
EXP-03,SYNTHETIC EXPERIMENT,1734,full,664a150484ed2af3,b276b578d51daa1c,"{""family_pair"": ""logistic_A_vs_B"", ""formal_policy_equal"": true, ""n_per_group"": 200000, ""subsidy"": 0.0}",logistic_A_vs_B,0.0,True,200000,post_fnr_a,0.23469,synthetic,ALL,not_applicable,not_applicable
EXP-03,SYNTHETIC EXPERIMENT,1734,full,664a150484ed2af3,ffa52f5cb4396c03,"{""family_pair"": ""logistic_A_vs_B"", ""formal_policy_equal"": true, ""n_per_group"": 200000, ""subsidy"": 0.1}",logistic_A_vs_B,0.1,True,200000,post_fnr_a,0.226755,synthetic,ALL,not_applicable,not_applicable
EXP-03,SYNTHETIC EXPERIMENT,1734,full,664a150484ed2af3,b2d4133387a20256,"{""family_pair"": ""logistic_A_vs_B"", ""formal_policy_equal"": true, ""n_per_group"": 200000, ""subsidy"": 0.2}",logistic_A_vs_B,0.2,True,200000,post_fnr_a,0.21596,synthetic,ALL,not_applicable,not_applicable
EXP-03,SYNTHETIC EXPERIMENT,1734,full,664a150484ed2af3,9106292078060093,"{""family_pair"": ""logistic_A_vs_B"", ""formal_policy_equal"": true, ""n_per_group"": 200000, ""subsidy"": 0.3}",logistic_A_vs_B,0.3,True,200000,post_fnr_a,0.204225,synthetic,ALL,not_applicable,not_applicable
EXP-03,SYNTHETIC EXPERIMENT,1734,full,664a150484ed2af3,fe4afdbba7764cd6,"{""family_pair"": ""logistic_A_vs_B"", ""formal_policy_equal"": true, ""n_per_group"": 200000, ""subsidy"": 0.4}",logistic_A_vs_B,0.4,True,200000,post_fnr_a,0.19274,synthetic,ALL,not_applicable,not_applicable
EXP-03,SYNTHETIC EXPERIMENT,1734,full,664a150484ed2af3,19bceb8670eb268e,"{""family_pair"": ""logistic_A_vs_B"", ""formal_policy_equal"": true, ""n_per_group"": 200000, ""subsidy"": 0.5}",logistic_A_vs_B,0.5,True,200000,post_fnr_a,0.179775,synthetic,ALL,not_applicable,not_applicable
EXP-03,SYNTHETIC EXPERIMENT,1734,full,664a150484ed2af3,1ebb499b884bfebb,"{""family_pair"": ""logistic_A_vs_B"", ""formal_policy_equal"": true, ""n_per_group"": 200000, ""subsidy"": 0.6}",logistic_A_vs_B,0.6,True,200000,post_fnr_a,0.168645,synthetic,ALL,not_applicable,not_applicable
EXP-03,SYNTHETIC EXPERIMENT,1734,full,664a150484ed2af3,2d4a553f782b84ee,"{""family_pair"": ""logistic_A_vs_B"", ""formal_policy_equal"": true, ""n_per_group"": 200000, ""subsidy"": 0.7}",logistic_A_vs_B,0.7,True,200000,post_fnr_a,0.15662,synthetic,ALL,not_applicable,not_applicable
EXP-03,SYNTHETIC EXPERIMENT,1734,full,664a150484ed2af3,18f7de4d27d375fd,"{""family_pair"": ""logistic_A_vs_B"", ""formal_policy_equal"": true, ""n_per_group"": 200000, ""subsidy"": 0.8}",logistic_A_vs_B,0.8,True,200000,post_fnr_a,0.144695,synthetic,ALL,not_applicable,not_applicable
EXP-03,SYNTHETIC EXPERIMENT,1734,full,664a150484ed2af3,224922c21ee56a16,"{""family_pair"": ""logistic_A_vs_B"", ""formal_policy_equal"": true, ""n_per_group"": 200000, ""subsidy"": 0.9}",logistic_A_vs_B,0.9,True,200000,post_fnr_a,0.13484,synthetic,ALL,not_applicable,not_applicable
EXP-03,SYNTHETIC EXPERIMENT,1734,full,664a150484ed2af3,83e869194360d0b0,"{""family_pair"": ""logistic_A_vs_B"", ""formal_policy_equal"": true, ""n_per_group"": 200000, ""subsidy"": 1.0}",logistic_A_vs_B,1.0,True,200000,post_fnr_a,0.12429,synthetic,ALL,not_applicable,not_applicable
EXP-03,SYNTHETIC EXPERIMENT,1734,full,664a150484ed2af3,b6ef94d4c8fb9136,"{""family_pair"": ""logistic_A_vs_B"", ""formal_policy_equal"": true, ""n_per_group"": 200000, ""subsidy"": 1.25}",logistic_A_vs_B,1.25,True,200000,post_fnr_a,0.10254,synthetic,ALL,not_applicable,not_applicable
EXP-03,SYNTHETIC EXPERIMENT,1734,full,664a150484ed2af3,178605d93be8e7ac,"{""family_pair"": ""logistic_A_vs_B"", ""formal_policy_equal"": true, ""n_per_group"": 200000, ""subsidy"": 1.5}",logistic_A_vs_B,1.5,True,200000,post_fnr_a,0.090555,synthetic,ALL,not_applicable,not_applicable
EXP-03,SYNTHETIC EXPERIMENT,1734,full,664a150484ed2af3,ac1324cdc88202bb,"{""family_pair"": ""logistic_A_vs_B"", ""formal_policy_equal"": true, ""n_per_group"": 200000, ""subsidy"": 1.75}",logistic_A_vs_B,1.75,True,200000,post_fnr_a,0.078515,synthetic,ALL,not_applicable,not_applicable
EXP-03,SYNTHETIC EXPERIMENT,1734,full,664a150484ed2af3,0f8bee11addd1cd2,"{""family_pair"": ""logistic_A_vs_B"", ""formal_policy_equal"": true, ""n_per_group"": 200000, ""subsidy"": 2.0}",logistic_A_vs_B,2.0,True,200000,post_fnr_a,0.0713,synthetic,ALL,not_applicable,not_applicable
EXP-03,SYNTHETIC EXPERIMENT,1734,full,664a150484ed2af3,e15565211775e638,"{""family_pair"": ""pareto_A_vs_B"", ""formal_policy_equal"": true, ""n_per_group"": 200000, ""subsidy"": 0.0}",pareto_A_vs_B,0.0,True,200000,post_fnr_a,0.299925,synthetic,ALL,not_applicable,not_applicable
EXP-03,SYNTHETIC EXPERIMENT,1734,full,664a150484ed2af3,14c4fa8917b3b1a6,"{""family_pair"": ""pareto_A_vs_B"", ""formal_policy_equal"": true, ""n_per_group"": 200000, ""subsidy"": 0.1}",pareto_A_vs_B,0.1,True,200000,post_fnr_a,0.300725,synthetic,ALL,not_applicable,not_applicable
EXP-03,SYNTHETIC EXPERIMENT,1734,full,664a150484ed2af3,baca0f123f4f68f8,"{""family_pair"": ""pareto_A_vs_B"", ""formal_policy_equal"": true, ""n_per_group"": 200000, ""subsidy"": 0.2}",pareto_A_vs_B,0.2,True,200000,post_fnr_a,0.300205,synthetic,ALL,not_applicable,not_applicable
EXP-03,SYNTHETIC EXPERIMENT,1734,full,664a150484ed2af3,84c05c52a6fcc86a,"{""family_pair"": ""pareto_A_vs_B"", ""formal_policy_equal"": true, ""n_per_group"": 200000, ""subsidy"": 0.3}",pareto_A_vs_B,0.3,True,200000,post_fnr_a,0.300355,synthetic,ALL,not_applicable,not_applicable
EXP-03,SYNTHETIC EXPERIMENT,1734,full,664a150484ed2af3,edf772fa32bff4ac,"{""family_pair"": ""pareto_A_vs_B"", ""formal_policy_equal"": true, ""n_per_group"": 200000, ""subsidy"": 0.4}",pareto_A_vs_B,0.4,True,200000,post_fnr_a,0.30022,synthetic,ALL,not_applicable,not_applicable
EXP-03,SYNTHETIC EXPERIMENT,1734,full,664a150484ed2af3,6beb74afdc0b0ebb,"{""family_pair"": ""pareto_A_vs_B"", ""formal_policy_equal"": true, ""n_per_group"": 200000, ""subsidy"": 0.5}",pareto_A_vs_B,0.5,True,200000,post_fnr_a,0.29966,synthetic,ALL,not_applicable,not_applicable
EXP-03,SYNTHETIC EXPERIMENT,1734,full,664a150484ed2af3,2768d4652bbfd10c,"{""family_pair"": ""pareto_A_vs_B"", ""formal_policy_equal"": true, ""n_per_group"": 200000, ""subsidy"": 0.6}",pareto_A_vs_B,0.6,True,200000,post_fnr_a,0.2681,synthetic,ALL,not_applicable,not_applicable
EXP-03,SYNTHETIC EXPERIMENT,1734,full,664a150484ed2af3,6720a925d5fe19b4,"{""family_pair"": ""pareto_A_vs_B"", ""formal_policy_equal"": true, ""n_per_group"": 200000, ""subsidy"": 0.7}",pareto_A_vs_B,0.7,True,200000,post_fnr_a,0.2412,synthetic,ALL,not_applicable,not_applicable
EXP-03,SYNTHETIC EXPERIMENT,1734,full,664a150484ed2af3,c312a5d530ac706c,"{""family_pair"": ""pareto_A_vs_B"", ""formal_policy_equal"": true, ""n_per_group"": 200000, ""subsidy"": 0.8}",pareto_A_vs_B,0.8,True,200000,post_fnr_a,0.220375,synthetic,ALL,not_applicable,not_applicable
EXP-03,SYNTHETIC EXPERIMENT,1734,full,664a150484ed2af3,2b0d5215ce435e30,"{""family_pair"": ""pareto_A_vs_B"", ""formal_policy_equal"": true, ""n_per_group"": 200000, ""subsidy"": 0.9}",pareto_A_vs_B,0.9,True,200000,post_fnr_a,0.204915,synthetic,ALL,not_applicable,not_applicable
EXP-03,SYNTHETIC EXPERIMENT,1734,full,664a150484ed2af3,46e19ce62c8603c7,"{""family_pair"": ""pareto_A_vs_B"", ""formal_policy_equal"": true, ""n_per_group"": 200000, ""subsidy"": 1.0}",pareto_A_vs_B,1.0,True,200000,post_fnr_a,0.18946,synthetic,ALL,not_applicable,not_applicable
EXP-03,SYNTHETIC EXPERIMENT,1734,full,664a150484ed2af3,8d8ead1dbd0a19ff,"{""family_pair"": ""pareto_A_vs_B"", ""formal_policy_equal"": true, ""n_per_group"": 200000, ""subsidy"": 1.25}",pareto_A_vs_B,1.25,True,200000,post_fnr_a,0.162,synthetic,ALL,not_applicable,not_applicable
EXP-03,SYNTHETIC EXPERIMENT,1734,full,664a150484ed2af3,d454106141e4205b,"{""family_pair"": ""pareto_A_vs_B"", ""formal_policy_equal"": true, ""n_per_group"": 200000, ""subsidy"": 1.5}",pareto_A_vs_B,1.5,True,200000,post_fnr_a,0.144675,synthetic,ALL,not_applicable,not_applicable
EXP-03,SYNTHETIC EXPERIMENT,1734,full,664a150484ed2af3,3b091711aeda72ba,"{""family_pair"": ""pareto_A_vs_B"", ""formal_policy_equal"": true, ""n_per_group"": 200000, ""subsidy"": 1.75}",pareto_A_vs_B,1.75,True,200000,post_fnr_a,0.13095,synthetic,ALL,not_applicable,not_applicable
EXP-03,SYNTHETIC EXPERIMENT,1734,full,664a150484ed2af3,e1438ef1c7c46db3,"{""family_pair"": ""pareto_A_vs_B"", ""formal_policy_equal"": true, ""n_per_group"": 200000, ""subsidy"": 2.0}",pareto_A_vs_B,2.0,True,200000,post_fnr_a,0.120565,synthetic,ALL,not_applicable,not_applicable
EXP-03,SYNTHETIC EXPERIMENT,1734,full,664a150484ed2af3,4338615956f6d866,"{""family_pair"": ""uniform_A_vs_B"", ""formal_policy_equal"": true, ""n_per_group"": 200000, ""subsidy"": 0.0}",uniform_A_vs_B,0.0,True,200000,post_fnr_b,0.181045,synthetic,ALL,not_applicable,not_applicable
EXP-03,SYNTHETIC EXPERIMENT,1734,full,664a150484ed2af3,c68fa5448714f757,"{""family_pair"": ""uniform_A_vs_B"", ""formal_policy_equal"": true, ""n_per_group"": 200000, ""subsidy"": 0.1}",uniform_A_vs_B,0.1,True,200000,post_fnr_b,0.15575,synthetic,ALL,not_applicable,not_applicable
EXP-03,SYNTHETIC EXPERIMENT,1734,full,664a150484ed2af3,e26808a1db4f8f6e,"{""family_pair"": ""uniform_A_vs_B"", ""formal_policy_equal"": true, ""n_per_group"": 200000, ""subsidy"": 0.2}",uniform_A_vs_B,0.2,True,200000,post_fnr_b,0.132925,synthetic,ALL,not_applicable,not_applicable
EXP-03,SYNTHETIC EXPERIMENT,1734,full,664a150484ed2af3,e4cce325fbc99016,"{""family_pair"": ""uniform_A_vs_B"", ""formal_policy_equal"": true, ""n_per_group"": 200000, ""subsidy"": 0.3}",uniform_A_vs_B,0.3,True,200000,post_fnr_b,0.10777,synthetic,ALL,not_applicable,not_applicable
EXP-03,SYNTHETIC EXPERIMENT,1734,full,664a150484ed2af3,847cb4ae861f1800,"{""family_pair"": ""uniform_A_vs_B"", ""formal_policy_equal"": true, ""n_per_group"": 200000, ""subsidy"": 0.4}",uniform_A_vs_B,0.4,True,200000,post_fnr_b,0.08306,synthetic,ALL,not_applicable,not_applicable
EXP-03,SYNTHETIC EXPERIMENT,1734,full,664a150484ed2af3,5ff6f0304435b9b0,"{""family_pair"": ""uniform_A_vs_B"", ""formal_policy_equal"": true, ""n_per_group"": 200000, ""subsidy"": 0.5}",uniform_A_vs_B,0.5,True,200000,post_fnr_b,0.06025,synthetic,ALL,not_applicable,not_applicable
EXP-03,SYNTHETIC EXPERIMENT,1734,full,664a150484ed2af3,aa550840ce409a36,"{""family_pair"": ""uniform_A_vs_B"", ""formal_policy_equal"": true, ""n_per_group"": 200000, ""subsidy"": 0.6}",uniform_A_vs_B,0.6,True,200000,post_fnr_b,0.0598,synthetic,ALL,not_applicable,not_applicable
EXP-03,SYNTHETIC EXPERIMENT,1734,full,664a150484ed2af3,43bdd4beb9d65255,"{""family_pair"": ""uniform_A_vs_B"", ""formal_policy_equal"": true, ""n_per_group"": 200000, ""subsidy"": 0.7}",uniform_A_vs_B,0.7,True,200000,post_fnr_b,0.06103,synthetic,ALL,not_applicable,not_applicable
EXP-03,SYNTHETIC EXPERIMENT,1734,full,664a150484ed2af3,8a79fbeab60bfcf3,"{""family_pair"": ""uniform_A_vs_B"", ""formal_policy_equal"": true, ""n_per_group"": 200000, ""subsidy"": 0.8}",uniform_A_vs_B,0.8,True,200000,post_fnr_b,0.05973,synthetic,ALL,not_applicable,not_applicable
EXP-03,SYNTHETIC EXPERIMENT,1734,full,664a150484ed2af3,06c5dc32861055c3,"{""family_pair"": ""uniform_A_vs_B"", ""formal_policy_equal"": true, ""n_per_group"": 200000, ""subsidy"": 0.9}",uniform_A_vs_B,0.9,True,200000,post_fnr_b,0.06109,synthetic,ALL,not_applicable,not_applicable
EXP-03,SYNTHETIC EXPERIMENT,1734,full,664a150484ed2af3,d1602228ad1c5976,"{""family_pair"": ""uniform_A_vs_B"", ""formal_policy_equal"": true, ""n_per_group"": 200000, ""subsidy"": 1.0}",uniform_A_vs_B,1.0,True,200000,post_fnr_b,0.05958,synthetic,ALL,not_applicable,not_applicable
EXP-03,SYNTHETIC EXPERIMENT,1734,full,664a150484ed2af3,c6279785591b770c,"{""family_pair"": ""uniform_A_vs_B"", ""formal_policy_equal"": true, ""n_per_group"": 200000, ""subsidy"": 1.25}",uniform_A_vs_B,1.25,True,200000,post_fnr_b,0.06014,synthetic,ALL,not_applicable,not_applicable
EXP-03,SYNTHETIC EXPERIMENT,1734,full,664a150484ed2af3,64b11792c16678de,"{""family_pair"": ""uniform_A_vs_B"", ""formal_policy_equal"": true, ""n_per_group"": 200000, ""subsidy"": 1.5}",uniform_A_vs_B,1.5,True,200000,post_fnr_b,0.0598,synthetic,ALL,not_applicable,not_applicable
EXP-03,SYNTHETIC EXPERIMENT,1734,full,664a150484ed2af3,00e12b52dcc2fc30,"{""family_pair"": ""uniform_A_vs_B"", ""formal_policy_equal"": true, ""n_per_group"": 200000, ""subsidy"": 1.75}",uniform_A_vs_B,1.75,True,200000,post_fnr_b,0.060265,synthetic,ALL,not_applicable,not_applicable
EXP-03,SYNTHETIC EXPERIMENT,1734,full,664a150484ed2af3,4f951f13ca9cbe5d,"{""family_pair"": ""uniform_A_vs_B"", ""formal_policy_equal"": true, ""n_per_group"": 200000, ""subsidy"": 2.0}",uniform_A_vs_B,2.0,True,200000,post_fnr_b,0.06042,synthetic,ALL,not_applicable,not_applicable
EXP-03,SYNTHETIC EXPERIMENT,1734,full,664a150484ed2af3,0a557b754e3f722f,"{""family_pair"": ""exponential_A_vs_B"", ""formal_policy_equal"": true, ""n_per_group"": 200000, ""subsidy"": 0.0}",exponential_A_vs_B,0.0,True,200000,post_fnr_b,0.205095,synthetic,ALL,not_applicable,not_applicable
EXP-03,SYNTHETIC EXPERIMENT,1734,full,664a150484ed2af3,0ac3541f9947d8b2,"{""family_pair"": ""exponential_A_vs_B"", ""formal_policy_equal"": true, ""n_per_group"": 200000, ""subsidy"": 0.1}",exponential_A_vs_B,0.1,True,200000,post_fnr_b,0.191865,synthetic,ALL,not_applicable,not_applicable
EXP-03,SYNTHETIC EXPERIMENT,1734,full,664a150484ed2af3,592295b88e9fa031,"{""family_pair"": ""exponential_A_vs_B"", ""formal_policy_equal"": true, ""n_per_group"": 200000, ""subsidy"": 0.2}",exponential_A_vs_B,0.2,True,200000,post_fnr_b,0.179825,synthetic,ALL,not_applicable,not_applicable
EXP-03,SYNTHETIC EXPERIMENT,1734,full,664a150484ed2af3,ab5f557f4f9bdef7,"{""family_pair"": ""exponential_A_vs_B"", ""formal_policy_equal"": true, ""n_per_group"": 200000, ""subsidy"": 0.3}",exponential_A_vs_B,0.3,True,200000,post_fnr_b,0.16821,synthetic,ALL,not_applicable,not_applicable
EXP-03,SYNTHETIC EXPERIMENT,1734,full,664a150484ed2af3,0b6afeb41c1f7f0a,"{""family_pair"": ""exponential_A_vs_B"", ""formal_policy_equal"": true, ""n_per_group"": 200000, ""subsidy"": 0.4}",exponential_A_vs_B,0.4,True,200000,post_fnr_b,0.15837,synthetic,ALL,not_applicable,not_applicable
EXP-03,SYNTHETIC EXPERIMENT,1734,full,664a150484ed2af3,887cb7d4f64085c6,"{""family_pair"": ""exponential_A_vs_B"", ""formal_policy_equal"": true, ""n_per_group"": 200000, ""subsidy"": 0.5}",exponential_A_vs_B,0.5,True,200000,post_fnr_b,0.148835,synthetic,ALL,not_applicable,not_applicable
EXP-03,SYNTHETIC EXPERIMENT,1734,full,664a150484ed2af3,cb3673825243bba1,"{""family_pair"": ""exponential_A_vs_B"", ""formal_policy_equal"": true, ""n_per_group"": 200000, ""subsidy"": 0.6}",exponential_A_vs_B,0.6,True,200000,post_fnr_b,0.14043,synthetic,ALL,not_applicable,not_applicable
EXP-03,SYNTHETIC EXPERIMENT,1734,full,664a150484ed2af3,195df8dece541350,"{""family_pair"": ""exponential_A_vs_B"", ""formal_policy_equal"": true, ""n_per_group"": 200000, ""subsidy"": 0.7}",exponential_A_vs_B,0.7,True,200000,post_fnr_b,0.132545,synthetic,ALL,not_applicable,not_applicable
EXP-03,SYNTHETIC EXPERIMENT,1734,full,664a150484ed2af3,70618ecb00cab6b5,"{""family_pair"": ""exponential_A_vs_B"", ""formal_policy_equal"": true, ""n_per_group"": 200000, ""subsidy"": 0.8}",exponential_A_vs_B,0.8,True,200000,post_fnr_b,0.12598,synthetic,ALL,not_applicable,not_applicable
EXP-03,SYNTHETIC EXPERIMENT,1734,full,664a150484ed2af3,1b7a341471ac317f,"{""family_pair"": ""exponential_A_vs_B"", ""formal_policy_equal"": true, ""n_per_group"": 200000, ""subsidy"": 0.9}",exponential_A_vs_B,0.9,True,200000,post_fnr_b,0.11835,synthetic,ALL,not_applicable,not_applicable
EXP-03,SYNTHETIC EXPERIMENT,1734,full,664a150484ed2af3,80ad9ba96da3aa6f,"{""family_pair"": ""exponential_A_vs_B"", ""formal_policy_equal"": true, ""n_per_group"": 200000, ""subsidy"": 1.0}",exponential_A_vs_B,1.0,True,200000,post_fnr_b,0.113585,synthetic,ALL,not_applicable,not_applicable
EXP-03,SYNTHETIC EXPERIMENT,1734,full,664a150484ed2af3,ffaef5c2ab07acd8,"{""family_pair"": ""exponential_A_vs_B"", ""formal_policy_equal"": true, ""n_per_group"": 200000, ""subsidy"": 1.25}",exponential_A_vs_B,1.25,True,200000,post_fnr_b,0.102145,synthetic,ALL,not_applicable,not_applicable
EXP-03,SYNTHETIC EXPERIMENT,1734,full,664a150484ed2af3,26ecb4ddd3649de0,"{""family_pair"": ""exponential_A_vs_B"", ""formal_policy_equal"": true, ""n_per_group"": 200000, ""subsidy"": 1.5}",exponential_A_vs_B,1.5,True,200000,post_fnr_b,0.09222,synthetic,ALL,not_applicable,not_applicable
EXP-03,SYNTHETIC EXPERIMENT,1734,full,664a150484ed2af3,673569926a45a05a,"{""family_pair"": ""exponential_A_vs_B"", ""formal_policy_equal"": true, ""n_per_group"": 200000, ""subsidy"": 1.75}",exponential_A_vs_B,1.75,True,200000,post_fnr_b,0.085815,synthetic,ALL,not_applicable,not_applicable
EXP-03,SYNTHETIC EXPERIMENT,1734,full,664a150484ed2af3,f0e6e0c672c2d0e5,"{""family_pair"": ""exponential_A_vs_B"", ""formal_policy_equal"": true, ""n_per_group"": 200000, ""subsidy"": 2.0}",exponential_A_vs_B,2.0,True,200000,post_fnr_b,0.078785,synthetic,ALL,not_applicable,not_applicable
EXP-03,SYNTHETIC EXPERIMENT,1734,full,664a150484ed2af3,b276b578d51daa1c,"{""family_pair"": ""logistic_A_vs_B"", ""formal_policy_equal"": true, ""n_per_group"": 200000, ""subsidy"": 0.0}",logistic_A_vs_B,0.0,True,200000,post_fnr_b,0.179925,synthetic,ALL,not_applicable,not_applicable
EXP-03,SYNTHETIC EXPERIMENT,1734,full,664a150484ed2af3,ffa52f5cb4396c03,"{""family_pair"": ""logistic_A_vs_B"", ""formal_policy_equal"": true, ""n_per_group"": 200000, ""subsidy"": 0.1}",logistic_A_vs_B,0.1,True,200000,post_fnr_b,0.16771,synthetic,ALL,not_applicable,not_applicable
EXP-03,SYNTHETIC EXPERIMENT,1734,full,664a150484ed2af3,b2d4133387a20256,"{""family_pair"": ""logistic_A_vs_B"", ""formal_policy_equal"": true, ""n_per_group"": 200000, ""subsidy"": 0.2}",logistic_A_vs_B,0.2,True,200000,post_fnr_b,0.15691,synthetic,ALL,not_applicable,not_applicable
EXP-03,SYNTHETIC EXPERIMENT,1734,full,664a150484ed2af3,9106292078060093,"{""family_pair"": ""logistic_A_vs_B"", ""formal_policy_equal"": true, ""n_per_group"": 200000, ""subsidy"": 0.3}",logistic_A_vs_B,0.3,True,200000,post_fnr_b,0.14451,synthetic,ALL,not_applicable,not_applicable
EXP-03,SYNTHETIC EXPERIMENT,1734,full,664a150484ed2af3,fe4afdbba7764cd6,"{""family_pair"": ""logistic_A_vs_B"", ""formal_policy_equal"": true, ""n_per_group"": 200000, ""subsidy"": 0.4}",logistic_A_vs_B,0.4,True,200000,post_fnr_b,0.132415,synthetic,ALL,not_applicable,not_applicable
EXP-03,SYNTHETIC EXPERIMENT,1734,full,664a150484ed2af3,19bceb8670eb268e,"{""family_pair"": ""logistic_A_vs_B"", ""formal_policy_equal"": true, ""n_per_group"": 200000, ""subsidy"": 0.5}",logistic_A_vs_B,0.5,True,200000,post_fnr_b,0.124715,synthetic,ALL,not_applicable,not_applicable
EXP-03,SYNTHETIC EXPERIMENT,1734,full,664a150484ed2af3,1ebb499b884bfebb,"{""family_pair"": ""logistic_A_vs_B"", ""formal_policy_equal"": true, ""n_per_group"": 200000, ""subsidy"": 0.6}",logistic_A_vs_B,0.6,True,200000,post_fnr_b,0.11731,synthetic,ALL,not_applicable,not_applicable
EXP-03,SYNTHETIC EXPERIMENT,1734,full,664a150484ed2af3,2d4a553f782b84ee,"{""family_pair"": ""logistic_A_vs_B"", ""formal_policy_equal"": true, ""n_per_group"": 200000, ""subsidy"": 0.7}",logistic_A_vs_B,0.7,True,200000,post_fnr_b,0.10844,synthetic,ALL,not_applicable,not_applicable
EXP-03,SYNTHETIC EXPERIMENT,1734,full,664a150484ed2af3,18f7de4d27d375fd,"{""family_pair"": ""logistic_A_vs_B"", ""formal_policy_equal"": true, ""n_per_group"": 200000, ""subsidy"": 0.8}",logistic_A_vs_B,0.8,True,200000,post_fnr_b,0.099935,synthetic,ALL,not_applicable,not_applicable
EXP-03,SYNTHETIC EXPERIMENT,1734,full,664a150484ed2af3,224922c21ee56a16,"{""family_pair"": ""logistic_A_vs_B"", ""formal_policy_equal"": true, ""n_per_group"": 200000, ""subsidy"": 0.9}",logistic_A_vs_B,0.9,True,200000,post_fnr_b,0.0925,synthetic,ALL,not_applicable,not_applicable
EXP-03,SYNTHETIC EXPERIMENT,1734,full,664a150484ed2af3,83e869194360d0b0,"{""family_pair"": ""logistic_A_vs_B"", ""formal_policy_equal"": true, ""n_per_group"": 200000, ""subsidy"": 1.0}",logistic_A_vs_B,1.0,True,200000,post_fnr_b,0.088615,synthetic,ALL,not_applicable,not_applicable
EXP-03,SYNTHETIC EXPERIMENT,1734,full,664a150484ed2af3,b6ef94d4c8fb9136,"{""family_pair"": ""logistic_A_vs_B"", ""formal_policy_equal"": true, ""n_per_group"": 200000, ""subsidy"": 1.25}",logistic_A_vs_B,1.25,True,200000,post_fnr_b,0.07964,synthetic,ALL,not_applicable,not_applicable
EXP-03,SYNTHETIC EXPERIMENT,1734,full,664a150484ed2af3,178605d93be8e7ac,"{""family_pair"": ""logistic_A_vs_B"", ""formal_policy_equal"": true, ""n_per_group"": 200000, ""subsidy"": 1.5}",logistic_A_vs_B,1.5,True,200000,post_fnr_b,0.07258,synthetic,ALL,not_applicable,not_applicable
EXP-03,SYNTHETIC EXPERIMENT,1734,full,664a150484ed2af3,ac1324cdc88202bb,"{""family_pair"": ""logistic_A_vs_B"", ""formal_policy_equal"": true, ""n_per_group"": 200000, ""subsidy"": 1.75}",logistic_A_vs_B,1.75,True,200000,post_fnr_b,0.06626,synthetic,ALL,not_applicable,not_applicable
EXP-03,SYNTHETIC EXPERIMENT,1734,full,664a150484ed2af3,0f8bee11addd1cd2,"{""family_pair"": ""logistic_A_vs_B"", ""formal_policy_equal"": true, ""n_per_group"": 200000, ""subsidy"": 2.0}",logistic_A_vs_B,2.0,True,200000,post_fnr_b,0.0642,synthetic,ALL,not_applicable,not_applicable
EXP-03,SYNTHETIC EXPERIMENT,1734,full,664a150484ed2af3,e15565211775e638,"{""family_pair"": ""pareto_A_vs_B"", ""formal_policy_equal"": true, ""n_per_group"": 200000, ""subsidy"": 0.0}",pareto_A_vs_B,0.0,True,200000,post_fnr_b,0.300235,synthetic,ALL,not_applicable,not_applicable
EXP-03,SYNTHETIC EXPERIMENT,1734,full,664a150484ed2af3,14c4fa8917b3b1a6,"{""family_pair"": ""pareto_A_vs_B"", ""formal_policy_equal"": true, ""n_per_group"": 200000, ""subsidy"": 0.1}",pareto_A_vs_B,0.1,True,200000,post_fnr_b,0.299515,synthetic,ALL,not_applicable,not_applicable
EXP-03,SYNTHETIC EXPERIMENT,1734,full,664a150484ed2af3,baca0f123f4f68f8,"{""family_pair"": ""pareto_A_vs_B"", ""formal_policy_equal"": true, ""n_per_group"": 200000, ""subsidy"": 0.2}",pareto_A_vs_B,0.2,True,200000,post_fnr_b,0.298905,synthetic,ALL,not_applicable,not_applicable
EXP-03,SYNTHETIC EXPERIMENT,1734,full,664a150484ed2af3,84c05c52a6fcc86a,"{""family_pair"": ""pareto_A_vs_B"", ""formal_policy_equal"": true, ""n_per_group"": 200000, ""subsidy"": 0.3}",pareto_A_vs_B,0.3,True,200000,post_fnr_b,0.3004,synthetic,ALL,not_applicable,not_applicable
EXP-03,SYNTHETIC EXPERIMENT,1734,full,664a150484ed2af3,edf772fa32bff4ac,"{""family_pair"": ""pareto_A_vs_B"", ""formal_policy_equal"": true, ""n_per_group"": 200000, ""subsidy"": 0.4}",pareto_A_vs_B,0.4,True,200000,post_fnr_b,0.300365,synthetic,ALL,not_applicable,not_applicable
EXP-03,SYNTHETIC EXPERIMENT,1734,full,664a150484ed2af3,6beb74afdc0b0ebb,"{""family_pair"": ""pareto_A_vs_B"", ""formal_policy_equal"": true, ""n_per_group"": 200000, ""subsidy"": 0.5}",pareto_A_vs_B,0.5,True,200000,post_fnr_b,0.300005,synthetic,ALL,not_applicable,not_applicable
EXP-03,SYNTHETIC EXPERIMENT,1734,full,664a150484ed2af3,2768d4652bbfd10c,"{""family_pair"": ""pareto_A_vs_B"", ""formal_policy_equal"": true, ""n_per_group"": 200000, ""subsidy"": 0.6}",pareto_A_vs_B,0.6,True,200000,post_fnr_b,0.24104,synthetic,ALL,not_applicable,not_applicable
EXP-03,SYNTHETIC EXPERIMENT,1734,full,664a150484ed2af3,6720a925d5fe19b4,"{""family_pair"": ""pareto_A_vs_B"", ""formal_policy_equal"": true, ""n_per_group"": 200000, ""subsidy"": 0.7}",pareto_A_vs_B,0.7,True,200000,post_fnr_b,0.198765,synthetic,ALL,not_applicable,not_applicable
EXP-03,SYNTHETIC EXPERIMENT,1734,full,664a150484ed2af3,c312a5d530ac706c,"{""family_pair"": ""pareto_A_vs_B"", ""formal_policy_equal"": true, ""n_per_group"": 200000, ""subsidy"": 0.8}",pareto_A_vs_B,0.8,True,200000,post_fnr_b,0.16827,synthetic,ALL,not_applicable,not_applicable
EXP-03,SYNTHETIC EXPERIMENT,1734,full,664a150484ed2af3,2b0d5215ce435e30,"{""family_pair"": ""pareto_A_vs_B"", ""formal_policy_equal"": true, ""n_per_group"": 200000, ""subsidy"": 0.9}",pareto_A_vs_B,0.9,True,200000,post_fnr_b,0.147475,synthetic,ALL,not_applicable,not_applicable
EXP-03,SYNTHETIC EXPERIMENT,1734,full,664a150484ed2af3,46e19ce62c8603c7,"{""family_pair"": ""pareto_A_vs_B"", ""formal_policy_equal"": true, ""n_per_group"": 200000, ""subsidy"": 1.0}",pareto_A_vs_B,1.0,True,200000,post_fnr_b,0.13042,synthetic,ALL,not_applicable,not_applicable
EXP-03,SYNTHETIC EXPERIMENT,1734,full,664a150484ed2af3,8d8ead1dbd0a19ff,"{""family_pair"": ""pareto_A_vs_B"", ""formal_policy_equal"": true, ""n_per_group"": 200000, ""subsidy"": 1.25}",pareto_A_vs_B,1.25,True,200000,post_fnr_b,0.104875,synthetic,ALL,not_applicable,not_applicable
EXP-03,SYNTHETIC EXPERIMENT,1734,full,664a150484ed2af3,d454106141e4205b,"{""family_pair"": ""pareto_A_vs_B"", ""formal_policy_equal"": true, ""n_per_group"": 200000, ""subsidy"": 1.5}",pareto_A_vs_B,1.5,True,200000,post_fnr_b,0.09022,synthetic,ALL,not_applicable,not_applicable
EXP-03,SYNTHETIC EXPERIMENT,1734,full,664a150484ed2af3,3b091711aeda72ba,"{""family_pair"": ""pareto_A_vs_B"", ""formal_policy_equal"": true, ""n_per_group"": 200000, ""subsidy"": 1.75}",pareto_A_vs_B,1.75,True,200000,post_fnr_b,0.081105,synthetic,ALL,not_applicable,not_applicable
EXP-03,SYNTHETIC EXPERIMENT,1734,full,664a150484ed2af3,e1438ef1c7c46db3,"{""family_pair"": ""pareto_A_vs_B"", ""formal_policy_equal"": true, ""n_per_group"": 200000, ""subsidy"": 2.0}",pareto_A_vs_B,2.0,True,200000,post_fnr_b,0.07505,synthetic,ALL,not_applicable,not_applicable
EXP-03,SYNTHETIC EXPERIMENT,1734,full,664a150484ed2af3,4338615956f6d866,"{""family_pair"": ""uniform_A_vs_B"", ""formal_policy_equal"": true, ""n_per_group"": 200000, ""subsidy"": 0.0}",uniform_A_vs_B,0.0,True,200000,theoretical_signed_tpr_gap,-0.06000000000000001,synthetic,ALL,not_applicable,not_applicable
EXP-03,SYNTHETIC EXPERIMENT,1734,full,664a150484ed2af3,c68fa5448714f757,"{""family_pair"": ""uniform_A_vs_B"", ""formal_policy_equal"": true, ""n_per_group"": 200000, ""subsidy"": 0.1}",uniform_A_vs_B,0.1,True,200000,theoretical_signed_tpr_gap,-0.07200000000000001,synthetic,ALL,not_applicable,not_applicable
EXP-03,SYNTHETIC EXPERIMENT,1734,full,664a150484ed2af3,e26808a1db4f8f6e,"{""family_pair"": ""uniform_A_vs_B"", ""formal_policy_equal"": true, ""n_per_group"": 200000, ""subsidy"": 0.2}",uniform_A_vs_B,0.2,True,200000,theoretical_signed_tpr_gap,-0.084,synthetic,ALL,not_applicable,not_applicable
EXP-03,SYNTHETIC EXPERIMENT,1734,full,664a150484ed2af3,e4cce325fbc99016,"{""family_pair"": ""uniform_A_vs_B"", ""formal_policy_equal"": true, ""n_per_group"": 200000, ""subsidy"": 0.3}",uniform_A_vs_B,0.3,True,200000,theoretical_signed_tpr_gap,-0.09600000000000003,synthetic,ALL,not_applicable,not_applicable
EXP-03,SYNTHETIC EXPERIMENT,1734,full,664a150484ed2af3,847cb4ae861f1800,"{""family_pair"": ""uniform_A_vs_B"", ""formal_policy_equal"": true, ""n_per_group"": 200000, ""subsidy"": 0.4}",uniform_A_vs_B,0.4,True,200000,theoretical_signed_tpr_gap,-0.10800000000000003,synthetic,ALL,not_applicable,not_applicable
EXP-03,SYNTHETIC EXPERIMENT,1734,full,664a150484ed2af3,5ff6f0304435b9b0,"{""family_pair"": ""uniform_A_vs_B"", ""formal_policy_equal"": true, ""n_per_group"": 200000, ""subsidy"": 0.5}",uniform_A_vs_B,0.5,True,200000,theoretical_signed_tpr_gap,-0.12000000000000002,synthetic,ALL,not_applicable,not_applicable
EXP-03,SYNTHETIC EXPERIMENT,1734,full,664a150484ed2af3,aa550840ce409a36,"{""family_pair"": ""uniform_A_vs_B"", ""formal_policy_equal"": true, ""n_per_group"": 200000, ""subsidy"": 0.6}",uniform_A_vs_B,0.6,True,200000,theoretical_signed_tpr_gap,-0.10800000000000001,synthetic,ALL,not_applicable,not_applicable
EXP-03,SYNTHETIC EXPERIMENT,1734,full,664a150484ed2af3,43bdd4beb9d65255,"{""family_pair"": ""uniform_A_vs_B"", ""formal_policy_equal"": true, ""n_per_group"": 200000, ""subsidy"": 0.7}",uniform_A_vs_B,0.7,True,200000,theoretical_signed_tpr_gap,-0.09600000000000003,synthetic,ALL,not_applicable,not_applicable
EXP-03,SYNTHETIC EXPERIMENT,1734,full,664a150484ed2af3,8a79fbeab60bfcf3,"{""family_pair"": ""uniform_A_vs_B"", ""formal_policy_equal"": true, ""n_per_group"": 200000, ""subsidy"": 0.8}",uniform_A_vs_B,0.8,True,200000,theoretical_signed_tpr_gap,-0.084,synthetic,ALL,not_applicable,not_applicable
EXP-03,SYNTHETIC EXPERIMENT,1734,full,664a150484ed2af3,06c5dc32861055c3,"{""family_pair"": ""uniform_A_vs_B"", ""formal_policy_equal"": true, ""n_per_group"": 200000, ""subsidy"": 0.9}",uniform_A_vs_B,0.9,True,200000,theoretical_signed_tpr_gap,-0.07200000000000002,synthetic,ALL,not_applicable,not_applicable
EXP-03,SYNTHETIC EXPERIMENT,1734,full,664a150484ed2af3,d1602228ad1c5976,"{""family_pair"": ""uniform_A_vs_B"", ""formal_policy_equal"": true, ""n_per_group"": 200000, ""subsidy"": 1.0}",uniform_A_vs_B,1.0,True,200000,theoretical_signed_tpr_gap,-0.06000000000000001,synthetic,ALL,not_applicable,not_applicable
EXP-03,SYNTHETIC EXPERIMENT,1734,full,664a150484ed2af3,c6279785591b770c,"{""family_pair"": ""uniform_A_vs_B"", ""formal_policy_equal"": true, ""n_per_group"": 200000, ""subsidy"": 1.25}",uniform_A_vs_B,1.25,True,200000,theoretical_signed_tpr_gap,-0.030000000000000006,synthetic,ALL,not_applicable,not_applicable
EXP-03,SYNTHETIC EXPERIMENT,1734,full,664a150484ed2af3,64b11792c16678de,"{""family_pair"": ""uniform_A_vs_B"", ""formal_policy_equal"": true, ""n_per_group"": 200000, ""subsidy"": 1.5}",uniform_A_vs_B,1.5,True,200000,theoretical_signed_tpr_gap,0.0,synthetic,ALL,not_applicable,not_applicable
EXP-03,SYNTHETIC EXPERIMENT,1734,full,664a150484ed2af3,00e12b52dcc2fc30,"{""family_pair"": ""uniform_A_vs_B"", ""formal_policy_equal"": true, ""n_per_group"": 200000, ""subsidy"": 1.75}",uniform_A_vs_B,1.75,True,200000,theoretical_signed_tpr_gap,0.0,synthetic,ALL,not_applicable,not_applicable
EXP-03,SYNTHETIC EXPERIMENT,1734,full,664a150484ed2af3,4f951f13ca9cbe5d,"{""family_pair"": ""uniform_A_vs_B"", ""formal_policy_equal"": true, ""n_per_group"": 200000, ""subsidy"": 2.0}",uniform_A_vs_B,2.0,True,200000,theoretical_signed_tpr_gap,0.0,synthetic,ALL,not_applicable,not_applicable
EXP-03,SYNTHETIC EXPERIMENT,1734,full,664a150484ed2af3,0a557b754e3f722f,"{""family_pair"": ""exponential_A_vs_B"", ""formal_policy_equal"": true, ""n_per_group"": 200000, ""subsidy"": 0.0}",exponential_A_vs_B,0.0,True,200000,theoretical_signed_tpr_gap,-0.04134482960610516,synthetic,ALL,not_applicable,not_applicable
EXP-03,SYNTHETIC EXPERIMENT,1734,full,664a150484ed2af3,0ac3541f9947d8b2,"{""family_pair"": ""exponential_A_vs_B"", ""formal_policy_equal"": true, ""n_per_group"": 200000, ""subsidy"": 0.1}",exponential_A_vs_B,0.1,True,200000,theoretical_signed_tpr_gap,-0.04608158030104595,synthetic,ALL,not_applicable,not_applicable
EXP-03,SYNTHETIC EXPERIMENT,1734,full,664a150484ed2af3,592295b88e9fa031,"{""family_pair"": ""exponential_A_vs_B"", ""formal_policy_equal"": true, ""n_per_group"": 200000, ""subsidy"": 0.2}",exponential_A_vs_B,0.2,True,200000,theoretical_signed_tpr_gap,-0.04994466862255295,synthetic,ALL,not_applicable,not_applicable
EXP-03,SYNTHETIC EXPERIMENT,1734,full,664a150484ed2af3,ab5f557f4f9bdef7,"{""family_pair"": ""exponential_A_vs_B"", ""formal_policy_equal"": true, ""n_per_group"": 200000, ""subsidy"": 0.3}",exponential_A_vs_B,0.3,True,200000,theoretical_signed_tpr_gap,-0.05303785966042026,synthetic,ALL,not_applicable,not_applicable
EXP-03,SYNTHETIC EXPERIMENT,1734,full,664a150484ed2af3,0b6afeb41c1f7f0a,"{""family_pair"": ""exponential_A_vs_B"", ""formal_policy_equal"": true, ""n_per_group"": 200000, ""subsidy"": 0.4}",exponential_A_vs_B,0.4,True,200000,theoretical_signed_tpr_gap,-0.05545403805148181,synthetic,ALL,not_applicable,not_applicable
EXP-03,SYNTHETIC EXPERIMENT,1734,full,664a150484ed2af3,887cb7d4f64085c6,"{""family_pair"": ""exponential_A_vs_B"", ""formal_policy_equal"": true, ""n_per_group"": 200000, ""subsidy"": 0.5}",exponential_A_vs_B,0.5,True,200000,theoretical_signed_tpr_gap,-0.05727629244988587,synthetic,ALL,not_applicable,not_applicable
EXP-03,SYNTHETIC EXPERIMENT,1734,full,664a150484ed2af3,cb3673825243bba1,"{""family_pair"": ""exponential_A_vs_B"", ""formal_policy_equal"": true, ""n_per_group"": 200000, ""subsidy"": 0.6}",exponential_A_vs_B,0.6,True,200000,theoretical_signed_tpr_gap,-0.058578894403777726,synthetic,ALL,not_applicable,not_applicable
EXP-03,SYNTHETIC EXPERIMENT,1734,full,664a150484ed2af3,195df8dece541350,"{""family_pair"": ""exponential_A_vs_B"", ""formal_policy_equal"": true, ""n_per_group"": 200000, ""subsidy"": 0.7}",exponential_A_vs_B,0.7,True,200000,theoretical_signed_tpr_gap,-0.05942818180363786,synthetic,ALL,not_applicable,not_applicable
EXP-03,SYNTHETIC EXPERIMENT,1734,full,664a150484ed2af3,70618ecb00cab6b5,"{""family_pair"": ""exponential_A_vs_B"", ""formal_policy_equal"": true, ""n_per_group"": 200000, ""subsidy"": 0.8}",exponential_A_vs_B,0.8,True,200000,theoretical_signed_tpr_gap,-0.05988335609448085,synthetic,ALL,not_applicable,not_applicable
EXP-03,SYNTHETIC EXPERIMENT,1734,full,664a150484ed2af3,1b7a341471ac317f,"{""family_pair"": ""exponential_A_vs_B"", ""formal_policy_equal"": true, ""n_per_group"": 200000, ""subsidy"": 0.9}",exponential_A_vs_B,0.9,True,200000,theoretical_signed_tpr_gap,-0.059997201563952746,synthetic,ALL,not_applicable,not_applicable
EXP-03,SYNTHETIC EXPERIMENT,1734,full,664a150484ed2af3,80ad9ba96da3aa6f,"{""family_pair"": ""exponential_A_vs_B"", ""formal_policy_equal"": true, ""n_per_group"": 200000, ""subsidy"": 1.0}",exponential_A_vs_B,1.0,True,200000,theoretical_signed_tpr_gap,-0.059816734222220384,synthetic,ALL,not_applicable,not_applicable
EXP-03,SYNTHETIC EXPERIMENT,1734,full,664a150484ed2af3,ffaef5c2ab07acd8,"{""family_pair"": ""exponential_A_vs_B"", ""formal_policy_equal"": true, ""n_per_group"": 200000, ""subsidy"": 1.25}",exponential_A_vs_B,1.25,True,200000,theoretical_signed_tpr_gap,-0.05834113829473522,synthetic,ALL,not_applicable,not_applicable
EXP-03,SYNTHETIC EXPERIMENT,1734,full,664a150484ed2af3,26ecb4ddd3649de0,"{""family_pair"": ""exponential_A_vs_B"", ""formal_policy_equal"": true, ""n_per_group"": 200000, ""subsidy"": 1.5}",exponential_A_vs_B,1.5,True,200000,theoretical_signed_tpr_gap,-0.055810597904359126,synthetic,ALL,not_applicable,not_applicable
EXP-03,SYNTHETIC EXPERIMENT,1734,full,664a150484ed2af3,673569926a45a05a,"{""family_pair"": ""exponential_A_vs_B"", ""formal_policy_equal"": true, ""n_per_group"": 200000, ""subsidy"": 1.75}",exponential_A_vs_B,1.75,True,200000,theoretical_signed_tpr_gap,-0.05262077827115651,synthetic,ALL,not_applicable,not_applicable
EXP-03,SYNTHETIC EXPERIMENT,1734,full,664a150484ed2af3,f0e6e0c672c2d0e5,"{""family_pair"": ""exponential_A_vs_B"", ""formal_policy_equal"": true, ""n_per_group"": 200000, ""subsidy"": 2.0}",exponential_A_vs_B,2.0,True,200000,theoretical_signed_tpr_gap,-0.04906075157670995,synthetic,ALL,not_applicable,not_applicable
EXP-03,SYNTHETIC EXPERIMENT,1734,full,664a150484ed2af3,b276b578d51daa1c,"{""family_pair"": ""logistic_A_vs_B"", ""formal_policy_equal"": true, ""n_per_group"": 200000, ""subsidy"": 0.0}",logistic_A_vs_B,0.0,True,200000,theoretical_signed_tpr_gap,-0.05545405887120119,synthetic,ALL,not_applicable,not_applicable
EXP-03,SYNTHETIC EXPERIMENT,1734,full,664a150484ed2af3,ffa52f5cb4396c03,"{""family_pair"": ""logistic_A_vs_B"", ""formal_policy_equal"": true, ""n_per_group"": 200000, ""subsidy"": 0.1}",logistic_A_vs_B,0.1,True,200000,theoretical_signed_tpr_gap,-0.05755403482562168,synthetic,ALL,not_applicable,not_applicable
EXP-03,SYNTHETIC EXPERIMENT,1734,full,664a150484ed2af3,b2d4133387a20256,"{""family_pair"": ""logistic_A_vs_B"", ""formal_policy_equal"": true, ""n_per_group"": 200000, ""subsidy"": 0.2}",logistic_A_vs_B,0.2,True,200000,theoretical_signed_tpr_gap,-0.0586425519211794,synthetic,ALL,not_applicable,not_applicable
EXP-03,SYNTHETIC EXPERIMENT,1734,full,664a150484ed2af3,9106292078060093,"{""family_pair"": ""logistic_A_vs_B"", ""formal_policy_equal"": true, ""n_per_group"": 200000, ""subsidy"": 0.3}",logistic_A_vs_B,0.3,True,200000,theoretical_signed_tpr_gap,-0.058642551921179384,synthetic,ALL,not_applicable,not_applicable
EXP-03,SYNTHETIC EXPERIMENT,1734,full,664a150484ed2af3,fe4afdbba7764cd6,"{""family_pair"": ""logistic_A_vs_B"", ""formal_policy_equal"": true, ""n_per_group"": 200000, ""subsidy"": 0.4}",logistic_A_vs_B,0.4,True,200000,theoretical_signed_tpr_gap,-0.05755403482562169,synthetic,ALL,not_applicable,not_applicable
EXP-03,SYNTHETIC EXPERIMENT,1734,full,664a150484ed2af3,19bceb8670eb268e,"{""family_pair"": ""logistic_A_vs_B"", ""formal_policy_equal"": true, ""n_per_group"": 200000, ""subsidy"": 0.5}",logistic_A_vs_B,0.5,True,200000,theoretical_signed_tpr_gap,-0.05545405887120119,synthetic,ALL,not_applicable,not_applicable
EXP-03,SYNTHETIC EXPERIMENT,1734,full,664a150484ed2af3,1ebb499b884bfebb,"{""family_pair"": ""logistic_A_vs_B"", ""formal_policy_equal"": true, ""n_per_group"": 200000, ""subsidy"": 0.6}",logistic_A_vs_B,0.6,True,200000,theoretical_signed_tpr_gap,-0.052485788684769566,synthetic,ALL,not_applicable,not_applicable
EXP-03,SYNTHETIC EXPERIMENT,1734,full,664a150484ed2af3,2d4a553f782b84ee,"{""family_pair"": ""logistic_A_vs_B"", ""formal_policy_equal"": true, ""n_per_group"": 200000, ""subsidy"": 0.7}",logistic_A_vs_B,0.7,True,200000,theoretical_signed_tpr_gap,-0.04883909482707113,synthetic,ALL,not_applicable,not_applicable
EXP-03,SYNTHETIC EXPERIMENT,1734,full,664a150484ed2af3,18f7de4d27d375fd,"{""family_pair"": ""logistic_A_vs_B"", ""formal_policy_equal"": true, ""n_per_group"": 200000, ""subsidy"": 0.8}",logistic_A_vs_B,0.8,True,200000,theoretical_signed_tpr_gap,-0.04472689893795098,synthetic,ALL,not_applicable,not_applicable
EXP-03,SYNTHETIC EXPERIMENT,1734,full,664a150484ed2af3,224922c21ee56a16,"{""family_pair"": ""logistic_A_vs_B"", ""formal_policy_equal"": true, ""n_per_group"": 200000, ""subsidy"": 0.9}",logistic_A_vs_B,0.9,True,200000,theoretical_signed_tpr_gap,-0.040361868953255955,synthetic,ALL,not_applicable,not_applicable
EXP-03,SYNTHETIC EXPERIMENT,1734,full,664a150484ed2af3,83e869194360d0b0,"{""family_pair"": ""logistic_A_vs_B"", ""formal_policy_equal"": true, ""n_per_group"": 200000, ""subsidy"": 1.0}",logistic_A_vs_B,1.0,True,200000,theoretical_signed_tpr_gap,-0.035937239843490586,synthetic,ALL,not_applicable,not_applicable
EXP-03,SYNTHETIC EXPERIMENT,1734,full,664a150484ed2af3,b6ef94d4c8fb9136,"{""family_pair"": ""logistic_A_vs_B"", ""formal_policy_equal"": true, ""n_per_group"": 200000, ""subsidy"": 1.25}",logistic_A_vs_B,1.25,True,200000,theoretical_signed_tpr_gap,-0.025576162508427102,synthetic,ALL,not_applicable,not_applicable
EXP-03,SYNTHETIC EXPERIMENT,1734,full,664a150484ed2af3,178605d93be8e7ac,"{""family_pair"": ""logistic_A_vs_B"", ""formal_policy_equal"": true, ""n_per_group"": 200000, ""subsidy"": 1.5}",logistic_A_vs_B,1.5,True,200000,theoretical_signed_tpr_gap,-0.017226491722692257,synthetic,ALL,not_applicable,not_applicable
EXP-03,SYNTHETIC EXPERIMENT,1734,full,664a150484ed2af3,ac1324cdc88202bb,"{""family_pair"": ""logistic_A_vs_B"", ""formal_policy_equal"": true, ""n_per_group"": 200000, ""subsidy"": 1.75}",logistic_A_vs_B,1.75,True,200000,theoretical_signed_tpr_gap,-0.011171027824772903,synthetic,ALL,not_applicable,not_applicable
EXP-03,SYNTHETIC EXPERIMENT,1734,full,664a150484ed2af3,0f8bee11addd1cd2,"{""family_pair"": ""logistic_A_vs_B"", ""formal_policy_equal"": true, ""n_per_group"": 200000, ""subsidy"": 2.0}",logistic_A_vs_B,2.0,True,200000,theoretical_signed_tpr_gap,-0.0070655191717140225,synthetic,ALL,not_applicable,not_applicable
EXP-03,SYNTHETIC EXPERIMENT,1734,full,664a150484ed2af3,e15565211775e638,"{""family_pair"": ""pareto_A_vs_B"", ""formal_policy_equal"": true, ""n_per_group"": 200000, ""subsidy"": 0.0}",pareto_A_vs_B,0.0,True,200000,theoretical_signed_tpr_gap,0.0,synthetic,ALL,not_applicable,not_applicable
EXP-03,SYNTHETIC EXPERIMENT,1734,full,664a150484ed2af3,14c4fa8917b3b1a6,"{""family_pair"": ""pareto_A_vs_B"", ""formal_policy_equal"": true, ""n_per_group"": 200000, ""subsidy"": 0.1}",pareto_A_vs_B,0.1,True,200000,theoretical_signed_tpr_gap,0.0,synthetic,ALL,not_applicable,not_applicable
EXP-03,SYNTHETIC EXPERIMENT,1734,full,664a150484ed2af3,baca0f123f4f68f8,"{""family_pair"": ""pareto_A_vs_B"", ""formal_policy_equal"": true, ""n_per_group"": 200000, ""subsidy"": 0.2}",pareto_A_vs_B,0.2,True,200000,theoretical_signed_tpr_gap,0.0,synthetic,ALL,not_applicable,not_applicable
EXP-03,SYNTHETIC EXPERIMENT,1734,full,664a150484ed2af3,84c05c52a6fcc86a,"{""family_pair"": ""pareto_A_vs_B"", ""formal_policy_equal"": true, ""n_per_group"": 200000, ""subsidy"": 0.3}",pareto_A_vs_B,0.3,True,200000,theoretical_signed_tpr_gap,0.0,synthetic,ALL,not_applicable,not_applicable
EXP-03,SYNTHETIC EXPERIMENT,1734,full,664a150484ed2af3,edf772fa32bff4ac,"{""family_pair"": ""pareto_A_vs_B"", ""formal_policy_equal"": true, ""n_per_group"": 200000, ""subsidy"": 0.4}",pareto_A_vs_B,0.4,True,200000,theoretical_signed_tpr_gap,0.0,synthetic,ALL,not_applicable,not_applicable
EXP-03,SYNTHETIC EXPERIMENT,1734,full,664a150484ed2af3,6beb74afdc0b0ebb,"{""family_pair"": ""pareto_A_vs_B"", ""formal_policy_equal"": true, ""n_per_group"": 200000, ""subsidy"": 0.5}",pareto_A_vs_B,0.5,True,200000,theoretical_signed_tpr_gap,0.0,synthetic,ALL,not_applicable,not_applicable
EXP-03,SYNTHETIC EXPERIMENT,1734,full,664a150484ed2af3,2768d4652bbfd10c,"{""family_pair"": ""pareto_A_vs_B"", ""formal_policy_equal"": true, ""n_per_group"": 200000, ""subsidy"": 0.6}",pareto_A_vs_B,0.6,True,200000,theoretical_signed_tpr_gap,-0.02771264907356878,synthetic,ALL,not_applicable,not_applicable
EXP-03,SYNTHETIC EXPERIMENT,1734,full,664a150484ed2af3,6720a925d5fe19b4,"{""family_pair"": ""pareto_A_vs_B"", ""formal_policy_equal"": true, ""n_per_group"": 200000, ""subsidy"": 0.7}",pareto_A_vs_B,0.7,True,200000,theoretical_signed_tpr_gap,-0.043685296946166484,synthetic,ALL,not_applicable,not_applicable
EXP-03,SYNTHETIC EXPERIMENT,1734,full,664a150484ed2af3,c312a5d530ac706c,"{""family_pair"": ""pareto_A_vs_B"", ""formal_policy_equal"": true, ""n_per_group"": 200000, ""subsidy"": 0.8}",pareto_A_vs_B,0.8,True,200000,theoretical_signed_tpr_gap,-0.05267853101089262,synthetic,ALL,not_applicable,not_applicable
EXP-03,SYNTHETIC EXPERIMENT,1734,full,664a150484ed2af3,2b0d5215ce435e30,"{""family_pair"": ""pareto_A_vs_B"", ""formal_policy_equal"": true, ""n_per_group"": 200000, ""subsidy"": 0.9}",pareto_A_vs_B,0.9,True,200000,theoretical_signed_tpr_gap,-0.05742002967357659,synthetic,ALL,not_applicable,not_applicable
EXP-03,SYNTHETIC EXPERIMENT,1734,full,664a150484ed2af3,46e19ce62c8603c7,"{""family_pair"": ""pareto_A_vs_B"", ""formal_policy_equal"": true, ""n_per_group"": 200000, ""subsidy"": 1.0}",pareto_A_vs_B,1.0,True,200000,theoretical_signed_tpr_gap,-0.05952834183732507,synthetic,ALL,not_applicable,not_applicable
EXP-03,SYNTHETIC EXPERIMENT,1734,full,664a150484ed2af3,8d8ead1dbd0a19ff,"{""family_pair"": ""pareto_A_vs_B"", ""formal_policy_equal"": true, ""n_per_group"": 200000, ""subsidy"": 1.25}",pareto_A_vs_B,1.25,True,200000,theoretical_signed_tpr_gap,-0.05888891434608775,synthetic,ALL,not_applicable,not_applicable
EXP-03,SYNTHETIC EXPERIMENT,1734,full,664a150484ed2af3,d454106141e4205b,"{""family_pair"": ""pareto_A_vs_B"", ""formal_policy_equal"": true, ""n_per_group"": 200000, ""subsidy"": 1.5}",pareto_A_vs_B,1.5,True,200000,theoretical_signed_tpr_gap,-0.05485281374238571,synthetic,ALL,not_applicable,not_applicable
EXP-03,SYNTHETIC EXPERIMENT,1734,full,664a150484ed2af3,3b091711aeda72ba,"{""family_pair"": ""pareto_A_vs_B"", ""formal_policy_equal"": true, ""n_per_group"": 200000, ""subsidy"": 1.75}",pareto_A_vs_B,1.75,True,200000,theoretical_signed_tpr_gap,-0.05004115226337449,synthetic,ALL,not_applicable,not_applicable
EXP-03,SYNTHETIC EXPERIMENT,1734,full,664a150484ed2af3,e1438ef1c7c46db3,"{""family_pair"": ""pareto_A_vs_B"", ""formal_policy_equal"": true, ""n_per_group"": 200000, ""subsidy"": 2.0}",pareto_A_vs_B,2.0,True,200000,theoretical_signed_tpr_gap,-0.0453557310752329,synthetic,ALL,not_applicable,not_applicable
EXP-03,SYNTHETIC EXPERIMENT,1734,full,664a150484ed2af3,4338615956f6d866,"{""family_pair"": ""uniform_A_vs_B"", ""formal_policy_equal"": true, ""n_per_group"": 200000, ""subsidy"": 0.0}",uniform_A_vs_B,0.0,True,200000,empirical_signed_tpr_gap,-0.05931,synthetic,ALL,not_applicable,not_applicable
EXP-03,SYNTHETIC EXPERIMENT,1734,full,664a150484ed2af3,c68fa5448714f757,"{""family_pair"": ""uniform_A_vs_B"", ""formal_policy_equal"": true, ""n_per_group"": 200000, ""subsidy"": 0.1}",uniform_A_vs_B,0.1,True,200000,empirical_signed_tpr_gap,-0.073155,synthetic,ALL,not_applicable,not_applicable
EXP-03,SYNTHETIC EXPERIMENT,1734,full,664a150484ed2af3,e26808a1db4f8f6e,"{""family_pair"": ""uniform_A_vs_B"", ""formal_policy_equal"": true, ""n_per_group"": 200000, ""subsidy"": 0.2}",uniform_A_vs_B,0.2,True,200000,empirical_signed_tpr_gap,-0.08183000000000001,synthetic,ALL,not_applicable,not_applicable
EXP-03,SYNTHETIC EXPERIMENT,1734,full,664a150484ed2af3,e4cce325fbc99016,"{""family_pair"": ""uniform_A_vs_B"", ""formal_policy_equal"": true, ""n_per_group"": 200000, ""subsidy"": 0.3}",uniform_A_vs_B,0.3,True,200000,empirical_signed_tpr_gap,-0.09613,synthetic,ALL,not_applicable,not_applicable
EXP-03,SYNTHETIC EXPERIMENT,1734,full,664a150484ed2af3,847cb4ae861f1800,"{""family_pair"": ""uniform_A_vs_B"", ""formal_policy_equal"": true, ""n_per_group"": 200000, ""subsidy"": 0.4}",uniform_A_vs_B,0.4,True,200000,empirical_signed_tpr_gap,-0.10925500000000002,synthetic,ALL,not_applicable,not_applicable
EXP-03,SYNTHETIC EXPERIMENT,1734,full,664a150484ed2af3,5ff6f0304435b9b0,"{""family_pair"": ""uniform_A_vs_B"", ""formal_policy_equal"": true, ""n_per_group"": 200000, ""subsidy"": 0.5}",uniform_A_vs_B,0.5,True,200000,empirical_signed_tpr_gap,-0.11986,synthetic,ALL,not_applicable,not_applicable
EXP-03,SYNTHETIC EXPERIMENT,1734,full,664a150484ed2af3,aa550840ce409a36,"{""family_pair"": ""uniform_A_vs_B"", ""formal_policy_equal"": true, ""n_per_group"": 200000, ""subsidy"": 0.6}",uniform_A_vs_B,0.6,True,200000,empirical_signed_tpr_gap,-0.10918,synthetic,ALL,not_applicable,not_applicable
EXP-03,SYNTHETIC EXPERIMENT,1734,full,664a150484ed2af3,43bdd4beb9d65255,"{""family_pair"": ""uniform_A_vs_B"", ""formal_policy_equal"": true, ""n_per_group"": 200000, ""subsidy"": 0.7}",uniform_A_vs_B,0.7,True,200000,empirical_signed_tpr_gap,-0.09467999999999999,synthetic,ALL,not_applicable,not_applicable
EXP-03,SYNTHETIC EXPERIMENT,1734,full,664a150484ed2af3,8a79fbeab60bfcf3,"{""family_pair"": ""uniform_A_vs_B"", ""formal_policy_equal"": true, ""n_per_group"": 200000, ""subsidy"": 0.8}",uniform_A_vs_B,0.8,True,200000,empirical_signed_tpr_gap,-0.083865,synthetic,ALL,not_applicable,not_applicable
EXP-03,SYNTHETIC EXPERIMENT,1734,full,664a150484ed2af3,06c5dc32861055c3,"{""family_pair"": ""uniform_A_vs_B"", ""formal_policy_equal"": true, ""n_per_group"": 200000, ""subsidy"": 0.9}",uniform_A_vs_B,0.9,True,200000,empirical_signed_tpr_gap,-0.07102,synthetic,ALL,not_applicable,not_applicable
EXP-03,SYNTHETIC EXPERIMENT,1734,full,664a150484ed2af3,d1602228ad1c5976,"{""family_pair"": ""uniform_A_vs_B"", ""formal_policy_equal"": true, ""n_per_group"": 200000, ""subsidy"": 1.0}",uniform_A_vs_B,1.0,True,200000,empirical_signed_tpr_gap,-0.06004,synthetic,ALL,not_applicable,not_applicable
EXP-03,SYNTHETIC EXPERIMENT,1734,full,664a150484ed2af3,c6279785591b770c,"{""family_pair"": ""uniform_A_vs_B"", ""formal_policy_equal"": true, ""n_per_group"": 200000, ""subsidy"": 1.25}",uniform_A_vs_B,1.25,True,200000,empirical_signed_tpr_gap,-0.030600000000000002,synthetic,ALL,not_applicable,not_applicable
EXP-03,SYNTHETIC EXPERIMENT,1734,full,664a150484ed2af3,64b11792c16678de,"{""family_pair"": ""uniform_A_vs_B"", ""formal_policy_equal"": true, ""n_per_group"": 200000, ""subsidy"": 1.5}",uniform_A_vs_B,1.5,True,200000,empirical_signed_tpr_gap,0.00046500000000000014,synthetic,ALL,not_applicable,not_applicable
EXP-03,SYNTHETIC EXPERIMENT,1734,full,664a150484ed2af3,00e12b52dcc2fc30,"{""family_pair"": ""uniform_A_vs_B"", ""formal_policy_equal"": true, ""n_per_group"": 200000, ""subsidy"": 1.75}",uniform_A_vs_B,1.75,True,200000,empirical_signed_tpr_gap,0.001129999999999999,synthetic,ALL,not_applicable,not_applicable
EXP-03,SYNTHETIC EXPERIMENT,1734,full,664a150484ed2af3,4f951f13ca9cbe5d,"{""family_pair"": ""uniform_A_vs_B"", ""formal_policy_equal"": true, ""n_per_group"": 200000, ""subsidy"": 2.0}",uniform_A_vs_B,2.0,True,200000,empirical_signed_tpr_gap,0.0006250000000000006,synthetic,ALL,not_applicable,not_applicable
EXP-03,SYNTHETIC EXPERIMENT,1734,full,664a150484ed2af3,0a557b754e3f722f,"{""family_pair"": ""exponential_A_vs_B"", ""formal_policy_equal"": true, ""n_per_group"": 200000, ""subsidy"": 0.0}",exponential_A_vs_B,0.0,True,200000,empirical_signed_tpr_gap,-0.041685,synthetic,ALL,not_applicable,not_applicable
EXP-03,SYNTHETIC EXPERIMENT,1734,full,664a150484ed2af3,0ac3541f9947d8b2,"{""family_pair"": ""exponential_A_vs_B"", ""formal_policy_equal"": true, ""n_per_group"": 200000, ""subsidy"": 0.1}",exponential_A_vs_B,0.1,True,200000,empirical_signed_tpr_gap,-0.044539999999999996,synthetic,ALL,not_applicable,not_applicable
EXP-03,SYNTHETIC EXPERIMENT,1734,full,664a150484ed2af3,592295b88e9fa031,"{""family_pair"": ""exponential_A_vs_B"", ""formal_policy_equal"": true, ""n_per_group"": 200000, ""subsidy"": 0.2}",exponential_A_vs_B,0.2,True,200000,empirical_signed_tpr_gap,-0.04930999999999999,synthetic,ALL,not_applicable,not_applicable
EXP-03,SYNTHETIC EXPERIMENT,1734,full,664a150484ed2af3,ab5f557f4f9bdef7,"{""family_pair"": ""exponential_A_vs_B"", ""formal_policy_equal"": true, ""n_per_group"": 200000, ""subsidy"": 0.3}",exponential_A_vs_B,0.3,True,200000,empirical_signed_tpr_gap,-0.053320000000000006,synthetic,ALL,not_applicable,not_applicable
EXP-03,SYNTHETIC EXPERIMENT,1734,full,664a150484ed2af3,0b6afeb41c1f7f0a,"{""family_pair"": ""exponential_A_vs_B"", ""formal_policy_equal"": true, ""n_per_group"": 200000, ""subsidy"": 0.4}",exponential_A_vs_B,0.4,True,200000,empirical_signed_tpr_gap,-0.05698,synthetic,ALL,not_applicable,not_applicable
EXP-03,SYNTHETIC EXPERIMENT,1734,full,664a150484ed2af3,887cb7d4f64085c6,"{""family_pair"": ""exponential_A_vs_B"", ""formal_policy_equal"": true, ""n_per_group"": 200000, ""subsidy"": 0.5}",exponential_A_vs_B,0.5,True,200000,empirical_signed_tpr_gap,-0.05596999999999999,synthetic,ALL,not_applicable,not_applicable
EXP-03,SYNTHETIC EXPERIMENT,1734,full,664a150484ed2af3,cb3673825243bba1,"{""family_pair"": ""exponential_A_vs_B"", ""formal_policy_equal"": true, ""n_per_group"": 200000, ""subsidy"": 0.6}",exponential_A_vs_B,0.6,True,200000,empirical_signed_tpr_gap,-0.05696000000000001,synthetic,ALL,not_applicable,not_applicable
EXP-03,SYNTHETIC EXPERIMENT,1734,full,664a150484ed2af3,195df8dece541350,"{""family_pair"": ""exponential_A_vs_B"", ""formal_policy_equal"": true, ""n_per_group"": 200000, ""subsidy"": 0.7}",exponential_A_vs_B,0.7,True,200000,empirical_signed_tpr_gap,-0.059785000000000005,synthetic,ALL,not_applicable,not_applicable
EXP-03,SYNTHETIC EXPERIMENT,1734,full,664a150484ed2af3,70618ecb00cab6b5,"{""family_pair"": ""exponential_A_vs_B"", ""formal_policy_equal"": true, ""n_per_group"": 200000, ""subsidy"": 0.8}",exponential_A_vs_B,0.8,True,200000,empirical_signed_tpr_gap,-0.05867,synthetic,ALL,not_applicable,not_applicable
EXP-03,SYNTHETIC EXPERIMENT,1734,full,664a150484ed2af3,1b7a341471ac317f,"{""family_pair"": ""exponential_A_vs_B"", ""formal_policy_equal"": true, ""n_per_group"": 200000, ""subsidy"": 0.9}",exponential_A_vs_B,0.9,True,200000,empirical_signed_tpr_gap,-0.06105999999999999,synthetic,ALL,not_applicable,not_applicable
EXP-03,SYNTHETIC EXPERIMENT,1734,full,664a150484ed2af3,80ad9ba96da3aa6f,"{""family_pair"": ""exponential_A_vs_B"", ""formal_policy_equal"": true, ""n_per_group"": 200000, ""subsidy"": 1.0}",exponential_A_vs_B,1.0,True,200000,empirical_signed_tpr_gap,-0.05916499999999998,synthetic,ALL,not_applicable,not_applicable
EXP-03,SYNTHETIC EXPERIMENT,1734,full,664a150484ed2af3,ffaef5c2ab07acd8,"{""family_pair"": ""exponential_A_vs_B"", ""formal_policy_equal"": true, ""n_per_group"": 200000, ""subsidy"": 1.25}",exponential_A_vs_B,1.25,True,200000,empirical_signed_tpr_gap,-0.05753499999999999,synthetic,ALL,not_applicable,not_applicable
EXP-03,SYNTHETIC EXPERIMENT,1734,full,664a150484ed2af3,26ecb4ddd3649de0,"{""family_pair"": ""exponential_A_vs_B"", ""formal_policy_equal"": true, ""n_per_group"": 200000, ""subsidy"": 1.5}",exponential_A_vs_B,1.5,True,200000,empirical_signed_tpr_gap,-0.05624500000000002,synthetic,ALL,not_applicable,not_applicable
EXP-03,SYNTHETIC EXPERIMENT,1734,full,664a150484ed2af3,673569926a45a05a,"{""family_pair"": ""exponential_A_vs_B"", ""formal_policy_equal"": true, ""n_per_group"": 200000, ""subsidy"": 1.75}",exponential_A_vs_B,1.75,True,200000,empirical_signed_tpr_gap,-0.05324499999999999,synthetic,ALL,not_applicable,not_applicable
EXP-03,SYNTHETIC EXPERIMENT,1734,full,664a150484ed2af3,f0e6e0c672c2d0e5,"{""family_pair"": ""exponential_A_vs_B"", ""formal_policy_equal"": true, ""n_per_group"": 200000, ""subsidy"": 2.0}",exponential_A_vs_B,2.0,True,200000,empirical_signed_tpr_gap,-0.049339999999999995,synthetic,ALL,not_applicable,not_applicable
EXP-03,SYNTHETIC EXPERIMENT,1734,full,664a150484ed2af3,b276b578d51daa1c,"{""family_pair"": ""logistic_A_vs_B"", ""formal_policy_equal"": true, ""n_per_group"": 200000, ""subsidy"": 0.0}",logistic_A_vs_B,0.0,True,200000,empirical_signed_tpr_gap,-0.05476500000000001,synthetic,ALL,not_applicable,not_applicable
EXP-03,SYNTHETIC EXPERIMENT,1734,full,664a150484ed2af3,ffa52f5cb4396c03,"{""family_pair"": ""logistic_A_vs_B"", ""formal_policy_equal"": true, ""n_per_group"": 200000, ""subsidy"": 0.1}",logistic_A_vs_B,0.1,True,200000,empirical_signed_tpr_gap,-0.059045000000000014,synthetic,ALL,not_applicable,not_applicable
EXP-03,SYNTHETIC EXPERIMENT,1734,full,664a150484ed2af3,b2d4133387a20256,"{""family_pair"": ""logistic_A_vs_B"", ""formal_policy_equal"": true, ""n_per_group"": 200000, ""subsidy"": 0.2}",logistic_A_vs_B,0.2,True,200000,empirical_signed_tpr_gap,-0.05905000000000002,synthetic,ALL,not_applicable,not_applicable
EXP-03,SYNTHETIC EXPERIMENT,1734,full,664a150484ed2af3,9106292078060093,"{""family_pair"": ""logistic_A_vs_B"", ""formal_policy_equal"": true, ""n_per_group"": 200000, ""subsidy"": 0.3}",logistic_A_vs_B,0.3,True,200000,empirical_signed_tpr_gap,-0.05971499999999999,synthetic,ALL,not_applicable,not_applicable
EXP-03,SYNTHETIC EXPERIMENT,1734,full,664a150484ed2af3,fe4afdbba7764cd6,"{""family_pair"": ""logistic_A_vs_B"", ""formal_policy_equal"": true, ""n_per_group"": 200000, ""subsidy"": 0.4}",logistic_A_vs_B,0.4,True,200000,empirical_signed_tpr_gap,-0.06032499999999999,synthetic,ALL,not_applicable,not_applicable
EXP-03,SYNTHETIC EXPERIMENT,1734,full,664a150484ed2af3,19bceb8670eb268e,"{""family_pair"": ""logistic_A_vs_B"", ""formal_policy_equal"": true, ""n_per_group"": 200000, ""subsidy"": 0.5}",logistic_A_vs_B,0.5,True,200000,empirical_signed_tpr_gap,-0.055059999999999984,synthetic,ALL,not_applicable,not_applicable
EXP-03,SYNTHETIC EXPERIMENT,1734,full,664a150484ed2af3,1ebb499b884bfebb,"{""family_pair"": ""logistic_A_vs_B"", ""formal_policy_equal"": true, ""n_per_group"": 200000, ""subsidy"": 0.6}",logistic_A_vs_B,0.6,True,200000,empirical_signed_tpr_gap,-0.05133499999999999,synthetic,ALL,not_applicable,not_applicable
EXP-03,SYNTHETIC EXPERIMENT,1734,full,664a150484ed2af3,2d4a553f782b84ee,"{""family_pair"": ""logistic_A_vs_B"", ""formal_policy_equal"": true, ""n_per_group"": 200000, ""subsidy"": 0.7}",logistic_A_vs_B,0.7,True,200000,empirical_signed_tpr_gap,-0.048180000000000014,synthetic,ALL,not_applicable,not_applicable
EXP-03,SYNTHETIC EXPERIMENT,1734,full,664a150484ed2af3,18f7de4d27d375fd,"{""family_pair"": ""logistic_A_vs_B"", ""formal_policy_equal"": true, ""n_per_group"": 200000, ""subsidy"": 0.8}",logistic_A_vs_B,0.8,True,200000,empirical_signed_tpr_gap,-0.044759999999999994,synthetic,ALL,not_applicable,not_applicable
EXP-03,SYNTHETIC EXPERIMENT,1734,full,664a150484ed2af3,224922c21ee56a16,"{""family_pair"": ""logistic_A_vs_B"", ""formal_policy_equal"": true, ""n_per_group"": 200000, ""subsidy"": 0.9}",logistic_A_vs_B,0.9,True,200000,empirical_signed_tpr_gap,-0.04233999999999999,synthetic,ALL,not_applicable,not_applicable
EXP-03,SYNTHETIC EXPERIMENT,1734,full,664a150484ed2af3,83e869194360d0b0,"{""family_pair"": ""logistic_A_vs_B"", ""formal_policy_equal"": true, ""n_per_group"": 200000, ""subsidy"": 1.0}",logistic_A_vs_B,1.0,True,200000,empirical_signed_tpr_gap,-0.035675,synthetic,ALL,not_applicable,not_applicable
EXP-03,SYNTHETIC EXPERIMENT,1734,full,664a150484ed2af3,b6ef94d4c8fb9136,"{""family_pair"": ""logistic_A_vs_B"", ""formal_policy_equal"": true, ""n_per_group"": 200000, ""subsidy"": 1.25}",logistic_A_vs_B,1.25,True,200000,empirical_signed_tpr_gap,-0.022900000000000004,synthetic,ALL,not_applicable,not_applicable
EXP-03,SYNTHETIC EXPERIMENT,1734,full,664a150484ed2af3,178605d93be8e7ac,"{""family_pair"": ""logistic_A_vs_B"", ""formal_policy_equal"": true, ""n_per_group"": 200000, ""subsidy"": 1.5}",logistic_A_vs_B,1.5,True,200000,empirical_signed_tpr_gap,-0.01797499999999999,synthetic,ALL,not_applicable,not_applicable
EXP-03,SYNTHETIC EXPERIMENT,1734,full,664a150484ed2af3,ac1324cdc88202bb,"{""family_pair"": ""logistic_A_vs_B"", ""formal_policy_equal"": true, ""n_per_group"": 200000, ""subsidy"": 1.75}",logistic_A_vs_B,1.75,True,200000,empirical_signed_tpr_gap,-0.012255000000000002,synthetic,ALL,not_applicable,not_applicable
EXP-03,SYNTHETIC EXPERIMENT,1734,full,664a150484ed2af3,0f8bee11addd1cd2,"{""family_pair"": ""logistic_A_vs_B"", ""formal_policy_equal"": true, ""n_per_group"": 200000, ""subsidy"": 2.0}",logistic_A_vs_B,2.0,True,200000,empirical_signed_tpr_gap,-0.007100000000000009,synthetic,ALL,not_applicable,not_applicable
EXP-03,SYNTHETIC EXPERIMENT,1734,full,664a150484ed2af3,e15565211775e638,"{""family_pair"": ""pareto_A_vs_B"", ""formal_policy_equal"": true, ""n_per_group"": 200000, ""subsidy"": 0.0}",pareto_A_vs_B,0.0,True,200000,empirical_signed_tpr_gap,0.00030999999999997696,synthetic,ALL,not_applicable,not_applicable
EXP-03,SYNTHETIC EXPERIMENT,1734,full,664a150484ed2af3,14c4fa8917b3b1a6,"{""family_pair"": ""pareto_A_vs_B"", ""formal_policy_equal"": true, ""n_per_group"": 200000, ""subsidy"": 0.1}",pareto_A_vs_B,0.1,True,200000,empirical_signed_tpr_gap,-0.0012100000000000444,synthetic,ALL,not_applicable,not_applicable
EXP-03,SYNTHETIC EXPERIMENT,1734,full,664a150484ed2af3,baca0f123f4f68f8,"{""family_pair"": ""pareto_A_vs_B"", ""formal_policy_equal"": true, ""n_per_group"": 200000, ""subsidy"": 0.2}",pareto_A_vs_B,0.2,True,200000,empirical_signed_tpr_gap,-0.0013000000000000234,synthetic,ALL,not_applicable,not_applicable
EXP-03,SYNTHETIC EXPERIMENT,1734,full,664a150484ed2af3,84c05c52a6fcc86a,"{""family_pair"": ""pareto_A_vs_B"", ""formal_policy_equal"": true, ""n_per_group"": 200000, ""subsidy"": 0.3}",pareto_A_vs_B,0.3,True,200000,empirical_signed_tpr_gap,4.500000000001725e-05,synthetic,ALL,not_applicable,not_applicable
EXP-03,SYNTHETIC EXPERIMENT,1734,full,664a150484ed2af3,edf772fa32bff4ac,"{""family_pair"": ""pareto_A_vs_B"", ""formal_policy_equal"": true, ""n_per_group"": 200000, ""subsidy"": 0.4}",pareto_A_vs_B,0.4,True,200000,empirical_signed_tpr_gap,0.00014500000000000624,synthetic,ALL,not_applicable,not_applicable
EXP-03,SYNTHETIC EXPERIMENT,1734,full,664a150484ed2af3,6beb74afdc0b0ebb,"{""family_pair"": ""pareto_A_vs_B"", ""formal_policy_equal"": true, ""n_per_group"": 200000, ""subsidy"": 0.5}",pareto_A_vs_B,0.5,True,200000,empirical_signed_tpr_gap,0.0003450000000000397,synthetic,ALL,not_applicable,not_applicable
EXP-03,SYNTHETIC EXPERIMENT,1734,full,664a150484ed2af3,2768d4652bbfd10c,"{""family_pair"": ""pareto_A_vs_B"", ""formal_policy_equal"": true, ""n_per_group"": 200000, ""subsidy"": 0.6}",pareto_A_vs_B,0.6,True,200000,empirical_signed_tpr_gap,-0.02706,synthetic,ALL,not_applicable,not_applicable
EXP-03,SYNTHETIC EXPERIMENT,1734,full,664a150484ed2af3,6720a925d5fe19b4,"{""family_pair"": ""pareto_A_vs_B"", ""formal_policy_equal"": true, ""n_per_group"": 200000, ""subsidy"": 0.7}",pareto_A_vs_B,0.7,True,200000,empirical_signed_tpr_gap,-0.042435,synthetic,ALL,not_applicable,not_applicable
EXP-03,SYNTHETIC EXPERIMENT,1734,full,664a150484ed2af3,c312a5d530ac706c,"{""family_pair"": ""pareto_A_vs_B"", ""formal_policy_equal"": true, ""n_per_group"": 200000, ""subsidy"": 0.8}",pareto_A_vs_B,0.8,True,200000,empirical_signed_tpr_gap,-0.052104999999999985,synthetic,ALL,not_applicable,not_applicable
EXP-03,SYNTHETIC EXPERIMENT,1734,full,664a150484ed2af3,2b0d5215ce435e30,"{""family_pair"": ""pareto_A_vs_B"", ""formal_policy_equal"": true, ""n_per_group"": 200000, ""subsidy"": 0.9}",pareto_A_vs_B,0.9,True,200000,empirical_signed_tpr_gap,-0.05744000000000002,synthetic,ALL,not_applicable,not_applicable
EXP-03,SYNTHETIC EXPERIMENT,1734,full,664a150484ed2af3,46e19ce62c8603c7,"{""family_pair"": ""pareto_A_vs_B"", ""formal_policy_equal"": true, ""n_per_group"": 200000, ""subsidy"": 1.0}",pareto_A_vs_B,1.0,True,200000,empirical_signed_tpr_gap,-0.05903999999999998,synthetic,ALL,not_applicable,not_applicable
EXP-03,SYNTHETIC EXPERIMENT,1734,full,664a150484ed2af3,8d8ead1dbd0a19ff,"{""family_pair"": ""pareto_A_vs_B"", ""formal_policy_equal"": true, ""n_per_group"": 200000, ""subsidy"": 1.25}",pareto_A_vs_B,1.25,True,200000,empirical_signed_tpr_gap,-0.05712500000000001,synthetic,ALL,not_applicable,not_applicable
EXP-03,SYNTHETIC EXPERIMENT,1734,full,664a150484ed2af3,d454106141e4205b,"{""family_pair"": ""pareto_A_vs_B"", ""formal_policy_equal"": true, ""n_per_group"": 200000, ""subsidy"": 1.5}",pareto_A_vs_B,1.5,True,200000,empirical_signed_tpr_gap,-0.054455,synthetic,ALL,not_applicable,not_applicable
EXP-03,SYNTHETIC EXPERIMENT,1734,full,664a150484ed2af3,3b091711aeda72ba,"{""family_pair"": ""pareto_A_vs_B"", ""formal_policy_equal"": true, ""n_per_group"": 200000, ""subsidy"": 1.75}",pareto_A_vs_B,1.75,True,200000,empirical_signed_tpr_gap,-0.049845000000000014,synthetic,ALL,not_applicable,not_applicable
EXP-03,SYNTHETIC EXPERIMENT,1734,full,664a150484ed2af3,e1438ef1c7c46db3,"{""family_pair"": ""pareto_A_vs_B"", ""formal_policy_equal"": true, ""n_per_group"": 200000, ""subsidy"": 2.0}",pareto_A_vs_B,2.0,True,200000,empirical_signed_tpr_gap,-0.045515,synthetic,ALL,not_applicable,not_applicable
EXP-03,SYNTHETIC EXPERIMENT,1734,full,664a150484ed2af3,4338615956f6d866,"{""family_pair"": ""uniform_A_vs_B"", ""formal_policy_equal"": true, ""n_per_group"": 200000, ""subsidy"": 0.0}",uniform_A_vs_B,0.0,True,200000,absolute_error,0.00069000000000001,synthetic,ALL,not_applicable,not_applicable
EXP-03,SYNTHETIC EXPERIMENT,1734,full,664a150484ed2af3,c68fa5448714f757,"{""family_pair"": ""uniform_A_vs_B"", ""formal_policy_equal"": true, ""n_per_group"": 200000, ""subsidy"": 0.1}",uniform_A_vs_B,0.1,True,200000,absolute_error,0.0011549999999999894,synthetic,ALL,not_applicable,not_applicable
EXP-03,SYNTHETIC EXPERIMENT,1734,full,664a150484ed2af3,e26808a1db4f8f6e,"{""family_pair"": ""uniform_A_vs_B"", ""formal_policy_equal"": true, ""n_per_group"": 200000, ""subsidy"": 0.2}",uniform_A_vs_B,0.2,True,200000,absolute_error,0.0021699999999999914,synthetic,ALL,not_applicable,not_applicable
EXP-03,SYNTHETIC EXPERIMENT,1734,full,664a150484ed2af3,e4cce325fbc99016,"{""family_pair"": ""uniform_A_vs_B"", ""formal_policy_equal"": true, ""n_per_group"": 200000, ""subsidy"": 0.3}",uniform_A_vs_B,0.3,True,200000,absolute_error,0.00012999999999996348,synthetic,ALL,not_applicable,not_applicable
EXP-03,SYNTHETIC EXPERIMENT,1734,full,664a150484ed2af3,847cb4ae861f1800,"{""family_pair"": ""uniform_A_vs_B"", ""formal_policy_equal"": true, ""n_per_group"": 200000, ""subsidy"": 0.4}",uniform_A_vs_B,0.4,True,200000,absolute_error,0.0012549999999999922,synthetic,ALL,not_applicable,not_applicable
EXP-03,SYNTHETIC EXPERIMENT,1734,full,664a150484ed2af3,5ff6f0304435b9b0,"{""family_pair"": ""uniform_A_vs_B"", ""formal_policy_equal"": true, ""n_per_group"": 200000, ""subsidy"": 0.5}",uniform_A_vs_B,0.5,True,200000,absolute_error,0.000140000000000029,synthetic,ALL,not_applicable,not_applicable
EXP-03,SYNTHETIC EXPERIMENT,1734,full,664a150484ed2af3,aa550840ce409a36,"{""family_pair"": ""uniform_A_vs_B"", ""formal_policy_equal"": true, ""n_per_group"": 200000, ""subsidy"": 0.6}",uniform_A_vs_B,0.6,True,200000,absolute_error,0.0011799999999999866,synthetic,ALL,not_applicable,not_applicable
EXP-03,SYNTHETIC EXPERIMENT,1734,full,664a150484ed2af3,43bdd4beb9d65255,"{""family_pair"": ""uniform_A_vs_B"", ""formal_policy_equal"": true, ""n_per_group"": 200000, ""subsidy"": 0.7}",uniform_A_vs_B,0.7,True,200000,absolute_error,0.0013200000000000434,synthetic,ALL,not_applicable,not_applicable
EXP-03,SYNTHETIC EXPERIMENT,1734,full,664a150484ed2af3,8a79fbeab60bfcf3,"{""family_pair"": ""uniform_A_vs_B"", ""formal_policy_equal"": true, ""n_per_group"": 200000, ""subsidy"": 0.8}",uniform_A_vs_B,0.8,True,200000,absolute_error,0.0001350000000000101,synthetic,ALL,not_applicable,not_applicable
EXP-03,SYNTHETIC EXPERIMENT,1734,full,664a150484ed2af3,06c5dc32861055c3,"{""family_pair"": ""uniform_A_vs_B"", ""formal_policy_equal"": true, ""n_per_group"": 200000, ""subsidy"": 0.9}",uniform_A_vs_B,0.9,True,200000,absolute_error,0.0009800000000000225,synthetic,ALL,not_applicable,not_applicable
EXP-03,SYNTHETIC EXPERIMENT,1734,full,664a150484ed2af3,d1602228ad1c5976,"{""family_pair"": ""uniform_A_vs_B"", ""formal_policy_equal"": true, ""n_per_group"": 200000, ""subsidy"": 1.0}",uniform_A_vs_B,1.0,True,200000,absolute_error,3.999999999999143e-05,synthetic,ALL,not_applicable,not_applicable
EXP-03,SYNTHETIC EXPERIMENT,1734,full,664a150484ed2af3,c6279785591b770c,"{""family_pair"": ""uniform_A_vs_B"", ""formal_policy_equal"": true, ""n_per_group"": 200000, ""subsidy"": 1.25}",uniform_A_vs_B,1.25,True,200000,absolute_error,0.0005999999999999964,synthetic,ALL,not_applicable,not_applicable
EXP-03,SYNTHETIC EXPERIMENT,1734,full,664a150484ed2af3,64b11792c16678de,"{""family_pair"": ""uniform_A_vs_B"", ""formal_policy_equal"": true, ""n_per_group"": 200000, ""subsidy"": 1.5}",uniform_A_vs_B,1.5,True,200000,absolute_error,0.00046500000000000014,synthetic,ALL,not_applicable,not_applicable
EXP-03,SYNTHETIC EXPERIMENT,1734,full,664a150484ed2af3,00e12b52dcc2fc30,"{""family_pair"": ""uniform_A_vs_B"", ""formal_policy_equal"": true, ""n_per_group"": 200000, ""subsidy"": 1.75}",uniform_A_vs_B,1.75,True,200000,absolute_error,0.001129999999999999,synthetic,ALL,not_applicable,not_applicable
EXP-03,SYNTHETIC EXPERIMENT,1734,full,664a150484ed2af3,4f951f13ca9cbe5d,"{""family_pair"": ""uniform_A_vs_B"", ""formal_policy_equal"": true, ""n_per_group"": 200000, ""subsidy"": 2.0}",uniform_A_vs_B,2.0,True,200000,absolute_error,0.0006250000000000006,synthetic,ALL,not_applicable,not_applicable
EXP-03,SYNTHETIC EXPERIMENT,1734,full,664a150484ed2af3,0a557b754e3f722f,"{""family_pair"": ""exponential_A_vs_B"", ""formal_policy_equal"": true, ""n_per_group"": 200000, ""subsidy"": 0.0}",exponential_A_vs_B,0.0,True,200000,absolute_error,0.0003401703938948411,synthetic,ALL,not_applicable,not_applicable
EXP-03,SYNTHETIC EXPERIMENT,1734,full,664a150484ed2af3,0ac3541f9947d8b2,"{""family_pair"": ""exponential_A_vs_B"", ""formal_policy_equal"": true, ""n_per_group"": 200000, ""subsidy"": 0.1}",exponential_A_vs_B,0.1,True,200000,absolute_error,0.0015415803010459528,synthetic,ALL,not_applicable,not_applicable
EXP-03,SYNTHETIC EXPERIMENT,1734,full,664a150484ed2af3,592295b88e9fa031,"{""family_pair"": ""exponential_A_vs_B"", ""formal_policy_equal"": true, ""n_per_group"": 200000, ""subsidy"": 0.2}",exponential_A_vs_B,0.2,True,200000,absolute_error,0.0006346686225529585,synthetic,ALL,not_applicable,not_applicable
EXP-03,SYNTHETIC EXPERIMENT,1734,full,664a150484ed2af3,ab5f557f4f9bdef7,"{""family_pair"": ""exponential_A_vs_B"", ""formal_policy_equal"": true, ""n_per_group"": 200000, ""subsidy"": 0.3}",exponential_A_vs_B,0.3,True,200000,absolute_error,0.00028214033957974644,synthetic,ALL,not_applicable,not_applicable
EXP-03,SYNTHETIC EXPERIMENT,1734,full,664a150484ed2af3,0b6afeb41c1f7f0a,"{""family_pair"": ""exponential_A_vs_B"", ""formal_policy_equal"": true, ""n_per_group"": 200000, ""subsidy"": 0.4}",exponential_A_vs_B,0.4,True,200000,absolute_error,0.0015259619485181938,synthetic,ALL,not_applicable,not_applicable
EXP-03,SYNTHETIC EXPERIMENT,1734,full,664a150484ed2af3,887cb7d4f64085c6,"{""family_pair"": ""exponential_A_vs_B"", ""formal_policy_equal"": true, ""n_per_group"": 200000, ""subsidy"": 0.5}",exponential_A_vs_B,0.5,True,200000,absolute_error,0.0013062924498858791,synthetic,ALL,not_applicable,not_applicable
EXP-03,SYNTHETIC EXPERIMENT,1734,full,664a150484ed2af3,cb3673825243bba1,"{""family_pair"": ""exponential_A_vs_B"", ""formal_policy_equal"": true, ""n_per_group"": 200000, ""subsidy"": 0.6}",exponential_A_vs_B,0.6,True,200000,absolute_error,0.0016188944037777153,synthetic,ALL,not_applicable,not_applicable
EXP-03,SYNTHETIC EXPERIMENT,1734,full,664a150484ed2af3,195df8dece541350,"{""family_pair"": ""exponential_A_vs_B"", ""formal_policy_equal"": true, ""n_per_group"": 200000, ""subsidy"": 0.7}",exponential_A_vs_B,0.7,True,200000,absolute_error,0.0003568181963621436,synthetic,ALL,not_applicable,not_applicable
EXP-03,SYNTHETIC EXPERIMENT,1734,full,664a150484ed2af3,70618ecb00cab6b5,"{""family_pair"": ""exponential_A_vs_B"", ""formal_policy_equal"": true, ""n_per_group"": 200000, ""subsidy"": 0.8}",exponential_A_vs_B,0.8,True,200000,absolute_error,0.0012133560944808525,synthetic,ALL,not_applicable,not_applicable
EXP-03,SYNTHETIC EXPERIMENT,1734,full,664a150484ed2af3,1b7a341471ac317f,"{""family_pair"": ""exponential_A_vs_B"", ""formal_policy_equal"": true, ""n_per_group"": 200000, ""subsidy"": 0.9}",exponential_A_vs_B,0.9,True,200000,absolute_error,0.0010627984360472437,synthetic,ALL,not_applicable,not_applicable
EXP-03,SYNTHETIC EXPERIMENT,1734,full,664a150484ed2af3,80ad9ba96da3aa6f,"{""family_pair"": ""exponential_A_vs_B"", ""formal_policy_equal"": true, ""n_per_group"": 200000, ""subsidy"": 1.0}",exponential_A_vs_B,1.0,True,200000,absolute_error,0.0006517342222204028,synthetic,ALL,not_applicable,not_applicable
EXP-03,SYNTHETIC EXPERIMENT,1734,full,664a150484ed2af3,ffaef5c2ab07acd8,"{""family_pair"": ""exponential_A_vs_B"", ""formal_policy_equal"": true, ""n_per_group"": 200000, ""subsidy"": 1.25}",exponential_A_vs_B,1.25,True,200000,absolute_error,0.0008061382947352341,synthetic,ALL,not_applicable,not_applicable
EXP-03,SYNTHETIC EXPERIMENT,1734,full,664a150484ed2af3,26ecb4ddd3649de0,"{""family_pair"": ""exponential_A_vs_B"", ""formal_policy_equal"": true, ""n_per_group"": 200000, ""subsidy"": 1.5}",exponential_A_vs_B,1.5,True,200000,absolute_error,0.00043440209564089144,synthetic,ALL,not_applicable,not_applicable
EXP-03,SYNTHETIC EXPERIMENT,1734,full,664a150484ed2af3,673569926a45a05a,"{""family_pair"": ""exponential_A_vs_B"", ""formal_policy_equal"": true, ""n_per_group"": 200000, ""subsidy"": 1.75}",exponential_A_vs_B,1.75,True,200000,absolute_error,0.0006242217288434798,synthetic,ALL,not_applicable,not_applicable
EXP-03,SYNTHETIC EXPERIMENT,1734,full,664a150484ed2af3,f0e6e0c672c2d0e5,"{""family_pair"": ""exponential_A_vs_B"", ""formal_policy_equal"": true, ""n_per_group"": 200000, ""subsidy"": 2.0}",exponential_A_vs_B,2.0,True,200000,absolute_error,0.0002792484232900447,synthetic,ALL,not_applicable,not_applicable
EXP-03,SYNTHETIC EXPERIMENT,1734,full,664a150484ed2af3,b276b578d51daa1c,"{""family_pair"": ""logistic_A_vs_B"", ""formal_policy_equal"": true, ""n_per_group"": 200000, ""subsidy"": 0.0}",logistic_A_vs_B,0.0,True,200000,absolute_error,0.00068905887120118,synthetic,ALL,not_applicable,not_applicable
EXP-03,SYNTHETIC EXPERIMENT,1734,full,664a150484ed2af3,ffa52f5cb4396c03,"{""family_pair"": ""logistic_A_vs_B"", ""formal_policy_equal"": true, ""n_per_group"": 200000, ""subsidy"": 0.1}",logistic_A_vs_B,0.1,True,200000,absolute_error,0.001490965174378335,synthetic,ALL,not_applicable,not_applicable
EXP-03,SYNTHETIC EXPERIMENT,1734,full,664a150484ed2af3,b2d4133387a20256,"{""family_pair"": ""logistic_A_vs_B"", ""formal_policy_equal"": true, ""n_per_group"": 200000, ""subsidy"": 0.2}",logistic_A_vs_B,0.2,True,200000,absolute_error,0.0004074480788206214,synthetic,ALL,not_applicable,not_applicable
EXP-03,SYNTHETIC EXPERIMENT,1734,full,664a150484ed2af3,9106292078060093,"{""family_pair"": ""logistic_A_vs_B"", ""formal_policy_equal"": true, ""n_per_group"": 200000, ""subsidy"": 0.3}",logistic_A_vs_B,0.3,True,200000,absolute_error,0.0010724480788206064,synthetic,ALL,not_applicable,not_applicable
EXP-03,SYNTHETIC EXPERIMENT,1734,full,664a150484ed2af3,fe4afdbba7764cd6,"{""family_pair"": ""logistic_A_vs_B"", ""formal_policy_equal"": true, ""n_per_group"": 200000, ""subsidy"": 0.4}",logistic_A_vs_B,0.4,True,200000,absolute_error,0.0027709651743782968,synthetic,ALL,not_applicable,not_applicable
EXP-03,SYNTHETIC EXPERIMENT,1734,full,664a150484ed2af3,19bceb8670eb268e,"{""family_pair"": ""logistic_A_vs_B"", ""formal_policy_equal"": true, ""n_per_group"": 200000, ""subsidy"": 0.5}",logistic_A_vs_B,0.5,True,200000,absolute_error,0.00039405887120120414,synthetic,ALL,not_applicable,not_applicable
EXP-03,SYNTHETIC EXPERIMENT,1734,full,664a150484ed2af3,1ebb499b884bfebb,"{""family_pair"": ""logistic_A_vs_B"", ""formal_policy_equal"": true, ""n_per_group"": 200000, ""subsidy"": 0.6}",logistic_A_vs_B,0.6,True,200000,absolute_error,0.0011507886847695742,synthetic,ALL,not_applicable,not_applicable
EXP-03,SYNTHETIC EXPERIMENT,1734,full,664a150484ed2af3,2d4a553f782b84ee,"{""family_pair"": ""logistic_A_vs_B"", ""formal_policy_equal"": true, ""n_per_group"": 200000, ""subsidy"": 0.7}",logistic_A_vs_B,0.7,True,200000,absolute_error,0.0006590948270711189,synthetic,ALL,not_applicable,not_applicable
EXP-03,SYNTHETIC EXPERIMENT,1734,full,664a150484ed2af3,18f7de4d27d375fd,"{""family_pair"": ""logistic_A_vs_B"", ""formal_policy_equal"": true, ""n_per_group"": 200000, ""subsidy"": 0.8}",logistic_A_vs_B,0.8,True,200000,absolute_error,3.310106204901242e-05,synthetic,ALL,not_applicable,not_applicable
EXP-03,SYNTHETIC EXPERIMENT,1734,full,664a150484ed2af3,224922c21ee56a16,"{""family_pair"": ""logistic_A_vs_B"", ""formal_policy_equal"": true, ""n_per_group"": 200000, ""subsidy"": 0.9}",logistic_A_vs_B,0.9,True,200000,absolute_error,0.0019781310467440333,synthetic,ALL,not_applicable,not_applicable
EXP-03,SYNTHETIC EXPERIMENT,1734,full,664a150484ed2af3,83e869194360d0b0,"{""family_pair"": ""logistic_A_vs_B"", ""formal_policy_equal"": true, ""n_per_group"": 200000, ""subsidy"": 1.0}",logistic_A_vs_B,1.0,True,200000,absolute_error,0.0002622398434905873,synthetic,ALL,not_applicable,not_applicable
EXP-03,SYNTHETIC EXPERIMENT,1734,full,664a150484ed2af3,b6ef94d4c8fb9136,"{""family_pair"": ""logistic_A_vs_B"", ""formal_policy_equal"": true, ""n_per_group"": 200000, ""subsidy"": 1.25}",logistic_A_vs_B,1.25,True,200000,absolute_error,0.0026761625084270983,synthetic,ALL,not_applicable,not_applicable
EXP-03,SYNTHETIC EXPERIMENT,1734,full,664a150484ed2af3,178605d93be8e7ac,"{""family_pair"": ""logistic_A_vs_B"", ""formal_policy_equal"": true, ""n_per_group"": 200000, ""subsidy"": 1.5}",logistic_A_vs_B,1.5,True,200000,absolute_error,0.0007485082773077342,synthetic,ALL,not_applicable,not_applicable
EXP-03,SYNTHETIC EXPERIMENT,1734,full,664a150484ed2af3,ac1324cdc88202bb,"{""family_pair"": ""logistic_A_vs_B"", ""formal_policy_equal"": true, ""n_per_group"": 200000, ""subsidy"": 1.75}",logistic_A_vs_B,1.75,True,200000,absolute_error,0.0010839721752270992,synthetic,ALL,not_applicable,not_applicable
EXP-03,SYNTHETIC EXPERIMENT,1734,full,664a150484ed2af3,0f8bee11addd1cd2,"{""family_pair"": ""logistic_A_vs_B"", ""formal_policy_equal"": true, ""n_per_group"": 200000, ""subsidy"": 2.0}",logistic_A_vs_B,2.0,True,200000,absolute_error,3.44808282859866e-05,synthetic,ALL,not_applicable,not_applicable
EXP-03,SYNTHETIC EXPERIMENT,1734,full,664a150484ed2af3,e15565211775e638,"{""family_pair"": ""pareto_A_vs_B"", ""formal_policy_equal"": true, ""n_per_group"": 200000, ""subsidy"": 0.0}",pareto_A_vs_B,0.0,True,200000,absolute_error,0.00030999999999997696,synthetic,ALL,not_applicable,not_applicable
EXP-03,SYNTHETIC EXPERIMENT,1734,full,664a150484ed2af3,14c4fa8917b3b1a6,"{""family_pair"": ""pareto_A_vs_B"", ""formal_policy_equal"": true, ""n_per_group"": 200000, ""subsidy"": 0.1}",pareto_A_vs_B,0.1,True,200000,absolute_error,0.0012100000000000444,synthetic,ALL,not_applicable,not_applicable
EXP-03,SYNTHETIC EXPERIMENT,1734,full,664a150484ed2af3,baca0f123f4f68f8,"{""family_pair"": ""pareto_A_vs_B"", ""formal_policy_equal"": true, ""n_per_group"": 200000, ""subsidy"": 0.2}",pareto_A_vs_B,0.2,True,200000,absolute_error,0.0013000000000000234,synthetic,ALL,not_applicable,not_applicable
EXP-03,SYNTHETIC EXPERIMENT,1734,full,664a150484ed2af3,84c05c52a6fcc86a,"{""family_pair"": ""pareto_A_vs_B"", ""formal_policy_equal"": true, ""n_per_group"": 200000, ""subsidy"": 0.3}",pareto_A_vs_B,0.3,True,200000,absolute_error,4.500000000001725e-05,synthetic,ALL,not_applicable,not_applicable
EXP-03,SYNTHETIC EXPERIMENT,1734,full,664a150484ed2af3,edf772fa32bff4ac,"{""family_pair"": ""pareto_A_vs_B"", ""formal_policy_equal"": true, ""n_per_group"": 200000, ""subsidy"": 0.4}",pareto_A_vs_B,0.4,True,200000,absolute_error,0.00014500000000000624,synthetic,ALL,not_applicable,not_applicable
EXP-03,SYNTHETIC EXPERIMENT,1734,full,664a150484ed2af3,6beb74afdc0b0ebb,"{""family_pair"": ""pareto_A_vs_B"", ""formal_policy_equal"": true, ""n_per_group"": 200000, ""subsidy"": 0.5}",pareto_A_vs_B,0.5,True,200000,absolute_error,0.0003450000000000397,synthetic,ALL,not_applicable,not_applicable
EXP-03,SYNTHETIC EXPERIMENT,1734,full,664a150484ed2af3,2768d4652bbfd10c,"{""family_pair"": ""pareto_A_vs_B"", ""formal_policy_equal"": true, ""n_per_group"": 200000, ""subsidy"": 0.6}",pareto_A_vs_B,0.6,True,200000,absolute_error,0.0006526490735687777,synthetic,ALL,not_applicable,not_applicable
EXP-03,SYNTHETIC EXPERIMENT,1734,full,664a150484ed2af3,6720a925d5fe19b4,"{""family_pair"": ""pareto_A_vs_B"", ""formal_policy_equal"": true, ""n_per_group"": 200000, ""subsidy"": 0.7}",pareto_A_vs_B,0.7,True,200000,absolute_error,0.0012502969461664834,synthetic,ALL,not_applicable,not_applicable
EXP-03,SYNTHETIC EXPERIMENT,1734,full,664a150484ed2af3,c312a5d530ac706c,"{""family_pair"": ""pareto_A_vs_B"", ""formal_policy_equal"": true, ""n_per_group"": 200000, ""subsidy"": 0.8}",pareto_A_vs_B,0.8,True,200000,absolute_error,0.0005735310108926361,synthetic,ALL,not_applicable,not_applicable
EXP-03,SYNTHETIC EXPERIMENT,1734,full,664a150484ed2af3,2b0d5215ce435e30,"{""family_pair"": ""pareto_A_vs_B"", ""formal_policy_equal"": true, ""n_per_group"": 200000, ""subsidy"": 0.9}",pareto_A_vs_B,0.9,True,200000,absolute_error,1.997032642343105e-05,synthetic,ALL,not_applicable,not_applicable
EXP-03,SYNTHETIC EXPERIMENT,1734,full,664a150484ed2af3,46e19ce62c8603c7,"{""family_pair"": ""pareto_A_vs_B"", ""formal_policy_equal"": true, ""n_per_group"": 200000, ""subsidy"": 1.0}",pareto_A_vs_B,1.0,True,200000,absolute_error,0.0004883418373250875,synthetic,ALL,not_applicable,not_applicable
EXP-03,SYNTHETIC EXPERIMENT,1734,full,664a150484ed2af3,8d8ead1dbd0a19ff,"{""family_pair"": ""pareto_A_vs_B"", ""formal_policy_equal"": true, ""n_per_group"": 200000, ""subsidy"": 1.25}",pareto_A_vs_B,1.25,True,200000,absolute_error,0.0017639143460877402,synthetic,ALL,not_applicable,not_applicable
EXP-03,SYNTHETIC EXPERIMENT,1734,full,664a150484ed2af3,d454106141e4205b,"{""family_pair"": ""pareto_A_vs_B"", ""formal_policy_equal"": true, ""n_per_group"": 200000, ""subsidy"": 1.5}",pareto_A_vs_B,1.5,True,200000,absolute_error,0.0003978137423857053,synthetic,ALL,not_applicable,not_applicable
EXP-03,SYNTHETIC EXPERIMENT,1734,full,664a150484ed2af3,3b091711aeda72ba,"{""family_pair"": ""pareto_A_vs_B"", ""formal_policy_equal"": true, ""n_per_group"": 200000, ""subsidy"": 1.75}",pareto_A_vs_B,1.75,True,200000,absolute_error,0.00019615226337447306,synthetic,ALL,not_applicable,not_applicable
EXP-03,SYNTHETIC EXPERIMENT,1734,full,664a150484ed2af3,e1438ef1c7c46db3,"{""family_pair"": ""pareto_A_vs_B"", ""formal_policy_equal"": true, ""n_per_group"": 200000, ""subsidy"": 2.0}",pareto_A_vs_B,2.0,True,200000,absolute_error,0.0001592689247671003,synthetic,ALL,not_applicable,not_applicable
EXP-03,SYNTHETIC EXPERIMENT,1734,full,664a150484ed2af3,4338615956f6d866,"{""family_pair"": ""uniform_A_vs_B"", ""formal_policy_equal"": true, ""n_per_group"": 200000, ""subsidy"": 0.0}",uniform_A_vs_B,0.0,True,200000,institutional_cost,0.0,synthetic,ALL,not_applicable,not_applicable
EXP-03,SYNTHETIC EXPERIMENT,1734,full,664a150484ed2af3,c68fa5448714f757,"{""family_pair"": ""uniform_A_vs_B"", ""formal_policy_equal"": true, ""n_per_group"": 200000, ""subsidy"": 0.1}",uniform_A_vs_B,0.1,True,200000,institutional_cost,5413.0,synthetic,ALL,not_applicable,not_applicable
EXP-03,SYNTHETIC EXPERIMENT,1734,full,664a150484ed2af3,e26808a1db4f8f6e,"{""family_pair"": ""uniform_A_vs_B"", ""formal_policy_equal"": true, ""n_per_group"": 200000, ""subsidy"": 0.2}",uniform_A_vs_B,0.2,True,200000,institutional_cost,12516.400000000001,synthetic,ALL,not_applicable,not_applicable
EXP-03,SYNTHETIC EXPERIMENT,1734,full,664a150484ed2af3,e4cce325fbc99016,"{""family_pair"": ""uniform_A_vs_B"", ""formal_policy_equal"": true, ""n_per_group"": 200000, ""subsidy"": 0.3}",uniform_A_vs_B,0.3,True,200000,institutional_cost,21614.399999999998,synthetic,ALL,not_applicable,not_applicable
EXP-03,SYNTHETIC EXPERIMENT,1734,full,664a150484ed2af3,847cb4ae861f1800,"{""family_pair"": ""uniform_A_vs_B"", ""formal_policy_equal"": true, ""n_per_group"": 200000, ""subsidy"": 0.4}",uniform_A_vs_B,0.4,True,200000,institutional_cost,32505.2,synthetic,ALL,not_applicable,not_applicable
EXP-03,SYNTHETIC EXPERIMENT,1734,full,664a150484ed2af3,5ff6f0304435b9b0,"{""family_pair"": ""uniform_A_vs_B"", ""formal_policy_equal"": true, ""n_per_group"": 200000, ""subsidy"": 0.5}",uniform_A_vs_B,0.5,True,200000,institutional_cost,44992.5,synthetic,ALL,not_applicable,not_applicable
EXP-03,SYNTHETIC EXPERIMENT,1734,full,664a150484ed2af3,aa550840ce409a36,"{""family_pair"": ""uniform_A_vs_B"", ""formal_policy_equal"": true, ""n_per_group"": 200000, ""subsidy"": 0.6}",uniform_A_vs_B,0.6,True,200000,institutional_cost,55902.6,synthetic,ALL,not_applicable,not_applicable
EXP-03,SYNTHETIC EXPERIMENT,1734,full,664a150484ed2af3,43bdd4beb9d65255,"{""family_pair"": ""uniform_A_vs_B"", ""formal_policy_equal"": true, ""n_per_group"": 200000, ""subsidy"": 0.7}",uniform_A_vs_B,0.7,True,200000,institutional_cost,66980.9,synthetic,ALL,not_applicable,not_applicable
EXP-03,SYNTHETIC EXPERIMENT,1734,full,664a150484ed2af3,8a79fbeab60bfcf3,"{""family_pair"": ""uniform_A_vs_B"", ""formal_policy_equal"": true, ""n_per_group"": 200000, ""subsidy"": 0.8}",uniform_A_vs_B,0.8,True,200000,institutional_cost,79103.20000000001,synthetic,ALL,not_applicable,not_applicable
EXP-03,SYNTHETIC EXPERIMENT,1734,full,664a150484ed2af3,06c5dc32861055c3,"{""family_pair"": ""uniform_A_vs_B"", ""formal_policy_equal"": true, ""n_per_group"": 200000, ""subsidy"": 0.9}",uniform_A_vs_B,0.9,True,200000,institutional_cost,91844.1,synthetic,ALL,not_applicable,not_applicable
EXP-03,SYNTHETIC EXPERIMENT,1734,full,664a150484ed2af3,d1602228ad1c5976,"{""family_pair"": ""uniform_A_vs_B"", ""formal_policy_equal"": true, ""n_per_group"": 200000, ""subsidy"": 1.0}",uniform_A_vs_B,1.0,True,200000,institutional_cost,105434.0,synthetic,ALL,not_applicable,not_applicable
EXP-03,SYNTHETIC EXPERIMENT,1734,full,664a150484ed2af3,c6279785591b770c,"{""family_pair"": ""uniform_A_vs_B"", ""formal_policy_equal"": true, ""n_per_group"": 200000, ""subsidy"": 1.25}",uniform_A_vs_B,1.25,True,200000,institutional_cost,141305.0,synthetic,ALL,not_applicable,not_applicable
EXP-03,SYNTHETIC EXPERIMENT,1734,full,664a150484ed2af3,64b11792c16678de,"{""family_pair"": ""uniform_A_vs_B"", ""formal_policy_equal"": true, ""n_per_group"": 200000, ""subsidy"": 1.5}",uniform_A_vs_B,1.5,True,200000,institutional_cost,180135.0,synthetic,ALL,not_applicable,not_applicable
EXP-03,SYNTHETIC EXPERIMENT,1734,full,664a150484ed2af3,00e12b52dcc2fc30,"{""family_pair"": ""uniform_A_vs_B"", ""formal_policy_equal"": true, ""n_per_group"": 200000, ""subsidy"": 1.75}",uniform_A_vs_B,1.75,True,200000,institutional_cost,209867.0,synthetic,ALL,not_applicable,not_applicable
EXP-03,SYNTHETIC EXPERIMENT,1734,full,664a150484ed2af3,4f951f13ca9cbe5d,"{""family_pair"": ""uniform_A_vs_B"", ""formal_policy_equal"": true, ""n_per_group"": 200000, ""subsidy"": 2.0}",uniform_A_vs_B,2.0,True,200000,institutional_cost,239488.0,synthetic,ALL,not_applicable,not_applicable
EXP-03,SYNTHETIC EXPERIMENT,1734,full,664a150484ed2af3,0a557b754e3f722f,"{""family_pair"": ""exponential_A_vs_B"", ""formal_policy_equal"": true, ""n_per_group"": 200000, ""subsidy"": 0.0}",exponential_A_vs_B,0.0,True,200000,institutional_cost,0.0,synthetic,ALL,not_applicable,not_applicable
EXP-03,SYNTHETIC EXPERIMENT,1734,full,664a150484ed2af3,0ac3541f9947d8b2,"{""family_pair"": ""exponential_A_vs_B"", ""formal_policy_equal"": true, ""n_per_group"": 200000, ""subsidy"": 0.1}",exponential_A_vs_B,0.1,True,200000,institutional_cost,4241.900000000001,synthetic,ALL,not_applicable,not_applicable
EXP-03,SYNTHETIC EXPERIMENT,1734,full,664a150484ed2af3,592295b88e9fa031,"{""family_pair"": ""exponential_A_vs_B"", ""formal_policy_equal"": true, ""n_per_group"": 200000, ""subsidy"": 0.2}",exponential_A_vs_B,0.2,True,200000,institutional_cost,9608.0,synthetic,ALL,not_applicable,not_applicable
EXP-03,SYNTHETIC EXPERIMENT,1734,full,664a150484ed2af3,ab5f557f4f9bdef7,"{""family_pair"": ""exponential_A_vs_B"", ""formal_policy_equal"": true, ""n_per_group"": 200000, ""subsidy"": 0.3}",exponential_A_vs_B,0.3,True,200000,institutional_cost,15862.8,synthetic,ALL,not_applicable,not_applicable
EXP-03,SYNTHETIC EXPERIMENT,1734,full,664a150484ed2af3,0b6afeb41c1f7f0a,"{""family_pair"": ""exponential_A_vs_B"", ""formal_policy_equal"": true, ""n_per_group"": 200000, ""subsidy"": 0.4}",exponential_A_vs_B,0.4,True,200000,institutional_cost,23076.0,synthetic,ALL,not_applicable,not_applicable
EXP-03,SYNTHETIC EXPERIMENT,1734,full,664a150484ed2af3,887cb7d4f64085c6,"{""family_pair"": ""exponential_A_vs_B"", ""formal_policy_equal"": true, ""n_per_group"": 200000, ""subsidy"": 0.5}",exponential_A_vs_B,0.5,True,200000,institutional_cost,30654.5,synthetic,ALL,not_applicable,not_applicable
EXP-03,SYNTHETIC EXPERIMENT,1734,full,664a150484ed2af3,cb3673825243bba1,"{""family_pair"": ""exponential_A_vs_B"", ""formal_policy_equal"": true, ""n_per_group"": 200000, ""subsidy"": 0.6}",exponential_A_vs_B,0.6,True,200000,institutional_cost,39156.0,synthetic,ALL,not_applicable,not_applicable
EXP-03,SYNTHETIC EXPERIMENT,1734,full,664a150484ed2af3,195df8dece541350,"{""family_pair"": ""exponential_A_vs_B"", ""formal_policy_equal"": true, ""n_per_group"": 200000, ""subsidy"": 0.7}",exponential_A_vs_B,0.7,True,200000,institutional_cost,48176.1,synthetic,ALL,not_applicable,not_applicable
EXP-03,SYNTHETIC EXPERIMENT,1734,full,664a150484ed2af3,70618ecb00cab6b5,"{""family_pair"": ""exponential_A_vs_B"", ""formal_policy_equal"": true, ""n_per_group"": 200000, ""subsidy"": 0.8}",exponential_A_vs_B,0.8,True,200000,institutional_cost,57684.0,synthetic,ALL,not_applicable,not_applicable
EXP-03,SYNTHETIC EXPERIMENT,1734,full,664a150484ed2af3,1b7a341471ac317f,"{""family_pair"": ""exponential_A_vs_B"", ""formal_policy_equal"": true, ""n_per_group"": 200000, ""subsidy"": 0.9}",exponential_A_vs_B,0.9,True,200000,institutional_cost,67983.3,synthetic,ALL,not_applicable,not_applicable
EXP-03,SYNTHETIC EXPERIMENT,1734,full,664a150484ed2af3,80ad9ba96da3aa6f,"{""family_pair"": ""exponential_A_vs_B"", ""formal_policy_equal"": true, ""n_per_group"": 200000, ""subsidy"": 1.0}",exponential_A_vs_B,1.0,True,200000,institutional_cost,78596.0,synthetic,ALL,not_applicable,not_applicable
EXP-03,SYNTHETIC EXPERIMENT,1734,full,664a150484ed2af3,ffaef5c2ab07acd8,"{""family_pair"": ""exponential_A_vs_B"", ""formal_policy_equal"": true, ""n_per_group"": 200000, ""subsidy"": 1.25}",exponential_A_vs_B,1.25,True,200000,institutional_cost,105857.5,synthetic,ALL,not_applicable,not_applicable
EXP-03,SYNTHETIC EXPERIMENT,1734,full,664a150484ed2af3,26ecb4ddd3649de0,"{""family_pair"": ""exponential_A_vs_B"", ""formal_policy_equal"": true, ""n_per_group"": 200000, ""subsidy"": 1.5}",exponential_A_vs_B,1.5,True,200000,institutional_cost,134314.5,synthetic,ALL,not_applicable,not_applicable
EXP-03,SYNTHETIC EXPERIMENT,1734,full,664a150484ed2af3,673569926a45a05a,"{""family_pair"": ""exponential_A_vs_B"", ""formal_policy_equal"": true, ""n_per_group"": 200000, ""subsidy"": 1.75}",exponential_A_vs_B,1.75,True,200000,institutional_cost,164430.0,synthetic,ALL,not_applicable,not_applicable
EXP-03,SYNTHETIC EXPERIMENT,1734,full,664a150484ed2af3,f0e6e0c672c2d0e5,"{""family_pair"": ""exponential_A_vs_B"", ""formal_policy_equal"": true, ""n_per_group"": 200000, ""subsidy"": 2.0}",exponential_A_vs_B,2.0,True,200000,institutional_cost,195128.0,synthetic,ALL,not_applicable,not_applicable
EXP-03,SYNTHETIC EXPERIMENT,1734,full,664a150484ed2af3,b276b578d51daa1c,"{""family_pair"": ""logistic_A_vs_B"", ""formal_policy_equal"": true, ""n_per_group"": 200000, ""subsidy"": 0.0}",logistic_A_vs_B,0.0,True,200000,institutional_cost,0.0,synthetic,ALL,not_applicable,not_applicable
EXP-03,SYNTHETIC EXPERIMENT,1734,full,664a150484ed2af3,ffa52f5cb4396c03,"{""family_pair"": ""logistic_A_vs_B"", ""formal_policy_equal"": true, ""n_per_group"": 200000, ""subsidy"": 0.1}",logistic_A_vs_B,0.1,True,200000,institutional_cost,5137.400000000001,synthetic,ALL,not_applicable,not_applicable
EXP-03,SYNTHETIC EXPERIMENT,1734,full,664a150484ed2af3,b2d4133387a20256,"{""family_pair"": ""logistic_A_vs_B"", ""formal_policy_equal"": true, ""n_per_group"": 200000, ""subsidy"": 0.2}",logistic_A_vs_B,0.2,True,200000,institutional_cost,11468.0,synthetic,ALL,not_applicable,not_applicable
EXP-03,SYNTHETIC EXPERIMENT,1734,full,664a150484ed2af3,9106292078060093,"{""family_pair"": ""logistic_A_vs_B"", ""formal_policy_equal"": true, ""n_per_group"": 200000, ""subsidy"": 0.3}",logistic_A_vs_B,0.3,True,200000,institutional_cost,18744.6,synthetic,ALL,not_applicable,not_applicable
EXP-03,SYNTHETIC EXPERIMENT,1734,full,664a150484ed2af3,fe4afdbba7764cd6,"{""family_pair"": ""logistic_A_vs_B"", ""formal_policy_equal"": true, ""n_per_group"": 200000, ""subsidy"": 0.4}",logistic_A_vs_B,0.4,True,200000,institutional_cost,27324.800000000003,synthetic,ALL,not_applicable,not_applicable
EXP-03,SYNTHETIC EXPERIMENT,1734,full,664a150484ed2af3,19bceb8670eb268e,"{""family_pair"": ""logistic_A_vs_B"", ""formal_policy_equal"": true, ""n_per_group"": 200000, ""subsidy"": 0.5}",logistic_A_vs_B,0.5,True,200000,institutional_cost,36724.5,synthetic,ALL,not_applicable,not_applicable
EXP-03,SYNTHETIC EXPERIMENT,1734,full,664a150484ed2af3,1ebb499b884bfebb,"{""family_pair"": ""logistic_A_vs_B"", ""formal_policy_equal"": true, ""n_per_group"": 200000, ""subsidy"": 0.6}",logistic_A_vs_B,0.6,True,200000,institutional_cost,47290.2,synthetic,ALL,not_applicable,not_applicable
EXP-03,SYNTHETIC EXPERIMENT,1734,full,664a150484ed2af3,2d4a553f782b84ee,"{""family_pair"": ""logistic_A_vs_B"", ""formal_policy_equal"": true, ""n_per_group"": 200000, ""subsidy"": 0.7}",logistic_A_vs_B,0.7,True,200000,institutional_cost,58848.99999999999,synthetic,ALL,not_applicable,not_applicable
EXP-03,SYNTHETIC EXPERIMENT,1734,full,664a150484ed2af3,18f7de4d27d375fd,"{""family_pair"": ""logistic_A_vs_B"", ""formal_policy_equal"": true, ""n_per_group"": 200000, ""subsidy"": 0.8}",logistic_A_vs_B,0.8,True,200000,institutional_cost,71007.2,synthetic,ALL,not_applicable,not_applicable
EXP-03,SYNTHETIC EXPERIMENT,1734,full,664a150484ed2af3,224922c21ee56a16,"{""family_pair"": ""logistic_A_vs_B"", ""formal_policy_equal"": true, ""n_per_group"": 200000, ""subsidy"": 0.9}",logistic_A_vs_B,0.9,True,200000,institutional_cost,83223.0,synthetic,ALL,not_applicable,not_applicable
EXP-03,SYNTHETIC EXPERIMENT,1734,full,664a150484ed2af3,83e869194360d0b0,"{""family_pair"": ""logistic_A_vs_B"", ""formal_policy_equal"": true, ""n_per_group"": 200000, ""subsidy"": 1.0}",logistic_A_vs_B,1.0,True,200000,institutional_cost,96940.0,synthetic,ALL,not_applicable,not_applicable
EXP-03,SYNTHETIC EXPERIMENT,1734,full,664a150484ed2af3,b6ef94d4c8fb9136,"{""family_pair"": ""logistic_A_vs_B"", ""formal_policy_equal"": true, ""n_per_group"": 200000, ""subsidy"": 1.25}",logistic_A_vs_B,1.25,True,200000,institutional_cost,130671.25,synthetic,ALL,not_applicable,not_applicable
EXP-03,SYNTHETIC EXPERIMENT,1734,full,664a150484ed2af3,178605d93be8e7ac,"{""family_pair"": ""logistic_A_vs_B"", ""formal_policy_equal"": true, ""n_per_group"": 200000, ""subsidy"": 1.5}",logistic_A_vs_B,1.5,True,200000,institutional_cost,165597.0,synthetic,ALL,not_applicable,not_applicable
EXP-03,SYNTHETIC EXPERIMENT,1734,full,664a150484ed2af3,ac1324cdc88202bb,"{""family_pair"": ""logistic_A_vs_B"", ""formal_policy_equal"": true, ""n_per_group"": 200000, ""subsidy"": 1.75}",logistic_A_vs_B,1.75,True,200000,institutional_cost,198227.75,synthetic,ALL,not_applicable,not_applicable
EXP-03,SYNTHETIC EXPERIMENT,1734,full,664a150484ed2af3,0f8bee11addd1cd2,"{""family_pair"": ""logistic_A_vs_B"", ""formal_policy_equal"": true, ""n_per_group"": 200000, ""subsidy"": 2.0}",logistic_A_vs_B,2.0,True,200000,institutional_cost,232314.0,synthetic,ALL,not_applicable,not_applicable
EXP-03,SYNTHETIC EXPERIMENT,1734,full,664a150484ed2af3,e15565211775e638,"{""family_pair"": ""pareto_A_vs_B"", ""formal_policy_equal"": true, ""n_per_group"": 200000, ""subsidy"": 0.0}",pareto_A_vs_B,0.0,True,200000,institutional_cost,0.0,synthetic,ALL,not_applicable,not_applicable
EXP-03,SYNTHETIC EXPERIMENT,1734,full,664a150484ed2af3,14c4fa8917b3b1a6,"{""family_pair"": ""pareto_A_vs_B"", ""formal_policy_equal"": true, ""n_per_group"": 200000, ""subsidy"": 0.1}",pareto_A_vs_B,0.1,True,200000,institutional_cost,0.0,synthetic,ALL,not_applicable,not_applicable
EXP-03,SYNTHETIC EXPERIMENT,1734,full,664a150484ed2af3,baca0f123f4f68f8,"{""family_pair"": ""pareto_A_vs_B"", ""formal_policy_equal"": true, ""n_per_group"": 200000, ""subsidy"": 0.2}",pareto_A_vs_B,0.2,True,200000,institutional_cost,0.0,synthetic,ALL,not_applicable,not_applicable
EXP-03,SYNTHETIC EXPERIMENT,1734,full,664a150484ed2af3,84c05c52a6fcc86a,"{""family_pair"": ""pareto_A_vs_B"", ""formal_policy_equal"": true, ""n_per_group"": 200000, ""subsidy"": 0.3}",pareto_A_vs_B,0.3,True,200000,institutional_cost,0.0,synthetic,ALL,not_applicable,not_applicable
EXP-03,SYNTHETIC EXPERIMENT,1734,full,664a150484ed2af3,edf772fa32bff4ac,"{""family_pair"": ""pareto_A_vs_B"", ""formal_policy_equal"": true, ""n_per_group"": 200000, ""subsidy"": 0.4}",pareto_A_vs_B,0.4,True,200000,institutional_cost,0.0,synthetic,ALL,not_applicable,not_applicable
EXP-03,SYNTHETIC EXPERIMENT,1734,full,664a150484ed2af3,6beb74afdc0b0ebb,"{""family_pair"": ""pareto_A_vs_B"", ""formal_policy_equal"": true, ""n_per_group"": 200000, ""subsidy"": 0.5}",pareto_A_vs_B,0.5,True,200000,institutional_cost,0.0,synthetic,ALL,not_applicable,not_applicable
EXP-03,SYNTHETIC EXPERIMENT,1734,full,664a150484ed2af3,2768d4652bbfd10c,"{""family_pair"": ""pareto_A_vs_B"", ""formal_policy_equal"": true, ""n_per_group"": 200000, ""subsidy"": 0.6}",pareto_A_vs_B,0.6,True,200000,institutional_cost,13823.4,synthetic,ALL,not_applicable,not_applicable
EXP-03,SYNTHETIC EXPERIMENT,1734,full,664a150484ed2af3,6720a925d5fe19b4,"{""family_pair"": ""pareto_A_vs_B"", ""formal_policy_equal"": true, ""n_per_group"": 200000, ""subsidy"": 0.7}",pareto_A_vs_B,0.7,True,200000,institutional_cost,27727.699999999997,synthetic,ALL,not_applicable,not_applicable
EXP-03,SYNTHETIC EXPERIMENT,1734,full,664a150484ed2af3,c312a5d530ac706c,"{""family_pair"": ""pareto_A_vs_B"", ""formal_policy_equal"": true, ""n_per_group"": 200000, ""subsidy"": 0.8}",pareto_A_vs_B,0.8,True,200000,institutional_cost,41677.600000000006,synthetic,ALL,not_applicable,not_applicable
EXP-03,SYNTHETIC EXPERIMENT,1734,full,664a150484ed2af3,2b0d5215ce435e30,"{""family_pair"": ""pareto_A_vs_B"", ""formal_policy_equal"": true, ""n_per_group"": 200000, ""subsidy"": 0.9}",pareto_A_vs_B,0.9,True,200000,institutional_cost,55814.4,synthetic,ALL,not_applicable,not_applicable
EXP-03,SYNTHETIC EXPERIMENT,1734,full,664a150484ed2af3,46e19ce62c8603c7,"{""family_pair"": ""pareto_A_vs_B"", ""formal_policy_equal"": true, ""n_per_group"": 200000, ""subsidy"": 1.0}",pareto_A_vs_B,1.0,True,200000,institutional_cost,69088.0,synthetic,ALL,not_applicable,not_applicable
EXP-03,SYNTHETIC EXPERIMENT,1734,full,664a150484ed2af3,8d8ead1dbd0a19ff,"{""family_pair"": ""pareto_A_vs_B"", ""formal_policy_equal"": true, ""n_per_group"": 200000, ""subsidy"": 1.25}",pareto_A_vs_B,1.25,True,200000,institutional_cost,103056.25,synthetic,ALL,not_applicable,not_applicable
EXP-03,SYNTHETIC EXPERIMENT,1734,full,664a150484ed2af3,d454106141e4205b,"{""family_pair"": ""pareto_A_vs_B"", ""formal_policy_equal"": true, ""n_per_group"": 200000, ""subsidy"": 1.5}",pareto_A_vs_B,1.5,True,200000,institutional_cost,137616.0,synthetic,ALL,not_applicable,not_applicable
EXP-03,SYNTHETIC EXPERIMENT,1734,full,664a150484ed2af3,3b091711aeda72ba,"{""family_pair"": ""pareto_A_vs_B"", ""formal_policy_equal"": true, ""n_per_group"": 200000, ""subsidy"": 1.75}",pareto_A_vs_B,1.75,True,200000,institutional_cost,170499.0,synthetic,ALL,not_applicable,not_applicable
EXP-03,SYNTHETIC EXPERIMENT,1734,full,664a150484ed2af3,e1438ef1c7c46db3,"{""family_pair"": ""pareto_A_vs_B"", ""formal_policy_equal"": true, ""n_per_group"": 200000, ""subsidy"": 2.0}",pareto_A_vs_B,2.0,True,200000,institutional_cost,201756.0,synthetic,ALL,not_applicable,not_applicable
